-1.086163282394409180e+00,-1.558859795331954956e-01,8.282508850097656250e-01,1.842821575701236725e-02,8.884727023541927338e-03,-6.817958354949951172e-01,7.312563657760620117e-01,-1.253862082958221436e-01,4.751338809728622437e-02,2.822862379252910614e-02,1.149798110127449036e-01,-3.992696478962898254e-02,-7.611137628555297852e-02,-1.346788108348846436e-01,-7.658923417329788208e-02,-2.213052660226821899e-01,1.955889165401458740e-01,-9.070760756731033325e-02,3.910765051841735840e-02,-3.100307658314704895e-02,1.645608246326446533e-01,1.336678117513656616e-01,-1.328266859054565430e-01,-4.296491742134094238e-01,-1.168589293956756592e-01,5.822118744254112244e-02,-1.712443679571151733e-01,1.407958269119262695e-01,-2.613378465175628662e-01,1.486987322568893433e-01,-7.413622457534074783e-03
-1.086128950119018555e+00,-1.558472216129302979e-01,8.282353281974792480e-01,1.825740747153759003e-02,8.697240613400936127e-03,-6.817190647125244141e-01,7.313345074653625488e-01,-1.250416189432144165e-01,4.743358492851257324e-02,2.811437472701072693e-02,1.152049973607063293e-01,-3.998434171080589294e-02,-7.601406425237655640e-02,-1.338761746883392334e-01,-7.653728872537612915e-02,-2.216303944587707520e-01,1.953259259462356567e-01,-9.060586988925933838e-02,3.912210091948509216e-02,-3.097932785749435425e-02,1.669570803642272949e-01,1.314976513385772705e-01,-1.332313269376754761e-01,-4.329797029495239258e-01,-1.169005930423736572e-01,6.003873795270919800e-02,-1.692385971546173096e-01,1.409904658794403076e-01,-2.643492221832275391e-01,1.492516398429870605e-01,-7.294710725545883179e-03
-1.086096525192260742e+00,-1.558179408311843872e-01,8.282305002212524414e-01,1.812020316720008850e-02,8.558178320527076721e-03,-6.816040873527526855e-01,7.314466834068298340e-01,-1.248364523053169250e-01,4.734266176819801331e-02,2.787087485194206238e-02,1.154642999172210693e-01,-4.006917774677276611e-02,-7.596822082996368408e-02,-1.333674639463424683e-01,-7.649651169776916504e-02,-2.219213098287582397e-01,1.952718049287796021e-01,-9.064081311225891113e-02,3.913061320781707764e-02,-3.102295473217964172e-02,1.684925705194473267e-01,1.311959624290466309e-01,-1.333280354738235474e-01,-4.351494610309600830e-01,-1.156337782740592957e-01,6.145427376031875610e-02,-1.689663678407669067e-01,1.407778859138488770e-01,-2.666733860969543457e-01,1.488809585571289062e-01,-7.259834557771682739e-03
-1.086072206497192383e+00,-1.558125764131546021e-01,8.282276988029479980e-01,1.800903119146823883e-02,8.455966599285602570e-03,-6.814737915992736816e-01,7.315720915794372559e-01,-1.247525885701179504e-01,4.728985950350761414e-02,2.760047651827335358e-02,1.157137602567672729e-01,-4.012383148074150085e-02,-7.594197243452072144e-02,-1.329647302627563477e-01,-7.647868990898132324e-02,-2.221636921167373657e-01,1.951806843280792236e-01,-9.061866998672485352e-02,3.910778835415840149e-02,-3.113084286451339722e-02,1.695517599582672119e-01,1.315425485372543335e-01,-1.336104273796081543e-01,-4.366091191768646240e-01,-1.139068603515625000e-01,6.272085011005401611e-02,-1.692355722188949585e-01,1.405794471502304077e-01,-2.684957981109619141e-01,1.481386423110961914e-01,-7.269698660820722580e-03
-1.086056232452392578e+00,-1.558078080415725708e-01,8.282235860824584961e-01,1.788382045924663544e-02,8.359124884009361267e-03,-6.813475489616394043e-01,7.316938042640686035e-01,-1.245597004890441895e-01,4.726320132613182068e-02,2.728934958577156067e-02,1.159281283617019653e-01,-4.027383401989936829e-02,-7.590553164482116699e-02,-1.324009299278259277e-01,-7.650271803140640259e-02,-2.226822078227996826e-01,1.950338780879974365e-01,-9.066244214773178101e-02,3.916127607226371765e-02,-3.106451220810413361e-02,1.702702194452285767e-01,1.321047693490982056e-01,-1.341502666473388672e-01,-4.377216100692749023e-01,-1.120944544672966003e-01,6.385267525911331177e-02,-1.696722358465194702e-01,1.404680758714675903e-01,-2.700765728950500488e-01,1.472225636243820190e-01,-7.335092872381210327e-03
-1.086032032966613770e+00,-1.558045595884323120e-01,8.282183408737182617e-01,1.767309196293354034e-02,8.212658576667308807e-03,-6.812106370925903320e-01,7.318280339241027832e-01,-1.242677494883537292e-01,4.730367287993431091e-02,2.691741101443767548e-02,1.162097528576850891e-01,-4.042083770036697388e-02,-7.585134357213973999e-02,-1.315377056598663330e-01,-7.651337981224060059e-02,-2.232185155153274536e-01,1.946907043457031250e-01,-9.058535099029541016e-02,3.923796489834785461e-02,-3.108993545174598694e-02,1.708057075738906860e-01,1.327846646308898926e-01,-1.348958015441894531e-01,-4.384988546371459961e-01,-1.103826910257339478e-01,6.493534892797470093e-02,-1.701902002096176147e-01,1.405404359102249146e-01,-2.714245617389678955e-01,1.462816447019577026e-01,-7.465930655598640442e-03
-1.086007952690124512e+00,-1.558028757572174072e-01,8.282153010368347168e-01,1.750193536281585693e-02,8.087324909865856171e-03,-6.810636520385742188e-01,7.319703698158264160e-01,-1.240214407444000244e-01,4.735445603728294373e-02,2.656934782862663269e-02,1.164725944399833679e-01,-4.056855663657188416e-02,-7.577517628669738770e-02,-1.306854933500289917e-01,-7.651060074567794800e-02,-2.237803339958190918e-01,1.942377090454101562e-01,-9.047295898199081421e-02,3.934981301426887512e-02,-3.118885122239589691e-02,1.711799651384353638e-01,1.335189342498779297e-01,-1.357695907354354858e-01,-4.391117095947265625e-01,-1.088118776679039001e-01,6.596312671899795532e-02,-1.707267314195632935e-01,1.407719999551773071e-01,-2.726462185382843018e-01,1.453139334917068481e-01,-7.678186520934104919e-03
-1.085983872413635254e+00,-1.558018177747726440e-01,8.282128572463989258e-01,1.730778627097606659e-02,7.961888797581195831e-03,-6.809123754501342773e-01,7.321170568466186523e-01,-1.237486451864242554e-01,4.745019227266311646e-02,2.622504159808158875e-02,1.166991442441940308e-01,-4.068619757890701294e-02,-7.567272335290908813e-02,-1.297787874937057495e-01,-7.649727910757064819e-02,-2.243187576532363892e-01,1.937095224857330322e-01,-9.030424058437347412e-02,3.946088254451751709e-02,-3.131997212767601013e-02,1.714832633733749390e-01,1.342686265707015991e-01,-1.367378830909729004e-01,-4.395296871662139893e-01,-1.073884889483451843e-01,6.690212339162826538e-02,-1.712166219949722290e-01,1.410392373800277710e-01,-2.738275825977325439e-01,1.442820727825164795e-01,-7.971204817295074463e-03
-1.085976362228393555e+00,-1.558022797107696533e-01,8.282119035720825195e-01,1.717347465455532074e-02,7.866241037845611572e-03,-6.807650923728942871e-01,7.322582006454467773e-01,-1.235414594411849976e-01,4.741383716464042664e-02,2.578758634626865387e-02,1.168257221579551697e-01,-4.074889421463012695e-02,-7.559084892272949219e-02,-1.290952563285827637e-01,-7.652074098587036133e-02,-2.249132692813873291e-01,1.933629512786865234e-01,-9.014574438333511353e-02,3.950934112071990967e-02,-3.136773779988288879e-02,1.717149615287780762e-01,1.350298970937728882e-01,-1.377329826354980469e-01,-4.398377537727355957e-01,-1.060878857970237732e-01,6.779193878173828125e-02,-1.716713905334472656e-01,1.413504630327224731e-01,-2.749189436435699463e-01,1.432572305202484131e-01,-8.304337039589881897e-03
-1.085968494415283203e+00,-1.558033823966979980e-01,8.282110691070556641e-01,1.707743294537067413e-02,7.775403093546628952e-03,-6.806086301803588867e-01,7.324068546295166016e-01,-1.234249547123908997e-01,4.738231375813484192e-02,2.541022002696990967e-02,1.169772818684577942e-01,-4.079658910632133484e-02,-7.555197179317474365e-02,-1.285784095525741577e-01,-7.655037194490432739e-02,-2.254175841808319092e-01,1.931109726428985596e-01,-9.008438885211944580e-02,3.954385221004486084e-02,-3.154344111680984497e-02,1.718783974647521973e-01,1.357772350311279297e-01,-1.387183815240859985e-01,-4.401093125343322754e-01,-1.048783212900161743e-01,6.861884146928787231e-02,-1.721175462007522583e-01,1.416776627302169800e-01,-2.759729623794555664e-01,1.422747969627380371e-01,-8.668415248394012451e-03
-1.085968494415283203e+00,-1.558030098676681519e-01,8.282077312469482422e-01,1.700163446366786957e-02,7.691822480410337448e-03,-6.804720163345336914e-01,7.325364351272583008e-01,-1.233045533299446106e-01,4.732349514961242676e-02,2.512704022228717804e-02,1.171030029654502869e-01,-4.085520654916763306e-02,-7.549657672643661499e-02,-1.280506998300552368e-01,-7.650299370288848877e-02,-2.259179353713989258e-01,1.929068565368652344e-01,-9.013603627681732178e-02,3.965341672301292419e-02,-3.169453144073486328e-02,1.719942986965179443e-01,1.365443468093872070e-01,-1.396699547767639160e-01,-4.403324425220489502e-01,-1.037657931447029114e-01,6.939239054918289185e-02,-1.725338399410247803e-01,1.420030146837234497e-01,-2.770068645477294922e-01,1.413417607545852661e-01,-9.065552614629268646e-03
-1.085968494415283203e+00,-1.558030098676681519e-01,8.282052278518676758e-01,1.690922677516937256e-02,7.611543871462345123e-03,-6.803405880928039551e-01,7.326614856719970703e-01,-1.231782287359237671e-01,4.729560390114784241e-02,2.483385615050792694e-02,1.172671541571617126e-01,-4.093230515718460083e-02,-7.544827461242675781e-02,-1.276284754276275635e-01,-7.648295164108276367e-02,-2.264046221971511841e-01,1.927413940429687500e-01,-9.017725288867950439e-02,3.973087668418884277e-02,-3.180741146206855774e-02,1.720530539751052856e-01,1.372908204793930054e-01,-1.405756175518035889e-01,-4.405787885189056396e-01,-1.027180776000022888e-01,7.011422514915466309e-02,-1.729169636964797974e-01,1.423157453536987305e-01,-2.780340909957885742e-01,1.404687315225601196e-01,-9.497763589024543762e-03
-1.085960745811462402e+00,-1.558028906583786011e-01,8.282033205032348633e-01,1.681077480316162109e-02,7.524481974542140961e-03,-6.802118420600891113e-01,7.327841520309448242e-01,-1.230323016643524170e-01,4.725221917033195496e-02,2.447463385760784149e-02,1.173763871192932129e-01,-4.101359471678733826e-02,-7.538802921772003174e-02,-1.271748840808868408e-01,-7.648202776908874512e-02,-2.267619073390960693e-01,1.926070004701614380e-01,-9.023215621709823608e-02,3.974603116512298584e-02,-3.197039663791656494e-02,1.720978021621704102e-01,1.380459219217300415e-01,-1.414310783147811890e-01,-4.407657384872436523e-01,-1.017416343092918396e-01,7.082094252109527588e-02,-1.732768416404724121e-01,1.426075994968414307e-01,-2.789659500122070312e-01,1.396774947643280029e-01,-9.925113059580326080e-03
-1.085960865020751953e+00,-1.558021605014801025e-01,8.281937241554260254e-01,1.672982424497604370e-02,7.453107275068759918e-03,-6.800664663314819336e-01,7.329216599464416504e-01,-1.229628771543502808e-01,4.723680019378662109e-02,2.409393340349197388e-02,1.175629943609237671e-01,-4.108636453747749329e-02,-7.532291859388351440e-02,-1.266916543245315552e-01,-7.650111615657806396e-02,-2.270877063274383545e-01,1.924846470355987549e-01,-9.028048813343048096e-02,3.972958028316497803e-02,-3.204439580440521240e-02,1.721033304929733276e-01,1.387954652309417725e-01,-1.422237604856491089e-01,-4.409638345241546631e-01,-1.008123308420181274e-01,7.145587354898452759e-02,-1.735871583223342896e-01,1.428517848253250122e-01,-2.799325287342071533e-01,1.389410793781280518e-01,-1.034065801650285721e-02
-1.085960865020751953e+00,-1.558012813329696655e-01,8.281905651092529297e-01,1.662401482462882996e-02,7.356978952884674072e-03,-6.799359917640686035e-01,7.330460548400878906e-01,-1.228737086057662964e-01,4.719442874193191528e-02,2.374464459717273712e-02,1.178078204393386841e-01,-4.118541628122329712e-02,-7.527232915163040161e-02,-1.262876838445663452e-01,-7.645390927791595459e-02,-2.273692786693572998e-01,1.924044042825698853e-01,-9.027986973524093628e-02,3.974344581365585327e-02,-3.219940885901451111e-02,1.720790117979049683e-01,1.395298093557357788e-01,-1.429692506790161133e-01,-4.411977827548980713e-01,-9.992185980081558228e-02,7.206012308597564697e-02,-1.738545298576354980e-01,1.430598199367523193e-01,-2.808504402637481689e-01,1.382786184549331665e-01,-1.074091531336307526e-02
-1.085953116416931152e+00,-1.558227688074111938e-01,8.281883597373962402e-01,1.654440537095069885e-02,7.297538686543703079e-03,-6.798267960548400879e-01,7.331497669219970703e-01,-1.227236017584800720e-01,4.718370735645294189e-02,2.346584759652614594e-02,1.179170832037925720e-01,-4.125679284334182739e-02,-7.522206008434295654e-02,-1.258373409509658813e-01,-7.648878544569015503e-02,-2.278156131505966187e-01,1.922859102487564087e-01,-9.036939591169357300e-02,3.977193310856819153e-02,-3.225078061223030090e-02,1.720285564661026001e-01,1.402420252561569214e-01,-1.436553597450256348e-01,-4.414570629596710205e-01,-9.905525296926498413e-02,7.260071486234664917e-02,-1.741279810667037964e-01,1.432181000709533691e-01,-2.817659974098205566e-01,1.377029567956924438e-01,-1.110517326742410660e-02
-1.085953474044799805e+00,-1.558478623628616333e-01,8.281862735748291016e-01,1.645642146468162537e-02,7.220224011689424515e-03,-6.796784996986389160e-01,7.332899570465087891e-01,-1.225937977433204651e-01,4.716885089874267578e-02,2.317314967513084412e-02,1.180482357740402222e-01,-4.132287576794624329e-02,-7.519405335187911987e-02,-1.253851354122161865e-01,-7.649177312850952148e-02,-2.281838655471801758e-01,1.921747326850891113e-01,-9.041532874107360840e-02,3.978189080953598022e-02,-3.237942233681678772e-02,1.719820350408554077e-01,1.409325301647186279e-01,-1.443240791559219360e-01,-4.417018592357635498e-01,-9.822738170623779297e-02,7.312258332967758179e-02,-1.743731498718261719e-01,1.433337181806564331e-01,-2.826010286808013916e-01,1.371977925300598145e-01,-1.143550965934991837e-02
-1.085953593254089355e+00,-1.558726876974105835e-01,8.281756043434143066e-01,1.635487005114555359e-02,7.129410281777381897e-03,-6.795583963394165039e-01,7.334043979644775391e-01,-1.224101111292839050e-01,4.719639569520950317e-02,2.288125827908515930e-02,1.181895211338996887e-01,-4.143048077821731567e-02,-7.517126947641372681e-02,-1.249180883169174194e-01,-7.651906460523605347e-02,-2.286223769187927246e-01,1.920707374811172485e-01,-9.045071154832839966e-02,3.982025384902954102e-02,-3.244708105921745300e-02,1.719449013471603394e-01,1.416100561618804932e-01,-1.449824869632720947e-01,-4.419195055961608887e-01,-9.744177758693695068e-02,7.362664490938186646e-02,-1.745832860469818115e-01,1.434428095817565918e-01,-2.833872735500335693e-01,1.367632150650024414e-01,-1.173619180917739868e-02
-1.085953950881958008e+00,-1.558966338634490967e-01,8.281724452972412109e-01,1.622956432402133942e-02,7.016224786639213562e-03,-6.794199943542480469e-01,7.335365414619445801e-01,-1.222016513347625732e-01,4.724689200520515442e-02,2.255243062973022461e-02,1.183902248740196228e-01,-4.155522212386131287e-02,-7.515394687652587891e-02,-1.243160665035247803e-01,-7.652614265680313110e-02,-2.289866060018539429e-01,1.919290721416473389e-01,-9.049246460199356079e-02,3.983461484313011169e-02,-3.255069255828857422e-02,1.719058156013488770e-01,1.422371864318847656e-01,-1.456131190061569214e-01,-4.421310424804687500e-01,-9.667050093412399292e-02,7.413667440414428711e-02,-1.747921109199523926e-01,1.435284912586212158e-01,-2.840545773506164551e-01,1.363711357116699219e-01,-1.201294828206300735e-02
-1.085954308509826660e+00,-1.559121012687683105e-01,8.281704783439636230e-01,1.613622717559337616e-02,6.949157919734716415e-03,-6.793329715728759766e-01,7.336198091506958008e-01,-1.220411211252212524e-01,4.725710302591323853e-02,2.229923196136951447e-02,1.185164004564285278e-01,-4.164161533117294312e-02,-7.512755692005157471e-02,-1.238208189606666565e-01,-7.652378082275390625e-02,-2.293597161769866943e-01,1.917341351509094238e-01,-9.053938090801239014e-02,3.987564146518707275e-02,-3.262678533792495728e-02,1.718713641166687012e-01,1.428369134664535522e-01,-1.461908370256423950e-01,-4.423024654388427734e-01,-9.592064470052719116e-02,7.461407780647277832e-02,-1.749715059995651245e-01,1.435842812061309814e-01,-2.846972942352294922e-01,1.359804123640060425e-01,-1.224370300769805908e-02
-1.085954546928405762e+00,-1.559411585330963135e-01,8.281612396240234375e-01,1.606328785419464111e-02,6.897317245602607727e-03,-6.792411804199218750e-01,7.337068915367126465e-01,-1.218391507863998413e-01,4.731122404336929321e-02,2.203658036887645721e-02,1.185663640499114990e-01,-4.174172878265380859e-02,-7.507828623056411743e-02,-1.233679503202438354e-01,-7.653812319040298462e-02,-2.297516912221908569e-01,1.915354728698730469e-01,-9.056248515844345093e-02,3.993142768740653992e-02,-3.262135386466979980e-02,1.718345433473587036e-01,1.433775871992111206e-01,-1.467330753803253174e-01,-4.424598217010498047e-01,-9.518995881080627441e-02,7.510488480329513550e-02,-1.751273423433303833e-01,1.436581313610076904e-01,-2.852363288402557373e-01,1.356212645769119263e-01,-1.243609655648469925e-02
-1.085954785346984863e+00,-1.559752225875854492e-01,8.281597495079040527e-01,1.596586965024471283e-02,6.822185125201940536e-03,-6.791585087776184082e-01,7.337862849235534668e-01,-1.216623038053512573e-01,4.736138880252838135e-02,2.182404138147830963e-02,1.186833903193473816e-01,-4.183706641197204590e-02,-7.505907863378524780e-02,-1.229214966297149658e-01,-7.654504477977752686e-02,-2.301121503114700317e-01,1.913729161024093628e-01,-9.056921303272247314e-02,3.997766971588134766e-02,-3.265846520662307739e-02,1.717957109212875366e-01,1.438704580068588257e-01,-1.472237706184387207e-01,-4.425878822803497314e-01,-9.447766095399856567e-02,7.557558268308639526e-02,-1.752642244100570679e-01,1.437330543994903564e-01,-2.857345938682556152e-01,1.352854967117309570e-01,-1.260081492364406586e-02
-1.085955142974853516e+00,-1.560203582048416138e-01,8.281579017639160156e-01,1.589047163724899292e-02,6.762790493667125702e-03,-6.790931820869445801e-01,7.338489294052124023e-01,-1.214701384305953979e-01,4.742258414626121521e-02,2.173208072781562805e-02,1.187705472111701965e-01,-4.195633158087730408e-02,-7.504013180732727051e-02,-1.224078387022018433e-01,-7.654619216918945312e-02,-2.304366528987884521e-01,1.911709010601043701e-01,-9.060969203710556030e-02,4.002522677183151245e-02,-3.275242820382118225e-02,1.717660576105117798e-01,1.443078666925430298e-01,-1.476798206567764282e-01,-4.426444768905639648e-01,-9.381597489118576050e-02,7.605824619531631470e-02,-1.753681153059005737e-01,1.438312679529190063e-01,-2.861391305923461914e-01,1.349754333496093750e-01,-1.274687703698873520e-02
-1.085955381393432617e+00,-1.560604572296142578e-01,8.281484842300415039e-01,1.582086831331253052e-02,6.711262278258800507e-03,-6.790744066238403320e-01,7.338682413101196289e-01,-1.213050633668899536e-01,4.744815826416015625e-02,2.154051698744297028e-02,1.188738867640495300e-01,-4.206007346510887146e-02,-7.503170520067214966e-02,-1.220049336552619934e-01,-7.651590555906295776e-02,-2.306521981954574585e-01,1.909646689891815186e-01,-9.059183299541473389e-02,4.006783291697502136e-02,-3.280392289161682129e-02,1.717418581247329712e-01,1.447014957666397095e-01,-1.481298506259918213e-01,-4.426661431789398193e-01,-9.321068972349166870e-02,7.651773840188980103e-02,-1.754526197910308838e-01,1.439311504364013672e-01,-2.865181267261505127e-01,1.346949040889739990e-01,-1.287609804421663284e-02
-1.085955619812011719e+00,-1.560966223478317261e-01,8.281478881835937500e-01,1.574642769992351532e-02,6.666573695838451385e-03,-6.790377497673034668e-01,7.339041829109191895e-01,-1.211325377225875854e-01,4.747676104307174683e-02,2.139828540384769440e-02,1.189675405621528625e-01,-4.216527938842773438e-02,-7.502305507659912109e-02,-1.218609735369682312e-01,-7.648456096649169922e-02,-2.308020591735839844e-01,1.907924711704254150e-01,-9.054421633481979370e-02,4.009441658854484558e-02,-3.290722519159317017e-02,1.717417687177658081e-01,1.450742632150650024e-01,-1.485660970211029053e-01,-4.426265060901641846e-01,-9.263906627893447876e-02,7.692976295948028564e-02,-1.755585521459579468e-01,1.440168470144271851e-01,-2.869183421134948730e-01,1.344353556632995605e-01,-1.299235131591558456e-02
-1.085955858230590820e+00,-1.561339050531387329e-01,8.281466960906982422e-01,1.571230590343475342e-02,6.645482964813709259e-03,-6.790269613265991211e-01,7.339150905609130859e-01,-1.210546344518661499e-01,4.750626534223556519e-02,2.131243422627449036e-02,1.190580427646636963e-01,-4.228392243385314941e-02,-7.502162456512451172e-02,-1.216121166944503784e-01,-7.647006958723068237e-02,-2.309306561946868896e-01,1.907875835895538330e-01,-9.055449813604354858e-02,4.010857641696929932e-02,-3.295194730162620544e-02,1.717569977045059204e-01,1.453675478696823120e-01,-1.489824354648590088e-01,-4.425647258758544922e-01,-9.206090867519378662e-02,7.729740440845489502e-02,-1.757042109966278076e-01,1.440985649824142456e-01,-2.873432636260986328e-01,1.342212110757827759e-01,-1.309635676443576813e-02
-1.085947871208190918e+00,-1.561922430992126465e-01,8.281448483467102051e-01,1.567330397665500641e-02,6.619782652705907822e-03,-6.790120005607604980e-01,7.339299917221069336e-01,-1.208745166659355164e-01,4.752699658274650574e-02,2.125095203518867493e-02,1.191083192825317383e-01,-4.242834448814392090e-02,-7.501272112131118774e-02,-1.214215755462646484e-01,-7.643556594848632812e-02,-2.309922426939010620e-01,1.907334625720977783e-01,-9.057211130857467651e-02,4.014046490192413330e-02,-3.302374854683876038e-02,1.718122214078903198e-01,1.456265300512313843e-01,-1.494168639183044434e-01,-4.424299299716949463e-01,-9.150379896163940430e-02,7.764450460672378540e-02,-1.758724451065063477e-01,1.442066133022308350e-01,-2.877630591392517090e-01,1.340509057044982910e-01,-1.318202912807464600e-02
-1.085947990417480469e+00,-1.562334895133972168e-01,8.281351327896118164e-01,1.564888283610343933e-02,6.599919870495796204e-03,-6.789700388908386230e-01,7.339695096015930176e-01,-1.207776367664337158e-01,4.754769429564476013e-02,2.133806981146335602e-02,1.191738694906234741e-01,-4.256258159875869751e-02,-7.502458989620208740e-02,-1.211560815572738647e-01,-7.639511674642562866e-02,-2.309392392635345459e-01,1.906362473964691162e-01,-9.065853804349899292e-02,4.016203433275222778e-02,-3.317866101861000061e-02,1.718819886445999146e-01,1.458932161331176758e-01,-1.498599052429199219e-01,-4.423037171363830566e-01,-9.095317870378494263e-02,7.800671458244323730e-02,-1.760160326957702637e-01,1.443357318639755249e-01,-2.881029248237609863e-01,1.339085996150970459e-01,-1.324901450425386429e-02
-1.085948109626770020e+00,-1.562846302986145020e-01,8.281335830688476562e-01,1.564151793718338013e-02,6.604881025850772858e-03,-6.790058612823486328e-01,7.339364290237426758e-01,-1.207404881715774536e-01,4.757622629404067993e-02,2.141644619405269623e-02,1.192753091454505920e-01,-4.268229007720947266e-02,-7.505570352077484131e-02,-1.209110468626022339e-01,-7.634136080741882324e-02,-2.309822887182235718e-01,1.905245035886764526e-01,-9.077800810337066650e-02,4.018804058432579041e-02,-3.315822035074234009e-02,1.719579100608825684e-01,1.461143046617507935e-01,-1.503110677003860474e-01,-4.422039091587066650e-01,-9.040202945470809937e-02,7.837755233049392700e-02,-1.761491745710372925e-01,1.444929242134094238e-01,-2.883884608745574951e-01,1.338156759738922119e-01,-1.329750847071409225e-02
-1.085948348045349121e+00,-1.563691645860671997e-01,8.281323313713073730e-01,1.566559448838233948e-02,6.639170926064252853e-03,-6.790102124214172363e-01,7.339316606521606445e-01,-1.206115409731864929e-01,4.763133451342582703e-02,2.149850502610206604e-02,1.193064525723457336e-01,-4.282533377408981323e-02,-7.506970316171646118e-02,-1.207307279109954834e-01,-7.624959200620651245e-02,-2.309267520904541016e-01,1.903568059206008911e-01,-9.088752418756484985e-02,4.024821519851684570e-02,-3.323851525783538818e-02,1.720346361398696899e-01,1.462844610214233398e-01,-1.507894545793533325e-01,-4.421609938144683838e-01,-8.986147493124008179e-02,7.874723523855209351e-02,-1.762902140617370605e-01,1.446561366319656372e-01,-2.886105477809906006e-01,1.337785571813583374e-01,-1.331018563359975815e-02
-1.085948705673217773e+00,-1.564531475305557251e-01,8.281242847442626953e-01,1.566326245665550232e-02,6.652817595750093460e-03,-6.791016459465026855e-01,7.338469624519348145e-01,-1.204991862177848816e-01,4.770113527774810791e-02,2.173584885895252228e-02,1.192652210593223572e-01,-4.295749589800834656e-02,-7.509485632181167603e-02,-1.207335367798805237e-01,-7.619919627904891968e-02,-2.309705615043640137e-01,1.903020292520523071e-01,-9.085504710674285889e-02,4.027406126260757446e-02,-3.332995995879173279e-02,1.721330136060714722e-01,1.463918089866638184e-01,-1.512760818004608154e-01,-4.421207010746002197e-01,-8.930170536041259766e-02,7.907843589782714844e-02,-1.764583736658096313e-01,1.448481082916259766e-01,-2.888567447662353516e-01,1.338189393281936646e-01,-1.330531761050224304e-02
-1.085973262786865234e+00,-1.565009057521820068e-01,8.281235098838806152e-01,1.566423848271369934e-02,6.670326460152864456e-03,-6.791078448295593262e-01,7.338410615921020508e-01,-1.204024106264114380e-01,4.773038253188133240e-02,2.178625948727130890e-02,1.191962510347366333e-01,-4.308050498366355896e-02,-7.513239234685897827e-02,-1.205481737852096558e-01,-7.614472508430480957e-02,-2.308934628963470459e-01,1.902189999818801880e-01,-9.097094088792800903e-02,4.028200730681419373e-02,-3.326308354735374451e-02,1.722486019134521484e-01,1.464577019214630127e-01,-1.517986357212066650e-01,-4.420960843563079834e-01,-8.876223862171173096e-02,7.939375191926956177e-02,-1.766840219497680664e-01,1.450706869363784790e-01,-2.890956103801727295e-01,1.339004933834075928e-01,-1.334601454436779022e-02
-1.085997700691223145e+00,-1.565854400396347046e-01,8.281224966049194336e-01,1.565803401172161102e-02,6.683547515422105789e-03,-6.791447401046752930e-01,7.338069081306457520e-01,-1.202648431062698364e-01,4.778106510639190674e-02,2.189547009766101837e-02,1.192011162638664246e-01,-4.315401613712310791e-02,-7.521442323923110962e-02,-1.204863563179969788e-01,-7.609111815690994263e-02,-2.308836877346038818e-01,1.901797205209732056e-01,-9.100990742444992065e-02,4.028308391571044922e-02,-3.326726332306861877e-02,1.723902076482772827e-01,1.464821100234985352e-01,-1.523094475269317627e-01,-4.420027732849121094e-01,-8.822608739137649536e-02,7.973584532737731934e-02,-1.768975555896759033e-01,1.453124433755874634e-01,-2.892622649669647217e-01,1.339681148529052734e-01,-1.335029210895299911e-02
-1.086022377014160156e+00,-1.566533297300338745e-01,8.281129002571105957e-01,1.566984131932258606e-02,6.709208246320486069e-03,-6.791912913322448730e-01,7.337633371353149414e-01,-1.201373040676116943e-01,4.785177484154701233e-02,2.208030596375465393e-02,1.191945374011993408e-01,-4.320641607046127319e-02,-7.532225549221038818e-02,-1.203159466385841370e-01,-7.607012987136840820e-02,-2.309311628341674805e-01,1.901565045118331909e-01,-9.113556891679763794e-02,4.026650264859199524e-02,-3.331498801708221436e-02,1.725385487079620361e-01,1.464893519878387451e-01,-1.528446376323699951e-01,-4.419172704219818115e-01,-8.773225545883178711e-02,8.003161847591400146e-02,-1.771361976861953735e-01,1.455176174640655518e-01,-2.894567847251892090e-01,1.340390294790267944e-01,-1.335206069052219391e-02
-1.086046695709228516e+00,-1.567340046167373657e-01,8.281135559082031250e-01,1.567038334906101227e-02,6.721356883645057678e-03,-6.792234182357788086e-01,7.337334752082824707e-01,-1.200416237115859985e-01,4.790930449962615967e-02,2.208551950752735138e-02,1.191040128469467163e-01,-4.324301704764366150e-02,-7.538218796253204346e-02,-1.202682703733444214e-01,-7.605586200952529907e-02,-2.309571951627731323e-01,1.900657564401626587e-01,-9.118273854255676270e-02,4.024255275726318359e-02,-3.337642550468444824e-02,1.727287918329238892e-01,1.465059071779251099e-01,-1.534067243337631226e-01,-4.417513012886047363e-01,-8.728853613138198853e-02,8.037374168634414673e-02,-1.773533821105957031e-01,1.457054466009140015e-01,-2.895176708698272705e-01,1.340996325016021729e-01,-1.334427017718553543e-02
-1.086071372032165527e+00,-1.568204611539840698e-01,8.281144499778747559e-01,1.566529646515846252e-02,6.736842449754476547e-03,-6.791810393333435059e-01,7.337726950645446777e-01,-1.199779137969017029e-01,4.798705503344535828e-02,2.215787023305892944e-02,1.190223768353462219e-01,-4.326618835330009460e-02,-7.546766847372055054e-02,-1.202220693230628967e-01,-7.605917751789093018e-02,-2.309534847736358643e-01,1.900188177824020386e-01,-9.124957770109176636e-02,4.019968584179878235e-02,-3.347444534301757812e-02,1.728554219007492065e-01,1.465006470680236816e-01,-1.539288163185119629e-01,-4.417188167572021484e-01,-8.685970306396484375e-02,8.065862953662872314e-02,-1.775845885276794434e-01,1.458487212657928467e-01,-2.896412014961242676e-01,1.341625303030014038e-01,-1.336856279522180557e-02
-1.086104035377502441e+00,-1.568824201822280884e-01,8.281148076057434082e-01,1.566815562546253204e-02,6.756632588803768158e-03,-6.791949868202209473e-01,7.337595224380493164e-01,-1.198710799217224121e-01,4.804377257823944092e-02,2.211770974099636078e-02,1.189348027110099792e-01,-4.329604655504226685e-02,-7.556258141994476318e-02,-1.202245801687240601e-01,-7.600849866867065430e-02,-2.309629470109939575e-01,1.899888664484024048e-01,-9.134505689144134521e-02,4.014227911829948425e-02,-3.356816992163658142e-02,1.729648560285568237e-01,1.464653313159942627e-01,-1.544628143310546875e-01,-4.417313635349273682e-01,-8.648800104856491089e-02,8.089932799339294434e-02,-1.778288036584854126e-01,1.459437310695648193e-01,-2.897891402244567871e-01,1.342063993215560913e-01,-1.347439922392368317e-02
-1.086136698722839355e+00,-1.569807380437850952e-01,8.281074762344360352e-01,1.569213345646858215e-02,6.783653516322374344e-03,-6.792144775390625000e-01,7.337407469749450684e-01,-1.197015568614006042e-01,4.814643785357475281e-02,2.219553850591182709e-02,1.187851876020431519e-01,-4.334279894828796387e-02,-7.561910152435302734e-02,-1.202187240123748779e-01,-7.594257593154907227e-02,-2.308576852083206177e-01,1.899699270725250244e-01,-9.144810587167739868e-02,4.006648808717727661e-02,-3.381825238466262817e-02,1.730395555496215820e-01,1.464148908853530884e-01,-1.549412161111831665e-01,-4.417652785778045654e-01,-8.615120500326156616e-02,8.112716674804687500e-02,-1.780601292848587036e-01,1.460191458463668823e-01,-2.899358868598937988e-01,1.342438906431198120e-01,-1.360904239118099213e-02
-1.086185455322265625e+00,-1.570493876934051514e-01,8.281075954437255859e-01,1.574380323290824890e-02,6.839782930910587311e-03,-6.792423129081726074e-01,7.337133288383483887e-01,-1.196941360831260681e-01,4.819085821509361267e-02,2.222312241792678833e-02,1.186291202902793884e-01,-4.333072900772094727e-02,-7.573234289884567261e-02,-1.202251389622688293e-01,-7.581222802400588989e-02,-2.307772189378738403e-01,1.899594813585281372e-01,-9.153222292661666870e-02,4.002017155289649963e-02,-3.389927372336387634e-02,1.731034815311431885e-01,1.463555395603179932e-01,-1.554130464792251587e-01,-4.418157935142517090e-01,-8.587447553873062134e-02,8.134870976209640503e-02,-1.782721281051635742e-01,1.460877060890197754e-01,-2.901091575622558594e-01,1.342557221651077271e-01,-1.379125472158193588e-02
-1.086233973503112793e+00,-1.571557074785232544e-01,8.281074762344360352e-01,1.579674147069454193e-02,6.884633563458919525e-03,-6.792804598808288574e-01,7.336764335632324219e-01,-1.195760369300842285e-01,4.831825196743011475e-02,2.239365503191947937e-02,1.184787899255752563e-01,-4.339208081364631653e-02,-7.583298534154891968e-02,-1.202360540628433228e-01,-7.565281540155410767e-02,-2.306158691644668579e-01,1.899281442165374756e-01,-9.165656566619873047e-02,3.998037055134773254e-02,-3.411438688635826111e-02,1.731491535902023315e-01,1.462983340024948120e-01,-1.558696776628494263e-01,-4.418681263923645020e-01,-8.565728366374969482e-02,8.156681805849075317e-02,-1.784592717885971069e-01,1.461588293313980103e-01,-2.902778089046478271e-01,1.342468112707138062e-01,-1.398083474487066269e-02
-1.086307168006896973e+00,-1.572728008031845093e-01,8.281080722808837891e-01,1.587128825485706329e-02,6.959345657378435135e-03,-6.793195605278015137e-01,7.336379289627075195e-01,-1.195599138736724854e-01,4.845463111996650696e-02,2.252526767551898956e-02,1.183231845498085022e-01,-4.343168810009956360e-02,-7.597824931144714355e-02,-1.202301979064941406e-01,-7.547657936811447144e-02,-2.305100262165069580e-01,1.899273842573165894e-01,-9.185957908630371094e-02,3.988397866487503052e-02,-3.422240540385246277e-02,1.731807440519332886e-01,1.462334692478179932e-01,-1.562870293855667114e-01,-4.419309198856353760e-01,-8.547762036323547363e-02,8.177510648965835571e-02,-1.786313056945800781e-01,1.462233364582061768e-01,-2.904594242572784424e-01,1.342096030712127686e-01,-1.417522784322500229e-02
-1.086404681205749512e+00,-1.573865860700607300e-01,8.280999064445495605e-01,1.591536216437816620e-02,7.016443647444248199e-03,-6.792973875999450684e-01,7.336569428443908691e-01,-1.194774731993675232e-01,4.858120530843734741e-02,2.252080291509628296e-02,1.181519925594329834e-01,-4.353698715567588806e-02,-7.618217170238494873e-02,-1.202606484293937683e-01,-7.530350983142852783e-02,-2.304976731538772583e-01,1.899259984493255615e-01,-9.199760109186172485e-02,3.976177796721458435e-02,-3.426500409841537476e-02,1.732016354799270630e-01,1.461598128080368042e-01,-1.566906720399856567e-01,-4.419650137424468994e-01,-8.537688106298446655e-02,8.200675249099731445e-02,-1.787791550159454346e-01,1.462799310684204102e-01,-2.905888855457305908e-01,1.341257095336914062e-01,-1.438451372087001801e-02
-1.086494565010070801e+00,-1.575028151273727417e-01,8.280999660491943359e-01,1.593312993645668030e-02,7.073273416608572006e-03,-6.793060898780822754e-01,7.336479425430297852e-01,-1.193798556923866272e-01,4.864576086401939392e-02,2.231784351170063019e-02,1.180137023329734802e-01,-4.359405860304832458e-02,-7.639463245868682861e-02,-1.202292442321777344e-01,-7.521511614322662354e-02,-2.304667532444000244e-01,1.899157166481018066e-01,-9.213566035032272339e-02,3.960828483104705811e-02,-3.422820940613746643e-02,1.732403635978698730e-01,1.460605859756469727e-01,-1.571563631296157837e-01,-4.420087635517120361e-01,-8.534881472587585449e-02,8.225248754024505615e-02,-1.789406538009643555e-01,1.463359147310256958e-01,-2.906848490238189697e-01,1.340163201093673706e-01,-1.460074167698621750e-02
-1.086599826812744141e+00,-1.576111912727355957e-01,8.281001448631286621e-01,1.601348817348480225e-02,7.113873492926359177e-03,-6.792888641357421875e-01,7.336617708206176758e-01,-1.193413808941841125e-01,4.885190725326538086e-02,2.231124974787235260e-02,1.178638190031051636e-01,-4.366524517536163330e-02,-7.657035440206527710e-02,-1.202601641416549683e-01,-7.495907694101333618e-02,-2.304426282644271851e-01,1.898462325334548950e-01,-9.233950078487396240e-02,3.954003378748893738e-02,-3.437904641032218933e-02,1.732745170593261719e-01,1.459514647722244263e-01,-1.576791256666183472e-01,-4.421432018280029297e-01,-8.535732328891754150e-02,8.250289410352706909e-02,-1.790696382522583008e-01,1.463483273983001709e-01,-2.906973361968994141e-01,1.338637620210647583e-01,-1.484061777591705322e-02
-1.086681723594665527e+00,-1.577503383159637451e-01,8.280919790267944336e-01,1.606019027531147003e-02,7.199276238679885864e-03,-6.793189644813537598e-01,7.336320281028747559e-01,-1.192879974842071533e-01,4.892729967832565308e-02,2.228345908224582672e-02,1.177593618631362915e-01,-4.375159367918968201e-02,-7.670100778341293335e-02,-1.201862245798110962e-01,-7.489845901727676392e-02,-2.303715944290161133e-01,1.897826343774795532e-01,-9.247916191816329956e-02,3.953478485345840454e-02,-3.449304029345512390e-02,1.733294278383255005e-01,1.458496749401092529e-01,-1.582158207893371582e-01,-4.422336518764495850e-01,-8.536314964294433594e-02,8.276194334030151367e-02,-1.791513115167617798e-01,1.463674604892730713e-01,-2.906802892684936523e-01,1.337222307920455933e-01,-1.504772529006004333e-02
-1.086795449256896973e+00,-1.578717380762100220e-01,8.280935883522033691e-01,1.612346433103084564e-02,7.266732864081859589e-03,-6.793029308319091797e-01,7.336448431015014648e-01,-1.192989423871040344e-01,4.909877851605415344e-02,2.205405011773109436e-02,1.176931262016296387e-01,-4.379254952073097229e-02,-7.681589573621749878e-02,-1.202223449945449829e-01,-7.479371875524520874e-02,-2.304395139217376709e-01,1.897248327732086182e-01,-9.259106218814849854e-02,3.946825861930847168e-02,-3.436785191297531128e-02,1.733752787113189697e-01,1.457191258668899536e-01,-1.587383151054382324e-01,-4.423559904098510742e-01,-8.536564558744430542e-02,8.304004371166229248e-02,-1.792393177747726440e-01,1.463742554187774658e-01,-2.906391024589538574e-01,1.335620731115341187e-01,-1.522251404821872711e-02
-1.086925268173217773e+00,-1.579779386520385742e-01,8.280919194221496582e-01,1.616310700774192810e-02,7.310140412300825119e-03,-6.792652606964111328e-01,7.336784601211547852e-01,-1.192370951175689697e-01,4.920918866991996765e-02,2.175000496208667755e-02,1.176555752754211426e-01,-4.385917633771896362e-02,-7.703423500061035156e-02,-1.201068013906478882e-01,-7.451952248811721802e-02,-2.303811013698577881e-01,1.897040158510208130e-01,-9.284698218107223511e-02,3.927129507064819336e-02,-3.447077423334121704e-02,1.734130084514617920e-01,1.456486284732818604e-01,-1.592790484428405762e-01,-4.424973726272583008e-01,-8.540696650743484497e-02,8.332391828298568726e-02,-1.793133765459060669e-01,1.463702917098999023e-01,-2.905989289283752441e-01,1.333781629800796509e-01,-1.538258697837591171e-02
-1.087039113044738770e+00,-1.581131070852279663e-01,8.280896544456481934e-01,1.617761142551898956e-02,7.328769192099571228e-03,-6.792154312133789062e-01,7.337240576744079590e-01,-1.192226260900497437e-01,4.939315468072891235e-02,2.146399766206741333e-02,1.178431138396263123e-01,-4.406537115573883057e-02,-7.720009982585906982e-02,-1.198286637663841248e-01,-7.431953400373458862e-02,-2.306116968393325806e-01,1.896507292985916138e-01,-9.314227849245071411e-02,3.913367912173271179e-02,-3.447140008211135864e-02,1.734505742788314819e-01,1.456035524606704712e-01,-1.598111540079116821e-01,-4.425816237926483154e-01,-8.545459806919097900e-02,8.365975320339202881e-02,-1.793281435966491699e-01,1.463562548160552979e-01,-2.904447019100189209e-01,1.331475377082824707e-01,-1.558552309870719910e-02
-1.087169051170349121e+00,-1.582513004541397095e-01,8.280792832374572754e-01,1.614901609718799591e-02,7.323537021875381470e-03,-6.791872978210449219e-01,7.337507605552673340e-01,-1.192154362797737122e-01,4.958641529083251953e-02,2.142503857612609863e-02,1.179797649383544922e-01,-4.424309730529785156e-02,-7.746711373329162598e-02,-1.197644472122192383e-01,-7.408803701400756836e-02,-2.308731228113174438e-01,1.896812468767166138e-01,-9.324058890342712402e-02,3.892164677381515503e-02,-3.471886739134788513e-02,1.734772324562072754e-01,1.456084400415420532e-01,-1.602531820535659790e-01,-4.426302611827850342e-01,-8.546207100152969360e-02,8.398100733757019043e-02,-1.792869418859481812e-01,1.463265717029571533e-01,-2.903742790222167969e-01,1.328842788934707642e-01,-1.577039994299411774e-02
-1.087299585342407227e+00,-1.583894044160842896e-01,8.280776143074035645e-01,1.614281907677650452e-02,7.342581171542406082e-03,-6.791498064994812012e-01,7.337853908538818359e-01,-1.191509664058685303e-01,4.977321252226829529e-02,2.125258371233940125e-02,1.180308833718299866e-01,-4.436917975544929504e-02,-7.764346897602081299e-02,-1.195159405469894409e-01,-7.380923628807067871e-02,-2.308504134416580200e-01,1.895570605993270874e-01,-9.342577308416366577e-02,3.875179961323738098e-02,-3.480801358819007874e-02,1.734836697578430176e-01,1.456215828657150269e-01,-1.606234461069107056e-01,-4.426126480102539062e-01,-8.545668423175811768e-02,8.430666476488113403e-02,-1.792455911636352539e-01,1.462921053171157837e-01,-2.902858853340148926e-01,1.326344013214111328e-01,-1.600222289562225342e-02
-1.087461709976196289e+00,-1.585432589054107666e-01,8.280767798423767090e-01,1.614788919687271118e-02,7.373687345534563065e-03,-6.792045831680297852e-01,7.337342500686645508e-01,-1.190367788076400757e-01,5.017630383372306824e-02,2.132705040276050568e-02,1.182372272014617920e-01,-4.459672793745994568e-02,-7.778412103652954102e-02,-1.192019432783126831e-01,-7.348966598510742188e-02,-2.308677434921264648e-01,1.893204748630523682e-01,-9.361065924167633057e-02,3.856934607028961182e-02,-3.499040752649307251e-02,1.734678000211715698e-01,1.456449627876281738e-01,-1.609235405921936035e-01,-4.425864815711975098e-01,-8.541729301214218140e-02,8.461751788854598999e-02,-1.791760027408599854e-01,1.462494432926177979e-01,-2.902268171310424805e-01,1.323952674865722656e-01,-1.619014702737331390e-02
-1.087640643119812012e+00,-1.587488800287246704e-01,8.280764818191528320e-01,1.618123985826969147e-02,7.461648434400558472e-03,-6.792017221450805664e-01,7.337353229522705078e-01,-1.189938932657241821e-01,5.054476857185363770e-02,2.141231857240200043e-02,1.183053180575370789e-01,-4.482426121830940247e-02,-7.804813235998153687e-02,-1.189530789852142334e-01,-7.307596504688262939e-02,-2.308898121118545532e-01,1.890172809362411499e-01,-9.378970414400100708e-02,3.834350779652595520e-02,-3.503390774130821228e-02,1.734339445829391479e-01,1.456955224275588989e-01,-1.611652374267578125e-01,-4.425289332866668701e-01,-8.536870032548904419e-02,8.493487536907196045e-02,-1.790532320737838745e-01,1.461992710828781128e-01,-2.901606261730194092e-01,1.321578323841094971e-01,-1.628846675157546997e-02
-1.087779641151428223e+00,-1.589217931032180786e-01,8.280697464942932129e-01,1.623730361461639404e-02,7.549794856458902359e-03,-6.792382001876831055e-01,7.336993813514709473e-01,-1.189384087920188904e-01,5.089581757783889771e-02,2.137892693281173706e-02,1.184067651629447937e-01,-4.503403604030609131e-02,-7.811525464057922363e-02,-1.187104135751724243e-01,-7.278160005807876587e-02,-2.309829890727996826e-01,1.887418776750564575e-01,-9.401061385869979858e-02,3.819643706083297729e-02,-3.497587516903877258e-02,1.734260767698287964e-01,1.457762420177459717e-01,-1.614415198564529419e-01,-4.424282908439636230e-01,-8.535239845514297485e-02,8.524850010871887207e-02,-1.789320707321166992e-01,1.461180150508880615e-01,-2.900675833225250244e-01,1.319011747837066650e-01,-1.634102687239646912e-02
-1.088006734848022461e+00,-1.591136902570724487e-01,8.280693292617797852e-01,1.625666208565235138e-02,7.639982737600803375e-03,-6.793134212493896484e-01,7.336283922195434570e-01,-1.189343258738517761e-01,5.132953822612762451e-02,2.158642001450061798e-02,1.184933930635452271e-01,-4.531015083193778992e-02,-7.842772454023361206e-02,-1.184900403022766113e-01,-7.227704674005508423e-02,-2.309452891349792480e-01,1.883768588304519653e-01,-9.411295503377914429e-02,3.790890425443649292e-02,-3.526876494288444519e-02,1.734261959791183472e-01,1.458687335252761841e-01,-1.617282778024673462e-01,-4.423560202121734619e-01,-8.528482913970947266e-02,8.548782765865325928e-02,-1.787787675857543945e-01,1.460318863391876221e-01,-2.900770008563995361e-01,1.316821128129959106e-01,-1.630169339478015900e-02
-1.088129520416259766e+00,-1.593196839094161987e-01,8.280699849128723145e-01,1.630605012178421021e-02,7.778055965900421143e-03,-6.793706417083740234e-01,7.335728406906127930e-01,-1.188684254884719849e-01,5.166686698794364929e-02,2.159495651721954346e-02,1.186578199267387390e-01,-4.563342034816741943e-02,-7.849359512329101562e-02,-1.182039901614189148e-01,-7.188537716865539551e-02,-2.309846729040145874e-01,1.879043579101562500e-01,-9.424715489149093628e-02,3.777154535055160522e-02,-3.519182652235031128e-02,1.734534502029418945e-01,1.460176557302474976e-01,-1.620423346757888794e-01,-4.422710239887237549e-01,-8.519274741411209106e-02,8.574646711349487305e-02,-1.785796433687210083e-01,1.459596306085586548e-01,-2.901161313056945801e-01,1.314739882946014404e-01,-1.619927398860454559e-02
-1.088308572769165039e+00,-1.594603955745697021e-01,8.280732035636901855e-01,1.632209308445453644e-02,7.840698584914207458e-03,-6.793906688690185547e-01,7.335532903671264648e-01,-1.189675852656364441e-01,5.208331719040870667e-02,2.150584384799003601e-02,1.187646910548210144e-01,-4.581642150878906250e-02,-7.855967432260513306e-02,-1.179893910884857178e-01,-7.149525731801986694e-02,-2.310200333595275879e-01,1.875412166118621826e-01,-9.427979588508605957e-02,3.753760829567909241e-02,-3.524104505777359009e-02,1.734378188848495483e-01,1.462060660123825073e-01,-1.623560935258865356e-01,-4.423060417175292969e-01,-8.507161587476730347e-02,8.603751659393310547e-02,-1.783761680126190186e-01,1.458925306797027588e-01,-2.901080548763275146e-01,1.312919259071350098e-01,-1.609495654702186584e-02
-1.088520050048828125e+00,-1.596989184617996216e-01,8.280656933784484863e-01,1.639428548514842987e-02,7.919089868664741516e-03,-6.794025301933288574e-01,7.335398793220520020e-01,-1.189792230725288391e-01,5.243669077754020691e-02,2.141050063073635101e-02,1.188460066914558411e-01,-4.603339359164237976e-02,-7.877666503190994263e-02,-1.177455559372901917e-01,-7.108073681592941284e-02,-2.310747057199478149e-01,1.873406618833541870e-01,-9.460355341434478760e-02,3.725019097328186035e-02,-3.530919179320335388e-02,1.734350919723510742e-01,1.464075446128845215e-01,-1.626628935337066650e-01,-4.423266053199768066e-01,-8.491843193769454956e-02,8.633310347795486450e-02,-1.781546175479888916e-01,1.458219140768051147e-01,-2.900827527046203613e-01,1.311608403921127319e-01,-1.598218083381652832e-02
-1.088650822639465332e+00,-1.598304957151412964e-01,8.280702829360961914e-01,1.647123135626316071e-02,7.996799424290657043e-03,-6.794896721839904785e-01,7.334565520286560059e-01,-1.190308034420013428e-01,5.266178026795387268e-02,2.120552770793437958e-02,1.188668012619018555e-01,-4.619079083204269409e-02,-7.875034958124160767e-02,-1.179876178503036499e-01,-7.081748545169830322e-02,-2.309077978134155273e-01,1.873585134744644165e-01,-9.471164643764495850e-02,3.700083494186401367e-02,-3.526309132575988770e-02,1.734334826469421387e-01,1.466156095266342163e-01,-1.629294604063034058e-01,-4.423224627971649170e-01,-8.473443239927291870e-02,8.660968393087387085e-02,-1.779440641403198242e-01,1.457729637622833252e-01,-2.900646328926086426e-01,1.311260312795639038e-01,-1.591336727142333984e-02
-1.088903188705444336e+00,-1.601325571537017822e-01,8.280698657035827637e-01,1.663665473461151123e-02,8.172623813152313232e-03,-6.794570684432983398e-01,7.334811091423034668e-01,-1.191182211041450500e-01,5.286067724227905273e-02,2.096966654062271118e-02,1.188048943877220154e-01,-4.631068557500839233e-02,-7.897901535034179688e-02,-1.179367452859878540e-01,-7.052783668041229248e-02,-2.308316081762313843e-01,1.872199475765228271e-01,-9.514632821083068848e-02,3.686206787824630737e-02,-3.528022021055221558e-02,1.733531504869461060e-01,1.468569189310073853e-01,-1.631797850131988525e-01,-4.424524605274200439e-01,-8.458445966243743896e-02,8.686291426420211792e-02,-1.777539402246475220e-01,1.457336246967315674e-01,-2.900790572166442871e-01,1.311470568180084229e-01,-1.585047133266925812e-02
-1.089122414588928223e+00,-1.603640019893646240e-01,8.280698657035827637e-01,1.669453084468841553e-02,8.264173753559589386e-03,-6.794479489326477051e-01,7.334871888160705566e-01,-1.191341802477836609e-01,5.313246324658393860e-02,2.085043676197528839e-02,1.188018172979354858e-01,-4.652060940861701965e-02,-7.916069775819778442e-02,-1.178404986858367920e-01,-7.013006508350372314e-02,-2.309081405401229858e-01,1.870502978563308716e-01,-9.536720067262649536e-02,3.658911585807800293e-02,-3.524052724242210388e-02,1.732506901025772095e-01,1.471148133277893066e-01,-1.633202433586120605e-01,-4.425005614757537842e-01,-8.444181829690933228e-02,8.716088533401489258e-02,-1.775266826152801514e-01,1.457381397485733032e-01,-2.899817824363708496e-01,1.312163174152374268e-01,-1.575351879000663757e-02
-1.089366436004638672e+00,-1.606106311082839966e-01,8.280614614486694336e-01,1.675684750080108643e-02,8.356291800737380981e-03,-6.794212460517883301e-01,7.335094213485717773e-01,-1.191059499979019165e-01,5.357028543949127197e-02,2.085988223552703857e-02,1.188459247350692749e-01,-4.674886539578437805e-02,-7.941202819347381592e-02,-1.175168305635452271e-01,-6.965748965740203857e-02,-2.308772802352905273e-01,1.867318898439407349e-01,-9.567213803529739380e-02,3.630408644676208496e-02,-3.535402938723564148e-02,1.731472462415695190e-01,1.473760306835174561e-01,-1.633904725313186646e-01,-4.424576163291931152e-01,-8.430550992488861084e-02,8.745790272951126099e-02,-1.772637069225311279e-01,1.457586139440536499e-01,-2.898768782615661621e-01,1.313240975141525269e-01,-1.564659923315048218e-02
-1.089602708816528320e+00,-1.608537882566452026e-01,8.280633091926574707e-01,1.682054251432418823e-02,8.482585661113262177e-03,-6.794738769531250000e-01,7.334578037261962891e-01,-1.191006600856781006e-01,5.398938059806823730e-02,2.080469764769077301e-02,1.188982427120208740e-01,-4.700048267841339111e-02,-7.957677543163299561e-02,-1.173021942377090454e-01,-6.914704293012619019e-02,-2.309430092573165894e-01,1.863499134778976440e-01,-9.587006270885467529e-02,3.600536286830902100e-02,-3.530292212963104248e-02,1.730844825506210327e-01,1.476423740386962891e-01,-1.634725034236907959e-01,-4.423319995403289795e-01,-8.420725911855697632e-02,8.775824308395385742e-02,-1.770021468400955200e-01,1.458036303520202637e-01,-2.897609472274780273e-01,1.314781010150909424e-01,-1.558466535061597824e-02
-1.089863419532775879e+00,-1.611411571502685547e-01,8.280618786811828613e-01,1.685873419046401978e-02,8.597310632467269897e-03,-6.795160174369812012e-01,7.334165573120117188e-01,-1.189615055918693542e-01,5.433999001979827881e-02,2.062854729592800140e-02,1.188224703073501587e-01,-4.715503007173538208e-02,-7.988886535167694092e-02,-1.168728321790695190e-01,-6.854954361915588379e-02,-2.309327870607376099e-01,1.858665645122528076e-01,-9.612484276294708252e-02,3.568983823060989380e-02,-3.526822850108146667e-02,1.730186492204666138e-01,1.478847712278366089e-01,-1.635797023773193359e-01,-4.422594606876373291e-01,-8.410362899303436279e-02,8.801158517599105835e-02,-1.767957955598831177e-01,1.458284407854080200e-01,-2.896845340728759766e-01,1.316717267036437988e-01,-1.562398485839366913e-02
-1.090124249458312988e+00,-1.614022552967071533e-01,8.280642032623291016e-01,1.692498661577701569e-02,8.717286400496959686e-03,-6.795132756233215332e-01,7.334161996841430664e-01,-1.190125048160552979e-01,5.484586209058761597e-02,2.053870633244514465e-02,1.189704313874244690e-01,-4.735643789172172546e-02,-8.007211983203887939e-02,-1.164955422282218933e-01,-6.802143901586532593e-02,-2.311496734619140625e-01,1.853654086589813232e-01,-9.635239839553833008e-02,3.538258001208305359e-02,-3.519137948751449585e-02,1.729567050933837891e-01,1.481578499078750610e-01,-1.636873185634613037e-01,-4.421499371528625488e-01,-8.400668948888778687e-02,8.823567628860473633e-02,-1.766113489866256714e-01,1.458610743284225464e-01,-2.896667718887329102e-01,1.318524479866027832e-01,-1.571546681225299835e-02
-1.090393066406250000e+00,-1.616396158933639526e-01,8.280578851699829102e-01,1.695691794157028198e-02,8.829381316900253296e-03,-6.795337796211242676e-01,7.333950996398925781e-01,-1.189962700009346008e-01,5.529842153191566467e-02,2.014740183949470520e-02,1.190485730767250061e-01,-4.753872007131576538e-02,-8.019181340932846069e-02,-1.160806044936180115e-01,-6.741292774677276611e-02,-2.312480360269546509e-01,1.848044842481613159e-01,-9.651126712560653687e-02,3.504450991749763489e-02,-3.520332649350166321e-02,1.729447096586227417e-01,1.484359353780746460e-01,-1.638703048229217529e-01,-4.420313537120819092e-01,-8.389513939619064331e-02,8.843815326690673828e-02,-1.763924062252044678e-01,1.458220481872558594e-01,-2.896325588226318359e-01,1.319808512926101685e-01,-1.587039604783058167e-02
-1.090589284896850586e+00,-1.618144810199737549e-01,8.280606865882873535e-01,1.697004772722721100e-02,8.935130201280117035e-03,-6.795268058776855469e-01,7.333999872207641602e-01,-1.191844865679740906e-01,5.577079951763153076e-02,1.985793560743331909e-02,1.194322779774665833e-01,-4.775719344615936279e-02,-8.013503253459930420e-02,-1.156037673354148865e-01,-6.692436337471008301e-02,-2.315312623977661133e-01,1.842240840196609497e-01,-9.663867205381393433e-02,3.482037782669067383e-02,-3.525010868906974792e-02,1.729931682348251343e-01,1.486491709947586060e-01,-1.641235947608947754e-01,-4.418587684631347656e-01,-8.373114466667175293e-02,8.859813213348388672e-02,-1.762882620096206665e-01,1.457855850458145142e-01,-2.896679937839508057e-01,1.321562379598617554e-01,-1.605027914047241211e-02
-1.090801000595092773e+00,-1.619616001844406128e-01,8.280603885650634766e-01,1.690392196178436279e-02,8.968191221356391907e-03,-6.795190572738647461e-01,7.334082722663879395e-01,-1.192389056086540222e-01,5.614018440246582031e-02,1.946703530848026276e-02,1.198571547865867615e-01,-4.797408357262611389e-02,-8.015187084674835205e-02,-1.151103600859642029e-01,-6.639813631772994995e-02,-2.317152619361877441e-01,1.836989372968673706e-01,-9.662889689207077026e-02,3.454222157597541809e-02,-3.523164242506027222e-02,1.730324923992156982e-01,1.488432884216308594e-01,-1.643435806035995483e-01,-4.416938126087188721e-01,-8.353451639413833618e-02,8.879669010639190674e-02,-1.761614680290222168e-01,1.457608044147491455e-01,-2.896248400211334229e-01,1.322899609804153442e-01,-1.620537228882312775e-02
-1.091061592102050781e+00,-1.622581481933593750e-01,8.280610442161560059e-01,1.696435548365116119e-02,9.076767601072788239e-03,-6.794476509094238281e-01,7.334716916084289551e-01,-1.193742901086807251e-01,5.653819814324378967e-02,1.907803490757942200e-02,1.201774701476097107e-01,-4.820999503135681152e-02,-8.032422512769699097e-02,-1.146712154150009155e-01,-6.589737534523010254e-02,-2.321250289678573608e-01,1.832139790058135986e-01,-9.687626361846923828e-02,3.424573317170143127e-02,-3.513523191213607788e-02,1.730039864778518677e-01,1.490376442670822144e-01,-1.645441651344299316e-01,-4.416352808475494385e-01,-8.338726311922073364e-02,8.907829225063323975e-02,-1.759741157293319702e-01,1.458065360784530640e-01,-2.894462943077087402e-01,1.323830336332321167e-01,-1.638228073716163635e-02
-1.091337680816650391e+00,-1.624466925859451294e-01,8.280630111694335938e-01,1.696573756635189056e-02,9.157467633485794067e-03,-6.794341802597045898e-01,7.334831357002258301e-01,-1.195423230528831482e-01,5.715331435203552246e-02,1.882632635533809662e-02,1.206101849675178528e-01,-4.840444028377532959e-02,-8.034958690404891968e-02,-1.141581088304519653e-01,-6.531383842229843140e-02,-2.324361950159072876e-01,1.825946271419525146e-01,-9.697936475276947021e-02,3.391697257757186890e-02,-3.540202602744102478e-02,1.729751825332641602e-01,1.492101848125457764e-01,-1.647509783506393433e-01,-4.415964484214782715e-01,-8.326617628335952759e-02,8.929242193698883057e-02,-1.757949143648147583e-01,1.458275020122528076e-01,-2.893419265747070312e-01,1.324792504310607910e-01,-1.649877056479454041e-02
-1.091534495353698730e+00,-1.627348065376281738e-01,8.280599117279052734e-01,1.711669377982616425e-02,9.355029091238975525e-03,-6.794430613517761230e-01,7.334688901901245117e-01,-1.198236793279647827e-01,5.744822695851325989e-02,1.848948933184146881e-02,1.207647919654846191e-01,-4.853416979312896729e-02,-8.036223798990249634e-02,-1.140334531664848328e-01,-6.490173190832138062e-02,-2.326499670743942261e-01,1.821381896734237671e-01,-9.721129387617111206e-02,3.369787335395812988e-02,-3.542741388082504272e-02,1.729544103145599365e-01,1.493782401084899902e-01,-1.650118678808212280e-01,-4.415959417819976807e-01,-8.318264037370681763e-02,8.947322517633438110e-02,-1.756508201360702515e-01,1.459173858165740967e-01,-2.893375754356384277e-01,1.326593905687332153e-01,-1.663999073207378387e-02
-1.091867804527282715e+00,-1.629706323146820068e-01,8.280600309371948242e-01,1.717380434274673462e-02,9.392963722348213196e-03,-6.792408227920532227e-01,7.336543798446655273e-01,-1.200887858867645264e-01,5.790343135595321655e-02,1.783186569809913635e-02,1.211878955364227295e-01,-4.866811260581016541e-02,-8.052287250757217407e-02,-1.136303097009658813e-01,-6.434409320354461670e-02,-2.331233918666839600e-01,1.819351464509963989e-01,-9.762825071811676025e-02,3.322194144129753113e-02,-3.519466519355773926e-02,1.729259788990020752e-01,1.495420485734939575e-01,-1.653457283973693848e-01,-4.416343271732330322e-01,-8.320004492998123169e-02,8.965310454368591309e-02,-1.755208373069763184e-01,1.459530144929885864e-01,-2.893303036689758301e-01,1.327820569276809692e-01,-1.684164814651012421e-02
-1.092193961143493652e+00,-1.632196903228759766e-01,8.280592560768127441e-01,1.720938086509704590e-02,9.461211040616035461e-03,-6.790641546249389648e-01,7.338162064552307129e-01,-1.202608793973922729e-01,5.826294794678688049e-02,1.722541265189647675e-02,1.215694621205329895e-01,-4.883987456560134888e-02,-8.056828379631042480e-02,-1.129994392395019531e-01,-6.381393224000930786e-02,-2.334121018648147583e-01,1.814875304698944092e-01,-9.803369641304016113e-02,3.290468826889991760e-02,-3.531759977340698242e-02,1.728751510381698608e-01,1.497162133455276489e-01,-1.657138019800186157e-01,-4.417460858821868896e-01,-8.327271044254302979e-02,8.985321968793869019e-02,-1.754700094461441040e-01,1.460341811180114746e-01,-2.893120944499969482e-01,1.329546570777893066e-01,-1.704484783113002777e-02
-1.092471241950988770e+00,-1.633865088224411011e-01,8.280618190765380859e-01,1.723656058311462402e-02,9.546795859932899475e-03,-6.789201498031616211e-01,7.339476943016052246e-01,-1.206524819135665894e-01,5.852909758687019348e-02,1.650615781545639038e-02,1.220269948244094849e-01,-4.872863367199897766e-02,-8.059810101985931396e-02,-1.127622202038764954e-01,-6.338624656200408936e-02,-2.336113005876541138e-01,1.810756772756576538e-01,-9.810023754835128784e-02,3.263736516237258911e-02,-3.530439361929893494e-02,1.728031039237976074e-01,1.498988270759582520e-01,-1.660753637552261353e-01,-4.419059753417968750e-01,-8.337144553661346436e-02,9.002368152141571045e-02,-1.754536330699920654e-01,1.461199820041656494e-01,-2.893367409706115723e-01,1.331475973129272461e-01,-1.719442941248416901e-02
-1.092852830886840820e+00,-1.636161804199218750e-01,8.280539512634277344e-01,1.724897883832454681e-02,9.542764164507389069e-03,-6.788175106048583984e-01,7.340423464775085449e-01,-1.208061277866363525e-01,5.905744805932044983e-02,1.602724939584732056e-02,1.225591748952865601e-01,-4.874876141548156738e-02,-8.072422444820404053e-02,-1.123763918876647949e-01,-6.288381665945053101e-02,-2.340794056653976440e-01,1.809638142585754395e-01,-9.849249571561813354e-02,3.208414837718009949e-02,-3.532779961824417114e-02,1.727287024259567261e-01,1.500796675682067871e-01,-1.663756668567657471e-01,-4.419991672039031982e-01,-8.346278965473175049e-02,9.016694128513336182e-02,-1.754698902368545532e-01,1.462044566869735718e-01,-2.894107401371002197e-01,1.333513259887695312e-01,-1.735018379986286163e-02
-1.093227267265319824e+00,-1.638612747192382812e-01,8.280552029609680176e-01,1.734173856675624847e-02,9.608116000890731812e-03,-6.786187887191772461e-01,7.342230677604675293e-01,-1.211506798863410950e-01,5.946501716971397400e-02,1.543644443154335022e-02,1.229805275797843933e-01,-4.869903996586799622e-02,-8.081715553998947144e-02,-1.120558753609657288e-01,-6.237615644931793213e-02,-2.345002442598342896e-01,1.807679086923599243e-01,-9.894202649593353271e-02,3.165154904127120972e-02,-3.547110408544540405e-02,1.725827157497406006e-01,1.502328962087631226e-01,-1.666387915611267090e-01,-4.422165751457214355e-01,-8.353588730096817017e-02,9.028312563896179199e-02,-1.754418611526489258e-01,1.462165415287017822e-01,-2.895067036151885986e-01,1.335139721632003784e-01,-1.747804321348667145e-02
-1.093537211418151855e+00,-1.640762984752655029e-01,8.280572295188903809e-01,1.746324449777603149e-02,9.662384167313575745e-03,-6.784168481826782227e-01,7.344060540199279785e-01,-1.214921846985816956e-01,5.967020243406295776e-02,1.455404050648212433e-02,1.232428848743438721e-01,-4.864051938056945801e-02,-8.077298104763031006e-02,-1.119654327630996704e-01,-6.206014752388000488e-02,-2.351481467485427856e-01,1.808348000049591064e-01,-9.941570460796356201e-02,3.134891390800476074e-02,-3.517389670014381409e-02,1.724244803190231323e-01,1.503290086984634399e-01,-1.668884903192520142e-01,-4.424230158329010010e-01,-8.361771702766418457e-02,9.043424576520919800e-02,-1.754256933927536011e-01,1.461956650018692017e-01,-2.894878089427947998e-01,1.336688548326492310e-01,-1.761122792959213257e-02
-1.093927621841430664e+00,-1.643497943878173828e-01,8.280639052391052246e-01,1.761785708367824554e-02,9.734429419040679932e-03,-6.781471371650695801e-01,7.346504330635070801e-01,-1.219927966594696045e-01,5.999650061130523682e-02,1.387055590748786926e-02,1.237317919731140137e-01,-4.852717369794845581e-02,-8.098477125167846680e-02,-1.114851087331771851e-01,-6.170148774981498718e-02,-2.360535711050033569e-01,1.806269139051437378e-01,-1.000638976693153381e-01,3.099789284169673920e-02,-3.516235947608947754e-02,1.722652018070220947e-01,1.504361927509307861e-01,-1.671999990940093994e-01,-4.426155984401702881e-01,-8.375484496355056763e-02,9.054796397686004639e-02,-1.753963828086853027e-01,1.460775136947631836e-01,-2.895053029060363770e-01,1.337601840496063232e-01,-1.776901818811893463e-02
-1.094334959983825684e+00,-1.646447032690048218e-01,8.280702233314514160e-01,1.771580614149570465e-02,9.734223596751689911e-03,-6.778896450996398926e-01,7.348856925964355469e-01,-1.223263293504714966e-01,6.033453717827796936e-02,1.323271729052066803e-02,1.243547126650810242e-01,-4.852712899446487427e-02,-8.110528439283370972e-02,-1.109388843178749084e-01,-6.135305389761924744e-02,-2.370759248733520508e-01,1.804289668798446655e-01,-1.006169691681861877e-01,3.059760667383670807e-02,-3.526768460869789124e-02,1.721536666154861450e-01,1.505421996116638184e-01,-1.675556451082229614e-01,-4.426925480365753174e-01,-8.389262109994888306e-02,9.062355011701583862e-02,-1.753972321748733521e-01,1.458722352981567383e-01,-2.895624041557312012e-01,1.338398456573486328e-01,-1.791431754827499390e-02
-1.094725608825683594e+00,-1.649443954229354858e-01,8.280746340751647949e-01,1.778806746006011963e-02,9.724054485559463501e-03,-6.775688529014587402e-01,7.351799011230468750e-01,-1.226711273193359375e-01,6.065348535776138306e-02,1.239810325205326080e-02,1.250503361225128174e-01,-4.838590323925018311e-02,-8.126516640186309814e-02,-1.100192219018936157e-01,-6.096785515546798706e-02,-2.381929159164428711e-01,1.800167709589004517e-01,-1.012514084577560425e-01,3.025131672620773315e-02,-3.522021323442459106e-02,1.719971895217895508e-01,1.506533771753311157e-01,-1.679598242044448853e-01,-4.427784085273742676e-01,-8.405866473913192749e-02,9.069306403398513794e-02,-1.754665523767471313e-01,1.456132233142852783e-01,-2.895379364490509033e-01,1.339068263769149780e-01,-1.811692304909229279e-02
-1.095139980316162109e+00,-1.651481986045837402e-01,8.280869126319885254e-01,1.768704503774642944e-02,9.609068743884563446e-03,-6.772454977035522461e-01,7.354817390441894531e-01,-1.228143945336341858e-01,6.113168224692344666e-02,1.158364303410053253e-02,1.258655637502670288e-01,-4.834799841046333313e-02,-8.148127794265747070e-02,-1.091732457280158997e-01,-6.046549975872039795e-02,-2.394838184118270874e-01,1.795924603939056396e-01,-1.014430299401283264e-01,2.977273799479007721e-02,-3.510489314794540405e-02,1.718281507492065430e-01,1.507427841424942017e-01,-1.684088557958602905e-01,-4.428779184818267822e-01,-8.423212915658950806e-02,9.084746241569519043e-02,-1.755095720291137695e-01,1.453760564327239990e-01,-2.893452048301696777e-01,1.339339762926101685e-01,-1.826321892440319061e-02
-1.095571398735046387e+00,-1.653859466314315796e-01,8.280948996543884277e-01,1.773220300674438477e-02,9.573669172823429108e-03,-6.769168972969055176e-01,7.357835769653320312e-01,-1.232091784477233887e-01,6.150027364492416382e-02,1.060858275741338730e-02,1.265393346548080444e-01,-4.806245490908622742e-02,-8.162172138690948486e-02,-1.083325818181037903e-01,-5.997599288821220398e-02,-2.402977049350738525e-01,1.792092621326446533e-01,-1.019837632775306702e-01,2.932174876332283020e-02,-3.511965274810791016e-02,1.716253012418746948e-01,1.507978141307830811e-01,-1.688401997089385986e-01,-4.429603815078735352e-01,-8.437325060367584229e-02,9.101492911577224731e-02,-1.755773127079010010e-01,1.451712101697921753e-01,-2.891700267791748047e-01,1.339420974254608154e-01,-1.837886311113834381e-02
-1.096042752265930176e+00,-1.656005829572677612e-01,8.280999660491943359e-01,1.770684123039245605e-02,9.524093940854072571e-03,-6.766453385353088379e-01,7.360345125198364258e-01,-1.236068755388259888e-01,6.201712787151336670e-02,9.790561161935329437e-03,1.275003850460052490e-01,-4.798848181962966919e-02,-8.179066330194473267e-02,-1.074554696679115295e-01,-5.931195989251136780e-02,-2.410536855459213257e-01,1.787406355142593384e-01,-1.023971214890480042e-01,2.877274900674819946e-02,-3.530145436525344849e-02,1.713673621416091919e-01,1.508430987596511841e-01,-1.691722273826599121e-01,-4.430701434612274170e-01,-8.445163816213607788e-02,9.114735573530197144e-02,-1.756368577480316162e-01,1.449785381555557251e-01,-2.891207635402679443e-01,1.339488029479980469e-01,-1.842281222343444824e-02
-1.096554040908813477e+00,-1.658350676298141479e-01,8.281012773513793945e-01,1.756605133414268494e-02,9.454114362597465515e-03,-6.763817071914672852e-01,7.362810969352722168e-01,-1.240466609597206116e-01,6.276962906122207642e-02,8.892409503459930420e-03,1.289153844118118286e-01,-4.818860441446304321e-02,-8.211390674114227295e-02,-1.060807183384895325e-01,-5.841993540525436401e-02,-2.421119511127471924e-01,1.778943985700607300e-01,-1.027352437376976013e-01,2.819020673632621765e-02,-3.523147851228713989e-02,1.711722314357757568e-01,1.509220749139785767e-01,-1.694609075784683228e-01,-4.429502487182617188e-01,-8.455432206392288208e-02,9.134255349636077881e-02,-1.756621450185775757e-01,1.447840780019760132e-01,-2.889713346958160400e-01,1.339330226182937622e-01,-1.844043843448162079e-02
-1.097050309181213379e+00,-1.660182625055313110e-01,8.281109929084777832e-01,1.755832508206367493e-02,9.471906349062919617e-03,-6.761313080787658691e-01,7.365109920501708984e-01,-1.248890608549118042e-01,6.341267377138137817e-02,8.101735264062881470e-03,1.303200125694274902e-01,-4.790266975760459900e-02,-8.246834576129913330e-02,-1.058073788881301880e-01,-5.768537521362304688e-02,-2.429404407739639282e-01,1.774916499853134155e-01,-1.027902588248252869e-01,2.751260623335838318e-02,-3.539159148931503296e-02,1.709286719560623169e-01,1.510109603404998779e-01,-1.696857064962387085e-01,-4.429279565811157227e-01,-8.463255316019058228e-02,9.147542715072631836e-02,-1.756794005632400513e-01,1.446739584207534790e-01,-2.890541851520538330e-01,1.339812725782394409e-01,-1.842764578759670258e-02
-1.097578406333923340e+00,-1.662292480468750000e-01,8.281196355819702148e-01,1.743021793663501740e-02,9.390373714268207550e-03,-6.758470535278320312e-01,7.367759346961975098e-01,-1.254428327083587646e-01,6.417319923639297485e-02,7.321316748857498169e-03,1.318984031677246094e-01,-4.813762381672859192e-02,-8.274185657501220703e-02,-1.046415045857429504e-01,-5.681228265166282654e-02,-2.439298480749130249e-01,1.767834275960922241e-01,-1.030764579772949219e-01,2.686877548694610596e-02,-3.524681180715560913e-02,1.707403808832168579e-01,1.510785222053527832e-01,-1.699035167694091797e-01,-4.428079128265380859e-01,-8.473457396030426025e-02,9.171565622091293335e-02,-1.756129562854766846e-01,1.446062624454498291e-01,-2.889321744441986084e-01,1.340225338935852051e-01,-1.842620037496089935e-02
-1.098132252693176270e+00,-1.664147526025772095e-01,8.281214833259582520e-01,1.736130751669406891e-02,9.270485490560531616e-03,-6.756277084350585938e-01,7.369801998138427734e-01,-1.260920763015747070e-01,6.480242311954498291e-02,6.503117736428976059e-03,1.335028111934661865e-01,-4.815518483519554138e-02,-8.284372091293334961e-02,-1.028300151228904724e-01,-5.601486563682556152e-02,-2.449925541877746582e-01,1.756620407104492188e-01,-1.036007106304168701e-01,2.633106522262096405e-02,-3.497846052050590515e-02,1.705966442823410034e-01,1.511446833610534668e-01,-1.701297014951705933e-01,-4.426233172416687012e-01,-8.483631163835525513e-02,9.190152585506439209e-02,-1.755409687757492065e-01,1.445064097642898560e-01,-2.888356447219848633e-01,1.340798437595367432e-01,-1.831256970763206482e-02
-1.098741650581359863e+00,-1.666312813758850098e-01,8.281219601631164551e-01,1.720567792654037476e-02,9.008970111608505249e-03,-6.753884553909301758e-01,7.372063398361206055e-01,-1.263701468706130981e-01,6.543275713920593262e-02,5.434244871139526367e-03,1.351036578416824341e-01,-4.776294156908988953e-02,-8.342506736516952515e-02,-1.016857102513313293e-01,-5.531014502048492432e-02,-2.459542602300643921e-01,1.753701269626617432e-01,-1.039994433522224426e-01,2.558317780494689941e-02,-3.477327153086662292e-02,1.704865843057632446e-01,1.512370407581329346e-01,-1.703207790851593018e-01,-4.423754811286926270e-01,-8.489409089088439941e-02,9.206696599721908569e-02,-1.755097657442092896e-01,1.443984508514404297e-01,-2.887914478778839111e-01,1.341680437326431274e-01,-1.813938282430171967e-02
-1.099334597587585449e+00,-1.668475866317749023e-01,8.281234502792358398e-01,1.706388220191001892e-02,8.838539943099021912e-03,-6.750346422195434570e-01,7.375357151031494141e-01,-1.268693357706069946e-01,6.612680852413177490e-02,4.306049086153507233e-03,1.367120891809463501e-01,-4.766505211591720581e-02,-8.384680747985839844e-02,-1.006824746727943420e-01,-5.456261709332466125e-02,-2.473736405372619629e-01,1.749277710914611816e-01,-1.042739823460578918e-01,2.483355253934860229e-02,-3.454326093196868896e-02,1.703747212886810303e-01,1.513376682996749878e-01,-1.705059558153152466e-01,-4.421346187591552734e-01,-8.494865894317626953e-02,9.227184951305389404e-02,-1.755100190639495850e-01,1.443466991186141968e-01,-2.887471914291381836e-01,1.342993229627609253e-01,-1.792363636195659637e-02
-1.100017309188842773e+00,-1.670187413692474365e-01,8.281314969062805176e-01,1.699537411332130432e-02,8.598211221396923065e-03,-6.746637225151062012e-01,7.378794550895690918e-01,-1.276862919330596924e-01,6.674305349588394165e-02,3.158202162012457848e-03,1.386429220438003540e-01,-4.681195318698883057e-02,-8.433660119771957397e-02,-9.949108213186264038e-02,-5.390558764338493347e-02,-2.483993172645568848e-01,1.749046891927719116e-01,-1.051327437162399292e-01,2.409642748534679413e-02,-3.457922115921974182e-02,1.702967137098312378e-01,1.514077186584472656e-01,-1.707179099321365356e-01,-4.418915510177612305e-01,-8.496717363595962524e-02,9.247432649135589600e-02,-1.755151003599166870e-01,1.442973464727401733e-01,-2.887084782123565674e-01,1.344287544488906860e-01,-1.768300868570804596e-02
-1.100697875022888184e+00,-1.670779287815093994e-01,8.281283378601074219e-01,1.675686798989772797e-02,8.421411737799644470e-03,-6.744014620780944824e-01,7.381266355514526367e-01,-1.285712122917175293e-01,6.766265630722045898e-02,1.644317060708999634e-03,1.407935023307800293e-01,-4.678175598382949829e-02,-8.490549772977828979e-02,-9.751066565513610840e-02,-5.270052701234817505e-02,-2.492519617080688477e-01,1.736998558044433594e-01,-1.055273935198783875e-01,2.331918105483055115e-02,-3.450794145464897156e-02,1.702776849269866943e-01,1.514594554901123047e-01,-1.709450036287307739e-01,-4.415996074676513672e-01,-8.492764085531234741e-02,9.263789653778076172e-02,-1.754820495843887329e-01,1.442306637763977051e-01,-2.888122498989105225e-01,1.345236152410507202e-01,-1.735074818134307861e-02
-1.101469278335571289e+00,-1.671076864004135132e-01,8.281274437904357910e-01,1.634740643203258514e-02,8.108331821858882904e-03,-6.741049885749816895e-01,7.384101152420043945e-01,-1.294433176517486572e-01,6.881099939346313477e-02,2.971279609482735395e-04,1.436163485050201416e-01,-4.652399942278862000e-02,-8.562276512384414673e-02,-9.614767134189605713e-02,-5.142870917916297913e-02,-2.506819665431976318e-01,1.729542016983032227e-01,-1.053616404533386230e-01,2.223161980509757996e-02,-3.406628966331481934e-02,1.703201681375503540e-01,1.516057252883911133e-01,-1.711440235376358032e-01,-4.412180781364440918e-01,-8.491697907447814941e-02,9.288711845874786377e-02,-1.753184050321578979e-01,1.441543251276016235e-01,-2.887631654739379883e-01,1.345375478267669678e-01,-1.700023561716079712e-02
-1.102225422859191895e+00,-1.671275496482849121e-01,8.281180858612060547e-01,1.619804091751575470e-02,7.877347990870475769e-03,-6.738957166671752930e-01,7.386068701744079590e-01,-1.307804137468338013e-01,6.957407295703887939e-02,-1.356374821625649929e-03,1.463252753019332886e-01,-4.562358930706977844e-02,-8.619127422571182251e-02,-9.469107538461685181e-02,-5.044829472899436951e-02,-2.514122426509857178e-01,1.725888848304748535e-01,-1.061141192913055420e-01,2.135704830288887024e-02,-3.396388515830039978e-02,1.704016774892807007e-01,1.517482697963714600e-01,-1.713189482688903809e-01,-4.408013522624969482e-01,-8.486644178628921509e-02,9.325377643108367920e-02,-1.750184744596481323e-01,1.442221850156784058e-01,-2.885306775569915771e-01,1.346224248409271240e-01,-1.664936169981956482e-02
-1.102972626686096191e+00,-1.670889258384704590e-01,8.281130790710449219e-01,1.573778875172138214e-02,7.443767972290515900e-03,-6.737734079360961914e-01,7.387328743934631348e-01,-1.318418830633163452e-01,7.040496915578842163e-02,-3.935169428586959839e-03,1.499335467815399170e-01,-4.561569169163703918e-02,-8.660399913787841797e-02,-9.326453506946563721e-02,-4.928748309612274170e-02,-2.522622048854827881e-01,1.721226274967193604e-01,-1.060870140790939331e-01,2.028665132820606232e-02,-3.309089317917823792e-02,1.706203818321228027e-01,1.518291682004928589e-01,-1.714913547039031982e-01,-4.401693046092987061e-01,-8.482445031404495239e-02,9.360245615243911743e-02,-1.746678203344345093e-01,1.443192809820175171e-01,-2.884260416030883789e-01,1.346863508224487305e-01,-1.626228727400302887e-02
-1.103831410408020020e+00,-1.670220345258712769e-01,8.281089067459106445e-01,1.525717321783304214e-02,7.227004040032625198e-03,-6.735370159149169922e-01,7.389606237411499023e-01,-1.340746879577636719e-01,7.169347256422042847e-02,-6.919343490153551102e-03,1.547737419605255127e-01,-4.610906168818473816e-02,-8.746130019426345825e-02,-9.126196056604385376e-02,-4.741014540195465088e-02,-2.532291412353515625e-01,1.702997237443923950e-01,-1.056266501545906067e-01,1.905812695622444153e-02,-3.272788226604461670e-02,1.708852797746658325e-01,1.519694030284881592e-01,-1.716246604919433594e-01,-4.394622147083282471e-01,-8.481190353631973267e-02,9.394954890012741089e-02,-1.742630600929260254e-01,1.444463580846786499e-01,-2.883770465850830078e-01,1.347416490316390991e-01,-1.589597575366497040e-02
-1.104763865470886230e+00,-1.667981147766113281e-01,8.281121850013732910e-01,1.446860749274492264e-02,6.832251325249671936e-03,-6.730814576148986816e-01,7.393952608108520508e-01,-1.384967416524887085e-01,7.334452867507934570e-02,-1.032846048474311829e-02,1.639917194843292236e-01,-4.724695906043052673e-02,-8.849058300256729126e-02,-8.877836912870407104e-02,-4.524562880396842957e-02,-2.549898624420166016e-01,1.680524051189422607e-01,-1.045369654893875122e-01,1.763488911092281342e-02,-3.202618658542633057e-02,1.712334603071212769e-01,1.522736102342605591e-01,-1.717974543571472168e-01,-4.386709630489349365e-01,-8.497950434684753418e-02,9.447826445102691650e-02,-1.736827194690704346e-01,1.445899456739425659e-01,-2.880228459835052490e-01,1.346894651651382446e-01,-1.556415483355522156e-02
-1.105773329734802246e+00,-1.666617244482040405e-01,8.281727433204650879e-01,1.407079119235277176e-02,6.287290249019861221e-03,-6.727837920188903809e-01,7.396786212921142578e-01,-1.452003419399261475e-01,7.416618615388870239e-02,-1.505955401808023453e-02,1.767847836017608643e-01,-4.722242057323455811e-02,-8.882772177457809448e-02,-8.661480247974395752e-02,-4.385563358664512634e-02,-2.561533153057098389e-01,1.666292697191238403e-01,-1.042610853910446167e-01,1.625701226294040680e-02,-3.080917708575725555e-02,1.716671735048294067e-01,1.526429504156112671e-01,-1.720534861087799072e-01,-4.378852248191833496e-01,-8.525870740413665771e-02,9.502387046813964844e-02,-1.730379015207290649e-01,1.447296589612960815e-01,-2.876910865306854248e-01,1.345605254173278809e-01,-1.531516294926404953e-02
-1.106855392456054688e+00,-1.665569245815277100e-01,8.282467126846313477e-01,1.380019448697566986e-02,5.749523174017667770e-03,-6.727585792541503906e-01,7.397109866142272949e-01,-1.524958312511444092e-01,7.415097951889038086e-02,-2.267168462276458740e-02,1.902364045381546021e-01,-4.665233567357063293e-02,-8.917511254549026489e-02,-8.475486189126968384e-02,-4.254601523280143738e-02,-2.569468915462493896e-01,1.652506589889526367e-01,-1.040005460381507874e-01,1.479705050587654114e-02,-2.905482985079288483e-02,1.721012145280838013e-01,1.529623717069625854e-01,-1.723040342330932617e-01,-4.372888207435607910e-01,-8.550959080457687378e-02,9.556380659341812134e-02,-1.723757237195968628e-01,1.448370367288589478e-01,-2.873179912567138672e-01,1.344089210033416748e-01,-1.509138476103544235e-02
-1.108075261116027832e+00,-1.662177741527557373e-01,8.283749818801879883e-01,1.368944812566041946e-02,5.209354218095541000e-03,-6.721820831298828125e-01,7.402409911155700684e-01,-1.617446690797805786e-01,7.405403256416320801e-02,-3.056665882468223572e-02,2.053018361330032349e-01,-4.451026022434234619e-02,-8.921115100383758545e-02,-8.346564322710037231e-02,-4.146741703152656555e-02,-2.583948671817779541e-01,1.642746478319168091e-01,-1.037960946559906006e-01,1.318323239684104919e-02,-2.828432992100715637e-02,1.724971383810043335e-01,1.531759053468704224e-01,-1.725988686084747314e-01,-4.369529783725738525e-01,-8.578760921955108643e-02,9.618212282657623291e-02,-1.717891693115234375e-01,1.450490951538085938e-01,-2.868283987045288086e-01,1.343992352485656738e-01,-1.488156244158744812e-02
-1.109539389610290527e+00,-1.657819449901580811e-01,8.286943435668945312e-01,1.392099540680646896e-02,3.937864210456609726e-03,-6.714350581169128418e-01,7.409221529960632324e-01,-1.763356775045394897e-01,7.219812273979187012e-02,-4.004836082458496094e-02,2.295773327350616455e-01,-3.778515383601188660e-02,-8.865324407815933228e-02,-8.411066979169845581e-02,-4.193237796425819397e-02,-2.592398226261138916e-01,1.653938442468643188e-01,-1.033210605382919312e-01,1.099672727286815643e-02,-2.745988033711910248e-02,1.730005145072937012e-01,1.531750112771987915e-01,-1.731051057577133179e-01,-4.367274343967437744e-01,-8.611449599266052246e-02,9.693530946969985962e-02,-1.713366508483886719e-01,1.454939991235733032e-01,-2.863086163997650146e-01,1.347445100545883179e-01,-1.480047404766082764e-02
-1.111160993576049805e+00,-1.651346087455749512e-01,8.288552165031433105e-01,1.504424680024385452e-02,3.784888656809926033e-03,-6.704835295677185059e-01,7.417622208595275879e-01,-1.926366686820983887e-01,7.027284801006317139e-02,-4.963978007435798645e-02,2.503989934921264648e-01,-3.211932256817817688e-02,-8.832600712776184082e-02,-8.037651330232620239e-02,-4.174918681383132935e-02,-2.618689239025115967e-01,1.627189964056015015e-01,-1.059836447238922119e-01,1.014334894716739655e-02,-2.589610591530799866e-02,1.732050478458404541e-01,1.528460830450057983e-01,-1.738685369491577148e-01,-4.372771084308624268e-01,-8.652650564908981323e-02,9.730057418346405029e-02,-1.711388975381851196e-01,1.456964761018753052e-01,-2.863538861274719238e-01,1.348801255226135254e-01,-1.476102788001298904e-02
-1.112780570983886719e+00,-1.644591391086578369e-01,8.289687633514404297e-01,1.491202134639024734e-02,3.286532126367092133e-03,-6.691260337829589844e-01,7.429920434951782227e-01,-2.076007872819900513e-01,6.960386782884597778e-02,-6.097190454602241516e-02,2.726571559906005859e-01,-2.705929800868034363e-02,-8.809490501880645752e-02,-8.348319679498672485e-02,-4.028998687863349915e-02,-2.633061110973358154e-01,1.636815965175628662e-01,-1.037839651107788086e-01,7.136341184377670288e-03,-2.681068703532218933e-02,1.735056191682815552e-01,1.525469869375228882e-01,-1.747770160436630249e-01,-4.378188252449035645e-01,-8.703897148370742798e-02,9.785014390945434570e-02,-1.709168851375579834e-01,1.459550857543945312e-01,-2.862026989459991455e-01,1.351155340671539307e-01,-1.480791904032230377e-02
-1.114326953887939453e+00,-1.636331826448440552e-01,8.289938569068908691e-01,1.479450706392526627e-02,3.108907025307416916e-03,-6.678137183189392090e-01,7.441748976707458496e-01,-2.260265797376632690e-01,6.890744715929031372e-02,-7.118921726942062378e-02,2.993284761905670166e-01,-2.138159610331058502e-02,-8.685406297445297241e-02,-8.381477743387222290e-02,-3.872296214103698730e-02,-2.663683295249938965e-01,1.638568043708801270e-01,-1.037786975502967834e-01,5.091873928904533386e-03,-2.693547867238521576e-02,1.737587004899978638e-01,1.522381454706192017e-01,-1.757386326789855957e-01,-4.384697973728179932e-01,-8.757404983043670654e-02,9.854307025671005249e-02,-1.707676351070404053e-01,1.463570594787597656e-01,-2.859470844268798828e-01,1.354516297578811646e-01,-1.495435833930969238e-02
-1.115776538848876953e+00,-1.626716107130050659e-01,8.289847970008850098e-01,1.443746592849493027e-02,2.920460421591997147e-03,-6.666193008422851562e-01,7.452528476715087891e-01,-2.462635040283203125e-01,6.831704080104827881e-02,-8.181051909923553467e-02,3.293303549289703369e-01,-1.515574380755424500e-02,-8.645188808441162109e-02,-8.319230377674102783e-02,-3.666500002145767212e-02,-2.693421542644500732e-01,1.624453812837600708e-01,-1.028510555624961853e-01,3.097411012277007103e-03,-2.682362310588359833e-02,1.740810424089431763e-01,1.520139276981353760e-01,-1.767356693744659424e-01,-4.389377534389495850e-01,-8.818674832582473755e-02,9.947429597377777100e-02,-1.705050915479660034e-01,1.469140052795410156e-01,-2.853758931159973145e-01,1.357647925615310669e-01,-1.519006397575139999e-02
-1.116961956024169922e+00,-1.616591513156890869e-01,8.289440870285034180e-01,1.402907539159059525e-02,3.317501163110136986e-03,-6.656577587127685547e-01,7.461178898811340332e-01,-2.705813348293304443e-01,6.803025305271148682e-02,-9.218154847621917725e-02,3.644492626190185547e-01,-7.515674922615289688e-03,-8.548131585121154785e-02,-8.029562979936599731e-02,-3.359511494636535645e-02,-2.727881073951721191e-01,1.574233770370483398e-01,-1.012443602085113525e-01,1.759881270118057728e-03,-2.627532556653022766e-02,1.743723154067993164e-01,1.519907861948013306e-01,-1.777381300926208496e-01,-4.394230246543884277e-01,-8.886210620403289795e-02,1.003825366497039795e-01,-1.701042503118515015e-01,1.476484388113021851e-01,-2.849424481391906738e-01,1.361009180545806885e-01,-1.546456757932901382e-02
-1.118331193923950195e+00,-1.604938209056854248e-01,8.289405703544616699e-01,1.318819262087345123e-02,3.476347075775265694e-03,-6.645880937576293945e-01,7.470854520797729492e-01,-2.971307337284088135e-01,6.782501190900802612e-02,-1.037664562463760376e-01,4.037231504917144775e-01,3.827221225947141647e-03,-8.424720168113708496e-02,-8.020012080669403076e-02,-3.002187423408031464e-02,-2.760708034038543701e-01,1.534330546855926514e-01,-9.719551354646682739e-02,-6.761731347069144249e-04,-2.625932916998863220e-02,1.747853010892868042e-01,1.522371321916580200e-01,-1.786809861660003662e-01,-4.396245181560516357e-01,-8.954375982284545898e-02,1.013374179601669312e-01,-1.694415360689163208e-01,1.484445929527282715e-01,-2.845883071422576904e-01,1.362414807081222534e-01,-1.578628830611705780e-02
-1.119811654090881348e+00,-1.591158211231231689e-01,8.288639187812805176e-01,1.224576868116855621e-02,3.695339662954211235e-03,-6.632616519927978516e-01,7.482782602310180664e-01,-3.283745050430297852e-01,6.732954084873199463e-02,-1.132776513695716858e-01,4.489561021327972412e-01,1.888903975486755371e-02,-8.620502054691314697e-02,-7.795202732086181641e-02,-2.591909840703010559e-02,-2.797479033470153809e-01,1.484486162662506104e-01,-9.417860954999923706e-02,-2.896583406254649162e-03,-2.663211151957511902e-02,1.752507090568542480e-01,1.527068912982940674e-01,-1.794861406087875366e-01,-4.395539164543151855e-01,-9.016426652669906616e-02,1.025053411722183228e-01,-1.685669571161270142e-01,1.494235247373580933e-01,-2.840042710304260254e-01,1.362513899803161621e-01,-1.608571596443653107e-02
-1.120989918708801270e+00,-1.577951163053512573e-01,8.288487195968627930e-01,1.173348166048526764e-02,4.504323005676269531e-03,-6.622132658958435059e-01,7.492100000381469727e-01,-3.623318970203399658e-01,6.671989709138870239e-02,-1.217693984508514404e-01,4.951204359531402588e-01,3.711615875363349915e-02,-9.414361417293548584e-02,-7.605694979429244995e-02,-2.171481400728225708e-02,-2.836236655712127686e-01,1.417171061038970947e-01,-9.284134954214096069e-02,-4.823731258511543274e-03,-2.746080979704856873e-02,1.756237000226974487e-01,1.535305380821228027e-01,-1.800513416528701782e-01,-4.395130872726440430e-01,-9.054332226514816284e-02,1.034837886691093445e-01,-1.674320399761199951e-01,1.506268978118896484e-01,-2.838226258754730225e-01,1.362434625625610352e-01,-1.640233211219310760e-02
-1.122286081314086914e+00,-1.565571427345275879e-01,8.288649916648864746e-01,1.131317298859357834e-02,5.192908458411693573e-03,-6.616833806037902832e-01,7.496800422668457031e-01,-3.970099687576293945e-01,6.571491062641143799e-02,-1.335861980915069580e-01,5.419744253158569336e-01,6.156009808182716370e-02,-1.000292524695396423e-01,-7.476961612701416016e-02,-1.748299039900302887e-02,-2.857467532157897949e-01,1.351540833711624146e-01,-9.144736826419830322e-02,-7.143819238990545273e-03,-2.704905159771442413e-02,1.759689897298812866e-01,1.544688791036605835e-01,-1.803307831287384033e-01,-4.394729435443878174e-01,-9.055490791797637939e-02,1.043667197227478027e-01,-1.664070039987564087e-01,1.523535549640655518e-01,-2.838935554027557373e-01,1.369292289018630981e-01,-1.672885753214359283e-02
-1.123229622840881348e+00,-1.553297787904739380e-01,8.289522528648376465e-01,1.115071866661310196e-02,6.369163747876882553e-03,-6.615517139434814453e-01,7.497895956039428711e-01,-4.340863525867462158e-01,6.325957924127578735e-02,-1.476666331291198730e-01,5.880819559097290039e-01,8.756127208471298218e-02,-1.030674353241920471e-01,-7.291160523891448975e-02,-1.288370043039321899e-02,-2.874287962913513184e-01,1.255246549844741821e-01,-9.006541967391967773e-02,-9.146466851234436035e-03,-2.570013888180255890e-02,1.761880517005920410e-01,1.556160002946853638e-01,-1.804468035697937012e-01,-4.396238923072814941e-01,-9.050437062978744507e-02,1.051072925329208374e-01,-1.654944568872451782e-01,1.543507874011993408e-01,-2.841623425483703613e-01,1.379141509532928467e-01,-1.699666120111942291e-02
-1.124313712120056152e+00,-1.542081534862518311e-01,8.290270566940307617e-01,1.127125881612300873e-02,8.050026372075080872e-03,-6.607282757759094238e-01,7.504973411560058594e-01,-4.725455045700073242e-01,6.116103008389472961e-02,-1.587209105491638184e-01,6.344227790832519531e-01,1.147477924823760986e-01,-1.107966452836990356e-01,-7.085051387548446655e-02,-7.578135933727025986e-03,-2.905612885951995850e-01,1.137421578168869019e-01,-8.726228028535842896e-02,-1.104473881423473358e-02,-2.655212953686714172e-02,1.762446016073226929e-01,1.570153385400772095e-01,-1.803604513406753540e-01,-4.400181472301483154e-01,-9.025386720895767212e-02,1.056121289730072021e-01,-1.645820736885070801e-01,1.565931141376495361e-01,-2.847152054309844971e-01,1.391643732786178589e-01,-1.727166399359703064e-02
-1.125175595283508301e+00,-1.531941890716552734e-01,8.290447592735290527e-01,1.131839398294687271e-02,9.348649531602859497e-03,-6.597514748573303223e-01,7.513404488563537598e-01,-5.096905231475830078e-01,5.933373421430587769e-02,-1.661728769540786743e-01,6.797302961349487305e-01,1.386892944574356079e-01,-1.203375458717346191e-01,-6.912992149591445923e-02,-3.756968304514884949e-03,-2.943590283393859863e-01,1.040866747498512268e-01,-8.206098526716232300e-02,-8.432120084762573242e-03,-2.937554381787776947e-02,1.763222664594650269e-01,1.584588587284088135e-01,-1.799827218055725098e-01,-4.403804242610931396e-01,-8.964180946350097656e-02,1.057706400752067566e-01,-1.639569699764251709e-01,1.589668244123458862e-01,-2.855762541294097900e-01,1.406594067811965942e-01,-1.757436804473400116e-02
-1.125943660736083984e+00,-1.523421108722686768e-01,8.290556073188781738e-01,1.147535722702741623e-02,1.030043233186006546e-02,-6.586645841598510742e-01,7.522786855697631836e-01,-5.448378324508666992e-01,5.817512050271034241e-02,-1.686951518058776855e-01,7.229189276695251465e-01,1.554931253194808960e-01,-1.304005980491638184e-01,-6.856455653905868530e-02,-1.146322814747691154e-03,-2.985162138938903809e-01,9.800031781196594238e-02,-7.850317656993865967e-02,-7.712417747825384140e-03,-3.324941545724868774e-02,1.766439825296401978e-01,1.599344015121459961e-01,-1.793273389339447021e-01,-4.403833746910095215e-01,-8.864137530326843262e-02,1.058412715792655945e-01,-1.636568903923034668e-01,1.616048067808151245e-01,-2.863818407058715820e-01,1.425045430660247803e-01,-1.781184412539005280e-02
-1.126554131507873535e+00,-1.515552699565887451e-01,8.290803432464599609e-01,1.173762883991003036e-02,1.101776678115129471e-02,-6.577277183532714844e-01,7.530837059020996094e-01,-5.778813362121582031e-01,5.832310765981674194e-02,-1.669428944587707520e-01,7.646299600601196289e-01,1.620204448699951172e-01,-1.320843547582626343e-01,-6.965205818414688110e-02,3.636237815953791142e-04,-3.018185496330261230e-01,9.540041536092758179e-02,-7.665480673313140869e-02,-8.965016342699527740e-03,-3.752692788839340210e-02,1.772559881210327148e-01,1.613647192716598511e-01,-1.783707141876220703e-01,-4.399670660495758057e-01,-8.720014244318008423e-02,1.057133972644805908e-01,-1.636890769004821777e-01,1.644006520509719849e-01,-2.871995270252227783e-01,1.445091217756271362e-01,-1.794641464948654175e-02
-1.127096056938171387e+00,-1.510161310434341431e-01,8.291499614715576172e-01,1.220005936920642853e-02,1.150406524538993835e-02,-6.571744084358215332e-01,7.535520195960998535e-01,-6.080638766288757324e-01,5.985707417130470276e-02,-1.615063399076461792e-01,8.039991259574890137e-01,1.532244533300399780e-01,-1.289121657609939575e-01,-7.260038703680038452e-02,7.635853253304958344e-04,-3.034364283084869385e-01,9.698058664798736572e-02,-7.702226936817169189e-02,-1.210399344563484192e-02,-4.171035438776016235e-02,1.782578080892562866e-01,1.626459360122680664e-01,-1.771062314510345459e-01,-4.389279186725616455e-01,-8.527737110853195190e-02,1.055325269699096680e-01,-1.642974317073822021e-01,1.677276045083999634e-01,-2.878127992153167725e-01,1.473672538995742798e-01,-1.797998696565628052e-02
-1.127454638481140137e+00,-1.506544202566146851e-01,8.292866945266723633e-01,1.284635439515113831e-02,1.137155760079622269e-02,-6.573406457901000977e-01,7.533982992172241211e-01,-6.347613930702209473e-01,6.194094195961952209e-02,-1.539789885282516479e-01,8.409350514411926270e-01,1.351257562637329102e-01,-1.204276084899902344e-01,-7.593578845262527466e-02,-4.551046004053205252e-04,-3.033037185668945312e-01,1.005838587880134583e-01,-7.834796607494354248e-02,-1.544567849487066269e-02,-4.416449368000030518e-02,1.797043979167938232e-01,1.636025011539459229e-01,-1.755376607179641724e-01,-4.371375441551208496e-01,-8.292195945978164673e-02,1.051136031746864319e-01,-1.654662489891052246e-01,1.712280958890914917e-01,-2.884879410266876221e-01,1.505071222782135010e-01,-1.781423389911651611e-02
-1.127920269966125488e+00,-1.503484100103378296e-01,8.294847607612609863e-01,1.360739674419164658e-02,1.075248792767524719e-02,-6.579795479774475098e-01,7.528360486030578613e-01,-6.594245433807373047e-01,6.467670202255249023e-02,-1.449397355318069458e-01,8.770332336425781250e-01,1.143409609794616699e-01,-1.093389987945556641e-01,-7.996346801519393921e-02,-2.855523722246289253e-03,-3.018867969512939453e-01,1.063207015395164490e-01,-7.892949879169464111e-02,-1.682402193546295166e-02,-4.601642116904258728e-02,1.816351711750030518e-01,1.641393899917602539e-01,-1.737260073423385620e-01,-4.344927966594696045e-01,-8.027110248804092407e-02,1.045709922909736633e-01,-1.673577427864074707e-01,1.746199429035186768e-01,-2.889301776885986328e-01,1.535957008600234985e-01,-1.743320189416408539e-02
-1.128292322158813477e+00,-1.501048356294631958e-01,8.297184705734252930e-01,1.436478272080421448e-02,9.755071252584457397e-03,-6.590103507041931152e-01,7.519333958625793457e-01,-6.822956800460815430e-01,6.789431720972061157e-02,-1.352407187223434448e-01,9.124215841293334961e-01,9.237422049045562744e-02,-9.220267087221145630e-02,-8.370529860258102417e-02,-6.014565005898475647e-03,-2.997889220714569092e-01,1.125392764806747437e-01,-7.926709949970245361e-02,-1.723341830074787140e-02,-4.711135849356651306e-02,1.840198636054992676e-01,1.641557514667510986e-01,-1.718607693910598755e-01,-4.311111867427825928e-01,-7.757769525051116943e-02,1.038532778620719910e-01,-1.698211133480072021e-01,1.778256297111511230e-01,-2.892678678035736084e-01,1.563761979341506958e-01,-1.685599423944950104e-02
-1.128557562828063965e+00,-1.500061750411987305e-01,8.299859762191772461e-01,1.531775947660207748e-02,8.837112225592136383e-03,-6.601735949516296387e-01,7.509048581123352051e-01,-7.037428617477416992e-01,7.146159559488296509e-02,-1.250605881214141846e-01,9.461701512336730957e-01,6.914903223514556885e-02,-7.455182820558547974e-02,-8.736496418714523315e-02,-9.370865300297737122e-03,-2.976354360580444336e-01,1.181836351752281189e-01,-7.949432730674743652e-02,-1.741023361682891846e-02,-4.743485152721405029e-02,1.866253167390823364e-01,1.636229604482650757e-01,-1.700392365455627441e-01,-4.274169504642486572e-01,-7.489923387765884399e-02,1.028718873858451843e-01,-1.728065311908721924e-01,1.809506565332412720e-01,-2.897054851055145264e-01,1.590161919593811035e-01,-1.611913926899433136e-02
-1.128736972808837891e+00,-1.500250101089477539e-01,8.302786350250244141e-01,1.638291217386722565e-02,7.847504690289497375e-03,-6.614190936088562012e-01,7.497965097427368164e-01,-7.235317230224609375e-01,7.512185722589492798e-02,-1.148156225681304932e-01,9.784752726554870605e-01,4.340245202183723450e-02,-5.547963082790374756e-02,-9.058617055416107178e-02,-1.300051063299179077e-02,-2.957023680210113525e-01,1.232540681958198547e-01,-7.985821366310119629e-02,-1.743143610656261444e-02,-4.750303179025650024e-02,1.893208175897598267e-01,1.625353246927261353e-01,-1.683243662118911743e-01,-4.237628281116485596e-01,-7.231011986732482910e-02,1.016127467155456543e-01,-1.761796474456787109e-01,1.837391853332519531e-01,-2.903004288673400879e-01,1.611846685409545898e-01,-1.531592756509780884e-02
-1.128708362579345703e+00,-1.500801742076873779e-01,8.305994868278503418e-01,1.751630939543247223e-02,6.894993595778942108e-03,-6.627022027969360352e-01,7.486463785171508789e-01,-7.419962286949157715e-01,7.816907018423080444e-02,-1.058342307806015015e-01,1.009623646736145020e+00,1.532498933374881744e-02,-3.699927031993865967e-02,-9.345102310180664062e-02,-1.666305586695671082e-02,-2.927487194538116455e-01,1.272136867046356201e-01,-7.988628745079040527e-02,-1.728672906756401062e-02,-4.750948026776313782e-02,1.921314001083374023e-01,1.609712988138198853e-01,-1.667517572641372681e-01,-4.201880991458892822e-01,-6.990997493267059326e-02,1.001105606555938721e-01,-1.798451989889144897e-01,1.861898601055145264e-01,-2.909978628158569336e-01,1.629433631896972656e-01,-1.450121589004993439e-02
-1.128646373748779297e+00,-1.501986086368560791e-01,8.308889865875244141e-01,1.864363625645637512e-02,6.179803051054477692e-03,-6.640444993972778320e-01,7.474350333213806152e-01,-7.598086595535278320e-01,8.095119893550872803e-02,-9.810692816972732544e-02,1.039632797241210938e+00,-1.163334306329488754e-02,-1.765830256044864655e-02,-9.616410732269287109e-02,-1.987875625491142273e-02,-2.901388406753540039e-01,1.304174363613128662e-01,-7.983689010143280029e-02,-1.709961146116256714e-02,-4.739329218864440918e-02,1.949883401393890381e-01,1.589657068252563477e-01,-1.652739793062210083e-01,-4.168249666690826416e-01,-6.760095059871673584e-02,9.833484143018722534e-02,-1.837094128131866455e-01,1.882875561714172363e-01,-2.919712066650390625e-01,1.642310917377471924e-01,-1.369526609778404236e-02
-1.128558039665222168e+00,-1.503030359745025635e-01,8.311831951141357422e-01,1.976312696933746338e-02,5.421098787337541580e-03,-6.653941273689270020e-01,7.462108731269836426e-01,-7.759789824485778809e-01,8.313942700624465942e-02,-9.155174344778060913e-02,1.067682623863220215e+00,-3.747354820370674133e-02,-1.818424243538174778e-05,-9.795879572629928589e-02,-2.300705574452877045e-02,-2.872714102268218994e-01,1.329912841320037842e-01,-7.993307709693908691e-02,-1.678009331226348877e-02,-4.738060384988784790e-02,1.979409754276275635e-01,1.566398590803146362e-01,-1.639670729637145996e-01,-4.135931134223937988e-01,-6.555731594562530518e-02,9.611977636814117432e-02,-1.878293007612228394e-01,1.898144781589508057e-01,-2.934322357177734375e-01,1.647316664457321167e-01,-1.287280675023794174e-02
-1.128269672393798828e+00,-1.503352522850036621e-01,8.314260840415954590e-01,2.053210325539112091e-02,4.545510280877351761e-03,-6.668925881385803223e-01,7.448570728302001953e-01,-7.899732589721679688e-01,8.455877751111984253e-02,-8.677581697702407837e-02,1.093900084495544434e+00,-6.152515858411788940e-02,1.504892855882644653e-02,-9.895604103803634644e-02,-2.584753185510635376e-02,-2.836695611476898193e-01,1.349807828664779663e-01,-7.965210080146789551e-02,-1.630581542849540710e-02,-4.753253608942031860e-02,2.010527700185775757e-01,1.541630774736404419e-01,-1.628329902887344360e-01,-4.103783965110778809e-01,-6.384646147489547729e-02,9.388194978237152100e-02,-1.920219361782073975e-01,1.908254921436309814e-01,-2.947757840156555176e-01,1.644035428762435913e-01,-1.201457902789115906e-02
-1.127919435501098633e+00,-1.503747254610061646e-01,8.315886259078979492e-01,2.106813713908195496e-02,3.862803336232900620e-03,-6.682512760162353516e-01,7.436271905899047852e-01,-8.023921847343444824e-01,8.594581484794616699e-02,-8.291111886501312256e-02,1.117600560188293457e+00,-8.427295833826065063e-02,2.782121300697326660e-02,-9.841689467430114746e-02,-2.791739068925380707e-02,-2.806539535522460938e-01,1.358541846275329590e-01,-8.000719547271728516e-02,-1.560247875750064850e-02,-4.761061072349548340e-02,2.043928951025009155e-01,1.516364365816116333e-01,-1.620076000690460205e-01,-4.070557057857513428e-01,-6.265279650688171387e-02,9.170489013195037842e-02,-1.962712556123733521e-01,1.914765834808349609e-01,-2.959191799163818359e-01,1.634621322154998779e-01,-1.115511544048786163e-02
-1.127458691596984863e+00,-1.503867805004119873e-01,8.317778706550598145e-01,2.131941355764865875e-02,3.227573353797197342e-03,-6.696356534957885742e-01,7.423767447471618652e-01,-8.127448558807373047e-01,8.688275516033172607e-02,-8.036393672227859497e-02,1.138392925262451172e+00,-1.050968766212463379e-01,3.798566386103630066e-02,-1.017723903059959412e-01,-2.979619614779949188e-02,-2.768117785453796387e-01,1.374800652265548706e-01,-7.749979943037033081e-02,-1.575094647705554962e-02,-4.857721552252769470e-02,2.079576551914215088e-01,1.493251919746398926e-01,-1.614147573709487915e-01,-4.035672545433044434e-01,-6.199054792523384094e-02,8.969423919916152954e-02,-2.003339678049087524e-01,1.919362545013427734e-01,-2.968034744262695312e-01,1.620727032423019409e-01,-1.025823317468166351e-02
-1.126902341842651367e+00,-1.503937989473342896e-01,8.319243192672729492e-01,2.179924212396144867e-02,2.891458105295896530e-03,-6.711849570274353027e-01,7.409636974334716797e-01,-8.219405412673950195e-01,8.691100776195526123e-02,-7.927418500185012817e-02,1.156476616859436035e+00,-1.228151023387908936e-01,4.752415418624877930e-02,-1.032819375395774841e-01,-3.146670386195182800e-02,-2.725160121917724609e-01,1.384231448173522949e-01,-7.681529968976974487e-02,-1.528260018676519394e-02,-4.839220643043518066e-02,2.113776355981826782e-01,1.470738500356674194e-01,-1.608704179525375366e-01,-4.003882408142089844e-01,-6.163779273629188538e-02,8.774670213460922241e-02,-2.043268829584121704e-01,1.924611330032348633e-01,-2.976070046424865723e-01,1.606549173593521118e-01,-9.343006648123264313e-03
-1.126227140426635742e+00,-1.504652202129364014e-01,8.320313692092895508e-01,2.209811843931674957e-02,2.843385329470038414e-03,-6.726915836334228516e-01,7.395874857902526855e-01,-8.295564055442810059e-01,8.663725852966308594e-02,-7.961934804916381836e-02,1.171466112136840820e+00,-1.386509388685226440e-01,5.358419567346572876e-02,-1.039897501468658447e-01,-3.234641253948211670e-02,-2.685678303241729736e-01,1.379017531871795654e-01,-7.628205418586730957e-02,-1.468651369214057922e-02,-4.791309684514999390e-02,2.146691381931304932e-01,1.449679583311080933e-01,-1.602592468261718750e-01,-3.973996639251708984e-01,-6.153553351759910583e-02,8.586882054805755615e-02,-2.080617845058441162e-01,1.929880231618881226e-01,-2.983873188495635986e-01,1.591356545686721802e-01,-8.442359045147895813e-03
-1.125502824783325195e+00,-1.504993140697479248e-01,8.321149945259094238e-01,2.229212410748004913e-02,2.890692790970206261e-03,-6.741762161254882812e-01,7.382283806800842285e-01,-8.351134061813354492e-01,8.576540648937225342e-02,-8.079949766397476196e-02,1.183303236961364746e+00,-1.533260643482208252e-01,5.896880477666854858e-02,-1.046608611941337585e-01,-3.297731280326843262e-02,-2.647048830986022949e-01,1.371811777353286743e-01,-7.529336214065551758e-02,-1.406079065054655075e-02,-4.746797680854797363e-02,2.177809029817581177e-01,1.430326849222183228e-01,-1.595958620309829712e-01,-3.946939408779144287e-01,-6.163312494754791260e-02,8.407708257436752319e-02,-2.114448845386505127e-01,1.933453232049942017e-01,-2.990695238113403320e-01,1.572313755750656128e-01,-7.615623530000448227e-03
-1.124780535697937012e+00,-1.506147533655166626e-01,8.321905136108398438e-01,2.246586419641971588e-02,3.008577972650527954e-03,-6.754631400108337402e-01,7.370452880859375000e-01,-8.385478258132934570e-01,8.425939083099365234e-02,-8.253065496683120728e-02,1.191159486770629883e+00,-1.652657538652420044e-01,6.386531144380569458e-02,-1.066602319478988647e-01,-3.361271694302558899e-02,-2.607634365558624268e-01,1.370165497064590454e-01,-7.367150485515594482e-02,-1.363591384142637253e-02,-4.748635366559028625e-02,2.206177711486816406e-01,1.413040310144424438e-01,-1.589014977216720581e-01,-3.924368321895599365e-01,-6.187592446804046631e-02,8.249193429946899414e-02,-2.144830822944641113e-01,1.937531977891921997e-01,-2.995049357414245605e-01,1.553956121206283569e-01,-6.910338066518306732e-03
-1.124030232429504395e+00,-1.506700068712234497e-01,8.321973681449890137e-01,2.275737375020980835e-02,3.244326217100024223e-03,-6.767242550849914551e-01,7.358775734901428223e-01,-8.399912118911743164e-01,8.215682953596115112e-02,-8.471444994211196899e-02,1.195097446441650391e+00,-1.760747432708740234e-01,6.777524948120117188e-02,-1.064427420496940613e-01,-3.427832201123237610e-02,-2.570056021213531494e-01,1.369071155786514282e-01,-7.359468191862106323e-02,-1.251820661127567291e-02,-4.718980565667152405e-02,2.231286913156509399e-01,1.396232247352600098e-01,-1.580703854560852051e-01,-3.906236290931701660e-01,-6.200413778424263000e-02,8.111612498760223389e-02,-2.171800583600997925e-01,1.941673606634140015e-01,-2.996404469013214111e-01,1.535105556249618530e-01,-6.278228014707565308e-03
-1.123250126838684082e+00,-1.507990807294845581e-01,8.322166800498962402e-01,2.298959903419017792e-02,3.489851253107190132e-03,-6.778494119644165039e-01,7.348329424858093262e-01,-8.387336730957031250e-01,7.980995625257492065e-02,-8.719270676374435425e-02,1.194754242897033691e+00,-1.846115738153457642e-01,6.775535643100738525e-02,-1.060802266001701355e-01,-3.485552966594696045e-02,-2.539058327674865723e-01,1.362670361995697021e-01,-7.350863516330718994e-02,-1.139960251748561859e-02,-4.697911068797111511e-02,2.252909690141677856e-01,1.380116194486618042e-01,-1.571747660636901855e-01,-3.893675804138183594e-01,-6.206878274679183960e-02,7.991074770689010620e-02,-2.194719165563583374e-01,1.945950239896774292e-01,-2.995709478855133057e-01,1.516047418117523193e-01,-5.738212261348962784e-03
-1.122402787208557129e+00,-1.509319394826889038e-01,8.322374820709228516e-01,2.282858826220035553e-02,3.548035398125648499e-03,-6.788951158523559570e-01,7.338716983795166016e-01,-8.341940641403198242e-01,7.699204236268997192e-02,-9.023287892341613770e-02,1.190331459045410156e+00,-1.911781728267669678e-01,6.870500743389129639e-02,-1.085936129093170166e-01,-3.541576489806175232e-02,-2.505761384963989258e-01,1.367945373058319092e-01,-7.146438956260681152e-02,-1.089631486684083939e-02,-4.684325307607650757e-02,2.276858985424041748e-01,1.361267417669296265e-01,-1.558978408575057983e-01,-3.880861401557922363e-01,-6.250398606061935425e-02,7.864686101675033569e-02,-2.219679206609725952e-01,1.953952461481094360e-01,-2.984918057918548584e-01,1.478963345289230347e-01,-5.133575759828090668e-03
-1.121477961540222168e+00,-1.510840356349945068e-01,8.322309851646423340e-01,2.290285378694534302e-02,3.849666798487305641e-03,-6.798859238624572754e-01,7.329500317573547363e-01,-8.269411921501159668e-01,7.384178042411804199e-02,-9.310711920261383057e-02,1.180434942245483398e+00,-1.970279514789581299e-01,6.696350872516632080e-02,-1.087573021650314331e-01,-3.597171604633331299e-02,-2.475254237651824951e-01,1.366948485374450684e-01,-7.143566757440567017e-02,-9.711973369121551514e-03,-4.710490256547927856e-02,2.296522110700607300e-01,1.344927102327346802e-01,-1.549047082662582397e-01,-3.879373073577880859e-01,-6.346968561410903931e-02,7.763518393039703369e-02,-2.238142490386962891e-01,1.964253634214401245e-01,-2.973407804965972900e-01,1.453064233064651489e-01,-4.716382361948490143e-03
-1.120501041412353516e+00,-1.512498408555984497e-01,8.322359323501586914e-01,2.283443883061408997e-02,4.109263885766267776e-03,-6.809585094451904297e-01,7.319543957710266113e-01,-8.173487782478332520e-01,6.981795281171798706e-02,-9.724938124418258667e-02,1.166802167892456055e+00,-2.012517303228378296e-01,6.367180496454238892e-02,-1.094829961657524109e-01,-3.634133934974670410e-02,-2.442730665206909180e-01,1.361044943332672119e-01,-7.052566111087799072e-02,-8.749423548579216003e-03,-4.708177596330642700e-02,2.312539368867874146e-01,1.330660879611968994e-01,-1.539696902036666870e-01,-3.888729214668273926e-01,-6.406305730342864990e-02,7.694052904844284058e-02,-2.249785512685775757e-01,1.972354799509048462e-01,-2.952671647071838379e-01,1.422256231307983398e-01,-4.449756350368261337e-03
-1.119443178176879883e+00,-1.514571011066436768e-01,8.322142958641052246e-01,2.280025370419025421e-02,4.474356304854154587e-03,-6.820330023765563965e-01,7.309522032737731934e-01,-8.044614195823669434e-01,6.497783958911895752e-02,-1.017710864543914795e-01,1.147696971893310547e+00,-2.031554281711578369e-01,5.591601505875587463e-02,-1.094912365078926086e-01,-3.678596764802932739e-02,-2.415093630552291870e-01,1.354712396860122681e-01,-7.000961899757385254e-02,-7.417461369186639786e-03,-4.629816487431526184e-02,2.326392978429794312e-01,1.318384706974029541e-01,-1.533115357160568237e-01,-3.902945518493652344e-01,-6.448756158351898193e-02,7.635080069303512573e-02,-2.255953550338745117e-01,1.980838030576705933e-01,-2.934795618057250977e-01,1.394228935241699219e-01,-4.429458640515804291e-03
-1.118301630020141602e+00,-1.516972631216049194e-01,8.321704864501953125e-01,2.257147803902626038e-02,4.804083611816167831e-03,-6.833265423774719238e-01,7.297480702400207520e-01,-7.889352440834045410e-01,5.966868624091148376e-02,-1.078377217054367065e-01,1.124226927757263184e+00,-2.028565406799316406e-01,4.788742214441299438e-02,-1.088487058877944946e-01,-3.696657717227935791e-02,-2.388278245925903320e-01,1.339369565248489380e-01,-6.953766196966171265e-02,-6.045753601938486099e-03,-4.540328681468963623e-02,2.337129116058349609e-01,1.309737563133239746e-01,-1.529426872730255127e-01,-3.929112851619720459e-01,-6.532832235097885132e-02,7.599131017923355103e-02,-2.256944626569747925e-01,1.991112232208251953e-01,-2.914306819438934326e-01,1.369004398584365845e-01,-4.474047571420669556e-03
-1.117071151733398438e+00,-1.520396620035171509e-01,8.320808410644531250e-01,2.224186062812805176e-02,5.388990975916385651e-03,-6.846652030944824219e-01,7.284983396530151367e-01,-7.705578207969665527e-01,5.447223410010337830e-02,-1.144736632704734802e-01,1.095742106437683105e+00,-2.009433507919311523e-01,3.620620444416999817e-02,-1.086795628070831299e-01,-3.650931268930435181e-02,-2.350751161575317383e-01,1.319739222526550293e-01,-6.835554540157318115e-02,-4.796627443283796310e-03,-4.539138451218605042e-02,2.345817685127258301e-01,1.305013298988342285e-01,-1.527526676654815674e-01,-3.960131704807281494e-01,-6.665525585412979126e-02,7.587289810180664062e-02,-2.251191735267639160e-01,2.001416683197021484e-01,-2.887427508831024170e-01,1.337988227605819702e-01,-4.474820103496313095e-03
-1.115761637687683105e+00,-1.523557603359222412e-01,8.319373130798339844e-01,2.115766517817974091e-02,5.612130742520093918e-03,-6.862788796424865723e-01,7.270090579986572266e-01,-7.480663657188415527e-01,4.974609613418579102e-02,-1.214649975299835205e-01,1.062995672225952148e+00,-1.973879933357238770e-01,2.455281466245651245e-02,-1.061274558305740356e-01,-3.540321812033653259e-02,-2.310585230588912964e-01,1.296730339527130127e-01,-6.777463108301162720e-02,-3.419320797547698021e-03,-4.538951441645622253e-02,2.351518571376800537e-01,1.303426176309585571e-01,-1.526115983724594116e-01,-4.001908898353576660e-01,-6.866258382797241211e-02,7.611699402332305908e-02,-2.240342348814010620e-01,2.017255574464797974e-01,-2.857947647571563721e-01,1.314364373683929443e-01,-4.267781972885131836e-03
-1.114244341850280762e+00,-1.528805345296859741e-01,8.318060636520385742e-01,2.048485353589057922e-02,6.186076905578374863e-03,-6.880001425743103027e-01,7.253949642181396484e-01,-7.237757444381713867e-01,4.479223862290382385e-02,-1.287585943937301636e-01,1.025249958038330078e+00,-1.905197948217391968e-01,8.160380646586418152e-03,-1.045672595500946045e-01,-3.451935574412345886e-02,-2.262942790985107422e-01,1.264348477125167847e-01,-6.638249009847640991e-02,-1.859488082118332386e-03,-4.461127892136573792e-02,2.355421930551528931e-01,1.305569112300872803e-01,-1.523190885782241821e-01,-4.047835469245910645e-01,-7.083709537982940674e-02,7.644279301166534424e-02,-2.223962992429733276e-01,2.039715796709060669e-01,-2.832288742065429688e-01,1.304431855678558350e-01,-3.912184387445449829e-03
-1.112581849098205566e+00,-1.533986181020736694e-01,8.316201567649841309e-01,1.953957043588161469e-02,6.782150827348232269e-03,-6.902408599853515625e-01,7.232840061187744141e-01,-6.959008574485778809e-01,4.039859399199485779e-02,-1.364679783582687378e-01,9.822667241096496582e-01,-1.826748251914978027e-01,-1.042654272168874741e-02,-1.018640846014022827e-01,-3.321472555398941040e-02,-2.210076451301574707e-01,1.223169341683387756e-01,-6.501748412847518921e-02,-7.975226617418229580e-05,-4.337027296423912048e-02,2.358315140008926392e-01,1.310394853353500366e-01,-1.514777690172195435e-01,-4.092075824737548828e-01,-7.199111580848693848e-02,7.671859860420227051e-02,-2.204080075025558472e-01,2.065210938453674316e-01,-2.807543873786926270e-01,1.306240558624267578e-01,-3.240535967051982880e-03
-1.110819578170776367e+00,-1.537931561470031738e-01,8.313680291175842285e-01,1.796170510351657867e-02,7.165846414864063263e-03,-6.926185488700866699e-01,7.210447788238525391e-01,-6.645542979240417480e-01,3.691268712282180786e-02,-1.446530073881149292e-01,9.347616434097290039e-01,-1.690193414688110352e-01,-2.743813954293727875e-02,-9.785258024930953979e-02,-3.135303035378456116e-02,-2.160501629114151001e-01,1.175553202629089355e-01,-6.338778138160705566e-02,1.714759739115834236e-03,-4.208507761359214783e-02,2.365555614233016968e-01,1.318609267473220825e-01,-1.499387323856353760e-01,-4.136086106300354004e-01,-7.227893918752670288e-02,7.697563618421554565e-02,-2.177013307809829712e-01,2.094678580760955811e-01,-2.760123908519744873e-01,1.311328262090682983e-01,-2.196805551648139954e-03
-1.108929276466369629e+00,-1.543532311916351318e-01,8.310189247131347656e-01,1.632758602499961853e-02,7.561142556369304657e-03,-6.952957510948181152e-01,7.184984683990478516e-01,-6.306045055389404297e-01,3.362666442990303040e-02,-1.534442901611328125e-01,8.827116489410400391e-01,-1.498451679944992065e-01,-4.686079919338226318e-02,-9.530993551015853882e-02,-2.979496121406555176e-02,-2.101700454950332642e-01,1.146204769611358643e-01,-6.065640598535537720e-02,3.669424215331673622e-03,-4.029890894889831543e-02,2.370612621307373047e-01,1.328438073396682739e-01,-1.481407880783081055e-01,-4.168027937412261963e-01,-7.192764431238174438e-02,7.735410332679748535e-02,-2.144206166267395020e-01,2.126707732677459717e-01,-2.712126970291137695e-01,1.322513222694396973e-01,-8.997959084808826447e-04
-1.106934547424316406e+00,-1.548668295145034790e-01,8.305322527885437012e-01,1.442819088697433472e-02,7.824843749403953552e-03,-6.981263756752014160e-01,7.157863974571228027e-01,-5.943519473075866699e-01,3.048975393176078796e-02,-1.633820086717605591e-01,8.268271684646606445e-01,-1.217877492308616638e-01,-6.668307632207870483e-02,-9.359454363584518433e-02,-2.857833541929721832e-02,-2.032523602247238159e-01,1.157211214303970337e-01,-5.949650332331657410e-02,5.936194676905870438e-03,-3.835802897810935974e-02,2.374615371227264404e-01,1.339601874351501465e-01,-1.463429182767868042e-01,-4.196445047855377197e-01,-7.171718031167984009e-02,7.771078497171401978e-02,-2.107156217098236084e-01,2.160624712705612183e-01,-2.658576965332031250e-01,1.338405758142471313e-01,7.854625582695007324e-04
-1.104906439781188965e+00,-1.555262804031372070e-01,8.299617767333984375e-01,1.211988180875778198e-02,8.191555738449096680e-03,-7.010322213172912598e-01,7.129795551300048828e-01,-5.555203557014465332e-01,2.867067232728004456e-02,-1.740015894174575806e-01,7.667835354804992676e-01,-8.477351814508438110e-02,-8.695816248655319214e-02,-9.152594953775405884e-02,-2.658387459814548492e-02,-1.963025927543640137e-01,1.167808845639228821e-01,-5.935179442167282104e-02,8.087444119155406952e-03,-3.671684861183166504e-02,2.378526628017425537e-01,1.354326158761978149e-01,-1.445022821426391602e-01,-4.219881892204284668e-01,-7.188677042722702026e-02,7.816343754529953003e-02,-2.064283043146133423e-01,2.198662310838699341e-01,-2.600421607494354248e-01,1.359061002731323242e-01,2.442565513774752617e-03
-1.102811098098754883e+00,-1.563155353069305420e-01,8.294277787208557129e-01,1.029462181031703949e-02,8.905626833438873291e-03,-7.043077349662780762e-01,7.097642421722412109e-01,-5.157262086868286133e-01,2.732848189771175385e-02,-1.849491745233535767e-01,7.017472982406616211e-01,-3.552597388625144958e-02,-1.051710471510887146e-01,-9.163959324359893799e-02,-2.484164386987686157e-02,-1.882226616144180298e-01,1.181277856230735779e-01,-5.875418335199356079e-02,1.018302235752344131e-02,-3.451524302363395691e-02,2.382560521364212036e-01,1.371236890554428101e-01,-1.425482630729675293e-01,-4.245603680610656738e-01,-7.133474200963973999e-02,7.841587066650390625e-02,-2.016189396381378174e-01,2.238627672195434570e-01,-2.543331384658813477e-01,1.379966586828231812e-01,3.963898401707410812e-03
-1.100423574447631836e+00,-1.569097787141799927e-01,8.287096619606018066e-01,7.221592590212821960e-03,9.216433390974998474e-03,-7.077109813690185547e-01,7.064050436019897461e-01,-4.730691313743591309e-01,2.745066583156585693e-02,-1.966924369335174561e-01,6.343764662742614746e-01,2.704484388232231140e-02,-1.258186250925064087e-01,-8.889153599739074707e-02,-2.207354083657264709e-02,-1.797249019145965576e-01,1.192918643355369568e-01,-5.992827937006950378e-02,1.247424446046352386e-02,-3.211115300655364990e-02,2.388891875743865967e-01,1.391654163599014282e-01,-1.406934261322021484e-01,-4.256393909454345703e-01,-7.199070602655410767e-02,7.867912203073501587e-02,-1.964102536439895630e-01,2.282086014747619629e-01,-2.472346425056457520e-01,1.406540721654891968e-01,5.660119000822305679e-03
-1.098266124725341797e+00,-1.577156484127044678e-01,8.280963301658630371e-01,5.062623415142297745e-03,9.353157132863998413e-03,-7.109849452972412109e-01,7.031267881393432617e-01,-4.358757436275482178e-01,2.675704471766948700e-02,-2.071518748998641968e-01,5.783513188362121582e-01,6.117058917880058289e-02,-1.093939915299415588e-01,-8.632782846689224243e-02,-2.096658386290073395e-02,-1.715125888586044312e-01,1.224362775683403015e-01,-6.260245293378829956e-02,1.508973911404609680e-02,-3.077081032097339630e-02,2.396966367959976196e-01,1.406301259994506836e-01,-1.390909552574157715e-01,-4.264922440052032471e-01,-7.254022359848022461e-02,7.868050783872604370e-02,-1.913617551326751709e-01,2.327103912830352783e-01,-2.392226159572601318e-01,1.429687589406967163e-01,7.205499336123466492e-03
-1.095757484436035156e+00,-1.582795083522796631e-01,8.273412585258483887e-01,3.000746946781873703e-03,9.172432124614715576e-03,-7.123320102691650391e-01,7.017763257026672363e-01,-4.025909006595611572e-01,3.000921383500099182e-02,-2.047096490859985352e-01,5.338311791419982910e-01,2.460247464478015900e-02,-8.845100551843643188e-02,-8.908417075872421265e-02,-2.235033549368381500e-02,-1.671365946531295776e-01,1.342470496892929077e-01,-6.724857538938522339e-02,1.828623563051223755e-02,-3.527892008423805237e-02,2.405600249767303467e-01,1.417073011398315430e-01,-1.376368403434753418e-01,-4.269952774047851562e-01,-7.288745790719985962e-02,7.839815318584442139e-02,-1.864666789770126343e-01,2.373396754264831543e-01,-2.312021702527999878e-01,1.445726305246353149e-01,8.689968846738338470e-03
-1.093340873718261719e+00,-1.587938070297241211e-01,8.265144228935241699e-01,9.881294099614024162e-04,9.355032816529273987e-03,-7.139687538146972656e-01,7.001143693923950195e-01,-3.703118264675140381e-01,3.657728806138038635e-02,-1.953834146261215210e-01,4.959827959537506104e-01,-1.710956729948520660e-02,-8.149240911006927490e-02,-9.232524782419204712e-02,-2.308470755815505981e-02,-1.619928479194641113e-01,1.459527164697647095e-01,-7.167787104845046997e-02,2.143437787890434265e-02,-3.941943123936653137e-02,2.414565831422805786e-01,1.429064720869064331e-01,-1.362427622079849243e-01,-4.279921352863311768e-01,-7.322055846452713013e-02,7.779318839311599731e-02,-1.813497245311737061e-01,2.421886771917343140e-01,-2.234970629215240479e-01,1.452463120222091675e-01,1.000747364014387131e-02
-1.090505242347717285e+00,-1.593126505613327026e-01,8.255726099014282227e-01,-9.820532286539673805e-04,9.960851632058620453e-03,-7.165616154670715332e-01,6.974520087242126465e-01,-3.376643359661102295e-01,4.294550046324729919e-02,-1.836675256490707397e-01,4.564588069915771484e-01,-5.465634167194366455e-02,-8.105412125587463379e-02,-9.882487356662750244e-02,-2.361697144806385040e-02,-1.542122364044189453e-01,1.598746478557586670e-01,-7.738735526800155640e-02,2.539374679327011108e-02,-4.173096269369125366e-02,2.425277382135391235e-01,1.444703042507171631e-01,-1.349747627973556519e-01,-4.285936951637268066e-01,-7.451085001230239868e-02,7.676653563976287842e-02,-1.760865151882171631e-01,2.471794635057449341e-01,-2.159495055675506592e-01,1.438074409961700439e-01,1.138704456388950348e-02
-1.087961912155151367e+00,-1.599190682172775269e-01,8.248680830001831055e-01,-1.580590265803039074e-03,1.045104302465915680e-02,-7.188287973403930664e-01,6.951067447662353516e-01,-3.114060163497924805e-01,4.650020226836204529e-02,-1.672328412532806396e-01,4.243179261684417725e-01,-8.823920786380767822e-02,-6.907194852828979492e-02,-1.085509434342384338e-01,-2.593676932156085968e-02,-1.447108238935470581e-01,1.767545491456985474e-01,-8.349360525608062744e-02,2.821880951523780823e-02,-4.442708566784858704e-02,2.435124367475509644e-01,1.456652730703353882e-01,-1.339749544858932495e-01,-4.308903813362121582e-01,-7.517425715923309326e-02,7.512985914945602417e-02,-1.714090704917907715e-01,2.524349689483642578e-01,-2.081311643123626709e-01,1.423877328634262085e-01,1.257874257862567902e-02
-1.085711240768432617e+00,-1.604843735694885254e-01,8.245359063148498535e-01,-1.307108759647235274e-04,1.082538347691297531e-02,-7.210459709167480469e-01,6.928026080131530762e-01,-2.923676073551177979e-01,4.642307013273239136e-02,-1.500476151704788208e-01,3.959646522998809814e-01,-1.047718748450279236e-01,-5.419658496975898743e-02,-1.240418031811714172e-01,-3.075652383267879486e-02,-1.320491731166839600e-01,1.958303004503250122e-01,-8.910805732011795044e-02,3.033330664038658142e-02,-4.639172926545143127e-02,2.439205646514892578e-01,1.465000212192535400e-01,-1.334751993417739868e-01,-4.345925748348236084e-01,-7.601396739482879639e-02,7.313415408134460449e-02,-1.676374077796936035e-01,2.572844028472900391e-01,-2.024483084678649902e-01,1.409465074539184570e-01,1.327535789459943771e-02
-1.083560943603515625e+00,-1.609975695610046387e-01,8.246483802795410156e-01,2.360529033467173576e-03,1.074200496077537537e-02,-7.237015366554260254e-01,6.900254487991333008e-01,-2.754705846309661865e-01,4.372803866863250732e-02,-1.352769434452056885e-01,3.646294474601745605e-01,-1.038245037198066711e-01,-4.051686823368072510e-02,-1.424461752176284790e-01,-3.714222088456153870e-02,-1.155936866998672485e-01,2.179099768400192261e-01,-9.283733367919921875e-02,3.243511170148849487e-02,-4.745783284306526184e-02,2.440205365419387817e-01,1.466637849807739258e-01,-1.332795023918151855e-01,-4.397881329059600830e-01,-7.656650990247726440e-02,7.005446404218673706e-02,-1.649498343467712402e-01,2.621493339538574219e-01,-1.955981105566024780e-01,1.390810459852218628e-01,1.350079849362373352e-02
-1.081328272819519043e+00,-1.613336503505706787e-01,8.250210881233215332e-01,4.587050992995500565e-03,9.966477751731872559e-03,-7.262468934059143066e-01,6.873463988304138184e-01,-2.580251991748809814e-01,4.011569172143936157e-02,-1.206561475992202759e-01,3.339692354202270508e-01,-9.918636083602905273e-02,-3.068451769649982452e-02,-1.620976924896240234e-01,-4.442289844155311584e-02,-9.974730759859085083e-02,2.442027032375335693e-01,-9.371955692768096924e-02,3.445743769407272339e-02,-4.781399294734001160e-02,2.439060956239700317e-01,1.460740119218826294e-01,-1.335975974798202515e-01,-4.449397623538970947e-01,-7.718045264482498169e-02,6.603582948446273804e-02,-1.632926613092422485e-01,2.663197815418243408e-01,-1.869502663612365723e-01,1.348293423652648926e-01,1.297901198267936707e-02
-1.079434514045715332e+00,-1.615217626094818115e-01,8.255673050880432129e-01,6.812524050474166870e-03,8.956667967140674591e-03,-7.282897233963012695e-01,6.851769685745239258e-01,-2.430505305528640747e-01,3.666346147656440735e-02,-1.071875244379043579e-01,3.072259724140167236e-01,-9.106440097093582153e-02,-3.112068772315979004e-02,-1.826316267251968384e-01,-5.111551657319068909e-02,-8.258891105651855469e-02,2.721222341060638428e-01,-9.212629497051239014e-02,3.615839779376983643e-02,-4.872285947203636169e-02,2.436072528362274170e-01,1.450976729393005371e-01,-1.345693767070770264e-01,-4.495411813259124756e-01,-7.845042645931243896e-02,6.109558418393135071e-02,-1.624321490526199341e-01,2.699494361877441406e-01,-1.770076304674148560e-01,1.293465048074722290e-01,1.179414801299571991e-02
-1.077712774276733398e+00,-1.613499522209167480e-01,8.261695504188537598e-01,8.501553907990455627e-03,7.587338797748088837e-03,-7.297637462615966797e-01,6.836044788360595703e-01,-2.325416803359985352e-01,3.372885659337043762e-02,-9.495854377746582031e-02,2.889905571937561035e-01,-8.178959041833877563e-02,-3.765605017542839050e-02,-2.018370479345321655e-01,-5.770187079906463623e-02,-7.026291638612747192e-02,2.998345494270324707e-01,-8.908111602067947388e-02,3.577108308672904968e-02,-4.962292313575744629e-02,2.430520355701446533e-01,1.441509723663330078e-01,-1.359477341175079346e-01,-4.516830444335937500e-01,-7.945669442415237427e-02,5.633822828531265259e-02,-1.612192392349243164e-01,2.719271779060363770e-01,-1.748646050691604614e-01,1.257424950599670410e-01,1.048810780048370361e-02
-1.076016545295715332e+00,-1.608988195657730103e-01,8.268220424652099609e-01,9.884546510875225067e-03,6.197789683938026428e-03,-7.311477065086364746e-01,6.821194291114807129e-01,-2.244561314582824707e-01,3.087378852069377899e-02,-8.228890597820281982e-02,2.743749320507049561e-01,-7.068456709384918213e-02,-4.569169133901596069e-02,-2.230085283517837524e-01,-6.349723041057586670e-02,-6.094912439584732056e-02,3.308230936527252197e-01,-8.354461938142776489e-02,3.398041427135467529e-02,-5.021783336997032166e-02,2.422600835561752319e-01,1.429906338453292847e-01,-1.380557119846343994e-01,-4.541069865226745605e-01,-8.096682280302047729e-02,5.018565803766250610e-02,-1.595167517662048340e-01,2.732266187667846680e-01,-1.749844253063201904e-01,1.205105036497116089e-01,8.565387688577175140e-03
-1.074240803718566895e+00,-1.602799445390701294e-01,8.274554610252380371e-01,1.084001269191503525e-02,5.215980112552642822e-03,-7.319858670234680176e-01,6.812136173248291016e-01,-2.185159772634506226e-01,2.889916487038135529e-02,-7.044086605310440063e-02,2.626533210277557373e-01,-6.034743040800094604e-02,-5.521665886044502258e-02,-2.455435395240783691e-01,-6.905425339937210083e-02,-5.238732695579528809e-02,3.640438914299011230e-01,-7.419971376657485962e-02,3.501700237393379211e-02,-5.176908522844314575e-02,2.412543892860412598e-01,1.417696177959442139e-01,-1.408660113811492920e-01,-4.566341340541839600e-01,-8.290525525808334351e-02,4.327720403671264648e-02,-1.572708189487457275e-01,2.740617990493774414e-01,-1.767750233411788940e-01,1.141788065433502197e-01,5.898431874811649323e-03
-1.072197556495666504e+00,-1.594698280096054077e-01,8.280606269836425781e-01,1.104838214814662933e-02,4.868526943027973175e-03,-7.325776815414428711e-01,6.805763840675354004e-01,-2.141071557998657227e-01,2.831847406923770905e-02,-5.915308743715286255e-02,2.532783746719360352e-01,-5.217235535383224487e-02,-6.412438303232192993e-02,-2.697073817253112793e-01,-7.333586364984512329e-02,-4.438585415482521057e-02,3.990494906902313232e-01,-5.942450463771820068e-02,3.761713579297065735e-02,-5.408922582864761353e-02,2.400427758693695068e-01,1.408079862594604492e-01,-1.443216055631637573e-01,-4.591228365898132324e-01,-8.537198603153228760e-02,3.646101430058479309e-02,-1.545025557279586792e-01,2.741493284702301025e-01,-1.787846833467483521e-01,1.066471263766288757e-01,2.628125483170151711e-03
-1.069927811622619629e+00,-1.584821641445159912e-01,8.285214900970458984e-01,1.097412873059511185e-02,4.882568959146738052e-03,-7.334243059158325195e-01,6.796650290489196777e-01,-2.109176814556121826e-01,2.815250679850578308e-02,-4.713872075080871582e-02,2.460697442293167114e-01,-4.587898775935173035e-02,-6.849400699138641357e-02,-2.957589328289031982e-01,-7.720302045345306396e-02,-3.695981577038764954e-02,4.358500838279724121e-01,-4.124948009848594666e-02,4.165029153227806091e-02,-5.672453343868255615e-02,2.386062592267990112e-01,1.399940252304077148e-01,-1.482416689395904541e-01,-4.617815315723419189e-01,-8.784849941730499268e-02,3.048136830329895020e-02,-1.516368240118026733e-01,2.738490700721740723e-01,-1.794449985027313232e-01,9.867483377456665039e-02,-1.181991538032889366e-03
-1.067265272140502930e+00,-1.575051248073577881e-01,8.289559483528137207e-01,1.092094555497169495e-02,5.586977582424879074e-03,-7.347303628921508789e-01,6.782483458518981934e-01,-2.090942114591598511e-01,2.808045223355293274e-02,-3.579043224453926086e-02,2.397901862859725952e-01,-4.286153241991996765e-02,-6.633450090885162354e-02,-3.256146609783172607e-01,-8.094613999128341675e-02,-2.931921742856502533e-02,4.758237600326538086e-01,-1.845043152570724487e-02,5.335571244359016418e-02,-5.841027945280075073e-02,2.368469685316085815e-01,1.395227760076522827e-01,-1.525364369153976440e-01,-4.647172093391418457e-01,-9.044785052537918091e-02,2.547538094222545624e-02,-1.489424109458923340e-01,2.734764814376831055e-01,-1.787877529859542847e-01,9.131471067667007446e-02,-5.250100046396255493e-03
-1.064481616020202637e+00,-1.565452367067337036e-01,8.292856812477111816e-01,1.118737738579511642e-02,6.657367572188377380e-03,-7.363910675048828125e-01,6.764308810234069824e-01,-2.074252814054489136e-01,2.763820067048072815e-02,-2.531802468001842499e-02,2.324549704790115356e-01,-4.092190787196159363e-02,-6.263279169797897339e-02,-3.597763478755950928e-01,-8.417571336030960083e-02,-1.708257943391799927e-02,5.174906253814697266e-01,8.822183124721050262e-03,6.093046441674232483e-02,-6.076660007238388062e-02,2.346226423978805542e-01,1.396560966968536377e-01,-1.569021940231323242e-01,-4.681869149208068848e-01,-9.301660209894180298e-02,2.098515443503856659e-02,-1.461033821105957031e-01,2.733767330646514893e-01,-1.777342855930328369e-01,8.490140736103057861e-02,-9.435906074941158295e-03
-1.061550617218017578e+00,-1.556398123502731323e-01,8.295578360557556152e-01,1.215770561248064041e-02,8.229177445173263550e-03,-7.387257218360900879e-01,6.738463044166564941e-01,-2.065269649028778076e-01,2.657043933868408203e-02,-1.497960928827524185e-02,2.238758504390716553e-01,-3.965450450778007507e-02,-5.781095102429389954e-02,-3.972398936748504639e-01,-8.627542853355407715e-02,-5.318847834132611752e-04,5.589556694030761719e-01,3.782792761921882629e-02,6.761215627193450928e-02,-6.280850619077682495e-02,2.319252938032150269e-01,1.403929293155670166e-01,-1.613311469554901123e-01,-4.723425507545471191e-01,-9.568089246749877930e-02,1.693633385002613068e-02,-1.434945464134216309e-01,2.737615704536437988e-01,-1.761116981506347656e-01,7.961041480302810669e-02,-1.352607272565364838e-02
-1.058655261993408203e+00,-1.547613739967346191e-01,8.297297954559326172e-01,1.391805149614810944e-02,9.776691906154155731e-03,-7.420617341995239258e-01,6.701157689094543457e-01,-2.055877447128295898e-01,2.462501078844070435e-02,-3.583495505154132843e-03,2.139866203069686890e-01,-3.823783248662948608e-02,-5.419852212071418762e-02,-4.368726313114166260e-01,-8.773235231637954712e-02,1.785748824477195740e-02,6.002732515335083008e-01,6.711570918560028076e-02,8.153437823057174683e-02,-6.280932575464248657e-02,2.286612987518310547e-01,1.416814178228378296e-01,-1.655269712209701538e-01,-4.773388206958770752e-01,-9.817906469106674194e-02,1.301397196948528290e-02,-1.414215117692947388e-01,2.753342092037200928e-01,-1.743887364864349365e-01,7.645370066165924072e-02,-1.732265949249267578e-02
-1.055824995040893555e+00,-1.538629829883575439e-01,8.298272490501403809e-01,1.582237519323825836e-02,1.095362380146980286e-02,-7.462242841720581055e-01,6.654164195060729980e-01,-2.034679800271987915e-01,2.228550799190998077e-02,9.056414477527141571e-03,2.035773992538452148e-01,-3.697014972567558289e-02,-5.024055764079093933e-02,-4.782884120941162109e-01,-8.858497440814971924e-02,3.771035745739936829e-02,6.430912613868713379e-01,9.460891783237457275e-02,9.549067169427871704e-02,-6.140037626028060913e-02,2.251019328832626343e-01,1.434190571308135986e-01,-1.689915060997009277e-01,-4.825649559497833252e-01,-9.997406601905822754e-02,9.579004719853401184e-03,-1.400153934955596924e-01,2.781852781772613525e-01,-1.721487790346145630e-01,7.560610771179199219e-02,-2.061459422111511230e-02
-1.053149819374084473e+00,-1.530840545892715454e-01,8.297026157379150391e-01,1.792697794735431671e-02,1.182610727846622467e-02,-7.508546710014343262e-01,6.601182222366333008e-01,-2.011144608259201050e-01,1.966596394777297974e-02,2.325540594756603241e-02,1.939527988433837891e-01,-3.713672235608100891e-02,-4.746851325035095215e-02,-5.198056697845458984e-01,-8.849448710680007935e-02,5.773952603340148926e-02,6.858092546463012695e-01,1.174034476280212402e-01,1.108883023262023926e-01,-5.853461101651191711e-02,2.213172316551208496e-01,1.454562991857528687e-01,-1.715469509363174438e-01,-4.879553616046905518e-01,-1.007566526532173157e-01,6.407466251403093338e-03,-1.394516378641128540e-01,2.828676700592041016e-01,-1.695668995380401611e-01,7.785151153802871704e-02,-2.339923568069934845e-02
-1.050662040710449219e+00,-1.523742079734802246e-01,8.295227885246276855e-01,2.005851641297340393e-02,1.251697074621915817e-02,-7.557783722877502441e-01,6.544005274772644043e-01,-2.000394910573959351e-01,1.724142953753471375e-02,3.884797170758247375e-02,1.864050179719924927e-01,-3.725720196962356567e-02,-4.493831843137741089e-02,-5.593979954719543457e-01,-8.798871934413909912e-02,7.485271990299224854e-02,7.262842059135437012e-01,1.344225406646728516e-01,1.250298023223876953e-01,-5.381735041737556458e-02,2.173768877983093262e-01,1.476652175188064575e-01,-1.729796379804611206e-01,-4.933227300643920898e-01,-1.001955047249794006e-01,3.470794297754764557e-03,-1.398147940635681152e-01,2.890031039714813232e-01,-1.664577275514602661e-01,8.284719288349151611e-02,-2.566534094512462616e-02
-1.048395872116088867e+00,-1.516849249601364136e-01,8.292953372001647949e-01,2.241326309740543365e-02,1.333844754844903946e-02,-7.607837915420532227e-01,6.484811305999755859e-01,-1.968121081590652466e-01,1.525575108826160431e-02,5.539861693978309631e-02,1.778649687767028809e-01,-3.870938345789909363e-02,-4.300640150904655457e-02,-5.985084772109985352e-01,-8.845153450965881348e-02,8.657883107662200928e-02,7.671719789505004883e-01,1.429479718208312988e-01,1.344726085662841797e-01,-4.794326424598693848e-02,2.133248895406723022e-01,1.500751823186874390e-01,-1.732170283794403076e-01,-4.984384179115295410e-01,-9.829428046941757202e-02,5.843258113600313663e-04,-1.409100741147994995e-01,2.958647906780242920e-01,-1.632165312767028809e-01,8.965042978525161743e-02,-2.741940133273601532e-02
-1.046412229537963867e+00,-1.509867757558822632e-01,8.292258381843566895e-01,2.469178102910518646e-02,1.382440701127052307e-02,-7.658935189247131348e-01,6.423443555831909180e-01,-1.980582177639007568e-01,1.290381792932748795e-02,7.124325633049011230e-02,1.718416512012481689e-01,-3.635267540812492371e-02,-4.108498990535736084e-02,-6.352529525756835938e-01,-9.094645082950592041e-02,9.239809960126876831e-02,8.070740103721618652e-01,1.393952667713165283e-01,1.343529820442199707e-01,-4.048260673880577087e-02,2.093245089054107666e-01,1.525987386703491211e-01,-1.724430918693542480e-01,-5.030247569084167480e-01,-9.524154663085937500e-02,-2.386889187619090080e-03,-1.426412612199783325e-01,3.029126226902008057e-01,-1.600143015384674072e-01,9.746499359607696533e-02,-2.872643619775772095e-02
-1.044547915458679199e+00,-1.503565758466720581e-01,8.292319774627685547e-01,2.685808949172496796e-02,1.485974062234163284e-02,-7.703675627708435059e-01,6.368607878684997559e-01,-1.958719938993453979e-01,1.177863031625747681e-02,8.581310510635375977e-02,1.644356697797775269e-01,-3.628941252827644348e-02,-3.978350758552551270e-02,-6.696306467056274414e-01,-9.568892419338226318e-02,9.124045819044113159e-02,8.449563980102539062e-01,1.237826421856880188e-01,1.248750090599060059e-01,-3.368189558386802673e-02,2.052715271711349487e-01,1.552862077951431274e-01,-1.708167046308517456e-01,-5.070307254791259766e-01,-9.144341945648193359e-02,-5.571815650910139084e-03,-1.446882933378219604e-01,3.094578087329864502e-01,-1.571686267852783203e-01,1.050960719585418701e-01,-2.976635657250881195e-02
-1.042840242385864258e+00,-1.497421264648437500e-01,8.292848467826843262e-01,2.832816354930400848e-02,1.543013378977775574e-02,-7.744708061218261719e-01,6.317867040634155273e-01,-1.974002867937088013e-01,1.058167312294244766e-02,9.890683740377426147e-02,1.597892194986343384e-01,-3.377759456634521484e-02,-3.819182887673377991e-02,-7.003337740898132324e-01,-1.033903583884239197e-01,8.430595695972442627e-02,8.820042610168457031e-01,1.036993935704231262e-01,1.088142693042755127e-01,-2.738819830119609833e-02,2.014577090740203857e-01,1.580637842416763306e-01,-1.685626655817031860e-01,-5.099310278892517090e-01,-8.734227716922760010e-02,-8.976510725915431976e-03,-1.467422544956207275e-01,3.149218857288360596e-01,-1.548725813627243042e-01,1.114982217550277710e-01,-3.063380531966686249e-02
-1.041211128234863281e+00,-1.491200327873229980e-01,8.294251561164855957e-01,2.976219542324542999e-02,1.639318279922008514e-02,-7.778412103652954102e-01,6.275416016578674316e-01,-1.967454105615615845e-01,9.982485324144363403e-03,1.103556379675865173e-01,1.542295366525650024e-01,-3.245837241411209106e-02,-3.694722056388854980e-02,-7.289676666259765625e-01,-1.131177544593811035e-01,7.359527051448822021e-02,9.174950718879699707e-01,8.172665536403656006e-02,8.638556301593780518e-02,-2.310985326766967773e-02,1.976686865091323853e-01,1.609138846397399902e-01,-1.657542735338211060e-01,-5.120936632156372070e-01,-8.291573822498321533e-02,-1.277785655111074448e-02,-1.485396027565002441e-01,3.190220594406127930e-01,-1.532701253890991211e-01,1.161924377083778381e-01,-3.134717792272567749e-02
-1.039677262306213379e+00,-1.484962105751037598e-01,8.296502828598022461e-01,3.049838729202747345e-02,1.719201728701591492e-02,-7.808067202568054199e-01,6.237909793853759766e-01,-1.965313404798507690e-01,9.916240349411964417e-03,1.206526830792427063e-01,1.493957042694091797e-01,-3.028902411460876465e-02,-3.554962947964668274e-02,-7.531034946441650391e-01,-1.244189813733100891e-01,5.952890962362289429e-02,9.507331252098083496e-01,5.965497344732284546e-02,6.320495158433914185e-02,-1.973861455917358398e-02,1.941713243722915649e-01,1.638813912868499756e-01,-1.627474129199981689e-01,-5.132837891578674316e-01,-7.861974090337753296e-02,-1.660432852804660797e-02,-1.500940620899200439e-01,3.215794861316680908e-01,-1.517349034547805786e-01,1.188899278640747070e-01,-3.193348273634910583e-02
-1.038169860839843750e+00,-1.479131281375885010e-01,8.299547433853149414e-01,3.099864721298217773e-02,1.831253618001937866e-02,-7.833431959152221680e-01,6.205458641052246094e-01,-1.951874941587448120e-01,1.046980917453765869e-02,1.296065449714660645e-01,1.440774649381637573e-01,-2.870992198586463928e-02,-3.425611183047294617e-02,-7.740418314933776855e-01,-1.364150345325469971e-01,4.377399757504463196e-02,9.813431501388549805e-01,3.899803012609481812e-02,3.859678655862808228e-02,-1.803954131901264191e-02,1.908216774463653564e-01,1.669477820396423340e-01,-1.595811098814010620e-01,-5.138466954231262207e-01,-7.444164156913757324e-02,-2.062215842306613922e-02,-1.511674225330352783e-01,3.226223289966583252e-01,-1.505586057901382446e-01,1.195585653185844421e-01,-3.242579102516174316e-02
-1.036702990531921387e+00,-1.474024951457977295e-01,8.303328156471252441e-01,3.119192644953727722e-02,1.942699588835239410e-02,-7.855086326599121094e-01,6.177587509155273438e-01,-1.942743062973022461e-01,1.125318184494972229e-02,1.373760402202606201e-01,1.393340677022933960e-01,-2.679574117064476013e-02,-3.298585489392280579e-02,-7.914028763771057129e-01,-1.484367847442626953e-01,2.797299623489379883e-02,1.009898781776428223e+00,1.977786421775817871e-02,1.501648966223001480e-02,-1.726415194571018219e-02,1.877938508987426758e-01,1.700979471206665039e-01,-1.565084010362625122e-01,-5.136858224868774414e-01,-7.056617736816406250e-02,-2.482149936258792877e-02,-1.516463756561279297e-01,3.222941756248474121e-01,-1.498179435729980469e-01,1.183723285794258118e-01,-3.281165286898612976e-02
-1.035284638404846191e+00,-1.467886269092559814e-01,8.307439088821411133e-01,3.094379790127277374e-02,2.057323418557643890e-02,-7.873896360397338867e-01,6.153346896171569824e-01,-1.946204006671905518e-01,1.270467322319746017e-02,1.438366770744323730e-01,1.361081153154373169e-01,-2.464453317224979401e-02,-3.160246834158897400e-02,-8.050837516784667969e-01,-1.597222089767456055e-01,1.229944918304681778e-02,1.035807609558105469e+00,2.966295229271054268e-03,-6.832028739154338837e-03,-1.728931441903114319e-02,1.850954294204711914e-01,1.734611093997955322e-01,-1.536945998668670654e-01,-5.129145383834838867e-01,-6.722113490104675293e-02,-2.874705195426940918e-02,-1.515936106443405151e-01,3.208613395690917969e-01,-1.488617658615112305e-01,1.156309023499488831e-01,-3.311881422996520996e-02
-1.033876061439514160e+00,-1.462314873933792114e-01,8.310998082160949707e-01,3.048725239932537079e-02,2.164135873317718506e-02,-7.890588641166687012e-01,6.131787896156311035e-01,-1.932022273540496826e-01,1.417644135653972626e-02,1.493014991283416748e-01,1.330442726612091064e-01,-2.391615137457847595e-02,-3.050802275538444519e-02,-8.157884478569030762e-01,-1.704842895269393921e-01,-2.453135093674063683e-03,1.059918284416198730e+00,-1.017616316676139832e-02,-2.556993626058101654e-02,-1.802131533622741699e-02,1.828346848487854004e-01,1.769838333129882812e-01,-1.512655615806579590e-01,-5.115072727203369141e-01,-6.449307501316070557e-02,-3.212390094995498657e-02,-1.510943621397018433e-01,3.186793029308319092e-01,-1.473516970872879028e-01,1.117788031697273254e-01,-3.333545476198196411e-02
-1.032406806945800781e+00,-1.456641256809234619e-01,8.314838409423828125e-01,2.960776351392269135e-02,2.242266200482845306e-02,-7.906866073608398438e-01,6.110935211181640625e-01,-1.936296969652175903e-01,1.569281890988349915e-02,1.537706106901168823e-01,1.317579299211502075e-01,-2.250234968960285187e-02,-2.896734699606895447e-02,-8.228033185005187988e-01,-1.795598417520523071e-01,-1.466162316501140594e-02,1.081158638000488281e+00,-1.908657513558864594e-02,-4.113026708364486694e-02,-1.954894512891769409e-02,1.810571104288101196e-01,1.805992573499679565e-01,-1.492410004138946533e-01,-5.094435811042785645e-01,-6.233771517872810364e-02,-3.476830571889877319e-02,-1.504032164812088013e-01,3.162801265716552734e-01,-1.450164914131164551e-01,1.075321137905120850e-01,-3.345627337694168091e-02
-1.030964016914367676e+00,-1.451039463281631470e-01,8.318414092063903809e-01,2.881113439798355103e-02,2.326812036335468292e-02,-7.921726107597351074e-01,6.091724634170532227e-01,-1.925580799579620361e-01,1.721007563173770905e-02,1.580738276243209839e-01,1.306806057691574097e-01,-2.249000594019889832e-02,-2.797805704176425934e-02,-8.273409605026245117e-01,-1.872406750917434692e-01,-2.565307728946208954e-02,1.099256634712219238e+00,-2.625600807368755341e-02,-5.112996697425842285e-02,-2.142813615500926971e-02,1.796944290399551392e-01,1.843137443065643311e-01,-1.476371884346008301e-01,-5.068101286888122559e-01,-6.074789538979530334e-02,-3.690916299819946289e-02,-1.494695842266082764e-01,3.140524327754974365e-01,-1.422174870967864990e-01,1.033571064472198486e-01,-3.348102793097496033e-02
-1.029728889465332031e+00,-1.445568948984146118e-01,8.320951461791992188e-01,2.820489741861820221e-02,2.392172813415527344e-02,-7.934947013854980469e-01,6.074523925781250000e-01,-1.923935860395431519e-01,1.833206601440906525e-02,1.617186963558197021e-01,1.299674808979034424e-01,-2.224380895495414734e-02,-2.730668708682060242e-02,-8.304768800735473633e-01,-1.932117938995361328e-01,-3.329118713736534119e-02,1.116030693054199219e+00,-3.124430775642395020e-02,-6.104351952672004700e-02,-2.378166094422340393e-02,1.786111593246459961e-01,1.879442334175109863e-01,-1.463897973299026489e-01,-5.039873719215393066e-01,-5.960065126419067383e-02,-3.837331756949424744e-02,-1.485073864459991455e-01,3.123219907283782959e-01,-1.387718766927719116e-01,9.978608787059783936e-02,-3.337780013680458069e-02
-1.028491973876953125e+00,-1.440179497003555298e-01,8.323757052421569824e-01,2.757069282233715057e-02,2.455281466245651245e-02,-7.949002385139465332e-01,6.056158542633056641e-01,-1.926701217889785767e-01,1.952565088868141174e-02,1.650602668523788452e-01,1.302210390567779541e-01,-2.229283563792705536e-02,-2.612708322703838348e-02,-8.317705392837524414e-01,-1.976652741432189941e-01,-3.976047411561012268e-02,1.130328774452209473e+00,-3.416856750845909119e-02,-6.820537149906158447e-02,-2.579165250062942505e-02,1.778188198804855347e-01,1.914152652025222778e-01,-1.455301940441131592e-01,-5.010673403739929199e-01,-5.890507623553276062e-02,-3.940084949135780334e-02,-1.475640386343002319e-01,3.114269673824310303e-01,-1.351186782121658325e-01,9.731648117303848267e-02,-3.315960615873336792e-02
-1.027376294136047363e+00,-1.434986740350723267e-01,8.325354456901550293e-01,2.722739987075328827e-02,2.511917985975742340e-02,-7.963466644287109375e-01,6.037049889564514160e-01,-1.928385198116302490e-01,2.041598781943321228e-02,1.683351397514343262e-01,1.308006942272186279e-01,-2.304606512188911438e-02,-2.488148957490921021e-02,-8.316982984542846680e-01,-2.011211514472961426e-01,-4.506869986653327942e-02,1.142379879951477051e+00,-3.552337735891342163e-02,-7.473681867122650146e-02,-2.784465812146663666e-02,1.773094832897186279e-01,1.945703178644180298e-01,-1.449100971221923828e-01,-4.980661869049072266e-01,-5.837846174836158752e-02,-3.990961983799934387e-02,-1.467529237270355225e-01,3.115205764770507812e-01,-1.311742365360260010e-01,9.619750082492828369e-02,-3.285884857177734375e-02
-1.026361584663391113e+00,-1.430265307426452637e-01,8.326804041862487793e-01,2.695594914257526398e-02,2.560716681182384491e-02,-7.978248596191406250e-01,6.017417907714843750e-01,-1.938954591751098633e-01,2.133210562169551849e-02,1.718052178621292114e-01,1.323519647121429443e-01,-2.395355328917503357e-02,-2.366293966770172119e-02,-8.295226693153381348e-01,-2.043756395578384399e-01,-5.078786984086036682e-02,1.151691317558288574e+00,-3.590073809027671814e-02,-7.979661226272583008e-02,-2.905549481511116028e-02,1.770054548978805542e-01,1.973443627357482910e-01,-1.444232314825057983e-01,-4.950638413429260254e-01,-5.788960307836532593e-02,-4.012446105480194092e-02,-1.460843831300735474e-01,3.123896718025207520e-01,-1.272211819887161255e-01,9.615094959735870361e-02,-3.250762820243835449e-02
-1.025450944900512695e+00,-1.424400061368942261e-01,8.327493667602539062e-01,2.682376839220523834e-02,2.589607797563076019e-02,-7.996243834495544434e-01,5.993418693542480469e-01,-1.953674554824829102e-01,2.210913598537445068e-02,1.758060157299041748e-01,1.344426721334457397e-01,-2.484783716499805450e-02,-2.276669815182685852e-02,-8.250173926353454590e-01,-2.072375416755676270e-01,-5.705872923135757446e-02,1.157625913619995117e+00,-3.772842139005661011e-02,-8.090556412935256958e-02,-2.986663766205310822e-02,1.768846511840820312e-01,1.997076570987701416e-01,-1.440498232841491699e-01,-4.922030866146087646e-01,-5.739300325512886047e-02,-4.017462208867073059e-02,-1.456510573625564575e-01,3.138758838176727295e-01,-1.233993619680404663e-01,9.706062078475952148e-02,-3.214388340711593628e-02
-1.024621248245239258e+00,-1.419981420040130615e-01,8.327971696853637695e-01,2.671498246490955353e-02,2.603385411202907562e-02,-8.014565706253051758e-01,5.968884825706481934e-01,-1.968735009431838989e-01,2.276183851063251495e-02,1.798120290040969849e-01,1.371424198150634766e-01,-2.600380592048168182e-02,-2.207891270518302917e-02,-8.182131648063659668e-01,-2.100807577371597290e-01,-6.331046670675277710e-02,1.160685420036315918e+00,-3.921392187476158142e-02,-8.375437557697296143e-02,-3.060557506978511810e-02,1.770036071538925171e-01,2.016737461090087891e-01,-1.436930298805236816e-01,-4.893153607845306396e-01,-5.676252394914627075e-02,-4.008100181818008423e-02,-1.454464942216873169e-01,3.159154057502746582e-01,-1.196793988347053528e-01,9.882701188325881958e-02,-3.174513205885887146e-02
-1.023970365524291992e+00,-1.415593326091766357e-01,8.327655196189880371e-01,2.645771577954292297e-02,2.587390877306461334e-02,-8.034429550170898438e-01,5.942305326461791992e-01,-1.980932354927062988e-01,2.360874786972999573e-02,1.846239864826202393e-01,1.408851742744445801e-01,-2.786711230874061584e-02,-2.153829298913478851e-02,-8.088223338127136230e-01,-2.136148661375045776e-01,-7.128612697124481201e-02,1.161585569381713867e+00,-4.287820681929588318e-02,-8.633866906166076660e-02,-3.084459342062473297e-02,1.768284738063812256e-01,2.036103755235671997e-01,-1.434669941663742065e-01,-4.848556220531463623e-01,-5.531982704997062683e-02,-4.085733368992805481e-02,-1.450695246458053589e-01,3.186618387699127197e-01,-1.143516600131988525e-01,1.023061424493789673e-01,-3.113447502255439758e-02
-1.023372411727905273e+00,-1.411080062389373779e-01,8.327091336250305176e-01,2.660961076617240906e-02,2.584376744925975800e-02,-8.055500984191894531e-01,5.913653969764709473e-01,-1.993841826915740967e-01,2.423007227480411530e-02,1.896300017833709717e-01,1.439125835895538330e-01,-2.972493879497051239e-02,-2.136567607522010803e-02,-7.980327010154724121e-01,-2.175862640142440796e-01,-8.100945502519607544e-02,1.158829808235168457e+00,-4.584702104330062866e-02,-8.969616144895553589e-02,-3.080388717353343964e-02,1.769864857196807861e-01,2.048543989658355713e-01,-1.433116346597671509e-01,-4.817327857017517090e-01,-5.401856824755668640e-02,-4.165728017687797546e-02,-1.449940055608749390e-01,3.209672570228576660e-01,-1.111851558089256287e-01,1.047296896576881409e-01,-3.053484298288822174e-02
-1.022923469543457031e+00,-1.408070474863052368e-01,8.326686620712280273e-01,2.647361345589160919e-02,2.565970085561275482e-02,-8.077346682548522949e-01,5.883922576904296875e-01,-2.014016360044479370e-01,2.538646757602691650e-02,1.943803131580352783e-01,1.493825763463973999e-01,-3.279389068484306335e-02,-2.109715156257152557e-02,-7.828066349029541016e-01,-2.217675745487213135e-01,-9.335466474294662476e-02,1.151296734809875488e+00,-4.904195666313171387e-02,-9.302118420600891113e-02,-3.017463348805904388e-02,1.778937876224517822e-01,2.057964950799942017e-01,-1.429238617420196533e-01,-4.766409695148468018e-01,-5.189744755625724792e-02,-4.244264587759971619e-02,-1.452035009860992432e-01,3.233047127723693848e-01,-1.081654280424118042e-01,1.076266318559646606e-01,-2.956081181764602661e-02
-1.022559046745300293e+00,-1.405709087848663330e-01,8.326123356819152832e-01,2.648069709539413452e-02,2.562207169830799103e-02,-8.097159862518310547e-01,5.856639742851257324e-01,-2.037749439477920532e-01,2.663156203925609589e-02,1.985445320606231689e-01,1.548682898283004761e-01,-3.570688515901565552e-02,-2.112646028399467468e-02,-7.658694386482238770e-01,-2.256679683923721313e-01,-1.064779832959175110e-01,1.140824317932128906e+00,-5.112985894083976746e-02,-9.571897983551025391e-02,-3.004975058138370514e-02,1.787959784269332886e-01,2.064790576696395874e-01,-1.426293998956680298e-01,-4.722960889339447021e-01,-5.025022849440574646e-02,-4.352878779172897339e-02,-1.454253792762756348e-01,3.250460028648376465e-01,-1.061889305710792542e-01,1.089873462915420532e-01,-2.860084734857082367e-02
-1.022308707237243652e+00,-1.403347402811050415e-01,8.325336575508117676e-01,2.682072483003139496e-02,2.563119307160377502e-02,-8.115650415420532227e-01,5.830830931663513184e-01,-2.053890973329544067e-01,2.739998139441013336e-02,2.025854140520095825e-01,1.582496315240859985e-01,-3.787560388445854187e-02,-2.146614529192447662e-02,-7.468346953392028809e-01,-2.291669696569442749e-01,-1.203838512301445007e-01,1.126075148582458496e+00,-5.496217310428619385e-02,-9.604943543672561646e-02,-3.018274158239364624e-02,1.796288043260574341e-01,2.067714035511016846e-01,-1.423402577638626099e-01,-4.690016806125640869e-01,-4.885730519890785217e-02,-4.506684094667434692e-02,-1.457656621932983398e-01,3.258047401905059814e-01,-1.052790805697441101e-01,1.077651381492614746e-01,-2.756715007126331329e-02
-1.022097587585449219e+00,-1.400930732488632202e-01,8.324309587478637695e-01,2.688284963369369507e-02,2.543988078832626343e-02,-8.135681748390197754e-01,5.802903771400451660e-01,-2.069262564182281494e-01,2.849923446774482727e-02,2.070956528186798096e-01,1.628294885158538818e-01,-4.050698503851890564e-02,-2.168627642095088959e-02,-7.247698903083801270e-01,-2.323409914970397949e-01,-1.356177031993865967e-01,1.107365250587463379e+00,-5.877961963415145874e-02,-9.895033389329910278e-02,-2.990358881652355194e-02,1.803751885890960693e-01,2.067618370056152344e-01,-1.419381350278854370e-01,-4.655672013759613037e-01,-4.718442261219024658e-02,-4.679396748542785645e-02,-1.464758366346359253e-01,3.261946141719818115e-01,-1.034577488899230957e-01,1.045173332095146179e-01,-2.651983499526977539e-02
-1.022116661071777344e+00,-1.399578303098678589e-01,8.323435783386230469e-01,2.705121971666812897e-02,2.504836954176425934e-02,-8.156878948211669922e-01,5.773162841796875000e-01,-2.070412486791610718e-01,2.924727275967597961e-02,2.121190726757049561e-01,1.656731516122817993e-01,-4.267063736915588379e-02,-2.202696725726127625e-02,-6.998198628425598145e-01,-2.354189455509185791e-01,-1.528945714235305786e-01,1.084315061569213867e+00,-6.345567852258682251e-02,-9.799159318208694458e-02,-2.901942655444145203e-02,1.813295483589172363e-01,2.063021510839462280e-01,-1.413815021514892578e-01,-4.627809822559356689e-01,-4.564190283417701721e-02,-4.864016547799110413e-02,-1.474134773015975952e-01,3.262788355350494385e-01,-1.023968905210494995e-01,1.014471575617790222e-01,-2.559766545891761780e-02
-1.022201418876647949e+00,-1.398188918828964233e-01,8.322132229804992676e-01,2.722433954477310181e-02,2.450680546462535858e-02,-8.176208138465881348e-01,5.745906829833984375e-01,-2.067876905202865601e-01,2.960369363427162170e-02,2.166147530078887939e-01,1.678488254547119141e-01,-4.455581679940223694e-02,-2.245095930993556976e-02,-6.722792983055114746e-01,-2.383081465959548950e-01,-1.717385202646255493e-01,1.057061195373535156e+00,-6.784648448228836060e-02,-9.563184529542922974e-02,-2.811401709914207458e-02,1.824884861707687378e-01,2.054006010293960571e-01,-1.407829225063323975e-01,-4.602601230144500732e-01,-4.398246854543685913e-02,-5.045961588621139526e-02,-1.485379934310913086e-01,3.258814513683319092e-01,-1.011025086045265198e-01,9.738187491893768311e-02,-2.486324124038219452e-02
-1.022381782531738281e+00,-1.397297382354736328e-01,8.320353031158447266e-01,2.692473679780960083e-02,2.351354435086250305e-02,-8.197045922279357910e-01,5.716699361801147461e-01,-2.050008624792098999e-01,3.015927411615848541e-02,2.222430109977722168e-01,1.706901341676712036e-01,-4.708022251725196838e-02,-2.345041185617446899e-02,-6.413453817367553711e-01,-2.409858852624893188e-01,-1.923016607761383057e-01,1.025964856147766113e+00,-7.227661460638046265e-02,-9.500837326049804688e-02,-2.734876982867717743e-02,1.839085817337036133e-01,2.042875885963439941e-01,-1.401283144950866699e-01,-4.574416279792785645e-01,-4.273937270045280457e-02,-5.214630439877510071e-02,-1.498338580131530762e-01,3.251861631870269775e-01,-9.909221529960632324e-02,9.296401590108871460e-02,-2.423166483640670776e-02
-1.022666215896606445e+00,-1.397134810686111450e-01,8.318894505500793457e-01,2.685189619660377502e-02,2.257947623729705811e-02,-8.218790888786315918e-01,5.685806274414062500e-01,-2.035924941301345825e-01,3.071776963770389557e-02,2.282692492008209229e-01,1.735075563192367554e-01,-4.939165711402893066e-02,-2.404428273439407349e-02,-6.078042984008789062e-01,-2.428537458181381226e-01,-2.152777761220932007e-01,9.895457029342651367e-01,-7.279688119888305664e-02,-9.217981249094009399e-02,-2.650103159248828888e-02,1.854650378227233887e-01,2.026447653770446777e-01,-1.393024027347564697e-01,-4.548030495643615723e-01,-4.114302247762680054e-02,-5.368202924728393555e-02,-1.514272242784500122e-01,3.246534168720245361e-01,-9.697241336107254028e-02,8.992241322994232178e-02,-2.378494665026664734e-02
-1.023140430450439453e+00,-1.397971063852310181e-01,8.316751718521118164e-01,2.664942666888237000e-02,2.157287672162055969e-02,-8.241303563117980957e-01,5.653614401817321777e-01,-2.021172493696212769e-01,3.176634386181831360e-02,2.348251789808273315e-01,1.773886829614639282e-01,-5.237783864140510559e-02,-2.503331750631332397e-02,-5.718451738357543945e-01,-2.436339557170867920e-01,-2.399200946092605591e-01,9.489369988441467285e-01,-7.291159033775329590e-02,-9.051190316677093506e-02,-2.541262470185756683e-02,1.871482282876968384e-01,2.006834149360656738e-01,-1.382862627506256104e-01,-4.525090157985687256e-01,-3.919161111116409302e-02,-5.510399490594863892e-02,-1.530926227569580078e-01,3.243437707424163818e-01,-9.538424760103225708e-02,8.804224431514739990e-02,-2.337701618671417236e-02
-1.023730516433715820e+00,-1.398034989833831787e-01,8.314613699913024902e-01,2.649705670773983002e-02,2.034882269799709320e-02,-8.262678384780883789e-01,5.622857809066772461e-01,-1.997819691896438599e-01,3.223344683647155762e-02,2.409280240535736084e-01,1.798272728919982910e-01,-5.455034226179122925e-02,-2.599839679896831512e-02,-5.333852171897888184e-01,-2.437113523483276367e-01,-2.668836712837219238e-01,9.036216139793395996e-01,-7.066981494426727295e-02,-8.627877384424209595e-02,-2.350116334855556488e-02,1.890628486871719360e-01,1.983677893877029419e-01,-1.373914331197738647e-01,-4.501896500587463379e-01,-3.746122866868972778e-02,-5.631617829203605652e-02,-1.548661142587661743e-01,3.241312205791473389e-01,-9.355857968330383301e-02,8.668084442615509033e-02,-2.317718230187892914e-02
-1.024355769157409668e+00,-1.397151947021484375e-01,8.312315940856933594e-01,2.615658752620220184e-02,1.916117034852504730e-02,-8.282555937767028809e-01,5.594115853309631348e-01,-1.976343840360641479e-01,3.306692466139793396e-02,2.463903725147247314e-01,1.828222125768661499e-01,-5.686905235052108765e-02,-2.709571830928325653e-02,-4.923598468303680420e-01,-2.417989373207092285e-01,-2.957347929477691650e-01,8.527052402496337891e-01,-6.405942142009735107e-02,-7.764123380184173584e-02,-2.215313911437988281e-02,1.910955309867858887e-01,1.958207637071609497e-01,-1.365540027618408203e-01,-4.476558864116668701e-01,-3.621658682823181152e-02,-5.724969506263732910e-02,-1.567979753017425537e-01,3.242892622947692871e-01,-9.133286774158477783e-02,8.677868545055389404e-02,-2.318453788757324219e-02
-1.025322079658508301e+00,-1.397366225719451904e-01,8.308750987052917480e-01,2.597762271761894226e-02,1.787875406444072723e-02,-8.301488757133483887e-01,5.566492080688476562e-01,-1.962448954582214355e-01,3.418979421257972717e-02,2.517056465148925781e-01,1.876755356788635254e-01,-6.018468737602233887e-02,-2.809939906001091003e-02,-4.497951269149780273e-01,-2.378189712762832642e-01,-3.252358436584472656e-01,7.972956895828247070e-01,-5.191928893327713013e-02,-6.899760663509368896e-02,-2.133385837078094482e-02,1.931921839714050293e-01,1.929148584604263306e-01,-1.357480436563491821e-01,-4.455672204494476318e-01,-3.492559120059013367e-02,-5.794741958379745483e-02,-1.589539200067520142e-01,3.246458172798156738e-01,-8.857988566160202026e-02,8.749680966138839722e-02,-2.335671149194240570e-02
-1.026382923126220703e+00,-1.398102492094039917e-01,8.304817080497741699e-01,2.563349157571792603e-02,1.636260189116001129e-02,-8.320412039756774902e-01,5.538796186447143555e-01,-1.942526698112487793e-01,3.507884591817855835e-02,2.564522325992584229e-01,1.925030648708343506e-01,-6.366526335477828979e-02,-2.929393015801906586e-02,-4.044335186481475830e-01,-2.319687902927398682e-01,-3.568198978900909424e-01,7.356953620910644531e-01,-3.354014083743095398e-02,-5.431241542100906372e-02,-1.948334835469722748e-02,1.953939348459243774e-01,1.898100376129150391e-01,-1.351784169673919678e-01,-4.436931312084197998e-01,-3.431566059589385986e-02,-5.851094797253608704e-02,-1.612577587366104126e-01,3.251682221889495850e-01,-8.622047305107116699e-02,8.865472674369812012e-02,-2.357563003897666931e-02
-1.027740120887756348e+00,-1.396518647670745850e-01,8.298118710517883301e-01,2.512442506849765778e-02,1.396861113607883453e-02,-8.333752155303955078e-01,5.519595742225646973e-01,-1.914922893047332764e-01,3.468174114823341370e-02,2.591453492641448975e-01,1.974350512027740479e-01,-6.605575233697891235e-02,-2.994896471500396729e-02,-3.566334545612335205e-01,-2.255876511335372925e-01,-3.894501328468322754e-01,6.719086766242980957e-01,-1.377260591834783554e-02,-2.638828754425048828e-02,-1.756049878895282745e-02,1.977744251489639282e-01,1.863457262516021729e-01,-1.352139413356781006e-01,-4.418850839138031006e-01,-3.513250499963760376e-02,-5.868923291563987732e-02,-1.639953851699829102e-01,3.255574107170104980e-01,-8.234687149524688721e-02,8.944490551948547363e-02,-2.414447441697120667e-02
-1.029221057891845703e+00,-1.393987387418746948e-01,8.289691209793090820e-01,2.494777180254459381e-02,1.170009374618530273e-02,-8.350002169609069824e-01,5.495592355728149414e-01,-1.911325603723526001e-01,3.496498242020606995e-02,2.622455656528472900e-01,2.057013958692550659e-01,-6.931029260158538818e-02,-3.096096962690353394e-02,-3.088529407978057861e-01,-2.161908149719238281e-01,-4.228096008300781250e-01,6.074504256248474121e-01,-1.889983564615249634e-02,2.356336079537868500e-02,-1.546643488109111786e-02,2.002103924751281738e-01,1.823201626539230347e-01,-1.358360499143600464e-01,-4.406129121780395508e-01,-3.652957081794738770e-02,-5.879122391343116760e-02,-1.672839671373367310e-01,3.257916569709777832e-01,-7.870692759752273560e-02,8.975207060575485229e-02,-2.492909692227840424e-02
-1.031122326850891113e+00,-1.390309035778045654e-01,8.280299901962280273e-01,2.463575638830661774e-02,9.685039520263671875e-03,-8.364930152893066406e-01,5.473378300666809082e-01,-1.919159293174743652e-01,3.667238354682922363e-02,2.645158767700195312e-01,2.157569080591201782e-01,-7.290942966938018799e-02,-3.437827527523040771e-02,-2.634067535400390625e-01,-2.032424956560134888e-01,-4.541036486625671387e-01,5.464372038841247559e-01,-5.732055753469467163e-02,4.586361348628997803e-02,-1.366368494927883148e-02,2.025343924760818481e-01,1.783539056777954102e-01,-1.365889161825180054e-01,-4.399431645870208740e-01,-3.758034855127334595e-02,-5.876541137695312500e-02,-1.704056262969970703e-01,3.257336318492889404e-01,-7.592570036649703979e-02,8.916841447353363037e-02,-2.579423040151596069e-02
-1.032810568809509277e+00,-1.383920460939407349e-01,8.270772099494934082e-01,2.338721416890621185e-02,7.868586108088493347e-03,-8.374539613723754883e-01,5.459505319595336914e-01,-1.940809935331344604e-01,3.972658142447471619e-02,2.636649906635284424e-01,2.293501496315002441e-01,-7.840226590633392334e-02,-3.725735843181610107e-02,-2.229623198509216309e-01,-1.893870532512664795e-01,-4.784174561500549316e-01,4.947104454040527344e-01,-9.707482159137725830e-02,4.322416335344314575e-02,-1.378617249429225922e-02,2.050186991691589355e-01,1.748758703470230103e-01,-1.377222985029220581e-01,-4.391870200634002686e-01,-3.950174897909164429e-02,-5.836423486471176147e-02,-1.729428917169570923e-01,3.256484270095825195e-01,-7.331667840480804443e-02,8.837154507637023926e-02,-2.687905728816986084e-02
-1.034594535827636719e+00,-1.378047615289688110e-01,8.263956904411315918e-01,2.260935120284557343e-02,6.098430138081312180e-03,-8.384639024734497070e-01,5.444537401199340820e-01,-1.983840316534042358e-01,4.173177480697631836e-02,2.579800188541412354e-01,2.446997314691543579e-01,-8.137508481740951538e-02,-3.848979994654655457e-02,-1.877167075872421265e-01,-1.759860664606094360e-01,-4.970268607139587402e-01,4.453646242618560791e-01,-1.246999129652976990e-01,3.843220695853233337e-02,-1.366432011127471924e-02,2.075094580650329590e-01,1.716861128807067871e-01,-1.391475796699523926e-01,-4.385414421558380127e-01,-4.096714779734611511e-02,-5.770228058099746704e-02,-1.751009523868560791e-01,3.256002664566040039e-01,-7.139558345079421997e-02,8.808811753988265991e-02,-2.793394960463047028e-02
-1.036263465881347656e+00,-1.370390057563781738e-01,8.256414532661437988e-01,2.130646444857120514e-02,5.139527842402458191e-03,-8.398467302322387695e-01,5.423809885978698730e-01,-2.035332918167114258e-01,4.633884876966476440e-02,2.541464865207672119e-01,2.612984180450439453e-01,-8.630643039941787720e-02,-4.000403732061386108e-02,-1.539533585309982300e-01,-1.610058546066284180e-01,-5.184955596923828125e-01,3.966363668441772461e-01,-1.485321223735809326e-01,3.960431739687919617e-02,-1.226574834436178207e-02,2.099196761846542358e-01,1.687569171190261841e-01,-1.407963633537292480e-01,-4.380146265029907227e-01,-4.319197311997413635e-02,-5.680816993117332458e-02,-1.770414113998413086e-01,3.255741298198699951e-01,-6.916024535894393921e-02,8.750138431787490845e-02,-2.899759076535701752e-02
-1.037860393524169922e+00,-1.360742598772048950e-01,8.249326348304748535e-01,2.060499228537082672e-02,4.087241832166910172e-03,-8.411241769790649414e-01,5.404340028762817383e-01,-2.080969214439392090e-01,4.984473809599876404e-02,2.515635192394256592e-01,2.745757102966308594e-01,-8.906282484531402588e-02,-4.231745749711990356e-02,-1.286938786506652832e-01,-1.507516205310821533e-01,-5.346023440361022949e-01,3.592539131641387939e-01,-1.657869219779968262e-01,5.092935264110565186e-02,-1.162630598992109299e-02,2.116994261741638184e-01,1.666871756315231323e-01,-1.419738382101058960e-01,-4.381887614727020264e-01,-4.463275521993637085e-02,-5.612712725996971130e-02,-1.783384233713150024e-01,3.256398439407348633e-01,-6.835705041885375977e-02,8.702089637517929077e-02,-2.973159402608871460e-02
-1.039642691612243652e+00,-1.349339783191680908e-01,8.247442841529846191e-01,1.917516998946666718e-02,3.435892751440405846e-03,-8.418138623237609863e-01,5.394163131713867188e-01,-2.211999148130416870e-01,5.686099082231521606e-02,2.438679039478302002e-01,3.027218282222747803e-01,-8.851360529661178589e-02,-4.426229372620582581e-02,-9.844560921192169189e-02,-1.337261050939559937e-01,-5.462605953216552734e-01,3.085280358791351318e-01,-1.703578829765319824e-01,5.150601640343666077e-02,-1.326338574290275574e-02,2.136681228876113892e-01,1.646073609590530396e-01,-1.436163634061813354e-01,-4.381079375743865967e-01,-4.755259677767753601e-02,-5.495265126228332520e-02,-1.795140504837036133e-01,3.260900080204010010e-01,-6.661377847194671631e-02,8.704049885272979736e-02,-3.036563843488693237e-02
-1.041106939315795898e+00,-1.337041109800338745e-01,8.247186541557312012e-01,1.703014411032199860e-02,4.151314962655305862e-03,-8.426021337509155273e-01,5.382512211799621582e-01,-2.354166954755783081e-01,6.663507968187332153e-02,2.363376617431640625e-01,3.310646712779998779e-01,-8.822616189718246460e-02,-4.491162300109863281e-02,-7.559961825609207153e-02,-1.165564358234405518e-01,-5.531149506568908691e-01,2.689779102802276611e-01,-1.672458648681640625e-01,5.082022398710250854e-02,-1.562489010393619537e-02,2.151011824607849121e-01,1.637562215328216553e-01,-1.445328146219253540e-01,-4.379507601261138916e-01,-4.900794103741645813e-02,-5.382807180285453796e-02,-1.794002652168273926e-01,3.265852034091949463e-01,-6.601241230964660645e-02,8.678675442934036255e-02,-3.077895753085613251e-02
-1.042362213134765625e+00,-1.322641819715499878e-01,8.245990276336669922e-01,1.481745950877666473e-02,4.647482186555862427e-03,-8.438102006912231445e-01,5.364170074462890625e-01,-2.469552159309387207e-01,7.550531625747680664e-02,2.295146584510803223e-01,3.551433980464935303e-01,-8.634835481643676758e-02,-4.592622444033622742e-02,-6.072416156530380249e-02,-1.022351309657096863e-01,-5.560336709022521973e-01,2.418815493583679199e-01,-1.638972163200378418e-01,4.297442361712455750e-02,-1.760744862258434296e-02,2.163838893175125122e-01,1.636832207441329956e-01,-1.447697132825851440e-01,-4.377459585666656494e-01,-5.007220432162284851e-02,-5.262184888124465942e-02,-1.785287111997604370e-01,3.276165425777435303e-01,-6.583590060472488403e-02,8.693505823612213135e-02,-3.100452572107315063e-02
-1.043486595153808594e+00,-1.306946575641632080e-01,8.245823383331298828e-01,1.201270055025815964e-02,5.757881794124841690e-03,-8.454034924507141113e-01,5.339620113372802734e-01,-2.612573802471160889e-01,8.700523525476455688e-02,2.224318832159042358e-01,3.843190670013427734e-01,-8.399666100740432739e-02,-4.612103104591369629e-02,-4.848596453666687012e-02,-8.663154393434524536e-02,-5.560840964317321777e-01,2.183501720428466797e-01,-1.561147719621658325e-01,3.139261156320571899e-02,-1.917093619704246521e-02,2.175919264554977417e-01,1.641423404216766357e-01,-1.442786455154418945e-01,-4.373162090778350830e-01,-5.052922666072845459e-02,-5.129122361540794373e-02,-1.770272552967071533e-01,3.293115794658660889e-01,-6.598713994026184082e-02,8.768733590841293335e-02,-3.100732341408729553e-02
-1.044483184814453125e+00,-1.289843022823333740e-01,8.247984647750854492e-01,9.593419730663299561e-03,6.931675132364034653e-03,-8.471974730491638184e-01,5.311462879180908203e-01,-2.809550464153289795e-01,9.904754906892776489e-02,2.159913331270217896e-01,4.207477867603302002e-01,-8.109398186206817627e-02,-3.667581826448440552e-02,-3.917432576417922974e-02,-7.209362089633941650e-02,-5.517395734786987305e-01,1.966792643070220947e-01,-1.451079845428466797e-01,2.465881407260894775e-02,-2.121463790535926819e-02,2.186540514230728149e-01,1.647766679525375366e-01,-1.431031376123428345e-01,-4.367790222167968750e-01,-5.035255104303359985e-02,-4.992286488413810730e-02,-1.752735227346420288e-01,3.316617608070373535e-01,-6.637982279062271118e-02,8.900135755538940430e-02,-3.075299598276615143e-02
-1.045600295066833496e+00,-1.272117793560028076e-01,8.251454234123229980e-01,7.844357751309871674e-03,8.215015754103660583e-03,-8.493483066558837891e-01,5.277105569839477539e-01,-3.047405481338500977e-01,1.118162646889686584e-01,2.095650285482406616e-01,4.609875679016113281e-01,-7.099984586238861084e-02,-3.184252977371215820e-02,-3.081376105546951294e-02,-5.800772458314895630e-02,-5.458349585533142090e-01,1.749971359968185425e-01,-1.366536319255828857e-01,1.655875891447067261e-02,-2.144403569400310516e-02,2.194398939609527588e-01,1.658564507961273193e-01,-1.412362009286880493e-01,-4.363826215267181396e-01,-4.975206032395362854e-02,-4.856536909937858582e-02,-1.729893088340759277e-01,3.345331251621246338e-01,-6.704379618167877197e-02,9.056676924228668213e-02,-3.024879842996597290e-02
-1.046950936317443848e+00,-1.253813207149505615e-01,8.255336284637451172e-01,6.758984178304672241e-03,9.179348126053810120e-03,-8.515838980674743652e-01,5.240944027900695801e-01,-3.330740928649902344e-01,1.245056539773941040e-01,2.070208936929702759e-01,5.064576268196105957e-01,-5.142192170023918152e-02,-2.578397281467914581e-02,-2.431849390268325806e-02,-4.631167650222778320e-02,-5.413602590560913086e-01,1.558527946472167969e-01,-1.305539757013320923e-01,1.066295523196458817e-02,-2.128938958048820496e-02,2.198187410831451416e-01,1.670493185520172119e-01,-1.389079838991165161e-01,-4.364436268806457520e-01,-4.885369166731834412e-02,-4.731086641550064087e-02,-1.705664545297622681e-01,3.377825915813446045e-01,-6.781673431396484375e-02,9.226861596107482910e-02,-2.955889515578746796e-02
-1.048451662063598633e+00,-1.235629916191101074e-01,8.258432149887084961e-01,5.968699231743812561e-03,9.570862166583538055e-03,-8.541096448898315430e-01,5.199707150459289551e-01,-3.631960153579711914e-01,1.376999020576477051e-01,2.023473083972930908e-01,5.538626313209533691e-01,-2.422864921391010284e-02,-2.298489585518836975e-02,-1.830063387751579285e-02,-3.755471855401992798e-02,-5.372972488403320312e-01,1.397971212863922119e-01,-1.245251595973968506e-01,1.105788908898830414e-02,-1.843308471143245697e-02,2.199480533599853516e-01,1.680544912815093994e-01,-1.363458782434463501e-01,-4.368632733821868896e-01,-4.773510992527008057e-02,-4.610211029648780823e-02,-1.682840436697006226e-01,3.413611352443695068e-01,-6.851197034120559692e-02,9.410930424928665161e-02,-2.874753996729850769e-02
-1.050061106681823730e+00,-1.218437105417251587e-01,8.261545300483703613e-01,5.686225369572639465e-03,9.336665272712707520e-03,-8.566120266914367676e-01,5.158452391624450684e-01,-3.979952633380889893e-01,1.497800648212432861e-01,1.965931951999664307e-01,6.050165891647338867e-01,1.181399263441562653e-02,-1.528887916356325150e-02,-1.401830464601516724e-02,-3.186916187405586243e-02,-5.343409180641174316e-01,1.276089549064636230e-01,-1.196438297629356384e-01,1.377666182816028595e-02,-1.422663684934377670e-02,2.198189347982406616e-01,1.687234491109848022e-01,-1.339607238769531250e-01,-4.376700520515441895e-01,-4.672061651945114136e-02,-4.478371515870094299e-02,-1.665525287389755249e-01,3.450965285301208496e-01,-6.877087801694869995e-02,9.601564705371856689e-02,-2.792351134121417999e-02
-1.051560878753662109e+00,-1.202942728996276855e-01,8.263083100318908691e-01,5.919580347836017609e-03,9.103056974709033966e-03,-8.589963912963867188e-01,5.118665099143981934e-01,-4.359427392482757568e-01,1.611180752515792847e-01,1.878157705068588257e-01,6.571602225303649902e-01,5.316825583577156067e-02,-7.991406135261058807e-03,-1.256792806088924408e-02,-2.793346904218196869e-02,-5.306540727615356445e-01,1.194988042116165161e-01,-1.164505407214164734e-01,1.278987526893615723e-02,-1.020638830959796906e-02,2.194715738296508789e-01,1.693255454301834106e-01,-1.318278014659881592e-01,-4.389371573925018311e-01,-4.590927809476852417e-02,-4.336253926157951355e-02,-1.650790870189666748e-01,3.491182327270507812e-01,-6.880046427249908447e-02,9.810630232095718384e-02,-2.712274901568889618e-02
-1.052893161773681641e+00,-1.188260018825531006e-01,8.264021277427673340e-01,6.594903301447629929e-03,8.661828003823757172e-03,-8.611389994621276855e-01,5.082529187202453613e-01,-4.764450788497924805e-01,1.709737926721572876e-01,1.762005835771560669e-01,7.097601890563964844e-01,9.544733911752700806e-02,1.727178823784925044e-05,-1.312929671257734299e-02,-2.599060721695423126e-02,-5.263037085533142090e-01,1.146814972162246704e-01,-1.145083531737327576e-01,1.308252848684787750e-02,-6.138571072369813919e-03,2.189144790172576904e-01,1.696148812770843506e-01,-1.301947385072708130e-01,-4.407214224338531494e-01,-4.541562497615814209e-02,-4.189882799983024597e-02,-1.643920391798019409e-01,3.532460927963256836e-01,-6.845851987600326538e-02,1.003139168024063110e-01,-2.640255726873874664e-02
-1.054073929786682129e+00,-1.174948439002037048e-01,8.264757990837097168e-01,7.658921647816896439e-03,7.815627381205558777e-03,-8.630766272544860840e-01,5.049545168876647949e-01,-5.188401937484741211e-01,1.784137487411499023e-01,1.623912453651428223e-01,7.623602151870727539e-01,1.351305544376373291e-01,1.555724907666444778e-02,-1.561432890594005585e-02,-2.686004154384136200e-02,-5.212088227272033691e-01,1.131620705127716064e-01,-1.105428412556648254e-01,1.995122618973255157e-02,-2.902181120589375496e-03,2.181882858276367188e-01,1.690805852413177490e-01,-1.293005049228668213e-01,-4.429578483104705811e-01,-4.525296017527580261e-02,-4.070103168487548828e-02,-1.650967299938201904e-01,3.573165237903594971e-01,-6.791763007640838623e-02,1.026052236557006836e-01,-2.580807544291019440e-02
-1.055122137069702148e+00,-1.162423640489578247e-01,8.264870643615722656e-01,8.427052758634090424e-03,7.485650014132261276e-03,-8.651208281517028809e-01,5.014368891716003418e-01,-5.631825327873229980e-01,1.856559813022613525e-01,1.450866013765335083e-01,8.149601817131042480e-01,1.668682247400283813e-01,3.937056660652160645e-02,-1.861514709889888763e-02,-2.627303265035152435e-02,-5.151097774505615234e-01,1.123661771416664124e-01,-1.079572662711143494e-01,2.389630302786827087e-02,-2.199985028710216284e-04,2.173759043216705322e-01,1.684595048427581787e-01,-1.289354115724563599e-01,-4.455178380012512207e-01,-4.550688341259956360e-02,-3.958422690629959106e-02,-1.664814949035644531e-01,3.613439798355102539e-01,-6.720713526010513306e-02,1.049001365900039673e-01,-2.534072659909725189e-02
-1.056018233299255371e+00,-1.152428761124610901e-01,8.263057470321655273e-01,9.159818291664123535e-03,8.343639783561229706e-03,-8.674154281616210938e-01,4.974304139614105225e-01,-6.093615889549255371e-01,1.931379437446594238e-01,1.251469254493713379e-01,8.675602078437805176e-01,1.846643090248107910e-01,6.791356205940246582e-02,-2.406746894121170044e-02,-2.421517111361026764e-02,-5.073770880699157715e-01,1.138417497277259827e-01,-1.056352555751800537e-01,2.543785236775875092e-02,1.982926856726408005e-03,2.165006250143051147e-01,1.686469018459320068e-01,-1.288215219974517822e-01,-4.484812915325164795e-01,-4.629146307706832886e-02,-3.866051509976387024e-02,-1.677586138248443604e-01,3.653426766395568848e-01,-6.664842367172241211e-02,1.071219667792320251e-01,-2.495486289262771606e-02
-1.056805253028869629e+00,-1.143849194049835205e-01,8.260704874992370605e-01,9.795663878321647644e-03,9.797892533242702484e-03,-8.694698810577392578e-01,4.937916398048400879e-01,-6.535429954528808594e-01,2.008561789989471436e-01,1.074786931276321411e-01,9.171615242958068848e-01,1.855954974889755249e-01,8.983928710222244263e-02,-3.125504031777381897e-02,-2.145224623382091522e-02,-4.992499351501464844e-01,1.181178241968154907e-01,-1.048611029982566833e-01,2.334890514612197876e-02,2.082784660160541534e-03,2.156497240066528320e-01,1.698667854070663452e-01,-1.287289112806320190e-01,-4.519647955894470215e-01,-4.762057214975357056e-02,-3.826579824090003967e-02,-1.686855703592300415e-01,3.694013655185699463e-01,-6.667168438434600830e-02,1.093629151582717896e-01,-2.461380325257778168e-02
-1.057563424110412598e+00,-1.135551258921623230e-01,8.260816335678100586e-01,1.059136632829904556e-02,1.030695158988237381e-02,-8.711498379707336426e-01,4.907948076725006104e-01,-6.906969547271728516e-01,2.062827497720718384e-01,9.437297284603118896e-02,9.597734212875366211e-01,1.709800958633422852e-01,9.923032671213150024e-02,-3.736464306712150574e-02,-2.053244970738887787e-02,-4.916060566902160645e-01,1.223513782024383545e-01,-1.052952185273170471e-01,2.108307555317878723e-02,-1.359280286123976111e-04,2.150629460811614990e-01,1.709745526313781738e-01,-1.286962777376174927e-01,-4.556100666522979736e-01,-4.918904975056648254e-02,-3.877002373337745667e-02,-1.700845509767532349e-01,3.734714984893798828e-01,-6.753520667552947998e-02,1.117741614580154419e-01,-2.429893426597118378e-02
-1.058222889900207520e+00,-1.128762587904930115e-01,8.261691331863403320e-01,1.112136617302894592e-02,1.036153640598058701e-02,-8.725930452346801758e-01,4.882113337516784668e-01,-7.240539789199829102e-01,2.118621766567230225e-01,8.561781793832778931e-02,1.000471115112304688e+00,1.449672728776931763e-01,1.011303588747978210e-01,-4.166604205965995789e-02,-2.009561285376548767e-02,-4.847883582115173340e-01,1.255744099617004395e-01,-1.059915348887443542e-01,1.908811926841735840e-02,-3.335226560011506081e-03,2.148097157478332520e-01,1.717361807823181152e-01,-1.284427791833877563e-01,-4.588569402694702148e-01,-5.050837993621826172e-02,-3.980034589767456055e-02,-1.722444444894790649e-01,3.770057857036590576e-01,-6.853020936250686646e-02,1.137965992093086243e-01,-2.399478666484355927e-02
-1.058932781219482422e+00,-1.124314963817596436e-01,8.264392018318176270e-01,1.194846816360950470e-02,9.806932881474494934e-03,-8.743851184844970703e-01,4.849863350391387939e-01,-7.541657686233520508e-01,2.160983681678771973e-01,7.774896919727325439e-02,1.038336038589477539e+00,1.148652583360671997e-01,1.065391525626182556e-01,-4.580098390579223633e-02,-2.117277868092060089e-02,-4.767540991306304932e-01,1.287020742893218994e-01,-1.058488115668296814e-01,1.734042353928089142e-02,-6.023986730724573135e-03,2.149758487939834595e-01,1.721457540988922119e-01,-1.280582100152969360e-01,-4.614621400833129883e-01,-5.160371214151382446e-02,-4.111005365848541260e-02,-1.749933212995529175e-01,3.798778951168060303e-01,-6.933241337537765503e-02,1.151963174343109131e-01,-2.370669506490230560e-02
-1.059521079063415527e+00,-1.120935007929801941e-01,8.267532587051391602e-01,1.264291070401668549e-02,8.847287856042385101e-03,-8.760983943939208984e-01,4.818853139877319336e-01,-7.811506390571594238e-01,2.190387248992919922e-01,7.180482894182205200e-02,1.073432445526123047e+00,8.346416056156158447e-02,1.134245470166206360e-01,-4.917850717902183533e-02,-2.299515902996063232e-02,-4.682864546775817871e-01,1.317495256662368774e-01,-1.054394841194152832e-01,1.589120179414749146e-02,-8.703344501554965973e-03,2.154554426670074463e-01,1.719737350940704346e-01,-1.272937208414077759e-01,-4.635094404220581055e-01,-5.215508490800857544e-02,-4.289745539426803589e-02,-1.780471205711364746e-01,3.822303712368011475e-01,-7.035353034734725952e-02,1.160812228918075562e-01,-2.340995334088802338e-02
-1.060160517692565918e+00,-1.117613315582275391e-01,8.272234797477722168e-01,1.354570407420396805e-02,7.260012906044721603e-03,-8.779848217964172363e-01,4.784416556358337402e-01,-8.047174811363220215e-01,2.193017452955245972e-01,6.487455964088439941e-02,1.104996085166931152e+00,5.397108197212219238e-02,1.216513141989707947e-01,-5.287064611911773682e-02,-2.628263272345066071e-02,-4.591026008129119873e-01,1.353664398193359375e-01,-1.049981191754341125e-01,1.445262692868709564e-02,-1.037783175706863403e-02,2.162715494632720947e-01,1.711405813694000244e-01,-1.263061314821243286e-01,-4.649800062179565430e-01,-5.225256457924842834e-02,-4.509728401899337769e-02,-1.813620328903198242e-01,3.840344548225402832e-01,-7.152232527732849121e-02,1.163910552859306335e-01,-2.311076596379280090e-02
-1.060748219490051270e+00,-1.115562543272972107e-01,8.277058005332946777e-01,1.448196638375520706e-02,5.340314004570245743e-03,-8.799050450325012207e-01,4.748987555503845215e-01,-8.260130286216735840e-01,2.170247286558151245e-01,5.719228461384773254e-02,1.133971452713012695e+00,2.869921736419200897e-02,1.282228082418441772e-01,-5.600308254361152649e-02,-3.052609413862228394e-02,-4.499994516372680664e-01,1.397657543420791626e-01,-1.064730361104011536e-01,1.343792304396629333e-02,-1.137133128941059113e-02,2.173372805118560791e-01,1.695946455001831055e-01,-1.253078877925872803e-01,-4.660516977310180664e-01,-5.202916264533996582e-02,-4.766304418444633484e-02,-1.849056035280227661e-01,3.852141201496124268e-01,-7.278725504875183105e-02,1.160282567143440247e-01,-2.283271960914134979e-02
-1.061376929283142090e+00,-1.115864440798759460e-01,8.282493948936462402e-01,1.579572632908821106e-02,3.436569590121507645e-03,-8.818019628524780273e-01,4.713427424430847168e-01,-8.453716039657592773e-01,2.119856625795364380e-01,4.800309613347053528e-02,1.159479737281799316e+00,8.432253263890743256e-03,1.347781717777252197e-01,-5.949758365750312805e-02,-3.510672599077224731e-02,-4.409549236297607422e-01,1.437359154224395752e-01,-1.080660447478294373e-01,1.261314004659652710e-02,-1.212362572550773621e-02,2.185934185981750488e-01,1.673511266708374023e-01,-1.244604289531707764e-01,-4.668383896350860596e-01,-5.163440853357315063e-02,-5.062450841069221497e-02,-1.886166632175445557e-01,3.857285976409912109e-01,-7.421936094760894775e-02,1.148901730775833130e-01,-2.259289287030696869e-02
-1.061856746673583984e+00,-1.117521747946739197e-01,8.287519216537475586e-01,1.677627488970756531e-02,1.482624677009880543e-03,-8.835875391960144043e-01,4.679630398750305176e-01,-8.626779317855834961e-01,2.052810788154602051e-01,3.862280398607254028e-02,1.183128476142883301e+00,-8.260196074843406677e-03,1.387549340724945068e-01,-6.333997845649719238e-02,-3.995976224541664124e-02,-4.330470860004425049e-01,1.484176069498062134e-01,-1.092910543084144592e-01,1.182871125638484955e-02,-1.335038058459758759e-02,2.199921905994415283e-01,1.644630730152130127e-01,-1.240464895963668823e-01,-4.674718677997589111e-01,-5.137933045625686646e-02,-5.367401987314224243e-02,-1.926020532846450806e-01,3.856044411659240723e-01,-7.537303119897842407e-02,1.130616441369056702e-01,-2.241168171167373657e-02
-1.062144756317138672e+00,-1.119499504566192627e-01,8.292654156684875488e-01,1.747139170765876770e-02,-5.194316036067903042e-04,-8.855059146881103516e-01,4.642992317676544189e-01,-8.774750232696533203e-01,1.963468939065933228e-01,2.707711793482303619e-02,1.203832983970642090e+00,-2.164776809513568878e-02,1.396728903055191040e-01,-6.575320661067962646e-02,-4.442497342824935913e-02,-4.250303208827972412e-01,1.517085731029510498e-01,-1.100692451000213623e-01,1.130027417093515396e-02,-1.459921710193157196e-02,2.215674668550491333e-01,1.610493063926696777e-01,-1.241008788347244263e-01,-4.679661691188812256e-01,-5.130656436085700989e-02,-5.669370666146278381e-02,-1.968940049409866333e-01,3.848535418510437012e-01,-7.606425881385803223e-02,1.105448231101036072e-01,-2.230058237910270691e-02
-1.062421441078186035e+00,-1.124111711978912354e-01,8.297967314720153809e-01,1.850792206823825836e-02,-2.112766262143850327e-03,-8.873816132545471191e-01,4.606591165065765381e-01,-8.907675147056579590e-01,1.861383020877838135e-01,1.555178500711917877e-02,1.221349596977233887e+00,-3.289131075143814087e-02,1.373715251684188843e-01,-6.656813621520996094e-02,-4.801423475146293640e-02,-4.180744588375091553e-01,1.519571989774703979e-01,-1.103053465485572815e-01,1.138493232429027557e-02,-1.590825058519840240e-02,2.232403457164764404e-01,1.572524011135101318e-01,-1.247678175568580627e-01,-4.684686958789825439e-01,-5.165427550673484802e-02,-5.951156094670295715e-02,-2.014951109886169434e-01,3.836529254913330078e-01,-7.609674334526062012e-02,1.074645072221755981e-01,-2.225221879780292511e-02
-1.062711834907531738e+00,-1.130268722772598267e-01,8.303275704383850098e-01,1.965263113379478455e-02,-3.569611581042408943e-03,-8.894200325012207031e-01,4.566541910171508789e-01,-9.020277857780456543e-01,1.738550364971160889e-01,2.293534809723496437e-03,1.235898494720458984e+00,-4.289311915636062622e-02,1.341230273246765137e-01,-6.893516331911087036e-02,-5.153734236955642700e-02,-4.103928506374359131e-01,1.519011259078979492e-01,-1.091266795992851257e-01,1.114104688167572021e-02,-1.789480634033679962e-02,2.249501347541809082e-01,1.532447338104248047e-01,-1.259813457727432251e-01,-4.690575003623962402e-01,-5.242793262004852295e-02,-6.209001317620277405e-02,-2.062805742025375366e-01,3.824236690998077393e-01,-7.565643638372421265e-02,1.043823361396789551e-01,-2.225982770323753357e-02
-1.062707662582397461e+00,-1.134109348058700562e-01,8.307170271873474121e-01,1.936065405607223511e-02,-5.473871249705553055e-03,-8.916041851043701172e-01,4.523683488368988037e-01,-9.086937904357910156e-01,1.609329581260681152e-01,-1.144421659409999847e-02,1.247830748558044434e+00,-5.160636827349662781e-02,1.309097111225128174e-01,-6.806937605142593384e-02,-5.481321737170219421e-02,-4.032641351222991943e-01,1.525204926729202271e-01,-1.084973439574241638e-01,1.121196523308753967e-02,-1.976178586483001709e-02,2.268884927034378052e-01,1.490348577499389648e-01,-1.276612877845764160e-01,-4.694704413414001465e-01,-5.361092835664749146e-02,-6.426215916872024536e-02,-2.113410830497741699e-01,3.814161121845245361e-01,-7.452772557735443115e-02,1.016499325633049011e-01,-2.224698103964328766e-02
-1.062755584716796875e+00,-1.140799820423126221e-01,8.310319185256958008e-01,1.921888813376426697e-02,-6.942681968212127686e-03,-8.938037157058715820e-01,4.479926228523254395e-01,-9.133372902870178223e-01,1.476412415504455566e-01,-2.511130273342132568e-02,1.256526231765747070e+00,-5.858744308352470398e-02,1.246985718607902527e-01,-6.745688617229461670e-02,-5.746314674615859985e-02,-3.957125544548034668e-01,1.525447219610214233e-01,-1.077397838234901428e-01,1.146777626127004623e-02,-2.242735587060451508e-02,2.291284948587417603e-01,1.448572129011154175e-01,-1.297754943370819092e-01,-4.696106016635894775e-01,-5.530247092247009277e-02,-6.617061048746109009e-02,-2.163997888565063477e-01,3.807627856731414795e-01,-7.313802838325500488e-02,9.926301985979080200e-02,-2.219533547759056091e-02
-1.062688112258911133e+00,-1.150329038500785828e-01,8.312296867370605469e-01,1.903076097369194031e-02,-8.095607161521911621e-03,-8.961173892021179199e-01,4.433350265026092529e-01,-9.157506227493286133e-01,1.339942961931228638e-01,-3.927192091941833496e-02,1.262185215950012207e+00,-6.457720696926116943e-02,1.149643957614898682e-01,-6.695217639207839966e-02,-5.965297296643257141e-02,-3.875417113304138184e-01,1.522708088159561157e-01,-1.067509651184082031e-01,1.193301938474178314e-02,-2.553456649184226990e-02,2.315569370985031128e-01,1.408903300762176514e-01,-1.321012377738952637e-01,-4.695034623146057129e-01,-5.740933492779731750e-02,-6.796774268150329590e-02,-2.211747169494628906e-01,3.806761503219604492e-01,-7.200811058282852173e-02,9.747624397277832031e-02,-2.199341356754302979e-02
-1.062586903572082520e+00,-1.160504519939422607e-01,8.314052224159240723e-01,1.888438686728477478e-02,-9.001989848911762238e-03,-8.984631299972534180e-01,4.385503232479095459e-01,-9.157810211181640625e-01,1.187483891844749451e-01,-5.504014715552330017e-02,1.264649152755737305e+00,-7.041096687316894531e-02,1.013105139136314392e-01,-6.692085415124893188e-02,-6.151618063449859619e-02,-3.785538375377655029e-01,1.520912051200866699e-01,-1.055404767394065857e-01,1.255034655332565308e-02,-2.824661321938037872e-02,2.349934279918670654e-01,1.355251222848892212e-01,-1.350446045398712158e-01,-4.691288769245147705e-01,-6.250576674938201904e-02,-7.043527066707611084e-02,-2.273245155811309814e-01,3.818885087966918945e-01,-7.071360945701599121e-02,9.526938199996948242e-02,-2.117097377777099609e-02
-1.062463521957397461e+00,-1.171863898634910583e-01,8.315145969390869141e-01,1.867390796542167664e-02,-9.567958302795886993e-03,-9.009035229682922363e-01,4.335118830204010010e-01,-9.136942028999328613e-01,1.046671643853187561e-01,-6.982062757015228271e-02,1.263616681098937988e+00,-7.528626173734664917e-02,8.616760373115539551e-02,-6.694722175598144531e-02,-6.269701570272445679e-02,-3.693751096725463867e-01,1.517067402601242065e-01,-1.043857336044311523e-01,1.316620223224163055e-02,-3.094527684152126312e-02,2.381541132926940918e-01,1.310714632272720337e-01,-1.372270286083221436e-01,-4.687814116477966309e-01,-6.688393652439117432e-02,-7.231259346008300781e-02,-2.323903739452362061e-01,3.840854465961456299e-01,-7.002275437116622925e-02,9.504838287830352783e-02,-1.992200501263141632e-02
-1.062227010726928711e+00,-1.185471192002296448e-01,8.315329551696777344e-01,1.836086623370647430e-02,-9.851124137639999390e-03,-9.035084247589111328e-01,4.280634522438049316e-01,-9.084999561309814453e-01,9.089372307062149048e-02,-8.492354303598403931e-02,1.258625507354736328e+00,-7.930656522512435913e-02,7.030361890792846680e-02,-6.707490235567092896e-02,-6.346261501312255859e-02,-3.592389523983001709e-01,1.512847095727920532e-01,-1.031150445342063904e-01,1.399830169975757599e-02,-3.331978246569633484e-02,2.412025481462478638e-01,1.272874027490615845e-01,-1.386148035526275635e-01,-4.680455029010772705e-01,-7.035461813211441040e-02,-7.380865514278411865e-02,-2.365420907735824585e-01,3.867166936397552490e-01,-6.955911964178085327e-02,9.538207203149795532e-02,-1.816511154174804688e-02
-1.062024116516113281e+00,-1.199393048882484436e-01,8.315240144729614258e-01,1.795025914907455444e-02,-1.022900268435478210e-02,-9.061034917831420898e-01,4.225513339042663574e-01,-8.998081684112548828e-01,7.674098014831542969e-02,-1.004771962761878967e-01,1.249239921569824219e+00,-8.281975239515304565e-02,5.186881497502326965e-02,-6.772641837596893311e-02,-6.460701674222946167e-02,-3.487823009490966797e-01,1.524056494235992432e-01,-1.025724783539772034e-01,1.486479397863149643e-02,-3.471092879772186279e-02,2.441313862800598145e-01,1.240941211581230164e-01,-1.392586976289749146e-01,-4.668943285942077637e-01,-7.303177565336227417e-02,-7.502970099449157715e-02,-2.400224804878234863e-01,3.897091448307037354e-01,-6.926827132701873779e-02,9.619723260402679443e-02,-1.600737310945987701e-02
-1.061668753623962402e+00,-1.214801594614982605e-01,8.315173983573913574e-01,1.771903596818447113e-02,-1.019781734794378281e-02,-9.089956283569335938e-01,4.163039922714233398e-01,-8.893684744834899902e-01,6.276303529739379883e-02,-1.165598705410957336e-01,1.236345291137695312e+00,-8.629418909549713135e-02,3.321931511163711548e-02,-6.908031553030014038e-02,-6.515634059906005859e-02,-3.372895717620849609e-01,1.526997834444046021e-01,-1.012922674417495728e-01,1.582863181829452515e-02,-3.582828119397163391e-02,2.468800097703933716e-01,1.213629618287086487e-01,-1.390428096055984497e-01,-4.655037522315979004e-01,-7.457089424133300781e-02,-7.613411545753479004e-02,-2.428181022405624390e-01,3.929387629032135010e-01,-6.931951642036437988e-02,9.722705930471420288e-02,-1.344248466193675995e-02
-1.061298608779907227e+00,-1.231475099921226501e-01,8.315054178237915039e-01,1.764386706054210663e-02,-1.008600555360317230e-02,-9.118877053260803223e-01,4.099362492561340332e-01,-8.758448958396911621e-01,4.842976108193397522e-02,-1.333511322736740112e-01,1.218760251998901367e+00,-8.992832899093627930e-02,1.300644967705011368e-02,-7.032889872789382935e-02,-6.560720503330230713e-02,-3.254784643650054932e-01,1.520833373069763184e-01,-9.956531971693038940e-02,1.692035421729087830e-02,-3.654888644814491272e-02,2.492915689945220947e-01,1.192192584276199341e-01,-1.378594487905502319e-01,-4.641435146331787109e-01,-7.500746846199035645e-02,-7.740899920463562012e-02,-2.449048459529876709e-01,3.958024084568023682e-01,-6.997644156217575073e-02,9.702742844820022583e-02,-1.057160552591085434e-02
-1.060917377471923828e+00,-1.250065267086029053e-01,8.314950466156005859e-01,1.792334020137786865e-02,-9.836216457188129425e-03,-9.148766994476318359e-01,4.032154083251953125e-01,-8.597146272659301758e-01,3.331601619720458984e-02,-1.513466835021972656e-01,1.196464896202087402e+00,-9.442771226167678833e-02,-9.275186806917190552e-03,-7.263046503067016602e-02,-6.632421165704727173e-02,-3.131959140300750732e-01,1.518912315368652344e-01,-9.795902669429779053e-02,1.821929588913917542e-02,-3.654083609580993652e-02,2.512687742710113525e-01,1.175610870122909546e-01,-1.359041929244995117e-01,-4.632703661918640137e-01,-7.460477203130722046e-02,-7.885568588972091675e-02,-2.463738620281219482e-01,3.984210193157196045e-01,-7.120484858751296997e-02,9.612427651882171631e-02,-7.425160612910985947e-03
-1.060530900955200195e+00,-1.268419474363327026e-01,8.314393162727355957e-01,1.810359954833984375e-02,-9.597424417734146118e-03,-9.178104996681213379e-01,3.964896798133850098e-01,-8.407522439956665039e-01,1.833965443074703217e-02,-1.707438826560974121e-01,1.170002460479736328e+00,-9.834920614957809448e-02,-3.518775105476379395e-02,-7.520873099565505981e-02,-6.695304811000823975e-02,-2.997998595237731934e-01,1.523238718509674072e-01,-9.658465534448623657e-02,1.945861615240573883e-02,-3.731801360845565796e-02,2.530263960361480713e-01,1.164139881730079651e-01,-1.334831416606903076e-01,-4.623801410198211670e-01,-7.425649464130401611e-02,-8.039239794015884399e-02,-2.474286407232284546e-01,4.008101224899291992e-01,-7.253636419773101807e-02,9.469398856163024902e-02,-4.149711690843105316e-03
-1.060152888298034668e+00,-1.287098675966262817e-01,8.312892913818359375e-01,1.802052184939384460e-02,-9.193832054734230042e-03,-9.207332730293273926e-01,3.896677494049072266e-01,-8.183990716934204102e-01,4.582612309604883194e-03,-1.906231343746185303e-01,1.138864517211914062e+00,-1.023688241839408875e-01,-6.099326536059379578e-02,-7.766176015138626099e-02,-6.708949804306030273e-02,-2.864528000354766846e-01,1.533457040786743164e-01,-9.557545185089111328e-02,2.069888636469841003e-02,-3.731180727481842041e-02,2.546835541725158691e-01,1.155372634530067444e-01,-1.308731436729431152e-01,-4.612480401992797852e-01,-7.411011308431625366e-02,-8.204566687345504761e-02,-2.480246275663375854e-01,4.027935862541198730e-01,-7.398734241724014282e-02,9.203512221574783325e-02,-4.093327443115413189e-04
-1.059730887413024902e+00,-1.307663768529891968e-01,8.311158418655395508e-01,1.798363029956817627e-02,-8.635263890027999878e-03,-9.237191081047058105e-01,3.825507164001464844e-01,-7.939313650131225586e-01,-7.705667521804571152e-03,-2.105772793292999268e-01,1.103744626045227051e+00,-1.061523035168647766e-01,-8.512897044420242310e-02,-8.031280338764190674e-02,-6.712433695793151855e-02,-2.728707790374755859e-01,1.541650742292404175e-01,-9.436979889869689941e-02,2.215167507529258728e-02,-3.702419996261596680e-02,2.561416327953338623e-01,1.151204481720924377e-01,-1.282222867012023926e-01,-4.601714015007019043e-01,-7.474257051944732666e-02,-8.369484543800354004e-02,-2.481754273176193237e-01,4.043933451175689697e-01,-7.540296018123626709e-02,8.823474496603012085e-02,3.321465337648987770e-03
-1.059033274650573730e+00,-1.327652484178543091e-01,8.308873176574707031e-01,1.688384450972080231e-02,-8.389475755393505096e-03,-9.267654418945312500e-01,3.751671016216278076e-01,-7.647881507873535156e-01,-1.727803610265254974e-02,-2.287039011716842651e-01,1.063973069190979004e+00,-1.081018298864364624e-01,-1.040408834815025330e-01,-8.111786842346191406e-02,-6.707155704498291016e-02,-2.583905458450317383e-01,1.552951037883758545e-01,-9.303876757621765137e-02,2.371877431869506836e-02,-3.761555254459381104e-02,2.576606571674346924e-01,1.149207949638366699e-01,-1.249136477708816528e-01,-4.580285251140594482e-01,-7.557439059019088745e-02,-8.511405438184738159e-02,-2.480810731649398804e-01,4.065813124179840088e-01,-7.609379291534423828e-02,8.322066813707351685e-02,7.397200912237167358e-03
-1.058391213417053223e+00,-1.349732726812362671e-01,8.306717872619628906e-01,1.595349237322807312e-02,-8.120804093778133392e-03,-9.299229383468627930e-01,3.673184812068939209e-01,-7.335737943649291992e-01,-2.432817779481410980e-02,-2.454977929592132568e-01,1.020165920257568359e+00,-1.102902591228485107e-01,-1.194036155939102173e-01,-8.212126791477203369e-02,-6.722141057252883911e-02,-2.434379160404205322e-01,1.561057418584823608e-01,-9.154976159334182739e-02,2.552097663283348083e-02,-3.695217892527580261e-02,2.591298520565032959e-01,1.150521188974380493e-01,-1.216536387801170349e-01,-4.558817744255065918e-01,-7.658819854259490967e-02,-8.648096024990081787e-02,-2.475135326385498047e-01,4.084975421428680420e-01,-7.638429105281829834e-02,7.826861739158630371e-02,1.088034361600875854e-02
-1.057908296585083008e+00,-1.372610628604888916e-01,8.304347991943359375e-01,1.478443574160337448e-02,-7.809243164956569672e-03,-9.330565929412841797e-01,3.593408465385437012e-01,-7.004307508468627930e-01,-2.955497615039348602e-02,-2.618764340877532959e-01,9.731302857398986816e-01,-1.116988882422447205e-01,-1.289168447256088257e-01,-8.223956078290939331e-02,-6.687761843204498291e-02,-2.279122918844223022e-01,1.564792394638061523e-01,-9.012760967016220093e-02,2.727881632745265961e-02,-3.552539646625518799e-02,2.606579065322875977e-01,1.154165416955947876e-01,-1.186090484261512756e-01,-4.534258842468261719e-01,-7.802110165357589722e-02,-8.756590634584426880e-02,-2.467244416475296021e-01,4.107134342193603516e-01,-7.571328431367874146e-02,7.575495541095733643e-02,1.383456867188215256e-02
-1.057297825813293457e+00,-1.397551447153091431e-01,8.300848603248596191e-01,1.420171931385993958e-02,-6.981677375733852386e-03,-9.362598061561584473e-01,3.509517312049865723e-01,-6.658057570457458496e-01,-3.199271485209465027e-02,-2.766461074352264404e-01,9.212322235107421875e-01,-1.121319159865379333e-01,-1.358923614025115967e-01,-8.519839495420455933e-02,-6.652713567018508911e-02,-2.118583321571350098e-01,1.586899757385253906e-01,-8.923343569040298462e-02,2.934489771723747253e-02,-3.518015146255493164e-02,2.619675695896148682e-01,1.160437539219856262e-01,-1.154846996068954468e-01,-4.519689977169036865e-01,-7.940050214529037476e-02,-8.882001787424087524e-02,-2.455241382122039795e-01,4.127076268196105957e-01,-7.621222734451293945e-02,7.291632145643234253e-02,1.663806103169918060e-02
-1.056809902191162109e+00,-1.422266215085983276e-01,8.296099305152893066e-01,1.315510552376508713e-02,-6.614968180656433105e-03,-9.396103620529174805e-01,3.419292271137237549e-01,-6.304864883422851562e-01,-3.487899526953697205e-02,-2.938233613967895508e-01,8.685872554779052734e-01,-1.134708821773529053e-01,-1.417839378118515015e-01,-8.993678539991378784e-02,-6.693655997514724731e-02,-1.934038400650024414e-01,1.661651432514190674e-01,-9.080065041780471802e-02,3.127651661634445190e-02,-3.281407803297042847e-02,2.632932662963867188e-01,1.166668981313705444e-01,-1.122089326381683350e-01,-4.502964019775390625e-01,-7.978403568267822266e-02,-8.987360447645187378e-02,-2.441430985927581787e-01,4.147295355796813965e-01,-7.623399049043655396e-02,7.076033204793930054e-02,1.900784857571125031e-02
-1.056186914443969727e+00,-1.447532325983047485e-01,8.290483951568603516e-01,1.170626375824213028e-02,-6.056421436369419098e-03,-9.430366158485412598e-01,3.324277997016906738e-01,-5.923837423324584961e-01,-3.655024990439414978e-02,-3.117094039916992188e-01,8.124729394912719727e-01,-1.143043041229248047e-01,-1.464596241712570190e-01,-9.464161098003387451e-02,-6.672072410583496094e-02,-1.742711663246154785e-01,1.741001158952713013e-01,-9.234238415956497192e-02,3.332216292619705200e-02,-3.008083999156951904e-02,2.646860182285308838e-01,1.174904108047485352e-01,-1.089955344796180725e-01,-4.482364952564239502e-01,-8.021372556686401367e-02,-9.073794633150100708e-02,-2.424483448266983032e-01,4.168177247047424316e-01,-7.607647031545639038e-02,6.921033561229705811e-02,2.105637453496456146e-02
-1.055463910102844238e+00,-1.474117338657379150e-01,8.283886313438415527e-01,9.551430121064186096e-03,-5.367171950638294220e-03,-9.465870857238769531e-01,3.222620487213134766e-01,-5.521345734596252441e-01,-3.750057145953178406e-02,-3.315624892711639404e-01,7.548995614051818848e-01,-1.151945888996124268e-01,-1.505560576915740967e-01,-9.807211160659790039e-02,-6.570355594158172607e-02,-1.543606221675872803e-01,1.817286014556884766e-01,-9.361410140991210938e-02,3.552292659878730774e-02,-2.690978161990642548e-02,2.662386596202850342e-01,1.183883175253868103e-01,-1.057954952120780945e-01,-4.460793137550354004e-01,-8.003224432468414307e-02,-9.133569896221160889e-02,-2.404095083475112915e-01,4.189747869968414307e-01,-7.601058483123779297e-02,6.800562143325805664e-02,2.299536205828189850e-02
-1.054933547973632812e+00,-1.501741260290145874e-01,8.277245759963989258e-01,7.811152841895818710e-03,-4.281138535588979721e-03,-9.499989151954650879e-01,3.121261298656463623e-01,-5.122836828231811523e-01,-3.837871551513671875e-02,-3.544225692749023438e-01,6.959882974624633789e-01,-1.129578649997711182e-01,-1.557775586843490601e-01,-1.011839956045150757e-01,-6.357825547456741333e-02,-1.336305588483810425e-01,1.869648844003677368e-01,-9.392626583576202393e-02,3.758750483393669128e-02,-2.328898757696151733e-02,2.677851021289825439e-01,1.196337789297103882e-01,-1.025769263505935669e-01,-4.444430470466613770e-01,-7.983849197626113892e-02,-9.159986674785614014e-02,-2.380320727825164795e-01,4.212536215782165527e-01,-7.591567188501358032e-02,6.776230782270431519e-02,2.433808520436286926e-02
-1.054244995117187500e+00,-1.531647145748138428e-01,8.269217014312744141e-01,5.379384849220514297e-03,-2.662783488631248474e-03,-9.534775018692016602e-01,3.014044463634490967e-01,-4.719321429729461670e-01,-3.834229335188865662e-02,-3.793562054634094238e-01,6.386267542839050293e-01,-1.072342172265052795e-01,-1.603010743856430054e-01,-1.025083214044570923e-01,-6.014553830027580261e-02,-1.134672909975051880e-01,1.907791495323181152e-01,-9.346188604831695557e-02,3.996480628848075867e-02,-1.947062462568283081e-02,2.695222198963165283e-01,1.214055866003036499e-01,-9.951667487621307373e-02,-4.424605965614318848e-01,-8.046227693557739258e-02,-9.165446460247039795e-02,-2.351728528738021851e-01,4.234297871589660645e-01,-7.635691761970520020e-02,6.726743280887603760e-02,2.537152916193008423e-02
-1.053699731826782227e+00,-1.562556624412536621e-01,8.261551260948181152e-01,3.193280193954706192e-03,-1.209915848448872566e-03,-9.568558931350708008e-01,2.905427515506744385e-01,-4.321095943450927734e-01,-3.861740976572036743e-02,-4.042351543903350830e-01,5.820673704147338867e-01,-9.708426892757415771e-02,-1.639792025089263916e-01,-1.041134744882583618e-01,-5.723648145794868469e-02,-9.324465692043304443e-02,1.946576088666915894e-01,-9.314771741628646851e-02,4.251594468951225281e-02,-1.655831746757030487e-02,2.713325917720794678e-01,1.235563158988952637e-01,-9.633521735668182373e-02,-4.408912062644958496e-01,-8.084483444690704346e-02,-9.143099188804626465e-02,-2.320699095726013184e-01,4.257945716381072998e-01,-7.705505937337875366e-02,6.792551279067993164e-02,2.621327526867389679e-02
-1.053072571754455566e+00,-1.593365520238876343e-01,8.252258896827697754e-01,9.955659043043851852e-04,7.863877108320593834e-04,-9.599091410636901855e-01,2.803084254264831543e-01,-3.923692703247070312e-01,-3.785839304327964783e-02,-4.280396401882171631e-01,5.269864201545715332e-01,-8.103569597005844116e-02,-1.664095073938369751e-01,-1.063525751233100891e-01,-5.340743064880371094e-02,-7.445368170738220215e-02,1.994597911834716797e-01,-9.330474585294723511e-02,4.511466622352600098e-02,-1.460044737905263901e-02,2.732299566268920898e-01,1.261714547872543335e-01,-9.341264516115188599e-02,-4.405677318572998047e-01,-8.226059377193450928e-02,-9.099980443716049194e-02,-2.288423925638198853e-01,4.283134341239929199e-01,-7.837112247943878174e-02,6.937237828969955444e-02,2.669038809835910797e-02
-1.052467107772827148e+00,-1.625027954578399658e-01,8.242619633674621582e-01,-1.080220565199851990e-03,2.203659620136022568e-03,-9.628665447235107422e-01,2.699666023254394531e-01,-3.592654168605804443e-01,-3.968475013971328735e-02,-4.506359994411468506e-01,4.802163541316986084e-01,-5.823792517185211182e-02,-1.540801078081130981e-01,-1.108767911791801453e-01,-5.108364298939704895e-02,-5.502657219767570496e-02,2.084850966930389404e-01,-9.538573026657104492e-02,4.799895361065864563e-02,-1.299978699535131454e-02,2.751729190349578857e-01,1.288481056690216064e-01,-9.113649278879165649e-02,-4.406692981719970703e-01,-8.378680795431137085e-02,-9.051410853862762451e-02,-2.260228991508483887e-01,4.311106503009796143e-01,-8.011527359485626221e-02,7.192078977823257446e-02,2.682079561054706573e-02
-1.051736712455749512e+00,-1.653204262256622314e-01,8.235355019569396973e-01,-1.678614644333720207e-03,2.615703269839286804e-03,-9.646780490875244141e-01,2.634133994579315186e-01,-3.378747105598449707e-01,-4.359204322099685669e-02,-4.567768573760986328e-01,4.541461169719696045e-01,-6.444063782691955566e-02,-8.579992502927780151e-02,-1.197143048048019409e-01,-5.215558037161827087e-02,-4.091921448707580566e-02,2.226563990116119385e-01,-1.004880219697952271e-01,4.898903146386146545e-02,-1.856446079909801483e-02,2.769513428211212158e-01,1.306134760379791260e-01,-8.931203186511993408e-02,-4.423415660858154297e-01,-8.584401756525039673e-02,-9.005352854728698730e-02,-2.246223986148834229e-01,4.340955317020416260e-01,-8.226841688156127930e-02,7.536562532186508179e-02,2.655328251421451569e-02
-1.050914764404296875e+00,-1.681669801473617554e-01,8.227917551994323730e-01,-1.212534261867403984e-03,2.828879049047827721e-03,-9.658411741256713867e-01,2.591163814067840576e-01,-3.235905468463897705e-01,-4.117475077509880066e-02,-4.424639940261840820e-01,4.357771277427673340e-01,-8.959420770406723022e-02,-5.001946166157722473e-02,-1.328396052122116089e-01,-5.474683642387390137e-02,-3.010747767984867096e-02,2.419760972261428833e-01,-1.084257215261459351e-01,4.670299217104911804e-02,-2.905731275677680969e-02,2.785522937774658203e-01,1.323419213294982910e-01,-8.769862353801727295e-02,-4.459743797779083252e-01,-8.779419213533401489e-02,-8.998451381921768188e-02,-2.238882482051849365e-01,4.370686411857604980e-01,-8.589369058609008789e-02,7.967633754014968872e-02,2.621260285377502441e-02
-1.050134658813476562e+00,-1.710789501667022705e-01,8.220093250274658203e-01,2.103819861076772213e-04,2.629133174195885658e-03,-9.671995639801025391e-01,2.540040612220764160e-01,-3.112271726131439209e-01,-3.595575690269470215e-02,-4.185674488544464111e-01,4.179852902889251709e-01,-1.033924371004104614e-01,-4.361075162887573242e-02,-1.501236110925674438e-01,-5.892980471253395081e-02,-1.699436269700527191e-02,2.642847001552581787e-01,-1.145836412906646729e-01,5.089241266250610352e-02,-3.665442019701004028e-02,2.798638045787811279e-01,1.344353556632995605e-01,-8.606156706809997559e-02,-4.511195421218872070e-01,-8.924304693937301636e-02,-9.042312204837799072e-02,-2.239248454570770264e-01,4.397143721580505371e-01,-9.032043069601058960e-02,8.397150784730911255e-02,2.528227120637893677e-02
-1.049121856689453125e+00,-1.741321235895156860e-01,8.216562271118164062e-01,1.500756596215069294e-03,3.308115992695093155e-03,-9.689205288887023926e-01,2.473455518484115601e-01,-3.028012812137603760e-01,-2.994421310722827911e-02,-4.018166363239288330e-01,4.061250388622283936e-01,-1.211190894246101379e-01,-4.190014302730560303e-02,-1.731607466936111450e-01,-6.158585473895072937e-02,-2.042316365987062454e-03,2.939852178096771240e-01,-1.133865788578987122e-01,5.501410737633705139e-02,-4.072878882288932800e-02,2.801237106323242188e-01,1.362865120172500610e-01,-8.493023365736007690e-02,-4.540463089942932129e-01,-8.977930992841720581e-02,-9.152569621801376343e-02,-2.243429124355316162e-01,4.414681792259216309e-01,-9.305477142333984375e-02,8.582314103841781616e-02,2.444109134376049042e-02
-1.048060178756713867e+00,-1.768628209829330444e-01,8.213446736335754395e-01,3.094685962423682213e-03,3.270736197009682655e-03,-9.705401659011840820e-01,2.408972233533859253e-01,-2.970246076583862305e-01,-2.632746286690235138e-02,-3.836575746536254883e-01,3.956453204154968262e-01,-1.288752704858779907e-01,-4.474934563040733337e-02,-1.997544765472412109e-01,-6.446054577827453613e-02,1.463866792619228363e-02,3.280941843986511230e-01,-1.118457168340682983e-01,5.848045647144317627e-02,-4.308978468179702759e-02,2.799955308437347412e-01,1.387095898389816284e-01,-8.391888439655303955e-02,-4.580451846122741699e-01,-9.092007577419281006e-02,-9.321080893278121948e-02,-2.253820151090621948e-01,4.428015947341918945e-01,-9.653196483850479126e-02,8.745916187763214111e-02,2.312114089727401733e-02
-1.046839118003845215e+00,-1.790906935930252075e-01,8.210495710372924805e-01,4.171914886683225632e-03,1.674523460678756237e-03,-9.719702601432800293e-01,2.350607812404632568e-01,-2.927713096141815186e-01,-2.560116723179817200e-02,-3.627110123634338379e-01,3.852900266647338867e-01,-1.225291192531585693e-01,-5.001734197139739990e-02,-2.244120985269546509e-01,-6.886261701583862305e-02,3.163932263851165771e-02,3.612514734268188477e-01,-1.115838363766670227e-01,6.158485636115074158e-02,-4.476989433169364929e-02,2.798495590686798096e-01,1.411274522542953491e-01,-8.305325359106063843e-02,-4.620709121227264404e-01,-9.219118207693099976e-02,-9.515458345413208008e-02,-2.275089472532272339e-01,4.431893825531005859e-01,-9.945361316204071045e-02,8.818405866622924805e-02,2.096853777766227722e-02
-1.045269966125488281e+00,-1.809355765581130981e-01,8.209895491600036621e-01,4.536770749837160110e-03,4.042940781801007688e-05,-9.731699824333190918e-01,2.300425767898559570e-01,-2.884304523468017578e-01,-2.469758875668048859e-02,-3.414486646652221680e-01,3.766269385814666748e-01,-1.162852272391319275e-01,-5.353014171123504639e-02,-2.511854469776153564e-01,-7.250960916280746460e-02,4.617654532194137573e-02,3.992007076740264893e-01,-1.058797612786293030e-01,6.253769248723983765e-02,-4.705066233873367310e-02,2.798423767089843750e-01,1.434319913387298584e-01,-8.276751637458801270e-02,-4.652008116245269775e-01,-9.386502206325531006e-02,-9.707544744014739990e-02,-2.306663841009140015e-01,4.425910115242004395e-01,-1.010205075144767761e-01,8.801475167274475098e-02,1.784937083721160889e-02
-1.043490409851074219e+00,-1.828520447015762329e-01,8.212383389472961426e-01,4.699057899415493011e-03,-1.161747961305081844e-03,-9.743902683258056641e-01,2.248113155364990234e-01,-2.846412360668182373e-01,-2.289169281721115112e-02,-3.212282955646514893e-01,3.690636754035949707e-01,-1.099329069256782532e-01,-6.291864067316055298e-02,-2.818981409072875977e-01,-7.476042956113815308e-02,5.642959848046302795e-02,4.430079162120819092e-01,-9.571591019630432129e-02,5.745615810155868530e-02,-4.822578281164169312e-02,2.797341644763946533e-01,1.458712071180343628e-01,-8.280771225690841675e-02,-4.673543572425842285e-01,-9.544236212968826294e-02,-9.906056523323059082e-02,-2.343070060014724731e-01,4.409359395503997803e-01,-1.014451906085014343e-01,8.689403533935546875e-02,1.396443042904138565e-02
-1.041590213775634766e+00,-1.847837567329406738e-01,8.212962746620178223e-01,4.481028765439987183e-03,-2.066906774416565895e-03,-9.755275845527648926e-01,2.198217809200286865e-01,-2.817621827125549316e-01,-2.134965546429157257e-02,-3.032583594322204590e-01,3.643959462642669678e-01,-1.051028594374656677e-01,-7.289616018533706665e-02,-3.133872449398040771e-01,-7.692587375640869141e-02,6.720947474241256714e-02,4.877373278141021729e-01,-7.890862971544265747e-02,6.251364946365356445e-02,-4.994921013712882996e-02,2.793146669864654541e-01,1.483941674232482910e-01,-8.332104235887527466e-02,-4.691708981990814209e-01,-9.727881848812103271e-02,-1.010226011276245117e-01,-2.384799420833587646e-01,4.383029937744140625e-01,-1.006226912140846252e-01,8.484859019517898560e-02,9.286786429584026337e-03
-1.039604187011718750e+00,-1.868749856948852539e-01,8.214056491851806641e-01,4.447347018867731094e-03,-2.198719186708331108e-03,-9.765667319297790527e-01,2.151575982570648193e-01,-2.803561687469482422e-01,-1.948232017457485199e-02,-2.861717343330383301e-01,3.613809645175933838e-01,-1.022098138928413391e-01,-7.836242020130157471e-02,-3.474806845188140869e-01,-7.769072055816650391e-02,7.868138700723648071e-02,5.342413187026977539e-01,-5.468382686376571655e-02,6.884164363145828247e-02,-5.285147950053215027e-02,2.785518467426300049e-01,1.511749476194381714e-01,-8.405239135026931763e-02,-4.706242382526397705e-01,-9.902990609407424927e-02,-1.029994264245033264e-01,-2.425045520067214966e-01,4.349158704280853271e-01,-9.929054975509643555e-02,8.197313547134399414e-02,4.275002982467412949e-03
-1.037695050239562988e+00,-1.892719566822052002e-01,8.217132091522216797e-01,5.341017153114080429e-03,-2.090878784656524658e-03,-9.777113199234008789e-01,2.098752856254577637e-01,-2.788749933242797852e-01,-1.816814951598644257e-02,-2.695535421371459961e-01,3.561518490314483643e-01,-1.002142876386642456e-01,-8.009529858827590942e-02,-3.845352232456207275e-01,-7.770774513483047485e-02,9.344726055860519409e-02,5.799208879470825195e-01,-2.335279621183872223e-02,7.785365730524063110e-02,-5.656781047582626343e-02,2.770439684391021729e-01,1.542095094919204712e-01,-8.479841798543930054e-02,-4.725248217582702637e-01,-1.005426198244094849e-01,-1.052024587988853455e-01,-2.462016493082046509e-01,4.311059713363647461e-01,-9.805800020694732666e-02,7.861441373825073242e-02,-7.718345732428133488e-04
-1.035651922225952148e+00,-1.917015165090560913e-01,8.219225406646728516e-01,6.331330165266990662e-03,-2.222579438239336014e-03,-9.791291952133178711e-01,2.031280994415283203e-01,-2.761297523975372314e-01,-1.739744842052459717e-02,-2.526367306709289551e-01,3.494237959384918213e-01,-9.981512278318405151e-02,-7.704263180494308472e-02,-4.239189028739929199e-01,-7.683083415031433105e-02,1.106635183095932007e-01,6.259377598762512207e-01,1.142976805567741394e-02,9.037785977125167847e-02,-5.891926214098930359e-02,2.748250067234039307e-01,1.573398113250732422e-01,-8.553452044725418091e-02,-4.750997424125671387e-01,-1.018025204539299011e-01,-1.076295450329780579e-01,-2.495751380920410156e-01,4.273782968521118164e-01,-9.726574271917343140e-02,7.535997778177261353e-02,-5.565132945775985718e-03
-1.033827900886535645e+00,-1.941927969455718994e-01,8.221411108970642090e-01,7.739339023828506470e-03,-2.617430407553911209e-03,-9.807986617088317871e-01,1.948518157005310059e-01,-2.720468342304229736e-01,-1.714068092405796051e-02,-2.354067116975784302e-01,3.409415781497955322e-01,-1.001896709203720093e-01,-7.078740745782852173e-02,-4.629441797733306885e-01,-7.523898035287857056e-02,1.301826834678649902e-01,6.662561297416687012e-01,4.700113460421562195e-02,1.148048415780067444e-01,-5.941587686538696289e-02,2.720241844654083252e-01,1.605084985494613647e-01,-8.626817166805267334e-02,-4.783821105957031250e-01,-1.028395965695381165e-01,-1.103444620966911316e-01,-2.527473866939544678e-01,4.239681959152221680e-01,-9.718833863735198975e-02,7.235800474882125854e-02,-1.012578513473272324e-02
-1.032325267791748047e+00,-1.968174725770950317e-01,8.225641250610351562e-01,9.890697896480560303e-03,-3.209884976968169212e-03,-9.826344251632690430e-01,1.852604299783706665e-01,-2.673729360103607178e-01,-1.742342300713062286e-02,-2.171528190374374390e-01,3.299896717071533203e-01,-9.911731630563735962e-02,-6.408198922872543335e-02,-5.013741850852966309e-01,-7.313103228807449341e-02,1.497928202152252197e-01,7.013991475105285645e-01,7.884277403354644775e-02,1.417550593614578247e-01,-5.759128555655479431e-02,2.685917615890502930e-01,1.637673676013946533e-01,-8.696899563074111938e-02,-4.827176630496978760e-01,-1.035995110869407654e-01,-1.132264435291290283e-01,-2.557853460311889648e-01,4.214413166046142578e-01,-9.804072231054306030e-02,7.029434293508529663e-02,-1.444476470351219177e-02
-1.030839681625366211e+00,-1.993495374917984009e-01,8.228912949562072754e-01,1.147305034101009369e-02,-3.711760742589831352e-03,-9.845510721206665039e-01,1.746820062398910522e-01,-2.604308128356933594e-01,-1.682881824672222137e-02,-1.979824155569076538e-01,3.186085820198059082e-01,-9.859977662563323975e-02,-5.732958391308784485e-02,-5.381153821945190430e-01,-6.987085193395614624e-02,1.647068858146667480e-01,7.376750707626342773e-01,1.041348055005073547e-01,1.676542162895202637e-01,-5.317416414618492126e-02,2.648371458053588867e-01,1.672316938638687134e-01,-8.753091841936111450e-02,-4.877558946609497070e-01,-1.040873453021049500e-01,-1.159163266420364380e-01,-2.587524652481079102e-01,4.200561642646789551e-01,-9.960822761058807373e-02,6.954577565193176270e-02,-1.842874102294445038e-02
-1.029622673988342285e+00,-2.017890363931655884e-01,8.231649398803710938e-01,1.271756831556558609e-02,-4.390846006572246552e-03,-9.864163398742675781e-01,1.637124866247177124e-01,-2.551000118255615234e-01,-1.656023412942886353e-02,-1.781999766826629639e-01,3.100236952304840088e-01,-9.882192313671112061e-02,-5.151955038309097290e-02,-5.731209516525268555e-01,-6.731300055980682373e-02,1.758326292037963867e-01,7.728493213653564453e-01,1.222761645913124084e-01,1.901019364595413208e-01,-4.733391106128692627e-02,2.610609829425811768e-01,1.710527688264846802e-01,-8.793497085571289062e-02,-4.931287765502929688e-01,-1.043937951326370239e-01,-1.181354299187660217e-01,-2.617731094360351562e-01,4.198743999004364014e-01,-1.016512215137481689e-01,7.027962058782577515e-02,-2.215020172297954559e-02
-1.028573155403137207e+00,-2.042187601327896118e-01,8.236706852912902832e-01,1.405976712703704834e-02,-4.579172004014253616e-03,-9.881125688552856445e-01,1.530192196369171143e-01,-2.496475130319595337e-01,-1.515264343470335007e-02,-1.582757085561752319e-01,3.016947805881500244e-01,-9.844179451465606689e-02,-4.819802939891815186e-02,-6.062819361686706543e-01,-6.567949056625366211e-02,1.810981035232543945e-01,8.067302107810974121e-01,1.292134225368499756e-01,1.968521922826766968e-01,-4.020854830741882324e-02,2.573109865188598633e-01,1.753811091184616089e-01,-8.800797164440155029e-02,-4.987003803253173828e-01,-1.044234931468963623e-01,-1.196552291512489319e-01,-2.648925185203552246e-01,4.209383130073547363e-01,-1.039245426654815674e-01,7.270425558090209961e-02,-2.561951056122779846e-02
-1.027595043182373047e+00,-2.064458280801773071e-01,8.242694139480590820e-01,1.478481851518154144e-02,-4.512903280556201935e-03,-9.896244406700134277e-01,1.428445279598236084e-01,-2.452902942895889282e-01,-1.317900512367486954e-02,-1.393998116254806519e-01,2.951124310493469238e-01,-9.670897573232650757e-02,-4.630167409777641296e-02,-6.355599761009216309e-01,-6.607872992753982544e-02,1.803507357835769653e-01,8.381381034851074219e-01,1.214925274252891541e-01,1.874674558639526367e-01,-3.264091536402702332e-02,2.537113428115844727e-01,1.801973134279251099e-01,-8.755074441432952881e-02,-5.040535330772399902e-01,-1.040513366460800171e-01,-1.203688383102416992e-01,-2.680226266384124756e-01,4.228830635547637939e-01,-1.062003150582313538e-01,7.641948014497756958e-02,-2.889529801905155182e-02
-1.026819944381713867e+00,-2.085797935724258423e-01,8.247896432876586914e-01,1.523184776306152344e-02,-4.280128981918096542e-03,-9.909303188323974609e-01,1.334420293569564819e-01,-2.396990507841110229e-01,-1.091698091477155685e-02,-1.217829510569572449e-01,2.885320186614990234e-01,-9.638217836618423462e-02,-4.444511234760284424e-02,-6.623992323875427246e-01,-6.938986480236053467e-02,1.732610464096069336e-01,8.693178296089172363e-01,1.061510741710662842e-01,1.737810522317886353e-01,-2.592377178370952606e-02,2.502758800983428955e-01,1.852421462535858154e-01,-8.647202700376510620e-02,-5.087872743606567383e-01,-1.032040715217590332e-01,-1.204036548733711243e-01,-2.711165547370910645e-01,4.253659248352050781e-01,-1.083367913961410522e-01,8.100191503763198853e-02,-3.197360411286354065e-02
-1.026143550872802734e+00,-2.105027437210083008e-01,8.254082798957824707e-01,1.564055494964122772e-02,-3.692741971462965012e-03,-9.920012354850769043e-01,1.252011209726333618e-01,-2.333859801292419434e-01,-8.230959996581077576e-03,-1.060854122042655945e-01,2.806890308856964111e-01,-9.572581201791763306e-02,-4.272155463695526123e-02,-6.871388554573059082e-01,-7.489010691642761230e-02,1.617834866046905518e-01,8.991275429725646973e-01,8.810708671808242798e-02,1.543815732002258301e-01,-2.063054777681827545e-02,2.468894273042678833e-01,1.903622746467590332e-01,-8.465298265218734741e-02,-5.128901004791259766e-01,-1.016741618514060974e-01,-1.199588179588317871e-01,-2.741104066371917725e-01,4.278706610202789307e-01,-1.103582307696342468e-01,8.576180785894393921e-02,-3.489540889859199524e-02
-1.025520801544189453e+00,-2.122555226087570190e-01,8.260732293128967285e-01,1.626341789960861206e-02,-2.690541325137019157e-03,-9.928575158119201660e-01,1.181619912385940552e-01,-2.283767908811569214e-01,-5.100392736494541168e-03,-9.195254743099212646e-02,2.733341157436370850e-01,-9.463692456483840942e-02,-4.115680605173110962e-02,-7.097182869911193848e-01,-8.223536610603332520e-02,1.466075181961059570e-01,9.273478984832763672e-01,6.938616186380386353e-02,1.339827477931976318e-01,-1.666673086583614349e-02,2.434693723917007446e-01,1.954489052295684814e-01,-8.219687640666961670e-02,-5.164501667022705078e-01,-9.947710484266281128e-02,-1.192744150757789612e-01,-2.769698798656463623e-01,4.298305511474609375e-01,-1.122320592403411865e-01,8.999156206846237183e-02,-3.783316537737846375e-02
-1.025038480758666992e+00,-2.139066010713577271e-01,8.267076015472412109e-01,1.637268625199794769e-02,-1.941575785167515278e-03,-9.935680031776428223e-01,1.120300665497779846e-01,-2.242029458284378052e-01,-2.719646552577614784e-03,-7.916248589754104614e-02,2.672180533409118652e-01,-9.287411719560623169e-02,-3.941079974174499512e-02,-7.292357683181762695e-01,-9.211288392543792725e-02,1.296566426753997803e-01,9.551616907119750977e-01,5.087179690599441528e-02,1.100923269987106323e-01,-1.372051611542701721e-02,2.401837855577468872e-01,2.004219740629196167e-01,-7.938317209482192993e-02,-5.192881226539611816e-01,-9.683206677436828613e-02,-1.183799207210540771e-01,-2.796324491500854492e-01,4.307950735092163086e-01,-1.136161759495735168e-01,9.306082129478454590e-02,-4.081815853714942932e-02
-1.024590969085693359e+00,-2.154338210821151733e-01,8.273625373840332031e-01,1.689646579325199127e-02,-1.011209911666810513e-03,-9.941309094429016113e-01,1.068512052297592163e-01,-2.200653553009033203e-01,-2.548311895225197077e-04,-6.754630059003829956e-02,2.606442272663116455e-01,-9.154853224754333496e-02,-3.737929090857505798e-02,-7.474246621131896973e-01,-1.033100113272666931e-01,1.112334653735160828e-01,9.819228053092956543e-01,3.458681702613830566e-02,8.848123997449874878e-02,-1.210929453372955322e-02,2.368386089801788330e-01,2.050594389438629150e-01,-7.639829814434051514e-02,-5.218620300292968750e-01,-9.372051805257797241e-02,-1.175347641110420227e-01,-2.821234464645385742e-01,4.304982423782348633e-01,-1.145858988165855408e-01,9.461359679698944092e-02,-4.380782321095466614e-02
-1.024136304855346680e+00,-2.167921364307403564e-01,8.279102444648742676e-01,1.728958077728748322e-02,-1.542803656775504351e-04,-9.945970773696899414e-01,1.023605689406394958e-01,-2.165775001049041748e-01,1.941854949109256268e-03,-5.698927491903305054e-02,2.549133002758026123e-01,-9.010382741689682007e-02,-3.494941815733909607e-02,-7.636751532554626465e-01,-1.153947263956069946e-01,9.305226057767868042e-02,1.007798433303833008e+00,1.977828703820705414e-02,6.689440459012985229e-02,-1.175162009894847870e-02,2.336146086454391479e-01,2.094228565692901611e-01,-7.356435805559158325e-02,-5.240678787231445312e-01,-9.044500440359115601e-02,-1.166904121637344360e-01,-2.844304740428924561e-01,4.288691580295562744e-01,-1.149261817336082458e-01,9.450171142816543579e-02,-4.675947874784469604e-02
-1.023743867874145508e+00,-2.182039618492126465e-01,8.283632397651672363e-01,1.730247400701045990e-02,4.513407766353338957e-04,-9.950199723243713379e-01,9.816166758537292480e-02,-2.123427838087081909e-01,3.379469970241189003e-03,-4.748363047838211060e-02,2.494929581880569458e-01,-8.859106153249740601e-02,-3.284206241369247437e-02,-7.773211002349853516e-01,-1.279776990413665771e-01,7.646462321281433105e-02,1.032746434211730957e+00,7.322519086301326752e-03,4.558119177818298340e-02,-1.219794619828462601e-02,2.306693941354751587e-01,2.135436087846755981e-01,-7.113789021968841553e-02,-5.258460044860839844e-01,-8.730310946702957153e-02,-1.158786341547966003e-01,-2.865059673786163330e-01,4.260275363922119141e-01,-1.146451383829116821e-01,9.279102087020874023e-02,-4.959756135940551758e-02
-1.023455500602722168e+00,-2.196047008037567139e-01,8.288648724555969238e-01,1.761439442634582520e-02,1.195260905660688877e-03,-9.953591823577880859e-01,9.459590911865234375e-02,-2.088330239057540894e-01,4.768289625644683838e-03,-3.887481242418289185e-02,2.439009398221969604e-01,-8.705598115921020508e-02,-3.066513501107692719e-02,-7.889399528503417969e-01,-1.403907835483551025e-01,6.057678163051605225e-02,1.055633306503295898e+00,-1.993646612390875816e-03,2.729646302759647369e-02,-1.323730591684579849e-02,2.279150038957595825e-01,2.174618244171142578e-01,-6.945178657770156860e-02,-5.275302529335021973e-01,-8.472073078155517578e-02,-1.150785610079765320e-01,-2.884644269943237305e-01,4.220879673957824707e-01,-1.136114746332168579e-01,8.963037282228469849e-02,-5.231321975588798523e-02
-1.023084759712219238e+00,-2.207959592342376709e-01,8.293654918670654297e-01,1.773986965417861938e-02,1.881309086456894875e-03,-9.956698417663574219e-01,9.123203903436660767e-02,-2.052446454763412476e-01,6.144712213426828384e-03,-3.076067753136157990e-02,2.385324239730834961e-01,-8.549430221319198608e-02,-2.801954001188278198e-02,-7.982849478721618652e-01,-1.530522108078002930e-01,4.457671940326690674e-02,1.076388955116271973e+00,-9.249961934983730316e-03,1.618679426610469818e-02,-1.413129549473524094e-02,2.255101352930068970e-01,2.212752103805541992e-01,-6.876043975353240967e-02,-5.290095806121826172e-01,-8.307932317256927490e-02,-1.143290400505065918e-01,-2.902365326881408691e-01,4.171743690967559814e-01,-1.119149699807167053e-01,8.514767885208129883e-02,-5.492140352725982666e-02
-1.022805809974670410e+00,-2.218812853097915649e-01,8.296624422073364258e-01,1.797506771981716156e-02,2.310619922354817390e-03,-9.959373474121093750e-01,8.820640295743942261e-02,-2.023054510354995728e-01,6.929610390216112137e-03,-2.335001528263092041e-02,2.339864224195480347e-01,-8.402003347873687744e-02,-2.569182030856609344e-02,-8.060793876647949219e-01,-1.653657257556915283e-01,3.038450703024864197e-02,1.095857858657836914e+00,-1.450965367257595062e-02,3.698362503200769424e-03,-1.602969877421855927e-02,2.233829051256179810e-01,2.250077575445175171e-01,-6.897907704114913940e-02,-5.304295420646667480e-01,-8.229459077119827271e-02,-1.134665161371231079e-01,-2.918368279933929443e-01,4.116788208484649658e-01,-1.094895303249359131e-01,7.981592416763305664e-02,-5.746094509959220886e-02
-1.022573471069335938e+00,-2.228806018829345703e-01,8.299421072006225586e-01,1.839244551956653595e-02,2.606893423944711685e-03,-9.961897730827331543e-01,8.521064370870590210e-02,-1.997191011905670166e-01,7.498337421566247940e-03,-1.596884243190288544e-02,2.294397503137588501e-01,-8.280396461486816406e-02,-2.424508891999721527e-02,-8.125459551811218262e-01,-1.777164936065673828e-01,1.647041551768779755e-02,1.113255143165588379e+00,-1.900907792150974274e-02,-6.815772503614425659e-03,-1.792695373296737671e-02,2.215732783079147339e-01,2.286230921745300293e-01,-7.003599405288696289e-02,-5.316678881645202637e-01,-8.237032592296600342e-02,-1.126113161444664001e-01,-2.933036088943481445e-01,4.060197174549102783e-01,-1.067050620913505554e-01,7.428599894046783447e-02,-5.990125238895416260e-02
-1.022432208061218262e+00,-2.238670438528060913e-01,8.301316499710083008e-01,1.898411847651004791e-02,2.648583846166729927e-03,-9.964326620101928711e-01,8.218584209680557251e-02,-1.972795426845550537e-01,7.390807382762432098e-03,-8.958615362644195557e-03,2.248133271932601929e-01,-8.134438842535018921e-02,-2.201795578002929688e-02,-8.173960447311401367e-01,-1.901445388793945312e-01,2.985728671774268150e-03,1.128203511238098145e+00,-2.267128415405750275e-02,-1.642864942550659180e-02,-1.984456367790699005e-02,2.199952602386474609e-01,2.319578379392623901e-01,-7.175464928150177002e-02,-5.327659249305725098e-01,-8.302477002143859863e-02,-1.118176132440567017e-01,-2.946882247924804688e-01,4.003238976001739502e-01,-1.037405133247375488e-01,6.880099326372146606e-02,-6.222378835082054138e-02
-1.022299051284790039e+00,-2.247727513313293457e-01,8.303914070129394531e-01,1.942899636924266815e-02,2.822615439072251320e-03,-9.966512918472290039e-01,7.937724888324737549e-02,-1.949840635061264038e-01,7.519695442169904709e-03,-2.464058576151728630e-03,2.207370549440383911e-01,-8.014547824859619141e-02,-2.034059911966323853e-02,-8.195850849151611328e-01,-2.016229927539825439e-01,-1.004379987716674805e-02,1.140128850936889648e+00,-2.617867104709148407e-02,-2.426374331116676331e-02,-2.200823277235031128e-02,2.185933738946914673e-01,2.349839508533477783e-01,-7.388594001531600952e-02,-5.336390137672424316e-01,-8.400417864322662354e-02,-1.109561100602149963e-01,-2.960056662559509277e-01,3.948997855186462402e-01,-1.006381586194038391e-01,6.386265158653259277e-02,-6.438836455345153809e-02
-1.022204399108886719e+00,-2.255195379257202148e-01,8.305812478065490723e-01,1.977275684475898743e-02,2.863561967387795448e-03,-9.968724250793457031e-01,7.646021246910095215e-02,-1.927724927663803101e-01,7.670289836823940277e-03,4.119675140827894211e-03,2.173425108194351196e-01,-7.915102690458297729e-02,-1.842675730586051941e-02,-8.193000555038452148e-01,-2.127567827701568604e-01,-2.369318716228008270e-02,1.149301767349243164e+00,-3.097494505345821381e-02,-3.084859438240528107e-02,-2.393268421292304993e-02,2.174047380685806274e-01,2.376178354024887085e-01,-7.627572119235992432e-02,-5.341668725013732910e-01,-8.510222285985946655e-02,-1.098871082067489624e-01,-2.971198558807373047e-01,3.899088501930236816e-01,-9.743411093950271606e-02,5.964694544672966003e-02,-6.640407443046569824e-02
-1.022094607353210449e+00,-2.261734008789062500e-01,8.307344317436218262e-01,1.994264684617519379e-02,2.745051402598619461e-03,-9.970967173576354980e-01,7.343654334545135498e-02,-1.904121488332748413e-01,7.603528909385204315e-03,1.080248691141605377e-02,2.144086062908172607e-01,-7.849512249231338501e-02,-1.700260490179061890e-02,-8.164160251617431641e-01,-2.239943295717239380e-01,-3.817680478096008301e-02,1.155407428741455078e+00,-3.649893403053283691e-02,-3.692552447319030762e-02,-2.536149322986602783e-02,2.163801789283752441e-01,2.398218214511871338e-01,-7.874641567468643188e-02,-5.343211293220520020e-01,-8.612899482250213623e-02,-1.086348667740821838e-01,-2.980893850326538086e-01,3.854120075702667236e-01,-9.419037401676177979e-02,5.631382763385772705e-02,-6.827180832624435425e-02
-1.022119283676147461e+00,-2.267756313085556030e-01,8.308702111244201660e-01,1.984636485576629639e-02,2.645427128300070763e-03,-9.973291754722595215e-01,7.024005800485610962e-02,-1.874895542860031128e-01,7.730413228273391724e-03,1.747090555727481842e-02,2.119671851396560669e-01,-7.794221490621566772e-02,-1.537994015961885452e-02,-8.102887868881225586e-01,-2.352415621280670166e-01,-5.429239571094512939e-02,1.158076047897338867e+00,-4.223537817597389221e-02,-4.253533482551574707e-02,-2.711197361350059509e-02,2.151089906692504883e-01,2.419137656688690186e-01,-8.172154426574707031e-02,-5.335136055946350098e-01,-8.666946738958358765e-02,-1.072450652718544006e-01,-2.989226877689361572e-01,3.805540800094604492e-01,-8.994273096323013306e-02,5.280418694019317627e-02,-7.072097808122634888e-02
-1.022189497947692871e+00,-2.272436320781707764e-01,8.309459686279296875e-01,1.981349661946296692e-02,2.364415675401687622e-03,-9.975717067718505859e-01,6.672709435224533081e-02,-1.848026663064956665e-01,7.780156098306179047e-03,2.462199516594409943e-02,2.099950909614562988e-01,-7.770954072475433350e-02,-1.394958514720201492e-02,-8.022118806838989258e-01,-2.457180023193359375e-01,-7.049486041069030762e-02,1.158060073852539062e+00,-4.968033730983734131e-02,-4.735533520579338074e-02,-2.865741401910781860e-02,2.141115516424179077e-01,2.431682795286178589e-01,-8.410047739744186401e-02,-5.321578979492187500e-01,-8.617117255926132202e-02,-1.057595014572143555e-01,-2.994802594184875488e-01,3.767834901809692383e-01,-8.703333139419555664e-02,5.169727653264999390e-02,-7.263349741697311401e-02
-1.022226095199584961e+00,-2.277015745639801025e-01,8.310203552246093750e-01,1.958019100129604340e-02,2.136969007551670074e-03,-9.978090524673461914e-01,6.315946578979492188e-02,-1.815651059150695801e-01,7.872426882386207581e-03,3.121474385261535645e-02,2.076903283596038818e-01,-7.699988782405853271e-02,-1.202602963894605637e-02,-7.903204560279846191e-01,-2.565420567989349365e-01,-8.961986005306243896e-02,1.153249144554138184e+00,-5.490321666002273560e-02,-5.045432224869728088e-02,-3.026978857815265656e-02,2.133729755878448486e-01,2.440049350261688232e-01,-8.635037392377853394e-02,-5.293751955032348633e-01,-8.527559787034988403e-02,-1.038739234209060669e-01,-2.999689280986785889e-01,3.730492889881134033e-01,-8.253983408212661743e-02,5.115029215812683105e-02,-7.487071305513381958e-02
-1.022461414337158203e+00,-2.281595170497894287e-01,8.310864567756652832e-01,1.974511891603469849e-02,1.928422949276864529e-03,-9.980298280715942383e-01,5.952210351824760437e-02,-1.772596091032028198e-01,8.056866936385631561e-03,3.843513503670692444e-02,2.043992429971694946e-01,-7.714587450027465820e-02,-1.073937583714723587e-02,-7.771511077880859375e-01,-2.662495076656341553e-01,-1.086946353316307068e-01,1.145488381385803223e+00,-6.140846014022827148e-02,-5.440738797187805176e-02,-3.227847814559936523e-02,2.122042775154113770e-01,2.443840503692626953e-01,-8.835022151470184326e-02,-5.255800485610961914e-01,-8.227457106113433838e-02,-1.023546904325485229e-01,-2.999874055385589600e-01,3.693535029888153076e-01,-7.975356280803680420e-02,5.164750292897224426e-02,-7.696568965911865234e-02
-1.022570610046386719e+00,-2.284279018640518188e-01,8.310937881469726562e-01,1.926814019680023193e-02,1.403369475156068802e-03,-9.982647299766540527e-01,5.562602356076240540e-02,-1.751802265644073486e-01,8.182537741959095001e-03,4.693049937486648560e-02,2.036835849285125732e-01,-7.676165550947189331e-02,-1.116950344294309616e-02,-7.609805464744567871e-01,-2.761285006999969482e-01,-1.293853521347045898e-01,1.135188579559326172e+00,-6.680426001548767090e-02,-5.725384503602981567e-02,-3.313513100147247314e-02,2.112387567758560181e-01,2.443356812000274658e-01,-9.019526839256286621e-02,-5.220372676849365234e-01,-7.981441915035247803e-02,-1.007191985845565796e-01,-2.997492551803588867e-01,3.660398125648498535e-01,-7.775286585092544556e-02,5.281209200620651245e-02,-7.855369150638580322e-02
-1.022801756858825684e+00,-2.286590188741683960e-01,8.310526013374328613e-01,1.910849846899509430e-02,1.107492134906351566e-03,-9.984969496726989746e-01,5.135640501976013184e-02,-1.735630780458450317e-01,8.628045208752155304e-03,5.324779823422431946e-02,2.048352360725402832e-01,-7.840471714735031128e-02,-1.161604374647140503e-02,-7.428258657455444336e-01,-2.845456004142761230e-01,-1.513383388519287109e-01,1.121699213981628418e+00,-7.386193424463272095e-02,-6.158830597996711731e-02,-3.291077911853790283e-02,2.103618383407592773e-01,2.439522892236709595e-01,-9.191577136516571045e-02,-5.193262696266174316e-01,-7.769857347011566162e-02,-9.911179542541503906e-02,-2.992271780967712402e-01,3.630190491676330566e-01,-7.698342949151992798e-02,5.454364418983459473e-02,-7.983649522066116333e-02
-1.023022770881652832e+00,-2.288213670253753662e-01,8.309907317161560059e-01,1.892887987196445465e-02,7.027786341495811939e-04,-9.987073540687561035e-01,4.716806486248970032e-02,-1.721688508987426758e-01,9.088467806577682495e-03,6.048717722296714783e-02,2.063035070896148682e-01,-7.977896183729171753e-02,-1.194172911345958710e-02,-7.226458787918090820e-01,-2.928906977176666260e-01,-1.751761883497238159e-01,1.105207562446594238e+00,-7.971212267875671387e-02,-6.538092344999313354e-02,-3.311605378985404968e-02,2.096965909004211426e-01,2.432315796613693237e-01,-9.366773813962936401e-02,-5.166766643524169922e-01,-7.626637816429138184e-02,-9.750854969024658203e-02,-2.985731959342956543e-01,3.601920008659362793e-01,-7.655687630176544189e-02,5.642929300665855408e-02,-8.083596080541610718e-02
-1.023198723793029785e+00,-2.289104014635086060e-01,8.309177160263061523e-01,1.832141540944576263e-02,4.929326241835951805e-04,-9.989178776741027832e-01,4.274591431021690369e-02,-1.684257090091705322e-01,1.003144215792417526e-02,6.766996532678604126e-02,2.068025618791580200e-01,-8.212460577487945557e-02,-1.262199413031339645e-02,-6.994686126708984375e-01,-2.994614243507385254e-01,-1.998958140611648560e-01,1.085616350173950195e+00,-8.492243289947509766e-02,-7.102651149034500122e-02,-3.300801664590835571e-02,2.091963887214660645e-01,2.422173321247100830e-01,-9.524378925561904907e-02,-5.143218040466308594e-01,-7.450323551893234253e-02,-9.606097638607025146e-02,-2.976096272468566895e-01,3.572803735733032227e-01,-7.652724534273147583e-02,5.745703727006912231e-02,-8.161503076553344727e-02
-1.023464798927307129e+00,-2.289286553859710693e-01,8.308583498001098633e-01,1.793055795133113861e-02,2.610998053569346666e-04,-9.991063475608825684e-01,3.827441111207008362e-02,-1.670258790254592896e-01,1.112809963524341583e-02,7.524814456701278687e-02,2.088005095720291138e-01,-8.403920382261276245e-02,-1.310609932988882065e-02,-6.743850111961364746e-01,-3.048498928546905518e-01,-2.256418466567993164e-01,1.062543988227844238e+00,-8.792957663536071777e-02,-7.570202648639678955e-02,-3.254483267664909363e-02,2.089471668004989624e-01,2.409999668598175049e-01,-9.674827009439468384e-02,-5.116862058639526367e-01,-7.321366667747497559e-02,-9.447018057107925415e-02,-2.964734137058258057e-01,3.546701967716217041e-01,-7.686021924018859863e-02,5.885969474911689758e-02,-8.216413855552673340e-02
-1.023879885673522949e+00,-2.288490533828735352e-01,8.307729959487915039e-01,1.784196496009826660e-02,4.004559741588309407e-05,-9.992799758911132812e-01,3.348453715443611145e-02,-1.653204709291458130e-01,1.248549018055200577e-02,8.354370296001434326e-02,2.105260193347930908e-01,-8.643006533384323120e-02,-1.376386079937219620e-02,-6.478226780891418457e-01,-3.080652952194213867e-01,-2.518877685070037842e-01,1.036092400550842285e+00,-8.857521414756774902e-02,-7.702557742595672607e-02,-3.249983489513397217e-02,2.087402641773223877e-01,2.394958287477493286e-01,-9.790672361850738525e-02,-5.093369483947753906e-01,-7.135671377182006836e-02,-9.309483319520950317e-02,-2.952417135238647461e-01,3.520831465721130371e-01,-7.759518921375274658e-02,5.964143201708793640e-02,-8.247051388025283813e-02
-1.024215817451477051e+00,-2.286972999572753906e-01,8.306512832641601562e-01,1.732153631746768951e-02,-2.349470887565985322e-04,-9.994456768035888672e-01,2.843040786683559418e-02,-1.637809127569198608e-01,1.389061752706766129e-02,9.183891117572784424e-02,2.131063342094421387e-01,-8.876592665910720825e-02,-1.412128843367099762e-02,-6.193566918373107910e-01,-3.093054592609405518e-01,-2.775750756263732910e-01,1.006590127944946289e+00,-8.626087754964828491e-02,-7.780490815639495850e-02,-3.199885040521621704e-02,2.087021470069885254e-01,2.378119677305221558e-01,-9.876985102891921997e-02,-5.066249966621398926e-01,-6.945802271366119385e-02,-9.164126962423324585e-02,-2.939475178718566895e-01,3.498755991458892822e-01,-7.806616276502609253e-02,6.095531210303306580e-02,-8.253303170204162598e-02
-1.024478077888488770e+00,-2.283126413822174072e-01,8.305040001869201660e-01,1.690869964659214020e-02,-5.313134170137345791e-04,-9.995781779289245605e-01,2.360653318464756012e-02,-1.611564755439758301e-01,1.560141611844301224e-02,1.008797213435173035e-01,2.150555402040481567e-01,-9.147351235151290894e-02,-1.494153775274753571e-02,-5.895380377769470215e-01,-3.082468509674072266e-01,-3.028284311294555664e-01,9.730786085128784180e-01,-8.018662035465240479e-02,-7.834661751985549927e-02,-3.234625235199928284e-02,2.087675929069519043e-01,2.359198182821273804e-01,-9.923283010721206665e-02,-5.035455226898193359e-01,-6.727842241525650024e-02,-9.026695042848587036e-02,-2.925742566585540771e-01,3.480140864849090576e-01,-7.904011011123657227e-02,6.271183490753173828e-02,-8.233036100864410400e-02
-1.024777770042419434e+00,-2.277995049953460693e-01,8.302955031394958496e-01,1.538680773228406906e-02,-9.775998769327998161e-04,-9.997122287750244141e-01,1.837870106101036072e-02,-1.571208238601684570e-01,1.750121638178825378e-02,1.108323931694030762e-01,2.180690318346023560e-01,-9.457933902740478516e-02,-1.589971035718917847e-02,-5.556346774101257324e-01,-3.054215013980865479e-01,-3.282879590988159180e-01,9.361583590507507324e-01,-7.089051604270935059e-02,-7.675185054540634155e-02,-3.192237392067909241e-02,2.091999500989913940e-01,2.335970699787139893e-01,-9.950558096170425415e-02,-4.998059272766113281e-01,-6.448775529861450195e-02,-8.866875618696212769e-02,-2.911163270473480225e-01,3.466163575649261475e-01,-7.884966582059860229e-02,6.511444598436355591e-02,-8.177426457405090332e-02
-1.025223374366760254e+00,-2.273274958133697510e-01,8.300566673278808594e-01,1.407398190349340439e-02,-1.274220645427703857e-03,-9.998055100440979004e-01,1.375718694180250168e-02,-1.528396159410476685e-01,1.926582306623458862e-02,1.193136125802993774e-01,2.204010635614395142e-01,-9.801658242940902710e-02,-1.707980223000049591e-02,-5.203204751014709473e-01,-3.001950681209564209e-01,-3.527925312519073486e-01,8.948926329612731934e-01,-5.730051919817924500e-02,-7.435300946235656738e-02,-3.140212967991828918e-02,2.099625915288925171e-01,2.312416583299636841e-01,-9.972158074378967285e-02,-4.952560067176818848e-01,-6.250492483377456665e-02,-8.701624721288681030e-02,-2.894860506057739258e-01,3.454198241233825684e-01,-7.852501422166824341e-02,6.699130684137344360e-02,-8.104455471038818359e-02
-1.025794863700866699e+00,-2.265465110540390015e-01,8.297611474990844727e-01,1.352576725184917450e-02,-1.587602542713284492e-03,-9.998657703399658203e-01,9.107405319809913635e-03,-1.515604853630065918e-01,2.170973271131515503e-02,1.281849890947341919e-01,2.249882072210311890e-01,-1.021388247609138489e-01,-1.862938702106475830e-02,-4.849209487438201904e-01,-2.923827171325683594e-01,-3.776016831398010254e-01,8.486166596412658691e-01,-3.678419813513755798e-02,-6.823566555976867676e-02,-3.211930394172668457e-02,2.106769233942031860e-01,2.285897284746170044e-01,-9.975911676883697510e-02,-4.920018017292022705e-01,-6.014661863446235657e-02,-8.551277965307235718e-02,-2.878448069095611572e-01,3.445559144020080566e-01,-7.896355539560317993e-02,6.914881616830825806e-02,-8.008079975843429565e-02
-1.026453733444213867e+00,-2.256805002689361572e-01,8.294466137886047363e-01,1.283542532473802567e-02,-1.844417536631226540e-03,-9.999049901962280273e-01,4.680682905018329620e-03,-1.498126983642578125e-01,2.411734871566295624e-02,1.356108337640762329e-01,2.294780313968658447e-01,-1.065223067998886108e-01,-2.044808492064476013e-02,-4.469821155071258545e-01,-2.819866836071014404e-01,-4.021310210227966309e-01,7.964141964912414551e-01,-9.212849661707878113e-03,-5.919827148318290710e-02,-3.272933512926101685e-02,2.114808410406112671e-01,2.258285731077194214e-01,-9.979660063982009888e-02,-4.883485734462738037e-01,-5.806725472211837769e-02,-8.406624197959899902e-02,-2.861016690731048584e-01,3.439920842647552490e-01,-7.972791790962219238e-02,7.160558551549911499e-02,-7.888634502887725830e-02
-1.027422189712524414e+00,-2.243797630071640015e-01,8.290889263153076172e-01,1.265245769172906876e-02,-2.254522172734141350e-03,-9.999169707298278809e-01,9.200783097185194492e-04,-1.488489657640457153e-01,2.662267722189426422e-02,1.418792307376861572e-01,2.339293956756591797e-01,-1.108791455626487732e-01,-2.271909266710281372e-02,-4.078952372074127197e-01,-2.695675194263458252e-01,-4.271630644798278809e-01,7.389126420021057129e-01,2.744271978735923767e-02,-4.317221418023109436e-02,-3.372968733310699463e-02,2.122014462947845459e-01,2.229688018560409546e-01,-1.000388190150260925e-01,-4.859019219875335693e-01,-5.682998895645141602e-02,-8.288469910621643066e-02,-2.844028472900390625e-01,3.434863090515136719e-01,-8.128841221332550049e-02,7.334685325622558594e-02,-7.783377170562744141e-02
-1.028217911720275879e+00,-2.229967415332794189e-01,8.287028074264526367e-01,1.257823687046766281e-02,-2.714623464271426201e-03,-9.999099373817443848e-01,-3.814773866906762123e-03,-1.478744000196456909e-01,2.925087511539459229e-02,1.493051648139953613e-01,2.381421625614166260e-01,-1.151215359568595886e-01,-2.506853081285953522e-02,-3.672064244747161865e-01,-2.555875182151794434e-01,-4.545637667179107666e-01,6.797915697097778320e-01,4.275142028927803040e-02,-3.413639264181256294e-03,-3.307328745722770691e-02,2.128424346446990967e-01,2.198479622602462769e-01,-1.004668846726417542e-01,-4.838891029357910156e-01,-5.649315565824508667e-02,-8.193878829479217529e-02,-2.830038964748382568e-01,3.430559933185577393e-01,-8.286437392234802246e-02,7.457228749990463257e-02,-7.687781751155853271e-02
-1.028749108314514160e+00,-2.211663722991943359e-01,8.281180858612060547e-01,1.189576182514429092e-02,-3.293385729193687439e-03,-9.998844265937805176e-01,-8.874403312802314758e-03,-1.472050547599792480e-01,3.257897868752479553e-02,1.568832099437713623e-01,2.449841797351837158e-01,-1.200872287154197693e-01,-2.759103290736675262e-02,-3.248378336429595947e-01,-2.386064529418945312e-01,-4.829591214656829834e-01,6.190922856330871582e-01,2.216469682753086090e-02,2.945024520158767700e-02,-3.072179667651653290e-02,2.134592533111572266e-01,2.165574282407760620e-01,-1.010864302515983582e-01,-4.826371371746063232e-01,-5.667269229888916016e-02,-8.100178092718124390e-02,-2.818405032157897949e-01,3.428151309490203857e-01,-8.387161791324615479e-02,7.600241154432296753e-02,-7.614099979400634766e-02
-1.029311656951904297e+00,-2.194350808858871460e-01,8.274067044258117676e-01,1.076047774404287338e-02,-3.292033448815345764e-03,-9.998485445976257324e-01,-1.327577233314514160e-02,-1.473227888345718384e-01,3.704859688878059387e-02,1.625616103410720825e-01,2.547444999217987061e-01,-1.262683272361755371e-01,-3.048876672983169556e-02,-2.849544286727905273e-01,-2.197258025407791138e-01,-5.061303377151489258e-01,5.645948052406311035e-01,-2.231937274336814880e-02,3.874618560075759888e-02,-2.999522909522056580e-02,2.143638581037521362e-01,2.136308848857879639e-01,-1.021018251776695251e-01,-4.809772968292236328e-01,-5.802643671631813049e-02,-7.991427183151245117e-02,-2.803622782230377197e-01,3.427030444145202637e-01,-8.457926660776138306e-02,7.736732810735702515e-02,-7.560601830482482910e-02
-1.029894709587097168e+00,-2.176187038421630859e-01,8.266637921333312988e-01,9.298549965023994446e-03,-2.825163071975111961e-03,-9.998192787170410156e-01,-1.633726619184017181e-02,-1.484543681144714355e-01,4.210219159722328186e-02,1.639359742403030396e-01,2.665053009986877441e-01,-1.328495293855667114e-01,-3.269534185528755188e-02,-2.498777657747268677e-01,-2.005787342786788940e-01,-5.184137821197509766e-01,5.166503190994262695e-01,-5.640572682023048401e-02,3.237743303179740906e-02,-3.193193674087524414e-02,2.155462354421615601e-01,2.111964523792266846e-01,-1.033216863870620728e-01,-4.790868759155273438e-01,-5.970630794763565063e-02,-7.858528941869735718e-02,-2.784056067466735840e-01,3.426775336265563965e-01,-8.492223918437957764e-02,7.861714065074920654e-02,-7.509708404541015625e-02
-1.030281782150268555e+00,-2.158142626285552979e-01,8.258115649223327637e-01,7.859726436436176300e-03,-2.574992133304476738e-03,-9.997565150260925293e-01,-2.045824751257896423e-02,-1.505226790904998779e-01,4.659630730748176575e-02,1.645732372999191284e-01,2.799836397171020508e-01,-1.398675888776779175e-01,-3.414017334580421448e-02,-2.178565412759780884e-01,-1.818777471780776978e-01,-5.268224477767944336e-01,4.698039889335632324e-01,-8.634870499372482300e-02,2.896219305694103241e-02,-3.173169121146202087e-02,2.169624269008636475e-01,2.092092633247375488e-01,-1.047975867986679077e-01,-4.768509864807128906e-01,-6.229140609502792358e-02,-7.720810920000076294e-02,-2.762244045734405518e-01,3.428073227405548096e-01,-8.577059954404830933e-02,8.000339567661285400e-02,-7.457245886325836182e-02
-1.030755877494812012e+00,-2.139719128608703613e-01,8.249014616012573242e-01,6.597056053578853607e-03,-2.713558264076709747e-03,-9.996348619461059570e-01,-2.606356889009475708e-02,-1.532884687185287476e-01,5.022525787353515625e-02,1.652092188596725464e-01,2.949831783771514893e-01,-1.462028771638870239e-01,-3.362242132425308228e-02,-1.867434084415435791e-01,-1.641714721918106079e-01,-5.369441509246826172e-01,4.217697978019714355e-01,-1.134583279490470886e-01,3.758592531085014343e-02,-2.870229259133338928e-02,2.182677686214447021e-01,2.073180526494979858e-01,-1.064940169453620911e-01,-4.761849343776702881e-01,-6.442276388406753540e-02,-7.614213228225708008e-02,-2.742609083652496338e-01,3.429983258247375488e-01,-8.672605454921722412e-02,8.091584593057632446e-02,-7.397519797086715698e-02
-1.031070828437805176e+00,-2.118761092424392700e-01,8.241043686866760254e-01,4.914851859211921692e-03,-2.957126591354608536e-03,-9.995259046554565430e-01,-3.025067783892154694e-02,-1.580556929111480713e-01,5.466221645474433899e-02,1.651761531829833984e-01,3.140079677104949951e-01,-1.507487595081329346e-01,-3.630878031253814697e-02,-1.575243473052978516e-01,-1.479687094688415527e-01,-5.428488254547119141e-01,3.763428628444671631e-01,-1.343324929475784302e-01,4.394526779651641846e-02,-2.846845984458923340e-02,2.198112308979034424e-01,2.058352231979370117e-01,-1.084670349955558777e-01,-4.751659929752349854e-01,-6.757090985774993896e-02,-7.483065873384475708e-02,-2.722631990909576416e-01,3.430725634098052979e-01,-8.669658750295639038e-02,8.156639337539672852e-02,-7.344282418489456177e-02
-1.031348705291748047e+00,-2.098690569400787354e-01,8.233729600906372070e-01,3.440961940214037895e-03,-2.706425264477729797e-03,-9.994083642959594727e-01,-3.411449119448661804e-02,-1.631883829832077026e-01,5.980511754751205444e-02,1.642790287733078003e-01,3.324029147624969482e-01,-1.555964797735214233e-01,-3.911835700273513794e-02,-1.327147334814071655e-01,-1.316953003406524658e-01,-5.435617566108703613e-01,3.348799943923950195e-01,-1.475269794464111328e-01,4.177960753440856934e-02,-2.984441071748733521e-02,2.214293479919433594e-01,2.048839032649993896e-01,-1.101842299103736877e-01,-4.738219380378723145e-01,-7.073191553354263306e-02,-7.348563522100448608e-02,-2.699072957038879395e-01,3.432815372943878174e-01,-8.704429119825363159e-02,8.228677511215209961e-02,-7.300584018230438232e-02
-1.031458377838134766e+00,-2.078376412391662598e-01,8.231338858604431152e-01,1.980642555281519890e-03,-2.254871651530265808e-03,-9.992396235466003418e-01,-3.887442871928215027e-02,-1.715863049030303955e-01,6.627587974071502686e-02,1.636941283941268921e-01,3.559276759624481201e-01,-1.542524099349975586e-01,-4.004776477813720703e-02,-1.126694008708000183e-01,-1.159374043345451355e-01,-5.406020283699035645e-01,2.988110184669494629e-01,-1.510266065597534180e-01,3.569103032350540161e-02,-3.083796612918376923e-02,2.229753434658050537e-01,2.043601274490356445e-01,-1.113547682762145996e-01,-4.723317921161651611e-01,-7.333799451589584351e-02,-7.195402681827545166e-02,-2.672639787197113037e-01,3.439316451549530029e-01,-8.699347078800201416e-02,8.344864100217819214e-02,-7.214544713497161865e-02
-1.031545400619506836e+00,-2.059053480625152588e-01,8.228863477706909180e-01,6.606589304283261299e-04,-1.204131636768579483e-03,-9.990569949150085449e-01,-4.339582473039627075e-02,-1.809055805206298828e-01,7.373473793268203735e-02,1.614765524864196777e-01,3.802315592765808105e-01,-1.531576216220855713e-01,-4.120251908898353577e-02,-1.027209833264350891e-01,-1.050835102796554565e-01,-5.351573824882507324e-01,2.804435193538665771e-01,-1.412541717290878296e-01,3.712053596973419189e-02,-3.175090625882148743e-02,2.242387980222702026e-01,2.041612267494201660e-01,-1.119608208537101746e-01,-4.714845120906829834e-01,-7.502535730600357056e-02,-7.043669372797012329e-02,-2.646117806434631348e-01,3.449337780475616455e-01,-8.665988594293594360e-02,8.463310450315475464e-02,-7.109797745943069458e-02
-1.031411647796630859e+00,-2.040868997573852539e-01,8.228323459625244141e-01,-2.575891558080911636e-04,-4.055518074892461300e-04,-9.988515973091125488e-01,-4.790906608104705811e-02,-1.920393705368041992e-01,8.055029809474945068e-02,1.586938500404357910e-01,4.048925936222076416e-01,-1.491786390542984009e-01,-4.006204754114151001e-02,-1.002512946724891663e-01,-9.779445081949234009e-02,-5.273635387420654297e-01,2.745017111301422119e-01,-1.388214677572250366e-01,3.391354158520698547e-02,-3.400434181094169617e-02,2.250774651765823364e-01,2.042382061481475830e-01,-1.118214279413223267e-01,-4.710891544818878174e-01,-7.513439655303955078e-02,-6.925804167985916138e-02,-2.625297605991363525e-01,3.460051715373992920e-01,-8.629494905471801758e-02,8.532683551311492920e-02,-7.032204419374465942e-02
-1.030993103981018066e+00,-2.023185044527053833e-01,8.229762911796569824e-01,-6.665964028798043728e-04,2.542101137805730104e-04,-9.986099004745483398e-01,-5.270466208457946777e-02,-2.095528542995452881e-01,8.784946054220199585e-02,1.558260023593902588e-01,4.379499852657318115e-01,-1.425161361694335938e-01,-3.402104973793029785e-02,-9.918098151683807373e-02,-9.060176461935043335e-02,-5.166715383529663086e-01,2.678640484809875488e-01,-1.361462473869323730e-01,3.038501739501953125e-02,-3.524295613169670105e-02,2.256260961294174194e-01,2.041655480861663818e-01,-1.110752448439598083e-01,-4.708686470985412598e-01,-7.461491972208023071e-02,-6.818766891956329346e-02,-2.603430747985839844e-01,3.475156426429748535e-01,-8.618861436843872070e-02,8.626523613929748535e-02,-6.941454857587814331e-02
-1.030456781387329102e+00,-2.006222903728485107e-01,8.232485651969909668e-01,-1.139852567575871944e-03,1.030116342008113861e-03,-9.983178377151489258e-01,-5.795788392424583435e-02,-2.313142418861389160e-01,9.627467393875122070e-02,1.536086946725845337e-01,4.770533740520477295e-01,-1.302982568740844727e-01,-2.928571589291095734e-02,-9.692206978797912598e-02,-8.245843648910522461e-02,-5.052449107170104980e-01,2.588157951831817627e-01,-1.322908103466033936e-01,2.669998630881309509e-02,-3.555070236325263977e-02,2.258863598108291626e-01,2.041050344705581665e-01,-1.097421124577522278e-01,-4.707760214805603027e-01,-7.371076941490173340e-02,-6.719560921192169189e-02,-2.580069601535797119e-01,3.494181632995605469e-01,-8.622836321592330933e-02,8.738240599632263184e-02,-6.840484589338302612e-02
-1.029930114746093750e+00,-1.986965984106063843e-01,8.236520290374755859e-01,-1.743363915011286736e-03,1.646479940973222256e-03,-9.980245828628540039e-01,-6.277856975793838501e-02,-2.578738629817962646e-01,1.055805832147598267e-01,1.547182649374008179e-01,5.230744481086730957e-01,-1.110059395432472229e-01,-2.090675570070743561e-02,-9.356182813644409180e-02,-7.449904829263687134e-02,-4.964965283870697021e-01,2.481144517660140991e-01,-1.273882836103439331e-01,2.280239760875701904e-02,-3.478359058499336243e-02,2.259363383054733276e-01,2.039228826761245728e-01,-1.080277115106582642e-01,-4.707646071910858154e-01,-7.253782451152801514e-02,-6.643800437450408936e-02,-2.555089294910430908e-01,3.515329062938690186e-01,-8.666720241308212280e-02,8.846188336610794067e-02,-6.736603379249572754e-02
-1.029484748840332031e+00,-1.968288421630859375e-01,8.240888118743896484e-01,-2.281979657709598541e-03,2.176546491682529449e-03,-9.976655244827270508e-01,-6.821694225072860718e-02,-2.868797481060028076e-01,1.162214577198028564e-01,1.541959643363952637e-01,5.710358619689941406e-01,-8.295314013957977295e-02,-1.446042489260435104e-02,-8.954241871833801270e-02,-6.695497035980224609e-02,-4.899060130119323730e-01,2.362197041511535645e-01,-1.217800155282020569e-01,1.908711344003677368e-02,-3.178924694657325745e-02,2.257075905799865723e-01,2.037367671728134155e-01,-1.060441136360168457e-01,-4.710028767585754395e-01,-7.124889642000198364e-02,-6.583651155233383179e-02,-2.527912557125091553e-01,3.538016974925994873e-01,-8.736658841371536255e-02,8.948539197444915771e-02,-6.631673127412796021e-02
-1.028954386711120605e+00,-1.948963701725006104e-01,8.245351910591125488e-01,-3.018477233126759529e-03,2.173632150515913963e-03,-9.972219467163085938e-01,-7.439459860324859619e-02,-3.186912536621093750e-01,1.263444125652313232e-01,1.495058536529541016e-01,6.220048069953918457e-01,-5.043186619877815247e-02,-6.945647299289703369e-03,-8.390898257493972778e-02,-6.076406687498092651e-02,-4.849086105823516846e-01,2.248785197734832764e-01,-1.173552572727203369e-01,1.592711172997951508e-02,-2.650988660752773285e-02,2.252337336540222168e-01,2.034159004688262939e-01,-1.040998697280883789e-01,-4.715909063816070557e-01,-7.002831250429153442e-02,-6.512629985809326172e-02,-2.501734495162963867e-01,3.561305701732635498e-01,-8.784069865942001343e-02,9.042425453662872314e-02,-6.528457254171371460e-02
-1.028497576713562012e+00,-1.930403858423233032e-01,8.250222802162170410e-01,-4.134359769523143768e-03,1.845849910750985146e-03,-9.967993497848510742e-01,-7.981589436531066895e-02,-3.516229391098022461e-01,1.358327865600585938e-01,1.437232047319412231e-01,6.746048331260681152e-01,-1.313717011362314224e-02,4.890044801868498325e-04,-7.866229116916656494e-02,-5.619538575410842896e-02,-4.819371700286865234e-01,2.146507799625396729e-01,-1.126340925693511963e-01,1.277639251202344894e-02,-2.188096195459365845e-02,2.247171401977539062e-01,2.026911526918411255e-01,-1.024657487869262695e-01,-4.723407030105590820e-01,-6.893283873796463013e-02,-6.427404284477233887e-02,-2.479366660118103027e-01,3.583803176879882812e-01,-8.795239776372909546e-02,9.120374172925949097e-02,-6.431560963392257690e-02
-1.027970433235168457e+00,-1.912220865488052368e-01,8.254385590553283691e-01,-5.120125133544206619e-03,9.070307714864611626e-04,-9.963750243186950684e-01,-8.491012454032897949e-02,-3.871260583400726318e-01,1.433558017015457153e-01,1.345784962177276611e-01,7.272048592567443848e-01,2.461634576320648193e-02,1.596973091363906860e-02,-7.552972435951232910e-02,-5.400554090738296509e-02,-4.790681004524230957e-01,2.080227136611938477e-01,-1.092694103717803955e-01,9.819163009524345398e-03,-1.759814843535423279e-02,2.241749465465545654e-01,2.012269794940948486e-01,-1.015505716204643250e-01,-4.733713269233703613e-01,-6.818848848342895508e-02,-6.317128986120223999e-02,-2.465809285640716553e-01,3.605644702911376953e-01,-8.748309314250946045e-02,9.191533178091049194e-02,-6.345943361520767212e-02
-1.027467012405395508e+00,-1.896180808544158936e-01,8.258097171783447266e-01,-6.268970668315887451e-03,-3.687454736791551113e-04,-9.959202408790588379e-01,-9.001913666725158691e-02,-4.242408871650695801e-01,1.484077125787734985e-01,1.220082789659500122e-01,7.798048257827758789e-01,5.458156391978263855e-02,4.205288738012313843e-02,-7.393698394298553467e-02,-5.366262048482894897e-02,-4.756321609020233154e-01,2.050386518239974976e-01,-1.074308678507804871e-01,7.080678828060626984e-03,-1.408072840422391891e-02,2.237206250429153442e-01,1.989664137363433838e-01,-1.014702320098876953e-01,-4.745965898036956787e-01,-6.780976802110671997e-02,-6.174182519316673279e-02,-2.462706863880157471e-01,3.626590669155120850e-01,-8.629551529884338379e-02,9.257769584655761719e-02,-6.272785365581512451e-02
-1.027149319648742676e+00,-1.881947964429855347e-01,8.260515928268432617e-01,-6.787627469748258591e-03,-1.394434948451817036e-03,-9.954363703727722168e-01,-9.517545253038406372e-02,-4.635869264602661133e-01,1.521383225917816162e-01,1.063621789216995239e-01,8.324048519134521484e-01,7.425259798765182495e-02,7.810443639755249023e-02,-7.404882460832595825e-02,-5.340109393000602722e-02,-4.718959629535675049e-01,2.040507793426513672e-01,-1.069009900093078613e-01,4.751192871481180191e-03,-1.157569792121648788e-02,2.232502102851867676e-01,1.964204609394073486e-01,-1.022153496742248535e-01,-4.761688411235809326e-01,-6.795867532491683960e-02,-6.014710292220115662e-02,-2.466159909963607788e-01,3.647222518920898438e-01,-8.470585942268371582e-02,9.319391846656799316e-02,-6.209040060639381409e-02
-1.026883840560913086e+00,-1.870012730360031128e-01,8.259372711181640625e-01,-6.740868557244539261e-03,-9.708625730127096176e-04,-9.949839711189270020e-01,-9.980216622352600098e-02,-5.044518709182739258e-01,1.571049392223358154e-01,8.856804668903350830e-02,8.850048184394836426e-01,7.484793663024902344e-02,1.009708419442176819e-01,-7.580658793449401855e-02,-5.024385452270507812e-02,-4.670706093311309814e-01,2.039237171411514282e-01,-1.065457612276077271e-01,2.280657878145575523e-03,-1.165572926402091980e-02,2.224586009979248047e-01,1.949146687984466553e-01,-1.033493727445602417e-01,-4.785710871219635010e-01,-6.883736699819564819e-02,-5.856779590249061584e-02,-2.463195174932479858e-01,3.669113218784332275e-01,-8.312221616506576538e-02,9.369891136884689331e-02,-6.144076585769653320e-02
-1.026859283447265625e+00,-1.859016865491867065e-01,8.255892395973205566e-01,-5.734366830438375473e-03,4.060709325131028891e-04,-9.945251941680908203e-01,-1.043385863304138184e-01,-5.460722446441650391e-01,1.632179170846939087e-01,7.055290043354034424e-02,9.376048445701599121e-01,5.929562821984291077e-02,1.073377281427383423e-01,-7.883417606353759766e-02,-4.471737518906593323e-02,-4.615664482116699219e-01,2.035515755414962769e-01,-1.064001098275184631e-01,-1.593248744029551744e-04,-1.326842699199914932e-02,2.215711325407028198e-01,1.952337473630905151e-01,-1.046305969357490540e-01,-4.817045032978057861e-01,-7.057369500398635864e-02,-5.760448426008224487e-02,-2.447440475225448608e-01,3.690522313117980957e-01,-8.231941610574722290e-02,9.389787912368774414e-02,-6.069102138280868530e-02
-1.027018547058105469e+00,-1.848263591527938843e-01,8.251881003379821777e-01,-4.733554553240537643e-03,2.102634171023964882e-03,-9.940575957298278809e-01,-1.087322682142257690e-01,-5.862600803375244141e-01,1.697317808866500854e-01,5.328125134110450745e-02,9.885227680206298828e-01,3.793650120496749878e-02,1.037123426795005798e-01,-8.120319247245788574e-02,-3.830791264772415161e-02,-4.552420079708099365e-01,2.026855349540710449e-01,-1.062463298439979553e-01,-2.461868803948163986e-03,-1.536299567669630051e-02,2.207995504140853882e-01,1.970922946929931641e-01,-1.058439388871192932e-01,-4.852205216884613037e-01,-7.292227447032928467e-02,-5.714238062500953674e-02,-2.422824203968048096e-01,3.712069690227508545e-01,-8.216029405593872070e-02,9.397152811288833618e-02,-5.982157215476036072e-02
-1.027279853820800781e+00,-1.837927997112274170e-01,8.251938223838806152e-01,-4.199665971100330353e-03,2.028623363003134727e-03,-9.935771822929382324e-01,-1.130601093173027039e-01,-6.191548705101013184e-01,1.712710708379745483e-01,3.896859288215637207e-02,1.029057264328002930e+00,2.032231539487838745e-02,1.047569140791893005e-01,-8.335724472999572754e-02,-3.603947535157203674e-02,-4.477102160453796387e-01,2.024908512830734253e-01,-1.061921864748001099e-01,-4.334432072937488556e-03,-1.767533458769321442e-02,2.203683704137802124e-01,1.981224417686462402e-01,-1.072141602635383606e-01,-4.887088537216186523e-01,-7.524676620960235596e-02,-5.708900839090347290e-02,-2.412792146205902100e-01,3.734887242317199707e-01,-8.185656368732452393e-02,9.435053914785385132e-02,-5.883119627833366394e-02
-1.027656793594360352e+00,-1.827724725008010864e-01,8.252924084663391113e-01,-4.017566330730915070e-03,1.560740522108972073e-03,-9.930644631385803223e-01,-1.174921318888664246e-01,-6.496137976646423340e-01,1.710598766803741455e-01,2.529485337436199188e-02,1.066701650619506836e+00,3.161639207974076271e-03,1.122187823057174683e-01,-8.494467288255691528e-02,-3.465331718325614929e-02,-4.393517971038818359e-01,2.025514841079711914e-01,-1.063376888632774353e-01,-6.094756070524454117e-03,-1.970876380801200867e-02,2.203860729932785034e-01,1.986365616321563721e-01,-1.084962934255599976e-01,-4.916033744812011719e-01,-7.742118090391159058e-02,-5.733714252710342407e-02,-2.412879168987274170e-01,3.757624328136444092e-01,-8.150644600391387939e-02,9.486896544694900513e-02,-5.777180567383766174e-02
-1.028080940246582031e+00,-1.817687451839447021e-01,8.254796266555786133e-01,-4.179507493972778320e-03,7.636889349669218063e-04,-9.925638437271118164e-01,-1.216508895158767700e-01,-6.763149499893188477e-01,1.693893224000930786e-01,1.319033745676279068e-02,1.099940657615661621e+00,-1.525423303246498108e-02,1.197946891188621521e-01,-8.590685576200485229e-02,-3.426344692707061768e-02,-4.312916696071624756e-01,2.031766325235366821e-01,-1.068853661417961121e-01,-7.648323196917772293e-03,-2.165663242340087891e-02,2.207819968461990356e-01,1.988458633422851562e-01,-1.094528958201408386e-01,-4.938953220844268799e-01,-7.934955507516860962e-02,-5.813310667872428894e-02,-2.417739331722259521e-01,3.778184354305267334e-01,-8.150930702686309814e-02,9.514988213777542114e-02,-5.664557218551635742e-02
-1.028616905212402344e+00,-1.809097528457641602e-01,8.257680535316467285e-01,-4.102714825421571732e-03,-4.841581394430249929e-04,-9.920648336410522461e-01,-1.256593465805053711e-01,-7.003943920135498047e-01,1.665792912244796753e-01,3.341263858601450920e-03,1.128910660743713379e+00,-3.257820010185241699e-02,1.241402402520179749e-01,-8.766277879476547241e-02,-3.527991846203804016e-02,-4.236616194248199463e-01,2.045494318008422852e-01,-1.077727973461151123e-01,-8.825657889246940613e-03,-2.381600998342037201e-02,2.214253246784210205e-01,1.987175047397613525e-01,-1.098251640796661377e-01,-4.955881834030151367e-01,-8.072950690984725952e-02,-5.967326834797859192e-02,-2.423793375492095947e-01,3.794381320476531982e-01,-8.223260939121246338e-02,9.489102661609649658e-02,-5.545652285218238831e-02
-1.029273509979248047e+00,-1.800830513238906860e-01,8.261160850524902344e-01,-4.403141327202320099e-03,-2.134847687557339668e-03,-9.915288686752319336e-01,-1.297943592071533203e-01,-7.209181189537048340e-01,1.627705842256546021e-01,-4.712490364909172058e-03,1.154447436332702637e+00,-4.838826134800910950e-02,1.289724558591842651e-01,-8.923392742872238159e-02,-3.763527050614356995e-02,-4.161118865013122559e-01,2.071275413036346436e-01,-1.092108786106109619e-01,-9.760064072906970978e-03,-2.577397599816322327e-02,2.222426682710647583e-01,1.980997473001480103e-01,-1.095357164740562439e-01,-4.965840280055999756e-01,-8.135294169187545776e-02,-6.148289144039154053e-02,-2.433242797851562500e-01,3.805609345436096191e-01,-8.296974003314971924e-02,9.408723562955856323e-02,-5.423647537827491760e-02
-1.030003190040588379e+00,-1.793540716171264648e-01,8.265377879142761230e-01,-4.129376728087663651e-03,-4.035021178424358368e-03,-9.909523725509643555e-01,-1.340895444154739380e-01,-7.400305867195129395e-01,1.581918299198150635e-01,-1.131697557866573334e-02,1.175951838493347168e+00,-6.194559857249259949e-02,1.319943219423294067e-01,-9.198398888111114502e-02,-4.060337319970130920e-02,-4.088514447212219238e-01,2.097468674182891846e-01,-1.107164919376373291e-01,-1.042047701776027679e-02,-2.729472517967224121e-02,2.230899930000305176e-01,1.969864517450332642e-01,-1.087424457073211670e-01,-4.971079826354980469e-01,-8.133740723133087158e-02,-6.366044282913208008e-02,-2.445153743028640747e-01,3.811055123805999756e-01,-8.384575694799423218e-02,9.260749071836471558e-02,-5.300818756222724915e-02
-1.030926108360290527e+00,-1.788710802793502808e-01,8.270068168640136719e-01,-3.454041900113224983e-03,-6.126011256128549576e-03,-9.902497529983520508e-01,-1.391255259513854980e-01,-7.571499347686767578e-01,1.527242660522460938e-01,-1.711388677358627319e-02,1.194037795066833496e+00,-7.526587694883346558e-02,1.358718723058700562e-01,-9.621483087539672852e-02,-4.417259991168975830e-02,-4.004796743392944336e-01,2.123360633850097656e-01,-1.115812957286834717e-01,-1.088127307593822479e-02,-2.909481525421142578e-02,2.238097786903381348e-01,1.953604519367218018e-01,-1.074416413903236389e-01,-4.973715841770172119e-01,-8.063711225986480713e-02,-6.626314669847488403e-02,-2.458688020706176758e-01,3.810778856277465820e-01,-8.500124514102935791e-02,9.047164022922515869e-02,-5.179104581475257874e-02
-1.031996011734008789e+00,-1.785896271467208862e-01,8.274754285812377930e-01,-2.838836982846260071e-03,-8.162753656506538391e-03,-9.894292354583740234e-01,-1.447586864233016968e-01,-7.720488905906677246e-01,1.466213166713714600e-01,-2.284171059727668762e-02,1.209644079208374023e+00,-8.876134455204010010e-02,1.380220353603363037e-01,-9.955428540706634521e-02,-4.784562066197395325e-02,-3.924388289451599121e-01,2.147063016891479492e-01,-1.127286478877067566e-01,-1.081308722496032715e-02,-2.937620319426059723e-02,2.243440747261047363e-01,1.932439059019088745e-01,-1.057527959346771240e-01,-4.975633025169372559e-01,-7.938044518232345581e-02,-6.876209378242492676e-02,-2.476441562175750732e-01,3.806707561016082764e-01,-8.568130433559417725e-02,8.790004253387451172e-02,-5.052927881479263306e-02
-1.033021330833435059e+00,-1.782427281141281128e-01,8.279306292533874512e-01,-2.711055567488074303e-03,-1.008153706789016724e-02,-9.885375499725341797e-01,-1.506139636039733887e-01,-7.839080095291137695e-01,1.398824900388717651e-01,-2.906916663050651550e-02,1.222040772438049316e+00,-1.004996970295906067e-01,1.399850696325302124e-01,-1.027432307600975037e-01,-5.112264677882194519e-02,-3.834252655506134033e-01,2.168497741222381592e-01,-1.130751669406890869e-01,-1.114848162978887558e-02,-3.047644719481468201e-02,2.249188721179962158e-01,1.907596290111541748e-01,-1.038106158375740051e-01,-4.974188506603240967e-01,-7.776822149753570557e-02,-7.104891538619995117e-02,-2.498734742403030396e-01,3.800875842571258545e-01,-8.571977913379669189e-02,8.517145365476608276e-02,-4.920664057135581970e-02
-1.033602356910705566e+00,-1.782115995883941650e-01,8.282338380813598633e-01,-5.260126665234565735e-03,-1.146076433360576630e-02,-9.875615239143371582e-01,-1.567265242338180542e-01,-7.884656190872192383e-01,1.330829411745071411e-01,-3.513088822364807129e-02,1.231828808784484863e+00,-1.116810962557792664e-01,1.428402364253997803e-01,-1.009788215160369873e-01,-5.443259701132774353e-02,-3.739765584468841553e-01,2.201810479164123535e-01,-1.138093993067741394e-01,-1.139419246464967728e-02,-3.115239180624485016e-02,2.260802090167999268e-01,1.878435164690017700e-01,-1.018788442015647888e-01,-4.963040351867675781e-01,-7.602766901254653931e-02,-7.256770879030227661e-02,-2.526278793811798096e-01,3.798499107360839844e-01,-8.450464904308319092e-02,8.290325105190277100e-02,-4.777283221483230591e-02
-1.034488081932067871e+00,-1.780835986137390137e-01,8.286064267158508301e-01,-6.649898830801248550e-03,-1.295881439000368118e-02,-9.864910244941711426e-01,-1.631666123867034912e-01,-7.919363379478454590e-01,1.262015253305435181e-01,-4.036387801170349121e-02,1.237039804458618164e+00,-1.221157014369964600e-01,1.413170546293258667e-01,-1.006258204579353333e-01,-5.708775669336318970e-02,-3.631913959980010986e-01,2.214487493038177490e-01,-1.137864440679550171e-01,-1.164129655808210373e-02,-3.242307156324386597e-02,2.276528030633926392e-01,1.847104579210281372e-01,-1.001109182834625244e-01,-4.946183860301971436e-01,-7.433698326349258423e-02,-7.355696707963943481e-02,-2.556715607643127441e-01,3.802019059658050537e-01,-8.252284675836563110e-02,8.125800639390945435e-02,-4.613025858998298645e-02
-1.035497665405273438e+00,-1.781382560729980469e-01,8.288558125495910645e-01,-7.648519240319728851e-03,-1.409368496388196945e-02,-9.852468967437744141e-01,-1.703860312700271606e-01,-7.950879335403442383e-01,1.196544691920280457e-01,-4.622583091259002686e-02,1.241075158119201660e+00,-1.315728574991226196e-01,1.400066167116165161e-01,-1.008742377161979675e-01,-5.873159691691398621e-02,-3.496870100498199463e-01,2.222438454627990723e-01,-1.133525669574737549e-01,-1.168903708457946777e-02,-3.270738199353218079e-02,2.298734188079833984e-01,1.809423267841339111e-01,-9.824775159358978271e-02,-4.918164908885955811e-01,-7.230586558580398560e-02,-7.424489408731460571e-02,-2.593514323234558105e-01,3.813887238502502441e-01,-7.973844558000564575e-02,8.052550256252288818e-02,-4.369343072175979614e-02
-1.036728501319885254e+00,-1.781504452228546143e-01,8.290557265281677246e-01,-7.791882380843162537e-03,-1.501004770398139954e-02,-9.839373230934143066e-01,-1.777114719152450562e-01,-7.973884344100952148e-01,1.135266199707984924e-01,-5.231883004307746887e-02,1.241318941116333008e+00,-1.398358196020126343e-01,1.360299736261367798e-01,-1.022273004055023193e-01,-5.937704443931579590e-02,-3.357804715633392334e-01,2.222388982772827148e-01,-1.126970946788787842e-01,-1.172373443841934204e-02,-3.315058350563049316e-02,2.318781018257141113e-01,1.764038950204849243e-01,-9.592976421117782593e-02,-4.883193969726562500e-01,-7.004380971193313599e-02,-7.596483081579208374e-02,-2.633647918701171875e-01,3.845530450344085693e-01,-7.687535136938095093e-02,8.074051141738891602e-02,-3.926983103156089783e-02
-1.037917852401733398e+00,-1.783106774091720581e-01,8.292123675346374512e-01,-8.329326286911964417e-03,-1.551154907792806625e-02,-9.825962185859680176e-01,-1.849180608987808228e-01,-7.970248460769653320e-01,1.069721505045890808e-01,-5.915614590048789978e-02,1.238279700279235840e+00,-1.466430127620697021e-01,1.312069296836853027e-01,-1.028020679950714111e-01,-5.943015962839126587e-02,-3.221420943737030029e-01,2.219716012477874756e-01,-1.115743964910507202e-01,-1.176273636519908905e-02,-3.294049203395843506e-02,2.338332682847976685e-01,1.726801842451095581e-01,-9.412733465433120728e-02,-4.859083890914916992e-01,-6.951588392257690430e-02,-7.738550007343292236e-02,-2.664692699909210205e-01,3.883645534515380859e-01,-7.562214136123657227e-02,8.227878808975219727e-02,-3.480875864624977112e-02
-1.039190173149108887e+00,-1.784345507621765137e-01,8.293376564979553223e-01,-9.035570546984672546e-03,-1.583634875714778900e-02,-9.811985492706298828e-01,-1.921377778053283691e-01,-7.941188812255859375e-01,1.001690328121185303e-01,-6.676267087459564209e-02,1.232113361358642578e+00,-1.516453623771667480e-01,1.259234994649887085e-01,-1.028776392340660095e-01,-5.920494720339775085e-02,-3.085341453552246094e-01,2.218230068683624268e-01,-1.106188073754310608e-01,-1.184127200394868851e-02,-3.336531668901443481e-02,2.358689457178115845e-01,1.694683581590652466e-01,-9.225620329380035400e-02,-4.837507605552673340e-01,-6.942931562662124634e-02,-7.854259014129638672e-02,-2.690149247646331787e-01,3.925735056400299072e-01,-7.512311637401580811e-02,8.443384617567062378e-02,-3.017422929406166077e-02
-1.040562391281127930e+00,-1.786283552646636963e-01,8.294581770896911621e-01,-9.443307295441627502e-03,-1.604952663183212280e-02,-9.797472953796386719e-01,-1.993701159954071045e-01,-7.896985411643981934e-01,9.249695390462875366e-02,-7.525600492954254150e-02,1.222777009010314941e+00,-1.560668349266052246e-01,1.185096055269241333e-01,-1.033535972237586975e-01,-5.865322425961494446e-02,-2.950245738029479980e-01,2.209971994161605835e-01,-1.091401353478431702e-01,-1.170402858406305313e-02,-3.316517919301986694e-02,2.380764484405517578e-01,1.666662245988845825e-01,-9.041293710470199585e-02,-4.816132187843322754e-01,-6.979474425315856934e-02,-7.971967011690139771e-02,-2.708901762962341309e-01,3.969383239746093750e-01,-7.583910971879959106e-02,8.658672124147415161e-02,-2.538561262190341949e-02
-1.041970968246459961e+00,-1.787847429513931274e-01,8.295780420303344727e-01,-9.581108577549457550e-03,-1.625737175345420837e-02,-9.782899618148803711e-01,-2.063798308372497559e-01,-7.833285927772521973e-01,8.321092277765274048e-02,-8.542557060718536377e-02,1.209166526794433594e+00,-1.565133333206176758e-01,1.095022857189178467e-01,-1.037137135863304138e-01,-5.809038504958152771e-02,-2.823029756546020508e-01,2.200985997915267944e-01,-1.081106811761856079e-01,-1.142402552068233490e-02,-3.238127380609512329e-02,2.403061389923095703e-01,1.642131805419921875e-01,-8.872924745082855225e-02,-4.799168705940246582e-01,-7.073596119880676270e-02,-8.079162240028381348e-02,-2.724040746688842773e-01,4.011198282241821289e-01,-7.656600326299667358e-02,8.812985569238662720e-02,-2.062428370118141174e-02
-1.043575406074523926e+00,-1.789971888065338135e-01,8.297023177146911621e-01,-9.696785360574722290e-03,-1.647418178617954254e-02,-9.767511487007141113e-01,-2.135223299264907837e-01,-7.739038467407226562e-01,7.283248007297515869e-02,-9.683483839035034180e-02,1.191714286804199219e+00,-1.570635288953781128e-01,9.930546581745147705e-02,-1.043430641293525696e-01,-5.784622952342033386e-02,-2.696363925933837891e-01,2.193420231342315674e-01,-1.069378852844238281e-01,-1.091737486422061920e-02,-3.197034075856208801e-02,2.425839602947235107e-01,1.619547903537750244e-01,-8.709271997213363647e-02,-4.786507785320281982e-01,-7.156238704919815063e-02,-8.227651566267013550e-02,-2.734420001506805420e-01,4.046242535114288330e-01,-7.813205569982528687e-02,8.803433924913406372e-02,-1.592061109840869904e-02
-1.045108079910278320e+00,-1.793651282787322998e-01,8.297559618949890137e-01,-1.010498218238353729e-02,-1.648364961147308350e-02,-9.752284884452819824e-01,-2.203534096479415894e-01,-7.617200613021850586e-01,6.173955649137496948e-02,-1.091789081692695618e-01,1.170859575271606445e+00,-1.598141491413116455e-01,8.518110960721969604e-02,-1.043821871280670166e-01,-5.765799805521965027e-02,-2.577408850193023682e-01,2.190420180559158325e-01,-1.060102507472038269e-01,-1.019437983632087708e-02,-3.147143125534057617e-02,2.450563907623291016e-01,1.599219590425491333e-01,-8.560220152139663696e-02,-4.768269658088684082e-01,-7.268558442592620850e-02,-8.384472876787185669e-02,-2.742737233638763428e-01,4.075104594230651855e-01,-7.932991534471511841e-02,8.670520037412643433e-02,-1.157769281417131424e-02
-1.046834826469421387e+00,-1.797839254140853882e-01,8.297899365425109863e-01,-9.946190752089023590e-03,-1.634984835982322693e-02,-9.736494421958923340e-01,-2.272453904151916504e-01,-7.487185001373291016e-01,5.080831795930862427e-02,-1.224984899163246155e-01,1.146992921829223633e+00,-1.614651083946228027e-01,6.757966428995132446e-02,-1.051581874489784241e-01,-5.691675469279289246e-02,-2.454608380794525146e-01,2.179390490055084229e-01,-1.046269685029983521e-01,-9.349586442112922668e-03,-3.134122863411903381e-02,2.474019527435302734e-01,1.581760197877883911e-01,-8.408933877944946289e-02,-4.754460453987121582e-01,-7.378689944744110107e-02,-8.574249595403671265e-02,-2.748182117938995361e-01,4.095710813999176025e-01,-8.066991716623306274e-02,8.374295383691787720e-02,-7.586415391415357590e-03
-1.048450469970703125e+00,-1.801862418651580811e-01,8.297805786132812500e-01,-9.960473515093326569e-03,-1.603514701128005981e-02,-9.720556139945983887e-01,-2.339905798435211182e-01,-7.323578596115112305e-01,4.056482762098312378e-02,-1.358087956905364990e-01,1.118565797805786133e+00,-1.625775098800659180e-01,4.732814058661460876e-02,-1.053647547960281372e-01,-5.593152344226837158e-02,-2.337513267993927002e-01,2.169347554445266724e-01,-1.034127026796340942e-01,-8.496659807860851288e-03,-3.121703490614891052e-02,2.498187273740768433e-01,1.568020135164260864e-01,-8.279155939817428589e-02,-4.737246334552764893e-01,-7.588247209787368774e-02,-8.780615776777267456e-02,-2.750714421272277832e-01,4.110675454139709473e-01,-8.202986419200897217e-02,7.920810580253601074e-02,-3.614001208916306496e-03
-1.050099492073059082e+00,-1.806827336549758911e-01,8.297672867774963379e-01,-9.840705431997776031e-03,-1.575762592256069183e-02,-9.703680276870727539e-01,-2.409165352582931519e-01,-7.136361598968505859e-01,3.050685673952102661e-02,-1.492585390806198120e-01,1.086418747901916504e+00,-1.626555770635604858e-01,2.886063419282436371e-02,-1.059375926852226257e-01,-5.500885471701622009e-02,-2.213231325149536133e-01,2.158599495887756348e-01,-1.020669117569923401e-01,-7.534842938184738159e-03,-3.141056746244430542e-02,2.521254122257232666e-01,1.556154787540435791e-01,-8.139438182115554810e-02,-4.717372059822082520e-01,-7.799234986305236816e-02,-9.006571024656295776e-02,-2.749747037887573242e-01,4.121697545051574707e-01,-8.372223377227783203e-02,7.363536953926086426e-02,-8.300025365315377712e-05
-1.051855564117431641e+00,-1.812274754047393799e-01,8.297384977340698242e-01,-9.749528020620346069e-03,-1.536204572767019272e-02,-9.685236215591430664e-01,-2.482557743787765503e-01,-6.933101415634155273e-01,2.131880819797515869e-02,-1.630956381559371948e-01,1.051936626434326172e+00,-1.625176966190338135e-01,8.544499054551124573e-03,-1.065899431705474854e-01,-5.387333780527114868e-02,-2.082807421684265137e-01,2.146208286285400391e-01,-1.003824099898338318e-01,-6.541141774505376816e-03,-3.135523572564125061e-02,2.542112767696380615e-01,1.545706838369369507e-01,-7.999907433986663818e-02,-4.700912833213806152e-01,-8.014786243438720703e-02,-9.225992113351821899e-02,-2.747658789157867432e-01,4.131962358951568604e-01,-8.481317013502120972e-02,6.826119124889373779e-02,3.075089072808623314e-03
-1.053623676300048828e+00,-1.818830370903015137e-01,8.296269178390502930e-01,-9.694186039268970490e-03,-1.465040910989046097e-02,-9.665991067886352539e-01,-2.556904256343841553e-01,-6.705765128135681152e-01,1.308766379952430725e-02,-1.775389164686203003e-01,1.014124631881713867e+00,-1.613960862159729004e-01,-1.071432512253522873e-02,-1.069187894463539124e-01,-5.208202078938484192e-02,-1.943395733833312988e-01,2.132208794355392456e-01,-9.860347956418991089e-02,-5.481113679707050323e-03,-3.113214299082756042e-02,2.560869455337524414e-01,1.536902934312820435e-01,-7.837906479835510254e-02,-4.688694477081298828e-01,-8.169136941432952881e-02,-9.425911307334899902e-02,-2.743131220340728760e-01,4.140908718109130859e-01,-8.499560505151748657e-02,6.299808621406555176e-02,5.684054456651210785e-03
-1.055422186851501465e+00,-1.824712604284286499e-01,8.294494748115539551e-01,-9.992429986596107483e-03,-1.372239366173744202e-02,-9.645636677742004395e-01,-2.633034884929656982e-01,-6.437613964080810547e-01,6.484427489340305328e-03,-1.914190948009490967e-01,9.726909399032592773e-01,-1.609647125005722046e-01,-3.341601043939590454e-02,-1.069407016038894653e-01,-4.996225982904434204e-02,-1.799785941839218140e-01,2.125555425882339478e-01,-9.707309305667877197e-02,-4.568295553326606750e-03,-3.111394681036472321e-02,2.579743564128875732e-01,1.529636085033416748e-01,-7.632546126842498779e-02,-4.670441150665283203e-01,-8.341753482818603516e-02,-9.626976400613784790e-02,-2.735460996627807617e-01,4.156524240970611572e-01,-8.454264700412750244e-02,5.707847326993942261e-02,7.771550212055444717e-03
-1.057368636131286621e+00,-1.831330358982086182e-01,8.291827440261840820e-01,-1.000669784843921661e-02,-1.241878699511289597e-02,-9.623274207115173340e-01,-2.714250683784484863e-01,-6.181497573852539062e-01,1.371029182337224483e-03,-2.057466655969619751e-01,9.316680431365966797e-01,-1.587165594100952148e-01,-5.158646777272224426e-02,-1.071728244423866272e-01,-4.709410667419433594e-02,-1.653249561786651611e-01,2.120157480239868164e-01,-9.574683010578155518e-02,-3.473421093076467514e-03,-3.034133277833461761e-02,2.596714496612548828e-01,1.525901407003402710e-01,-7.411261647939682007e-02,-4.657598435878753662e-01,-8.411029726266860962e-02,-9.799908101558685303e-02,-2.724289298057556152e-01,4.171454608440399170e-01,-8.364365994930267334e-02,5.288860946893692017e-02,8.914822712540626526e-03
-1.059312224388122559e+00,-1.836822181940078735e-01,8.287858963012695312e-01,-1.063741371035575867e-02,-1.098800078034400940e-02,-9.600272774696350098e-01,-2.794884145259857178e-01,-5.897257328033447266e-01,-2.640204504132270813e-03,-2.191615551710128784e-01,8.887873291969299316e-01,-1.566388159990310669e-01,-6.878384202718734741e-02,-1.075742617249488831e-01,-4.452923312783241272e-02,-1.505657732486724854e-01,2.143336236476898193e-01,-9.580036997795104980e-02,-2.417195122689008713e-03,-2.976981550455093384e-02,2.614673972129821777e-01,1.525325328111648560e-01,-7.198683172464370728e-02,-4.641437232494354248e-01,-8.483970910310745239e-02,-9.938319772481918335e-02,-2.709438800811767578e-01,4.186892509460449219e-01,-8.232212811708450317e-02,5.018714815378189087e-02,9.397969581186771393e-03
-1.061377167701721191e+00,-1.843334436416625977e-01,8.283373713493347168e-01,-1.079509593546390533e-02,-9.435189887881278992e-03,-9.576266407966613770e-01,-2.876555323600769043e-01,-5.611280202865600586e-01,-5.557350348681211472e-03,-2.321335971355438232e-01,8.443945646286010742e-01,-1.550523936748504639e-01,-8.290293067693710327e-02,-1.089195981621742249e-01,-4.162306338548660278e-02,-1.359320580959320068e-01,2.168197482824325562e-01,-9.592612087726593018e-02,-1.207434688694775105e-03,-2.870162017643451691e-02,2.631649971008300781e-01,1.527954041957855225e-01,-6.979583203792572021e-02,-4.631650447845458984e-01,-8.543945848941802979e-02,-1.006934568285942078e-01,-2.690167129039764404e-01,4.201864004135131836e-01,-8.202953636646270752e-02,4.805916920304298401e-02,9.505187161266803741e-03
-1.063431024551391602e+00,-1.851316988468170166e-01,8.278474211692810059e-01,-1.107753068208694458e-02,-7.562686223536729813e-03,-9.550883173942565918e-01,-2.960176169872283936e-01,-5.309573411941528320e-01,-7.053425535559654236e-03,-2.446490824222564697e-01,7.987891435623168945e-01,-1.524463891983032227e-01,-9.641603380441665649e-02,-1.096076592803001404e-01,-3.813992440700531006e-02,-1.205156892538070679e-01,2.184207588434219360e-01,-9.534068405628204346e-02,1.321214367635548115e-04,-2.801887318491935730e-02,2.649325430393218994e-01,1.534989178180694580e-01,-6.769432127475738525e-02,-4.624264240264892578e-01,-8.689156919717788696e-02,-1.015570089221000671e-01,-2.667171657085418701e-01,4.218226969242095947e-01,-8.105514198541641235e-02,4.670490324497222900e-02,9.143053553998470306e-03
-1.065853118896484375e+00,-1.857437938451766968e-01,8.273361325263977051e-01,-1.088197715580463409e-02,-5.908282008022069931e-03,-9.524539113044738770e-01,-3.044309020042419434e-01,-5.010494589805603027e-01,-7.623682264238595963e-03,-2.550480067729949951e-01,7.519204616546630859e-01,-1.511908471584320068e-01,-1.085667759180068970e-01,-1.116395816206932068e-01,-3.501080721616744995e-02,-1.052085533738136292e-01,2.212349027395248413e-01,-9.562738984823226929e-02,1.673610531724989414e-03,-2.729090116918087006e-02,2.666867971420288086e-01,1.545564830303192139e-01,-6.563351303339004517e-02,-4.627134203910827637e-01,-8.845370262861251831e-02,-1.023280844092369080e-01,-2.639549672603607178e-01,4.236838817596435547e-01,-8.139004558324813843e-02,4.657893255352973938e-02,8.523923344910144806e-03
-1.068232417106628418e+00,-1.863532215356826782e-01,8.268697857856750488e-01,-1.052903663367033005e-02,-4.264144692569971085e-03,-9.497938752174377441e-01,-3.126700818538665771e-01,-4.705714881420135498e-01,-7.337731774896383286e-03,-2.645429074764251709e-01,7.038792371749877930e-01,-1.481130719184875488e-01,-1.189590245485305786e-01,-1.131920814514160156e-01,-3.167466819286346436e-02,-9.056018292903900146e-02,2.230802923440933228e-01,-9.570117294788360596e-02,3.166917245835065842e-03,-2.639333531260490417e-02,2.682628333568572998e-01,1.559672206640243530e-01,-6.390380859375000000e-02,-4.633873403072357178e-01,-8.973471075296401978e-02,-1.028604283928871155e-01,-2.610929012298583984e-01,4.254248440265655518e-01,-8.164098858833312988e-02,4.679604992270469666e-02,7.620250806212425232e-03
-1.070660591125488281e+00,-1.870639622211456299e-01,8.262636661529541016e-01,-1.042622514069080353e-02,-2.404639031738042831e-03,-9.470877051353454590e-01,-3.207964599132537842e-01,-4.403121471405029297e-01,-6.657856982201337814e-03,-2.731294631958007812e-01,6.567610502243041992e-01,-1.434617638587951660e-01,-1.263440102338790894e-01,-1.150406822562217712e-01,-2.834979444742202759e-02,-7.575819641351699829e-02,2.265606969594955444e-01,-9.643340855836868286e-02,4.874203354120254517e-03,-2.586591243743896484e-02,2.698952257633209229e-01,1.577127575874328613e-01,-6.220598146319389343e-02,-4.646506309509277344e-01,-9.127414226531982422e-02,-1.031141802668571472e-01,-2.580516040325164795e-01,4.271597564220428467e-01,-8.112294226884841919e-02,4.677972942590713501e-02,6.156177725642919540e-03
-1.073020339012145996e+00,-1.879411786794662476e-01,8.256015181541442871e-01,-1.076993625611066818e-02,-3.542129707057029009e-04,-9.443379044532775879e-01,-3.288005888462066650e-01,-4.099092781543731689e-01,-5.330010317265987396e-03,-2.797646224498748779e-01,6.104442477226257324e-01,-1.377840638160705566e-01,-1.327355951070785522e-01,-1.160834357142448425e-01,-2.521200478076934814e-02,-6.137545034289360046e-02,2.309094071388244629e-01,-9.778216481208801270e-02,6.823877338320016861e-03,-2.574377879500389099e-02,2.717241346836090088e-01,1.597976982593536377e-01,-6.050371378660202026e-02,-4.655560553073883057e-01,-9.316699206829071045e-02,-1.033109426498413086e-01,-2.548747062683105469e-01,4.287295341491699219e-01,-8.039536327123641968e-02,4.614448547363281250e-02,4.341166000813245773e-03
-1.075471162796020508e+00,-1.886594891548156738e-01,8.249208331108093262e-01,-1.111897826194763184e-02,1.723481109365820885e-03,-9.415822625160217285e-01,-3.365951478481292725e-01,-3.795310556888580322e-01,-3.346489742398262024e-03,-2.844544053077697754e-01,5.645756125450134277e-01,-1.302658468484878540e-01,-1.377438604831695557e-01,-1.175287663936614990e-01,-2.195932529866695404e-02,-4.702886566519737244e-02,2.355680465698242188e-01,-9.902590513229370117e-02,8.724165149033069611e-03,-2.589245513081550598e-02,2.736691832542419434e-01,1.621226072311401367e-01,-5.872505903244018555e-02,-4.662700593471527100e-01,-9.465910494327545166e-02,-1.033030152320861816e-01,-2.518143355846405029e-01,4.299411177635192871e-01,-7.850591838359832764e-02,4.446177929639816284e-02,1.990628661587834358e-03
-1.077965736389160156e+00,-1.897495985031127930e-01,8.241114616394042969e-01,-1.225452125072479248e-02,4.551024641841650009e-03,-9.388424754142761230e-01,-3.440986871719360352e-01,-3.486765027046203613e-01,-6.753338384442031384e-04,-2.863101065158843994e-01,5.211438536643981934e-01,-1.211064010858535767e-01,-1.376268565654754639e-01,-1.159172430634498596e-01,-1.828888989984989166e-02,-3.408730030059814453e-02,2.391954064369201660e-01,-1.000931560993194580e-01,1.102425064891576767e-02,-2.611452527344226837e-02,2.759220004081726074e-01,1.647229343652725220e-01,-5.707794055342674255e-02,-4.657827615737915039e-01,-9.643819928169250488e-02,-1.029077023267745972e-01,-2.488639056682586670e-01,4.309620857238769531e-01,-7.512213289737701416e-02,4.204346984624862671e-02,-6.016593542881309986e-04
-1.080472111701965332e+00,-1.908862292766571045e-01,8.232066631317138672e-01,-1.341031957417726517e-02,7.548533845692873001e-03,-9.363580346107482910e-01,-3.507090806961059570e-01,-3.194176256656646729e-01,2.028782619163393974e-03,-2.860006093978881836e-01,4.793090522289276123e-01,-1.052032113075256348e-01,-1.320672333240509033e-01,-1.146026775240898132e-01,-1.466239523142576218e-02,-2.255518920719623566e-02,2.433115690946578979e-01,-1.011626720428466797e-01,1.348095666617155075e-02,-2.654273994266986847e-02,2.782417535781860352e-01,1.677213311195373535e-01,-5.565082281827926636e-02,-4.648484289646148682e-01,-9.892363846302032471e-02,-1.022173091769218445e-01,-2.460130453109741211e-01,4.318219721317291260e-01,-7.065149396657943726e-02,3.976929932832717896e-02,-3.625215031206607819e-03
-1.082947015762329102e+00,-1.917440593242645264e-01,8.227429389953613281e-01,-1.315849181264638901e-02,8.558625355362892151e-03,-9.341614246368408203e-01,-3.565053045749664307e-01,-3.004849255084991455e-01,7.978578796610236168e-04,-2.805126905441284180e-01,4.511060714721679688e-01,-9.124284237623214722e-02,-7.770773023366928101e-02,-1.168825924396514893e-01,-1.396083738654851913e-02,-1.196377351880073547e-02,2.472562789916992188e-01,-1.026906669139862061e-01,1.602835580706596375e-02,-2.846298366785049438e-02,2.798882424831390381e-01,1.700087487697601318e-01,-5.458337068557739258e-02,-4.663933217525482178e-01,-1.010493561625480652e-01,-1.021293029189109802e-01,-2.438490539789199829e-01,4.323692619800567627e-01,-6.838822364807128906e-02,3.747430443763732910e-02,-7.413376122713088989e-03
-1.085140228271484375e+00,-1.926229447126388550e-01,8.225146532058715820e-01,-1.261651236563920975e-02,8.125184103846549988e-03,-9.324734807014465332e-01,-3.609265387058258057e-01,-2.879991233348846436e-01,-6.021971930749714375e-04,-2.673169672489166260e-01,4.337256848812103271e-01,-9.521976113319396973e-02,-3.653686493635177612e-02,-1.224722191691398621e-01,-1.602642051875591278e-02,-2.328736474737524986e-03,2.539314031600952148e-01,-1.053718775510787964e-01,1.869914680719375610e-02,-3.286801651120185852e-02,2.809683084487915039e-01,1.720669418573379517e-01,-5.368444323539733887e-02,-4.701536595821380615e-01,-1.027428805828094482e-01,-1.024627164006233215e-01,-2.422842979431152344e-01,4.323809146881103516e-01,-6.822947412729263306e-02,3.423926606774330139e-02,-1.163272652775049210e-02
-1.087488889694213867e+00,-1.936117708683013916e-01,8.222723007202148438e-01,-1.171491481363773346e-02,6.926058325916528702e-03,-9.309128522872924805e-01,-3.649876713752746582e-01,-2.771602869033813477e-01,-7.370934472419321537e-04,-2.490140795707702637e-01,4.199061095714569092e-01,-1.093353182077407837e-01,-1.246259827166795731e-02,-1.299148648977279663e-01,-1.977197639644145966e-02,7.132582832127809525e-03,2.634077966213226318e-01,-1.103523224592208862e-01,2.189712971448898315e-02,-3.718050941824913025e-02,2.814674079418182373e-01,1.739883422851562500e-01,-5.286016315221786499e-02,-4.755235910415649414e-01,-1.035860702395439148e-01,-1.029626950621604919e-01,-2.415547221899032593e-01,4.319207966327667236e-01,-6.847801059484481812e-02,3.111661784350872040e-02,-1.655257679522037506e-02
-1.089904308319091797e+00,-1.948040425777435303e-01,8.221272826194763184e-01,-1.059006992727518082e-02,5.765519104897975922e-03,-9.290016889572143555e-01,-3.698789477348327637e-01,-2.674890756607055664e-01,1.042739604599773884e-03,-2.326894402503967285e-01,4.065750837326049805e-01,-1.170434206724166870e-01,-1.319668535143136978e-02,-1.386306434869766235e-01,-2.323967404663562775e-02,1.784842275083065033e-02,2.705652117729187012e-01,-1.124096363782882690e-01,2.588738128542900085e-02,-3.932400792837142944e-02,2.815084159374237061e-01,1.759696751832962036e-01,-5.232551321387290955e-02,-4.818373024463653564e-01,-1.042411029338836670e-01,-1.036242693662643433e-01,-2.415460348129272461e-01,4.309365451335906982e-01,-6.824985891580581665e-02,2.862052991986274719e-02,-2.226537279784679413e-02
-1.092127203941345215e+00,-1.960547566413879395e-01,8.223887085914611816e-01,-9.673113003373146057e-03,5.210097413510084152e-03,-9.272503256797790527e-01,-3.742808401584625244e-01,-2.616473138332366943e-01,2.492426661774516106e-03,-2.201316803693771362e-01,3.982435166835784912e-01,-1.210431456565856934e-01,-1.696672663092613220e-02,-1.522135138511657715e-01,-2.769480273127555847e-02,2.543682232499122620e-02,2.867594659328460693e-01,-1.006975471973419189e-01,4.556133970618247986e-02,-4.073623195290565491e-02,2.806977629661560059e-01,1.772662103176116943e-01,-5.238724127411842346e-02,-4.851988554000854492e-01,-1.048226878046989441e-01,-1.042885109782218933e-01,-2.423623800277709961e-01,4.293820559978485107e-01,-6.763876229524612427e-02,2.697008289396762848e-02,-2.636039629578590393e-02
-1.094245195388793945e+00,-1.973028779029846191e-01,8.228594064712524414e-01,-8.841516450047492981e-03,4.150126595050096512e-03,-9.249961972236633301e-01,-3.798508346080780029e-01,-2.563275396823883057e-01,2.845398616045713425e-03,-2.057244181632995605e-01,3.883625268936157227e-01,-1.145146861672401428e-01,-1.599560119211673737e-02,-1.695415526628494263e-01,-3.063890151679515839e-02,3.812333941459655762e-02,3.082576692104339600e-01,-9.529546648263931274e-02,4.919392615556716919e-02,-4.398429021239280701e-02,2.796129584312438965e-01,1.786146759986877441e-01,-5.236555263400077820e-02,-4.887499809265136719e-01,-1.049713268876075745e-01,-1.052496731281280518e-01,-2.434868961572647095e-01,4.272764623165130615e-01,-6.692405045032501221e-02,2.513256855309009552e-02,-3.082020953297615051e-02
-1.095744132995605469e+00,-1.985211819410324097e-01,8.233749270439147949e-01,-8.867860771715641022e-03,2.500524977222084999e-03,-9.231840372085571289e-01,-3.842477500438690186e-01,-2.496738433837890625e-01,2.637702040374279022e-03,-1.896807998418807983e-01,3.756788969039916992e-01,-1.052193567156791687e-01,-1.923133805394172668e-02,-1.860097646713256836e-01,-3.373129293322563171e-02,5.084164068102836609e-02,3.300600945949554443e-01,-9.148747473955154419e-02,5.134822800755500793e-02,-4.501163586974143982e-02,2.780609428882598877e-01,1.797427237033843994e-01,-5.266647785902023315e-02,-4.928863346576690674e-01,-1.051168963313102722e-01,-1.062537580728530884e-01,-2.453534603118896484e-01,4.237458407878875732e-01,-6.431426852941513062e-02,2.127097733318805695e-02,-3.682046756148338318e-02
-1.097109794616699219e+00,-1.998891830444335938e-01,8.240081667900085449e-01,-9.208501316606998444e-03,1.510959817096590996e-03,-9.213126301765441895e-01,-3.887106776237487793e-01,-2.416051775217056274e-01,4.111721180379390717e-03,-1.729776263236999512e-01,3.630129992961883545e-01,-9.847246110439300537e-02,-2.989521808922290802e-02,-2.022870630025863647e-01,-3.616636991500854492e-02,5.615811049938201904e-02,3.530614078044891357e-01,-8.621654659509658813e-02,5.730967596173286438e-02,-4.515369236469268799e-02,2.764990329742431641e-01,1.806381642818450928e-01,-5.349192395806312561e-02,-4.961205124855041504e-01,-1.055067032575607300e-01,-1.079447790980339050e-01,-2.470583617687225342e-01,4.195605814456939697e-01,-6.275649368762969971e-02,1.682129874825477600e-02,-4.265784472227096558e-02
-1.098405718803405762e+00,-2.014304101467132568e-01,8.245022892951965332e-01,-9.802835993468761444e-03,1.400288427248597145e-03,-9.198328256607055664e-01,-3.921855986118316650e-01,-2.340407669544219971e-01,5.970037542283535004e-03,-1.581935733556747437e-01,3.527967333793640137e-01,-9.197532385587692261e-02,-3.961084038019180298e-02,-2.203705161809921265e-01,-3.729252144694328308e-02,6.399682164192199707e-02,3.813794255256652832e-01,-7.936719805002212524e-02,5.325860902667045593e-02,-4.747911170125007629e-02,2.748054862022399902e-01,1.817498505115509033e-01,-5.514494702219963074e-02,-4.991972446441650391e-01,-1.068441346287727356e-01,-1.099996566772460938e-01,-2.479940950870513916e-01,4.146326184272766113e-01,-6.228050217032432556e-02,1.126590091735124588e-02,-4.868495091795921326e-02
-1.099855899810791016e+00,-2.032133638858795166e-01,8.250174522399902344e-01,-9.802284650504589081e-03,1.259037293493747711e-03,-9.180892109870910645e-01,-3.962506055831909180e-01,-2.281262725591659546e-01,7.621027529239654541e-03,-1.424526572227478027e-01,3.446618020534515381e-01,-8.799771219491958618e-02,-4.441390186548233032e-02,-2.417984902858734131e-01,-3.818330168724060059e-02,7.159690558910369873e-02,4.118460118770599365e-01,-6.716558337211608887e-02,5.413796007633209229e-02,-4.985684528946876526e-02,2.727102339267730713e-01,1.828022450208663940e-01,-5.739700794219970703e-02,-5.026805996894836426e-01,-1.085760220885276794e-01,-1.123412027955055237e-01,-2.482767999172210693e-01,4.092833101749420166e-01,-6.299392133951187134e-02,5.141381639987230301e-03,-5.470645055174827576e-02
-1.101577520370483398e+00,-2.051212191581726074e-01,8.254699707031250000e-01,-9.324490092694759369e-03,9.650746942497789860e-04,-9.158221483230590820e-01,-4.014747142791748047e-01,-2.234000712633132935e-01,8.945900015532970428e-03,-1.261902302503585815e-01,3.369650840759277344e-01,-8.535891026258468628e-02,-4.809967800974845886e-02,-2.673521339893341064e-01,-3.919037058949470520e-02,7.813091576099395752e-02,4.462195932865142822e-01,-5.399576947093009949e-02,6.812807917594909668e-02,-5.086563527584075928e-02,2.700498700141906738e-01,1.837552785873413086e-01,-5.998396873474121094e-02,-5.070430636405944824e-01,-1.102394387125968933e-01,-1.145892813801765442e-01,-2.481671571731567383e-01,4.036778211593627930e-01,-6.402987241744995117e-02,-1.225643558427691460e-03,-6.037223339080810547e-02
-1.103309869766235352e+00,-2.070916444063186646e-01,8.258385658264160156e-01,-8.622908033430576324e-03,4.659489204641431570e-04,-9.132457375526428223e-01,-4.073176681995391846e-01,-2.182428985834121704e-01,9.519563056528568268e-03,-1.098276078701019287e-01,3.284877836704254150e-01,-8.402696996927261353e-02,-4.669349268078804016e-02,-2.957541942596435547e-01,-4.016942530870437622e-02,8.725183457136154175e-02,4.829462766647338867e-01,-3.822724893689155579e-02,8.248284459114074707e-02,-5.255097895860671997e-02,2.670900225639343262e-01,1.848015338182449341e-01,-6.291541457176208496e-02,-5.121507048606872559e-01,-1.119911149144172668e-01,-1.165384203195571899e-01,-2.476254701614379883e-01,3.982672691345214844e-01,-6.528770923614501953e-02,-7.274860516190528870e-03,-6.548879295587539673e-02
-1.105091571807861328e+00,-2.092130780220031738e-01,8.260068893432617188e-01,-7.650310173630714417e-03,-7.866300438763573766e-05,-9.101450443267822266e-01,-4.142190515995025635e-01,-2.134591937065124512e-01,9.836241602897644043e-03,-9.329655021429061890e-02,3.198402822017669678e-01,-8.455491811037063599e-02,-4.275694862008094788e-02,-3.264753818511962891e-01,-4.045760631561279297e-02,9.737777709960937500e-02,5.205610990524291992e-01,-1.996592618525028229e-02,1.022078245878219604e-01,-5.308244004845619202e-02,2.639675140380859375e-01,1.859749406576156616e-01,-6.580521911382675171e-02,-5.177714824676513672e-01,-1.134002432227134705e-01,-1.177165657281875610e-01,-2.471684366464614868e-01,3.935802578926086426e-01,-6.581041216850280762e-02,-1.207348052412271500e-02,-6.987319886684417725e-02
-1.106978416442871094e+00,-2.112433612346649170e-01,8.261404037475585938e-01,-6.371745839715003967e-03,-9.933906840160489082e-04,-9.065396189689636230e-01,-4.220714271068572998e-01,-2.076908200979232788e-01,9.919421747326850891e-03,-7.505987584590911865e-02,3.096013069152832031e-01,-8.583730459213256836e-02,-3.909257054328918457e-02,-3.581829071044921875e-01,-4.120871797204017639e-02,1.055966615676879883e-01,5.566160678863525391e-01,-9.179191547445952892e-04,1.325999647378921509e-01,-5.218980833888053894e-02,2.606475651264190674e-01,1.872855424880981445e-01,-6.839028745889663696e-02,-5.238441824913024902e-01,-1.141763553023338318e-01,-1.182425692677497864e-01,-2.470005899667739868e-01,3.897858858108520508e-01,-6.560836732387542725e-02,-1.535378955304622650e-02,-7.338612526655197144e-02
-1.108872771263122559e+00,-2.132310122251510620e-01,8.261518478393554688e-01,-5.102376919239759445e-03,-2.517889253795146942e-03,-9.024655818939208984e-01,-4.307243525981903076e-01,-2.018385827541351318e-01,9.034246206283569336e-03,-5.530143901705741882e-02,2.987690269947052002e-01,-8.644092082977294922e-02,-3.478065133094787598e-02,-3.898511230945587158e-01,-4.309407994151115417e-02,1.117921322584152222e-01,5.903422236442565918e-01,1.698927395045757294e-02,1.759726256132125854e-01,-4.978162050247192383e-02,2.573321461677551270e-01,1.887669861316680908e-01,-7.062828540802001953e-02,-5.298842191696166992e-01,-1.145087927579879761e-01,-1.180546358227729797e-01,-2.473747134208679199e-01,3.872855007648468018e-01,-6.465222686529159546e-02,-1.667051017284393311e-02,-7.599499076604843140e-02
-1.110769748687744141e+00,-2.149483412504196167e-01,8.262102007865905762e-01,-3.067154902964830399e-03,-4.528076853603124619e-03,-8.982319831848144531e-01,-4.394876062870025635e-01,-1.952993124723434448e-01,8.212380111217498779e-03,-3.433339670300483704e-02,2.865208089351654053e-01,-8.693134784698486328e-02,-3.045294992625713348e-02,-4.224002063274383545e-01,-4.792027920484542847e-02,1.160361394286155701e-01,6.189429759979248047e-01,3.449995070695877075e-02,2.110371887683868408e-01,-4.601826518774032593e-02,2.538853585720062256e-01,1.906759738922119141e-01,-7.244656234979629517e-02,-5.363394021987915039e-01,-1.142907440662384033e-01,-1.173385977745056152e-01,-2.482120543718338013e-01,3.860930204391479492e-01,-6.324906647205352783e-02,-1.588416285812854767e-02,-7.796396315097808838e-02
-1.112546563148498535e+00,-2.166358530521392822e-01,8.262600302696228027e-01,-2.460386138409376144e-03,-6.554379127919673920e-03,-8.936455249786376953e-01,-4.487188756465911865e-01,-1.932433396577835083e-01,5.687066353857517242e-03,-1.350107602775096893e-02,2.793813347816467285e-01,-8.486516028642654419e-02,-2.744060195982456207e-02,-4.534638524055480957e-01,-5.368662625551223755e-02,1.153474673628807068e-01,6.526134610176086426e-01,4.592486470937728882e-02,2.423816323280334473e-01,-3.997292742133140564e-02,2.509100139141082764e-01,1.927769780158996582e-01,-7.359369099140167236e-02,-5.417392849922180176e-01,-1.133668944239616394e-01,-1.157475411891937256e-01,-2.496921718120574951e-01,3.863009512424468994e-01,-6.083118170499801636e-02,-1.298024319112300873e-02,-7.923091202974319458e-02
-1.114148736000061035e+00,-2.182620167732238770e-01,8.262631297111511230e-01,-1.706193783320486546e-03,-8.087426424026489258e-03,-8.892654180526733398e-01,-4.573168456554412842e-01,-1.896876096725463867e-01,4.499695729464292526e-03,5.875735078006982803e-03,2.733332514762878418e-01,-8.465116471052169800e-02,-2.488994970917701721e-02,-4.862417578697204590e-01,-5.966393649578094482e-02,1.107173413038253784e-01,6.913492679595947266e-01,4.878845438361167908e-02,2.500276565551757812e-01,-3.392882272601127625e-02,2.482403367757797241e-01,1.953860819339752197e-01,-7.400024682283401489e-02,-5.462309122085571289e-01,-1.116785779595375061e-01,-1.137424260377883911e-01,-2.515707910060882568e-01,3.875276744365692139e-01,-5.789117142558097839e-02,-8.079261519014835358e-03,-8.013900369405746460e-02
-1.115682363510131836e+00,-2.197004258632659912e-01,8.264128565788269043e-01,-6.600307533517479897e-04,-9.173930622637271881e-03,-8.851741552352905273e-01,-4.651689529418945312e-01,-1.846080422401428223e-01,4.131396766752004623e-03,2.344719506800174713e-02,2.661624252796173096e-01,-8.528097718954086304e-02,-2.324378862977027893e-02,-5.176138877868652344e-01,-6.719494611024856567e-02,1.012558937072753906e-01,7.299038171768188477e-01,3.945672512054443359e-02,2.362906187772750854e-01,-2.802491933107376099e-02,2.457626014947891235e-01,1.984767764806747437e-01,-7.358168810606002808e-02,-5.494933724403381348e-01,-1.094197481870651245e-01,-1.116753295063972473e-01,-2.535581886768341064e-01,3.892731666564941406e-01,-5.498187616467475891e-02,-2.148869214579463005e-03,-8.080079406499862671e-02
-1.117186665534973145e+00,-2.209617942571640015e-01,8.267218470573425293e-01,1.319976672675693408e-05,-9.696399793028831482e-03,-8.813256025314331055e-01,-4.724099338054656982e-01,-1.820756942033767700e-01,3.983869217336177826e-03,3.875051811337471008e-02,2.610090672969818115e-01,-8.399747312068939209e-02,-2.153202891349792480e-02,-5.461054444313049316e-01,-7.639541476964950562e-02,8.796413987874984741e-02,7.678647041320800781e-01,2.332029864192008972e-02,2.117125838994979858e-01,-2.279577217996120453e-02,2.435664385557174683e-01,2.018067389726638794e-01,-7.238640636205673218e-02,-5.511659979820251465e-01,-1.067317426204681396e-01,-1.099364459514617920e-01,-2.554166018962860107e-01,3.908605575561523438e-01,-5.266046896576881409e-02,3.576375776901841164e-03,-8.123246580362319946e-02
-1.118507862091064453e+00,-2.220679074525833130e-01,8.269205093383789062e-01,6.702042883262038231e-04,-9.995697997510433197e-03,-8.779952526092529297e-01,-4.785644710063934326e-01,-1.787797361612319946e-01,4.351604729890823364e-03,5.257653817534446716e-02,2.567883133888244629e-01,-8.409069478511810303e-02,-1.987744681537151337e-02,-5.721575617790222168e-01,-8.705341815948486328e-02,7.223207503557205200e-02,8.048956394195556641e-01,6.299434229731559753e-03,1.864728927612304688e-01,-1.936538144946098328e-02,2.413637489080429077e-01,2.052756696939468384e-01,-7.049941271543502808e-02,-5.516349077224731445e-01,-1.035569608211517334e-01,-1.089809760451316833e-01,-2.568467259407043457e-01,3.916825950145721436e-01,-5.157897621393203735e-02,8.314764127135276794e-03,-8.156040310859680176e-02
-1.119751572608947754e+00,-2.231032699346542358e-01,8.272111415863037109e-01,1.421706401742994785e-03,-1.023658458143472672e-02,-8.749586343765258789e-01,-4.840874075889587402e-01,-1.756352037191390991e-01,4.786239936947822571e-03,6.525749713182449341e-02,2.517260909080505371e-01,-8.356674760580062866e-02,-1.915360428392887115e-02,-5.963281393051147461e-01,-9.869237989187240601e-02,5.676500499248504639e-02,8.410805463790893555e-01,-1.192910503596067429e-02,1.605937629938125610e-01,-1.735674962401390076e-02,2.390567362308502197e-01,2.086954563856124878e-01,-6.805253028869628906e-02,-5.512249469757080078e-01,-9.995730966329574585e-02,-1.089077740907669067e-01,-2.575677335262298584e-01,3.915409743785858154e-01,-5.205434560775756836e-02,1.149152498692274094e-02,-8.174658566713333130e-02
-1.120884299278259277e+00,-2.240477949380874634e-01,8.276128768920898438e-01,1.924633979797363281e-03,-1.002562418580055237e-02,-8.721245527267456055e-01,-4.891773760318756104e-01,-1.720809489488601685e-01,5.888620857149362564e-03,7.772202044725418091e-02,2.469747960567474365e-01,-8.290567994117736816e-02,-1.793598011136054993e-02,-6.173225641250610352e-01,-1.107318252325057983e-01,4.017390310764312744e-02,8.754913806915283203e-01,-2.794138342142105103e-02,1.335216015577316284e-01,-1.583537273108959198e-02,2.368057370185852051e-01,2.119699567556381226e-01,-6.528601050376892090e-02,-5.499154925346374512e-01,-9.610456228256225586e-02,-1.095349490642547607e-01,-2.574855387210845947e-01,3.901732265949249268e-01,-5.378521978855133057e-02,1.260515861213207245e-02,-8.185553550720214844e-02
-1.122086286544799805e+00,-2.249297201633453369e-01,8.281051516532897949e-01,2.645902801305055618e-03,-9.510885924100875854e-03,-8.696072101593017578e-01,-4.936455190181732178e-01,-1.678719669580459595e-01,7.430237717926502228e-03,8.903211355209350586e-02,2.413514703512191772e-01,-8.204549551010131836e-02,-1.597938686609268188e-02,-6.349981427192687988e-01,-1.218400821089744568e-01,2.470838837325572968e-02,9.065806269645690918e-01,-4.391929879784584045e-02,1.097435429692268372e-01,-1.569298096001148224e-02,2.344444990158081055e-01,2.151250839233398438e-01,-6.249750033020973206e-02,-5.481325984001159668e-01,-9.219483286142349243e-02,-1.106184348464012146e-01,-2.566227316856384277e-01,3.875445127487182617e-01,-5.649508908390998840e-02,1.155973877757787704e-02,-8.199616521596908569e-02
-1.123225331306457520e+00,-2.257481813430786133e-01,8.285857439041137695e-01,3.101588925346732140e-03,-8.694354444742202759e-03,-8.672860264778137207e-01,-4.977245330810546875e-01,-1.633597761392593384e-01,9.110101498663425446e-03,9.972903132438659668e-02,2.360906153917312622e-01,-8.123581856489181519e-02,-1.446414645761251450e-02,-6.499763727188110352e-01,-1.326502263545989990e-01,1.050291676074266434e-02,9.365522861480712891e-01,-5.850091576576232910e-02,8.484895527362823486e-02,-1.609146595001220703e-02,2.321492284536361694e-01,2.180950194597244263e-01,-5.998374894261360168e-02,-5.460962057113647461e-01,-8.854377269744873047e-02,-1.115700006484985352e-01,-2.552243769168853760e-01,3.836091756820678711e-01,-5.893340334296226501e-02,8.265334181487560272e-03,-8.212240040302276611e-02
-1.124381661415100098e+00,-2.265380322933197021e-01,8.290158510208129883e-01,3.516827709972858429e-03,-7.963803596794605255e-03,-8.650383353233337402e-01,-5.016302466392517090e-01,-1.579246222972869873e-01,1.041547395288944244e-02,1.097516566514968872e-01,2.305077016353607178e-01,-8.082620054483413696e-02,-1.312004216015338898e-02,-6.629026532173156738e-01,-1.430141627788543701e-01,-1.924243988469243050e-03,9.642401337623596191e-01,-7.060656696557998657e-02,6.501235812902450562e-02,-1.663457043468952179e-02,2.299548387527465820e-01,2.208599150180816650e-01,-5.800502747297286987e-02,-5.439398288726806641e-01,-8.528593927621841431e-02,-1.124768182635307312e-01,-2.532246410846710205e-01,3.788508176803588867e-01,-6.145172938704490662e-02,3.332304768264293671e-03,-8.220110833644866943e-02
-1.125541687011718750e+00,-2.273260951042175293e-01,8.294917941093444824e-01,3.912832122296094894e-03,-7.148878183215856552e-03,-8.627949953079223633e-01,-5.054882764816284180e-01,-1.543912142515182495e-01,1.173521019518375397e-02,1.189992576837539673e-01,2.260936349630355835e-01,-7.938583195209503174e-02,-1.160904113203287125e-02,-6.732503771781921387e-01,-1.522492170333862305e-01,-1.286876574158668518e-02,9.890186190605163574e-01,-8.082924038171768188e-02,5.067298933863639832e-02,-1.748599112033843994e-02,2.279946208000183105e-01,2.233379930257797241e-01,-5.680166929960250854e-02,-5.417965054512023926e-01,-8.265514671802520752e-02,-1.127279400825500488e-01,-2.511212527751922607e-01,3.739172220230102539e-01,-6.305349618196487427e-02,-2.191531937569379807e-03,-8.217262476682662964e-02
-1.126677989959716797e+00,-2.279854118824005127e-01,8.299204707145690918e-01,4.517518449574708939e-03,-6.411342881619930267e-03,-8.606346249580383301e-01,-5.091625452041625977e-01,-1.500350385904312134e-01,1.315667759627103806e-02,1.279900819063186646e-01,2.213063687086105347e-01,-7.901821285486221313e-02,-1.059405039995908737e-02,-6.821601390838623047e-01,-1.607650518417358398e-01,-2.252876199781894684e-02,1.011894702911376953e+00,-8.841715008020401001e-02,3.818091377615928650e-02,-1.866472698748111725e-02,2.262889593839645386e-01,2.256229519844055176e-01,-5.646726116538047791e-02,-5.398377776145935059e-01,-8.086631447076797485e-02,-1.122043803334236145e-01,-2.491200268268585205e-01,3.693083524703979492e-01,-6.344912946224212646e-02,-7.422494702041149139e-03,-8.207608014345169067e-02
-1.127826690673828125e+00,-2.285122275352478027e-01,8.303082585334777832e-01,5.257141776382923126e-03,-5.965259391814470291e-03,-8.586235046386718750e-01,-5.125451087951660156e-01,-1.449474990367889404e-01,1.403139624744653702e-02,1.366489678621292114e-01,2.156233489513397217e-01,-7.884860038757324219e-02,-9.814984165132045746e-03,-6.896871924400329590e-01,-1.685072332620620728e-01,-2.998461388051509857e-02,1.032483816146850586e+00,-9.620680660009384155e-02,2.909064665436744690e-02,-2.028059400618076324e-02,2.248305082321166992e-01,2.277462184429168701e-01,-5.699159950017929077e-02,-5.381326079368591309e-01,-7.993174344301223755e-02,-1.112152636051177979e-01,-2.471790760755538940e-01,3.650560081005096436e-01,-6.308813393115997314e-02,-1.220882218331098557e-02,-8.189627528190612793e-02
-1.128827929496765137e+00,-2.289035171270370483e-01,8.305665254592895508e-01,5.827908404171466827e-03,-5.873758345842361450e-03,-8.565212488174438477e-01,-5.160453915596008301e-01,-1.404774188995361328e-01,1.430938858538866043e-02,1.454739719629287720e-01,2.102270126342773438e-01,-7.838004827499389648e-02,-9.102318435907363892e-03,-6.961793303489685059e-01,-1.761809587478637695e-01,-3.646292537450790405e-02,1.051354169845581055e+00,-1.025876104831695557e-01,2.244699001312255859e-02,-2.134465798735618591e-02,2.236240059137344360e-01,2.296128869056701660e-01,-5.830784887075424194e-02,-5.367418527603149414e-01,-7.975196093320846558e-02,-1.097217425704002380e-01,-2.454970329999923706e-01,3.614142537117004395e-01,-6.192338094115257263e-02,-1.607879810035228729e-02,-8.163573592901229858e-02
-1.129678010940551758e+00,-2.291613668203353882e-01,8.307539820671081543e-01,6.347915623337030411e-03,-6.058827508240938187e-03,-8.544749021530151367e-01,-5.194185376167297363e-01,-1.385348439216613770e-01,1.432287041097879410e-02,1.538278609514236450e-01,2.065358012914657593e-01,-7.738633453845977783e-02,-8.224084042012691498e-03,-7.013775706291198730e-01,-1.829727441072463989e-01,-4.104247689247131348e-02,1.068280100822448730e+00,-1.087933555245399475e-01,1.583802327513694763e-02,-2.257844805717468262e-02,2.227261215448379517e-01,2.311394810676574707e-01,-6.028693541884422302e-02,-5.354610681533813477e-01,-8.021732419729232788e-02,-1.078001409769058228e-01,-2.441003918647766113e-01,3.588159382343292236e-01,-6.030987948179244995e-02,-1.830611564218997955e-02,-8.128508925437927246e-02
-1.130402803421020508e+00,-2.294181734323501587e-01,8.309906125068664551e-01,7.037884090095758438e-03,-6.045368500053882599e-03,-8.525233864784240723e-01,-5.226067304611206055e-01,-1.367693692445755005e-01,1.505043543875217438e-02,1.616037786006927490e-01,2.036269307136535645e-01,-7.704693824052810669e-02,-7.366443984210491180e-03,-7.043935656547546387e-01,-1.882586628198623657e-01,-4.531443491578102112e-02,1.081626057624816895e+00,-1.139296665787696838e-01,1.158185582607984543e-02,-2.356706187129020691e-02,2.219890505075454712e-01,2.323248386383056641e-01,-6.278169155120849609e-02,-5.343725085258483887e-01,-8.119697123765945435e-02,-1.057961434125900269e-01,-2.428576797246932983e-01,3.570978045463562012e-01,-5.890753865242004395e-02,-1.905871555209159851e-02,-8.094029873609542847e-02
-1.131006956100463867e+00,-2.294916510581970215e-01,8.311448097229003906e-01,7.454522419720888138e-03,-6.284832023084163666e-03,-8.505036234855651855e-01,-5.258787870407104492e-01,-1.374935805797576904e-01,1.539110112935304642e-02,1.690306365489959717e-01,2.027154117822647095e-01,-7.614377886056900024e-02,-6.646221503615379333e-03,-7.052935957908630371e-01,-1.940514594316482544e-01,-4.970751702785491943e-02,1.092501878738403320e+00,-1.199344098567962646e-01,6.008924916386604309e-03,-2.375696413218975067e-02,2.214371263980865479e-01,2.331684529781341553e-01,-6.558082997798919678e-02,-5.333836674690246582e-01,-8.244226127862930298e-02,-1.037561744451522827e-01,-2.418179214000701904e-01,3.558951616287231445e-01,-5.764747038483619690e-02,-1.881766691803932190e-02,-8.062933385372161865e-02
-1.131587624549865723e+00,-2.294908612966537476e-01,8.312448263168334961e-01,7.745165843516588211e-03,-6.488393526524305344e-03,-8.485236167907714844e-01,-5.290610194206237793e-01,-1.349277645349502563e-01,1.564214378595352173e-02,1.766770780086517334e-01,2.006277590990066528e-01,-7.693652063608169556e-02,-6.425770930945873260e-03,-7.040024399757385254e-01,-1.999183148145675659e-01,-5.496402457356452942e-02,1.100516796112060547e+00,-1.246644780039787292e-01,2.262525260448455811e-03,-2.427501231431961060e-02,2.210434526205062866e-01,2.337096333503723145e-01,-6.854299455881118774e-02,-5.323051214218139648e-01,-8.380735665559768677e-02,-1.015860810875892639e-01,-2.409338951110839844e-01,3.550984263420104980e-01,-5.635670572519302368e-02,-1.764007098972797394e-02,-8.035705238580703735e-02
-1.132025599479675293e+00,-2.294061928987503052e-01,8.312743306159973145e-01,7.570426445454359055e-03,-6.822937633842229843e-03,-8.464180231094360352e-01,-5.324215292930603027e-01,-1.336587220430374146e-01,1.538132596760988235e-02,1.844505220651626587e-01,1.992453336715698242e-01,-7.646135985851287842e-02,-5.619424860924482346e-03,-7.002229690551757812e-01,-2.062514871358871460e-01,-6.076310202479362488e-02,1.105601668357849121e+00,-1.290532499551773071e-01,-1.387364114634692669e-03,-2.439541183412075043e-02,2.209577113389968872e-01,2.338361740112304688e-01,-7.160400599241256714e-02,-5.308948159217834473e-01,-8.515252918004989624e-02,-9.957704693078994751e-02,-2.400963008403778076e-01,3.543981015682220459e-01,-5.548677965998649597e-02,-1.612408459186553955e-02,-8.012460917234420776e-02
-1.132412433624267578e+00,-2.291844338178634644e-01,8.312426805496215820e-01,7.710535544902086258e-03,-7.278461474925279617e-03,-8.444855809211730957e-01,-5.354733467102050781e-01,-1.273381859064102173e-01,1.500469632446765900e-02,1.927410662174224854e-01,1.945125013589859009e-01,-7.804180681705474854e-02,-5.728812888264656067e-03,-6.947501897811889648e-01,-2.125122249126434326e-01,-6.781058758497238159e-02,1.107470035552978516e+00,-1.341784149408340454e-01,-4.880127497017383575e-03,-2.537108585238456726e-02,2.205280512571334839e-01,2.335050851106643677e-01,-7.529045641422271729e-02,-5.282441973686218262e-01,-8.661277592182159424e-02,-9.733625501394271851e-02,-2.391405403614044189e-01,3.530661165714263916e-01,-5.506430566310882568e-02,-1.328339427709579468e-02,-7.985748350620269775e-02
-1.132754921913146973e+00,-2.289053797721862793e-01,8.312420845031738281e-01,6.678340956568717957e-03,-7.390435785055160522e-03,-8.422965407371520996e-01,-5.389223694801330566e-01,-1.217459961771965027e-01,1.412483956664800644e-02,2.019944489002227783e-01,1.902971714735031128e-01,-7.732719182968139648e-02,-5.740435793995857239e-03,-6.850095391273498535e-01,-2.193861007690429688e-01,-7.528288662433624268e-02,1.106070637702941895e+00,-1.370099484920501709e-01,-6.903543137013912201e-03,-2.524227276444435120e-02,2.206737846136093140e-01,2.326649427413940430e-01,-7.884948700666427612e-02,-5.236392617225646973e-01,-8.778642863035202026e-02,-9.502654522657394409e-02,-2.385012060403823853e-01,3.516556620597839355e-01,-5.380604043602943420e-02,-9.973909705877304077e-03,-7.992736250162124634e-02
-1.132884263992309570e+00,-2.286717593669891357e-01,8.312298655509948730e-01,5.981366150081157684e-03,-7.546794600784778595e-03,-8.403845429420471191e-01,-5.419050455093383789e-01,-1.174945160746574402e-01,1.372951176017522812e-02,2.100709974765777588e-01,1.874528527259826660e-01,-7.665951550006866455e-02,-4.432497080415487289e-03,-6.734267473220825195e-01,-2.254626154899597168e-01,-8.430971950292587280e-02,1.100949406623840332e+00,-1.392007470130920410e-01,-1.054330170154571533e-02,-2.547585032880306244e-02,2.207179069519042969e-01,2.313014715909957886e-01,-8.216048777103424072e-02,-5.194807052612304688e-01,-8.817615360021591187e-02,-9.297296404838562012e-02,-2.380023151636123657e-01,3.498216271400451660e-01,-5.310932546854019165e-02,-7.742165122181177139e-03,-8.047259598970413208e-02
-1.133029937744140625e+00,-2.281582653522491455e-01,8.311908245086669922e-01,5.551181733608245850e-03,-7.912011817097663879e-03,-8.382242918014526367e-01,-5.452399849891662598e-01,-1.141750067472457886e-01,1.343124080449342728e-02,2.177506238222122192e-01,1.850609481334686279e-01,-7.662964612245559692e-02,-4.907836206257343292e-03,-6.603808403015136719e-01,-2.312136739492416382e-01,-9.439142048358917236e-02,1.091942071914672852e+00,-1.403287053108215332e-01,-1.441018283367156982e-02,-2.535385824739933014e-02,2.206012606620788574e-01,2.295959591865539551e-01,-8.501926809549331665e-02,-5.159926414489746094e-01,-8.723851293325424194e-02,-9.138164669275283813e-02,-2.374116778373718262e-01,3.474336266517639160e-01,-5.370246991515159607e-02,-7.365899626165628433e-03,-8.127652853727340698e-02
-1.133102178573608398e+00,-2.275802642107009888e-01,8.310995101928710938e-01,5.290954839438199997e-03,-8.294517174363136292e-03,-8.362364768981933594e-01,-5.482807159423828125e-01,-1.118013113737106323e-01,1.358349528163671494e-02,2.251250296831130981e-01,1.844633966684341431e-01,-7.762090861797332764e-02,-5.108708981424570084e-03,-6.451284289360046387e-01,-2.360921800136566162e-01,-1.054208502173423767e-01,1.078903079032897949e+00,-1.404686123132705688e-01,-1.543089933693408966e-02,-2.573064342141151428e-02,2.204381674528121948e-01,2.278023362159729004e-01,-8.763370662927627563e-02,-5.125554203987121582e-01,-8.624359965324401855e-02,-9.019246697425842285e-02,-2.368096113204956055e-01,3.446161746978759766e-01,-5.539022386074066162e-02,-8.430997841060161591e-03,-8.234136551618576050e-02
-1.133151292800903320e+00,-2.269472479820251465e-01,8.309596776962280273e-01,4.997107200324535370e-03,-8.626474998891353607e-03,-8.344123959541320801e-01,-5.510504245758056641e-01,-1.087807938456535339e-01,1.381123345345258713e-02,2.317740768194198608e-01,1.843036860227584839e-01,-7.937842607498168945e-02,-5.859570577740669250e-03,-6.272392868995666504e-01,-2.401591539382934570e-01,-1.172517538070678711e-01,1.061249613761901855e+00,-1.396464258432388306e-01,-1.730488054454326630e-02,-2.596363797783851624e-02,2.198614180088043213e-01,2.259790599346160889e-01,-9.019307047128677368e-02,-5.090960860252380371e-01,-8.472460508346557617e-02,-8.888807892799377441e-02,-2.363947778940200806e-01,3.414557278156280518e-01,-5.687948688864707947e-02,-9.770771488547325134e-03,-8.383936434984207153e-02
-1.133154392242431641e+00,-2.261176109313964844e-01,8.307992815971374512e-01,5.103802774101495743e-03,-9.269081987440586090e-03,-8.325104117393493652e-01,-5.539083480834960938e-01,-1.075113564729690552e-01,1.414716243743896484e-02,2.379321902990341187e-01,1.850723028182983398e-01,-8.127723634243011475e-02,-6.142322905361652374e-03,-6.082937121391296387e-01,-2.428862750530242920e-01,-1.295491009950637817e-01,1.039770722389221191e+00,-1.387564837932586670e-01,-1.672298088669776917e-02,-2.614322490990161896e-02,2.194412052631378174e-01,2.241388261318206787e-01,-9.231425076723098755e-02,-5.071750879287719727e-01,-8.374021947383880615e-02,-8.812876045703887939e-02,-2.359164208173751831e-01,3.384597897529602051e-01,-5.884602293372154236e-02,-1.074270624667406082e-02,-8.546916395425796509e-02
-1.132923007011413574e+00,-2.253762036561965942e-01,8.306407928466796875e-01,4.802843090146780014e-03,-9.323225356638431549e-03,-8.306823968887329102e-01,-5.566477775573730469e-01,-1.056348755955696106e-01,1.535565312951803207e-02,2.428335100412368774e-01,1.872360408306121826e-01,-8.387651294469833374e-02,-7.533117197453975677e-03,-5.854607224464416504e-01,-2.436181753873825073e-01,-1.424385309219360352e-01,1.013268113136291504e+00,-1.380671411752700806e-01,-1.511499844491481781e-02,-2.602223120629787445e-02,2.187977433204650879e-01,2.223799079656600952e-01,-9.444496035575866699e-02,-5.042960643768310547e-01,-8.281581103801727295e-02,-8.713575452566146851e-02,-2.354910075664520264e-01,3.349617123603820801e-01,-5.997368693351745605e-02,-1.256929058581590652e-02,-8.766350150108337402e-02
-1.132737398147583008e+00,-2.244517356157302856e-01,8.304656147956848145e-01,4.481503274291753769e-03,-9.415535256266593933e-03,-8.286074399948120117e-01,-5.597329735755920410e-01,-1.061322316527366638e-01,1.687706448137760162e-02,2.482020109891891479e-01,1.914444565773010254e-01,-8.625250309705734253e-02,-8.374712429940700531e-03,-5.602921247482299805e-01,-2.432768642902374268e-01,-1.564169079065322876e-01,9.819129109382629395e-01,-1.351867616176605225e-01,-1.054125558584928513e-02,-2.553377300500869751e-02,2.182085663080215454e-01,2.205884903669357300e-01,-9.633745998144149780e-02,-5.018765330314636230e-01,-8.165990561246871948e-02,-8.615797013044357300e-02,-2.350695431232452393e-01,3.315715491771697998e-01,-6.029572710394859314e-02,-1.341530121862888336e-02,-8.979946374893188477e-02
-1.132379889488220215e+00,-2.235459685325622559e-01,8.303250670433044434e-01,4.293487872928380966e-03,-9.581405669450759888e-03,-8.266037106513977051e-01,-5.626865029335021973e-01,-1.051626577973365784e-01,1.854250952601432800e-02,2.540373504161834717e-01,1.945840120315551758e-01,-8.865321427583694458e-02,-9.230133146047592163e-03,-5.330449938774108887e-01,-2.410020381212234497e-01,-1.704316139221191406e-01,9.448783993721008301e-01,-1.302377879619598389e-01,-4.358579404652118683e-03,-2.597824670374393463e-02,2.176309227943420410e-01,2.188240438699722290e-01,-9.784688055515289307e-02,-4.993852376937866211e-01,-8.025965094566345215e-02,-8.520417660474777222e-02,-2.345719486474990845e-01,3.283842206001281738e-01,-6.061917170882225037e-02,-1.323733851313591003e-02,-9.154735505580902100e-02
-1.131945490837097168e+00,-2.226466089487075806e-01,8.301495313644409180e-01,3.684784285724163055e-03,-9.620585478842258453e-03,-8.244754672050476074e-01,-5.658038854598999023e-01,-1.027985513210296631e-01,1.988163590431213379e-02,2.600086331367492676e-01,1.966951638460159302e-01,-9.075850248336791992e-02,-1.079102791845798492e-02,-5.032576918601989746e-01,-2.379575371742248535e-01,-1.851846575736999512e-01,9.034225940704345703e-01,-1.217881366610527039e-01,1.744437264278531075e-03,-2.595179341733455658e-02,2.170522809028625488e-01,2.170367687940597534e-01,-9.896343201398849487e-02,-4.971943497657775879e-01,-7.828834652900695801e-02,-8.416412770748138428e-02,-2.338587790727615356e-01,3.254757225513458252e-01,-6.096233800053596497e-02,-1.264948025345802307e-02,-9.299758821725845337e-02
-1.131383895874023438e+00,-2.217267900705337524e-01,8.299693465232849121e-01,3.180327592417597771e-03,-9.577879682183265686e-03,-8.222672939300537109e-01,-5.690119862556457520e-01,-1.006415188312530518e-01,2.167336083948612213e-02,2.659850120544433594e-01,1.990382671356201172e-01,-9.321807324886322021e-02,-1.278373878449201584e-02,-4.715053439140319824e-01,-2.329508662223815918e-01,-2.006403952836990356e-01,8.567483425140380859e-01,-1.093743890523910522e-01,1.348508708178997040e-02,-2.592447586357593536e-02,2.166103422641754150e-01,2.151413261890411377e-01,-1.000120565295219421e-01,-4.947961866855621338e-01,-7.694024592638015747e-02,-8.289584517478942871e-02,-2.331850975751876831e-01,3.232685327529907227e-01,-6.083121895790100098e-02,-9.669461287558078766e-03,-9.425012767314910889e-02
-1.130652070045471191e+00,-2.204866707324981689e-01,8.296280503273010254e-01,2.793844323605298996e-03,-9.488889016211032867e-03,-8.203743100166320801e-01,-5.717412829399108887e-01,-9.416864067316055298e-02,2.355206757783889771e-02,2.712757289409637451e-01,1.993517875671386719e-01,-9.757671505212783813e-02,-1.557911094278097153e-02,-4.371370375156402588e-01,-2.266446650028228760e-01,-2.175810486078262329e-01,8.051587939262390137e-01,-9.557344764471054077e-02,2.534397691488265991e-02,-2.621043473482131958e-02,2.162109315395355225e-01,2.132946848869323730e-01,-1.011186987161636353e-01,-4.928653538227081299e-01,-7.658344507217407227e-02,-8.117237687110900879e-02,-2.324209660291671753e-01,3.214721977710723877e-01,-5.902617052197456360e-02,-6.401690654456615448e-03,-9.523995965719223022e-02
-1.129957556724548340e+00,-2.193887978792190552e-01,8.293014168739318848e-01,1.716417027637362480e-03,-9.239029139280319214e-03,-8.180835247039794922e-01,-5.750226974487304688e-01,-9.686370193958282471e-02,2.588561922311782837e-02,2.754412293434143066e-01,2.071090340614318848e-01,-9.926564246416091919e-02,-1.648561842739582062e-02,-4.004534780979156494e-01,-2.196140885353088379e-01,-2.346877306699752808e-01,7.488669157028198242e-01,-7.570973038673400879e-02,3.933764994144439697e-02,-2.496406808495521545e-02,2.159519046545028687e-01,2.111990600824356079e-01,-1.021961420774459839e-01,-4.909929037094116211e-01,-7.593107223510742188e-02,-7.933371514081954956e-02,-2.317046523094177246e-01,3.200313448905944824e-01,-5.787383392453193665e-02,-3.345111617818474770e-03,-9.590805321931838989e-02
-1.129101157188415527e+00,-2.180775403976440430e-01,8.288412690162658691e-01,1.365761738270521164e-03,-9.459629654884338379e-03,-8.161875009536743164e-01,-5.777080655097961426e-01,-9.706620126962661743e-02,2.835902385413646698e-02,2.790051400661468506e-01,2.142346054315567017e-01,-1.040854528546333313e-01,-1.865417696535587311e-02,-3.638954162597656250e-01,-2.113936841487884521e-01,-2.533857524394989014e-01,6.882752776145935059e-01,-5.029607191681861877e-02,5.317083746194839478e-02,-2.553736045956611633e-02,2.156480252742767334e-01,2.092267125844955444e-01,-1.032690554857254028e-01,-4.900804758071899414e-01,-7.580918073654174805e-02,-7.781731337308883667e-02,-2.307530045509338379e-01,3.187164068222045898e-01,-5.933748558163642883e-02,-1.377455308102071285e-03,-9.624447673559188843e-02
-1.127910614013671875e+00,-2.167963981628417969e-01,8.283437490463256836e-01,4.949397407472133636e-04,-9.459642693400382996e-03,-8.145362734794616699e-01,-5.800353288650512695e-01,-9.775522351264953613e-02,3.087740018963813782e-02,2.810926139354705811e-01,2.220554947853088379e-01,-1.082732304930686951e-01,-2.101061120629310608e-02,-3.252529203891754150e-01,-2.021650075912475586e-01,-2.732504308223724365e-01,6.242445111274719238e-01,-1.710573583841323853e-02,6.638439744710922241e-02,-2.612242847681045532e-02,2.154289782047271729e-01,2.072777152061462402e-01,-1.044486612081527710e-01,-4.893605411052703857e-01,-7.610747218132019043e-02,-7.619737833738327026e-02,-2.295692414045333862e-01,3.179612755775451660e-01,-6.143110990524291992e-02,1.913030748255550861e-03,-9.634412080049514771e-02
-1.126606225967407227e+00,-2.155934572219848633e-01,8.278329968452453613e-01,-4.548928409349173307e-04,-9.758995845913887024e-03,-8.123670220375061035e-01,-5.830646753311157227e-01,-9.991094470024108887e-02,3.310329839587211609e-02,2.822693884372711182e-01,2.325863093137741089e-01,-1.113119199872016907e-01,-2.307814545929431915e-02,-2.893398106098175049e-01,-1.929094046354293823e-01,-2.924410700798034668e-01,5.683159232139587402e-01,-1.333711855113506317e-02,8.033546805381774902e-02,-2.588389068841934204e-02,2.152760475873947144e-01,2.052678763866424561e-01,-1.056737750768661499e-01,-4.890634119510650635e-01,-7.635895162820816040e-02,-7.441408187150955200e-02,-2.285928577184677124e-01,3.174286782741546631e-01,-6.211478263139724731e-02,5.453996825963258743e-03,-9.623727202415466309e-02
-1.125220060348510742e+00,-2.144063413143157959e-01,8.271967172622680664e-01,-1.311750966124236584e-03,-9.087060578167438507e-03,-8.105504512786865234e-01,-5.855968594551086426e-01,-1.009036973118782043e-01,3.750338032841682434e-02,2.842615842819213867e-01,2.432681322097778320e-01,-1.172972023487091064e-01,-2.570823766291141510e-02,-2.540870904922485352e-01,-1.816303730010986328e-01,-3.110968470573425293e-01,5.183308720588684082e-01,-3.899212554097175598e-02,7.727625966072082520e-02,-2.620295062661170959e-02,2.153336703777313232e-01,2.034949064254760742e-01,-1.069743260741233826e-01,-4.885172545909881592e-01,-7.700282335281372070e-02,-7.275493443012237549e-02,-2.271105349063873291e-01,3.170413672924041748e-01,-6.443239003419876099e-02,8.084881119430065155e-03,-9.574321657419204712e-02
-1.123528003692626953e+00,-2.133868336677551270e-01,8.265194892883300781e-01,-2.367387758567929268e-03,-8.134407922625541687e-03,-8.089175820350646973e-01,-5.878610014915466309e-01,-1.037358865141868591e-01,4.281730577349662781e-02,2.845902144908905029e-01,2.572074234485626221e-01,-1.226529106497764587e-01,-2.822116948664188385e-02,-2.215784490108489990e-01,-1.696021407842636108e-01,-3.249940574169158936e-01,4.760209023952484131e-01,-7.003138959407806396e-02,6.562920659780502319e-02,-2.687683701515197754e-02,2.156359702348709106e-01,2.020674049854278564e-01,-1.082261502742767334e-01,-4.874269068241119385e-01,-7.751579582691192627e-02,-7.069345563650131226e-02,-2.254697531461715698e-01,3.168893158435821533e-01,-6.473043560981750488e-02,1.121139153838157654e-02,-9.509266167879104614e-02
-1.121811866760253906e+00,-2.123024314641952515e-01,8.258697986602783203e-01,-2.860179170966148376e-03,-7.555400021374225616e-03,-8.066338300704956055e-01,-5.909962654113769531e-01,-1.077184379100799561e-01,4.790526628494262695e-02,2.838838994503021240e-01,2.711850106716156006e-01,-1.280730813741683960e-01,-3.094621002674102783e-02,-1.920992732048034668e-01,-1.570792943239212036e-01,-3.388021290302276611e-01,4.338172376155853271e-01,-9.627093374729156494e-02,5.522794649004936218e-02,-2.554388530552387238e-02,2.158911675214767456e-01,2.008989453315734863e-01,-1.092688366770744324e-01,-4.870698750019073486e-01,-7.713078707456588745e-02,-6.882493197917938232e-02,-2.235722094774246216e-01,3.167429268360137939e-01,-6.609866768121719360e-02,1.372547633945941925e-02,-9.407905489206314087e-02
-1.120032429695129395e+00,-2.112687975168228149e-01,8.252533674240112305e-01,-3.520013298839330673e-03,-6.929716095328330994e-03,-8.040468692779541016e-01,-5.945150852203369141e-01,-1.116532161831855774e-01,5.358741432428359985e-02,2.853934168815612793e-01,2.860530316829681396e-01,-1.329220384359359741e-01,-3.376104682683944702e-02,-1.645394116640090942e-01,-1.457235664129257202e-01,-3.570000529289245605e-01,3.945253193378448486e-01,-1.184233054518699646e-01,5.275120586156845093e-02,-2.322859317064285278e-02,2.161872386932373047e-01,1.999963819980621338e-01,-1.101842150092124939e-01,-4.867801666259765625e-01,-7.694812864065170288e-02,-6.709696352481842041e-02,-2.217715382575988770e-01,3.165995478630065918e-01,-6.649437546730041504e-02,1.483806502074003220e-02,-9.301690757274627686e-02
-1.118124961853027344e+00,-2.102172523736953735e-01,8.248483538627624512e-01,-4.140666685998439789e-03,-6.142000202089548111e-03,-8.019658327102661133e-01,-5.973239541053771973e-01,-1.177654564380645752e-01,5.977180227637290955e-02,2.834119200706481934e-01,3.038905262947082520e-01,-1.348569840192794800e-01,-3.673426806926727295e-02,-1.414979249238967896e-01,-1.351450830698013306e-01,-3.698600530624389648e-01,3.600092530250549316e-01,-1.316721588373184204e-01,4.808580130338668823e-02,-2.337952889502048492e-02,2.165244221687316895e-01,1.993186473846435547e-01,-1.107935830950737000e-01,-4.862024784088134766e-01,-7.602108269929885864e-02,-6.536714732646942139e-02,-2.195844948291778564e-01,3.167840838432312012e-01,-6.771551817655563354e-02,1.672442257404327393e-02,-9.185761958360671997e-02
-1.116279363632202148e+00,-2.093513309955596924e-01,8.245982527732849121e-01,-4.541246686130762100e-03,-5.069351755082607269e-03,-8.004608750343322754e-01,-5.993463993072509766e-01,-1.257749348878860474e-01,6.682562828063964844e-02,2.796438932418823242e-01,3.239107728004455566e-01,-1.351908892393112183e-01,-3.929959237575531006e-02,-1.215575337409973145e-01,-1.239232867956161499e-01,-3.753106296062469482e-01,3.280887007713317871e-01,-1.383604556322097778e-01,4.168023541569709778e-02,-2.592963911592960358e-02,2.168336808681488037e-01,1.990390121936798096e-01,-1.111476272344589233e-01,-4.855299592018127441e-01,-7.523339986801147461e-02,-6.333594024181365967e-02,-2.173717767000198364e-01,3.173438012599945068e-01,-6.800344586372375488e-02,1.902661100029945374e-02,-9.075987339019775391e-02
-1.114393234252929688e+00,-2.085795253515243530e-01,8.244386911392211914e-01,-4.461392294615507126e-03,-3.310056403279304504e-03,-7.985934615135192871e-01,-6.018452048301696777e-01,-1.354924887418746948e-01,7.613569498062133789e-02,2.751435339450836182e-01,3.467732667922973633e-01,-1.358520686626434326e-01,-4.178325459361076355e-02,-1.037993580102920532e-01,-1.107571274042129517e-01,-3.763961791992187500e-01,2.981267869472503662e-01,-1.380117237567901611e-01,3.373653441667556763e-02,-2.783998847007751465e-02,2.170641720294952393e-01,1.992669105529785156e-01,-1.109461262822151184e-01,-4.844728410243988037e-01,-7.436699420213699341e-02,-6.157395988702774048e-02,-2.147183120250701904e-01,3.182765245437622070e-01,-6.952796131372451782e-02,2.139693312346935272e-02,-8.946719020605087280e-02
-1.112520217895507812e+00,-2.078536450862884521e-01,8.244943618774414062e-01,-3.935127053409814835e-03,-1.360504538752138615e-03,-7.965164780616760254e-01,-6.046025156974792480e-01,-1.487104296684265137e-01,8.700697124004364014e-02,2.713241577148437500e-01,3.753350377082824707e-01,-1.399124562740325928e-01,-3.388720378279685974e-02,-8.820974081754684448e-02,-9.635240584611892700e-02,-3.746549189090728760e-01,2.695546448230743408e-01,-1.348932236433029175e-01,2.343353256583213806e-02,-2.952601201832294464e-02,2.172408849000930786e-01,1.997967213392257690e-01,-1.102489158511161804e-01,-4.837711751461029053e-01,-7.363403588533401489e-02,-6.015921384096145630e-02,-2.121004313230514526e-01,3.196873962879180908e-01,-7.052553445100784302e-02,2.324508875608444214e-02,-8.824563026428222656e-02
-1.110628366470336914e+00,-2.073348909616470337e-01,8.245379924774169922e-01,-3.552375826984643936e-03,3.286452556494623423e-04,-7.945234179496765137e-01,-6.072229743003845215e-01,-1.605988144874572754e-01,9.668401628732681274e-02,2.674052417278289795e-01,4.001681804656982422e-01,-1.389854699373245239e-01,-2.922643907368183136e-02,-7.758224755525588989e-02,-8.484745025634765625e-02,-3.709469437599182129e-01,2.506998181343078613e-01,-1.378754377365112305e-01,1.643552072346210480e-02,-3.128232061862945557e-02,2.172344475984573364e-01,2.005821466445922852e-01,-1.091188639402389526e-01,-4.831071496009826660e-01,-7.271178811788558960e-02,-5.894545465707778931e-02,-2.093483060598373413e-01,3.212530910968780518e-01,-7.187195867300033569e-02,2.506455965340137482e-02,-8.700788766145706177e-02
-1.108720183372497559e+00,-2.069002687931060791e-01,8.246965408325195312e-01,-3.053859109058976173e-03,2.018653554841876030e-03,-7.922279834747314453e-01,-6.102142930030822754e-01,-1.765849888324737549e-01,1.077282205224037170e-01,2.630496025085449219e-01,4.313585758209228516e-01,-1.341409683227539062e-01,-2.588505856692790985e-02,-6.902501732110977173e-02,-7.411118596792221069e-02,-3.644863367080688477e-01,2.333827763795852661e-01,-1.344937384128570557e-01,1.320576854050159454e-02,-3.247002512216567993e-02,2.171327471733093262e-01,2.013501077890396118e-01,-1.076022163033485413e-01,-4.823704659938812256e-01,-7.155422866344451904e-02,-5.783810466527938843e-02,-2.065785527229309082e-01,3.230441808700561523e-01,-7.329592108726501465e-02,2.680072933435440063e-02,-8.576674014329910278e-02
-1.106687545776367188e+00,-2.063908427953720093e-01,8.250074386596679688e-01,-2.476855879649519920e-03,3.294472582638263702e-03,-7.897558808326721191e-01,-6.134074330329895020e-01,-1.968205869197845459e-01,1.193245127797126770e-01,2.581233680248260498e-01,4.676716029644012451e-01,-1.224023401737213135e-01,-2.240076661109924316e-02,-6.083446368575096130e-02,-6.419765204191207886e-02,-3.569439649581909180e-01,2.155673950910568237e-01,-1.258757263422012329e-01,1.374979596585035324e-02,-3.221526369452476501e-02,2.168624997138977051e-01,2.020021378993988037e-01,-1.058657616376876831e-01,-4.817726314067840576e-01,-7.033764570951461792e-02,-5.693836510181427002e-02,-2.038329392671585083e-01,3.250790238380432129e-01,-7.488501816987991333e-02,2.850401587784290314e-02,-8.452191948890686035e-02
-1.104593038558959961e+00,-2.058901637792587280e-01,8.253903985023498535e-01,-1.981325913220643997e-03,4.165994934737682343e-03,-7.871125340461730957e-01,-6.167921423912048340e-01,-2.216290086507797241e-01,1.312342286109924316e-01,2.561539411544799805e-01,5.096225142478942871e-01,-1.016572788357734680e-01,-9.984927251935005188e-03,-4.996200650930404663e-02,-5.550949275493621826e-02,-3.521601259708404541e-01,1.954905539751052856e-01,-1.143780052661895752e-01,1.849337667226791382e-02,-3.083486296236515045e-02,2.164290100336074829e-01,2.022953182458877563e-01,-1.041379645466804504e-01,-4.814154207706451416e-01,-6.913090497255325317e-02,-5.632268264889717102e-02,-2.013588249683380127e-01,3.271970748901367188e-01,-7.652905583381652832e-02,3.003828972578048706e-02,-8.336090296506881714e-02
-1.102323532104492188e+00,-2.054539173841476440e-01,8.258920907974243164e-01,-2.254483522847294807e-03,5.101811140775680542e-03,-7.842859625816345215e-01,-6.203744411468505859e-01,-2.472118437290191650e-01,1.439431309700012207e-01,2.514461576938629150e-01,5.549443364143371582e-01,-7.953308522701263428e-02,-2.524928422644734383e-03,-4.303613305091857910e-02,-4.852751642465591431e-02,-3.492946624755859375e-01,1.773532330989837646e-01,-9.947565197944641113e-02,2.271972037851810455e-02,-2.784264273941516876e-02,2.159717082977294922e-01,2.025993764400482178e-01,-1.025632172822952271e-01,-4.811442792415618896e-01,-6.814389675855636597e-02,-5.559300258755683899e-02,-1.988543570041656494e-01,3.294926583766937256e-01,-7.793191075325012207e-02,3.162011876702308655e-02,-8.222702890634536743e-02
-1.100116372108459473e+00,-2.048640400171279907e-01,8.263648152351379395e-01,-2.476272638887166977e-03,5.495841149240732193e-03,-7.813863158226013184e-01,-6.240185499191284180e-01,-2.776711881160736084e-01,1.560941934585571289e-01,2.461832612752914429e-01,6.016159057617187500e-01,-4.600885510444641113e-02,1.394494320265948772e-04,-3.488758206367492676e-02,-4.271709173917770386e-02,-3.486589491367340088e-01,1.611572802066802979e-01,-9.120755642652511597e-02,2.694489248096942902e-02,-2.378082461655139923e-02,2.153769433498382568e-01,2.027146220207214355e-01,-1.014008596539497375e-01,-4.812808334827423096e-01,-6.747463345527648926e-02,-5.469845235347747803e-02,-1.967125982046127319e-01,3.318167030811309814e-01,-7.878092676401138306e-02,3.314416110515594482e-02,-8.122222125530242920e-02
-1.097938776016235352e+00,-2.045131623744964600e-01,8.267666101455688477e-01,-2.941767685115337372e-03,5.909441970288753510e-03,-7.784450054168701172e-01,-6.276780962944030762e-01,-3.103364408016204834e-01,1.683211475610733032e-01,2.364425808191299438e-01,6.512507796287536621e-01,-9.542111307382583618e-03,6.623485125601291656e-03,-2.764103002846240997e-02,-3.745811805129051208e-02,-3.486124277114868164e-01,1.468772292137145996e-01,-8.414796739816665649e-02,2.762695960700511932e-02,-1.883355155587196350e-02,2.147531956434249878e-01,2.027120888233184814e-01,-1.008394360542297363e-01,-4.817204177379608154e-01,-6.725879013538360596e-02,-5.377012118697166443e-02,-1.947449296712875366e-01,3.341143131256103516e-01,-7.941433787345886230e-02,3.458968549966812134e-02,-8.029093593358993530e-02
-1.095837950706481934e+00,-2.042308896780014038e-01,8.270490765571594238e-01,-3.477739635854959488e-03,6.265867035835981369e-03,-7.757535576820373535e-01,-6.309952735900878906e-01,-3.462735116481781006e-01,1.800790280103683472e-01,2.242156714200973511e-01,7.038507461547851562e-01,2.841908857226371765e-02,1.818369515240192413e-02,-2.147905156016349792e-02,-3.276218846440315247e-02,-3.473282754421234131e-01,1.351715475320816040e-01,-7.964265346527099609e-02,2.600294351577758789e-02,-1.510602794587612152e-02,2.140917778015136719e-01,2.024308443069458008e-01,-1.009831428527832031e-01,-4.825469553470611572e-01,-6.747227907180786133e-02,-5.264405161142349243e-02,-1.932529956102371216e-01,3.363761603832244873e-01,-7.955539971590042114e-02,3.600723296403884888e-02,-7.948368787765502930e-02
-1.093890070915222168e+00,-2.039924263954162598e-01,8.271775245666503906e-01,-4.233177751302719116e-03,6.275753490626811981e-03,-7.730565667152404785e-01,-6.342919468879699707e-01,-3.845066726207733154e-01,1.899735331535339355e-01,2.096852362155914307e-01,7.564507722854614258e-01,6.382442265748977661e-02,3.976392373442649841e-02,-1.680291444063186646e-02,-2.956412173807621002e-02,-3.451990187168121338e-01,1.259601563215255737e-01,-7.687468081712722778e-02,2.397245354950428009e-02,-1.124404184520244598e-02,2.134604603052139282e-01,2.016517817974090576e-01,-1.019326373934745789e-01,-4.836847782135009766e-01,-6.812201440334320068e-02,-5.135443806648254395e-02,-1.925419121980667114e-01,3.386157751083374023e-01,-7.921376079320907593e-02,3.743271902203559875e-02,-7.879053801298141479e-02
-1.092095136642456055e+00,-2.037149071693420410e-01,8.272413015365600586e-01,-4.665128421038389206e-03,6.111296825110912323e-03,-7.701997160911560059e-01,-6.377564072608947754e-01,-4.249170720577239990e-01,1.983536332845687866e-01,1.918754726648330688e-01,8.090507388114929199e-01,9.212680160999298096e-02,7.238097488880157471e-02,-1.365692820399999619e-02,-2.633862756192684174e-02,-3.409286141395568848e-01,1.179868727922439575e-01,-7.488504797220230103e-02,2.180227451026439667e-02,-7.649683859199285507e-03,2.127558737993240356e-01,2.006177753210067749e-01,-1.035870239138603210e-01,-4.852175116539001465e-01,-6.923360377550125122e-02,-5.007720738649368286e-02,-1.924597769975662231e-01,3.408945500850677490e-01,-7.868874073028564453e-02,3.892065212130546570e-02,-7.817205786705017090e-02
-1.090538740158081055e+00,-2.034443914890289307e-01,8.270489573478698730e-01,-4.062162712216377258e-03,6.135566160082817078e-03,-7.672874331474304199e-01,-6.412611007690429688e-01,-4.679061174392700195e-01,2.061238586902618408e-01,1.707691699266433716e-01,8.616507649421691895e-01,1.086078956723213196e-01,1.041964963078498840e-01,-1.222861185669898987e-02,-2.131812646985054016e-02,-3.347608149051666260e-01,1.102997288107872009e-01,-7.481294870376586914e-02,1.725312322378158569e-02,-4.526628181338310242e-03,2.118024080991744995e-01,2.002637237310409546e-01,-1.056658700108528137e-01,-4.873460531234741211e-01,-7.098204642534255981e-02,-4.870318993926048279e-02,-1.923103481531143188e-01,3.433042168617248535e-01,-7.803969085216522217e-02,4.048830270767211914e-02,-7.759732007980346680e-02
-1.089140295982360840e+00,-2.031618952751159668e-01,8.265832662582397461e-01,-2.702445024624466896e-03,6.986492313444614410e-03,-7.645302414894104004e-01,-6.445443630218505859e-01,-5.113745331764221191e-01,2.141389846801757812e-01,1.476402729749679565e-01,9.142507910728454590e-01,1.136860698461532593e-01,1.276201307773590088e-01,-1.530501246452331543e-02,-1.564529724419116974e-02,-3.272527456283569336e-01,1.111998930573463440e-01,-7.661791890859603882e-02,1.305119693279266357e-02,-2.979392651468515396e-03,2.105566114187240601e-01,2.011315673589706421e-01,-1.078838258981704712e-01,-4.902281463146209717e-01,-7.344094663858413696e-02,-4.772171750664710999e-02,-1.914799064397811890e-01,3.458005487918853760e-01,-7.795427739620208740e-02,4.211394116282463074e-02,-7.699155807495117188e-02
-1.088012933731079102e+00,-2.028290927410125732e-01,8.263298273086547852e-01,-1.188344322144985199e-03,6.865093950182199478e-03,-7.621926069259643555e-01,-6.473128199577331543e-01,-5.498682260513305664e-01,2.176187038421630859e-01,1.261290907859802246e-01,9.571886062622070312e-01,1.090113520622253418e-01,1.345571577548980713e-01,-2.196382917463779449e-02,-1.244886778295040131e-02,-3.186385631561279297e-01,1.160315275192260742e-01,-7.841856032609939575e-02,1.037322636693716049e-02,-3.497655270621180534e-03,2.091463655233383179e-01,2.020040899515151978e-01,-1.100802272558212280e-01,-4.937947392463684082e-01,-7.614364475011825562e-02,-4.714873060584068298e-02,-1.912284344434738159e-01,3.485092818737030029e-01,-7.812843471765518188e-02,4.405840113759040833e-02,-7.627385109663009644e-02
-1.086966872215270996e+00,-2.024675458669662476e-01,8.262200355529785156e-01,1.435833837604150176e-06,6.441106554120779037e-03,-7.597864270210266113e-01,-6.501408219337463379e-01,-5.854080915451049805e-01,2.191695868968963623e-01,1.066140681505203247e-01,9.976221919059753418e-01,9.503676742315292358e-02,1.369334757328033447e-01,-2.782907709479331970e-02,-9.937123395502567291e-03,-3.100387752056121826e-01,1.197651028633117676e-01,-7.976572960615158081e-02,8.035070262849330902e-03,-4.638762678951025009e-03,2.078241109848022461e-01,2.026792913675308228e-01,-1.118214055895805359e-01,-4.972736835479736328e-01,-7.848507165908813477e-02,-4.720301926136016846e-02,-1.914740353822708130e-01,3.512893319129943848e-01,-7.892022281885147095e-02,4.613712057471275330e-02,-7.544055581092834473e-02
-1.086062908172607422e+00,-2.020529359579086304e-01,8.262133598327636719e-01,7.622665143571794033e-04,5.991184152662754059e-03,-7.572081685066223145e-01,-6.531457304954528809e-01,-6.179941296577453613e-01,2.190598696470260620e-01,8.810609579086303711e-02,1.035109877586364746e+00,7.629393786191940308e-02,1.401970535516738892e-01,-3.212141990661621094e-02,-7.978006266057491302e-03,-3.018070757389068604e-01,1.220719590783119202e-01,-8.047967404127120972e-02,5.984311457723379135e-03,-5.625385791063308716e-03,2.067378610372543335e-01,2.031183540821075439e-01,-1.128908246755599976e-01,-5.002637505531311035e-01,-8.014924824237823486e-02,-4.782205820083618164e-02,-1.921322643756866455e-01,3.541222214698791504e-01,-8.029653877019882202e-02,4.829623922705650330e-02,-7.443107664585113525e-02
-1.085246324539184570e+00,-2.015118300914764404e-01,8.262751698493957520e-01,1.240983721800148487e-03,5.421641282737255096e-03,-7.547232508659362793e-01,-6.560196876525878906e-01,-6.477904915809631348e-01,2.173122614622116089e-01,7.095610350370407104e-02,1.069673776626586914e+00,5.587973445653915405e-02,1.467056721448898315e-01,-3.563129529356956482e-02,-6.655007135123014450e-03,-2.944206893444061279e-01,1.239561811089515686e-01,-8.107597380876541138e-02,4.165334161370992661e-03,-6.779463961720466614e-03,2.058710604906082153e-01,2.032902985811233521e-01,-1.132396385073661804e-01,-5.027414560317993164e-01,-8.105338364839553833e-02,-4.875320196151733398e-02,-1.933578848838806152e-01,3.568513393402099609e-01,-8.170433342456817627e-02,5.037611722946166992e-02,-7.322476059198379517e-02
-1.084528565406799316e+00,-2.009805440902709961e-01,8.264449834823608398e-01,1.209789072163403034e-03,4.661022219806909561e-03,-7.522678971290588379e-01,-6.588397622108459473e-01,-6.741603016853332520e-01,2.132084220647811890e-01,5.505120381712913513e-02,1.100496768951416016e+00,3.461916744709014893e-02,1.529917567968368530e-01,-3.856857120990753174e-02,-6.590696983039379120e-03,-2.874150276184082031e-01,1.260770857334136963e-01,-8.180143684148788452e-02,2.649767557159066200e-03,-8.607143536210060120e-03,2.053144276142120361e-01,2.030829042196273804e-01,-1.128921732306480408e-01,-5.045391321182250977e-01,-8.112184703350067139e-02,-5.025576055049896240e-02,-1.948616504669189453e-01,3.592976927757263184e-01,-8.352217823266983032e-02,5.211701989173889160e-02,-7.180804014205932617e-02
-1.083866477012634277e+00,-2.003747671842575073e-01,8.268055915832519531e-01,8.808602578938007355e-04,3.259345889091491699e-03,-7.499912977218627930e-01,-6.614390611648559570e-01,-6.972190737724304199e-01,2.061804085969924927e-01,4.055061936378479004e-02,1.126921892166137695e+00,1.351025607436895370e-02,1.562514007091522217e-01,-4.240927472710609436e-02,-8.331774733960628510e-03,-2.808466851711273193e-01,1.294490396976470947e-01,-8.311607688665390015e-02,1.428466173820197582e-03,-1.068116910755634308e-02,2.049955129623413086e-01,2.023809552192687988e-01,-1.119543537497520447e-01,-5.057501792907714844e-01,-8.036330342292785645e-02,-5.239776521921157837e-02,-1.965238600969314575e-01,3.614692986011505127e-01,-8.589660376310348511e-02,5.352494120597839355e-02,-7.016222178936004639e-02
-1.083316445350646973e+00,-1.996787041425704956e-01,8.272299766540527344e-01,3.575414011720567942e-04,1.541838981211185455e-03,-7.478874921798706055e-01,-6.638236045837402344e-01,-7.173431515693664551e-01,1.974699199199676514e-01,2.773306332528591156e-02,1.149426937103271484e+00,-6.261405069380998611e-03,1.579504460096359253e-01,-4.636466875672340393e-02,-1.108192000538110733e-02,-2.750468552112579346e-01,1.332063674926757812e-01,-8.479608595371246338e-02,5.028028390370309353e-04,-1.311948709189891815e-02,2.048864215612411499e-01,2.010542750358581543e-01,-1.106681078672409058e-01,-5.064491033554077148e-01,-7.896246016025543213e-02,-5.506961792707443237e-02,-1.984132081270217896e-01,3.632574379444122314e-01,-8.861243724822998047e-02,5.448321625590324402e-02,-6.832708418369293213e-02
-1.082825303077697754e+00,-1.990416049957275391e-01,8.277130126953125000e-01,-2.600860607344657183e-04,-3.138021857012063265e-04,-7.457525134086608887e-01,-6.662229299545288086e-01,-7.349320650100708008e-01,1.873885989189147949e-01,1.602052338421344757e-02,1.168722867965698242e+00,-2.353676036000251770e-02,1.578625291585922241e-01,-4.997716471552848816e-02,-1.418211031705141068e-02,-2.698712050914764404e-01,1.362925469875335693e-01,-8.623810857534408569e-02,-2.702726051211357117e-04,-1.540943235158920288e-02,2.049060761928558350e-01,1.990916579961776733e-01,-1.091594025492668152e-01,-5.067832469940185547e-01,-7.698784023523330688e-02,-5.799826234579086304e-02,-2.006529271602630615e-01,3.645940124988555908e-01,-9.120139479637145996e-02,5.489818006753921509e-02,-6.636533886194229126e-02
-1.082464218139648438e+00,-1.983097493648529053e-01,8.282428383827209473e-01,-1.071642152965068817e-03,-2.206791192293167114e-03,-7.435106635093688965e-01,-6.687195897102355957e-01,-7.495107650756835938e-01,1.758551150560379028e-01,4.608648363500833511e-03,1.184762239456176758e+00,-3.858074545860290527e-02,1.569546312093734741e-01,-5.299613252282142639e-02,-1.775621436536312103e-02,-2.648557126522064209e-01,1.388736069202423096e-01,-8.744715899229049683e-02,-7.833840791136026382e-04,-1.761987805366516113e-02,2.051501125097274780e-01,1.965838670730590820e-01,-1.078750640153884888e-01,-5.068019032478332520e-01,-7.495920360088348389e-02,-6.107207760214805603e-02,-2.032593488693237305e-01,3.653349280357360840e-01,-9.340929239988327026e-02,5.458613857626914978e-02,-6.435050815343856812e-02
-1.082142114639282227e+00,-1.975346952676773071e-01,8.288412690162658691e-01,-1.855908893048763275e-03,-4.198894370347261429e-03,-7.412700057029724121e-01,-6.711912751197814941e-01,-7.615815997123718262e-01,1.631450504064559937e-01,-5.841785110533237457e-03,1.197405576705932617e+00,-5.176096782088279724e-02,1.562169194221496582e-01,-5.559917166829109192e-02,-2.118656598031520844e-02,-2.592864036560058594e-01,1.397993564605712891e-01,-8.772152662277221680e-02,-1.300868927501142025e-03,-2.005843073129653931e-02,2.056089937686920166e-01,1.935810893774032593e-01,-1.071979403495788574e-01,-5.066969990730285645e-01,-7.339706271886825562e-02,-6.417416036128997803e-02,-2.062684893608093262e-01,3.657866120338439941e-01,-9.512917697429656982e-02,5.399239063262939453e-02,-6.230762600898742676e-02
-1.081919193267822266e+00,-1.966582089662551880e-01,8.295400142669677734e-01,-2.252191770821809769e-03,-6.863707210868597031e-03,-7.385137081146240234e-01,-6.741997599601745605e-01,-7.721975445747375488e-01,1.499586701393127441e-01,-1.514585409313440323e-02,1.206351399421691895e+00,-6.178361177444458008e-02,1.549200564622879028e-01,-5.922412499785423279e-02,-2.517257817089557648e-02,-2.533372938632965088e-01,1.400644928216934204e-01,-8.774325996637344360e-02,-1.589381718076765537e-03,-2.232785150408744812e-02,2.062031626701354980e-01,1.902731657028198242e-01,-1.071973517537117004e-01,-5.066583156585693359e-01,-7.251439243555068970e-02,-6.727035343647003174e-02,-2.096504867076873779e-01,3.661324381828308105e-01,-9.641252458095550537e-02,5.320670083165168762e-02,-6.020387634634971619e-02
-1.081810116767883301e+00,-1.960395723581314087e-01,8.300780653953552246e-01,-3.296180628240108490e-03,-8.309202268719673157e-03,-7.359960079193115234e-01,-6.769268512725830078e-01,-7.787469625473022461e-01,1.367941051721572876e-01,-2.459885552525520325e-02,1.213174581527709961e+00,-7.139392942190170288e-02,1.513240635395050049e-01,-6.001331284642219543e-02,-2.809644863009452820e-02,-2.470501512289047241e-01,1.395551562309265137e-01,-8.718641102313995361e-02,-1.867092796601355076e-03,-2.415335737168788910e-02,2.070429176092147827e-01,1.866375803947448730e-01,-1.077478229999542236e-01,-5.064340233802795410e-01,-7.224834710359573364e-02,-7.006403803825378418e-02,-2.135905325412750244e-01,3.666634857654571533e-01,-9.683409333229064941e-02,5.272520333528518677e-02,-5.811991542577743530e-02
-1.081848025321960449e+00,-1.955177634954452515e-01,8.305487632751464844e-01,-4.748124163597822189e-03,-9.158397093415260315e-03,-7.330186963081359863e-01,-6.801303029060363770e-01,-7.820327281951904297e-01,1.243041232228279114e-01,-3.311211243271827698e-02,1.217848062515258789e+00,-8.060878515243530273e-02,1.460344046354293823e-01,-5.961649119853973389e-02,-3.092837519943714142e-02,-2.409120649099349976e-01,1.388490647077560425e-01,-8.611454069614410400e-02,-2.024450339376926422e-03,-2.638433687388896942e-02,2.083694040775299072e-01,1.829189062118530273e-01,-1.088979393243789673e-01,-5.057376623153686523e-01,-7.271502166986465454e-02,-7.257556170225143433e-02,-2.176933884620666504e-01,3.675400912761688232e-01,-9.674197435379028320e-02,5.267389118671417236e-02,-5.596455186605453491e-02
-1.081951975822448730e+00,-1.946429461240768433e-01,8.310233950614929199e-01,-4.991422407329082489e-03,-1.098439749330282211e-02,-7.299033999443054199e-01,-6.834438443183898926e-01,-7.855814695358276367e-01,1.114389225840568542e-01,-4.186392948031425476e-02,1.218853473663330078e+00,-8.867265284061431885e-02,1.385107338428497314e-01,-6.070483103394508362e-02,-3.317170962691307068e-02,-2.335458695888519287e-01,1.359378397464752197e-01,-8.451762050390243530e-02,-2.038202947005629539e-03,-2.825689874589443207e-02,2.099776268005371094e-01,1.787272840738296509e-01,-1.107137873768806458e-01,-5.050106644630432129e-01,-7.412575930356979370e-02,-7.530380040407180786e-02,-2.224903106689453125e-01,3.693247437477111816e-01,-9.668882936239242554e-02,5.384808406233787537e-02,-5.318538844585418701e-02
-1.082008719444274902e+00,-1.936380863189697266e-01,8.314262032508850098e-01,-5.067578516900539398e-03,-1.269794348627328873e-02,-7.269660830497741699e-01,-6.865372657775878906e-01,-7.878826856613159180e-01,9.861273318529129028e-02,-5.099030584096908569e-02,1.217805027961730957e+00,-9.553229808807373047e-02,1.281642615795135498e-01,-6.250414252281188965e-02,-3.501151874661445618e-02,-2.258578240871429443e-01,1.339056342840194702e-01,-8.322861790657043457e-02,-2.178495284169912338e-03,-3.014067932963371277e-02,2.116480767726898193e-01,1.735556572675704956e-01,-1.128780469298362732e-01,-5.047001838684082031e-01,-7.769642025232315063e-02,-7.869907468557357788e-02,-2.281738966703414917e-01,3.724300265312194824e-01,-9.666643291711807251e-02,5.687085911631584167e-02,-4.897435009479522705e-02
-1.082126259803771973e+00,-1.932565122842788696e-01,8.316259384155273438e-01,-6.134564056992530823e-03,-1.277804467827081680e-02,-7.238878607749938965e-01,-6.897720694541931152e-01,-7.843942046165466309e-01,8.783144503831863403e-02,-5.949240550398826599e-02,1.213225007057189941e+00,-9.939624369144439697e-02,1.191212087869644165e-01,-6.163296476006507874e-02,-3.609241917729377747e-02,-2.186153531074523926e-01,1.332948803901672363e-01,-8.222981542348861694e-02,-2.370664849877357483e-03,-3.235026821494102478e-02,2.135630249977111816e-01,1.692148447036743164e-01,-1.145690456032752991e-01,-5.031824707984924316e-01,-8.071599155664443970e-02,-8.116681128740310669e-02,-2.330159991979598999e-01,3.761632740497589111e-01,-9.561865776777267456e-02,6.094557791948318481e-02,-4.514049738645553589e-02
-1.082511663436889648e+00,-1.924356818199157715e-01,8.317672610282897949e-01,-7.280798163264989853e-03,-1.251595932990312576e-02,-7.206568121910095215e-01,-6.931408047676086426e-01,-7.785980105400085449e-01,7.844138145446777344e-02,-6.668838113546371460e-02,1.206324934959411621e+00,-1.029949933290481567e-01,1.096045970916748047e-01,-5.919941514730453491e-02,-3.708984702825546265e-02,-2.117285579442977905e-01,1.319656670093536377e-01,-8.135071396827697754e-02,-2.097804099321365356e-03,-3.403905406594276428e-02,2.158252149820327759e-01,1.654595434665679932e-01,-1.159071102738380432e-01,-5.002923011779785156e-01,-8.336693793535232544e-02,-8.313141763210296631e-02,-2.371730953454971313e-01,3.801676034927368164e-01,-9.440696239471435547e-02,6.479021161794662476e-02,-4.152155667543411255e-02
-1.082964539527893066e+00,-1.917640417814254761e-01,8.318590521812438965e-01,-8.271575905382633209e-03,-1.209451258182525635e-02,-7.173894047737121582e-01,-6.965183019638061523e-01,-7.706491351127624512e-01,6.997291743755340576e-02,-7.335124909877777100e-02,1.196336150169372559e+00,-1.052232980728149414e-01,9.879562258720397949e-02,-5.708659440279006958e-02,-3.767706826329231262e-02,-2.043151110410690308e-01,1.307193487882614136e-01,-8.026570826768875122e-02,-1.844126614741981030e-03,-3.568170964717864990e-02,2.182145863771438599e-01,1.621455401182174683e-01,-1.167382076382637024e-01,-4.966651797294616699e-01,-8.533316850662231445e-02,-8.476603031158447266e-02,-2.406281977891921997e-01,3.845914006233215332e-01,-9.366606920957565308e-02,6.908048689365386963e-02,-3.798821195960044861e-02
-1.083525776863098145e+00,-1.909068822860717773e-01,8.318250179290771484e-01,-8.813728578388690948e-03,-1.149839628487825394e-02,-7.140548229217529297e-01,-6.999398469924926758e-01,-7.611452341079711914e-01,6.292018294334411621e-02,-7.980863004922866821e-02,1.183671236038208008e+00,-1.091955080628395081e-01,8.897331357002258301e-02,-5.481374263763427734e-02,-3.745700046420097351e-02,-1.969273984432220459e-01,1.290095895528793335e-01,-7.922911643981933594e-02,-1.429105876013636589e-03,-3.720388188958168030e-02,2.205648571252822876e-01,1.593052148818969727e-01,-1.168359145522117615e-01,-4.928422868251800537e-01,-8.607510477304458618e-02,-8.626471459865570068e-02,-2.433261126279830933e-01,3.890975415706634521e-01,-9.373903274536132812e-02,7.312806695699691772e-02,-3.450721502304077148e-02
-1.084105253219604492e+00,-1.901571452617645264e-01,8.317697644233703613e-01,-9.046456776559352875e-03,-1.108476333320140839e-02,-7.109706997871398926e-01,-7.030760645866394043e-01,-7.510672211647033691e-01,5.662561208009719849e-02,-8.584859967231750488e-02,1.167948961257934570e+00,-1.113791018724441528e-01,7.856254279613494873e-02,-5.463366955518722534e-02,-3.737441077828407288e-02,-1.898693591356277466e-01,1.292882710695266724e-01,-7.881220430135726929e-02,-1.014182344079017639e-03,-3.806181997060775757e-02,2.227424979209899902e-01,1.570318639278411865e-01,-1.164665743708610535e-01,-4.894215464591979980e-01,-8.630647510290145874e-02,-8.778495341539382935e-02,-2.452976256608963013e-01,3.932356238365173340e-01,-9.456712007522583008e-02,7.579397410154342651e-02,-3.132924437522888184e-02
-1.084671378135681152e+00,-1.892365515232086182e-01,8.317127823829650879e-01,-8.995494805276393890e-03,-1.085265073925256729e-02,-7.078236937522888184e-01,-7.062484622001647949e-01,-7.393009066581726074e-01,5.106393992900848389e-02,-9.181744605302810669e-02,1.149159431457519531e+00,-1.139863058924674988e-01,6.914461404085159302e-02,-5.435461923480033875e-02,-3.700341656804084778e-02,-1.829122751951217651e-01,1.287692785263061523e-01,-7.838979363441467285e-02,-5.955271190032362938e-04,-3.894850611686706543e-02,2.247851490974426270e-01,1.553853303194046021e-01,-1.157078519463539124e-01,-4.861372411251068115e-01,-8.627915382385253906e-02,-8.947129547595977783e-02,-2.466704100370407104e-01,3.960152566432952881e-01,-9.521712362766265869e-02,7.391750812530517578e-02,-2.841264754533767700e-02
-1.085381150245666504e+00,-1.883964687585830688e-01,8.315805196762084961e-01,-8.587338030338287354e-03,-1.054604258388280869e-02,-7.048676013946533203e-01,-7.092084884643554688e-01,-7.264050245285034180e-01,4.604160413146018982e-02,-9.808889031410217285e-02,1.127087831497192383e+00,-1.148829013109207153e-01,6.023151054978370667e-02,-5.460256338119506836e-02,-3.625400364398956299e-02,-1.761222481727600098e-01,1.281199157238006592e-01,-7.767147570848464966e-02,1.418260399077553302e-05,-3.924805298447608948e-02,2.267047464847564697e-01,1.542421281337738037e-01,-1.147132739424705505e-01,-4.827043414115905762e-01,-8.596655726432800293e-02,-9.135314077138900757e-02,-2.474750876426696777e-01,3.984090685844421387e-01,-9.672522544860839844e-02,7.051981240510940552e-02,-2.539127692580223083e-02
-1.086065769195556641e+00,-1.872930228710174561e-01,8.313825130462646484e-01,-7.750246673822402954e-03,-1.031326130032539368e-02,-7.018231153488159180e-01,-7.122344374656677246e-01,-7.122757434844970703e-01,4.197410494089126587e-02,-1.049164384603500366e-01,1.102579236030578613e+00,-1.156167313456535339e-01,5.012997239828109741e-02,-5.488691478967666626e-02,-3.486792370676994324e-02,-1.691602170467376709e-01,1.269197762012481689e-01,-7.707225531339645386e-02,6.323475972749292850e-04,-3.991258144378662109e-02,2.282636016607284546e-01,1.537794470787048340e-01,-1.135791465640068054e-01,-4.800056517124176025e-01,-8.601319789886474609e-02,-9.336646646261215210e-02,-2.478562444448471069e-01,4.003008008003234863e-01,-9.846295416355133057e-02,6.581288576126098633e-02,-2.275618165731430054e-02
-1.086870074272155762e+00,-1.862878799438476562e-01,8.311608433723449707e-01,-6.585684604942798615e-03,-1.002306118607521057e-02,-6.987826824188232422e-01,-7.152334451675415039e-01,-6.972364187240600586e-01,3.821489959955215454e-02,-1.126478835940361023e-01,1.075733304023742676e+00,-1.164609119296073914e-01,4.014386981725692749e-02,-5.487770214676856995e-02,-3.289079666137695312e-02,-1.622137725353240967e-01,1.241955384612083435e-01,-7.561257481575012207e-02,1.105500385165214539e-03,-3.999104350805282593e-02,2.294903248548507690e-01,1.540243327617645264e-01,-1.123722046613693237e-01,-4.781168103218078613e-01,-8.651120215654373169e-02,-9.501292556524276733e-02,-2.479601204395294189e-01,4.020918011665344238e-01,-9.904628247022628784e-02,6.110630556941032410e-02,-2.070386335253715515e-02
-1.087748885154724121e+00,-1.851531714200973511e-01,8.308753967285156250e-01,-5.097257439047098160e-03,-9.593050926923751831e-03,-6.958176493644714355e-01,-7.181363105773925781e-01,-6.782067418098449707e-01,3.563645482063293457e-02,-1.204920113086700439e-01,1.043842792510986328e+00,-1.171946376562118530e-01,2.956352569162845612e-02,-5.579482764005661011e-02,-3.043508343398571014e-02,-1.554757803678512573e-01,1.228613853454589844e-01,-7.450887560844421387e-02,1.173660042695701122e-03,-4.076407849788665771e-02,2.303092032670974731e-01,1.550190001726150513e-01,-1.108985468745231628e-01,-4.773153662681579590e-01,-8.693400770425796509e-02,-9.663311392068862915e-02,-2.478651851415634155e-01,4.032566249370574951e-01,-9.879917651414871216e-02,5.520579218864440918e-02,-1.907421275973320007e-02
-1.088561177253723145e+00,-1.841096282005310059e-01,8.305451869964599609e-01,-3.624331904575228691e-03,-9.019282646477222443e-03,-6.927654743194580078e-01,-7.210974693298339844e-01,-6.623457670211791992e-01,3.241725265979766846e-02,-1.305995881557464600e-01,1.014266490936279297e+00,-1.156018674373626709e-01,1.826721802353858948e-02,-5.682872980833053589e-02,-2.774247713387012482e-02,-1.481147110462188721e-01,1.214576512575149536e-01,-7.159850001335144043e-02,2.650430426001548767e-03,-4.005097597837448120e-02,2.311503887176513672e-01,1.566478013992309570e-01,-1.095760762691497803e-01,-4.759254157543182373e-01,-8.833175152540206909e-02,-9.835070371627807617e-02,-2.473595142364501953e-01,4.041942954063415527e-01,-9.908824414014816284e-02,4.881173372268676758e-02,-1.830597780644893646e-02
-1.089527130126953125e+00,-1.828567385673522949e-01,8.302543163299560547e-01,-2.038094913586974144e-03,-8.559626527130603790e-03,-6.895880699157714844e-01,-7.241483926773071289e-01,-6.418460607528686523e-01,3.045244887471199036e-02,-1.392049938440322876e-01,9.788808822631835938e-01,-1.134051382541656494e-01,5.404769442975521088e-03,-5.739305913448333740e-02,-2.512344904243946075e-02,-1.403077542781829834e-01,1.197836920619010925e-01,-7.042238861322402954e-02,3.643874544650316238e-03,-4.076770693063735962e-02,2.316530644893646240e-01,1.587976962327957153e-01,-1.082636937499046326e-01,-4.754459261894226074e-01,-9.011051058769226074e-02,-9.963952749967575073e-02,-2.469062805175781250e-01,4.052747189998626709e-01,-9.765584021806716919e-02,4.405675083398818970e-02,-1.795553788542747498e-02
-1.090561985969543457e+00,-1.815872043371200562e-01,8.300132751464843750e-01,-8.688053931109607220e-04,-7.943294942378997803e-03,-6.860741972923278809e-01,-7.274876832962036133e-01,-6.179831624031066895e-01,2.845069020986557007e-02,-1.473314315080642700e-01,9.397261738777160645e-01,-1.092511191964149475e-01,-7.534922100603580475e-03,-5.835410207509994507e-02,-2.303879708051681519e-02,-1.313041895627975464e-01,1.194387897849082947e-01,-6.954278051853179932e-02,4.552500788122415543e-03,-4.126846045255661011e-02,2.320388108491897583e-01,1.611955314874649048e-01,-1.067360118031501770e-01,-4.750935733318328857e-01,-9.153912961483001709e-02,-1.006873622536659241e-01,-2.462691217660903931e-01,4.066259562969207764e-01,-9.563804417848587036e-02,4.105226695537567139e-02,-1.783633790910243988e-02
-1.091617345809936523e+00,-1.800684779882431030e-01,8.297837972640991211e-01,-9.701942326501011848e-05,-7.348350714892148972e-03,-6.819686293601989746e-01,-7.313444614410400391e-01,-5.900776982307434082e-01,2.727146632969379425e-02,-1.538791805505752563e-01,8.965208530426025391e-01,-1.054760143160820007e-01,-2.308809943497180939e-02,-5.943115428090095520e-02,-2.177110500633716583e-02,-1.210826113820075989e-01,1.209962666034698486e-01,-7.018276304006576538e-02,5.641492083668708801e-03,-4.115093499422073364e-02,2.324789613485336304e-01,1.636779308319091797e-01,-1.048508062958717346e-01,-4.739882946014404297e-01,-9.271179884672164917e-02,-1.019514501094818115e-01,-2.453648149967193604e-01,4.084299802780151367e-01,-9.351340681314468384e-02,3.880728781223297119e-02,-1.743483357131481171e-02
-1.092675566673278809e+00,-1.788138747215270996e-01,8.294590115547180176e-01,5.141893052496016026e-04,-6.466795224696397781e-03,-6.778904199600219727e-01,-7.351343631744384766e-01,-5.605732202529907227e-01,2.616960741579532623e-02,-1.612254828214645386e-01,8.506643772125244141e-01,-9.887981414794921875e-02,-4.162951931357383728e-02,-6.102683767676353455e-02,-2.037619054317474365e-02,-1.105505153536796570e-01,1.242169737815856934e-01,-7.108028978109359741e-02,6.656755693256855011e-03,-3.995779156684875488e-02,2.328727990388870239e-01,1.661528497934341431e-01,-1.030320674180984497e-01,-4.734706282615661621e-01,-9.336816519498825073e-02,-1.027830690145492554e-01,-2.443134784698486328e-01,4.102849662303924561e-01,-9.072271734476089478e-02,3.874350339174270630e-02,-1.745005510747432709e-02
-1.094444632530212402e+00,-1.784452199935913086e-01,8.286052942276000977e-01,-1.917110639624297619e-03,-1.236585434526205063e-03,-6.743938922882080078e-01,-7.383682131767272949e-01,-5.217047929763793945e-01,2.628692798316478729e-02,-1.679780185222625732e-01,8.062481880187988281e-01,-9.175133705139160156e-02,-5.554765090346336365e-02,-5.375692993402481079e-02,-1.905384846031665802e-02,-1.045649349689483643e-01,1.319460123777389526e-01,-7.451187074184417725e-02,8.622939698398113251e-03,-3.872550278902053833e-02,2.341825962066650391e-01,1.683556735515594482e-01,-1.016115322709083557e-01,-4.676570594310760498e-01,-9.517662227153778076e-02,-1.023939996957778931e-01,-2.431174516677856445e-01,4.117967784404754639e-01,-8.241353929042816162e-02,3.751285001635551453e-02,-1.800260879099369049e-02
-1.095780849456787109e+00,-1.769949346780776978e-01,8.281815648078918457e-01,-1.508091110736131668e-03,1.633148640394210815e-04,-6.705066561698913574e-01,-7.419019341468811035e-01,-4.885657131671905518e-01,2.579991705715656281e-02,-1.751019358634948730e-01,7.558977007865905762e-01,-8.128965646028518677e-02,-7.193563133478164673e-02,-5.482766404747962952e-02,-1.793808676302433014e-02,-9.555634856224060059e-02,1.367318332195281982e-01,-7.543990015983581543e-02,1.020995713770389557e-02,-3.858820721507072449e-02,2.352612912654876709e-01,1.707824170589447021e-01,-1.002881824970245361e-01,-4.655524790287017822e-01,-9.660111367702484131e-02,-1.020784601569175720e-01,-2.411084622144699097e-01,4.131762087345123291e-01,-7.863751053810119629e-02,3.590840846300125122e-02,-1.882488094270229340e-02
-1.097242832183837891e+00,-1.756244897842407227e-01,8.276731371879577637e-01,-7.892076391726732254e-04,1.800741767510771751e-03,-6.666844487190246582e-01,-7.453374862670898438e-01,-4.553833007812500000e-01,2.662851288914680481e-02,-1.811567246913909912e-01,7.044179439544677734e-01,-6.663082540035247803e-02,-8.952329307794570923e-02,-5.717997997999191284e-02,-1.619369164109230042e-02,-8.637861907482147217e-02,1.433999538421630859e-01,-7.424107193946838379e-02,1.190575677901506424e-02,-3.849181160330772400e-02,2.362480908632278442e-01,1.732660979032516479e-01,-9.896911680698394775e-02,-4.656722545623779297e-01,-9.742075204849243164e-02,-1.018605455756187439e-01,-2.386158704757690430e-01,4.143968522548675537e-01,-7.792260497808456421e-02,3.430201858282089233e-02,-1.982720009982585907e-02
-1.098854780197143555e+00,-1.742928326129913330e-01,8.272156119346618652e-01,1.204316140501759946e-04,3.334338311105966568e-03,-6.628832817077636719e-01,-7.487153410911560059e-01,-4.221904277801513672e-01,2.782121486961841583e-02,-1.868007332086563110e-01,6.513840556144714355e-01,-4.568463936448097229e-02,-1.031686365604400635e-01,-5.999719351530075073e-02,-1.435477193444967270e-02,-7.650456577539443970e-02,1.497889459133148193e-01,-7.188781350851058960e-02,1.375400461256504059e-02,-3.797584399580955505e-02,2.373456060886383057e-01,1.758861690759658813e-01,-9.787733852863311768e-02,-4.671489596366882324e-01,-9.838060289621353149e-02,-1.015418097376823425e-01,-2.357147932052612305e-01,4.153958857059478760e-01,-7.866033911705017090e-02,3.208540752530097961e-02,-2.111494354903697968e-02
-1.100515604019165039e+00,-1.730187833309173584e-01,8.266746401786804199e-01,6.551909027621150017e-04,5.213463678956031799e-03,-6.590123772621154785e-01,-7.521137595176696777e-01,-3.885261118412017822e-01,2.996069192886352539e-02,-1.901060789823532104e-01,5.981857180595397949e-01,-1.576311886310577393e-02,-1.103905141353607178e-01,-6.337132304906845093e-02,-1.277302671223878860e-02,-6.659445166587829590e-02,1.584834009408950806e-01,-7.015361636877059937e-02,1.568519696593284607e-02,-3.826353698968887329e-02,2.385492175817489624e-01,1.784531474113464355e-01,-9.662075340747833252e-02,-4.680655002593994141e-01,-9.764367341995239258e-02,-1.009763479232788086e-01,-2.327345311641693115e-01,4.162864685058593750e-01,-7.863979041576385498e-02,3.046084754168987274e-02,-2.253866754472255707e-02
-1.102206230163574219e+00,-1.718053072690963745e-01,8.261815905570983887e-01,4.535732441581785679e-04,6.746465805917978287e-03,-6.549893021583557129e-01,-7.556079030036926270e-01,-3.599176108837127686e-01,2.968212775886058807e-02,-1.919600814580917358e-01,5.594194531440734863e-01,-1.561418827623128891e-02,-7.207309454679489136e-02,-6.926134973764419556e-02,-1.338237058371305466e-02,-5.608246847987174988e-02,1.720932722091674805e-01,-6.996057927608489990e-02,2.238951623439788818e-02,-3.858333826065063477e-02,2.398039251565933228e-01,1.801278889179229736e-01,-9.596709161996841431e-02,-4.687261283397674561e-01,-9.786809235811233521e-02,-1.000936031341552734e-01,-2.306773066520690918e-01,4.169851839542388916e-01,-7.710333913564682007e-02,2.946021966636180878e-02,-2.391320094466209412e-02
-1.104318857192993164e+00,-1.710008084774017334e-01,8.256337046623229980e-01,6.497496506199240685e-04,8.992988616228103638e-03,-6.530660986900329590e-01,-7.572472095489501953e-01,-3.324701189994812012e-01,3.509002923965454102e-02,-1.822306215763092041e-01,5.254519581794738770e-01,-4.265357926487922668e-02,-6.920969486236572266e-02,-7.495560497045516968e-02,-1.297244429588317871e-02,-5.013015121221542358e-02,1.869309842586517334e-01,-7.237237691879272461e-02,2.547026798129081726e-02,-4.354569315910339355e-02,2.411141246557235718e-01,1.823565214872360229e-01,-9.535750001668930054e-02,-4.694605469703674316e-01,-9.879734367132186890e-02,-9.873227775096893311e-02,-2.284057289361953735e-01,4.177248775959014893e-01,-7.425653934478759766e-02,2.930413931608200073e-02,-2.536532096564769745e-02
-1.106726050376892090e+00,-1.699383556842803955e-01,8.253965377807617188e-01,2.784076379612088203e-03,9.952470660209655762e-03,-6.502951979637145996e-01,-7.596113085746765137e-01,-3.094333112239837646e-01,4.269815608859062195e-02,-1.670997887849807739e-01,4.944661259651184082e-01,-7.306321710348129272e-02,-6.356867402791976929e-02,-8.289864659309387207e-02,-1.183108892291784286e-02,-4.496024921536445618e-02,2.028425037860870361e-01,-7.175775617361068726e-02,2.947021089494228363e-02,-4.647112637758255005e-02,2.419480383396148682e-01,1.850083470344543457e-01,-9.481962770223617554e-02,-4.723446667194366455e-01,-1.002799421548843384e-01,-9.775865823030471802e-02,-2.257725000381469727e-01,4.183062911033630371e-01,-7.371519505977630615e-02,2.911913581192493439e-02,-2.709812298417091370e-02
-1.108987092971801758e+00,-1.688907593488693237e-01,8.252196311950683594e-01,4.605732392519712448e-03,1.053502131253480911e-02,-6.475225090980529785e-01,-7.619596123695373535e-01,-2.869009971618652344e-01,4.872003942728042603e-02,-1.494556069374084473e-01,4.644173383712768555e-01,-1.016559973359107971e-01,-5.732409283518791199e-02,-1.024778038263320923e-01,-1.165739819407463074e-02,-3.754201531410217285e-02,2.283980995416641235e-01,-6.917316466569900513e-02,3.323766961693763733e-02,-4.977772757411003113e-02,2.426278889179229736e-01,1.879987865686416626e-01,-9.425244480371475220e-02,-4.761840403079986572e-01,-1.017743200063705444e-01,-9.661410003900527954e-02,-2.231651693582534790e-01,4.189073741436004639e-01,-7.297111302614212036e-02,2.993771992623806000e-02,-2.898192405700683594e-02
-1.111151099205017090e+00,-1.680515259504318237e-01,8.250303268432617188e-01,5.781371146440505981e-03,9.486481547355651855e-03,-6.443493366241455078e-01,-7.646505832672119141e-01,-2.692210674285888672e-01,5.137196928262710571e-02,-1.271935552358627319e-01,4.382494390010833740e-01,-1.228602603077888489e-01,-4.398276284337043762e-02,-1.207893937826156616e-01,-1.413223426789045334e-02,-2.816454879939556122e-02,2.539716660976409912e-01,-7.117780297994613647e-02,3.691832348704338074e-02,-5.196433886885643005e-02,2.430007755756378174e-01,1.906598210334777832e-01,-9.366940706968307495e-02,-4.814461767673492432e-01,-1.027908697724342346e-01,-9.601124376058578491e-02,-2.212326973676681519e-01,4.192053973674774170e-01,-7.304121553897857666e-02,3.114434145390987396e-02,-3.119753673672676086e-02
-1.113271236419677734e+00,-1.672216057777404785e-01,8.250872492790222168e-01,6.172873545438051224e-03,7.685323245823383331e-03,-6.409519910812377930e-01,-7.675176262855529785e-01,-2.543315887451171875e-01,5.111408978700637817e-02,-1.057372987270355225e-01,4.137174189090728760e-01,-1.292262971401214600e-01,-3.268766775727272034e-02,-1.444298774003982544e-01,-1.847043447196483612e-02,-1.735738664865493774e-02,2.843298017978668213e-01,-7.126841694116592407e-02,4.038730263710021973e-02,-5.234030261635780334e-02,2.430275678634643555e-01,1.927440911531448364e-01,-9.322582185268402100e-02,-4.881874024868011475e-01,-1.028192490339279175e-01,-9.579289704561233521e-02,-2.201182991266250610e-01,4.189768135547637939e-01,-7.311631739139556885e-02,3.183142095804214478e-02,-3.375997021794319153e-02
-1.115453839302062988e+00,-1.667567044496536255e-01,8.253157138824462891e-01,5.841071717441082001e-03,5.994343198835849762e-03,-6.377042531967163086e-01,-7.702358365058898926e-01,-2.414450049400329590e-01,4.917820915579795837e-02,-8.774303644895553589e-02,3.915005028247833252e-01,-1.296198666095733643e-01,-1.801766082644462585e-02,-1.687069535255432129e-01,-2.419414930045604706e-02,-7.088518235832452774e-03,3.189567625522613525e-01,-6.920884549617767334e-02,4.363061115145683289e-02,-5.293483287096023560e-02,2.425945699214935303e-01,1.938344240188598633e-01,-9.336439520120620728e-02,-4.914259016513824463e-01,-1.030692383646965027e-01,-9.616374224424362183e-02,-2.199363112449645996e-01,4.185842275619506836e-01,-7.373154163360595703e-02,3.223369270563125610e-02,-3.560855612158775330e-02
-1.117804765701293945e+00,-1.662689447402954102e-01,8.257322311401367188e-01,5.557394586503505707e-03,3.821401624009013176e-03,-6.340432167053222656e-01,-7.732682228088378906e-01,-2.288869619369506836e-01,4.572921246290206909e-02,-7.228664308786392212e-02,3.681371808052062988e-01,-1.269315332174301147e-01,-1.045453455299139023e-02,-1.978503018617630005e-01,-3.015558049082756042e-02,5.291379988193511963e-03,3.585267663002014160e-01,-6.370516121387481689e-02,5.303054675459861755e-02,-5.318277701735496521e-02,2.416733950376510620e-01,1.944016367197036743e-01,-9.381964057683944702e-02,-4.955481588840484619e-01,-1.031518802046775818e-01,-9.715203195810317993e-02,-2.202232778072357178e-01,4.178286194801330566e-01,-7.526617497205734253e-02,3.235536441206932068e-02,-3.768005967140197754e-02
-1.120154023170471191e+00,-1.660799086093902588e-01,8.261159658432006836e-01,5.114456638693809509e-03,1.996970269829034805e-03,-6.305597424507141113e-01,-7.761212587356567383e-01,-2.183951288461685181e-01,4.237891733646392822e-02,-5.980964004993438721e-02,3.486810028553009033e-01,-1.234403625130653381e-01,-9.762578643858432770e-03,-2.303574830293655396e-01,-3.549985960125923157e-02,1.925657503306865692e-02,4.028470516204833984e-01,-5.069261789321899414e-02,6.940359622240066528e-02,-5.289732664823532104e-02,2.404387444257736206e-01,1.945177465677261353e-01,-9.464751929044723511e-02,-5.000267624855041504e-01,-1.032724529504776001e-01,-9.828826785087585449e-02,-2.210968285799026489e-01,4.169247150421142578e-01,-7.679790258407592773e-02,3.262025862932205200e-02,-3.998829796910285950e-02
-1.122474312782287598e+00,-1.660637110471725464e-01,8.265747427940368652e-01,4.933041054755449295e-03,3.822070138994604349e-04,-6.269171833992004395e-01,-7.790701985359191895e-01,-2.110029011964797974e-01,3.994539380073547363e-02,-4.708581417798995972e-02,3.336381912231445312e-01,-1.175427660346031189e-01,-1.447938475757837296e-02,-2.665906548500061035e-01,-3.937886282801628113e-02,3.198684751987457275e-02,4.520770907402038574e-01,-3.353615477681159973e-02,8.592401444911956787e-02,-5.255769938230514526e-02,2.391400933265686035e-01,1.945139318704605103e-01,-9.581535309553146362e-02,-5.041375756263732910e-01,-1.036460250616073608e-01,-9.953935444355010986e-02,-2.222254872322082520e-01,4.158002436161041260e-01,-7.825451344251632690e-02,3.284616395831108093e-02,-4.235391318798065186e-02
-1.124561309814453125e+00,-1.661566942930221558e-01,8.270311355590820312e-01,5.047253798693418503e-03,-7.199065294116735458e-04,-6.239738464355468750e-01,-7.814285755157470703e-01,-2.061791867017745972e-01,3.882905468344688416e-02,-3.622349351644515991e-02,3.226013183593750000e-01,-1.113080456852912903e-01,-1.941309124231338501e-02,-3.047677874565124512e-01,-4.149537533521652222e-02,4.732352867722511292e-02,5.036362409591674805e-01,-8.639693260192871094e-03,9.638484567403793335e-02,-5.380336567759513855e-02,2.376593649387359619e-01,1.944345831871032715e-01,-9.719832986593246460e-02,-5.081075429916381836e-01,-1.040160655975341797e-01,-1.008513271808624268e-01,-2.233048230409622192e-01,4.143012464046478271e-01,-7.966061681509017944e-02,3.269230201840400696e-02,-4.473342001438140869e-02
-1.126675009727478027e+00,-1.662302613258361816e-01,8.274980783462524414e-01,5.300277844071388245e-03,-1.913234358653426170e-03,-6.211101412773132324e-01,-7.837030291557312012e-01,-2.018828392028808594e-01,3.785446286201477051e-02,-2.568610571324825287e-02,3.118753135204315186e-01,-1.057155877351760864e-01,-2.599962800741195679e-02,-3.456002771854400635e-01,-4.346112534403800964e-02,6.423120200634002686e-02,5.552577972412109375e-01,2.286054007709026337e-02,1.137293502688407898e-01,-5.488485097885131836e-02,2.359199821949005127e-01,1.944940388202667236e-01,-9.881839901208877563e-02,-5.119907855987548828e-01,-1.046115234494209290e-01,-1.021861732006072998e-01,-2.242503315210342407e-01,4.125131368637084961e-01,-8.087894320487976074e-02,3.220758587121963501e-02,-4.708265513181686401e-02
-1.128700017929077148e+00,-1.664350330829620361e-01,8.278081417083740234e-01,5.652043037116527557e-03,-3.337397938594222069e-03,-6.180797815322875977e-01,-7.860879302024841309e-01,-1.984111666679382324e-01,3.707593306899070740e-02,-1.380695030093193054e-02,3.018934726715087891e-01,-1.017893999814987183e-01,-3.301788866519927979e-02,-3.881567418575286865e-01,-4.539510235190391541e-02,8.120113611221313477e-02,6.060732007026672363e-01,5.506532639265060425e-02,1.388736516237258911e-01,-5.530457571148872375e-02,2.337927222251892090e-01,1.945650130510330200e-01,-1.007119789719581604e-01,-5.162206888198852539e-01,-1.053303107619285583e-01,-1.036539375782012939e-01,-2.251250743865966797e-01,4.105503857135772705e-01,-8.214735239744186401e-02,3.160814195871353149e-02,-4.941730946302413940e-02
-1.130655765533447266e+00,-1.667302101850509644e-01,8.279997706413269043e-01,6.062017288058996201e-03,-4.837029147893190384e-03,-6.142969727516174316e-01,-7.890368103981018066e-01,-1.960590332746505737e-01,3.653028234839439392e-02,9.254985488951206207e-04,2.938881516456604004e-01,-9.890352934598922729e-02,-3.449958935379981995e-02,-4.294590651988983154e-01,-4.709926992654800415e-02,9.460411220788955688e-02,6.545204520225524902e-01,8.492244035005569458e-02,1.732493191957473755e-01,-5.393147468566894531e-02,2.313906252384185791e-01,1.945929378271102905e-01,-1.031206324696540833e-01,-5.208760499954223633e-01,-1.063471660017967224e-01,-1.053574234247207642e-01,-2.260396629571914673e-01,4.084299206733703613e-01,-8.370104432106018066e-02,3.088564984500408173e-02,-5.172025784850120544e-02
-1.132614970207214355e+00,-1.668796241283416748e-01,8.280671238899230957e-01,6.681145168840885162e-03,-6.215606350451707840e-03,-6.101709008216857910e-01,-7.922173142433166504e-01,-1.944466382265090942e-01,3.622997924685478210e-02,1.590284518897533417e-02,2.881645858287811279e-01,-9.812976419925689697e-02,-3.345680981874465942e-02,-4.698362946510314941e-01,-4.876006022095680237e-02,1.060215383768081665e-01,7.009435296058654785e-01,1.105918586254119873e-01,2.116846740245819092e-01,-5.119545757770538330e-02,2.288583219051361084e-01,1.948964595794677734e-01,-1.060742661356925964e-01,-5.257270336151123047e-01,-1.078200265765190125e-01,-1.070508435368537903e-01,-2.267755120992660522e-01,4.063767492771148682e-01,-8.550585806369781494e-02,3.024750202894210815e-02,-5.398512631654739380e-02
-1.134432077407836914e+00,-1.667652577161788940e-01,8.281328678131103516e-01,7.628919556736946106e-03,-8.110866881906986237e-03,-6.054421663284301758e-01,-7.958114147186279297e-01,-1.934256106615066528e-01,3.582170978188514709e-02,3.129102662205696106e-02,2.821303606033325195e-01,-9.834912419319152832e-02,-3.113059327006340027e-02,-5.096464753150939941e-01,-5.081911012530326843e-02,1.150978729128837585e-01,7.443464994430541992e-01,1.311087459325790405e-01,2.482282519340515137e-01,-4.741704091429710388e-02,2.260084003210067749e-01,1.956271082162857056e-01,-1.094836145639419556e-01,-5.310780405998229980e-01,-1.097933575510978699e-01,-1.088317632675170898e-01,-2.272398471832275391e-01,4.044786095619201660e-01,-8.791455626487731934e-02,2.981926687061786652e-02,-5.624327063560485840e-02
-1.136126041412353516e+00,-1.667161881923675537e-01,8.282623887062072754e-01,8.443988859653472900e-03,-9.796936064958572388e-03,-6.004399657249450684e-01,-7.995652556419372559e-01,-1.917826980352401733e-01,3.531179204583168030e-02,4.637940973043441772e-02,2.757959365844726562e-01,-9.854144603013992310e-02,-2.798117138445377350e-02,-5.485256910324096680e-01,-5.404254421591758728e-02,1.201440393924713135e-01,7.873505949974060059e-01,1.432996988296508789e-01,2.611214220523834229e-01,-4.114048928022384644e-02,2.228949069976806641e-01,1.971948444843292236e-01,-1.133176088333129883e-01,-5.369481444358825684e-01,-1.124834418296813965e-01,-1.104887053370475769e-01,-2.272916287183761597e-01,4.026625156402587891e-01,-9.084618091583251953e-02,2.961571514606475830e-02,-5.857158824801445007e-02
-1.137988686561584473e+00,-1.665396094322204590e-01,8.284527063369750977e-01,9.230284951627254486e-03,-1.131603773683309555e-02,-5.951796174049377441e-01,-8.034600019454956055e-01,-1.887268573045730591e-01,3.441641852259635925e-02,6.052188202738761902e-02,2.680902183055877686e-01,-9.858389943838119507e-02,-2.532374486327171326e-02,-5.860621333122253418e-01,-5.973066017031669617e-02,1.212494894862174988e-01,8.294655084609985352e-01,1.422628909349441528e-01,2.603854537010192871e-01,-3.447056189179420471e-02,2.197569906711578369e-01,1.992550641298294067e-01,-1.174670010805130005e-01,-5.429109930992126465e-01,-1.155831962823867798e-01,-1.118094101548194885e-01,-2.272643893957138062e-01,4.011329114437103271e-01,-9.402794390916824341e-02,2.992304973304271698e-02,-6.090442836284637451e-02
-1.139560699462890625e+00,-1.662151962518692017e-01,8.287650942802429199e-01,1.009261701256036758e-02,-1.252359338104724884e-02,-5.899716019630432129e-01,-8.072637915611267090e-01,-1.850657612085342407e-01,3.420108929276466370e-02,7.376072555780410767e-02,2.602374255657196045e-01,-9.793376177549362183e-02,-2.364182844758033752e-02,-6.205573678016662598e-01,-6.796923279762268066e-02,1.163055598735809326e-01,8.683610558509826660e-01,1.325663179159164429e-01,2.453089505434036255e-01,-2.809591218829154968e-02,2.164940536022186279e-01,2.019922435283660889e-01,-1.215129792690277100e-01,-5.488116145133972168e-01,-1.188115030527114868e-01,-1.126623675227165222e-01,-2.270260900259017944e-01,4.000850319862365723e-01,-9.742821007966995239e-02,3.102004528045654297e-02,-6.314082443714141846e-02
-1.141056299209594727e+00,-1.658126860857009888e-01,8.291056156158447266e-01,1.078619062900543213e-02,-1.313878595829010010e-02,-5.853775739669799805e-01,-8.105825781822204590e-01,-1.813677400350570679e-01,3.424056246876716614e-02,8.578732609748840332e-02,2.536087632179260254e-01,-9.730773419141769409e-02,-2.204588428139686584e-02,-6.514598727226257324e-01,-7.861956208944320679e-02,1.076087206602096558e-01,9.048570990562438965e-01,1.194565594196319580e-01,2.241454273462295532e-01,-2.250213176012039185e-02,2.132668346166610718e-01,2.052822858095169067e-01,-1.250805258750915527e-01,-5.540778636932373047e-01,-1.218006312847137451e-01,-1.129643470048904419e-01,-2.266349643468856812e-01,3.993020951747894287e-01,-1.007972806692123413e-01,3.266997262835502625e-02,-6.528040021657943726e-02
-1.142488718032836914e+00,-1.652645021677017212e-01,8.295499682426452637e-01,1.133129373192787170e-02,-1.354191824793815613e-02,-5.811408162117004395e-01,-8.136114478111267090e-01,-1.761953085660934448e-01,3.416046872735023499e-02,9.710328280925750732e-02,2.461194396018981934e-01,-9.596586972475051880e-02,-2.061490528285503387e-02,-6.789880990982055664e-01,-9.119482338428497314e-02,9.703746438026428223e-02,9.382392168045043945e-01,1.055789068341255188e-01,2.025352716445922852e-01,-1.846211776137351990e-02,2.098899632692337036e-01,2.088598310947418213e-01,-1.276085525751113892e-01,-5.587390065193176270e-01,-1.238157451152801514e-01,-1.125698760151863098e-01,-2.262484282255172729e-01,3.988723456859588623e-01,-1.038250625133514404e-01,3.509211540222167969e-02,-6.726961582899093628e-02
-1.143753290176391602e+00,-1.648189872503280640e-01,8.299788236618041992e-01,1.184767857193946838e-02,-1.342101674526929855e-02,-5.775865316390991211e-01,-8.161331415176391602e-01,-1.701061427593231201e-01,3.458576649427413940e-02,1.071243211627006531e-01,2.383621931076049805e-01,-9.457395970821380615e-02,-1.945065148174762726e-02,-7.026526927947998047e-01,-1.041814833879470825e-01,8.554473519325256348e-02,9.688739776611328125e-01,9.034625440835952759e-02,1.765215396881103516e-01,-1.600678078830242157e-02,2.065220773220062256e-01,2.125737816095352173e-01,-1.289651244878768921e-01,-5.624241828918457031e-01,-1.246440336108207703e-01,-1.115584373474121094e-01,-2.257041335105895996e-01,3.986299335956573486e-01,-1.066019460558891296e-01,3.805170953273773193e-02,-6.909840553998947144e-02
-1.144881248474121094e+00,-1.642296314239501953e-01,8.304800391197204590e-01,1.233787182718515396e-02,-1.324805896729230881e-02,-5.742903947830200195e-01,-8.184514641761779785e-01,-1.644791662693023682e-01,3.492982313036918640e-02,1.164586618542671204e-01,2.304377555847167969e-01,-9.238659590482711792e-02,-1.836592145264148712e-02,-7.232286334037780762e-01,-1.173476278781890869e-01,7.369960099458694458e-02,9.967571496963500977e-01,7.192937284708023071e-02,1.508963555097579956e-01,-1.411682367324829102e-02,2.030860334634780884e-01,2.161811292171478271e-01,-1.289925873279571533e-01,-5.651752948760986328e-01,-1.238726899027824402e-01,-1.099121570587158203e-01,-2.249793559312820435e-01,3.983140885829925537e-01,-1.088003143668174744e-01,4.112278670072555542e-02,-7.072078436613082886e-02
-1.145860195159912109e+00,-1.635846048593521118e-01,8.309883475303649902e-01,1.289303321391344070e-02,-1.292810868471860886e-02,-5.716668367385864258e-01,-8.202826976776123047e-01,-1.584553718566894531e-01,3.546582534909248352e-02,1.247931048274040222e-01,2.223740518093109131e-01,-9.025924652814865112e-02,-1.739398576319217682e-02,-7.407044768333435059e-01,-1.297835558652877808e-01,6.316887587308883667e-02,1.022428989410400391e+00,5.262548103928565979e-02,1.212758719921112061e-01,-1.346408203244209290e-02,1.995289772748947144e-01,2.195357382297515869e-01,-1.277604103088378906e-01,-5.671263337135314941e-01,-1.214606016874313354e-01,-1.078201532363891602e-01,-2.240359336137771606e-01,3.977475166320800781e-01,-1.104708388447761536e-01,4.394611343741416931e-02,-7.210292667150497437e-02
-1.146747112274169922e+00,-1.628997474908828735e-01,8.314827680587768555e-01,1.356227323412895203e-02,-1.287982333451509476e-02,-5.691680908203125000e-01,-8.220084309577941895e-01,-1.520220637321472168e-01,3.587222844362258911e-02,1.333339661359786987e-01,2.136401832103729248e-01,-8.837995678186416626e-02,-1.654779165983200073e-02,-7.560178637504577637e-01,-1.416247338056564331e-01,5.299108475446701050e-02,1.045034885406494141e+00,3.592500463128089905e-02,9.874475002288818359e-02,-1.373194344341754913e-02,1.959237307310104370e-01,2.225546836853027344e-01,-1.255320608615875244e-01,-5.683280229568481445e-01,-1.174191236495971680e-01,-1.054689064621925354e-01,-2.229019552469253540e-01,3.968670368194580078e-01,-1.117607280611991882e-01,4.650845378637313843e-02,-7.327483594417572021e-02
-1.147424817085266113e+00,-1.623408496379852295e-01,8.318725228309631348e-01,1.365041639655828476e-02,-1.259255502372980118e-02,-5.670346021652221680e-01,-8.234845399856567383e-01,-1.458681672811508179e-01,3.574328497052192688e-02,1.417237222194671631e-01,2.060237228870391846e-01,-8.570769429206848145e-02,-1.550817769020795822e-02,-7.683592438697814941e-01,-1.534883826971054077e-01,4.360722750425338745e-02,1.065725922584533691e+00,2.186363749206066132e-02,7.575320452451705933e-02,-1.391178183257579803e-02,1.925095766782760620e-01,2.250957787036895752e-01,-1.228158921003341675e-01,-5.687955021858215332e-01,-1.120592728257179260e-01,-1.028638333082199097e-01,-2.216344177722930908e-01,3.956583142280578613e-01,-1.124065518379211426e-01,4.870338737964630127e-02,-7.420369982719421387e-02
-1.147992610931396484e+00,-1.617544889450073242e-01,8.322615623474121094e-01,1.399598550051450729e-02,-1.271339133381843567e-02,-5.650036931037902832e-01,-8.248716592788696289e-01,-1.410599052906036377e-01,3.562400862574577332e-02,1.497818380594253540e-01,1.990939527750015259e-01,-8.321712166070938110e-02,-1.432180404663085938e-02,-7.789022922515869141e-01,-1.643641740083694458e-01,3.490790352225303650e-02,1.083622336387634277e+00,1.081274822354316711e-02,5.977450311183929443e-02,-1.461729407310485840e-02,1.892114281654357910e-01,2.272133231163024902e-01,-1.200586855411529541e-01,-5.689362883567810059e-01,-1.059801355004310608e-01,-1.002531871199607849e-01,-2.202605158090591431e-01,3.941362202167510986e-01,-1.127088814973831177e-01,5.042175203561782837e-02,-7.491096109151840210e-02
-1.148460745811462402e+00,-1.612341403961181641e-01,8.325483798980712891e-01,1.429237611591815948e-02,-1.273672934621572495e-02,-5.631715059280395508e-01,-8.261182308197021484e-01,-1.365386694669723511e-01,3.557764366269111633e-02,1.568083763122558594e-01,1.928522586822509766e-01,-8.144360035657882690e-02,-1.363667380064725876e-02,-7.868539690971374512e-01,-1.745876222848892212e-01,2.639571391046047211e-02,1.098676323890686035e+00,4.643056541681289673e-03,4.690125584602355957e-02,-1.517019607126712799e-02,1.861250400543212891e-01,2.290836721658706665e-01,-1.176322475075721741e-01,-5.688797235488891602e-01,-9.985471516847610474e-02,-9.771613031625747681e-02,-2.188536524772644043e-01,3.923127949237823486e-01,-1.127008572220802307e-01,5.167156457901000977e-02,-7.545868307352066040e-02
-1.148834943771362305e+00,-1.607622504234313965e-01,8.327980041503906250e-01,1.445130910724401474e-02,-1.271658763289451599e-02,-5.616430640220642090e-01,-8.271556496620178223e-01,-1.327450871467590332e-01,3.545584529638290405e-02,1.627350449562072754e-01,1.876972168684005737e-01,-7.960362732410430908e-02,-1.301721110939979553e-02,-7.921161651611328125e-01,-1.842133551836013794e-01,1.824237033724784851e-02,1.110993027687072754e+00,9.178486652672290802e-04,3.671446070075035095e-02,-1.590598188340663910e-02,1.834825426340103149e-01,2.309133112430572510e-01,-1.159151643514633179e-01,-5.685259103775024414e-01,-9.436953067779541016e-02,-9.521394968032836914e-02,-2.175201624631881714e-01,3.901901543140411377e-01,-1.122522875666618347e-01,5.242479965090751648e-02,-7.587081193923950195e-02
-1.149154305458068848e+00,-1.602562069892883301e-01,8.329787254333496094e-01,1.456448156386613846e-02,-1.278901565819978714e-02,-5.603392124176025391e-01,-8.280364274978637695e-01,-1.295267790555953979e-01,3.513295948505401611e-02,1.677250564098358154e-01,1.833600103855133057e-01,-7.826738059520721436e-02,-1.236246712505817413e-02,-7.950614690780639648e-01,-1.934530884027481079e-01,1.037921197712421417e-02,1.120765924453735352e+00,-2.449206542223691940e-03,2.960927598178386688e-02,-1.722113415598869324e-02,1.813490986824035645e-01,2.328329831361770630e-01,-1.152957603335380554e-01,-5.680115818977355957e-01,-9.030238538980484009e-02,-9.283160418272018433e-02,-2.162889242172241211e-01,3.879250288009643555e-01,-1.115648746490478516e-01,5.283538252115249634e-02,-7.623712718486785889e-02
-1.149222373962402344e+00,-1.598692536354064941e-01,8.330662250518798828e-01,1.445984095335006714e-02,-1.289115566760301590e-02,-5.595305562019348145e-01,-8.285833001136779785e-01,-1.273478418588638306e-01,3.478531911969184875e-02,1.715829670429229736e-01,1.808440983295440674e-01,-7.736232131719589233e-02,-1.207087654620409012e-02,-7.959327697753906250e-01,-2.022992521524429321e-01,2.621983410790562630e-03,1.128635525703430176e+00,-4.167788662016391754e-03,2.127704583108425140e-02,-1.833693683147430420e-02,1.797872930765151978e-01,2.349207103252410889e-01,-1.156936660408973694e-01,-5.670059323310852051e-01,-8.766468614339828491e-02,-9.052985161542892456e-02,-2.151566147804260254e-01,3.856031894683837891e-01,-1.106750071048736572e-01,5.316863581538200378e-02,-7.665739953517913818e-02
-1.149300932884216309e+00,-1.594013720750808716e-01,8.331463932991027832e-01,1.451261993497610092e-02,-1.305235549807548523e-02,-5.588266849517822266e-01,-8.290547132492065430e-01,-1.256677508354187012e-01,3.454888239502906799e-02,1.745934933423995972e-01,1.792009472846984863e-01,-7.705656439065933228e-02,-1.194555684924125671e-02,-7.945812344551086426e-01,-2.105191797018051147e-01,-5.173059180378913879e-03,1.133284807205200195e+00,-6.028525065630674362e-03,1.336723659187555313e-02,-2.034551650285720825e-02,1.787373572587966919e-01,2.372670024633407593e-01,-1.174178197979927063e-01,-5.658008456230163574e-01,-8.724311739206314087e-02,-8.835124224424362183e-02,-2.142184674739837646e-01,3.830613493919372559e-01,-1.095057278871536255e-01,5.318561568856239319e-02,-7.715262472629547119e-02
-1.149166584014892578e+00,-1.589001417160034180e-01,8.331027030944824219e-01,1.427511032670736313e-02,-1.309849601238965988e-02,-5.581368207931518555e-01,-8.295227289199829102e-01,-1.239828616380691528e-01,3.430608287453651428e-02,1.776046305894851685e-01,1.787914037704467773e-01,-7.762815803289413452e-02,-1.178207434713840485e-02,-7.905056476593017578e-01,-2.185848355293273926e-01,-1.369381230324506760e-02,1.135628104209899902e+00,-8.408456109464168549e-03,8.523506112396717072e-03,-2.207266911864280701e-02,1.781029552221298218e-01,2.396237552165985107e-01,-1.200132369995117188e-01,-5.642875432968139648e-01,-8.832698315382003784e-02,-8.637350797653198242e-02,-2.134041041135787964e-01,3.803540170192718506e-01,-1.083760485053062439e-01,5.299250781536102295e-02,-7.772897183895111084e-02
-1.148994803428649902e+00,-1.585045307874679565e-01,8.330450057983398438e-01,1.394060812890529633e-02,-1.295628678053617477e-02,-5.576578378677368164e-01,-8.298527002334594727e-01,-1.228245720267295837e-01,3.413849323987960815e-02,1.793342679738998413e-01,1.792123317718505859e-01,-7.827143371105194092e-02,-1.131508592516183853e-02,-7.836666703224182129e-01,-2.271425724029541016e-01,-2.413647435605525970e-02,1.135245800018310547e+00,-9.707421995699405670e-03,2.620193874463438988e-03,-2.399587072432041168e-02,1.774909794330596924e-01,2.424656748771667480e-01,-1.243909597396850586e-01,-5.605084896087646484e-01,-9.306639432907104492e-02,-8.408072590827941895e-02,-2.124686688184738159e-01,3.763209879398345947e-01,-1.064925193786621094e-01,5.166726559400558472e-02,-7.886229455471038818e-02
-1.148783683776855469e+00,-1.581283360719680786e-01,8.329535126686096191e-01,1.350285951048135757e-02,-1.292192749679088593e-02,-5.568722486495971680e-01,-8.303878307342529297e-01,-1.211977452039718628e-01,3.369625657796859741e-02,1.811538040637969971e-01,1.794392019510269165e-01,-7.904840260744094849e-02,-1.116949692368507385e-02,-7.745074033737182617e-01,-2.352075576782226562e-01,-3.515712916851043701e-02,1.131223917007446289e+00,-1.046145055443048477e-02,-1.707505551166832447e-03,-2.594394423067569733e-02,1.771131455898284912e-01,2.447085678577423096e-01,-1.287755817174911499e-01,-5.568533539772033691e-01,-9.798283129930496216e-02,-8.212305605411529541e-02,-2.119521647691726685e-01,3.724447488784790039e-01,-1.047555506229400635e-01,5.048158764839172363e-02,-8.012744039297103882e-02
-1.148476600646972656e+00,-1.578491479158401489e-01,8.327942490577697754e-01,1.251161843538284302e-02,-1.261091232299804688e-02,-5.561957955360412598e-01,-8.308613896369934082e-01,-1.172272339463233948e-01,3.278556093573570251e-02,1.843834370374679565e-01,1.782944202423095703e-01,-7.955749332904815674e-02,-1.107382960617542267e-02,-7.626471519470214844e-01,-2.438827604055404663e-01,-4.679219052195549011e-02,1.124620199203491211e+00,-1.091569662094116211e-02,-5.571380723267793655e-03,-2.852755784988403320e-02,1.771221160888671875e-01,2.464533746242523193e-01,-1.332161575555801392e-01,-5.521103143692016602e-01,-1.032928973436355591e-01,-8.026181906461715698e-02,-2.116679102182388306e-01,3.686809539794921875e-01,-1.026313826441764832e-01,4.931211471557617188e-02,-8.161121606826782227e-02
-1.148145079612731934e+00,-1.574273854494094849e-01,8.325706720352172852e-01,1.191677059978246689e-02,-1.231986097991466522e-02,-5.547675490379333496e-01,-8.318288326263427734e-01,-1.174987033009529114e-01,3.289938345551490784e-02,1.856855154037475586e-01,1.827625781297683716e-01,-8.199653029441833496e-02,-1.102821156382560730e-02,-7.485620975494384766e-01,-2.509601116180419922e-01,-5.979055166244506836e-02,1.114021539688110352e+00,-1.098055392503738403e-02,-9.870399720966815948e-03,-2.913906984031200409e-02,1.771052479743957520e-01,2.476246207952499390e-01,-1.370822042226791382e-01,-5.475057959556579590e-01,-1.067018508911132812e-01,-7.844550162553787231e-02,-2.115059047937393188e-01,3.652167022228240967e-01,-1.005986481904983521e-01,4.881512373685836792e-02,-8.313804119825363159e-02
-1.147698044776916504e+00,-1.569993644952774048e-01,8.323764204978942871e-01,1.138619147241115570e-02,-1.247133780270814896e-02,-5.532901287078857422e-01,-8.328174352645874023e-01,-1.163761094212532043e-01,3.243809565901756287e-02,1.872493773698806763e-01,1.843766570091247559e-01,-8.377798646688461304e-02,-1.117462851107120514e-02,-7.329414486885070801e-01,-2.577363252639770508e-01,-7.401241362094879150e-02,1.099757075309753418e+00,-1.118574198335409164e-02,-1.270339358597993851e-02,-3.040091879665851593e-02,1.766435205936431885e-01,2.482757568359375000e-01,-1.403665393590927124e-01,-5.421651005744934082e-01,-1.078594103455543518e-01,-7.685376703739166260e-02,-2.113650441169738770e-01,3.617755770683288574e-01,-9.980402141809463501e-02,4.915346950292587280e-02,-8.460320532321929932e-02
-1.147071719169616699e+00,-1.564281135797500610e-01,8.321996331214904785e-01,1.131143886595964432e-02,-1.336054783314466476e-02,-5.515206456184387207e-01,-8.339775204658508301e-01,-1.170688271522521973e-01,3.218322992324829102e-02,1.895620971918106079e-01,1.861183345317840576e-01,-8.559655398130416870e-02,-1.126556098461151123e-02,-7.166537046432495117e-01,-2.629025280475616455e-01,-8.866212517023086548e-02,1.081250309944152832e+00,-9.358838200569152832e-03,-1.548099797219038010e-02,-3.200070559978485107e-02,1.764534711837768555e-01,2.483958452939987183e-01,-1.427463144063949585e-01,-5.391271710395812988e-01,-1.063272207975387573e-01,-7.574328780174255371e-02,-2.113913595676422119e-01,3.589695990085601807e-01,-1.006807982921600342e-01,5.020032078027725220e-02,-8.524528890848159790e-02
-1.146489620208740234e+00,-1.560213267803192139e-01,8.320270180702209473e-01,1.069356501102447510e-02,-1.353825442492961884e-02,-5.494301319122314453e-01,-8.353615403175354004e-01,-1.160824745893478394e-01,3.201253712177276611e-02,1.928901821374893188e-01,1.882213205099105835e-01,-8.729173988103866577e-02,-1.141005940735340118e-02,-6.964961886405944824e-01,-2.664602696895599365e-01,-1.026509404182434082e-01,1.059234976768493652e+00,-6.736507639288902283e-03,-1.750780642032623291e-02,-3.356581181287765503e-02,1.759700477123260498e-01,2.483004331588745117e-01,-1.444018185138702393e-01,-5.341025590896606445e-01,-1.019923165440559387e-01,-7.449994236230850220e-02,-2.114206105470657349e-01,3.561947643756866455e-01,-1.017382666468620300e-01,5.245878174901008606e-02,-8.530458062887191772e-02
-1.145848274230957031e+00,-1.555456072092056274e-01,8.318508267402648926e-01,1.005363836884498596e-02,-1.371293980628252029e-02,-5.467572808265686035e-01,-8.371185064315795898e-01,-1.141497865319252014e-01,3.190369531512260437e-02,1.975769102573394775e-01,1.894921511411666870e-01,-8.920972794294357300e-02,-1.198260765522718430e-02,-6.742311716079711914e-01,-2.690607905387878418e-01,-1.181130781769752502e-01,1.032443523406982422e+00,-1.617269823327660561e-03,-1.996531710028648376e-02,-3.443481028079986572e-02,1.756192594766616821e-01,2.478625774383544922e-01,-1.451819390058517456e-01,-5.290840268135070801e-01,-9.659621864557266235e-02,-7.343763113021850586e-02,-2.114339470863342285e-01,3.539131581783294678e-01,-1.027853265404701233e-01,5.548479035496711731e-02,-8.472489565610885620e-02
-1.145147204399108887e+00,-1.551976799964904785e-01,8.316578269004821777e-01,9.423977695405483246e-03,-1.365261059254407883e-02,-5.439390540122985840e-01,-8.389607071876525879e-01,-1.120982393622398376e-01,3.237310424447059631e-02,2.023594081401824951e-01,1.917833238840103149e-01,-9.164002537727355957e-02,-1.282151509076356888e-02,-6.488237380981445312e-01,-2.694336771965026855e-01,-1.341584473848342896e-01,1.000918030738830566e+00,5.463975016027688980e-03,-2.013244666159152985e-02,-3.473319113254547119e-02,1.755542159080505371e-01,2.471394836902618408e-01,-1.454387903213500977e-01,-5.238489508628845215e-01,-9.122665971517562866e-02,-7.255519926548004150e-02,-2.112944275140762329e-01,3.519463837146759033e-01,-1.039730682969093323e-01,5.819237604737281799e-02,-8.364699780941009521e-02
-1.144255757331848145e+00,-1.549055725336074829e-01,8.314852714538574219e-01,8.387342095375061035e-03,-1.310641504824161530e-02,-5.411427021026611328e-01,-8.407868146896362305e-01,-1.080877259373664856e-01,3.289978206157684326e-02,2.079057842493057251e-01,1.927717775106430054e-01,-9.327428042888641357e-02,-1.369514968246221542e-02,-6.194034218788146973e-01,-2.680810093879699707e-01,-1.506743282079696655e-01,9.645273685455322266e-01,1.587321236729621887e-02,-1.914982125163078308e-02,-3.526199981570243835e-02,1.757954657077789307e-01,2.460905611515045166e-01,-1.452294588088989258e-01,-5.183759927749633789e-01,-8.572550117969512939e-02,-7.169671356678009033e-02,-2.110060453414916992e-01,3.503165245056152344e-01,-1.046480908989906311e-01,6.065465137362480164e-02,-8.225429058074951172e-02
-1.143223285675048828e+00,-1.545656770467758179e-01,8.313063383102416992e-01,7.384833879768848419e-03,-1.265491079539060593e-02,-5.383367538452148438e-01,-8.426024317741394043e-01,-1.045500785112380981e-01,3.361118584871292114e-02,2.137138843536376953e-01,1.942886859178543091e-01,-9.479869157075881958e-02,-1.492107007652521133e-02,-5.873433947563171387e-01,-2.651916146278381348e-01,-1.678818315267562866e-01,9.225212931632995605e-01,3.111982345581054688e-02,-1.478063780814409256e-02,-3.544074296951293945e-02,1.762366592884063721e-01,2.447578012943267822e-01,-1.446525454521179199e-01,-5.134397149085998535e-01,-8.048443496227264404e-02,-7.085620611906051636e-02,-2.105681151151657104e-01,3.490364849567413330e-01,-1.054254695773124695e-01,6.249138340353965759e-02,-8.053572475910186768e-02
-1.142035365104675293e+00,-1.540836989879608154e-01,8.310759067535400391e-01,6.933783181011676788e-03,-1.256892830133438110e-02,-5.357806086540222168e-01,-8.442352414131164551e-01,-1.027071774005889893e-01,3.489313274621963501e-02,2.176648080348968506e-01,1.970516443252563477e-01,-9.756057709455490112e-02,-1.600524038076400757e-02,-5.537154078483581543e-01,-2.596129477024078369e-01,-1.854223757982254028e-01,8.754138350486755371e-01,5.139453709125518799e-02,-9.321819059550762177e-03,-3.579207882285118103e-02,1.768768727779388428e-01,2.432139217853546143e-01,-1.439570188522338867e-01,-5.089957714080810547e-01,-7.573600113391876221e-02,-7.010988146066665649e-02,-2.100809067487716675e-01,3.483610451221466064e-01,-1.069189980626106262e-01,6.608636677265167236e-02,-7.868634164333343506e-02
-1.140724539756774902e+00,-1.536064743995666504e-01,8.307924866676330566e-01,6.540775299072265625e-03,-1.258104294538497925e-02,-5.333306193351745605e-01,-8.457880616188049316e-01,-1.021944209933280945e-01,3.668966516852378845e-02,2.218100726604461670e-01,2.019987702369689941e-01,-1.010009273886680603e-01,-1.765538565814495087e-02,-5.175111293792724609e-01,-2.522595226764678955e-01,-2.035665810108184814e-01,8.225030303001403809e-01,7.723458856344223022e-02,1.365986769087612629e-03,-3.593788295984268188e-02,1.776404827833175659e-01,2.415986955165863037e-01,-1.431823521852493286e-01,-5.051663517951965332e-01,-7.170645892620086670e-02,-6.952718645334243774e-02,-2.095143646001815796e-01,3.479785919189453125e-01,-1.091183722019195557e-01,6.942265480756759644e-02,-7.709950208663940430e-02
-1.138979554176330566e+00,-1.531521528959274292e-01,8.303837776184082031e-01,6.068773102015256882e-03,-1.222026720643043518e-02,-5.315736532211303711e-01,-8.469021916389465332e-01,-1.025903895497322083e-01,3.948450461030006409e-02,2.241687476634979248e-01,2.095142304897308350e-01,-1.056607365608215332e-01,-1.985356211662292480e-02,-4.776057898998260498e-01,-2.435742616653442383e-01,-2.239448577165603638e-01,7.647858262062072754e-01,1.073520705103874207e-01,1.262459531426429749e-02,-3.584678098559379578e-02,1.785721778869628906e-01,2.399080842733383179e-01,-1.425645500421524048e-01,-5.013805627822875977e-01,-6.893362104892730713e-02,-6.892699003219604492e-02,-2.088461220264434814e-01,3.475663065910339355e-01,-1.108868271112442017e-01,7.123693823814392090e-02,-7.583667337894439697e-02
-1.137425422668457031e+00,-1.530879884958267212e-01,8.298411369323730469e-01,5.074535962194204330e-03,-1.139131374657154083e-02,-5.289128422737121582e-01,-8.485845327377319336e-01,-1.023162230849266052e-01,4.205713048577308655e-02,2.273152917623519897e-01,2.184382975101470947e-01,-1.107519045472145081e-01,-2.183360047638416290e-02,-4.360880255699157715e-01,-2.351346462965011597e-01,-2.473640292882919312e-01,7.075151801109313965e-01,1.242044046521186829e-01,3.246822953224182129e-02,-3.442087769508361816e-02,1.799104362726211548e-01,2.380575686693191528e-01,-1.423858553171157837e-01,-4.968827962875366211e-01,-6.790751963853836060e-02,-6.821281462907791138e-02,-2.082235813140869141e-01,3.474837243556976318e-01,-1.122912764549255371e-01,7.391657680273056030e-02,-7.489414513111114502e-02
-1.135817885398864746e+00,-1.530980318784713745e-01,8.291456699371337891e-01,3.944313619285821915e-03,-1.046773605048656464e-02,-5.257326364517211914e-01,-8.505762815475463867e-01,-1.026464328169822693e-01,4.490414261817932129e-02,2.307334095239639282e-01,2.294868379831314087e-01,-1.166349574923515320e-01,-2.387919090688228607e-02,-3.943782448768615723e-01,-2.264159619808197021e-01,-2.740489840507507324e-01,6.541396379470825195e-01,1.077308431267738342e-01,4.800269752740859985e-02,-3.152361139655113220e-02,1.817317008972167969e-01,2.359814196825027466e-01,-1.429464071989059448e-01,-4.922133982181549072e-01,-6.950466334819793701e-02,-6.743770092725753784e-02,-2.076077312231063843e-01,3.474101126194000244e-01,-1.132230758666992188e-01,7.573821395635604858e-02,-7.442107051610946655e-02
-1.134061217308044434e+00,-1.533235907554626465e-01,8.282274603843688965e-01,2.678399672731757164e-03,-9.410956874489784241e-03,-5.226795673370361328e-01,-8.524730801582336426e-01,-1.053051501512527466e-01,4.821310192346572876e-02,2.318627834320068359e-01,2.450001686811447144e-01,-1.230987980961799622e-01,-2.599155716598033905e-02,-3.537645936012268066e-01,-2.171538621187210083e-01,-3.003117442131042480e-01,6.064425706863403320e-01,6.476683914661407471e-02,5.172822624444961548e-02,-2.773246914148330688e-02,1.838568150997161865e-01,2.337085157632827759e-01,-1.440535634756088257e-01,-4.883158802986145020e-01,-7.198838144540786743e-02,-6.665101647377014160e-02,-2.069327384233474731e-01,3.473146259784698486e-01,-1.149636283516883850e-01,7.698453962802886963e-02,-7.451325654983520508e-02
-1.132206916809082031e+00,-1.536745727062225342e-01,8.272660374641418457e-01,1.584475277923047543e-03,-7.947046309709548950e-03,-5.208753943443298340e-01,-8.535942435264587402e-01,-1.097327172756195068e-01,5.248028412461280823e-02,2.300043702125549316e-01,2.632377743721008301e-01,-1.300197541713714600e-01,-2.810509316623210907e-02,-3.136706054210662842e-01,-2.059825509786605835e-01,-3.222225010395050049e-01,5.612936615943908691e-01,1.896435767412185669e-02,4.644578322768211365e-02,-2.617992833256721497e-02,1.861629039049148560e-01,2.315379381179809570e-01,-1.456164270639419556e-01,-4.850740730762481689e-01,-7.520870864391326904e-02,-6.561393290758132935e-02,-2.062637507915496826e-01,3.471741080284118652e-01,-1.162283569574356079e-01,7.828428596258163452e-02,-7.512295246124267578e-02
-1.130092978477478027e+00,-1.541053652763366699e-01,8.266873955726623535e-01,1.578968804096803069e-04,-7.481677457690238953e-03,-5.188765525817871094e-01,-8.548164367675781250e-01,-1.179925799369812012e-01,5.572471395134925842e-02,2.266229540109634399e-01,2.850077450275421143e-01,-1.311782598495483398e-01,-3.011019714176654816e-02,-2.763495445251464844e-01,-1.953101456165313721e-01,-3.413457274436950684e-01,5.140373110771179199e-01,-1.672068238258361816e-02,4.677256196737289429e-02,-2.499696798622608185e-02,1.884768158197402954e-01,2.292018532752990723e-01,-1.475038230419158936e-01,-4.829218089580535889e-01,-7.865493744611740112e-02,-6.445095688104629517e-02,-2.058341205120086670e-01,3.471436798572540283e-01,-1.179462522268295288e-01,7.993827760219573975e-02,-7.593242824077606201e-02
-1.128053188323974609e+00,-1.545125395059585571e-01,8.260169625282287598e-01,-8.300447370857000351e-04,-7.566245272755622864e-03,-5.161389708518981934e-01,-8.564710021018981934e-01,-1.280786246061325073e-01,5.946218222379684448e-02,2.248015105724334717e-01,3.079276084899902344e-01,-1.328932046890258789e-01,-3.189809620380401611e-02,-2.422944903373718262e-01,-1.847685128450393677e-01,-3.630481362342834473e-01,4.673950374126434326e-01,-4.976716637611389160e-02,5.164010450243949890e-02,-2.272592112421989441e-02,1.904853880405426025e-01,2.267469316720962524e-01,-1.493818163871765137e-01,-4.825629293918609619e-01,-8.100857585668563843e-02,-6.350699067115783691e-02,-2.057409435510635376e-01,3.471533656120300293e-01,-1.207703873515129089e-01,8.157725632190704346e-02,-7.651513814926147461e-02
-1.126034379005432129e+00,-1.549834012985229492e-01,8.253241181373596191e-01,-1.291136140935122967e-03,-6.890508811920881271e-03,-5.141500234603881836e-01,-8.576716184616088867e-01,-1.385882645845413208e-01,6.492158025503158569e-02,2.206810414791107178e-01,3.323703408241271973e-01,-1.362107694149017334e-01,-3.335089609026908875e-02,-2.106493413448333740e-01,-1.725615411996841431e-01,-3.803583681583404541e-01,4.220418632030487061e-01,-7.511785626411437988e-02,5.059184134006500244e-02,-2.298847027122974396e-02,1.924479156732559204e-01,2.248487770557403564e-01,-1.514139175415039062e-01,-4.819746315479278564e-01,-8.356694877147674561e-02,-6.295263022184371948e-02,-2.056486755609512329e-01,3.471320867538452148e-01,-1.237103492021560669e-01,8.232198655605316162e-02,-7.672062516212463379e-02
-1.124041914939880371e+00,-1.555882245302200317e-01,8.246505856513977051e-01,-1.029985724017024040e-03,-5.263996776193380356e-03,-5.126804709434509277e-01,-8.585627079010009766e-01,-1.506205201148986816e-01,7.294147461652755737e-02,2.143947035074234009e-01,3.601543307304382324e-01,-1.403439193964004517e-01,-3.423164039850234985e-02,-1.806166619062423706e-01,-1.572670936584472656e-01,-3.928238749504089355e-01,3.772923648357391357e-01,-9.229771047830581665e-02,4.231337085366249084e-02,-2.402094379067420959e-02,1.943683475255966187e-01,2.235192507505416870e-01,-1.533067375421524048e-01,-4.812546670436859131e-01,-8.663289248943328857e-02,-6.203895062208175659e-02,-2.051692754030227661e-01,3.473960459232330322e-01,-1.269278675317764282e-01,8.371340483427047729e-02,-7.662147283554077148e-02
-1.122095465660095215e+00,-1.562843173742294312e-01,8.241916894912719727e-01,-4.660236008930951357e-04,-3.459245432168245316e-03,-5.104907751083374023e-01,-8.598761558532714844e-01,-1.645467132329940796e-01,8.217269182205200195e-02,2.077148854732513428e-01,3.908690512180328369e-01,-1.423430144786834717e-01,-3.338294476270675659e-02,-1.527550071477890015e-01,-1.402646452188491821e-01,-4.017080366611480713e-01,3.330207169055938721e-01,-1.023585125803947449e-01,3.388049826025962830e-02,-2.480814233422279358e-02,1.961083859205245972e-01,2.228421121835708618e-01,-1.544886380434036255e-01,-4.801518321037292480e-01,-8.914362639188766479e-02,-6.081983819603919983e-02,-2.042251825332641602e-01,3.479137420654296875e-01,-1.301795244216918945e-01,8.515366911888122559e-02,-7.609032094478607178e-02
-1.120330572128295898e+00,-1.570368260145187378e-01,8.240675330162048340e-01,2.901514817494899035e-04,-1.730260555632412434e-03,-5.083930492401123047e-01,-8.611233830451965332e-01,-1.787360757589340210e-01,9.142044186592102051e-02,2.021032571792602539e-01,4.205982089042663574e-01,-1.393842548131942749e-01,-3.219988942146301270e-02,-1.339113563299179077e-01,-1.259413063526153564e-01,-4.056343138217926025e-01,3.040177524089813232e-01,-1.111163422465324402e-01,2.233830466866493225e-02,-2.613423764705657959e-02,1.972668915987014771e-01,2.229690402746200562e-01,-1.548508107662200928e-01,-4.796038568019866943e-01,-9.000948071479797363e-02,-5.983306095004081726e-02,-2.029779106378555298e-01,3.486931920051574707e-01,-1.315602511167526245e-01,8.604453504085540771e-02,-7.560570538043975830e-02
-1.118462443351745605e+00,-1.579480916261672974e-01,8.240126371383666992e-01,1.133583136834204197e-03,-3.085153584834188223e-04,-5.059586167335510254e-01,-8.625569343566894531e-01,-1.973646879196166992e-01,1.013250350952148438e-01,1.970857530832290649e-01,4.554274678230285645e-01,-1.310714334249496460e-01,-3.126060962677001953e-02,-1.178850978612899780e-01,-1.125724986195564270e-01,-4.052276611328125000e-01,2.779759466648101807e-01,-1.225929558277130127e-01,2.053121104836463928e-02,-2.755869925022125244e-02,1.982351988554000854e-01,2.230363488197326660e-01,-1.546221673488616943e-01,-4.790783226490020752e-01,-9.035445749759674072e-02,-5.886557698249816895e-02,-2.016702890396118164e-01,3.499960601329803467e-01,-1.331599950790405273e-01,8.739678561687469482e-02,-7.487237453460693359e-02
-1.116579651832580566e+00,-1.589720100164413452e-01,8.239940404891967773e-01,1.681120367720723152e-03,9.957880247384309769e-04,-5.032494664192199707e-01,-8.641389608383178711e-01,-2.193088531494140625e-01,1.115375459194183350e-01,1.929315179586410522e-01,4.953000843524932861e-01,-1.171435415744781494e-01,-2.674466930329799652e-02,-1.056774854660034180e-01,-1.025084406137466431e-01,-4.005887210369110107e-01,2.561444342136383057e-01,-1.162849739193916321e-01,3.533248975872993469e-02,-2.902584150433540344e-02,1.989277899265289307e-01,2.226983457803726196e-01,-1.537251621484756470e-01,-4.786425828933715820e-01,-8.996763825416564941e-02,-5.803440138697624207e-02,-2.007083147764205933e-01,3.517365157604217529e-01,-1.348360925912857056e-01,8.906483650207519531e-02,-7.392048835754394531e-02
-1.114776134490966797e+00,-1.599137932062149048e-01,8.243039846420288086e-01,2.786667086184024811e-03,1.789493835531175137e-03,-5.005654692649841309e-01,-8.656923770904541016e-01,-2.455397993326187134e-01,1.226755082607269287e-01,1.894530504941940308e-01,5.384060144424438477e-01,-9.822343289852142334e-02,-2.079497464001178741e-02,-9.730818122625350952e-02,-9.215265512466430664e-02,-3.934814035892486572e-01,2.372138500213623047e-01,-1.077705323696136475e-01,3.752684965729713440e-02,-3.019832260906696320e-02,1.992460787296295166e-01,2.226479202508926392e-01,-1.520901173353195190e-01,-4.784106910228729248e-01,-8.913603425025939941e-02,-5.727066844701766968e-02,-1.993217170238494873e-01,3.539422154426574707e-01,-1.367952376604080200e-01,9.091658890247344971e-02,-7.274936884641647339e-02
-1.113202214241027832e+00,-1.610050648450851440e-01,8.248351812362670898e-01,3.958454821258783340e-03,2.671081805601716042e-03,-4.968090057373046875e-01,-8.678467869758605957e-01,-2.755398452281951904e-01,1.352843344211578369e-01,1.849179565906524658e-01,5.860059261322021484e-01,-7.055021077394485474e-02,-1.103674713522195816e-02,-9.012882411479949951e-02,-8.152935653924942017e-02,-3.871294260025024414e-01,2.190950512886047363e-01,-9.907160699367523193e-02,3.135054185986518860e-02,-2.821069583296775818e-02,1.994790881872177124e-01,2.228796333074569702e-01,-1.500350385904312134e-01,-4.780490398406982422e-01,-8.818885684013366699e-02,-5.652950331568717957e-02,-1.976003199815750122e-01,3.564466536045074463e-01,-1.386530548334121704e-01,9.272909909486770630e-02,-7.143427431583404541e-02
-1.111504197120666504e+00,-1.620145440101623535e-01,8.255191445350646973e-01,5.086866207420825958e-03,3.555380273610353470e-03,-4.919477105140686035e-01,-8.706026077270507812e-01,-3.083355724811553955e-01,1.483442038297653198e-01,1.779991984367370605e-01,6.351855993270874023e-01,-3.771051391959190369e-02,-1.913172425702214241e-03,-8.191376924514770508e-02,-7.041785120964050293e-02,-3.825469017028808594e-01,1.996861547231674194e-01,-9.032537788152694702e-02,2.077102847397327423e-02,-2.379147335886955261e-02,1.995211839675903320e-01,2.233689427375793457e-01,-1.476358473300933838e-01,-4.778011143207550049e-01,-8.713492006063461304e-02,-5.589316040277481079e-02,-1.955039799213409424e-01,3.591757714748382568e-01,-1.405234485864639282e-01,9.449110180139541626e-02,-7.001823186874389648e-02
-1.109852671623229980e+00,-1.630149781703948975e-01,8.261466026306152344e-01,5.638236179947853088e-03,4.375912714749574661e-03,-4.874868094921112061e-01,-8.731011748313903809e-01,-3.427013754844665527e-01,1.609498560428619385e-01,1.713424324989318848e-01,6.866845488548278809e-01,3.325324214529246092e-04,7.167248055338859558e-03,-7.186226546764373779e-02,-6.194208189845085144e-02,-3.807269334793090820e-01,1.795483529567718506e-01,-7.512047886848449707e-02,2.123271115124225616e-02,-1.879704929888248444e-02,1.992550492286682129e-01,2.237247079610824585e-01,-1.450027227401733398e-01,-4.778465926647186279e-01,-8.593909442424774170e-02,-5.527855455875396729e-02,-1.935201883316040039e-01,3.621013164520263672e-01,-1.421732902526855469e-01,9.629103541374206543e-02,-6.853232532739639282e-02
-1.108175396919250488e+00,-1.639409810304641724e-01,8.266209959983825684e-01,5.696986801922321320e-03,5.150660406798124313e-03,-4.835782945156097412e-01,-8.752673864364624023e-01,-3.788957595825195312e-01,1.729694157838821411e-01,1.640802621841430664e-01,7.392845153808593750e-01,4.133714362978935242e-02,1.711719855666160583e-02,-6.686069071292877197e-02,-5.571023747324943542e-02,-3.798496127128601074e-01,1.640690714120864868e-01,-5.996131896972656250e-02,2.201298810541629791e-02,-1.528231333941221237e-02,1.988169103860855103e-01,2.238809764385223389e-01,-1.423592716455459595e-01,-4.781935513019561768e-01,-8.467362821102142334e-02,-5.461224168539047241e-02,-1.917330175638198853e-01,3.651193678379058838e-01,-1.434848010540008545e-01,9.806580096483230591e-02,-6.705889850854873657e-02
-1.106661915779113770e+00,-1.649362295866012573e-01,8.268837332725524902e-01,5.654365289956331253e-03,5.309392232447862625e-03,-4.795252978801727295e-01,-8.774937987327575684e-01,-4.180986583232879639e-01,1.836924701929092407e-01,1.538669019937515259e-01,7.918845415115356445e-01,7.970666140317916870e-02,3.114701807498931885e-02,-5.993198975920677185e-02,-5.055815726518630981e-02,-3.779579401016235352e-01,1.506837606430053711e-01,-5.404816195368766785e-02,2.144616097211837769e-02,-1.139498595148324966e-02,1.980529278516769409e-01,2.236463278532028198e-01,-1.398956030607223511e-01,-4.792146682739257812e-01,-8.340019732713699341e-02,-5.400909855961799622e-02,-1.901800036430358887e-01,3.683132529258728027e-01,-1.446983814239501953e-01,9.989020228385925293e-02,-6.555387377738952637e-02
-1.105205774307250977e+00,-1.658694744110107422e-01,8.269513249397277832e-01,5.632598884403705597e-03,5.465920083224773407e-03,-4.754491746425628662e-01,-8.797081708908081055e-01,-4.585781991481781006e-01,1.934692859649658203e-01,1.420153975486755371e-01,8.444845080375671387e-01,1.101316362619400024e-01,5.031063780188560486e-02,-5.591732263565063477e-02,-4.575575515627861023e-02,-3.754650950431823730e-01,1.409844011068344116e-01,-5.277686193585395813e-02,2.107535488903522491e-02,-8.653354831039905548e-03,1.971434205770492554e-01,2.233420461416244507e-01,-1.378493010997772217e-01,-4.808585643768310547e-01,-8.243352174758911133e-02,-5.358962714672088623e-02,-1.886410117149353027e-01,3.716753721237182617e-01,-1.460630446672439575e-01,1.017523035407066345e-01,-6.401605904102325439e-02
-1.103869080543518066e+00,-1.666891574859619141e-01,8.269740343093872070e-01,5.944011267274618149e-03,5.134391132742166519e-03,-4.715465605258941650e-01,-8.818061947822570801e-01,-4.977130591869354248e-01,2.014263123273849487e-01,1.290277093648910522e-01,8.915674686431884766e-01,1.325258463621139526e-01,7.152894884347915649e-02,-5.273906886577606201e-02,-4.123850911855697632e-02,-3.719891309738159180e-01,1.329900771379470825e-01,-5.332189425826072693e-02,2.033108472824096680e-02,-6.604267749935388565e-03,1.961558759212493896e-01,2.227341085672378540e-01,-1.362598389387130737e-01,-4.832269549369812012e-01,-8.172419667243957520e-02,-5.359259247779846191e-02,-1.873503476381301880e-01,3.752683997154235840e-01,-1.479337811470031738e-01,1.037431880831718445e-01,-6.239626556634902954e-02
-1.102631211280822754e+00,-1.673568189144134521e-01,8.269779682159423828e-01,6.487047765403985977e-03,4.768473561853170395e-03,-4.678865969181060791e-01,-8.837518095970153809e-01,-5.335783958435058594e-01,2.080306857824325562e-01,1.160426065325737000e-01,9.322661757469177246e-01,1.447082012891769409e-01,8.754789829254150391e-02,-5.258620902895927429e-02,-3.700018301606178284e-02,-3.675322234630584717e-01,1.276525259017944336e-01,-5.386271700263023376e-02,1.790932752192020416e-02,-6.285892333835363388e-03,1.951966136693954468e-01,2.220111340284347534e-01,-1.351713836193084717e-01,-4.864059388637542725e-01,-8.141797780990600586e-02,-5.404470115900039673e-02,-1.862604022026062012e-01,3.791334927082061768e-01,-1.505344212055206299e-01,1.058878153562545776e-01,-6.067079305648803711e-02
-1.101486206054687500e+00,-1.679122149944305420e-01,8.269866108894348145e-01,7.261506281793117523e-03,4.003639798611402512e-03,-4.641895890235900879e-01,-8.856970667839050293e-01,-5.665943026542663574e-01,2.122544497251510620e-01,1.022008433938026428e-01,9.674370288848876953e-01,1.434486210346221924e-01,9.609888494014739990e-02,-5.561343207955360413e-02,-3.324984014034271240e-02,-3.613326549530029297e-01,1.245039105415344238e-01,-5.418090522289276123e-02,1.530136354267597198e-02,-6.630884949117898941e-03,1.944379955530166626e-01,2.213313728570938110e-01,-1.345616430044174194e-01,-4.901939630508422852e-01,-8.158800750970840454e-02,-5.498166382312774658e-02,-1.854539066553115845e-01,3.832499384880065918e-01,-1.539985537528991699e-01,1.081685274839401245e-01,-5.884791165590286255e-02
-1.100492715835571289e+00,-1.683809757232666016e-01,8.269789814949035645e-01,7.655994500964879990e-03,3.401799127459526062e-03,-4.604338705539703369e-01,-8.876544833183288574e-01,-5.960523486137390137e-01,2.144520282745361328e-01,8.866898715496063232e-02,9.998971223831176758e-01,1.296837180852890015e-01,9.917420893907546997e-02,-5.787257850170135498e-02,-3.083672188222408295e-02,-3.544197976589202881e-01,1.232727766036987305e-01,-5.388275161385536194e-02,1.573810912668704987e-02,-7.332445122301578522e-03,1.940508186817169189e-01,2.206844836473464966e-01,-1.345180720090866089e-01,-4.941501915454864502e-01,-8.243952691555023193e-02,-5.629125609993934631e-02,-1.852326989173889160e-01,3.875241279602050781e-01,-1.579777896404266357e-01,1.105540469288825989e-01,-5.696108564734458923e-02
-1.099582314491271973e+00,-1.686666756868362427e-01,8.270178437232971191e-01,7.855492644011974335e-03,2.911810530349612236e-03,-4.563619196414947510e-01,-8.897547721862792969e-01,-6.226902008056640625e-01,2.140047997236251831e-01,7.354937493801116943e-02,1.028182029724121094e+00,1.105454638600349426e-01,1.019208878278732300e-01,-5.949587002396583557e-02,-2.865006960928440094e-02,-3.456667661666870117e-01,1.217546612024307251e-01,-5.298797041177749634e-02,1.577010564506053925e-02,-7.940630428493022919e-03,1.941059827804565430e-01,2.202150374650955200e-01,-1.348142325878143311e-01,-4.976725578308105469e-01,-8.384309709072113037e-02,-5.793419107794761658e-02,-1.855240315198898315e-01,3.918628692626953125e-01,-1.622977256774902344e-01,1.130268573760986328e-01,-5.513589456677436829e-02
-1.098655462265014648e+00,-1.686796844005584717e-01,8.271501064300537109e-01,7.949981838464736938e-03,2.494994783774018288e-03,-4.522111415863037109e-01,-8.918719887733459473e-01,-6.464581489562988281e-01,2.111804932355880737e-01,5.714113637804985046e-02,1.053150892257690430e+00,8.654647320508956909e-02,1.105911880731582642e-01,-6.107306852936744690e-02,-2.651089802384376526e-02,-3.364586830139160156e-01,1.197999566793441772e-01,-5.141410604119300842e-02,1.404226664453744888e-02,-8.497337810695171356e-03,1.945238709449768066e-01,2.198131233453750610e-01,-1.351325213909149170e-01,-5.006987452507019043e-01,-8.540589362382888794e-02,-5.984644219279289246e-02,-1.864568144083023071e-01,3.960488140583038330e-01,-1.666200160980224609e-01,1.154545471072196960e-01,-5.329934135079383850e-02
-1.097770333290100098e+00,-1.687146574258804321e-01,8.273062109947204590e-01,7.598134689033031464e-03,2.263209316879510880e-03,-4.483582377433776855e-01,-8.938187956809997559e-01,-6.664286851882934570e-01,2.061225622892379761e-01,4.125065356492996216e-02,1.073863148689270020e+00,5.997398495674133301e-02,1.153215914964675903e-01,-6.156178191304206848e-02,-2.533625438809394836e-02,-3.281069993972778320e-01,1.184023618698120117e-01,-5.049201846122741699e-02,1.348417252302169800e-02,-9.846391156315803528e-03,1.953364014625549316e-01,2.193914353847503662e-01,-1.352887004613876343e-01,-5.030953884124755859e-01,-8.698754757642745972e-02,-6.195788830518722534e-02,-1.880579590797424316e-01,3.996811807155609131e-01,-1.706599295139312744e-01,1.173446625471115112e-01,-5.139143392443656921e-02
-1.096876144409179688e+00,-1.686445027589797974e-01,8.275381922721862793e-01,6.952037103474140167e-03,1.786655862815678120e-03,-4.447132647037506104e-01,-8.956442475318908691e-01,-6.830874085426330566e-01,1.983364373445510864e-01,2.520187571644783020e-02,1.090109705924987793e+00,3.375669941306114197e-02,1.173373982310295105e-01,-6.205402314662933350e-02,-2.525804005563259125e-02,-3.205295205116271973e-01,1.173169240355491638e-01,-4.992228746414184570e-02,1.385374274104833603e-02,-1.122457813471555710e-02,1.964798718690872192e-01,2.188072353601455688e-01,-1.351622790098190308e-01,-5.048079490661621094e-01,-8.834540098905563354e-02,-6.414151191711425781e-02,-1.901764124631881714e-01,4.027268290519714355e-01,-1.741601824760437012e-01,1.185906156897544861e-01,-4.945139959454536438e-02
-1.096064329147338867e+00,-1.683924198150634766e-01,8.278149962425231934e-01,6.081100553274154663e-03,1.152842305600643158e-03,-4.415127635002136230e-01,-8.972336053848266602e-01,-6.968560218811035156e-01,1.884466111660003662e-01,9.746896103024482727e-03,1.102308154106140137e+00,9.629999287426471710e-03,1.157416924834251404e-01,-6.191508099436759949e-02,-2.619556151330471039e-02,-3.140113949775695801e-01,1.164544895291328430e-01,-5.001667141914367676e-02,1.513601280748844147e-02,-1.310834474861621857e-02,1.978463083505630493e-01,2.178374677896499634e-01,-1.347216963768005371e-01,-5.058565735816955566e-01,-8.924909681081771851e-02,-6.649556756019592285e-02,-1.927146762609481812e-01,4.050152599811553955e-01,-1.771030873060226440e-01,1.190203204751014709e-01,-4.752449318766593933e-02
-1.095153212547302246e+00,-1.679652631282806396e-01,8.281089663505554199e-01,5.016108974814414978e-03,2.983643207699060440e-04,-4.382678866386413574e-01,-8.988303542137145996e-01,-7.077313661575317383e-01,1.770244389772415161e-01,-5.313089583069086075e-03,1.111466646194458008e+00,-1.293983589857816696e-02,1.108729615807533264e-01,-6.289879232645034790e-02,-2.811710163950920105e-02,-3.084420263767242432e-01,1.166032627224922180e-01,-5.016830563545227051e-02,1.682086102664470673e-02,-1.586907543241977692e-02,1.993410885334014893e-01,2.164307087659835815e-01,-1.339736133813858032e-01,-5.062954425811767578e-01,-8.960165828466415405e-02,-6.917120516300201416e-02,-1.954454332590103149e-01,4.063156247138977051e-01,-1.796261370182037354e-01,1.183099448680877686e-01,-4.567048698663711548e-02
-1.094323873519897461e+00,-1.674542725086212158e-01,8.284748792648315430e-01,4.026957321912050247e-03,-1.089809695258736610e-03,-4.351549446582794189e-01,-9.003459215164184570e-01,-7.168254256248474121e-01,1.636812984943389893e-01,-1.994336396455764771e-02,1.116173505783081055e+00,-3.101022168993949890e-02,1.056653782725334167e-01,-6.244707107543945312e-02,-3.035595826804637909e-02,-3.023867607116699219e-01,1.167330071330070496e-01,-5.244718492031097412e-02,1.813378743827342987e-02,-1.842118240892887115e-02,2.007173746824264526e-01,2.145112603902816772e-01,-1.329820603132247925e-01,-5.064696073532104492e-01,-8.936554193496704102e-02,-7.233712822198867798e-02,-1.981561779975891113e-01,4.064733982086181641e-01,-1.820261329412460327e-01,1.162519976496696472e-01,-4.395392537117004395e-02
-1.093614578247070312e+00,-1.667182892560958862e-01,8.288550972938537598e-01,3.072660416364669800e-03,-2.436063718050718307e-03,-4.321827590465545654e-01,-9.017775058746337891e-01,-7.240384817123413086e-01,1.482165157794952393e-01,-3.619347140192985535e-02,1.118922829627990723e+00,-4.985119774937629700e-02,1.001177877187728882e-01,-6.930842250585556030e-02,-3.347119688987731934e-02,-2.953709661960601807e-01,1.208919212222099304e-01,-5.197001993656158447e-02,1.733690313994884491e-02,-2.279119379818439484e-02,2.021979987621307373e-01,2.118737250566482544e-01,-1.317428499460220337e-01,-5.061156749725341797e-01,-8.844412863254547119e-02,-7.639931142330169678e-02,-2.010286897420883179e-01,4.053355753421783447e-01,-1.848158538341522217e-01,1.121708825230598450e-01,-4.207467287778854370e-02
-1.093238830566406250e+00,-1.659376174211502075e-01,8.291689753532409668e-01,1.595053588971495628e-03,-3.175225807353854179e-03,-4.285013973712921143e-01,-9.035341143608093262e-01,-7.266203761100769043e-01,1.322961300611495972e-01,-5.078113451600074768e-02,1.118463873863220215e+00,-6.774960458278656006e-02,9.673863649368286133e-02,-7.240267097949981689e-02,-3.754541277885437012e-02,-2.878867685794830322e-01,1.267714947462081909e-01,-5.491971224546432495e-02,1.776044815778732300e-02,-2.571095339953899384e-02,2.038754820823669434e-01,2.079178541898727417e-01,-1.298486441373825073e-01,-5.052455067634582520e-01,-8.662094175815582275e-02,-8.115073293447494507e-02,-2.052836120128631592e-01,4.045233130455017090e-01,-1.880418956279754639e-01,1.037181839346885681e-01,-3.934075310826301575e-02
-1.092889547348022461e+00,-1.651763617992401123e-01,8.296069502830505371e-01,-8.872827747836709023e-04,-2.917546778917312622e-03,-4.241398572921752930e-01,-9.055915474891662598e-01,-7.219442129135131836e-01,1.161969006061553955e-01,-6.301526725292205811e-02,1.112764835357666016e+00,-8.534158766269683838e-02,9.076343476772308350e-02,-7.451258599758148193e-02,-4.279842600226402283e-02,-2.798923552036285400e-01,1.335245668888092041e-01,-5.719969421625137329e-02,1.794945262372493744e-02,-2.748415991663932800e-02,2.057493776082992554e-01,2.039787471294403076e-01,-1.285346597433090210e-01,-5.034236907958984375e-01,-8.561280369758605957e-02,-8.513972908258438110e-02,-2.090647220611572266e-01,4.037854671478271484e-01,-1.889164298772811890e-01,9.704042971134185791e-02,-3.711375594139099121e-02
-1.092580199241638184e+00,-1.642454415559768677e-01,8.298512697219848633e-01,-2.462950302287936211e-03,-3.143935464322566986e-03,-4.191100001335144043e-01,-9.079266786575317383e-01,-7.177315950393676758e-01,1.008471325039863586e-01,-7.654401659965515137e-02,1.105406522750854492e+00,-1.015761569142341614e-01,8.047119528055191040e-02,-7.665902376174926758e-02,-4.629329591989517212e-02,-2.706985473632812500e-01,1.374202370643615723e-01,-5.839435383677482605e-02,1.824682205915451050e-02,-2.918424084782600403e-02,2.077096849679946899e-01,2.000150084495544434e-01,-1.278241276741027832e-01,-5.016788244247436523e-01,-8.549612760543823242e-02,-8.882358670234680176e-02,-2.125065773725509644e-01,4.033995568752288818e-01,-1.895948648452758789e-01,9.201668202877044678e-02,-3.494286164641380310e-02
-1.092491149902343750e+00,-1.632840782403945923e-01,8.299248814582824707e-01,-3.844480263069272041e-03,-2.116752089932560921e-03,-4.139990210533142090e-01,-9.102667570114135742e-01,-7.101420164108276367e-01,8.697363734245300293e-02,-8.981056511402130127e-02,1.096661329269409180e+00,-1.185896992683410645e-01,7.197335362434387207e-02,-7.597992569208145142e-02,-4.830555245280265808e-02,-2.612593173980712891e-01,1.404014080762863159e-01,-5.923991277813911438e-02,1.869047246873378754e-02,-3.046660684049129486e-02,2.099638134241104126e-01,1.962863206863403320e-01,-1.274453997611999512e-01,-4.991962909698486328e-01,-8.618443459272384644e-02,-9.171026945114135742e-02,-2.157351076602935791e-01,4.039708673954010010e-01,-1.893138289451599121e-01,8.958397060632705688e-02,-3.280085325241088867e-02
-1.092283368110656738e+00,-1.619885116815567017e-01,8.299757838249206543e-01,-4.702720791101455688e-03,-1.702136127278208733e-03,-4.083506762981414795e-01,-9.128114581108093262e-01,-7.018411755561828613e-01,7.273016124963760376e-02,-1.045099869370460510e-01,1.085336208343505859e+00,-1.332746893167495728e-01,6.118197739124298096e-02,-7.592453062534332275e-02,-4.947100207209587097e-02,-2.499348968267440796e-01,1.412346065044403076e-01,-5.904021859169006348e-02,1.917666569352149963e-02,-3.150139376521110535e-02,2.122692912817001343e-01,1.929304003715515137e-01,-1.271908432245254517e-01,-4.968235790729522705e-01,-8.733225613832473755e-02,-9.402122348546981812e-02,-2.185232639312744141e-01,4.055083394050598145e-01,-1.893892437219619751e-01,8.929876238107681274e-02,-3.049231693148612976e-02
-1.092235326766967773e+00,-1.605805903673171997e-01,8.299731612205505371e-01,-5.038680043071508408e-03,-1.366618787869811058e-03,-4.022613167762756348e-01,-9.155099987983703613e-01,-6.921421885490417480e-01,5.906066298484802246e-02,-1.196799501776695251e-01,1.071172237396240234e+00,-1.475755125284194946e-01,4.838493838906288147e-02,-7.615751773118972778e-02,-4.971339181065559387e-02,-2.378984987735748291e-01,1.409056037664413452e-01,-5.797350779175758362e-02,1.977667585015296936e-02,-3.165590018033981323e-02,2.144437134265899658e-01,1.899934411048889160e-01,-1.269150972366333008e-01,-4.950263798236846924e-01,-8.882123976945877075e-02,-9.592019766569137573e-02,-2.208316028118133545e-01,4.079016149044036865e-01,-1.902378797531127930e-01,9.057458490133285522e-02,-2.790542878210544586e-02
-1.092302799224853516e+00,-1.590634882450103760e-01,8.299246430397033691e-01,-5.226814188063144684e-03,-8.717803284525871277e-04,-3.957804441452026367e-01,-9.183298945426940918e-01,-6.801249980926513672e-01,4.521946981549263000e-02,-1.357044875621795654e-01,1.054146051406860352e+00,-1.605185866355895996e-01,3.288237378001213074e-02,-7.651618868112564087e-02,-4.972438514232635498e-02,-2.250934243202209473e-01,1.409856081008911133e-01,-5.697520077228546143e-02,2.053792215883731842e-02,-3.139635920524597168e-02,2.165282964706420898e-01,1.874957382678985596e-01,-1.264134794473648071e-01,-4.936417043209075928e-01,-9.040319174528121948e-02,-9.739810973405838013e-02,-2.227489650249481201e-01,4.111554324626922607e-01,-1.919191628694534302e-01,9.323182702064514160e-02,-2.493676356971263885e-02
-1.092210769653320312e+00,-1.574281752109527588e-01,8.298210501670837402e-01,-5.103585310280323029e-03,-5.529986228793859482e-04,-3.890973329544067383e-01,-9.211823344230651855e-01,-6.670765280723571777e-01,3.146158903837203979e-02,-1.532572507858276367e-01,1.034797787666320801e+00,-1.701959669589996338e-01,1.524912007153034210e-02,-7.719757407903671265e-02,-4.911957681179046631e-02,-2.117272168397903442e-01,1.407847255468368530e-01,-5.600695312023162842e-02,2.125020697712898254e-02,-3.006331436336040497e-02,2.185426205396652222e-01,1.855095326900482178e-01,-1.256267726421356201e-01,-4.924779832363128662e-01,-9.193825721740722656e-02,-9.834564477205276489e-02,-2.244526445865631104e-01,4.148397445678710938e-01,-1.929222345352172852e-01,9.623411297798156738e-02,-2.171497792005538940e-02
-1.092067003250122070e+00,-1.553591042757034302e-01,8.297412991523742676e-01,-4.888913594186306000e-03,-2.042691339738667011e-04,-3.816738426685333252e-01,-9.242841005325317383e-01,-6.508638262748718262e-01,1.816209964454174042e-02,-1.705969274044036865e-01,1.012222647666931152e+00,-1.796564459800720215e-01,-3.585067111998796463e-03,-7.791584730148315430e-02,-4.855283349752426147e-02,-1.968988031148910522e-01,1.407306343317031860e-01,-5.512976646423339844e-02,2.231130935251712799e-02,-2.974556945264339447e-02,2.205849885940551758e-01,1.838509440422058105e-01,-1.243057399988174438e-01,-4.911355376243591309e-01,-9.279706329107284546e-02,-9.922903776168823242e-02,-2.258044481277465820e-01,4.188840389251708984e-01,-1.945807337760925293e-01,9.946780651807785034e-02,-1.826737448573112488e-02
-1.091918945312500000e+00,-1.535421460866928101e-01,8.296787142753601074e-01,-4.825657233595848083e-03,8.633182733319699764e-05,-3.745138943195343018e-01,-9.272087216377258301e-01,-6.330119371414184570e-01,5.100542679429054260e-03,-1.883295029401779175e-01,9.862098097801208496e-01,-1.853913068771362305e-01,-2.428787760436534882e-02,-7.925667613744735718e-02,-4.816643521189689636e-02,-1.820705533027648926e-01,1.414674520492553711e-01,-5.449073016643524170e-02,2.313834615051746368e-02,-2.865628153085708618e-02,2.225016504526138306e-01,1.824145615100860596e-01,-1.224165111780166626e-01,-4.900017380714416504e-01,-9.291063994169235229e-02,-9.991459548473358154e-02,-2.269452363252639771e-01,4.229855537414550781e-01,-1.961728185415267944e-01,1.021641939878463745e-01,-1.474975794553756714e-02
-1.091857194900512695e+00,-1.517727971076965332e-01,8.295848369598388672e-01,-4.696435295045375824e-03,2.570808283053338528e-04,-3.673153817653656006e-01,-9.300845861434936523e-01,-6.136222481727600098e-01,-7.657254114747047424e-03,-2.070066630840301514e-01,9.568742513656616211e-01,-1.911115497350692749e-01,-4.383006691932678223e-02,-8.092190325260162354e-02,-4.783401265740394592e-02,-1.674540191888809204e-01,1.419925987720489502e-01,-5.360465124249458313e-02,2.405391447246074677e-02,-2.708830498158931732e-02,2.245007157325744629e-01,1.812026798725128174e-01,-1.204899325966835022e-01,-4.888972640037536621e-01,-9.306953102350234985e-02,-1.005406677722930908e-01,-2.279617339372634888e-01,4.267433881759643555e-01,-1.973084658384323120e-01,1.037607416510581970e-01,-1.136890612542629242e-02
-1.091779828071594238e+00,-1.497553735971450806e-01,8.294767141342163086e-01,-4.437714349478483200e-03,6.252048187889158726e-04,-3.598060011863708496e-01,-9.330163598060607910e-01,-5.922926068305969238e-01,-1.907830499112606049e-02,-2.253052443265914917e-01,9.253454804420471191e-01,-1.963672786951065063e-01,-6.307296454906463623e-02,-8.232814818620681763e-02,-4.742037132382392883e-02,-1.532167345285415649e-01,1.429093629121780396e-01,-5.301476269960403442e-02,2.526520192623138428e-02,-2.644147723913192749e-02,2.263911664485931396e-01,1.801456212997436523e-01,-1.182109788060188293e-01,-4.880429804325103760e-01,-9.271270036697387695e-02,-1.011270806193351746e-01,-2.288782000541687012e-01,4.302595555782318115e-01,-1.980072408914566040e-01,1.046750321984291077e-01,-7.881100289523601532e-03
-1.091852188110351562e+00,-1.478985995054244995e-01,8.291664123535156250e-01,-4.019552376121282578e-03,1.215556054376065731e-03,-3.531232774257659912e-01,-9.355673789978027344e-01,-5.692835450172424316e-01,-2.970513328909873962e-02,-2.447425425052642822e-01,8.907429575920104980e-01,-1.987548172473907471e-01,-8.261159062385559082e-02,-8.393793553113937378e-02,-4.674530029296875000e-02,-1.403180062770843506e-01,1.450152695178985596e-01,-5.304154753684997559e-02,2.650988288223743439e-02,-2.481613308191299438e-02,2.283822149038314819e-01,1.795432567596435547e-01,-1.160907223820686340e-01,-4.867408871650695801e-01,-9.331849962472915649e-02,-1.018356233835220337e-01,-2.295407652854919434e-01,4.330032169818878174e-01,-1.985584348440170288e-01,1.038103699684143066e-01,-4.923806525766849518e-03
-1.092007160186767578e+00,-1.456195712089538574e-01,8.288011550903320312e-01,-3.180355066433548927e-03,1.819666242226958275e-03,-3.458933532238006592e-01,-9.382666945457458496e-01,-5.468499660491943359e-01,-3.887623175978660583e-02,-2.640944719314575195e-01,8.560985922813415527e-01,-2.006173729896545410e-01,-9.911265969276428223e-02,-8.645750582218170166e-02,-4.574650898575782776e-02,-1.267410218715667725e-01,1.481890827417373657e-01,-5.347863212227821350e-02,2.822208218276500702e-02,-2.506000548601150513e-02,2.301768064498901367e-01,1.792660206556320190e-01,-1.138099208474159241e-01,-4.859501421451568604e-01,-9.414943307638168335e-02,-1.026508137583732605e-01,-2.299474030733108521e-01,4.352740645408630371e-01,-1.994128376245498657e-01,1.017869338393211365e-01,-2.248365897685289383e-03
-1.092202544212341309e+00,-1.435047388076782227e-01,8.283365368843078613e-01,-2.100466517731547356e-03,2.496627159416675568e-03,-3.387854695320129395e-01,-9.408580064773559570e-01,-5.241957902908325195e-01,-4.641885310411453247e-02,-2.837399840354919434e-01,8.201914429664611816e-01,-1.997448801994323730e-01,-1.135414764285087585e-01,-8.905659615993499756e-02,-4.407903552055358887e-02,-1.135608330368995667e-01,1.513457298278808594e-01,-5.387431010603904724e-02,2.980146743357181549e-02,-2.450168691575527191e-02,2.320113480091094971e-01,1.794443875551223755e-01,-1.115127652883529663e-01,-4.848743677139282227e-01,-9.560021758079528809e-02,-1.035045534372329712e-01,-2.301037758588790894e-01,4.369874894618988037e-01,-2.002010345458984375e-01,9.853858500719070435e-02,-1.208580579259432852e-04
-1.092335224151611328e+00,-1.410862058401107788e-01,8.279440999031066895e-01,-1.494904281571507454e-03,3.198493970558047295e-03,-3.311110138893127441e-01,-9.435852169990539551e-01,-4.987517893314361572e-01,-5.274045094847679138e-02,-3.007601201534271240e-01,7.808449864387512207e-01,-1.977057158946990967e-01,-1.250403374433517456e-01,-9.199962764978408813e-02,-4.358448833227157593e-02,-9.934177249670028687e-02,1.558653116226196289e-01,-5.494908988475799561e-02,3.173498064279556274e-02,-2.414997853338718414e-02,2.339049279689788818e-01,1.798157989978790283e-01,-1.090960204601287842e-01,-4.833318889141082764e-01,-9.712249040603637695e-02,-1.045530959963798523e-01,-2.299496680498123169e-01,4.381819367408752441e-01,-2.014522999525070190e-01,9.404326230287551880e-02,1.474440447054803371e-03
-1.092598676681518555e+00,-1.387959420680999756e-01,8.275216221809387207e-01,-7.248732144944369793e-04,3.974201157689094543e-03,-3.233008682727813721e-01,-9.462876319885253906e-01,-4.727046191692352295e-01,-5.707839503884315491e-02,-3.171132504940032959e-01,7.393609881401062012e-01,-1.918770223855972290e-01,-1.361128985881805420e-01,-9.479224681854248047e-02,-4.254663363099098206e-02,-8.493746072053909302e-02,1.596693545579910278e-01,-5.547896772623062134e-02,3.360470384359359741e-02,-2.342696301639080048e-02,2.359272688627243042e-01,1.804444342851638794e-01,-1.069145277142524719e-01,-4.813290834426879883e-01,-9.962896257638931274e-02,-1.053603589534759521e-01,-2.298038303852081299e-01,4.394207894802093506e-01,-2.017176300287246704e-01,9.035340696573257446e-02,2.538688713684678078e-03
-1.093276381492614746e+00,-1.364905685186386108e-01,8.269320726394653320e-01,2.569764328654855490e-04,5.709795746952295303e-03,-3.149664700031280518e-01,-9.490855932235717773e-01,-4.451754689216613770e-01,-5.891045555472373962e-02,-3.315859138965606689e-01,6.968119144439697266e-01,-1.827601343393325806e-01,-1.441310644149780273e-01,-9.651812165975570679e-02,-4.057208448648452759e-02,-6.933452934026718140e-02,1.635544300079345703e-01,-5.543519929051399231e-02,3.568154573440551758e-02,-2.383277006447315216e-02,2.379457950592041016e-01,1.809051334857940674e-01,-1.040854230523109436e-01,-4.789294004440307617e-01,-1.019054576754570007e-01,-1.060661673545837402e-01,-2.293683737516403198e-01,4.409900605678558350e-01,-2.017834037542343140e-01,8.562502264976501465e-02,3.652138402685523033e-03
-1.094186305999755859e+00,-1.342329382896423340e-01,8.262819051742553711e-01,1.351404120214283466e-03,7.992503233253955841e-03,-3.057274520397186279e-01,-9.520845413208007812e-01,-4.174126386642456055e-01,-5.832854285836219788e-02,-3.430204391479492188e-01,6.546909213066101074e-01,-1.673205196857452393e-01,-1.463284194469451904e-01,-9.770008176565170288e-02,-3.798574581742286682e-02,-5.296767875552177429e-02,1.670223474502563477e-01,-5.458432808518409729e-02,3.781328722834587097e-02,-2.361130341887474060e-02,2.403181344270706177e-01,1.815565973520278931e-01,-1.012834161520004272e-01,-4.752438962459564209e-01,-1.038947701454162598e-01,-1.065381988883018494e-01,-2.284486442804336548e-01,4.425936341285705566e-01,-2.022193223237991333e-01,8.253361284732818604e-02,4.776270128786563873e-03
-1.094659090042114258e+00,-1.317907571792602539e-01,8.256680965423583984e-01,2.854223595932126045e-03,8.927240967750549316e-03,-2.968799471855163574e-01,-9.548687934875488281e-01,-3.910781741142272949e-01,-5.681901797652244568e-02,-3.534073233604431152e-01,6.096323132514953613e-01,-1.434650421142578125e-01,-1.456516683101654053e-01,-1.012530028820037842e-01,-3.527249023318290710e-02,-3.715319558978080750e-02,1.707681715488433838e-01,-5.449110642075538635e-02,3.984542191028594971e-02,-2.242855355143547058e-02,2.426212131977081299e-01,1.825494170188903809e-01,-9.838926047086715698e-02,-4.725138247013092041e-01,-1.048950701951980591e-01,-1.069094389677047729e-01,-2.270130515098571777e-01,4.439856410026550293e-01,-2.034010589122772217e-01,7.923562079668045044e-02,5.366503261029720306e-03
-1.095120787620544434e+00,-1.293942034244537354e-01,8.249673247337341309e-01,4.552941303700208664e-03,1.016535516828298569e-02,-2.884717285633087158e-01,-9.574236273765563965e-01,-3.652421832084655762e-01,-5.372559651732444763e-02,-3.619430959224700928e-01,5.640019774436950684e-01,-1.101860851049423218e-01,-1.401489377021789551e-01,-1.046342700719833374e-01,-3.186449036002159119e-02,-2.184025011956691742e-02,1.754432320594787598e-01,-5.496314913034439087e-02,4.091825708746910095e-02,-2.239136397838592529e-02,2.449437081813812256e-01,1.838610321283340454e-01,-9.578876197338104248e-02,-4.709304273128509521e-01,-1.066590547561645508e-01,-1.070496290922164917e-01,-2.254029959440231323e-01,4.454574882984161377e-01,-2.041115164756774902e-01,7.758251577615737915e-02,5.472814198583364487e-03
-1.095763325691223145e+00,-1.269304156303405762e-01,8.242411017417907715e-01,6.335303187370300293e-03,1.103864517062902451e-02,-2.798327505588531494e-01,-9.599643945693969727e-01,-3.397717475891113281e-01,-4.984889551997184753e-02,-3.673461079597473145e-01,5.166568756103515625e-01,-6.735470890998840332e-02,-1.238958314061164856e-01,-1.110579520463943481e-01,-2.842463366687297821e-02,-5.353194661438465118e-03,1.833573281764984131e-01,-5.495497211813926697e-02,4.114255309104919434e-02,-2.345427498221397400e-02,2.472941875457763672e-01,1.853720992803573608e-01,-9.333252906799316406e-02,-4.706388711929321289e-01,-1.087223738431930542e-01,-1.072209849953651428e-01,-2.234916090965270996e-01,4.468420743942260742e-01,-2.061139792203903198e-01,7.596518099308013916e-02,5.273298360407352448e-03
-1.096449851989746094e+00,-1.244965493679046631e-01,8.236829638481140137e-01,7.311000488698482513e-03,1.136978808790445328e-02,-2.723278999328613281e-01,-9.621095657348632812e-01,-3.225580155849456787e-01,-4.898587241768836975e-02,-3.660313487052917480e-01,4.866203367710113525e-01,-5.526481196284294128e-02,-6.272730231285095215e-02,-1.204833090305328369e-01,-2.739223092794418335e-02,1.024003140628337860e-02,1.948489099740982056e-01,-5.135205760598182678e-02,4.443950578570365906e-02,-2.639596909284591675e-02,2.496008276939392090e-01,1.859280019998550415e-01,-9.169145673513412476e-02,-4.706566035747528076e-01,-1.100517362356185913e-01,-1.075640395283699036e-01,-2.223518192768096924e-01,4.482570588588714600e-01,-2.086259722709655762e-01,7.550460845232009888e-02,4.802267067134380341e-03
-1.097216129302978516e+00,-1.222158148884773254e-01,8.230999708175659180e-01,7.940747775137424469e-03,1.002260949462652206e-02,-2.666250467300415039e-01,-9.637154936790466309e-01,-3.088993430137634277e-01,-4.481342807412147522e-02,-3.512152731418609619e-01,4.627321660518646240e-01,-7.840755581855773926e-02,-4.459713026881217957e-02,-1.333854645490646362e-01,-2.815702185034751892e-02,2.387206256389617920e-02,2.086237668991088867e-01,-5.490410700440406799e-02,4.765252396464347839e-02,-3.295525163412094116e-02,2.516476213932037354e-01,1.866946816444396973e-01,-9.005112946033477783e-02,-4.728196263313293457e-01,-1.108142212033271790e-01,-1.081217899918556213e-01,-2.211965173482894897e-01,4.495953321456909180e-01,-2.124084830284118652e-01,7.510190457105636597e-02,3.748138900846242905e-03
-1.098095655441284180e+00,-1.198279038071632385e-01,8.224917650222778320e-01,8.854422718286514282e-03,8.311714977025985718e-03,-2.600956857204437256e-01,-9.655064940452575684e-01,-2.977059483528137207e-01,-3.887556493282318115e-02,-3.289922475814819336e-01,4.442709088325500488e-01,-9.623457491397857666e-02,-3.007867187261581421e-02,-1.496277898550033569e-01,-2.839827165007591248e-02,3.808765113353729248e-02,2.246678024530410767e-01,-5.333674326539039612e-02,5.103622749447822571e-02,-3.841640055179595947e-02,2.536090016365051270e-01,1.875788420438766479e-01,-8.875451982021331787e-02,-4.762978851795196533e-01,-1.116474866867065430e-01,-1.090727597475051880e-01,-2.203209996223449707e-01,4.509022235870361328e-01,-2.173623591661453247e-01,7.563729584217071533e-02,2.247783588245511055e-03
-1.099155902862548828e+00,-1.171671599149703979e-01,8.224047422409057617e-01,1.012587547302246094e-02,5.606619641184806824e-03,-2.517550885677337646e-01,-9.677217602729797363e-01,-2.878305912017822266e-01,-3.273651376366615295e-02,-3.084725439548492432e-01,4.271092414855957031e-01,-1.110613271594047546e-01,-1.636295393109321594e-02,-1.737983375787734985e-01,-2.795470878481864929e-02,5.554915219545364380e-02,2.476715594530105591e-01,-4.220737516880035400e-02,5.460611358284950256e-02,-4.103884100914001465e-02,2.552796602249145508e-01,1.886828243732452393e-01,-8.771561831235885620e-02,-4.809016585350036621e-01,-1.127588897943496704e-01,-1.107278913259506226e-01,-2.196036428213119507e-01,4.518368542194366455e-01,-2.248302400112152100e-01,7.584229111671447754e-02,7.000610348768532276e-04
-1.100402355194091797e+00,-1.147995889186859131e-01,8.224343061447143555e-01,1.050622016191482544e-02,3.461399581283330917e-03,-2.435028403997421265e-01,-9.698371291160583496e-01,-2.852675318717956543e-01,-2.918220497667789459e-02,-2.914866507053375244e-01,4.157375991344451904e-01,-1.147576719522476196e-01,-1.518793590366840363e-02,-1.998143196105957031e-01,-2.880995906889438629e-02,7.365516573190689087e-02,2.772347927093505859e-01,-3.848040476441383362e-02,5.800012499094009399e-02,-4.311226680874824524e-02,2.562057375907897949e-01,1.897283941507339478e-01,-8.736292272806167603e-02,-4.834264814853668213e-01,-1.135189160704612732e-01,-1.126239001750946045e-01,-2.190260142087936401e-01,4.523198902606964111e-01,-2.289785295724868774e-01,7.606104761362075806e-02,-4.223535943310707808e-04
-1.101534962654113770e+00,-1.127939298748970032e-01,8.225218653678894043e-01,1.006261166185140610e-02,7.251934730447828770e-04,-2.355371564626693726e-01,-9.718129634857177734e-01,-2.819931507110595703e-01,-2.762990258634090424e-02,-2.748408913612365723e-01,4.028296768665313721e-01,-1.117983907461166382e-01,-1.710305362939834595e-02,-2.272638976573944092e-01,-2.921547554433345795e-02,9.440643340349197388e-02,3.070052564144134521e-01,-3.577368706464767456e-02,5.905944108963012695e-02,-4.453956335783004761e-02,2.569980919361114502e-01,1.907787621021270752e-01,-8.742505311965942383e-02,-4.866097271442413330e-01,-1.146838068962097168e-01,-1.151914000511169434e-01,-2.189596146345138550e-01,4.524039030075073242e-01,-2.343059778213500977e-01,7.633189111948013306e-02,-1.958249602466821671e-03
-1.102943062782287598e+00,-1.111301928758621216e-01,8.228388428688049316e-01,8.887927047908306122e-03,-1.072334824129939079e-03,-2.272069007158279419e-01,-9.738053679466247559e-01,-2.781797349452972412e-01,-2.683820016682147980e-02,-2.553736269474029541e-01,3.916319906711578369e-01,-1.067209169268608093e-01,-1.542129740118980408e-02,-2.567265033721923828e-01,-2.913381159305572510e-02,1.103843227028846741e-01,3.431937396526336670e-01,-3.358874842524528503e-02,5.843582749366760254e-02,-4.488646984100341797e-02,2.578726410865783691e-01,1.914999932050704956e-01,-8.785598725080490112e-02,-4.893288612365722656e-01,-1.157855018973350525e-01,-1.179177910089492798e-01,-2.196054309606552124e-01,4.518201947212219238e-01,-2.391588091850280762e-01,7.635478675365447998e-02,-3.924868069589138031e-03
-1.104289174079895020e+00,-1.096069812774658203e-01,8.232770562171936035e-01,7.276284508407115936e-03,-2.962908707559108734e-03,-2.190964370965957642e-01,-9.756715893745422363e-01,-2.722473144531250000e-01,-2.611717209219932556e-02,-2.339527755975723267e-01,3.793279826641082764e-01,-1.003825739026069641e-01,-1.706515438854694366e-02,-2.879872918128967285e-01,-2.966371923685073853e-02,1.213054731488227844e-01,3.809905648231506348e-01,-2.479163743555545807e-02,6.937620788812637329e-02,-4.466662928462028503e-02,2.585788369178771973e-01,1.918186098337173462e-01,-8.897530287504196167e-02,-4.917663335800170898e-01,-1.172723397612571716e-01,-1.206398010253906250e-01,-2.211125493049621582e-01,4.505786597728729248e-01,-2.428016513586044312e-01,7.612934708595275879e-02,-6.313000340014696121e-03
-1.105855226516723633e+00,-1.081003770232200623e-01,8.237074017524719238e-01,6.403498817235231400e-03,-3.656615735962986946e-03,-2.119620591402053833e-01,-9.772500991821289062e-01,-2.678466141223907471e-01,-2.434965968132019043e-02,-2.145440131425857544e-01,3.704714477062225342e-01,-9.503122419118881226e-02,-2.072180807590484619e-02,-3.182242810726165771e-01,-2.866897359490394592e-02,1.334182471036911011e-01,4.211362898349761963e-01,-1.223737094551324844e-02,7.609011232852935791e-02,-4.579070582985877991e-02,2.594027221202850342e-01,1.921939253807067871e-01,-9.059667587280273438e-02,-4.934077560901641846e-01,-1.191952601075172424e-01,-1.232362836599349976e-01,-2.229042351245880127e-01,4.485700130462646484e-01,-2.454969584941864014e-01,7.539882510900497437e-02,-9.126337245106697083e-03
-1.107440352439880371e+00,-1.065528243780136108e-01,8.242753744125366211e-01,5.798189900815486908e-03,-5.075605120509862900e-03,-2.043530046939849854e-01,-9.788669347763061523e-01,-2.666943669319152832e-01,-2.261535450816154480e-02,-1.945897191762924194e-01,3.626215457916259766e-01,-8.900427818298339844e-02,-2.432052232325077057e-02,-3.486762940883636475e-01,-2.777696028351783752e-02,1.414585560560226440e-01,4.573072791099548340e-01,4.995901137590408325e-03,9.246496111154556274e-02,-4.575182870030403137e-02,2.597460150718688965e-01,1.926631182432174683e-01,-9.264849871397018433e-02,-4.950547218322753906e-01,-1.214051321148872375e-01,-1.258497983217239380e-01,-2.246229946613311768e-01,4.458781480789184570e-01,-2.475682348012924194e-01,7.392310351133346558e-02,-1.216823328286409378e-02
-1.109028100967407227e+00,-1.048344746232032776e-01,8.248136043548583984e-01,5.605876445770263672e-03,-7.091680541634559631e-03,-1.963864266872406006e-01,-9.804849028587341309e-01,-2.655124366283416748e-01,-2.024531550705432892e-02,-1.738055795431137085e-01,3.541145324707031250e-01,-8.558775484561920166e-02,-2.671140059828758240e-02,-3.794422745704650879e-01,-2.764122001826763153e-02,1.455427557229995728e-01,4.902561008930206299e-01,2.265208587050437927e-02,1.204920709133148193e-01,-4.501847922801971436e-02,2.592733502388000488e-01,1.934289634227752686e-01,-9.484328329563140869e-02,-4.972754716873168945e-01,-1.237375289201736450e-01,-1.286696046590805054e-01,-2.260116785764694214e-01,4.425970613956451416e-01,-2.497049272060394287e-01,7.172829657793045044e-02,-1.532002165913581848e-02
-1.110662221908569336e+00,-1.030276343226432800e-01,8.251183032989501953e-01,5.388790741562843323e-03,-9.139625355601310730e-03,-1.873139292001724243e-01,-9.822428226470947266e-01,-2.630958259105682373e-01,-1.781001500785350800e-02,-1.516910046339035034e-01,3.447306156158447266e-01,-8.327230066061019897e-02,-2.718782052397727966e-02,-4.097309410572052002e-01,-3.010268136858940125e-02,1.438297778367996216e-01,5.198750495910644531e-01,3.877086937427520752e-02,1.540591269731521606e-01,-4.237465187907218933e-02,2.580582201480865479e-01,1.945137530565261841e-01,-9.702809154987335205e-02,-5.000727772712707520e-01,-1.260115504264831543e-01,-1.316516995429992676e-01,-2.269283533096313477e-01,4.387584328651428223e-01,-2.520157694816589355e-01,6.885964423418045044e-02,-1.858348771929740906e-02
-1.112246632575988770e+00,-1.010946705937385559e-01,8.255880475044250488e-01,5.167335737496614456e-03,-1.131253130733966827e-02,-1.777633875608444214e-01,-9.839946627616882324e-01,-2.602018713951110840e-01,-1.565153896808624268e-02,-1.293752640485763550e-01,3.339909613132476807e-01,-8.131439983844757080e-02,-2.631846070289611816e-02,-4.400067925453186035e-01,-3.308480978012084961e-02,1.373501121997833252e-01,5.513615608215332031e-01,5.119105055928230286e-02,1.901767551898956299e-01,-3.934297338128089905e-02,2.561637759208679199e-01,1.959204673767089844e-01,-9.910016506910324097e-02,-5.034424066543579102e-01,-1.280650496482849121e-01,-1.347271502017974854e-01,-2.272885143756866455e-01,4.346474111080169678e-01,-2.547761499881744385e-01,6.566265970468521118e-02,-2.178670838475227356e-02
-1.113764524459838867e+00,-9.907878190279006958e-02,8.261651992797851562e-01,5.358672700822353363e-03,-1.373958773910999298e-02,-1.679543554782867432e-01,-9.856844544410705566e-01,-2.543857693672180176e-01,-1.271456480026245117e-02,-1.067743226885795593e-01,3.208902776241302490e-01,-8.033472299575805664e-02,-2.449690736830234528e-02,-4.723522961139678955e-01,-3.659109398722648621e-02,1.272893697023391724e-01,5.869101285934448242e-01,5.368301644921302795e-02,2.085289955139160156e-01,-3.590615466237068176e-02,2.536503672599792480e-01,1.979991495609283447e-01,-1.008227020502090454e-01,-5.074061155319213867e-01,-1.298168599605560303e-01,-1.377837508916854858e-01,-2.269989252090454102e-01,4.304899573326110840e-01,-2.583333849906921387e-01,6.236163526773452759e-02,-2.502905391156673431e-02
-1.115054249763488770e+00,-9.692137688398361206e-02,8.267675042152404785e-01,5.541658960282802582e-03,-1.584410108625888824e-02,-1.577398478984832764e-01,-9.873380064964294434e-01,-2.486020624637603760e-01,-1.030076295137405396e-02,-8.457478880882263184e-02,3.083493411540985107e-01,-7.870054990053176880e-02,-2.233486622571945190e-02,-5.038771033287048340e-01,-4.128838703036308289e-02,1.154703423380851746e-01,6.242924332618713379e-01,4.169250652194023132e-02,2.054297029972076416e-01,-3.219776228070259094e-02,2.505769729614257812e-01,2.008333504199981689e-01,-1.022504121065139771e-01,-5.121376514434814453e-01,-1.314071565866470337e-01,-1.405043303966522217e-01,-2.262353748083114624e-01,4.268755912780761719e-01,-2.627568840980529785e-01,5.976040288805961609e-02,-2.831938117742538452e-02
-1.116199731826782227e+00,-9.482565522193908691e-02,8.274385333061218262e-01,5.698136519640684128e-03,-1.736970245838165283e-02,-1.479127705097198486e-01,-9.888314604759216309e-01,-2.470322847366333008e-01,-8.493660949170589447e-03,-6.421164423227310181e-02,2.995127439498901367e-01,-7.516527920961380005e-02,-2.080054394900798798e-02,-5.338391065597534180e-01,-4.715766385197639465e-02,1.024255380034446716e-01,6.634398698806762695e-01,2.220574021339416504e-02,1.873016208410263062e-01,-2.809410355985164642e-02,2.472539842128753662e-01,2.042363137006759644e-01,-1.032434403896331787e-01,-5.170383453369140625e-01,-1.326255798339843750e-01,-1.425799578428268433e-01,-2.253055274486541748e-01,4.240151941776275635e-01,-2.675941884517669678e-01,5.815982073545455933e-02,-3.140831366181373596e-02
-1.117386341094970703e+00,-9.280730038881301880e-02,8.281338214874267578e-01,5.988465622067451477e-03,-1.868699304759502411e-02,-1.385215669870376587e-01,-9.901649951934814453e-01,-2.407257109880447388e-01,-6.181756034493446350e-03,-4.456535354256629944e-02,2.888291776180267334e-01,-7.378611713647842407e-02,-2.001879177987575531e-02,-5.615257620811462402e-01,-5.462945997714996338e-02,8.573079854249954224e-02,7.012666463851928711e-01,5.661815404891967773e-03,1.677263975143432617e-01,-2.426500059664249420e-02,2.436546534299850464e-01,2.081048637628555298e-01,-1.037104576826095581e-01,-5.220717191696166992e-01,-1.334457695484161377e-01,-1.438466757535934448e-01,-2.245830595493316650e-01,4.221630394458770752e-01,-2.726894319057464600e-01,5.805299431085586548e-02,-3.430414572358131409e-02
-1.118438959121704102e+00,-9.088402241468429565e-02,8.288593292236328125e-01,6.398964207619428635e-03,-1.945557631552219391e-02,-1.295565664768218994e-01,-9.913604855537414551e-01,-2.319976091384887695e-01,-3.733486635610461235e-03,-2.557164430618286133e-02,2.765285670757293701e-01,-7.164171338081359863e-02,-1.946117170155048370e-02,-5.859555006027221680e-01,-6.365648657083511353e-02,6.657156348228454590e-02,7.386538386344909668e-01,-9.159607812762260437e-03,1.501089930534362793e-01,-2.085442095994949341e-02,2.400601357221603394e-01,2.122864127159118652e-01,-1.034964770078659058e-01,-5.266267657279968262e-01,-1.337597668170928955e-01,-1.442103534936904907e-01,-2.241048812866210938e-01,4.211091399192810059e-01,-2.778256833553314209e-01,5.911229550838470459e-02,-3.700545802712440491e-02
-1.119255304336547852e+00,-8.884765952825546265e-02,8.295949697494506836e-01,6.843024399131536484e-03,-1.992787048220634460e-02,-1.207102462649345398e-01,-9.924641251564025879e-01,-2.248200327157974243e-01,-1.873461296781897545e-03,-7.864682935178279877e-03,2.652677297592163086e-01,-6.858919560909271240e-02,-1.810789294540882111e-02,-6.076775193214416504e-01,-7.398821413516998291e-02,4.669220745563507080e-02,7.751129269599914551e-01,-2.499839849770069122e-02,1.303901374340057373e-01,-1.750640943646430969e-02,2.364650964736938477e-01,2.165079861879348755e-01,-1.024035513401031494e-01,-5.306253433227539062e-01,-1.332759112119674683e-01,-1.437554210424423218e-01,-2.239291965961456299e-01,4.207884967327117920e-01,-2.832122147083282471e-01,6.124208122491836548e-02,-3.959857672452926636e-02
-1.120044231414794922e+00,-8.701708912849426270e-02,8.302693367004394531e-01,7.319793105125427246e-03,-1.994344778358936310e-02,-1.125301718711853027e-01,-9.934211969375610352e-01,-2.197535634040832520e-01,5.466938091558404267e-05,8.482796140015125275e-03,2.568307220935821533e-01,-6.552191823720932007e-02,-1.682637818157672882e-02,-6.266564130783081055e-01,-8.498295396566390991e-02,2.730374224483966827e-02,8.107104301452636719e-01,-4.130867868661880493e-02,1.062656119465827942e-01,-1.526070386171340942e-02,2.328791469335556030e-01,2.206278294324874878e-01,-1.005009338259696960e-01,-5.340737104415893555e-01,-1.320141255855560303e-01,-1.423488557338714600e-01,-2.241235673427581787e-01,4.209853112697601318e-01,-2.885712087154388428e-01,6.420115381479263306e-02,-4.209055006504058838e-02
-1.120890021324157715e+00,-8.540421724319458008e-02,8.307619690895080566e-01,7.941940799355506897e-03,-2.010285109281539917e-02,-1.047500073909759521e-01,-9.942636489868164062e-01,-2.123841941356658936e-01,2.308303490281105042e-03,2.393500693142414093e-02,2.480638325214385986e-01,-6.466880440711975098e-02,-1.618566922843456268e-02,-6.442270874977111816e-01,-9.564542770385742188e-02,8.989885449409484863e-03,8.453802466392517090e-01,-5.667386576533317566e-02,8.302716165781021118e-02,-1.443834230303764343e-02,2.291781008243560791e-01,2.244764715433120728e-01,-9.766726195812225342e-02,-5.371460914611816406e-01,-1.297050714492797852e-01,-1.400178521871566772e-01,-2.246913164854049683e-01,4.215270578861236572e-01,-2.937790453433990479e-01,6.780610978603363037e-02,-4.444484785199165344e-02
-1.121382594108581543e+00,-8.369490504264831543e-02,8.312597870826721191e-01,8.478649891912937164e-03,-2.038577571511268616e-02,-9.737378358840942383e-02,-9.950029253959655762e-01,-2.066595405340194702e-01,4.096584860235452652e-03,3.957868739962577820e-02,2.401352673768997192e-01,-6.346672028303146362e-02,-1.565505936741828918e-02,-6.593629717826843262e-01,-1.067848056554794312e-01,-8.135161362588405609e-03,8.781082034111022949e-01,-7.006472349166870117e-02,6.009267643094062805e-02,-1.425640471279621124e-02,2.254619747400283813e-01,2.278146743774414062e-01,-9.415851533412933350e-02,-5.398955345153808594e-01,-1.264774799346923828e-01,-1.369456797838211060e-01,-2.255834043025970459e-01,4.222072958946228027e-01,-2.988899350166320801e-01,7.176660001277923584e-02,-4.658729210495948792e-02
-1.121862530708312988e+00,-8.221141248941421509e-02,8.317418694496154785e-01,9.019452147185802460e-03,-2.066529355943202972e-02,-9.025669842958450317e-02,-9.956632852554321289e-01,-2.008839398622512817e-01,6.006516516208648682e-03,5.497911944985389709e-02,2.325376719236373901e-01,-6.250998377799987793e-02,-1.468407269567251205e-02,-6.726006269454956055e-01,-1.177447661757469177e-01,-2.429682202637195587e-02,9.089992046356201172e-01,-8.008626103401184082e-02,4.171935096383094788e-02,-1.452431082725524902e-02,2.218733131885528564e-01,2.305195331573486328e-01,-9.027995169162750244e-02,-5.423308014869689941e-01,-1.224957183003425598e-01,-1.333132535219192505e-01,-2.267364561557769775e-01,4.225883483886718750e-01,-3.038550913333892822e-01,7.552597671747207642e-02,-4.850024729967117310e-02
-1.122410893440246582e+00,-8.079639077186584473e-02,8.320748209953308105e-01,9.267400018870830536e-03,-2.072910778224468231e-02,-8.348253369331359863e-02,-9.962505102157592773e-01,-1.952033787965774536e-01,7.242525462061166763e-03,7.012296468019485474e-02,2.257568240165710449e-01,-6.164640933275222778e-02,-1.363352872431278229e-02,-6.839737296104431152e-01,-1.288933306932449341e-01,-3.846113383769989014e-02,9.384269714355468750e-01,-8.974114805459976196e-02,2.417210489511489868e-02,-1.527526602149009705e-02,2.186739444732666016e-01,2.328286170959472656e-01,-8.653228729963302612e-02,-5.443390607833862305e-01,-1.182453408837318420e-01,-1.291432380676269531e-01,-2.281681597232818604e-01,4.224783480167388916e-01,-3.084238469600677490e-01,7.891371846199035645e-02,-5.010314285755157471e-02
-1.122803688049316406e+00,-7.941816747188568115e-02,8.323913216590881348e-01,9.300548583269119263e-03,-2.084627002477645874e-02,-7.708658277988433838e-02,-9.967630505561828613e-01,-1.894460469484329224e-01,7.846204563975334167e-03,8.494636416435241699e-02,2.188450843095779419e-01,-6.068017706274986267e-02,-1.255484856665134430e-02,-6.929070949554443359e-01,-1.401174813508987427e-01,-5.140239000320434570e-02,9.652384519577026367e-01,-9.695988893508911133e-02,1.003851182758808136e-02,-1.597234420478343964e-02,2.159897089004516602e-01,2.347714602947235107e-01,-8.343263715505599976e-02,-5.460211634635925293e-01,-1.142202392220497131e-01,-1.246920004487037659e-01,-2.298479229211807251e-01,4.216180443763732910e-01,-3.125917911529541016e-01,8.158008009195327759e-02,-5.148187652230262756e-02
-1.123220443725585938e+00,-7.818970829248428345e-02,8.325448036193847656e-01,9.147914126515388489e-03,-2.106450311839580536e-02,-7.113507390022277832e-02,-9.972022771835327148e-01,-1.819854676723480225e-01,7.940891198813915253e-03,9.925798326730728149e-02,2.113736718893051147e-01,-6.076700985431671143e-02,-1.170679740607738495e-02,-7.009756565093994141e-01,-1.514725536108016968e-01,-6.302633881568908691e-02,9.908274412155151367e-01,-1.031628251075744629e-01,-6.621849723160266876e-03,-1.751823909580707550e-02,2.138702124357223511e-01,2.365757972002029419e-01,-8.138181269168853760e-02,-5.474685430526733398e-01,-1.109802573919296265e-01,-1.200535371899604797e-01,-2.316327840089797974e-01,4.197948873043060303e-01,-3.162148296833038330e-01,8.318972587585449219e-02,-5.268643796443939209e-02
-1.123573064804077148e+00,-7.698862254619598389e-02,8.327103853225708008e-01,8.775151334702968597e-03,-2.083158493041992188e-02,-6.521221995353698730e-02,-9.976153373718261719e-01,-1.776398569345474243e-01,7.483876310288906097e-03,1.128775104880332947e-01,2.060602903366088867e-01,-5.920255929231643677e-02,-1.044703368097543716e-02,-7.061293125152587891e-01,-1.627980321645736694e-01,-7.391014695167541504e-02,1.014077305793762207e+00,-1.078182086348533630e-01,-2.239818684756755829e-02,-1.879323832690715790e-02,2.123640924692153931e-01,2.383010387420654297e-01,-8.057508617639541626e-02,-5.486629009246826172e-01,-1.088937297463417053e-01,-1.152161583304405212e-01,-2.335692942142486572e-01,4.170610606670379639e-01,-3.191658258438110352e-01,8.376538753509521484e-02,-5.378421396017074585e-02
-1.123756885528564453e+00,-7.573471963405609131e-02,8.328229188919067383e-01,8.302502334117889404e-03,-2.094328403472900391e-02,-5.936844646930694580e-02,-9.979819059371948242e-01,-1.730318516492843628e-01,6.652136798948049545e-03,1.259282529354095459e-01,2.009754776954650879e-01,-5.839186534285545349e-02,-8.999253623187541962e-03,-7.101204991340637207e-01,-1.743727922439575195e-01,-8.438525348901748657e-02,1.035210967063903809e+00,-1.099091693758964539e-01,-3.693009167909622192e-02,-2.025036700069904327e-02,2.114713639020919800e-01,2.400941252708435059e-01,-8.092629909515380859e-02,-5.494789481163024902e-01,-1.080515980720520020e-01,-1.105170920491218567e-01,-2.356148809194564819e-01,4.134018421173095703e-01,-3.216468393802642822e-01,8.331266045570373535e-02,-5.484466999769210815e-02
-1.124015450477600098e+00,-7.459735125303268433e-02,8.328578472137451172e-01,7.619407493621110916e-03,-2.067996934056282043e-02,-5.356090888381004333e-02,-9.983213543891906738e-01,-1.682692319154739380e-01,5.498162005096673965e-03,1.389732956886291504e-01,1.966560184955596924e-01,-5.756805464625358582e-02,-7.434796076267957687e-03,-7.115582227706909180e-01,-1.863557845354080200e-01,-9.523940831422805786e-02,1.053890347480773926e+00,-1.123106405138969421e-01,-5.222133919596672058e-02,-2.151134237647056580e-02,2.111957967281341553e-01,2.419995516538619995e-01,-8.237625658512115479e-02,-5.497846603393554688e-01,-1.085100248456001282e-01,-1.058759763836860657e-01,-2.378458082675933838e-01,4.090567827224731445e-01,-3.236394822597503662e-01,8.216790109872817993e-02,-5.587724223732948303e-02
-1.124169707298278809e+00,-7.353001087903976440e-02,8.328698277473449707e-01,6.783230230212211609e-03,-2.069536782801151276e-02,-4.776771366596221924e-02,-9.986210465431213379e-01,-1.633418053388595581e-01,3.977150190621614456e-03,1.520925462245941162e-01,1.918575912714004517e-01,-5.718638747930526733e-02,-7.187836337834596634e-03,-7.115473747253417969e-01,-1.993511766195297241e-01,-1.078099459409713745e-01,1.069764971733093262e+00,-1.154023408889770508e-01,-6.212030351161956787e-02,-2.223583869636058807e-02,2.112330347299575806e-01,2.438845187425613403e-01,-8.469800651073455811e-02,-5.498503446578979492e-01,-1.100490912795066833e-01,-1.013187617063522339e-01,-2.402874976396560669e-01,4.041039049625396729e-01,-3.251165151596069336e-01,8.045779913663864136e-02,-5.702708661556243896e-02
-1.124095797538757324e+00,-7.252787798643112183e-02,8.328987360000610352e-01,5.943389143794775009e-03,-2.093233354389667511e-02,-4.198471829295158386e-02,-9.988812804222106934e-01,-1.586107909679412842e-01,2.465721685439348221e-03,1.653973609209060669e-01,1.867944598197937012e-01,-5.677045509219169617e-02,-6.769137922674417496e-03,-7.087004780769348145e-01,-2.119563370943069458e-01,-1.210846975445747375e-01,1.081673026084899902e+00,-1.190186291933059692e-01,-7.332157343626022339e-02,-2.336999773979187012e-02,2.114335447549819946e-01,2.455104142427444458e-01,-8.747621625661849976e-02,-5.496875643730163574e-01,-1.121498495340347290e-01,-9.703453630208969116e-02,-2.429367005825042725e-01,3.987218737602233887e-01,-3.262114524841308594e-01,7.851224392652511597e-02,-5.824957787990570068e-02
-1.124007344245910645e+00,-7.158423215150833130e-02,8.328971862792968750e-01,4.942491184920072556e-03,-2.091150730848312378e-02,-3.578747436404228210e-02,-9.991284012794494629e-01,-1.535220891237258911e-01,7.673880318179726601e-04,1.796743422746658325e-01,1.819969117641448975e-01,-5.649761855602264404e-02,-6.331456359475851059e-03,-7.034510374069213867e-01,-2.253492027521133423e-01,-1.364675164222717285e-01,1.091124773025512695e+00,-1.236535459756851196e-01,-8.283257484436035156e-02,-2.388205192983150482e-02,2.117805927991867065e-01,2.468165606260299683e-01,-9.034976363182067871e-02,-5.491369962692260742e-01,-1.144143417477607727e-01,-9.315471351146697998e-02,-2.456204891204833984e-01,3.929954767227172852e-01,-3.271706104278564453e-01,7.639215141534805298e-02,-5.951292812824249268e-02
-1.123856306076049805e+00,-7.077789306640625000e-02,8.328797221183776855e-01,4.086832515895366669e-03,-2.079461514949798584e-02,-2.970619499683380127e-02,-9.993339776992797852e-01,-1.484852731227874756e-01,-4.727708583232015371e-04,1.933596134185791016e-01,1.778016686439514160e-01,-5.672327429056167603e-02,-5.542063619941473007e-03,-6.953649520874023438e-01,-2.379719465970993042e-01,-1.529971212148666382e-01,1.097320199012756348e+00,-1.276897042989730835e-01,-9.258501976728439331e-02,-2.421077340841293335e-02,2.122203409671783447e-01,2.477318495512008667e-01,-9.307660162448883057e-02,-5.480968356132507324e-01,-1.165278330445289612e-01,-8.948247879743576050e-02,-2.483874410390853882e-01,3.869819343090057373e-01,-3.279129564762115479e-01,7.415080070495605469e-02,-6.081667169928550720e-02
-1.123621463775634766e+00,-7.005544006824493408e-02,8.328536748886108398e-01,3.247835673391819000e-03,-2.050224505364894867e-02,-2.341425977647304535e-02,-9.995103478431701660e-01,-1.426042616367340088e-01,-1.597332302480936050e-03,2.076448202133178711e-01,1.734304577112197876e-01,-5.722196027636528015e-02,-5.525472573935985565e-03,-6.836802363395690918e-01,-2.501415610313415527e-01,-1.711408495903015137e-01,1.099282622337341309e+00,-1.322747021913528442e-01,-1.019129604101181030e-01,-2.447940222918987274e-02,2.122688144445419312e-01,2.480745613574981689e-01,-9.611385315656661987e-02,-5.455325841903686523e-01,-1.189883500337600708e-01,-8.395191282033920288e-02,-2.520886957645416260e-01,3.786099851131439209e-01,-3.303543031215667725e-01,7.086531817913055420e-02,-6.284353882074356079e-02
-1.123479962348937988e+00,-6.939715147018432617e-02,8.328137993812561035e-01,2.590454649180173874e-03,-2.006820961833000183e-02,-1.696106418967247009e-02,-9.996513724327087402e-01,-1.372512876987457275e-01,-2.309460891410708427e-03,2.212849855422973633e-01,1.697582751512527466e-01,-5.741558223962783813e-02,-5.479418672621250153e-03,-6.697232723236083984e-01,-2.615332305431365967e-01,-1.907522380352020264e-01,1.098004221916198730e+00,-1.364453732967376709e-01,-1.095109209418296814e-01,-2.328340709209442139e-02,2.122370153665542603e-01,2.478345632553100586e-01,-9.821423888206481934e-02,-5.430322885513305664e-01,-1.194747537374496460e-01,-7.930811494588851929e-02,-2.549757957458496094e-01,3.713601529598236084e-01,-3.319529891014099121e-01,6.894055008888244629e-02,-6.456834822893142700e-02
-1.123133182525634766e+00,-6.871673464775085449e-02,8.328153491020202637e-01,2.112455898895859718e-03,-1.947613805532455444e-02,-1.031179726123809814e-02,-9.997549057006835938e-01,-1.308732777833938599e-01,-2.826139563694596291e-03,2.352804690599441528e-01,1.655640155076980591e-01,-5.695613473653793335e-02,-4.856691230088472366e-03,-6.509136557579040527e-01,-2.719381749629974365e-01,-2.130312025547027588e-01,1.091085195541381836e+00,-1.419460326433181763e-01,-1.159787625074386597e-01,-2.253852225840091705e-02,2.120253294706344604e-01,2.469788789749145508e-01,-1.001165956258773804e-01,-5.377798676490783691e-01,-1.188347339630126953e-01,-7.438471913337707520e-02,-2.579257190227508545e-01,3.631619215011596680e-01,-3.327240347862243652e-01,6.438529491424560547e-02,-6.698827445507049561e-02
-1.122872710227966309e+00,-6.818795949220657349e-02,8.327724933624267578e-01,1.821311423555016518e-03,-1.851813867688179016e-02,-3.537662327289581299e-03,-9.998205900192260742e-01,-1.249661296606063843e-01,-2.399365650489926338e-03,2.491538375616073608e-01,1.639314591884613037e-01,-5.847699940204620361e-02,-4.469202831387519836e-03,-6.300459504127502441e-01,-2.809836864471435547e-01,-2.364635467529296875e-01,1.081915974617004395e+00,-1.464297324419021606e-01,-1.235091462731361389e-01,-2.243831567466259003e-02,2.118521481752395630e-01,2.458913177251815796e-01,-1.016374826431274414e-01,-5.330444574356079102e-01,-1.177039220929145813e-01,-6.974605470895767212e-02,-2.604174017906188965e-01,3.556674122810363770e-01,-3.331808745861053467e-01,6.175416335463523865e-02,-6.943499296903610229e-02
-1.122633099555969238e+00,-6.779216229915618896e-02,8.327036499977111816e-01,1.421417575329542160e-03,-1.775019615888595581e-02,3.164702560752630234e-03,-9.998364448547363281e-01,-1.222229525446891785e-01,-1.551575027406215668e-03,2.624029815196990967e-01,1.667118370532989502e-01,-6.098534166812896729e-02,-4.598658066242933273e-03,-6.070917844772338867e-01,-2.890588939189910889e-01,-2.609561085700988770e-01,1.068650364875793457e+00,-1.513047516345977783e-01,-1.295834183692932129e-01,-2.211146615445613861e-02,2.117954045534133911e-01,2.447016090154647827e-01,-1.030911356210708618e-01,-5.292222499847412109e-01,-1.170583888888359070e-01,-6.527264416217803955e-02,-2.624442875385284424e-01,3.488762080669403076e-01,-3.338638842105865479e-01,6.088790297508239746e-02,-7.138168811798095703e-02
-1.122328996658325195e+00,-6.751107424497604370e-02,8.326476216316223145e-01,1.023958786390721798e-03,-1.714881137013435364e-02,9.956519119441509247e-03,-9.998028278350830078e-01,-1.195110827684402466e-01,-8.029002929106354713e-04,2.745735347270965576e-01,1.690137982368469238e-01,-6.317612528800964355e-02,-4.011952318251132965e-03,-5.829043388366699219e-01,-2.953393161296844482e-01,-2.853372097015380859e-01,1.052007198333740234e+00,-1.549413353204727173e-01,-1.392406076192855835e-01,-2.231669053435325623e-02,2.119496762752532959e-01,2.434206604957580566e-01,-1.045075207948684692e-01,-5.254087448120117188e-01,-1.165447607636451721e-01,-6.091680377721786499e-02,-2.641023397445678711e-01,3.427945673465728760e-01,-3.349644839763641357e-01,6.154763698577880859e-02,-7.285033166408538818e-02
-1.122004389762878418e+00,-6.736315041780471802e-02,8.325862288475036621e-01,4.999039811082184315e-04,-1.652153767645359039e-02,1.693278178572654724e-02,-9.997199773788452148e-01,-1.161899268627166748e-01,-2.826360869221389294e-04,2.862806916236877441e-01,1.706847995519638062e-01,-6.528642028570175171e-02,-4.524500574916601181e-03,-5.566662549972534180e-01,-3.002137541770935059e-01,-3.106264770030975342e-01,1.031211733818054199e+00,-1.588639318943023682e-01,-1.446538567543029785e-01,-2.215589955449104309e-02,2.122097015380859375e-01,2.421001493930816650e-01,-1.060470864176750183e-01,-5.226300954818725586e-01,-1.167464032769203186e-01,-5.658754333853721619e-02,-2.654287815093994141e-01,3.374459445476531982e-01,-3.364393115043640137e-01,6.331690400838851929e-02,-7.389401644468307495e-02
-1.121786952018737793e+00,-6.739778071641921997e-02,8.324412703514099121e-01,-1.560432283440604806e-04,-1.552702486515045166e-02,2.390642836689949036e-02,-9.995936155319213867e-01,-1.124254018068313599e-01,1.679717679508030415e-04,2.982493042945861816e-01,1.722708642482757568e-01,-6.749376654624938965e-02,-5.510072689503431320e-03,-5.284551382064819336e-01,-3.033851683139801025e-01,-3.357415497303009033e-01,1.007012605667114258e+00,-1.611889004707336426e-01,-1.473785191774368286e-01,-2.225349657237529755e-02,2.128274142742156982e-01,2.406319826841354370e-01,-1.077892929315567017e-01,-5.194294452667236328e-01,-1.174169480800628662e-01,-5.232157930731773376e-02,-2.665137350559234619e-01,3.326747715473175049e-01,-3.382545113563537598e-01,6.545507162809371948e-02,-7.477694004774093628e-02
-1.121516466140747070e+00,-6.750446557998657227e-02,8.322823047637939453e-01,-8.494813228026032448e-04,-1.504803076386451721e-02,3.093357011675834656e-02,-9.994078278541564941e-01,-1.094143092632293701e-01,4.512720042839646339e-04,3.094795942306518555e-01,1.739564687013626099e-01,-6.973906606435775757e-02,-6.551530212163925171e-03,-4.996380805969238281e-01,-3.047589361667633057e-01,-3.615514636039733887e-01,9.789098501205444336e-01,-1.626686155796051025e-01,-1.475727707147598267e-01,-2.150659263134002686e-02,2.134706676006317139e-01,2.390663027763366699e-01,-1.096695065498352051e-01,-5.173404812812805176e-01,-1.184532642364501953e-01,-4.816932976245880127e-02,-2.674689292907714844e-01,3.283285796642303467e-01,-3.403712511062622070e-01,6.767883151769638062e-02,-7.537316530942916870e-02
-1.121253132820129395e+00,-6.774920970201492310e-02,8.320336937904357910e-01,-1.650319551117718220e-03,-1.387330610305070877e-02,3.797515481710433960e-02,-9.991810321807861328e-01,-1.054730340838432312e-01,8.431453607045114040e-04,3.207661807537078857e-01,1.764146238565444946e-01,-7.246466726064682007e-02,-7.630285806953907013e-03,-4.680434763431549072e-01,-3.043821156024932861e-01,-3.876619040966033936e-01,9.468533992767333984e-01,-1.627245545387268066e-01,-1.470094025135040283e-01,-2.103855274617671967e-02,2.143180519342422485e-01,2.373730838298797607e-01,-1.116819009184837341e-01,-5.151657462120056152e-01,-1.196935102343559265e-01,-4.399553313851356506e-02,-2.683752477169036865e-01,3.244047760963439941e-01,-3.419518768787384033e-01,6.994298845529556274e-02,-7.572034001350402832e-02
-1.121113657951354980e+00,-6.808699667453765869e-02,8.317919373512268066e-01,-2.139161573722958565e-03,-1.261148136109113693e-02,4.478289186954498291e-02,-9.989148378372192383e-01,-1.018061116337776184e-01,1.823857310228049755e-03,3.309808671474456787e-01,1.790404915809631348e-01,-7.499070465564727783e-02,-7.430823054164648056e-03,-4.348709881305694580e-01,-3.010309040546417236e-01,-4.136247932910919189e-01,9.104921221733093262e-01,-1.601090878248214722e-01,-1.437691301107406616e-01,-2.032908983528614044e-02,2.153129577636718750e-01,2.355574071407318115e-01,-1.137200295925140381e-01,-5.128830671310424805e-01,-1.209687516093254089e-01,-3.981159999966621399e-02,-2.692178189754486084e-01,3.208405971527099609e-01,-3.434496223926544189e-01,7.208329439163208008e-02,-7.584293186664581299e-02
-1.120959520339965820e+00,-6.847803294658660889e-02,8.315497636795043945e-01,-2.766513032838702202e-03,-1.169972959905862808e-02,5.142747983336448669e-02,-9.986043572425842285e-01,-9.983339905738830566e-02,3.018030198290944099e-03,3.405978083610534668e-01,1.836608499288558960e-01,-7.760060578584671021e-02,-8.921410888433456421e-03,-4.017385542392730713e-01,-2.959126532077789307e-01,-4.393923580646514893e-01,8.703359365463256836e-01,-1.529072970151901245e-01,-1.377945542335510254e-01,-1.978218369185924530e-02,2.163417190313339233e-01,2.336696982383728027e-01,-1.158064678311347961e-01,-5.108694434165954590e-01,-1.222691386938095093e-01,-3.566612303256988525e-02,-2.698225677013397217e-01,3.175360560417175293e-01,-3.449054062366485596e-01,7.391899079084396362e-02,-7.585051655769348145e-02
-1.120652198791503906e+00,-6.906613707542419434e-02,8.313242197036743164e-01,-3.226726315915584564e-03,-1.116287894546985626e-02,5.834686756134033203e-02,-9.982287287712097168e-01,-9.879065304994583130e-02,4.870617296546697617e-03,3.494130969047546387e-01,1.892428845167160034e-01,-8.085782080888748169e-02,-1.044784206897020340e-02,-3.681561350822448730e-01,-2.877498567104339600e-01,-4.650289118289947510e-01,8.251397013664245605e-01,-1.421273350715637207e-01,-1.293008029460906982e-01,-1.953204162418842316e-02,2.171860039234161377e-01,2.317434251308441162e-01,-1.175868958234786987e-01,-5.095315575599670410e-01,-1.228119805455207825e-01,-3.170764818787574768e-02,-2.703438997268676758e-01,3.144921064376831055e-01,-3.468305170536041260e-01,7.560893148183822632e-02,-7.575411349534988403e-02
-1.120583295822143555e+00,-6.998957693576812744e-02,8.311074972152709961e-01,-4.062169697135686874e-03,-9.696637280285358429e-03,6.506875902414321899e-02,-9.978253841400146484e-01,-9.607831388711929321e-02,6.192008499056100845e-03,3.570598065853118896e-01,1.947596520185470581e-01,-8.274330198764801025e-02,-1.217333041131496429e-02,-3.312870860099792480e-01,-2.782819867134094238e-01,-4.918907582759857178e-01,7.750328183174133301e-01,-1.252974569797515869e-01,-1.147933080792427063e-01,-1.863666996359825134e-02,2.180684059858322144e-01,2.298195511102676392e-01,-1.193072572350502014e-01,-5.078943371772766113e-01,-1.236748695373535156e-01,-2.758931368589401245e-02,-2.708144187927246094e-01,3.117480576038360596e-01,-3.479163050651550293e-01,7.771673798561096191e-02,-7.531768083572387695e-02
-1.120408654212951660e+00,-7.096129655838012695e-02,8.306636810302734375e-01,-4.825531505048274994e-03,-8.438455872237682343e-03,7.149323076009750366e-02,-9.973937273025512695e-01,-9.581138938665390015e-02,8.215969428420066833e-03,3.648885786533355713e-01,2.032328695058822632e-01,-8.623528480529785156e-02,-1.405637525022029877e-02,-2.945977151393890381e-01,-2.677802741527557373e-01,-5.193403363227844238e-01,7.221159934997558594e-01,-1.014937832951545715e-01,-9.883900731801986694e-02,-1.854073256254196167e-02,2.188971489667892456e-01,2.277650982141494751e-01,-1.208268031477928162e-01,-5.065175294876098633e-01,-1.240139305591583252e-01,-2.343411557376384735e-02,-2.712752819061279297e-01,3.091734349727630615e-01,-3.482311666011810303e-01,7.983507961034774780e-02,-7.478346675634384155e-02
-1.120211482048034668e+00,-7.214336842298507690e-02,8.301425576210021973e-01,-5.621456541121006012e-03,-7.615642622113227844e-03,7.744206488132476807e-02,-9.969519376754760742e-01,-9.470537304878234863e-02,1.029129233211278915e-02,3.718628287315368652e-01,2.107709795236587524e-01,-9.055586159229278564e-02,-1.565738394856452942e-02,-2.582890987396240234e-01,-2.551404535770416260e-01,-5.473806858062744141e-01,6.650583744049072266e-01,-6.831880658864974976e-02,-7.987847179174423218e-02,-1.925625465810298920e-02,2.195021808147430420e-01,2.256912291049957275e-01,-1.219752877950668335e-01,-5.056807398796081543e-01,-1.236935332417488098e-01,-1.950825192034244537e-02,-2.717309296131134033e-01,3.067030906677246094e-01,-3.488085567951202393e-01,8.170466870069503784e-02,-7.445572316646575928e-02
-1.120079755783081055e+00,-7.349467277526855469e-02,8.295708894729614258e-01,-6.499106530100107193e-03,-6.653524003922939301e-03,8.444926887750625610e-02,-9.963843822479248047e-01,-9.614518284797668457e-02,1.334660872817039490e-02,3.807991743087768555e-01,2.212856411933898926e-01,-9.452165663242340088e-02,-1.800644770264625549e-02,-2.200125008821487427e-01,-2.403043061494827271e-01,-5.762878060340881348e-01,6.051477789878845215e-01,-5.674433708190917969e-02,-2.440924011170864105e-02,-1.845621503889560699e-02,2.200447618961334229e-01,2.231932878494262695e-01,-1.231147721409797668e-01,-5.050538778305053711e-01,-1.234060376882553101e-01,-1.598007418215274811e-02,-2.726711034774780273e-01,3.043734431266784668e-01,-3.494861125946044922e-01,8.361303806304931641e-02,-7.421466708183288574e-02
-1.120203137397766113e+00,-7.500064373016357422e-02,8.287252187728881836e-01,-7.627953309565782547e-03,-5.498616024851799011e-03,9.172534197568893433e-02,-9.957399368286132812e-01,-9.754575788974761963e-02,1.611281745135784149e-02,3.886334598064422607e-01,2.333305180072784424e-01,-9.937030076980590820e-02,-1.939903944730758667e-02,-1.839477419853210449e-01,-2.230635583400726318e-01,-6.016244888305664062e-01,5.464673042297363281e-01,-7.359761744737625122e-02,1.572558283805847168e-02,-1.799422316253185272e-02,2.205185145139694214e-01,2.207073867321014404e-01,-1.238837689161300659e-01,-5.045818090438842773e-01,-1.225023642182350159e-01,-1.249162014573812485e-02,-2.736078500747680664e-01,3.024810254573822021e-01,-3.493284881114959717e-01,8.564438670873641968e-02,-7.389625906944274902e-02
-1.120330333709716797e+00,-7.684377580881118774e-02,8.283407092094421387e-01,-8.900553919374942780e-03,-3.742350265383720398e-03,9.807837754487991333e-02,-9.951318502426147461e-01,-1.016705930233001709e-01,1.971459947526454926e-02,3.916046619415283203e-01,2.501795887947082520e-01,-9.922538697719573975e-02,-2.209165133535861969e-02,-1.526710093021392822e-01,-2.060382962226867676e-01,-6.170521378517150879e-01,4.965032041072845459e-01,-1.020123735070228577e-01,2.032235264778137207e-02,-1.896247640252113342e-02,2.212695777416229248e-01,2.185920029878616333e-01,-1.244482770562171936e-01,-5.035980939865112305e-01,-1.215342283248901367e-01,-8.888180367648601532e-03,-2.740926146507263184e-01,3.010798096656799316e-01,-3.485370576381683350e-01,8.825789391994476318e-02,-7.343307137489318848e-02
-1.120495557785034180e+00,-7.862104475498199463e-02,8.279235363006591797e-01,-7.903582416474819183e-03,-2.841767389327287674e-03,1.030167862772941589e-01,-9.946441650390625000e-01,-1.029306054115295410e-01,2.669977769255638123e-02,3.936463892459869385e-01,2.616070210933685303e-01,-1.051701456308364868e-01,-2.545338869094848633e-02,-1.273668110370635986e-01,-1.855869144201278687e-01,-6.240391731262207031e-01,4.526480734348297119e-01,-1.214509010314941406e-01,1.027533411979675293e-02,-2.359545603394508362e-02,2.221191674470901489e-01,2.171710878610610962e-01,-1.246973499655723572e-01,-5.028310418128967285e-01,-1.208755597472190857e-01,-5.591879598796367645e-03,-2.738600671291351318e-01,3.003900349140167236e-01,-3.484453558921813965e-01,9.055185317993164062e-02,-7.277317345142364502e-02
-1.120915889739990234e+00,-8.055751025676727295e-02,8.274466991424560547e-01,-8.414396084845066071e-03,-1.545647624880075455e-03,1.103093326091766357e-01,-9.938604831695556641e-01,-1.077026426792144775e-01,3.275188431143760681e-02,3.984088003635406494e-01,2.798661589622497559e-01,-1.060345992445945740e-01,-2.875350229442119598e-02,-1.041092574596405029e-01,-1.687777638435363770e-01,-6.298785209655761719e-01,4.102625250816345215e-01,-1.400377750396728516e-01,1.035018544644117355e-02,-2.407900057733058929e-02,2.230770885944366455e-01,2.158540189266204834e-01,-1.246532052755355835e-01,-5.019084215164184570e-01,-1.198479533195495605e-01,-2.296753926202654839e-03,-2.735642492771148682e-01,3.002287447452545166e-01,-3.480979502201080322e-01,9.365531802177429199e-02,-7.181748002767562866e-02
-1.121307730674743652e+00,-8.239337801933288574e-02,8.270049691200256348e-01,-7.418805733323097229e-03,-9.106047800742089748e-04,1.174771785736083984e-01,-9.930474758148193359e-01,-1.099828407168388367e-01,4.087855666875839233e-02,4.032365977764129639e-01,2.933109104633331299e-01,-1.122842431068420410e-01,-3.208499401807785034e-02,-8.256800472736358643e-02,-1.491817682981491089e-01,-6.338833570480346680e-01,3.674209117889404297e-01,-1.505313366651535034e-01,1.778714172542095184e-02,-2.488297410309314728e-02,2.239521592855453491e-01,2.148386090993881226e-01,-1.242936775088310242e-01,-5.009889602661132812e-01,-1.187614202499389648e-01,8.484665886498987675e-04,-2.730158865451812744e-01,3.006655573844909668e-01,-3.481296896934509277e-01,9.736314415931701660e-02,-7.059857994318008423e-02
-1.121919035911560059e+00,-8.418001979589462280e-02,8.266320824623107910e-01,-5.524146836251020432e-03,-2.168497012462466955e-04,1.239063069224357605e-01,-9.922785162925720215e-01,-1.165849417448043823e-01,5.173004418611526489e-02,4.052512347698211670e-01,3.116375505924224854e-01,-1.178264692425727844e-01,-3.450258821249008179e-02,-6.503075361251831055e-02,-1.298428624868392944e-01,-6.301741600036621094e-01,3.298061490058898926e-01,-1.529044806957244873e-01,1.828558556735515594e-02,-2.678837254643440247e-02,2.248653322458267212e-01,2.146492004394531250e-01,-1.235699728131294250e-01,-4.997292160987854004e-01,-1.180346757173538208e-01,3.919534385204315186e-03,-2.718241810798645020e-01,3.016125261783599854e-01,-3.486412763595581055e-01,1.011806726455688477e-01,-6.906189769506454468e-02
-1.122731208801269531e+00,-8.641507476568222046e-02,8.264552950859069824e-01,-6.235180888324975967e-03,1.376224565319716930e-03,1.309299767017364502e-01,-9.913710355758666992e-01,-1.277838200330734253e-01,6.075438112020492554e-02,4.066587090492248535e-01,3.415222764015197754e-01,-1.120738685131072998e-01,-3.444193303585052490e-02,-4.944977164268493652e-02,-1.165094599127769470e-01,-6.220184564590454102e-01,2.968391478061676025e-01,-1.596710681915283203e-01,1.492047682404518127e-02,-2.857643924653530121e-02,2.259273380041122437e-01,2.145043760538101196e-01,-1.225524619221687317e-01,-4.983243942260742188e-01,-1.170279383659362793e-01,6.759431678801774979e-03,-2.705073654651641846e-01,3.028361201286315918e-01,-3.486596047878265381e-01,1.043782755732536316e-01,-6.748152524232864380e-02
-1.123591542243957520e+00,-8.852659910917282104e-02,8.263585567474365234e-01,-5.412067286670207977e-03,1.944274990819394588e-03,1.385596543550491333e-01,-9.903373718261718750e-01,-1.403190195560455322e-01,7.292553037405014038e-02,4.068186879158020020e-01,3.706193268299102783e-01,-1.084483861923217773e-01,-3.800094500184059143e-02,-3.669310733675956726e-02,-9.993337839841842651e-02,-6.132778525352478027e-01,2.648867368698120117e-01,-1.627422124147415161e-01,1.124329678714275360e-02,-2.874946780502796173e-02,2.269108295440673828e-01,2.145041078329086304e-01,-1.210971549153327942e-01,-4.969671368598937988e-01,-1.157564148306846619e-01,9.212978184223175049e-03,-2.691015005111694336e-01,3.044847249984741211e-01,-3.490009307861328125e-01,1.076637953519821167e-01,-6.582503020763397217e-02
-1.124536037445068359e+00,-9.067718684673309326e-02,8.267817497253417969e-01,-5.336263682693243027e-03,2.692033071070909500e-03,1.449764668941497803e-01,-9.894170761108398438e-01,-1.559090763330459595e-01,8.362762629985809326e-02,4.068879783153533936e-01,4.041831791400909424e-01,-1.035591214895248413e-01,-2.303000912070274353e-02,-2.912178076803684235e-02,-8.941591531038284302e-02,-6.056411266326904297e-01,2.447589635848999023e-01,-1.612326949834823608e-01,4.978301003575325012e-03,-3.084876760840415955e-02,2.276339679956436157e-01,2.143518924713134766e-01,-1.200595423579216003e-01,-4.964339733123779297e-01,-1.151309162378311157e-01,1.082189194858074188e-02,-2.682217061519622803e-01,3.057988584041595459e-01,-3.488089144229888916e-01,1.090164333581924438e-01,-6.488284468650817871e-02
-1.125692009925842285e+00,-9.260446578264236450e-02,8.271045684814453125e-01,-4.727258812636137009e-03,3.222521860152482986e-03,1.518955379724502563e-01,-9.883800148963928223e-01,-1.744725108146667480e-01,9.691610932350158691e-02,4.050920605659484863e-01,4.413625001907348633e-01,-9.293249249458312988e-02,-1.897880621254444122e-02,-2.257914654910564423e-02,-7.814019918441772461e-02,-5.955943465232849121e-01,2.249464243650436401e-01,-1.569903492927551270e-01,-2.024241723120212555e-03,-3.235198184847831726e-02,2.283644229173660278e-01,2.142810970544815063e-01,-1.187193691730499268e-01,-4.956798255443572998e-01,-1.143299713730812073e-01,1.231757923960685730e-02,-2.671501338481903076e-01,3.074889481067657471e-01,-3.486849665641784668e-01,1.106336712837219238e-01,-6.394731253385543823e-02
-1.126997590065002441e+00,-9.466969966888427734e-02,8.276144862174987793e-01,-4.347454756498336792e-03,3.892411245033144951e-03,1.590750366449356079e-01,-9.872492551803588867e-01,-2.000735253095626831e-01,1.131357401609420776e-01,4.027132391929626465e-01,4.895937144756317139e-01,-7.048435509204864502e-02,-1.545590069144964218e-02,-1.680865697562694550e-02,-6.764044612646102905e-02,-5.849006175994873047e-01,2.057712972164154053e-01,-1.508970111608505249e-01,-7.329235784709453583e-03,-3.230490535497665405e-02,2.290942370891571045e-01,2.140134125947952271e-01,-1.173807755112648010e-01,-4.948762953281402588e-01,-1.134887784719467163e-01,1.363439485430717468e-02,-2.661446034908294678e-01,3.093247413635253906e-01,-3.485372364521026611e-01,1.121939271688461304e-01,-6.305680423974990845e-02
-1.128311395645141602e+00,-9.672546386718750000e-02,8.283823132514953613e-01,-4.125732928514480591e-03,4.379571881145238876e-03,1.668375432491302490e-01,-9.859660267829895020e-01,-2.321947365999221802e-01,1.309637129306793213e-01,3.981350362300872803e-01,5.421937108039855957e-01,-3.148376941680908203e-02,-1.589049817994236946e-03,-1.164131332188844681e-02,-5.818542093038558960e-02,-5.731759667396545410e-01,1.874175369739532471e-01,-1.426375210285186768e-01,-9.659023024141788483e-03,-3.024451807141304016e-02,2.298214137554168701e-01,2.131496220827102661e-01,-1.163015514612197876e-01,-4.941039681434631348e-01,-1.126808077096939087e-01,1.478902436792850494e-02,-2.655708193778991699e-01,3.111338913440704346e-01,-3.482731878757476807e-01,1.135726347565650940e-01,-6.228259205818176270e-02
-1.129613637924194336e+00,-9.843704849481582642e-02,8.290076851844787598e-01,-3.975024912506341934e-03,4.337015096098184586e-03,1.752704828977584839e-01,-9.845027327537536621e-01,-2.659414410591125488e-01,1.489707380533218384e-01,3.903557956218719482e-01,5.947937369346618652e-01,7.232205476611852646e-03,1.108107436448335648e-02,-7.562891114503145218e-03,-4.993218183517456055e-02,-5.611518621444702148e-01,1.702479273080825806e-01,-1.343889534473419189e-01,-9.263119660317897797e-03,-2.657840959727764130e-02,2.303385883569717407e-01,2.120480090379714966e-01,-1.153753325343132019e-01,-4.935215115547180176e-01,-1.119517087936401367e-01,1.575744152069091797e-02,-2.650405764579772949e-01,3.131227493286132812e-01,-3.481306433677673340e-01,1.150018647313117981e-01,-6.152770295739173889e-02
-1.130941629409790039e+00,-1.000905930995941162e-01,8.295574188232421875e-01,-4.421027377247810364e-03,4.607766866683959961e-03,1.831936687231063843e-01,-9.830561280250549316e-01,-3.009585738182067871e-01,1.659087091684341431e-01,3.831990361213684082e-01,6.473937034606933594e-01,5.044838041067123413e-02,2.719829976558685303e-02,-4.768529441207647324e-03,-4.459556937217712402e-02,-5.510891675949096680e-01,1.571059226989746094e-01,-1.276948153972625732e-01,-8.372644893825054169e-03,-2.253259345889091492e-02,2.307197004556655884e-01,2.105676680803298950e-01,-1.148615032434463501e-01,-4.931253194808959961e-01,-1.114201545715332031e-01,1.657524146139621735e-02,-2.648111581802368164e-01,3.151165544986724854e-01,-3.479964137077331543e-01,1.163650825619697571e-01,-6.087111309170722961e-02
-1.132249832153320312e+00,-1.015988662838935852e-01,8.300663828849792480e-01,-5.759357474744319916e-03,5.211894400417804718e-03,1.913477480411529541e-01,-9.814915657043457031e-01,-3.376667797565460205e-01,1.810262799263000488e-01,3.744901716709136963e-01,6.999937295913696289e-01,9.454183280467987061e-02,5.205934122204780579e-02,-2.678812248632311821e-03,-4.222223535180091858e-02,-5.408973097801208496e-01,1.464647501707077026e-01,-1.225625127553939819e-01,-7.486622780561447144e-03,-1.785491593182086945e-02,2.309811562299728394e-01,2.085733413696289062e-01,-1.148519068956375122e-01,-4.929485321044921875e-01,-1.110848709940910339e-01,1.735225506126880646e-02,-2.651747465133666992e-01,3.171449303627014160e-01,-3.477316498756408691e-01,1.177560165524482727e-01,-6.031739711761474609e-02
-1.133530616760253906e+00,-1.031183600425720215e-01,8.304953575134277344e-01,-7.359560579061508179e-03,5.608323495835065842e-03,1.997260302305221558e-01,-9.798080921173095703e-01,-3.767805099487304688e-01,1.950578093528747559e-01,3.629962503910064697e-01,7.525936961174011230e-01,1.297402679920196533e-01,8.500955253839492798e-02,-2.152691362425684929e-03,-4.099460318684577942e-02,-5.302332043647766113e-01,1.378120481967926025e-01,-1.184941902756690979e-01,-7.741769775748252869e-03,-1.297689694911241531e-02,2.311200499534606934e-01,2.061085850000381470e-01,-1.153469011187553406e-01,-4.929845035076141357e-01,-1.109441071748733521e-01,1.801809296011924744e-02,-2.660951018333435059e-01,3.192708790302276611e-01,-3.474865555763244629e-01,1.192411184310913086e-01,-5.987362563610076904e-02
-1.134749293327331543e+00,-1.043368428945541382e-01,8.307337760925292969e-01,-8.787036873400211334e-03,5.727621726691722870e-03,2.085750848054885864e-01,-9.779500961303710938e-01,-4.175011515617370605e-01,2.080262750387191772e-01,3.480786979198455811e-01,8.051937222480773926e-01,1.520445197820663452e-01,1.211205124855041504e-01,-2.978715579956769943e-03,-3.991732746362686157e-02,-5.184295773506164551e-01,1.303847283124923706e-01,-1.150785237550735474e-01,-7.059084717184305191e-03,-8.208233863115310669e-03,2.310481369495391846e-01,2.032804787158966064e-01,-1.162497550249099731e-01,-4.933007657527923584e-01,-1.109593957662582397e-01,1.846495456993579865e-02,-2.674727141857147217e-01,3.215960562229156494e-01,-3.474443554878234863e-01,1.209005787968635559e-01,-5.952388048171997070e-02
-1.135883331298828125e+00,-1.052919253706932068e-01,8.306513428688049316e-01,-9.506419301033020020e-03,5.360378418117761612e-03,2.175227403640747070e-01,-9.759942293167114258e-01,-4.596166014671325684e-01,2.207382321357727051e-01,3.310863375663757324e-01,8.577937483787536621e-01,1.581393331289291382e-01,1.517711579799652100e-01,-5.050656851381063461e-03,-3.758370503783226013e-02,-5.059916377067565918e-01,1.240461543202400208e-01,-1.127342805266380310e-01,-7.079692091792821884e-03,-4.480929113924503326e-03,2.306941449642181396e-01,2.004575729370117188e-01,-1.173706427216529846e-01,-4.939049184322357178e-01,-1.111340224742889404e-01,1.864058151841163635e-02,-2.690350413322448730e-01,3.242864012718200684e-01,-3.477936387062072754e-01,1.228132396936416626e-01,-5.924505740404129028e-02
-1.136807322502136230e+00,-1.061171591281890869e-01,8.304374217987060547e-01,-8.842252194881439209e-03,4.553064703941345215e-03,2.263969630002975464e-01,-9.739843606948852539e-01,-5.018535852432250977e-01,2.342200577259063721e-01,3.110371828079223633e-01,9.103937149047851562e-01,1.443727761507034302e-01,1.659938395023345947e-01,-7.827759720385074615e-03,-3.233346715569496155e-02,-4.928348660469055176e-01,1.187622249126434326e-01,-1.103718653321266174e-01,-9.166098199784755707e-03,-1.472445554099977016e-03,2.300155460834503174e-01,1.985657513141632080e-01,-1.184193566441535950e-01,-4.947974383831024170e-01,-1.115662828087806702e-01,1.846592687070369720e-02,-2.699399590492248535e-01,3.274437189102172852e-01,-3.488546907901763916e-01,1.248838454484939575e-01,-5.898340418934822083e-02
-1.137577533721923828e+00,-1.067564636468887329e-01,8.299695253372192383e-01,-6.635771598666906357e-03,2.930030226707458496e-03,2.356269508600234985e-01,-9.718164801597595215e-01,-5.456618666648864746e-01,2.491028159856796265e-01,2.877372801303863525e-01,9.629937410354614258e-01,1.161820814013481140e-01,1.721881181001663208e-01,-1.154702901840209961e-02,-2.336791530251502991e-02,-4.774095118045806885e-01,1.132545918226242065e-01,-1.077247411012649536e-01,-1.168933045119047165e-02,6.300694658420979977e-04,2.290454059839248657e-01,1.991229802370071411e-01,-1.188145354390144348e-01,-4.959628582000732422e-01,-1.122869700193405151e-01,1.806333474814891815e-02,-2.687412798404693604e-01,3.310378193855285645e-01,-3.507819473743438721e-01,1.267852187156677246e-01,-5.868822336196899414e-02
-1.138016939163208008e+00,-1.074281632900238037e-01,8.292874693870544434e-01,-3.326852805912494659e-03,1.232029870152473450e-03,2.456300109624862671e-01,-9.693571925163269043e-01,-5.901647210121154785e-01,2.640393376350402832e-01,2.596443891525268555e-01,1.015593767166137695e+00,8.221541345119476318e-02,1.788394898176193237e-01,-1.470381300896406174e-02,-1.196425873786211014e-02,-4.593482315540313721e-01,1.078730300068855286e-01,-1.036734580993652344e-01,-1.523298956453800201e-02,3.798289457336068153e-03,2.280948162078857422e-01,2.023121416568756104e-01,-1.184159368276596069e-01,-4.972393810749053955e-01,-1.132175400853157043e-01,1.756810955703258514e-02,-2.652922570705413818e-01,3.350255787372589111e-01,-3.533146083354949951e-01,1.284849047660827637e-01,-5.826189741492271423e-02
-1.138352632522583008e+00,-1.080692335963249207e-01,8.289816379547119141e-01,-9.781611151993274689e-04,-5.874667476746253669e-05,2.558827698230743408e-01,-9.667073488235473633e-01,-6.298045516014099121e-01,2.723771333694458008e-01,2.304524034261703491e-01,1.059928536415100098e+00,5.210223793983459473e-02,1.853155344724655151e-01,-1.720712706446647644e-02,-2.775175031274557114e-03,-4.399209022521972656e-01,1.022320017218589783e-01,-9.807810187339782715e-02,-1.838036626577377319e-02,7.107749115675687790e-03,2.274197489023208618e-01,2.062556594610214233e-01,-1.174903512001037598e-01,-4.985531866550445557e-01,-1.139063388109207153e-01,1.702932454645633698e-02,-2.613981962203979492e-01,3.393510282039642334e-01,-3.557309210300445557e-01,1.304143369197845459e-01,-5.765900015830993652e-02
-1.138591051101684570e+00,-1.087750494480133057e-01,8.294408917427062988e-01,-1.751670730300247669e-03,-3.918585425708442926e-04,2.649283707141876221e-01,-9.642664194107055664e-01,-6.581702828407287598e-01,2.682069242000579834e-01,2.053386867046356201e-01,1.087973237037658691e+00,2.707607857882976532e-02,1.860296577215194702e-01,-1.869950443506240845e-02,-9.507614886388182640e-04,-4.223314821720123291e-01,9.675709158182144165e-02,-9.263778477907180786e-02,-2.106792107224464417e-02,8.187993429601192474e-03,2.270391285419464111e-01,2.077835947275161743e-01,-1.166131570935249329e-01,-4.998947978019714355e-01,-1.137490198016166687e-01,1.632489636540412903e-02,-2.599773406982421875e-01,3.437705338001251221e-01,-3.571545481681823730e-01,1.330576539039611816e-01,-5.686098337173461914e-02
-1.138665795326232910e+00,-1.095375046133995056e-01,8.300337195396423340e-01,-3.453586483374238014e-03,-5.673427949659526348e-04,2.733865976333618164e-01,-9.618978500366210938e-01,-6.827977299690246582e-01,2.586998939514160156e-01,1.804439425468444824e-01,1.110666513442993164e+00,3.829969326034188271e-03,1.860669553279876709e-01,-2.007244341075420380e-02,-1.377338427118957043e-03,-4.058029055595397949e-01,9.144567698240280151e-02,-8.789319545030593872e-02,-2.328249625861644745e-02,8.520254865288734436e-03,2.270139306783676147e-01,2.074910998344421387e-01,-1.157792508602142334e-01,-5.009768605232238770e-01,-1.129586175084114075e-01,1.532574743032455444e-02,-2.601391077041625977e-01,3.480021357536315918e-01,-3.578784763813018799e-01,1.358838528394699097e-01,-5.591151118278503418e-02
-1.138589382171630859e+00,-1.101577952504158020e-01,8.305113911628723145e-01,-5.121295806020498276e-03,-2.006095892284065485e-04,2.813718616962432861e-01,-9.595851302146911621e-01,-7.043390870094299316e-01,2.461971044540405273e-01,1.554438471794128418e-01,1.130756735801696777e+00,-1.920028217136859894e-02,1.858315318822860718e-01,-2.019294537603855133e-02,-2.597644925117492676e-03,-3.911164700984954834e-01,8.671002835035324097e-02,-8.383677154779434204e-02,-2.494867332279682159e-02,7.726891897618770599e-03,2.273089587688446045e-01,2.059480547904968262e-01,-1.150651127099990845e-01,-5.017606019973754883e-01,-1.118361875414848328e-01,1.396107953041791916e-02,-2.612749636173248291e-01,3.518873453140258789e-01,-3.580779433250427246e-01,1.385975778102874756e-01,-5.484735965728759766e-02
-1.138321518898010254e+00,-1.108965948224067688e-01,8.310891389846801758e-01,-7.232066243886947632e-03,3.274814516771584749e-04,2.889298796653747559e-01,-9.573228955268859863e-01,-7.227683067321777344e-01,2.296257466077804565e-01,1.298560053110122681e-01,1.146766662597656250e+00,-4.056119173765182495e-02,1.853155642747879028e-01,-1.944926939904689789e-02,-4.831404890865087509e-03,-3.777242898941040039e-01,8.129458874464035034e-02,-8.002324402332305908e-02,-2.607588469982147217e-02,7.272581569850444794e-03,2.278107106685638428e-01,2.034282684326171875e-01,-1.145468726754188538e-01,-5.023915767669677734e-01,-1.105550080537796021e-01,1.234964281320571899e-02,-2.630051672458648682e-01,3.553780615329742432e-01,-3.577100634574890137e-01,1.410063952207565308e-01,-5.367282032966613770e-02
-1.137984991073608398e+00,-1.113873869180679321e-01,8.315383791923522949e-01,-8.824622258543968201e-03,1.217538258060812950e-03,2.958395183086395264e-01,-9.551961421966552734e-01,-7.385112047195434570e-01,2.115155011415481567e-01,1.047407984733581543e-01,1.160618543624877930e+00,-6.173060089349746704e-02,1.845964342355728149e-01,-1.799838431179523468e-02,-7.046608719974756241e-03,-3.665445148944854736e-01,7.697068899869918823e-02,-7.634628564119338989e-02,-2.667978964745998383e-02,5.531936418265104294e-03,2.286088764667510986e-01,2.001193314790725708e-01,-1.144597902894020081e-01,-5.028427243232727051e-01,-1.094048470258712769e-01,1.036752574145793915e-02,-2.651077210903167725e-01,3.584032356739044189e-01,-3.569429218769073486e-01,1.430063694715499878e-01,-5.242090672254562378e-02
-1.137408614158630371e+00,-1.118708997964859009e-01,8.319245576858520508e-01,-1.033474691212177277e-02,1.635705237276852131e-03,3.023939728736877441e-01,-9.531255960464477539e-01,-7.533243894577026367e-01,1.901642978191375732e-01,7.738073915243148804e-02,1.172365307807922363e+00,-8.115995675325393677e-02,1.836418956518173218e-01,-1.729842275381088257e-02,-9.269324131309986115e-03,-3.570725619792938232e-01,7.303042709827423096e-02,-7.254786044359207153e-02,-2.687932178378105164e-02,2.469297731295228004e-03,2.298092395067214966e-01,1.953161358833312988e-01,-1.150242313742637634e-01,-5.032440423965454102e-01,-1.082607358694076538e-01,7.663334254175424576e-03,-2.678980529308319092e-01,3.611255288124084473e-01,-3.557348251342773438e-01,1.448086947202682495e-01,-5.078133940696716309e-02
-1.136653065681457520e+00,-1.122384369373321533e-01,8.323325514793395996e-01,-1.172919385135173798e-02,2.089107874780893326e-03,3.085531294345855713e-01,-9.511324763298034668e-01,-7.638579010963439941e-01,1.680542230606079102e-01,5.191960185766220093e-02,1.178979873657226562e+00,-9.622946381568908691e-02,1.825745701789855957e-01,-1.803330145776271820e-02,-1.221726648509502411e-02,-3.488007485866546631e-01,7.229185849428176880e-02,-7.034865766763687134e-02,-2.693203091621398926e-02,-2.091101370751857758e-03,2.312591522932052612e-01,1.899198889732360840e-01,-1.162038743495941162e-01,-5.037322640419006348e-01,-1.075835078954696655e-01,4.029867704957723618e-03,-2.706562280654907227e-01,3.634355366230010986e-01,-3.548794984817504883e-01,1.459003984928131104e-01,-4.881003871560096741e-02
-1.135810613632202148e+00,-1.124798655509948730e-01,8.326455354690551758e-01,-1.287843938916921616e-02,3.217939054593443871e-03,3.153879046440124512e-01,-9.488700032234191895e-01,-7.723684310913085938e-01,1.455930769443511963e-01,2.705642208456993103e-02,1.184386372566223145e+00,-1.069104745984077454e-01,1.768564730882644653e-01,-1.982983015477657318e-02,-1.586394384503364563e-02,-3.390782177448272705e-01,7.513666898012161255e-02,-6.909031420946121216e-02,-2.686123549938201904e-02,-6.683069746941328049e-03,2.332248389720916748e-01,1.844187229871749878e-01,-1.178960651159286499e-01,-5.037137866020202637e-01,-1.075477004051208496e-01,3.792296411120332778e-05,-2.732226848602294922e-01,3.654665350914001465e-01,-3.544797599315643311e-01,1.463603675365447998e-01,-4.659902676939964294e-02
-1.134928584098815918e+00,-1.127299070358276367e-01,8.329564332962036133e-01,-1.425855886191129684e-02,3.392429323866963387e-03,3.226212859153747559e-01,-9.464146494865417480e-01,-7.777500152587890625e-01,1.219777539372444153e-01,2.765742363408207893e-03,1.184171319007873535e+00,-1.151360273361206055e-01,1.658837646245956421e-01,-2.202965691685676575e-02,-1.925688236951828003e-02,-3.275575935840606689e-01,7.763712108135223389e-02,-6.886625289916992188e-02,-2.546530403196811676e-02,-1.046019792556762695e-02,2.358599305152893066e-01,1.773061752319335938e-01,-1.202219650149345398e-01,-5.038779377937316895e-01,-1.089931279420852661e-01,-6.119942292571067810e-03,-2.763933837413787842e-01,3.693966269493103027e-01,-3.542001545429229736e-01,1.465647667646408081e-01,-4.274867847561836243e-02
-1.133787870407104492e+00,-1.128077358007431030e-01,8.331269621849060059e-01,-1.495296694338321686e-02,3.880492644384503365e-03,3.307740092277526855e-01,-9.435835480690002441e-01,-7.779106497764587402e-01,1.001975759863853455e-01,-2.040407620370388031e-02,1.179653525352478027e+00,-1.194841191172599792e-01,1.546962410211563110e-01,-1.850309409201145172e-02,-2.064500190317630768e-02,-3.152632713317871094e-01,7.472095638513565063e-02,-6.921996921300888062e-02,-2.556137740612030029e-02,-1.311999652534723282e-02,2.383557707071304321e-01,1.717457026243209839e-01,-1.221081241965293884e-01,-5.036318302154541016e-01,-1.111366823315620422e-01,-1.125423982739448547e-02,-2.789655029773712158e-01,3.736084103584289551e-01,-3.550536036491394043e-01,1.467040479183197021e-01,-3.910737484693527222e-02
-1.132544994354248047e+00,-1.129028201103210449e-01,8.332340121269226074e-01,-1.495667267590761185e-02,5.088911857455968857e-03,3.392066061496734619e-01,-9.405792355537414551e-01,-7.766016721725463867e-01,7.891475409269332886e-02,-4.459215328097343445e-02,1.174917578697204590e+00,-1.219638362526893616e-01,1.392938345670700073e-01,-2.064171247184276581e-02,-2.196376398205757141e-02,-3.006433546543121338e-01,7.608915120363235474e-02,-6.608198583126068115e-02,-2.545079775154590607e-02,-1.597357168793678284e-02,2.411852180957794189e-01,1.668751537799835205e-01,-1.234757527709007263e-01,-5.021599531173706055e-01,-1.131381988525390625e-01,-1.538722030818462372e-02,-2.814104557037353516e-01,3.785849809646606445e-01,-3.564823567867279053e-01,1.478987038135528564e-01,-3.535685315728187561e-02
-1.131141066551208496e+00,-1.129405125975608826e-01,8.332788944244384766e-01,-1.502390298992395401e-02,5.364852026104927063e-03,3.482674956321716309e-01,-9.372594356536865234e-01,-7.736004590988159180e-01,5.832727625966072083e-02,-6.817149370908737183e-02,1.165701270103454590e+00,-1.228260993957519531e-01,1.220913529396057129e-01,-2.247795090079307556e-02,-2.267142198979854584e-02,-2.840619385242462158e-01,7.684427499771118164e-02,-6.482270359992980957e-02,-2.466052025556564331e-02,-1.820370927453041077e-02,2.439324110746383667e-01,1.623388677835464478e-01,-1.239673271775245667e-01,-5.005632638931274414e-01,-1.141154542565345764e-01,-1.906754635274410248e-02,-2.838671803474426270e-01,3.843852877616882324e-01,-3.592062890529632568e-01,1.502373069524765015e-01,-3.132319450378417969e-02
-1.129604816436767578e+00,-1.130685210227966309e-01,8.333649039268493652e-01,-1.523557398468255997e-02,5.474063102155923843e-03,3.574085533618927002e-01,-9.338077902793884277e-01,-7.673752307891845703e-01,3.799285367131233215e-02,-9.113776683807373047e-02,1.151918530464172363e+00,-1.233971789479255676e-01,1.054962053894996643e-01,-2.449303865432739258e-02,-2.347417548298835754e-02,-2.667889297008514404e-01,7.697434723377227783e-02,-6.310489028692245483e-02,-2.322461456060409546e-02,-1.892054080963134766e-02,2.467415332794189453e-01,1.580704897642135620e-01,-1.237085461616516113e-01,-4.984738826751708984e-01,-1.142522171139717102e-01,-2.234853059053421021e-02,-2.863446772098541260e-01,3.907500505447387695e-01,-3.626448214054107666e-01,1.531285196542739868e-01,-2.712581679224967957e-02
-1.128142952919006348e+00,-1.131983324885368347e-01,8.333604335784912109e-01,-1.508557703346014023e-02,5.537944845855236053e-03,3.665477633476257324e-01,-9.302604198455810547e-01,-7.591955065727233887e-01,1.946908235549926758e-02,-1.136273294687271118e-01,1.135631322860717773e+00,-1.238094046711921692e-01,8.901438117027282715e-02,-2.609558217227458954e-02,-2.339893020689487457e-02,-2.489914745092391968e-01,7.730058580636978149e-02,-6.161472946405410767e-02,-2.257592231035232544e-02,-2.015607990324497223e-02,2.494985610246658325e-01,1.541056036949157715e-01,-1.224930658936500549e-01,-4.960399568080902100e-01,-1.132134124636650085e-01,-2.524973452091217041e-02,-2.887485027313232422e-01,3.975930511951446533e-01,-3.661324381828308105e-01,1.564939171075820923e-01,-2.269477955996990204e-02
-1.126584529876708984e+00,-1.134654805064201355e-01,8.333548307418823242e-01,-1.505543757230043411e-02,5.294408183544874191e-03,3.754041194915771484e-01,-9.267238378524780273e-01,-7.484562993049621582e-01,2.142440294846892357e-03,-1.351597607135772705e-01,1.114560127258300781e+00,-1.241666525602340698e-01,7.200314849615097046e-02,-2.866988070309162140e-02,-2.325400337576866150e-02,-2.311166077852249146e-01,7.751099765300750732e-02,-5.980721116065979004e-02,-2.166982367634773254e-02,-2.130166441202163696e-02,2.521608769893646240e-01,1.504773646593093872e-01,-1.206323355436325073e-01,-4.936797916889190674e-01,-1.114302352070808411e-01,-2.795456349849700928e-02,-2.908295392990112305e-01,4.044539034366607666e-01,-3.697223663330078125e-01,1.591642498970031738e-01,-1.813698746263980865e-02
-1.124980807304382324e+00,-1.136521175503730774e-01,8.333479166030883789e-01,-1.491277106106281281e-02,4.923383239656686783e-03,3.842561542987823486e-01,-9.230929613113403320e-01,-7.358102798461914062e-01,-1.314333733171224594e-02,-1.550906151533126831e-01,1.090101480484008789e+00,-1.261382400989532471e-01,5.735801905393600464e-02,-3.067880123853683472e-02,-2.281082980334758759e-02,-2.131975293159484863e-01,7.712120562791824341e-02,-5.798452347517013550e-02,-2.090463787317276001e-02,-2.276417426764965057e-02,2.547641098499298096e-01,1.472199261188507080e-01,-1.182924062013626099e-01,-4.913290143013000488e-01,-1.094175130128860474e-01,-3.059234097599983215e-02,-2.926454842090606689e-01,4.110889732837677002e-01,-3.729805946350097656e-01,1.607554852962493896e-01,-1.375619601458311081e-02
-1.123335838317871094e+00,-1.140485480427742004e-01,8.333434462547302246e-01,-1.466786395758390427e-02,4.354450386017560959e-03,3.929718732833862305e-01,-9.194231629371643066e-01,-7.213418483734130859e-01,-2.627546153962612152e-02,-1.741887927055358887e-01,1.062293171882629395e+00,-1.268874555826187134e-01,4.512846097350120544e-02,-3.239692002534866333e-02,-2.183541469275951385e-02,-1.956649720668792725e-01,7.650410383939743042e-02,-5.660481005907058716e-02,-1.949530467391014099e-02,-2.383672818541526794e-02,2.572197020053863525e-01,1.443124264478683472e-01,-1.156778335571289062e-01,-4.895807206630706787e-01,-1.074335426092147827e-01,-3.340139612555503845e-02,-2.942969202995300293e-01,4.174071848392486572e-01,-3.760210573673248291e-01,1.615873575210571289e-01,-9.753386490046977997e-03
-1.121543169021606445e+00,-1.144415587186813354e-01,8.333097696304321289e-01,-1.452970691025257111e-02,3.741437569260597229e-03,4.017704427242279053e-01,-9.156175255775451660e-01,-7.041356563568115234e-01,-3.739333152770996094e-02,-1.911694109439849854e-01,1.030207633972167969e+00,-1.287720352411270142e-01,3.127654641866683960e-02,-3.532952442765235901e-02,-2.132805436849594116e-02,-1.776225417852401733e-01,7.740306854248046875e-02,-5.550416931509971619e-02,-1.832015998661518097e-02,-2.545593678951263428e-02,2.598539888858795166e-01,1.418958306312561035e-01,-1.130627989768981934e-01,-4.874226450920104980e-01,-1.061436310410499573e-01,-3.641469404101371765e-02,-2.956342399120330811e-01,4.231958389282226562e-01,-3.786856532096862793e-01,1.611386239528656006e-01,-6.115805823355913162e-03
-1.119751811027526855e+00,-1.148428171873092651e-01,8.331995010375976562e-01,-1.418276596814393997e-02,3.059138311073184013e-03,4.105839133262634277e-01,-9.117074012756347656e-01,-6.850308179855346680e-01,-4.680810496211051941e-02,-2.077054977416992188e-01,9.946364760398864746e-01,-1.284812688827514648e-01,1.772294193506240845e-02,-3.885328397154808044e-02,-2.038804627954959869e-02,-1.598109900951385498e-01,7.882893830537796021e-02,-5.439060553908348083e-02,-1.738962717354297638e-02,-2.587078139185905457e-02,2.626548409461975098e-01,1.400336623191833496e-01,-1.108989715576171875e-01,-4.848578274250030518e-01,-1.069118827581405640e-01,-3.966797143220901489e-02,-2.965541183948516846e-01,4.282706975936889648e-01,-3.808400034904479980e-01,1.586263924837112427e-01,-2.625509398058056831e-03
-1.118045926094055176e+00,-1.152390912175178528e-01,8.329913020133972168e-01,-1.330755371600389481e-02,2.751139691099524498e-03,4.192982017993927002e-01,-9.077468514442443848e-01,-6.632091999053955078e-01,-5.421377718448638916e-02,-2.243998795747756958e-01,9.564023613929748535e-01,-1.281425058841705322e-01,4.087986424565315247e-03,-4.073292762041091919e-02,-1.860342733561992645e-02,-1.423093229532241821e-01,8.010867983102798462e-02,-5.353109166026115417e-02,-1.647977158427238464e-02,-2.600691653788089752e-02,2.655062079429626465e-01,1.386311799287796021e-01,-1.092258170247077942e-01,-4.822534322738647461e-01,-1.095185130834579468e-01,-4.295486211776733398e-02,-2.971481382846832275e-01,4.326750934123992920e-01,-3.816929161548614502e-01,1.543645709753036499e-01,3.080834285356104374e-04
-1.116299152374267578e+00,-1.157018318772315979e-01,8.327754139900207520e-01,-1.240826956927776337e-02,2.400796860456466675e-03,4.279943108558654785e-01,-9.036930799484252930e-01,-6.393930912017822266e-01,-6.076732650399208069e-02,-2.415931969881057739e-01,9.148596525192260742e-01,-1.298557221889495850e-01,-7.878517732024192810e-03,-4.211628064513206482e-02,-1.670291461050510406e-02,-1.250484138727188110e-01,8.062477409839630127e-02,-5.213430523872375488e-02,-1.544671319425106049e-02,-2.546947263181209564e-02,2.684434056282043457e-01,1.376471817493438721e-01,-1.080134212970733643e-01,-4.795236289501190186e-01,-1.135435476899147034e-01,-4.626659676432609558e-02,-2.973116636276245117e-01,4.364868104457855225e-01,-3.813537061214447021e-01,1.488159149885177612e-01,2.305486937984824181e-03
-1.114529013633728027e+00,-1.162826418876647949e-01,8.325046896934509277e-01,-1.164003089070320129e-02,2.306436654180288315e-03,4.366143047809600830e-01,-8.995705246925354004e-01,-6.126211881637573242e-01,-6.643503904342651367e-02,-2.576013803482055664e-01,8.693184256553649902e-01,-1.332726478576660156e-01,-1.936123520135879517e-02,-4.335778206586837769e-02,-1.540824212133884430e-02,-1.086010113358497620e-01,8.249125629663467407e-02,-5.195259675383567810e-02,-1.383218169212341309e-02,-2.494543232023715973e-02,2.713554799556732178e-01,1.365272998809814453e-01,-1.066634878516197205e-01,-4.764981269836425781e-01,-1.188654825091362000e-01,-5.018702149391174316e-02,-2.973303198814392090e-01,4.406671226024627686e-01,-3.792187869548797607e-01,1.404199749231338501e-01,3.419417655095458031e-03
-1.112590432167053223e+00,-1.168632581830024719e-01,8.319551348686218262e-01,-1.009368523955345154e-02,1.942899776622653008e-03,4.450913369655609131e-01,-8.954262137413024902e-01,-5.855082869529724121e-01,-6.961991637945175171e-02,-2.742027938365936279e-01,8.232242465019226074e-01,-1.367402225732803345e-01,-3.422230109572410583e-02,-4.561379179358482361e-02,-1.262789592146873474e-02,-9.202784299850463867e-02,8.616548776626586914e-02,-5.264246091246604919e-02,-1.268924772739410400e-02,-2.463449165225028992e-02,2.741984426975250244e-01,1.360352337360382080e-01,-1.057788059115409851e-01,-4.741972386837005615e-01,-1.242752000689506531e-01,-5.412298068404197693e-02,-2.967664003372192383e-01,4.440101683139801025e-01,-3.767766058444976807e-01,1.321614086627960205e-01,3.533546580001711845e-03
-1.110692739486694336e+00,-1.175250634551048279e-01,8.315277695655822754e-01,-9.032415226101875305e-03,1.657877815887331963e-03,4.538239240646362305e-01,-8.910440802574157715e-01,-5.565498471260070801e-01,-7.266815006732940674e-02,-2.903019487857818604e-01,7.737263441085815430e-01,-1.355034857988357544e-01,-4.681700468063354492e-02,-4.786361381411552429e-02,-1.068607065826654434e-02,-7.450064271688461304e-02,9.057800471782684326e-02,-5.433781072497367859e-02,-1.111345179378986359e-02,-2.399993687868118286e-02,2.771372795104980469e-01,1.359112560749053955e-01,-1.053255349397659302e-01,-4.713850915431976318e-01,-1.293301284313201904e-01,-5.797084793448448181e-02,-2.956407070159912109e-01,4.470376372337341309e-01,-3.749217391014099121e-01,1.249733194708824158e-01,2.997054252773523331e-03
-1.108464002609252930e+00,-1.182164922356605530e-01,8.310824036598205566e-01,-7.904963567852973938e-03,1.237602555193006992e-03,4.626554250717163086e-01,-8.865020871162414551e-01,-5.262438654899597168e-01,-7.426121830940246582e-02,-3.048170506954193115e-01,7.218376398086547852e-01,-1.348829269409179688e-01,-5.711511150002479553e-02,-5.127073451876640320e-02,-8.798528462648391724e-03,-5.671763047575950623e-02,9.621502459049224854e-02,-5.628145486116409302e-02,-9.334536269307136536e-03,-2.348609454929828644e-02,2.799303531646728516e-01,1.361306160688400269e-01,-1.051720231771469116e-01,-4.694340229034423828e-01,-1.340901553630828857e-01,-6.163532659411430359e-02,-2.941584289073944092e-01,4.498346447944641113e-01,-3.732315599918365479e-01,1.187224984169006348e-01,1.937637338414788246e-03
-1.106424331665039062e+00,-1.190013810992240906e-01,8.306376934051513672e-01,-6.564046721905469894e-03,1.114135491661727428e-03,4.715084731578826904e-01,-8.818364143371582031e-01,-4.945190250873565674e-01,-7.449907064437866211e-02,-3.182321190834045410e-01,6.688312292098999023e-01,-1.304785907268524170e-01,-7.088967412710189819e-02,-5.438432842493057251e-02,-6.432049907743930817e-03,-3.862858936190605164e-02,1.024436280131340027e-01,-5.843820050358772278e-02,-8.025387302041053772e-03,-2.279962971806526184e-02,2.827109396457672119e-01,1.366547495126724243e-01,-1.051394566893577576e-01,-4.676803052425384521e-01,-1.377899795770645142e-01,-6.500191986560821533e-02,-2.923797070980072021e-01,4.525940120220184326e-01,-3.706412911415100098e-01,1.143863871693611145e-01,4.344758926890790462e-04
-1.104364275932312012e+00,-1.197237968444824219e-01,8.300917148590087891e-01,-4.774933215230703354e-03,1.074692350812256336e-03,4.800705611705780029e-01,-8.772162199020385742e-01,-4.628114700317382812e-01,-7.317663729190826416e-02,-3.304776251316070557e-01,6.169245243072509766e-01,-1.234903931617736816e-01,-8.234750479459762573e-02,-5.744059756398200989e-02,-3.339277347549796104e-03,-2.067077532410621643e-02,1.093090698122978210e-01,-6.052011996507644653e-02,-7.166134193539619446e-03,-2.221167646348476410e-02,2.854822576045989990e-01,1.375453472137451172e-01,-1.050912737846374512e-01,-4.658218324184417725e-01,-1.401244401931762695e-01,-6.798352301120758057e-02,-2.901563048362731934e-01,4.553979635238647461e-01,-3.679375052452087402e-01,1.107540950179100037e-01,-1.365760457701981068e-03
-1.102267265319824219e+00,-1.204215213656425476e-01,8.295303583145141602e-01,-2.940369304269552231e-03,6.928625516593456268e-04,4.882018864154815674e-01,-8.727254867553710938e-01,-4.318181276321411133e-01,-7.075577974319458008e-02,-3.397351503372192383e-01,5.651257634162902832e-01,-1.114647760987281799e-01,-9.378796815872192383e-02,-6.133138388395309448e-02,1.259131240658462048e-04,-3.648555604740977287e-03,1.168112903833389282e-01,-6.256481260061264038e-02,-5.397314205765724182e-03,-2.222344093024730682e-02,2.880919873714447021e-01,1.390510499477386475e-01,-1.052185297012329102e-01,-4.650301933288574219e-01,-1.430824697017669678e-01,-7.054080814123153687e-02,-2.875133454799652100e-01,4.582914710044860840e-01,-3.647015988826751709e-01,1.078004613518714905e-01,-3.076948691159486771e-03
-1.100246310234069824e+00,-1.212106645107269287e-01,8.289007544517517090e-01,-9.118481539189815521e-04,1.738225400913506746e-04,4.961134195327758789e-01,-8.682572245597839355e-01,-4.016003310680389404e-01,-6.665968894958496094e-02,-3.452317416667938232e-01,5.152428746223449707e-01,-9.454580396413803101e-02,-1.027087271213531494e-01,-6.569582223892211914e-02,4.185571335256099701e-03,1.216669753193855286e-02,1.260335594415664673e-01,-6.607486307621002197e-02,-4.260378889739513397e-03,-2.255099453032016754e-02,2.905676066875457764e-01,1.411363333463668823e-01,-1.051677614450454712e-01,-4.646018743515014648e-01,-1.449466794729232788e-01,-7.280423492193222046e-02,-2.844272851943969727e-01,4.612909555435180664e-01,-3.619890213012695312e-01,1.052292585372924805e-01,-5.337196402251720428e-03
-1.098156332969665527e+00,-1.218842342495918274e-01,8.283060193061828613e-01,8.646693895570933819e-04,-3.504572378005832434e-04,5.038545131683349609e-01,-8.637880086898803711e-01,-3.723542392253875732e-01,-6.218479946255683899e-02,-3.458640575408935547e-01,4.668237566947937012e-01,-7.136327028274536133e-02,-1.127870231866836548e-01,-6.988382339477539062e-02,7.775583304464817047e-03,2.824506349861621857e-02,1.359225064516067505e-01,-7.057935744524002075e-02,-2.918230602517724037e-03,-2.373415231704711914e-02,2.927542924880981445e-01,1.437902897596359253e-01,-1.051390022039413452e-01,-4.647032618522644043e-01,-1.463639438152313232e-01,-7.439114898443222046e-02,-2.813865542411804199e-01,4.643802344799041748e-01,-3.603751659393310547e-01,1.048121750354766846e-01,-7.028992287814617157e-03
-1.096119046211242676e+00,-1.226897388696670532e-01,8.276262879371643066e-01,2.867371775209903717e-03,-5.100944545120000839e-04,5.110137462615966797e-01,-8.595675826072692871e-01,-3.432664573192596436e-01,-5.689515545964241028e-02,-3.407976627349853516e-01,4.213505387306213379e-01,-4.212606325745582581e-02,-1.208484917879104614e-01,-7.633719593286514282e-02,1.154288835823535919e-02,4.348721355199813843e-02,1.491174250841140747e-01,-7.534387707710266113e-02,-1.648486708290874958e-03,-2.554493211209774017e-02,2.950441241264343262e-01,1.469462513923645020e-01,-1.050115227699279785e-01,-4.647098481655120850e-01,-1.477755904197692871e-01,-7.558013498783111572e-02,-2.781538665294647217e-01,4.676935374736785889e-01,-3.577725589275360107e-01,1.042665839195251465e-01,-8.999738842248916626e-03
-1.094238519668579102e+00,-1.232103258371353149e-01,8.270397782325744629e-01,4.303093533962965012e-03,-1.220280464622192085e-04,5.175545811653137207e-01,-8.556393384933471680e-01,-3.212031722068786621e-01,-5.459343641996383667e-02,-3.298109471797943115e-01,3.907476365566253662e-01,-1.912663131952285767e-02,-7.251794636249542236e-02,-8.102400600910186768e-02,1.367974374443292618e-02,5.771071463823318481e-02,1.614135354757308960e-01,-8.056323975324630737e-02,8.670034003444015980e-05,-2.803298458456993103e-02,2.972369790077209473e-01,1.493024677038192749e-01,-1.053249090909957886e-01,-4.652091860771179199e-01,-1.493165045976638794e-01,-7.649726420640945435e-02,-2.760312855243682861e-01,4.713497757911682129e-01,-3.539949059486389160e-01,1.041883602738380432e-01,-1.085334271192550659e-02
-1.092206001281738281e+00,-1.239779442548751831e-01,8.271510004997253418e-01,4.490398336201906204e-03,-1.051215105690062046e-03,5.232012867927551270e-01,-8.521966338157653809e-01,-3.045551776885986328e-01,-5.056823045015335083e-02,-3.106717467308044434e-01,3.695477843284606934e-01,-2.257023938000202179e-02,-2.252095937728881836e-02,-9.323210269212722778e-02,1.447235234081745148e-02,6.882921606302261353e-02,1.807077229022979736e-01,-8.225381374359130859e-02,3.019342664629220963e-03,-3.178758174180984497e-02,2.988821864128112793e-01,1.516231894493103027e-01,-1.057667657732963562e-01,-4.673057198524475098e-01,-1.506661325693130493e-01,-7.779892534017562866e-02,-2.743741869926452637e-01,4.751949906349182129e-01,-3.524325489997863770e-01,1.048571914434432983e-01,-1.288730837404727936e-02
-1.089983820915222168e+00,-1.236134693026542664e-01,8.268836736679077148e-01,4.553088452666997910e-03,-4.941897350363433361e-04,5.290319919586181641e-01,-8.485894799232482910e-01,-2.941865324974060059e-01,-4.608792066574096680e-02,-2.857708632946014404e-01,3.559673428535461426e-01,-3.316975384950637817e-02,-2.852731849998235703e-03,-1.055025532841682434e-01,1.328096352517604828e-02,8.274921774864196777e-02,2.021895498037338257e-01,-8.717545866966247559e-02,6.460281554609537125e-03,-3.571224585175514221e-02,3.003567159175872803e-01,1.544378697872161865e-01,-1.060599386692047119e-01,-4.702281951904296875e-01,-1.518126130104064941e-01,-7.874794304370880127e-02,-2.729275524616241455e-01,4.791681468486785889e-01,-3.501267731189727783e-01,1.062460988759994507e-01,-1.533453445881605148e-02
-1.087599515914916992e+00,-1.235438436269760132e-01,8.268025517463684082e-01,4.137870855629444122e-03,-1.574032008647918701e-03,5.362061858177185059e-01,-8.440754413604736328e-01,-2.793629169464111328e-01,-3.812676668167114258e-02,-2.663330137729644775e-01,3.366551697254180908e-01,-4.063329845666885376e-02,-1.064510084688663483e-02,-1.264802962541580200e-01,1.270064990967512131e-02,9.447886794805526733e-02,2.325606495141983032e-01,-8.851642906665802002e-02,9.705753996968269348e-03,-3.587710484862327576e-02,3.012783825397491455e-01,1.576911062002182007e-01,-1.058607548475265503e-01,-4.736466705799102783e-01,-1.514132916927337646e-01,-7.992161810398101807e-02,-2.713641524314880371e-01,4.827750623226165771e-01,-3.492673933506011963e-01,1.079270541667938232e-01,-1.756019704043865204e-02
-1.085498929023742676e+00,-1.234756708145141602e-01,8.266125917434692383e-01,3.287720959633588791e-03,-1.254780800081789494e-03,5.433095693588256836e-01,-8.395250439643859863e-01,-2.718261778354644775e-01,-3.518831357359886169e-02,-2.484633326530456543e-01,3.262967467308044434e-01,-4.735988378524780273e-02,-1.656236127018928528e-02,-1.462075710296630859e-01,1.083761733025312424e-02,1.063904240727424622e-01,2.671972811222076416e-01,-9.353334456682205200e-02,1.236436888575553894e-02,-3.552200645208358765e-02,3.016349971294403076e-01,1.603586226701736450e-01,-1.059554815292358398e-01,-4.757124483585357666e-01,-1.514053642749786377e-01,-8.075779676437377930e-02,-2.707369327545166016e-01,4.854324162006378174e-01,-3.484047651290893555e-01,1.094651222229003906e-01,-1.938899047672748566e-02
-1.083853483200073242e+00,-1.232580915093421936e-01,8.265159726142883301e-01,2.364507643505930901e-03,-5.965879536233842373e-04,5.489335656166076660e-01,-8.358624577522277832e-01,-2.638546824455261230e-01,-3.392413631081581116e-02,-2.318624705076217651e-01,3.177140057086944580e-01,-4.640336334705352783e-02,-1.483853254467248917e-02,-1.723974943161010742e-01,1.020982209593057632e-02,1.208996772766113281e-01,3.067689239978790283e-01,-9.511487185955047607e-02,1.366401929408311844e-02,-3.670043125748634338e-02,3.018541336059570312e-01,1.630077064037322998e-01,-1.063192561268806458e-01,-4.782202839851379395e-01,-1.513646245002746582e-01,-8.175338059663772583e-02,-2.709107697010040283e-01,4.878905713558197021e-01,-3.466915488243103027e-01,1.117071583867073059e-01,-2.172088250517845154e-02
-1.082203388214111328e+00,-1.229146271944046021e-01,8.265352249145507812e-01,1.154488534666597843e-03,-1.090664300136268139e-04,5.546849966049194336e-01,-8.320596218109130859e-01,-2.584125697612762451e-01,-3.249575570225715637e-02,-2.121545523405075073e-01,3.089443743228912354e-01,-4.219321161508560181e-02,-1.631160080432891846e-02,-1.992516666650772095e-01,9.964729659259319305e-03,1.303674131631851196e-01,3.499864637851715088e-01,-9.021144360303878784e-02,1.944531127810478210e-02,-3.739582747220993042e-02,3.018163442611694336e-01,1.654005646705627441e-01,-1.070947945117950439e-01,-4.808100759983062744e-01,-1.516315639019012451e-01,-8.312079310417175293e-02,-2.718049585819244385e-01,4.895998537540435791e-01,-3.447053432464599609e-01,1.134694218635559082e-01,-2.456399053335189819e-02
-1.080645203590393066e+00,-1.222911328077316284e-01,8.266273140907287598e-01,2.052889176411554217e-04,-1.596440997673198581e-04,5.609532594680786133e-01,-8.278474211692810059e-01,-2.533313930034637451e-01,-2.940245158970355988e-02,-1.929828822612762451e-01,3.002263009548187256e-01,-3.949347138404846191e-02,-2.306598797440528870e-02,-2.298107594251632690e-01,1.068038865923881531e-02,1.353547126054763794e-01,3.954407870769500732e-01,-8.522760123014450073e-02,4.090756550431251526e-02,-3.682665526866912842e-02,3.012493848800659180e-01,1.676470339298248291e-01,-1.082229763269424438e-01,-4.838012754917144775e-01,-1.522603332996368408e-01,-8.493561297655105591e-02,-2.730731368064880371e-01,4.903202652931213379e-01,-3.429337143898010254e-01,1.140223070979118347e-01,-2.762630954384803772e-02
-1.079072594642639160e+00,-1.215921491384506226e-01,8.267447948455810547e-01,2.351896255277097225e-04,-4.992887843400239944e-04,5.658295154571533203e-01,-8.245220780372619629e-01,-2.490059584379196167e-01,-2.517043985426425934e-02,-1.758161187171936035e-01,2.935552597045898438e-01,-3.764677420258522034e-02,-3.185200318694114685e-02,-2.625644207000732422e-01,1.336170546710491180e-02,1.428024470806121826e-01,4.450154602527618408e-01,-6.884288787841796875e-02,4.959811642765998840e-02,-3.870785981416702271e-02,3.005260527133941650e-01,1.702355146408081055e-01,-1.094503477215766907e-01,-4.865671396255493164e-01,-1.529802829027175903e-01,-8.687482029199600220e-02,-2.741477787494659424e-01,4.902427494525909424e-01,-3.411699533462524414e-01,1.135413646697998047e-01,-3.096717596054077148e-02
-1.077435135841369629e+00,-1.207902133464813232e-01,8.268569111824035645e-01,4.476051544770598412e-04,-1.286893966607749462e-03,5.707500576972961426e-01,-8.211227059364318848e-01,-2.461078464984893799e-01,-2.078233845531940460e-02,-1.593791395425796509e-01,2.889158129692077637e-01,-3.707950189709663391e-02,-3.763712570071220398e-02,-2.970503568649291992e-01,1.688232272863388062e-02,1.503665000200271606e-01,4.944143593311309814e-01,-4.512240365147590637e-02,6.220680847764015198e-02,-4.039521887898445129e-02,2.994912266731262207e-01,1.730316281318664551e-01,-1.107923686504364014e-01,-4.893866181373596191e-01,-1.537641435861587524e-01,-8.904910832643508911e-02,-2.750484049320220947e-01,4.894717335700988770e-01,-3.398220241069793701e-01,1.121959015727043152e-01,-3.434117138385772705e-02
-1.075675725936889648e+00,-1.199908480048179626e-01,8.269782066345214844e-01,5.847685388289391994e-04,-2.639881568029522896e-03,5.760764479637145996e-01,-8.173913359642028809e-01,-2.441447824239730835e-01,-1.642743311822414398e-02,-1.436897963285446167e-01,2.849929332733154297e-01,-3.763404488563537598e-02,-4.125300049781799316e-02,-3.325038850307464600e-01,2.075010351836681366e-02,1.576865911483764648e-01,5.425035953521728516e-01,-1.481960434466600418e-02,8.716026693582534790e-02,-4.125309363007545471e-02,2.980982959270477295e-01,1.759748756885528564e-01,-1.122689545154571533e-01,-4.923701882362365723e-01,-1.546625643968582153e-01,-9.140670299530029297e-02,-2.759145498275756836e-01,4.881962239742279053e-01,-3.388279974460601807e-01,1.103966087102890015e-01,-3.753885999321937561e-02
-1.073979377746582031e+00,-1.193428933620452881e-01,8.268440961837768555e-01,4.553491307888180017e-04,-3.233099356293678284e-03,5.814487934112548828e-01,-8.135764598846435547e-01,-2.414949834346771240e-01,-1.406015083193778992e-02,-1.291501224040985107e-01,2.821323871612548828e-01,-3.959249705076217651e-02,-3.951664641499519348e-02,-3.731135427951812744e-01,2.195928618311882019e-02,1.693557202816009521e-01,5.916728973388671875e-01,2.035400830209255219e-02,1.220598071813583374e-01,-4.290620237588882446e-02,2.965323030948638916e-01,1.791142523288726807e-01,-1.137589216232299805e-01,-4.952223300933837891e-01,-1.556353121995925903e-01,-9.364210814237594604e-02,-2.764803767204284668e-01,4.867015182971954346e-01,-3.382385373115539551e-01,1.085581034421920776e-01,-4.028187319636344910e-02
-1.072244763374328613e+00,-1.186826974153518677e-01,8.265031576156616211e-01,-4.469505220185965300e-04,-3.980678971856832504e-03,5.884199142456054688e-01,-8.085455894470214844e-01,-2.403118908405303955e-01,-1.285417750477790833e-02,-1.132732778787612915e-01,2.796741425991058350e-01,-4.249612241983413696e-02,-3.648507222533226013e-02,-4.114883244037628174e-01,2.351104281842708588e-02,1.778521239757537842e-01,6.380443572998046875e-01,5.185535922646522522e-02,1.707226634025573730e-01,-4.077105969190597534e-02,2.947489619255065918e-01,1.823373585939407349e-01,-1.155662313103675842e-01,-4.983976483345031738e-01,-1.568339169025421143e-01,-9.630388766527175903e-02,-2.773048877716064453e-01,4.850361943244934082e-01,-3.380491435527801514e-01,1.066348850727081299e-01,-4.289932548999786377e-02
-1.070551156997680664e+00,-1.182469427585601807e-01,8.262089490890502930e-01,-1.507716951891779900e-03,-4.857438616454601288e-03,5.959294438362121582e-01,-8.030207157135009766e-01,-2.386510372161865234e-01,-1.155015081167221069e-02,-9.710744768381118774e-02,2.770115733146667480e-01,-4.591540619730949402e-02,-3.308878839015960693e-02,-4.501015841960906982e-01,2.401499077677726746e-02,1.828969120979309082e-01,6.843751668930053711e-01,7.869320362806320190e-02,2.284214943647384644e-01,-3.632980585098266602e-02,2.927699983119964600e-01,1.856711208820343018e-01,-1.173491254448890686e-01,-5.016459226608276367e-01,-1.580172479152679443e-01,-9.903442859649658203e-02,-2.781553268432617188e-01,4.834226667881011963e-01,-3.382963836193084717e-01,1.049100309610366821e-01,-4.521574452519416809e-02
-1.069163203239440918e+00,-1.180607229471206665e-01,8.260200619697570801e-01,-2.545298542827367783e-03,-6.126133725047111511e-03,6.042702794075012207e-01,-7.967517971992492676e-01,-2.369343936443328857e-01,-8.793721906840801239e-03,-7.928479462862014771e-02,2.745330631732940674e-01,-5.031938105821609497e-02,-2.943930588662624359e-02,-4.900694787502288818e-01,2.334008365869522095e-02,1.808659285306930542e-01,7.314507961273193359e-01,9.871000051498413086e-02,2.601310610771179199e-01,-2.975845523178577423e-02,2.905676960945129395e-01,1.898572146892547607e-01,-1.189130842685699463e-01,-5.050719380378723145e-01,-1.592564284801483154e-01,-1.017489731311798096e-01,-2.784886658191680908e-01,4.818854331970214844e-01,-3.390231728553771973e-01,1.032049208879470825e-01,-4.733185097575187683e-02
-1.067741274833679199e+00,-1.177683472633361816e-01,8.258162140846252441e-01,-3.392819548025727272e-03,-6.772775668650865555e-03,6.127144098281860352e-01,-7.902681231498718262e-01,-2.343042343854904175e-01,-6.444517523050308228e-03,-6.003934890031814575e-02,2.723298668861389160e-01,-5.424445495009422302e-02,-2.550882287323474884e-02,-5.315871238708496094e-01,2.009333856403827667e-02,1.760922074317932129e-01,7.836722731590270996e-01,1.047675833106040955e-01,2.617165446281433105e-01,-2.187950164079666138e-02,2.881495952606201172e-01,1.947984844446182251e-01,-1.201039552688598633e-01,-5.087026357650756836e-01,-1.603914648294448853e-01,-1.042977720499038696e-01,-2.785680592060089111e-01,4.805156886577606201e-01,-3.399586677551269531e-01,1.016654893755912781e-01,-4.931146278977394104e-02
-1.065971851348876953e+00,-1.175454184412956238e-01,8.258711695671081543e-01,-4.091531969606876373e-03,-7.050069049000740051e-03,6.205105781555175781e-01,-7.841557264328002930e-01,-2.298004478216171265e-01,-4.779134411364793777e-03,-4.104610532522201538e-02,2.683832347393035889e-01,-5.649318918585777283e-02,-2.265470288693904877e-02,-5.711461305618286133e-01,1.621385291218757629e-02,1.748915165662765503e-01,8.362722396850585938e-01,9.236541390419006348e-02,2.617958188056945801e-01,-1.444977801293134689e-02,2.856741547584533691e-01,2.002808898687362671e-01,-1.207311227917671204e-01,-5.121813416481018066e-01,-1.612318009138107300e-01,-1.064549759030342102e-01,-2.786327898502349854e-01,4.794113039970397949e-01,-3.408165276050567627e-01,1.005080714821815491e-01,-5.113981291651725769e-02
-1.064105987548828125e+00,-1.175258457660675049e-01,8.260071277618408203e-01,-4.688596352934837341e-03,-7.062852382659912109e-03,6.275020837783813477e-01,-7.785687446594238281e-01,-2.242593914270401001e-01,-3.886555321514606476e-03,-2.336493507027626038e-02,2.636788189411163330e-01,-5.799748003482818604e-02,-2.061861939728260040e-02,-6.089225411415100098e-01,1.144182123243808746e-02,1.740445792675018311e-01,8.888722658157348633e-01,7.073073834180831909e-02,2.617997825145721436e-01,-7.235146127641201019e-03,2.831402719020843506e-01,2.059658765792846680e-01,-1.206453964114189148e-01,-5.153619050979614258e-01,-1.615791618824005127e-01,-1.081617400050163269e-01,-2.788329720497131348e-01,4.784452617168426514e-01,-3.414235413074493408e-01,9.970608353614807129e-02,-5.284702777862548828e-02
-1.062597393989562988e+00,-1.177793294191360474e-01,8.260405063629150391e-01,-6.117162294685840607e-03,-7.071939297020435333e-03,6.339489817619323730e-01,-7.733183503150939941e-01,-2.198157906532287598e-01,-4.450330510735511780e-03,-7.353584747761487961e-03,2.590443789958953857e-01,-5.935421213507652283e-02,-1.963014714419841766e-02,-6.476303339004516602e-01,1.214516349136829376e-03,1.674090027809143066e-01,9.414722323417663574e-01,4.971557110548019409e-02,2.382498234510421753e-01,-8.604517788626253605e-04,2.803453803062438965e-01,2.105241864919662476e-01,-1.199653148651123047e-01,-5.185233950614929199e-01,-1.610224097967147827e-01,-1.097237467765808105e-01,-2.804588377475738525e-01,4.775786697864532471e-01,-3.415897190570831299e-01,9.945345669984817505e-02,-5.448329821228981018e-02
-1.061199903488159180e+00,-1.179781779646873474e-01,8.258637189865112305e-01,-8.360091596841812134e-03,-6.434428971260786057e-03,6.391861438751220703e-01,-7.689796686172485352e-01,-2.159090340137481689e-01,-7.961273193359375000e-03,6.168396677821874619e-03,2.542121410369873047e-01,-5.998404324054718018e-02,-1.876323856413364410e-02,-6.862349510192871094e-01,-1.442744769155979156e-02,1.585493683815002441e-01,9.940722584724426270e-01,2.648155577480792999e-02,2.076726704835891724e-01,3.176620230078697205e-03,2.772085964679718018e-01,2.127681523561477661e-01,-1.189681068062782288e-01,-5.218967199325561523e-01,-1.592557430267333984e-01,-1.113447621464729309e-01,-2.846927642822265625e-01,4.768308997154235840e-01,-3.411944508552551270e-01,9.988934546709060669e-02,-5.608821287751197815e-02
-1.060075402259826660e+00,-1.182912439107894897e-01,8.261960148811340332e-01,-8.259795606136322021e-03,-6.431846879422664642e-03,6.441977620124816895e-01,-7.647873759269714355e-01,-2.107711732387542725e-01,-6.246623117476701736e-03,1.910731010138988495e-02,2.503465712070465088e-01,-6.072389334440231323e-02,-1.826277375221252441e-02,-7.138701677322387695e-01,-2.860152721405029297e-02,1.441561430692672729e-01,1.034219622611999512e+00,5.022373981773853302e-03,1.718939393758773804e-01,7.586656138300895691e-03,2.739715278148651123e-01,2.158512324094772339e-01,-1.170218884944915771e-01,-5.247555375099182129e-01,-1.569391041994094849e-01,-1.122916042804718018e-01,-2.878976166248321533e-01,4.759801626205444336e-01,-3.406946063041687012e-01,9.995428472757339478e-02,-5.777375027537345886e-02
-1.058731675148010254e+00,-1.187281012535095215e-01,8.267856240272521973e-01,-7.742985151708126068e-03,-7.623234298080205917e-03,6.486430168151855469e-01,-7.610152363777160645e-01,-2.068541049957275391e-01,-2.928902162238955498e-03,3.047651611268520355e-02,2.461950331926345825e-01,-6.170472130179405212e-02,-1.774856634438037872e-02,-7.382922768592834473e-01,-4.154357686638832092e-02,1.300093084573745728e-01,1.069804549217224121e+00,-1.691622287034988403e-02,1.341312378644943237e-01,9.601126424968242645e-03,2.707098722457885742e-01,2.193303853273391724e-01,-1.143394634127616882e-01,-5.271780490875244141e-01,-1.541399657726287842e-01,-1.125112473964691162e-01,-2.900326550006866455e-01,4.749245345592498779e-01,-3.399129211902618408e-01,9.947267174720764160e-02,-5.937364697456359863e-02
-1.057580232620239258e+00,-1.190645769238471985e-01,8.272690773010253906e-01,-6.846116390079259872e-03,-8.284201845526695251e-03,6.526339054107666016e-01,-7.575972080230712891e-01,-2.026252150535583496e-01,3.821397840511053801e-04,4.135985672473907471e-02,2.433645278215408325e-01,-6.282743811607360840e-02,-1.676939427852630615e-02,-7.590562105178833008e-01,-5.481182411313056946e-02,1.160950586199760437e-01,1.103801250457763672e+00,-3.947136923670768738e-02,9.851426631212234497e-02,1.053552143275737762e-02,2.674676477909088135e-01,2.229260951280593872e-01,-1.111939176917076111e-01,-5.293254852294921875e-01,-1.509686410427093506e-01,-1.121468693017959595e-01,-2.911686301231384277e-01,4.735641777515411377e-01,-3.388009369373321533e-01,9.829986095428466797e-02,-6.079627200961112976e-02
-1.056455373764038086e+00,-1.194654256105422974e-01,8.278196454048156738e-01,-5.967866163700819016e-03,-8.502506650984287262e-03,6.562042832374572754e-01,-7.545117735862731934e-01,-1.965372115373611450e-01,2.718605333939194679e-03,5.165306106209754944e-02,2.389117330312728882e-01,-6.330874562263488770e-02,-1.480380352586507797e-02,-7.766509056091308594e-01,-6.852609664201736450e-02,1.041931137442588806e-01,1.135671734809875488e+00,-6.035615503787994385e-02,6.259067356586456299e-02,1.067848224192857742e-02,2.645504176616668701e-01,2.264205813407897949e-01,-1.080489084124565125e-01,-5.310653448104858398e-01,-1.477920114994049072e-01,-1.112913563847541809e-01,-2.915709912776947021e-01,4.719507694244384766e-01,-3.372446000576019287e-01,9.662832319736480713e-02,-6.192495673894882202e-02
-1.055343985557556152e+00,-1.198479533195495605e-01,8.283178806304931641e-01,-5.009212065488100052e-03,-8.560596965253353119e-03,6.595258712768554688e-01,-7.516164779663085938e-01,-1.904825568199157715e-01,4.767329897731542587e-03,6.217673793435096741e-02,2.344470173120498657e-01,-6.322355568408966064e-02,-1.307927072048187256e-02,-7.915158271789550781e-01,-8.254804462194442749e-02,9.246413409709930420e-02,1.164902329444885254e+00,-7.952920347452163696e-02,3.137531504034996033e-02,1.074079237878322601e-02,2.621663212776184082e-01,2.297244220972061157e-01,-1.054005026817321777e-01,-5.323787927627563477e-01,-1.449715495109558105e-01,-1.100065484642982483e-01,-2.914507687091827393e-01,4.700858294963836670e-01,-3.351269364356994629e-01,9.448365122079849243e-02,-6.273341178894042969e-02
-1.054270505905151367e+00,-1.202224120497703552e-01,8.288378715515136719e-01,-4.125722218304872513e-03,-8.959049358963966370e-03,6.625128984451293945e-01,-7.489855289459228516e-01,-1.849975883960723877e-01,6.980308331549167633e-03,7.162753492593765259e-02,2.298344820737838745e-01,-6.352572888135910034e-02,-1.076615601778030396e-02,-8.038663268089294434e-01,-9.547610580921173096e-02,8.215872943401336670e-02,1.190681695938110352e+00,-9.585812687873840332e-02,5.274813622236251831e-03,9.950870648026466370e-03,2.601582705974578857e-01,2.328442633152008057e-01,-1.034024804830551147e-01,-5.336009860038757324e-01,-1.427327543497085571e-01,-1.083811074495315552e-01,-2.908627688884735107e-01,4.681957662105560303e-01,-3.326478600502014160e-01,9.211198985576629639e-02,-6.327009201049804688e-02
-1.053349375724792480e+00,-1.207920089364051819e-01,8.293133974075317383e-01,-3.488101996481418610e-03,-9.612891823053359985e-03,6.651751399040222168e-01,-7.466173171997070312e-01,-1.811404675245285034e-01,9.188227355480194092e-03,7.979494333267211914e-02,2.260622084140777588e-01,-6.344305723905563354e-02,-9.522395208477973938e-03,-8.139402270317077637e-01,-1.070650145411491394e-01,7.345224916934967041e-02,1.213112711906433105e+00,-1.098423227667808533e-01,-1.617718487977981567e-02,8.547122590243816376e-03,2.585259377956390381e-01,2.358396500349044800e-01,-1.022311449050903320e-01,-5.348793864250183105e-01,-1.413229554891586304e-01,-1.066618859767913818e-01,-2.898547351360321045e-01,4.663909375667572021e-01,-3.302167057991027832e-01,8.974311500787734985e-02,-6.355154514312744141e-02
-1.052644371986389160e+00,-1.213084161281585693e-01,8.296687006950378418e-01,-3.071821294724941254e-03,-9.922740049660205841e-03,6.674256920814514160e-01,-7.446039915084838867e-01,-1.770278662443161011e-01,1.066718064248561859e-02,8.703337609767913818e-02,2.225946485996246338e-01,-6.323195993900299072e-02,-9.301238693296909332e-03,-8.212336301803588867e-01,-1.180854812264442444e-01,6.645984947681427002e-02,1.232398152351379395e+00,-1.245907694101333618e-01,-3.473288193345069885e-02,7.265618536621332169e-03,2.574007213115692139e-01,2.388100326061248779e-01,-1.019477918744087219e-01,-5.360090732574462891e-01,-1.409868597984313965e-01,-1.047899052500724792e-01,-2.886248528957366943e-01,4.647569656372070312e-01,-3.276951014995574951e-01,8.761500567197799683e-02,-6.360993534326553345e-02
-1.051995515823364258e+00,-1.218603402376174927e-01,8.299242258071899414e-01,-2.413291949778795242e-03,-9.645648300647735596e-03,6.693697571754455566e-01,-7.428628802299499512e-01,-1.727399975061416626e-01,1.157115027308464050e-02,9.336974471807479858e-02,2.197893112897872925e-01,-6.304228305816650391e-02,-8.833997882902622223e-03,-8.251709342002868652e-01,-1.280689835548400879e-01,6.146567687392234802e-02,1.249020457267761230e+00,-1.385068446397781372e-01,-5.150175839662551880e-02,5.732438061386346817e-03,2.568018734455108643e-01,2.416225224733352661e-01,-1.024554520845413208e-01,-5.368705391883850098e-01,-1.416468620300292969e-01,-1.025398448109626770e-01,-2.873458862304687500e-01,4.634217619895935059e-01,-3.247744143009185791e-01,8.595976233482360840e-02,-6.349438428878784180e-02
-1.051442384719848633e+00,-1.224471852183341980e-01,8.300783634185791016e-01,-1.844695070758461952e-03,-9.112653322517871857e-03,6.711319088935852051e-01,-7.412796616554260254e-01,-1.665535718202590942e-01,1.194497104734182358e-02,9.954767674207687378e-02,2.161993384361267090e-01,-6.365194171667098999e-02,-8.598539046943187714e-03,-8.259621262550354004e-01,-1.370034515857696533e-01,5.789366737008094788e-02,1.261846423149108887e+00,-1.525926142930984497e-01,-6.197560578584671021e-02,3.911832347512245178e-03,2.567229568958282471e-01,2.442273646593093872e-01,-1.036286130547523499e-01,-5.373611450195312500e-01,-1.431374847888946533e-01,-1.000698283314704895e-01,-2.861386537551879883e-01,4.623496830463409424e-01,-3.215602040290832520e-01,8.486112207174301147e-02,-6.320254504680633545e-02
-1.051036119461059570e+00,-1.231596618890762329e-01,8.302128314971923828e-01,-1.404514769092202187e-03,-8.765857666730880737e-03,6.725783944129943848e-01,-7.399726510047912598e-01,-1.592094898223876953e-01,1.225157454609870911e-02,1.050189211964607239e-01,2.113066911697387695e-01,-6.431540101766586304e-02,-8.200841955840587616e-03,-8.241712450981140137e-01,-1.441982090473175049e-01,5.547295883297920227e-02,1.270720124244689941e+00,-1.647473871707916260e-01,-6.901691854000091553e-02,2.043945714831352234e-03,2.569486796855926514e-01,2.465272992849349976e-01,-1.051540449261665344e-01,-5.375400185585021973e-01,-1.450707167387008667e-01,-9.744296967983245850e-02,-2.849675714969635010e-01,4.614347219467163086e-01,-3.182325959205627441e-01,8.411832153797149658e-02,-6.283070147037506104e-02
-1.050835490226745605e+00,-1.239945888519287109e-01,8.303280472755432129e-01,-1.136223669163882732e-03,-8.478023111820220947e-03,6.738359928131103516e-01,-7.388314008712768555e-01,-1.552856415510177612e-01,1.258768048137426376e-02,1.093904003500938416e-01,2.081396728754043579e-01,-6.373331695795059204e-02,-7.599697913974523544e-03,-8.193196058273315430e-01,-1.492283642292022705e-01,5.464721843600273132e-02,1.274724364280700684e+00,-1.753163337707519531e-01,-7.212772965431213379e-02,6.569355027750134468e-04,2.573887109756469727e-01,2.483920454978942871e-01,-1.068870127201080322e-01,-5.374468564987182617e-01,-1.470870673656463623e-01,-9.476963430643081665e-02,-2.838876545429229736e-01,4.605900347232818604e-01,-3.148411810398101807e-01,8.373295515775680542e-02,-6.242085620760917664e-02
-1.050663113594055176e+00,-1.248299926519393921e-01,8.304285407066345215e-01,-8.370503201149404049e-04,-7.614449132233858109e-03,6.752825379371643066e-01,-7.375193834304809570e-01,-1.493688225746154785e-01,1.211659424006938934e-02,1.145746260881423950e-01,2.036378085613250732e-01,-6.285557150840759277e-02,-6.481999531388282776e-03,-8.109208345413208008e-01,-1.535965055227279663e-01,5.478843301534652710e-02,1.273828625679016113e+00,-1.844091862440109253e-01,-7.174081355333328247e-02,-9.678817004896700382e-04,2.580626606941223145e-01,2.500109374523162842e-01,-1.090414226055145264e-01,-5.366774201393127441e-01,-1.501526534557342529e-01,-9.159643948078155518e-02,-2.824842035770416260e-01,4.594797790050506592e-01,-3.087214529514312744e-01,8.423082530498504639e-02,-6.193696707487106323e-02
-1.050623536109924316e+00,-1.257200241088867188e-01,8.304763436317443848e-01,-8.353346493095159531e-04,-7.801834959536790848e-03,6.764630079269409180e-01,-7.364348173141479492e-01,-1.450710892677307129e-01,1.271248515695333481e-02,1.178503185510635376e-01,2.010405659675598145e-01,-6.378197669982910156e-02,-4.991810768842697144e-03,-8.013166189193725586e-01,-1.553918421268463135e-01,5.481920763850212097e-02,1.268240213394165039e+00,-1.927688121795654297e-01,-6.658342480659484863e-02,-2.312143798917531967e-03,2.584806084632873535e-01,2.510287761688232422e-01,-1.108123287558555603e-01,-5.360305309295654297e-01,-1.517955213785171509e-01,-8.908657729625701904e-02,-2.811538875102996826e-01,4.580114185810089111e-01,-3.051148056983947754e-01,8.421339094638824463e-02,-6.168990954756736755e-02
-1.050617694854736328e+00,-1.266929656267166138e-01,8.305290937423706055e-01,-6.300942623056471348e-04,-7.521504070609807968e-03,6.779664158821105957e-01,-7.350541353225708008e-01,-1.441952288150787354e-01,1.337577588856220245e-02,1.210000738501548767e-01,2.015045136213302612e-01,-6.411796063184738159e-02,-4.901587031781673431e-03,-7.878776788711547852e-01,-1.563667505979537964e-01,5.597310513257980347e-02,1.257470130920410156e+00,-2.005995362997055054e-01,-6.075024232268333435e-02,-3.256192663684487343e-03,2.588516175746917725e-01,2.516534030437469482e-01,-1.123839020729064941e-01,-5.348637104034423828e-01,-1.525182723999023438e-01,-8.677387982606887817e-02,-2.799327969551086426e-01,4.561718702316284180e-01,-3.020141124725341797e-01,8.385814726352691650e-02,-6.162366271018981934e-02
-1.050683379173278809e+00,-1.276888400316238403e-01,8.305327892303466797e-01,-2.724846708588302135e-04,-7.201031316071748734e-03,6.794586777687072754e-01,-7.336784005165100098e-01,-1.414101868867874146e-01,1.435482408851385117e-02,1.245645135641098022e-01,2.023487240076065063e-01,-6.622949242591857910e-02,-5.116123706102371216e-03,-7.709472179412841797e-01,-1.563634425401687622e-01,5.656589567661285400e-02,1.241044282913208008e+00,-2.077958136796951294e-01,-5.381416901946067810e-02,-4.264905583113431931e-03,2.591216862201690674e-01,2.520824968814849854e-01,-1.137948855757713318e-01,-5.333482623100280762e-01,-1.528523564338684082e-01,-8.474598824977874756e-02,-2.786193788051605225e-01,4.537909626960754395e-01,-2.996755540370941162e-01,8.252777159214019775e-02,-6.152229756116867065e-02
-1.050817131996154785e+00,-1.287710666656494141e-01,8.305677771568298340e-01,-6.618513143621385098e-04,-7.616739720106124878e-03,6.808281540870666504e-01,-7.324032783508300781e-01,-1.402586251497268677e-01,1.507579628378152847e-02,1.271603107452392578e-01,2.019162029027938843e-01,-6.764972209930419922e-02,-5.573707632720470428e-03,-7.536321878433227539e-01,-1.557893753051757812e-01,5.728204175829887390e-02,1.219468474388122559e+00,-2.139224708080291748e-01,-4.798986017704010010e-02,-4.942117258906364441e-03,2.588850855827331543e-01,2.522194683551788330e-01,-1.150660887360572815e-01,-5.334144830703735352e-01,-1.526476442813873291e-01,-8.307139575481414795e-02,-2.774485051631927490e-01,4.509016275405883789e-01,-2.979691624641418457e-01,8.054559677839279175e-02,-6.140512600541114807e-02
-1.050992965698242188e+00,-1.298360526561737061e-01,8.305092453956604004e-01,-4.504338430706411600e-04,-7.548480760306119919e-03,6.822181940078735352e-01,-7.311094999313354492e-01,-1.391665339469909668e-01,1.643477194011211395e-02,1.301911175251007080e-01,2.047129571437835693e-01,-7.042756676673889160e-02,-6.093249190598726273e-03,-7.314203381538391113e-01,-1.544065177440643311e-01,5.784892663359642029e-02,1.191707015037536621e+00,-2.182945311069488525e-01,-3.732173144817352295e-02,-5.821427796036005020e-03,2.586352229118347168e-01,2.523054182529449463e-01,-1.164265796542167664e-01,-5.330200195312500000e-01,-1.525626927614212036e-01,-8.145267516374588013e-02,-2.762708067893981934e-01,4.477738142013549805e-01,-2.964102029800415039e-01,7.866540551185607910e-02,-6.114267185330390930e-02
-1.051327109336853027e+00,-1.309252828359603882e-01,8.304671645164489746e-01,-5.495810182765126228e-04,-8.054841309785842896e-03,6.835057735443115234e-01,-7.299004793167114258e-01,-1.346167773008346558e-01,1.802860945463180542e-02,1.335057467222213745e-01,2.036226242780685425e-01,-7.403538376092910767e-02,-7.192463148385286331e-03,-7.068142890930175781e-01,-1.520207226276397705e-01,5.734004452824592590e-02,1.157079458236694336e+00,-2.235058844089508057e-01,-2.710966952145099640e-02,-7.187687326222658157e-03,2.582346498966217041e-01,2.523458600044250488e-01,-1.176901459693908691e-01,-5.332842469215393066e-01,-1.530464291572570801e-01,-8.003155142068862915e-02,-2.749625146389007568e-01,4.443727731704711914e-01,-2.957452535629272461e-01,7.610394805669784546e-02,-6.078301370143890381e-02
-1.051748514175415039e+00,-1.320326477289199829e-01,8.304606676101684570e-01,4.139472730457782745e-05,-7.186795584857463837e-03,6.852633953094482422e-01,-7.282598614692687988e-01,-1.335260272026062012e-01,1.918326877057552338e-02,1.366790682077407837e-01,2.058996111154556274e-01,-7.475990056991577148e-02,-7.578362710773944855e-03,-6.764560937881469727e-01,-1.495428532361984253e-01,5.753315985202789307e-02,1.116152405738830566e+00,-2.286149263381958008e-01,-1.470054034143686295e-02,-7.702175993472337723e-03,2.581095993518829346e-01,2.520528137683868408e-01,-1.189336702227592468e-01,-5.323092937469482422e-01,-1.534393131732940674e-01,-7.845470309257507324e-02,-2.736961245536804199e-01,4.409120678901672363e-01,-2.937273383140563965e-01,7.398436218500137329e-02,-6.017928570508956909e-02
-1.052233219146728516e+00,-1.332181990146636963e-01,8.304110169410705566e-01,6.966231740079820156e-05,-6.843857001513242722e-03,6.867333054542541504e-01,-7.268772721290588379e-01,-1.305355876684188843e-01,2.009211108088493347e-02,1.399759054183959961e-01,2.062485367059707642e-01,-7.677263766527175903e-02,-8.405623026192188263e-03,-6.447715163230895996e-01,-1.477167159318923950e-01,5.569619312882423401e-02,1.069187521934509277e+00,-2.326117306947708130e-01,-1.619173795916140079e-03,-8.152729831635951996e-03,2.578700482845306396e-01,2.515102326869964600e-01,-1.200604513287544250e-01,-5.323096513748168945e-01,-1.534546911716461182e-01,-7.683862745761871338e-02,-2.724359035491943359e-01,4.375877082347869873e-01,-2.917437255382537842e-01,7.296497374773025513e-02,-5.952718481421470642e-02
-1.052983880043029785e+00,-1.344921886920928955e-01,8.302680253982543945e-01,3.233403840567916632e-04,-6.034681573510169983e-03,6.881672143936157227e-01,-7.255269289016723633e-01,-1.253843754529953003e-01,2.095358446240425110e-02,1.436808854341506958e-01,2.056436985731124878e-01,-7.893064618110656738e-02,-9.526772424578666687e-03,-6.094077229499816895e-01,-1.461457610130310059e-01,5.222782120108604431e-02,1.016672730445861816e+00,-2.349296212196350098e-01,9.772016666829586029e-03,-9.001121856272220612e-03,2.577596604824066162e-01,2.507349252700805664e-01,-1.210729181766510010e-01,-5.318714380264282227e-01,-1.530837863683700562e-01,-7.512778788805007935e-02,-2.711775004863739014e-01,4.343419671058654785e-01,-2.894524633884429932e-01,7.219442725181579590e-02,-5.862621217966079712e-02
-1.053890109062194824e+00,-1.358764320611953735e-01,8.299402594566345215e-01,5.408885772339999676e-04,-5.174166522920131683e-03,6.895825266838073730e-01,-7.241884469985961914e-01,-1.219921931624412537e-01,2.208564803004264832e-02,1.472092121839523315e-01,2.072705775499343872e-01,-8.148141205310821533e-02,-1.070910599082708359e-02,-5.713641643524169922e-01,-1.456142961978912354e-01,4.606696963310241699e-02,9.583384990692138672e-01,-2.354076504707336426e-01,1.857142522931098938e-02,-8.953611366450786591e-03,2.577289938926696777e-01,2.495808601379394531e-01,-1.219982355833053589e-01,-5.314435362815856934e-01,-1.516498178243637085e-01,-7.322714477777481079e-02,-2.699357569217681885e-01,4.313828051090240479e-01,-2.866991758346557617e-01,7.257412374019622803e-02,-5.766342952847480774e-02
-1.054919958114624023e+00,-1.372751891613006592e-01,8.295639157295227051e-01,3.702354733832180500e-04,-4.340649582445621490e-03,6.909711360931396484e-01,-7.228692173957824707e-01,-1.199340596795082092e-01,2.284745872020721436e-02,1.506035029888153076e-01,2.094436883926391602e-01,-8.377071470022201538e-02,-1.155015174299478531e-02,-5.314866304397583008e-01,-1.460904031991958618e-01,3.687182441353797913e-02,8.939906954765319824e-01,-2.316455990076065063e-01,2.776074223220348358e-02,-9.152154438197612762e-03,2.577441334724426270e-01,2.480657696723937988e-01,-1.230498999357223511e-01,-5.315987467765808105e-01,-1.499820649623870850e-01,-7.135339081287384033e-02,-2.687330245971679688e-01,4.285966455936431885e-01,-2.846369445323944092e-01,7.339286804199218750e-02,-5.660048499703407288e-02
-1.056024312973022461e+00,-1.387225836515426636e-01,8.291451930999755859e-01,-2.426242099318187684e-05,-3.467688104137778282e-03,6.920539140701293945e-01,-7.218374609947204590e-01,-1.162673383951187134e-01,2.306438609957695007e-02,1.538018584251403809e-01,2.100262790918350220e-01,-8.627552539110183716e-02,-1.267096307128667831e-02,-4.894815087318420410e-01,-1.474196761846542358e-01,2.458608895540237427e-02,8.244245648384094238e-01,-2.208952456712722778e-01,3.239037841558456421e-02,-9.645568206906318665e-03,2.578118741512298584e-01,2.464080899953842163e-01,-1.242826357483863831e-01,-5.319833159446716309e-01,-1.488391011953353882e-01,-6.940218806266784668e-02,-2.676498293876647949e-01,4.260447919368743896e-01,-2.823968529701232910e-01,7.480363547801971436e-02,-5.543090403079986572e-02
-1.057197809219360352e+00,-1.403039246797561646e-01,8.286437988281250000e-01,-1.034772838465869427e-03,-2.407743362709879875e-03,6.930244565010070801e-01,-7.209093570709228516e-01,-1.132054477930068970e-01,2.198748663067817688e-02,1.567957997322082520e-01,2.096500843763351440e-01,-8.821061253547668457e-02,-1.456204149872064590e-02,-4.460065662860870361e-01,-1.498060971498489380e-01,9.073169901967048645e-03,7.498251199722290039e-01,-2.018557935953140259e-01,4.014972969889640808e-02,-9.955235756933689117e-03,2.578413486480712891e-01,2.443972527980804443e-01,-1.256363689899444580e-01,-5.328987240791320801e-01,-1.473238617181777954e-01,-6.753388047218322754e-02,-2.668865621089935303e-01,4.238672852516174316e-01,-2.810921370983123779e-01,7.770357280969619751e-02,-5.421248450875282288e-02
-1.058617353439331055e+00,-1.419057697057723999e-01,8.280525207519531250e-01,-2.235264517366886139e-03,-1.293186331167817116e-03,6.931942701339721680e-01,-7.207461595535278320e-01,-1.074316054582595825e-01,2.058102376759052277e-02,1.593857258558273315e-01,2.073915153741836548e-01,-9.097535163164138794e-02,-1.693284697830677032e-02,-4.009122550487518311e-01,-1.517082154750823975e-01,-8.424472995102405548e-03,6.716611385345458984e-01,-1.730198264122009277e-01,4.719077795743942261e-02,-1.120406202971935272e-02,2.577946484088897705e-01,2.422477751970291138e-01,-1.273077428340911865e-01,-5.346609950065612793e-01,-1.467806249856948853e-01,-6.570041179656982422e-02,-2.666274011135101318e-01,4.217560887336730957e-01,-2.801190316677093506e-01,8.078777045011520386e-02,-5.330244451761245728e-02
-1.060033082962036133e+00,-1.436129212379455566e-01,8.274460434913635254e-01,-3.597699338570237160e-03,5.616284906864166260e-04,6.930907368659973145e-01,-7.208411693572998047e-01,-1.067189648747444153e-01,1.778115518391132355e-02,1.596433818340301514e-01,2.074930965900421143e-01,-9.072209149599075317e-02,-1.852049306035041809e-02,-3.533093929290771484e-01,-1.524642854928970337e-01,-2.418188564479351044e-02,5.895212888717651367e-01,-1.301061660051345825e-01,5.578769743442535400e-02,-1.282549463212490082e-02,2.579079270362854004e-01,2.397355586290359497e-01,-1.294207423925399780e-01,-5.357837677001953125e-01,-1.471170634031295776e-01,-6.377223879098892212e-02,-2.670939564704895020e-01,4.198925495147705078e-01,-2.784622609615325928e-01,8.523353189229965210e-02,-5.272036045789718628e-02
-1.061584949493408203e+00,-1.454253494739532471e-01,8.268029093742370605e-01,-5.230812821537256241e-03,2.207471057772636414e-03,6.920819282531738281e-01,-7.217966318130493164e-01,-1.038234755396842957e-01,1.473783049732446671e-02,1.586776971817016602e-01,2.064181417226791382e-01,-9.194236993789672852e-02,-2.070127427577972412e-02,-3.058404624462127686e-01,-1.513605564832687378e-01,-3.867719694972038269e-02,5.054524540901184082e-01,-7.046114653348922729e-02,7.250383496284484863e-02,-1.606879942119121552e-02,2.579606771469116211e-01,2.368879914283752441e-01,-1.319138407707214355e-01,-5.369322299957275391e-01,-1.479077637195587158e-01,-6.209538504481315613e-02,-2.680929005146026611e-01,4.177332520484924316e-01,-2.779772877693176270e-01,8.830640465021133423e-02,-5.271176993846893311e-02
-1.063543796539306641e+00,-1.472321748733520508e-01,8.262720108032226562e-01,-6.319952663034200668e-03,3.498421283438801765e-03,6.915227770805358887e-01,-7.223185300827026367e-01,-1.007452085614204407e-01,1.384011469781398773e-02,1.585002541542053223e-01,2.056568562984466553e-01,-9.339850395917892456e-02,-2.348078787326812744e-02,-2.626374363899230957e-01,-1.483567357063293457e-01,-5.467380955815315247e-02,4.356338381767272949e-01,-5.267991498112678528e-02,7.694128900766372681e-02,-1.718312688171863556e-02,2.580103576183319092e-01,2.342910468578338623e-01,-1.348394602537155151e-01,-5.376515388488769531e-01,-1.500995159149169922e-01,-6.027834862470626831e-02,-2.691625654697418213e-01,4.155119955539703369e-01,-2.778831422328948975e-01,9.100338816642761230e-02,-5.294182524085044861e-02
-1.065205454826354980e+00,-1.490092128515243530e-01,8.259897828102111816e-01,-7.442663889378309250e-03,3.370542079210281372e-03,6.924427151679992676e-01,-7.214265465736389160e-01,-9.856805950403213501e-02,1.487337797880172729e-02,1.609633862972259521e-01,2.037001550197601318e-01,-9.491049498319625854e-02,-2.625204622745513916e-02,-2.295681983232498169e-01,-1.460757851600646973e-01,-7.783560454845428467e-02,3.872926831245422363e-01,-8.274661749601364136e-02,6.138739734888076782e-02,-1.489767339080572128e-02,2.576208114624023438e-01,2.325086444616317749e-01,-1.376498639583587646e-01,-5.392796993255615234e-01,-1.523749381303787231e-01,-5.882344022393226624e-02,-2.698159515857696533e-01,4.133688211441040039e-01,-2.796815335750579834e-01,9.258469194173812866e-02,-5.313463509082794189e-02
-1.067085623741149902e+00,-1.507392227649688721e-01,8.255244493484497070e-01,-9.112060070037841797e-03,3.708361415192484856e-03,6.926130652427673340e-01,-7.212421894073486328e-01,-9.608226269483566284e-02,1.438115071505308151e-02,1.621722579002380371e-01,2.007298916578292847e-01,-9.582176059484481812e-02,-2.921338751912117004e-02,-1.988485306501388550e-01,-1.442244350910186768e-01,-9.801784157752990723e-02,3.434884250164031982e-01,-1.102423369884490967e-01,4.823784902691841125e-02,-1.564507000148296356e-02,2.569895982742309570e-01,2.307936698198318481e-01,-1.402110159397125244e-01,-5.409575700759887695e-01,-1.536898314952850342e-01,-5.759536474943161011e-02,-2.707646787166595459e-01,4.108408987522125244e-01,-2.830752432346343994e-01,9.456312656402587891e-02,-5.314892530441284180e-02
-1.069253206253051758e+00,-1.525217890739440918e-01,8.252869844436645508e-01,-1.017871405929327011e-02,3.010635264217853546e-03,6.922503113746643066e-01,-7.215793728828430176e-01,-9.683330357074737549e-02,1.756485737860202789e-02,1.646969765424728394e-01,2.015391737222671509e-01,-9.798675030469894409e-02,-3.286975622177124023e-02,-1.755885332822799683e-01,-1.409269273281097412e-01,-1.179953962564468384e-01,3.121911585330963135e-01,-1.295621395111083984e-01,3.791697323322296143e-02,-1.736373454332351685e-02,2.559910714626312256e-01,2.295389622449874878e-01,-1.425634622573852539e-01,-5.427900552749633789e-01,-1.549908518791198730e-01,-5.661533400416374207e-02,-2.718681991100311279e-01,4.077306687831878662e-01,-2.878496944904327393e-01,9.611726552248001099e-02,-5.313781276345252991e-02
-1.071276545524597168e+00,-1.542905271053314209e-01,8.251395821571350098e-01,-1.120629813522100449e-02,2.065039938315749168e-03,6.926176548004150391e-01,-7.212148904800415039e-01,-9.614305943250656128e-02,2.029038220643997192e-02,1.648267656564712524e-01,2.004955410957336426e-01,-1.000638902187347412e-01,-3.652457520365715027e-02,-1.572605073451995850e-01,-1.389719247817993164e-01,-1.344828307628631592e-01,2.824017703533172607e-01,-1.262264549732208252e-01,4.823433607816696167e-02,-1.831452175974845886e-02,2.545427978038787842e-01,2.285108864307403564e-01,-1.444036513566970825e-01,-5.439870953559875488e-01,-1.561785638332366943e-01,-5.603462457656860352e-02,-2.734076380729675293e-01,4.041493833065032959e-01,-2.943718135356903076e-01,9.772015362977981567e-02,-5.277051776647567749e-02
-1.073373794555664062e+00,-1.558231860399246216e-01,8.251243233680725098e-01,-1.121659297496080399e-02,1.193330041132867336e-03,6.928028464317321777e-01,-7.210388183593750000e-01,-9.768109768629074097e-02,2.471352554857730865e-02,1.629792153835296631e-01,2.030059099197387695e-01,-1.021196469664573669e-01,-4.008874297142028809e-02,-1.387216448783874512e-01,-1.362096667289733887e-01,-1.453383713960647583e-01,2.508808374404907227e-01,-1.073039323091506958e-01,8.187712728977203369e-02,-2.023833803832530975e-02,2.527191638946533203e-01,2.273315936326980591e-01,-1.456221044063568115e-01,-5.437002778053283691e-01,-1.568621546030044556e-01,-5.544519796967506409e-02,-2.753912806510925293e-01,4.004758000373840332e-01,-3.016137182712554932e-01,9.952641278505325317e-02,-5.176797509193420410e-02
-1.074839591979980469e+00,-1.571292877197265625e-01,8.255309462547302246e-01,-1.058521587401628494e-02,-7.502842345274984837e-04,6.936181187629699707e-01,-7.202647328376770020e-01,-9.859437495470046997e-02,3.085945174098014832e-02,1.623684912919998169e-01,2.039979845285415649e-01,-1.040421426296234131e-01,-4.326626285910606384e-02,-1.266467571258544922e-01,-1.294714063405990601e-01,-1.542669534683227539e-01,2.287191897630691528e-01,-9.842125326395034790e-02,8.435612916946411133e-02,-2.212325856089591980e-02,2.503680586814880371e-01,2.273838967084884644e-01,-1.454175710678100586e-01,-5.420917868614196777e-01,-1.564994454383850098e-01,-5.410202220082283020e-02,-2.759450674057006836e-01,3.966556191444396973e-01,-3.080134689807891846e-01,1.001387834548950195e-01,-4.989934340119361877e-02
-1.075961828231811523e+00,-1.582190245389938354e-01,8.262239098548889160e-01,-8.707802742719650269e-03,-2.981169382110238075e-03,6.950350999832153320e-01,-7.189168930053710938e-01,-9.663370996713638306e-02,3.875752910971641541e-02,1.625862419605255127e-01,2.034492343664169312e-01,-1.059347018599510193e-01,-4.586197063326835632e-02,-1.172015070915222168e-01,-1.191018670797348022e-01,-1.617777198553085327e-01,2.124451696872711182e-01,-9.237337857484817505e-02,6.364422291517257690e-02,-2.295639365911483765e-02,2.477265149354934692e-01,2.287788093090057373e-01,-1.437939107418060303e-01,-5.392280817031860352e-01,-1.558794081211090088e-01,-5.222092568874359131e-02,-2.749312520027160645e-01,3.930323123931884766e-01,-3.114081025123596191e-01,9.955901652574539185e-02,-4.701668769121170044e-02
-1.076874852180480957e+00,-1.590455323457717896e-01,8.269402980804443359e-01,-6.239597685635089874e-03,-4.387089516967535019e-03,6.970385909080505371e-01,-7.169930338859558105e-01,-9.195595234632492065e-02,4.567602276802062988e-02,1.629710197448730469e-01,2.012810409069061279e-01,-1.071350201964378357e-01,-4.661959782242774963e-02,-1.091288700699806213e-01,-1.104696393013000488e-01,-1.663911789655685425e-01,2.019150853157043457e-01,-8.954036980867385864e-02,5.574936792254447937e-02,-2.336706779897212982e-02,2.445036619901657104e-01,2.306262999773025513e-01,-1.407407075166702271e-01,-5.341274142265319824e-01,-1.545678973197937012e-01,-5.013251677155494690e-02,-2.732252478599548340e-01,3.895560204982757568e-01,-3.108983337879180908e-01,9.846809506416320801e-02,-4.303474724292755127e-02
-1.077838182449340820e+00,-1.597796678543090820e-01,8.275765776634216309e-01,-4.304669797420501709e-03,-5.422643385827541351e-03,6.987917423248291016e-01,-7.152916193008422852e-01,-8.747421950101852417e-02,5.152788758277893066e-02,1.649478226900100708e-01,1.989384889602661133e-01,-1.077106073498725891e-01,-4.601093754172325134e-02,-1.029465273022651672e-01,-1.046096086502075195e-01,-1.678650677204132080e-01,1.927815228700637817e-01,-7.831078022718429565e-02,6.506437063217163086e-02,-2.446524240076541901e-02,2.411039024591445923e-01,2.321905642747879028e-01,-1.362093091011047363e-01,-5.285086035728454590e-01,-1.496267914772033691e-01,-4.864075779914855957e-02,-2.712121009826660156e-01,3.866171240806579590e-01,-3.098298013210296631e-01,9.795504808425903320e-02,-3.875339776277542114e-02
-1.078857660293579102e+00,-1.602329015731811523e-01,8.281142115592956543e-01,-2.655083779245615005e-03,-6.348228547722101212e-03,7.007429599761962891e-01,-7.133806347846984863e-01,-8.346074819564819336e-02,5.673013627529144287e-02,1.672635972499847412e-01,1.965880542993545532e-01,-1.076915338635444641e-01,-4.652827233076095581e-02,-9.757262468338012695e-02,-9.889814257621765137e-02,-1.675192564725875854e-01,1.834401339292526245e-01,-6.755138188600540161e-02,7.353799790143966675e-02,-2.500780858099460602e-02,2.377116680145263672e-01,2.334720790386199951e-01,-1.308051198720932007e-01,-5.237451791763305664e-01,-1.430314034223556519e-01,-4.750573262572288513e-02,-2.684670984745025635e-01,3.842454552650451660e-01,-3.076132237911224365e-01,9.813626110553741455e-02,-3.384069725871086121e-02
-1.080037951469421387e+00,-1.605767607688903809e-01,8.286206722259521484e-01,-1.218865159898996353e-03,-6.914194207638502121e-03,7.024033069610595703e-01,-7.117445468902587891e-01,-8.013450354337692261e-02,6.154402345418930054e-02,1.703687310218811035e-01,1.953723281621932983e-01,-1.068761870265007019e-01,-4.687500000000000000e-02,-9.123206138610839844e-02,-9.321387112140655518e-02,-1.676687449216842651e-01,1.730570197105407715e-01,-5.874329805374145508e-02,7.656969130039215088e-02,-2.548120357096195221e-02,2.346868216991424561e-01,2.344338297843933105e-01,-1.253966987133026123e-01,-5.206217169761657715e-01,-1.372681260108947754e-01,-4.677297547459602356e-02,-2.648855745792388916e-01,3.820020854473114014e-01,-3.042578399181365967e-01,9.644018858671188354e-02,-2.895035408437252045e-02
-1.081339597702026367e+00,-1.609024107456207275e-01,8.289744853973388672e-01,-2.200977032771334052e-04,-7.342898286879062653e-03,7.036185264587402344e-01,-7.105399370193481445e-01,-7.750480622053146362e-02,6.568491458892822266e-02,1.729069650173187256e-01,1.941754966974258423e-01,-1.056090667843818665e-01,-4.827867448329925537e-02,-8.581347763538360596e-02,-8.820963650941848755e-02,-1.687368601560592651e-01,1.643003374338150024e-01,-5.318737030029296875e-02,7.575184106826782227e-02,-2.560918033123016357e-02,2.324485331773757935e-01,2.347911000251770020e-01,-1.207664608955383301e-01,-5.201735496520996094e-01,-1.331776380538940430e-01,-4.620901495218276978e-02,-2.609406113624572754e-01,3.802286386489868164e-01,-3.016053438186645508e-01,9.575035423040390015e-02,-2.459751442074775696e-02
-1.082997322082519531e+00,-1.610854119062423706e-01,8.291805982589721680e-01,4.144965496379882097e-04,-7.308777421712875366e-03,7.040172219276428223e-01,-7.101451754570007324e-01,-7.620497047901153564e-02,6.898617744445800781e-02,1.738505959510803223e-01,1.943347454071044922e-01,-1.040559485554695129e-01,-4.924590140581130981e-02,-8.085627108812332153e-02,-8.415915071964263916e-02,-1.707166582345962524e-01,1.574546992778778076e-01,-5.064496770501136780e-02,7.247327268123626709e-02,-2.608088031411170959e-02,2.310858368873596191e-01,2.345828860998153687e-01,-1.178567707538604736e-01,-5.210890173912048340e-01,-1.316121667623519897e-01,-4.568190127611160278e-02,-2.568332254886627197e-01,3.788178265094757080e-01,-2.976782619953155518e-01,9.587184339761734009e-02,-2.110769227147102356e-02
-1.084512829780578613e+00,-1.613353192806243896e-01,8.293147087097167969e-01,6.540602189488708973e-04,-7.633479312062263489e-03,7.037624716758728027e-01,-7.103940248489379883e-01,-7.662212848663330078e-02,7.215642929077148438e-02,1.742952316999435425e-01,1.949543952941894531e-01,-1.028833687305450439e-01,-5.111739411950111389e-02,-7.760175317525863647e-02,-8.075232058763504028e-02,-1.753929406404495239e-01,1.526958644390106201e-01,-4.960919916629791260e-02,6.806147843599319458e-02,-2.608714066445827484e-02,2.304776459932327271e-01,2.341243773698806763e-01,-1.170283183455467224e-01,-5.233638882637023926e-01,-1.330043971538543701e-01,-4.548273608088493347e-02,-2.532036602497100830e-01,3.776514828205108643e-01,-2.955790162086486816e-01,9.602399915456771851e-02,-1.882771775126457214e-02
-1.086158037185668945e+00,-1.617083996534347534e-01,8.293821811676025391e-01,8.340307977050542831e-04,-7.900856435298919678e-03,7.029269933700561523e-01,-7.112176418304443359e-01,-7.731282711029052734e-02,7.526777684688568115e-02,1.735543459653854370e-01,1.957361698150634766e-01,-1.019143834710121155e-01,-5.293777212500572205e-02,-7.278076559305191040e-02,-7.744872570037841797e-02,-1.816056668758392334e-01,1.463264226913452148e-01,-4.915140569210052490e-02,6.370259821414947510e-02,-2.578828297555446625e-02,2.303409129381179810e-01,2.339748442173004150e-01,-1.186783462762832642e-01,-5.259831547737121582e-01,-1.364116519689559937e-01,-4.509836435317993164e-02,-2.505840361118316650e-01,3.769544661045074463e-01,-2.943915128707885742e-01,9.637319296598434448e-02,-1.783355511724948883e-02
-1.087546110153198242e+00,-1.621757149696350098e-01,8.293831944465637207e-01,7.778571452945470810e-04,-8.249765262007713318e-03,7.014738917350769043e-01,-7.126470208168029785e-01,-7.853431999683380127e-02,7.750476151704788208e-02,1.713023930788040161e-01,1.961058974266052246e-01,-1.012398898601531982e-01,-5.430587008595466614e-02,-6.614642590284347534e-02,-7.459320873022079468e-02,-1.876951158046722412e-01,1.367052793502807617e-01,-4.829615727066993713e-02,6.221186369657516479e-02,-2.614501677453517914e-02,2.306976020336151123e-01,2.341675311326980591e-01,-1.225307360291481018e-01,-5.298256874084472656e-01,-1.428269594907760620e-01,-4.441930353641510010e-02,-2.483488172292709351e-01,3.762181103229522705e-01,-2.927303612232208252e-01,9.637353569269180298e-02,-1.764242351055145264e-02
-1.089110374450683594e+00,-1.626561284065246582e-01,8.293523192405700684e-01,7.894387817941606045e-04,-8.505084551870822906e-03,6.996150016784667969e-01,-7.144689559936523438e-01,-7.990229874849319458e-02,8.006054162979125977e-02,1.685072481632232666e-01,1.967837363481521606e-01,-1.007271334528923035e-01,-5.617468804121017456e-02,-5.815975368022918701e-02,-7.131793349981307983e-02,-1.940054446458816528e-01,1.254863590002059937e-01,-4.682836681604385376e-02,6.141735613346099854e-02,-2.712683565914630890e-02,2.315243929624557495e-01,2.349769920110702515e-01,-1.281128972768783569e-01,-5.340275764465332031e-01,-1.517640203237533569e-01,-4.368609562516212463e-02,-2.468326538801193237e-01,3.756326735019683838e-01,-2.911876142024993896e-01,9.684077650308609009e-02,-1.818378828465938568e-02
-1.090259313583374023e+00,-1.632710397243499756e-01,8.292070031166076660e-01,3.510820970404893160e-04,-8.423532359302043915e-03,6.980323791503906250e-01,-7.160165905952453613e-01,-8.064758032560348511e-02,8.067160099744796753e-02,1.659553945064544678e-01,1.967083215713500977e-01,-1.004003658890724182e-01,-5.738249793648719788e-02,-5.109161138534545898e-02,-6.990016996860504150e-02,-2.003104239702224731e-01,1.157623305916786194e-01,-4.759748280048370361e-02,6.065277010202407837e-02,-2.785817347466945648e-02,2.327333241701126099e-01,2.364001423120498657e-01,-1.346854120492935181e-01,-5.378949046134948730e-01,-1.622819900512695312e-01,-4.298071190714836121e-02,-2.458620220422744751e-01,3.750734329223632812e-01,-2.903699874877929688e-01,9.718848764896392822e-02,-1.935831829905509949e-02
-1.091513991355895996e+00,-1.640748679637908936e-01,8.291683197021484375e-01,1.017601516650756821e-05,-8.720388635993003845e-03,6.964156031608581543e-01,-7.175856828689575195e-01,-8.102656900882720947e-02,8.215162903070449829e-02,1.638280600309371948e-01,1.956788450479507446e-01,-1.001864299178123474e-01,-5.879179388284683228e-02,-4.470153898000717163e-02,-6.754843145608901978e-02,-2.063596546649932861e-01,1.067219898104667664e-01,-4.691674560308456421e-02,5.949177592992782593e-02,-2.879204228520393372e-02,2.338636070489883423e-01,2.382444143295288086e-01,-1.411726176738739014e-01,-5.411384701728820801e-01,-1.727396994829177856e-01,-4.268182441592216492e-02,-2.456956058740615845e-01,3.750118017196655273e-01,-2.917957901954650879e-01,9.894321858882904053e-02,-2.111560851335525513e-02
-1.092502236366271973e+00,-1.649117320775985718e-01,8.291518092155456543e-01,-3.951959661208093166e-04,-9.212808683514595032e-03,6.951999664306640625e-01,-7.187572121620178223e-01,-8.102077990770339966e-02,8.340284228324890137e-02,1.623539030551910400e-01,1.937892735004425049e-01,-1.001470386981964111e-01,-5.997729301452636719e-02,-3.915874660015106201e-02,-6.526812165975570679e-02,-2.115660160779953003e-01,9.788894653320312500e-02,-4.539439454674720764e-02,5.850775912404060364e-02,-2.958691306412220001e-02,2.346348613500595093e-01,2.403137683868408203e-01,-1.466713398694992065e-01,-5.435177683830261230e-01,-1.816918104887008667e-01,-4.239920154213905334e-02,-2.464277446269989014e-01,3.753633499145507812e-01,-2.944004833698272705e-01,1.023490726947784424e-01,-2.317339368164539337e-02
-1.093215942382812500e+00,-1.657777130603790283e-01,8.291436433792114258e-01,-1.021427684463560581e-03,-9.622803889214992523e-03,6.942933797836303711e-01,-7.196270227432250977e-01,-8.045744895935058594e-02,8.367796242237091064e-02,1.611029952764511108e-01,1.909309476613998413e-01,-9.978394955396652222e-02,-6.083453074097633362e-02,-3.526613488793373108e-02,-6.402185559272766113e-02,-2.155818939208984375e-01,9.138772636651992798e-02,-4.467618465423583984e-02,5.793007090687751770e-02,-3.013893961906433105e-02,2.347855120897293091e-01,2.422552555799484253e-01,-1.504142880439758301e-01,-5.449703335762023926e-01,-1.876401752233505249e-01,-4.191106557846069336e-02,-2.477710843086242676e-01,3.752015531063079834e-01,-2.968097925186157227e-01,1.050966307520866394e-01,-2.531550265848636627e-02
-1.093951225280761719e+00,-1.667048186063766479e-01,8.291332721710205078e-01,-1.724729547277092934e-03,-9.969731792807579041e-03,6.934677362442016602e-01,-7.204166650772094727e-01,-7.956672459840774536e-02,8.379479497671127319e-02,1.603795140981674194e-01,1.877319216728210449e-01,-9.909590333700180054e-02,-6.168901547789573669e-02,-3.376454487442970276e-02,-6.337795406579971313e-02,-2.183181345462799072e-01,8.915449678897857666e-02,-4.561818018555641174e-02,5.740924179553985596e-02,-3.096927888691425323e-02,2.340655326843261719e-01,2.438474148511886597e-01,-1.519660204648971558e-01,-5.458277463912963867e-01,-1.897443830966949463e-01,-4.127521067857742310e-02,-2.497358322143554688e-01,3.744821846485137939e-01,-2.986205518245697021e-01,1.070998162031173706e-01,-2.730477042496204376e-02
-1.094465613365173340e+00,-1.674632132053375244e-01,8.290761709213256836e-01,-2.650609472766518593e-03,-1.037848088890314102e-02,6.929265260696411133e-01,-7.209286093711853027e-01,-7.886893302202224731e-02,8.321425318717956543e-02,1.596724539995193481e-01,1.839596778154373169e-01,-9.833649545907974243e-02,-6.245867535471916199e-02,-3.350920602679252625e-02,-6.332268565893173218e-02,-2.196882218122482300e-01,8.760596066713333130e-02,-4.696426540613174438e-02,5.720684304833412170e-02,-3.184774890542030334e-02,2.321405559778213501e-01,2.450957000255584717e-01,-1.510787755250930786e-01,-5.460222363471984863e-01,-1.845800876617431641e-01,-4.052175953984260559e-02,-2.524379193782806396e-01,3.723397850990295410e-01,-3.015538454055786133e-01,1.073685735464096069e-01,-2.973413281142711639e-02
-1.095139861106872559e+00,-1.683290898799896240e-01,8.290264010429382324e-01,-3.279457101598381996e-03,-1.057492475956678391e-02,6.925637722015380859e-01,-7.212716937065124512e-01,-7.701700925827026367e-02,8.315505087375640869e-02,1.599122881889343262e-01,1.801313906908035278e-01,-9.774757921695709229e-02,-6.347582489252090454e-02,-3.351748362183570862e-02,-6.320021301507949829e-02,-2.210305929183959961e-01,8.810222148895263672e-02,-4.892665892839431763e-02,5.695465579628944397e-02,-3.212159872055053711e-02,2.294427454471588135e-01,2.457445263862609863e-01,-1.481225192546844482e-01,-5.453161001205444336e-01,-1.735346466302871704e-01,-3.999929502606391907e-02,-2.552177309989929199e-01,3.701270818710327148e-01,-3.038295805454254150e-01,1.083696261048316956e-01,-3.165389969944953918e-02
-1.095798730850219727e+00,-1.691083461046218872e-01,8.289933204650878906e-01,-3.875647205859422684e-03,-1.064548362046480179e-02,6.924114227294921875e-01,-7.214139699935913086e-01,-7.460155338048934937e-02,8.303645998239517212e-02,1.608214229345321655e-01,1.758197247982025146e-01,-9.660995751619338989e-02,-6.454319506883621216e-02,-3.362249955534934998e-02,-6.328733265399932861e-02,-2.221919596195220947e-01,8.888938277959823608e-02,-5.098805204033851624e-02,5.675943568348884583e-02,-3.208462893962860107e-02,2.262956351041793823e-01,2.459389269351959229e-01,-1.440391391515731812e-01,-5.445730686187744141e-01,-1.589400768280029297e-01,-3.961862251162528992e-02,-2.580208480358123779e-01,3.674616515636444092e-01,-3.039309084415435791e-01,1.082793772220611572e-01,-3.280825167894363403e-02
-1.096431970596313477e+00,-1.697848886251449585e-01,8.289472460746765137e-01,-4.226384218782186508e-03,-1.056151837110519409e-02,6.923183798789978027e-01,-7.215024828910827637e-01,-7.179134339094161987e-02,8.302386105060577393e-02,1.619171202182769775e-01,1.717513203620910645e-01,-9.551454335451126099e-02,-6.580457091331481934e-02,-3.339606523513793945e-02,-6.323286890983581543e-02,-2.230102270841598511e-01,8.973595499992370605e-02,-5.284224823117256165e-02,5.655175819993019104e-02,-3.179851546883583069e-02,2.230006903409957886e-01,2.462154775857925415e-01,-1.400473415851593018e-01,-5.434843301773071289e-01,-1.423080116510391235e-01,-3.955935686826705933e-02,-2.608318626880645752e-01,3.641027808189392090e-01,-3.007794916629791260e-01,1.051990315318107605e-01,-3.330707922577857971e-02
-1.097016930580139160e+00,-1.704247891902923584e-01,8.289099335670471191e-01,-4.557433538138866425e-03,-1.053023245185613632e-02,6.922430396080017090e-01,-7.215732336044311523e-01,-6.948058307170867920e-02,8.308523893356323242e-02,1.627365052700042725e-01,1.683810502290725708e-01,-9.458282589912414551e-02,-6.686580926179885864e-02,-3.343652933835983276e-02,-6.317260861396789551e-02,-2.236281484365463257e-01,9.085646271705627441e-02,-5.456832423806190491e-02,5.644449219107627869e-02,-3.160833939909934998e-02,2.201215624809265137e-01,2.462944239377975464e-01,-1.363366693258285522e-01,-5.419437885284423828e-01,-1.316029280424118042e-01,-3.988771513104438782e-02,-2.634656131267547607e-01,3.604851961135864258e-01,-2.960202395915985107e-01,1.011001989245414734e-01,-3.333547338843345642e-02
-1.097585439682006836e+00,-1.710312217473983765e-01,8.288748264312744141e-01,-4.731168039143085480e-03,-1.041073352098464966e-02,6.922156810760498047e-01,-7.216001152992248535e-01,-6.700854748487472534e-02,8.331511914730072021e-02,1.638344377279281616e-01,1.654491424560546875e-01,-9.386122971773147583e-02,-6.803987920284271240e-02,-3.323699161410331726e-02,-6.302498281002044678e-02,-2.242854088544845581e-01,9.219554811716079712e-02,-5.644145607948303223e-02,5.609606951475143433e-02,-3.125074133276939392e-02,2.178968191146850586e-01,2.462063729763031006e-01,-1.332011222839355469e-01,-5.408178567886352539e-01,-1.278061121702194214e-01,-4.034115001559257507e-02,-2.659531235694885254e-01,3.570226728916168213e-01,-2.921570539474487305e-01,9.887454658746719360e-02,-3.302874416112899780e-02
-1.098170161247253418e+00,-1.715994328260421753e-01,8.288398981094360352e-01,-4.998755175620317459e-03,-1.037317141890525818e-02,6.921802163124084473e-01,-7.216328382492065430e-01,-6.497229635715484619e-02,8.354276418685913086e-02,1.648744791746139526e-01,1.626198887825012207e-01,-9.295349568128585815e-02,-6.914566457271575928e-02,-3.304219245910644531e-02,-6.274969875812530518e-02,-2.246798872947692871e-01,9.277604520320892334e-02,-5.771291628479957581e-02,5.572036281228065491e-02,-3.105241805315017700e-02,2.161457985639572144e-01,2.460508793592453003e-01,-1.309927552938461304e-01,-5.402442812919616699e-01,-1.274617165327072144e-01,-4.096032679080963135e-02,-2.681411802768707275e-01,3.537642359733581543e-01,-2.881531417369842529e-01,9.682045876979827881e-02,-3.246447816491127014e-02
-1.098650455474853516e+00,-1.721139550209045410e-01,8.287978768348693848e-01,-5.243842024356126785e-03,-1.028616540133953094e-02,6.920033097267150879e-01,-7.218019962310791016e-01,-6.338024139404296875e-02,8.351566642522811890e-02,1.649324893951416016e-01,1.603991538286209106e-01,-9.220679104328155518e-02,-6.996987760066986084e-02,-3.284221887588500977e-02,-6.269598752260208130e-02,-2.252435833215713501e-01,9.366498887538909912e-02,-5.918536707758903503e-02,5.523032695055007935e-02,-3.017282858490943909e-02,2.149808108806610107e-01,2.458330094814300537e-01,-1.299412399530410767e-01,-5.398336052894592285e-01,-1.304067075252532959e-01,-4.172587022185325623e-02,-2.701398730278015137e-01,3.505865633487701416e-01,-2.838557064533233643e-01,9.438015520572662354e-02,-3.168360516428947449e-02
-1.099138259887695312e+00,-1.725800931453704834e-01,8.287516236305236816e-01,-5.428014323115348816e-03,-1.013331487774848938e-02,6.916542053222656250e-01,-7.221373319625854492e-01,-6.203648075461387634e-02,8.352965116500854492e-02,1.646017879247665405e-01,1.586864441633224487e-01,-9.158578515052795410e-02,-7.077334076166152954e-02,-3.243647515773773193e-02,-6.265281885862350464e-02,-2.262219041585922241e-01,9.456352889537811279e-02,-6.058856472373008728e-02,5.477963015437126160e-02,-2.963792532682418823e-02,2.143707722425460815e-01,2.455766946077346802e-01,-1.300795972347259521e-01,-5.395804643630981445e-01,-1.362790912389755249e-01,-4.260182008147239685e-02,-2.718785405158996582e-01,3.474688827991485596e-01,-2.796982526779174805e-01,9.148709475994110107e-02,-3.093398734927177429e-02
-1.099602818489074707e+00,-1.730004101991653442e-01,8.287011981010437012e-01,-5.730319302529096603e-03,-9.969308041036128998e-03,6.911581158638000488e-01,-7.226120829582214355e-01,-6.110639125108718872e-02,8.330756425857543945e-02,1.641031652688980103e-01,1.571312397718429565e-01,-9.088574349880218506e-02,-7.130131870508193970e-02,-3.223738446831703186e-02,-6.286749988794326782e-02,-2.272137254476547241e-01,9.563127905130386353e-02,-6.216757744550704956e-02,5.420175567269325256e-02,-2.930163405835628510e-02,2.139814198017120361e-01,2.451485097408294678e-01,-1.298367530107498169e-01,-5.384083986282348633e-01,-1.371443271636962891e-01,-4.340998828411102295e-02,-2.733022272586822510e-01,3.444745540618896484e-01,-2.754732966423034668e-01,8.827123045921325684e-02,-3.033663891255855560e-02
-1.100033521652221680e+00,-1.734098494052886963e-01,8.286631107330322266e-01,-5.968634970486164093e-03,-9.852619841694831848e-03,6.906485557556152344e-01,-7.230988144874572754e-01,-6.051153689622879028e-02,8.322451263666152954e-02,1.634491682052612305e-01,1.561175435781478882e-01,-9.037785232067108154e-02,-7.189469784498214722e-02,-3.206081688404083252e-02,-6.300567090511322021e-02,-2.285986095666885376e-01,9.675847738981246948e-02,-6.361762434244155884e-02,5.384954437613487244e-02,-2.903636544942855835e-02,2.137785106897354126e-01,2.448867857456207275e-01,-1.303845942020416260e-01,-5.380671620368957520e-01,-1.394385099411010742e-01,-4.420961067080497742e-02,-2.743659019470214844e-01,3.419048190116882324e-01,-2.728738784790039062e-01,8.628256618976593018e-02,-2.979406900703907013e-02
-1.100401282310485840e+00,-1.738397330045700073e-01,8.286374211311340332e-01,-6.305607967078685760e-03,-9.777451865375041962e-03,6.900204420089721680e-01,-7.236963510513305664e-01,-6.012891978025436401e-02,8.300807327032089233e-02,1.626736670732498169e-01,1.550177931785583496e-01,-8.978139609098434448e-02,-7.230217754840850830e-02,-3.190389648079872131e-02,-6.324296444654464722e-02,-2.296848595142364502e-01,9.764207899570465088e-02,-6.510718166828155518e-02,5.353146046400070190e-02,-2.921540476381778717e-02,2.139230221509933472e-01,2.450076192617416382e-01,-1.319705247879028320e-01,-5.378705859184265137e-01,-1.434039771556854248e-01,-4.448855668306350708e-02,-2.752499282360076904e-01,3.399823009967803955e-01,-2.709144949913024902e-01,8.550260961055755615e-02,-2.944290265440940857e-02
-1.100686669349670410e+00,-1.742750853300094604e-01,8.286028504371643066e-01,-6.672155112028121948e-03,-9.757099673151969910e-03,6.894962787628173828e-01,-7.241927981376647949e-01,-5.972544103860855103e-02,8.270804584026336670e-02,1.622136235237121582e-01,1.538273245096206665e-01,-8.915743231773376465e-02,-7.271705567836761475e-02,-3.199855238199234009e-02,-6.357721239328384399e-02,-2.307361066341400146e-01,9.868767112493515015e-02,-6.663810461759567261e-02,5.325529351830482483e-02,-2.938572503626346588e-02,2.141825556755065918e-01,2.449133396148681641e-01,-1.335315555334091187e-01,-5.372096300125122070e-01,-1.474381983280181885e-01,-4.485011845827102661e-02,-2.760016918182373047e-01,3.381517231464385986e-01,-2.691568434238433838e-01,8.491042256355285645e-02,-2.919881790876388550e-02
-1.100922703742980957e+00,-1.746857613325119019e-01,8.285749554634094238e-01,-7.066074293106794357e-03,-9.852905757725238800e-03,6.889882087707519531e-01,-7.246711254119873047e-01,-5.953230708837509155e-02,8.243431150913238525e-02,1.616998165845870972e-01,1.524867862462997437e-01,-8.856966346502304077e-02,-7.313399761915206909e-02,-3.198526427149772644e-02,-6.373537331819534302e-02,-2.316363006830215454e-01,9.885157644748687744e-02,-6.762916594743728638e-02,5.291618034243583679e-02,-2.929105050861835480e-02,2.143951505422592163e-01,2.446060478687286377e-01,-1.346684694290161133e-01,-5.361673831939697266e-01,-1.504064351320266724e-01,-4.519286379218101501e-02,-2.766659855842590332e-01,3.364835679531097412e-01,-2.676600515842437744e-01,8.439937978982925415e-02,-2.908012643456459045e-02
-1.101095080375671387e+00,-1.749971359968185425e-01,8.285598158836364746e-01,-7.417556364089250565e-03,-9.847783483564853668e-03,6.884587407112121582e-01,-7.251706719398498535e-01,-5.928624421358108521e-02,8.201848715543746948e-02,1.614679843187332153e-01,1.512809097766876221e-01,-8.797802776098251343e-02,-7.317274063825607300e-02,-3.238011151552200317e-02,-6.422609835863113403e-02,-2.325593233108520508e-01,1.001552268862724304e-01,-6.901313364505767822e-02,5.270270630717277527e-02,-2.921261638402938843e-02,2.144012451171875000e-01,2.441315650939941406e-01,-1.353519707918167114e-01,-5.350730419158935547e-01,-1.523623019456863403e-01,-4.549009352922439575e-02,-2.772963941097259521e-01,3.350103795528411865e-01,-2.664242982864379883e-01,8.408764004707336426e-02,-2.903166599571704865e-02
-1.101331591606140137e+00,-1.753992736339569092e-01,8.285493850708007812e-01,-7.909172214567661285e-03,-9.925007820129394531e-03,6.878805756568908691e-01,-7.257128953933715820e-01,-5.907236784696578979e-02,8.157701790332794189e-02,1.611132621765136719e-01,1.496218442916870117e-01,-8.722815662622451782e-02,-7.362644374370574951e-02,-3.238387405872344971e-02,-6.453923135995864868e-02,-2.333583086729049683e-01,1.002208217978477478e-01,-6.993743032217025757e-02,5.243852362036705017e-02,-2.931468188762664795e-02,2.139736264944076538e-01,2.436736375093460083e-01,-1.359476298093795776e-01,-5.349590778350830078e-01,-1.542834490537643433e-01,-4.566637799143791199e-02,-2.778981029987335205e-01,3.337945938110351562e-01,-2.653378844261169434e-01,8.411648124456405640e-02,-2.907953411340713501e-02
-1.101446509361267090e+00,-1.757684499025344849e-01,8.285326957702636719e-01,-8.401026949286460876e-03,-1.002019457519054413e-02,6.874544024467468262e-01,-7.261098027229309082e-01,-5.897872522473335266e-02,8.103325217962265015e-02,1.610524803400039673e-01,1.482698917388916016e-01,-8.672657608985900879e-02,-7.382418215274810791e-02,-3.255312889814376831e-02,-6.506311148405075073e-02,-2.343892306089401245e-01,1.003857553005218506e-01,-7.077792286872863770e-02,5.234665051102638245e-02,-2.932059392333030701e-02,2.134844511747360229e-01,2.431952208280563354e-01,-1.362153887748718262e-01,-5.347204208374023438e-01,-1.555957645177841187e-01,-4.576931893825531006e-02,-2.784426808357238770e-01,3.326781392097473145e-01,-2.643184959888458252e-01,8.412229269742965698e-02,-2.913097664713859558e-02
-1.101625084877014160e+00,-1.761567741632461548e-01,8.284932374954223633e-01,-8.879922330379486084e-03,-1.004944182932376862e-02,6.867719292640686035e-01,-7.267492413520812988e-01,-5.863006785511970520e-02,8.051823824644088745e-02,1.611726731061935425e-01,1.464813649654388428e-01,-8.599156886339187622e-02,-7.404498755931854248e-02,-3.310971334576606750e-02,-6.574207544326782227e-02,-2.357542663812637329e-01,1.018431335687637329e-01,-7.242380082607269287e-02,5.228384211659431458e-02,-2.933488786220550537e-02,2.127752602100372314e-01,2.424751967191696167e-01,-1.357764899730682373e-01,-5.328081250190734863e-01,-1.551430076360702515e-01,-4.602883756160736084e-02,-2.790533006191253662e-01,3.312185108661651611e-01,-2.625738084316253662e-01,8.402319997549057007e-02,-2.926380932331085205e-02
-1.101780295372009277e+00,-1.765036731958389282e-01,8.284686207771301270e-01,-9.442070499062538147e-03,-1.018550898879766464e-02,6.861641407012939453e-01,-7.273141741752624512e-01,-5.844027921557426453e-02,7.988418638706207275e-02,1.607852429151535034e-01,1.443726271390914917e-01,-8.513106405735015869e-02,-7.424025237560272217e-02,-3.365194052457809448e-02,-6.631729006767272949e-02,-2.368184924125671387e-01,1.024711206555366516e-01,-7.356573641300201416e-02,5.224904045462608337e-02,-2.909162454307079315e-02,2.118105143308639526e-01,2.418550252914428711e-01,-1.347621381282806396e-01,-5.311083793640136719e-01,-1.515518426895141602e-01,-4.613992571830749512e-02,-2.795266807079315186e-01,3.300025463104248047e-01,-2.612364292144775391e-01,8.422388881444931030e-02,-2.964059077203273773e-02
-1.101975560188293457e+00,-1.768516749143600464e-01,8.284471035003662109e-01,-9.850741364061832428e-03,-1.024040859192609787e-02,6.854745745658874512e-01,-7.279579043388366699e-01,-5.792320147156715393e-02,7.941638678312301636e-02,1.604323983192443848e-01,1.422482728958129883e-01,-8.424468338489532471e-02,-7.444596290588378906e-02,-3.392977267503738403e-02,-6.678023934364318848e-02,-2.382370084524154663e-01,1.033790633082389832e-01,-7.469832897186279297e-02,5.236097425222396851e-02,-2.920550480484962463e-02,2.106766998767852783e-01,2.414094656705856323e-01,-1.338128894567489624e-01,-5.302947163581848145e-01,-1.480963379144668579e-01,-4.614555463194847107e-02,-2.800141870975494385e-01,3.289132714271545410e-01,-2.602155804634094238e-01,8.427543193101882935e-02,-3.028140217065811157e-02
-1.102122664451599121e+00,-1.772204786539077759e-01,8.284382224082946777e-01,-1.034230366349220276e-02,-1.043825503438711166e-02,6.848827004432678223e-01,-7.285051345825195312e-01,-5.746149644255638123e-02,7.892738282680511475e-02,1.598782688379287720e-01,1.396685391664505005e-01,-8.315702527761459351e-02,-7.485494762659072876e-02,-3.430468589067459106e-02,-6.715823709964752197e-02,-2.395198494195938110e-01,1.038384884595870972e-01,-7.564610987901687622e-02,5.251212045550346375e-02,-2.928452380001544952e-02,2.095390111207962036e-01,2.411064058542251587e-01,-1.330381184816360474e-01,-5.298733115196228027e-01,-1.452822089195251465e-01,-4.610494896769523621e-02,-2.805041968822479248e-01,3.278543651103973389e-01,-2.593677639961242676e-01,8.417681604623794556e-02,-3.088470175862312317e-02
-1.102319598197937012e+00,-1.776224225759506226e-01,8.284115195274353027e-01,-1.078350748866796494e-02,-1.056683063507080078e-02,6.841708421707153320e-01,-7.291654944419860840e-01,-5.690462887287139893e-02,7.851669937372207642e-02,1.594180464744567871e-01,1.373146474361419678e-01,-8.237012475728988647e-02,-7.525667548179626465e-02,-3.457963094115257263e-02,-6.750896573066711426e-02,-2.408596128225326538e-01,1.045358031988143921e-01,-7.676856219768524170e-02,5.247502774000167847e-02,-2.926732413470745087e-02,2.086036950349807739e-01,2.409296035766601562e-01,-1.325488835573196411e-01,-5.299419760704040527e-01,-1.444166004657745361e-01,-4.599194601178169250e-02,-2.809701561927795410e-01,3.269892632961273193e-01,-2.587763965129852295e-01,8.407753705978393555e-02,-3.125828132033348083e-02
-1.102466821670532227e+00,-1.780151873826980591e-01,8.283838033676147461e-01,-1.121145021170377731e-02,-1.072552148252725601e-02,6.835289597511291504e-01,-7.297585010528564453e-01,-5.633179843425750732e-02,7.809425145387649536e-02,1.588043719530105591e-01,1.349046975374221802e-01,-8.149041980504989624e-02,-7.561686635017395020e-02,-3.500807285308837891e-02,-6.790767610073089600e-02,-2.422082275152206421e-01,1.054973304271697998e-01,-7.804358750581741333e-02,5.249893665313720703e-02,-2.939815819263458252e-02,2.076861858367919922e-01,2.408361434936523438e-01,-1.322020441293716431e-01,-5.300498008728027344e-01,-1.438438743352890015e-01,-4.591522738337516785e-02,-2.814759314060211182e-01,3.259802162647247314e-01,-2.580395638942718506e-01,8.392681181430816650e-02,-3.157537430524826050e-02
-1.102613449096679688e+00,-1.783445924520492554e-01,8.283597230911254883e-01,-1.158659812062978745e-02,-1.086635980755090714e-02,6.829339861869812012e-01,-7.303074002265930176e-01,-5.575011670589447021e-02,7.771483808755874634e-02,1.581142395734786987e-01,1.325375437736511230e-01,-8.062099665403366089e-02,-7.598286122083663940e-02,-3.500232473015785217e-02,-6.815525144338607788e-02,-2.436678707599639893e-01,1.056295111775398254e-01,-7.898125052452087402e-02,5.236414819955825806e-02,-2.937035821378231049e-02,2.067951560020446777e-01,2.408348172903060913e-01,-1.320275515317916870e-01,-5.302156805992126465e-01,-1.436353325843811035e-01,-4.574336111545562744e-02,-2.818793654441833496e-01,3.248726725578308105e-01,-2.570382952690124512e-01,8.369980007410049438e-02,-3.181289881467819214e-02
-1.102695584297180176e+00,-1.786132156848907471e-01,8.283416032791137695e-01,-1.186268404126167297e-02,-1.097559463232755661e-02,6.824136376380920410e-01,-7.307875156402587891e-01,-5.513703450560569763e-02,7.735482603311538696e-02,1.575694233179092407e-01,1.304340064525604248e-01,-7.982517033815383911e-02,-7.642339169979095459e-02,-3.481879457831382751e-02,-6.838474422693252563e-02,-2.452165037393569946e-01,1.055843010544776917e-01,-7.968707382678985596e-02,5.236239731311798096e-02,-2.946459688246250153e-02,2.059856653213500977e-01,2.409592717885971069e-01,-1.320567131042480469e-01,-5.303473472595214844e-01,-1.438478082418441772e-01,-4.560237377882003784e-02,-2.822386026382446289e-01,3.236625194549560547e-01,-2.559424042701721191e-01,8.345321565866470337e-02,-3.207485005259513855e-02
-1.102818369865417480e+00,-1.789350956678390503e-01,8.283140063285827637e-01,-1.229821611195802689e-02,-1.122510246932506561e-02,6.818645596504211426e-01,-7.312889099121093750e-01,-5.498078092932701111e-02,7.701609283685684204e-02,1.567495763301849365e-01,1.283995658159255981e-01,-7.912859320640563965e-02,-7.670492678880691528e-02,-3.486457094550132751e-02,-6.850980222225189209e-02,-2.464570254087448120e-01,1.052019000053405762e-01,-8.036080747842788696e-02,5.229663476347923279e-02,-2.947777882218360901e-02,2.051872014999389648e-01,2.412375211715698242e-01,-1.323287934064865112e-01,-5.306146144866943359e-01,-1.445230394601821899e-01,-4.543339461088180542e-02,-2.825690507888793945e-01,3.223616182804107666e-01,-2.546053230762481689e-01,8.316405117511749268e-02,-3.234979882836341858e-02
-1.102884531021118164e+00,-1.792444139719009399e-01,8.282893300056457520e-01,-1.263080164790153503e-02,-1.138454489409923553e-02,6.813546419143676758e-01,-7.317559123039245605e-01,-5.462410673499107361e-02,7.663562148809432983e-02,1.558890044689178467e-01,1.265486329793930054e-01,-7.849033176898956299e-02,-7.692527770996093750e-02,-3.504940867424011230e-02,-6.877959519624710083e-02,-2.476487904787063599e-01,1.055296584963798523e-01,-8.124561607837677002e-02,5.216555669903755188e-02,-2.960466407239437103e-02,2.044105082750320435e-01,2.415487021207809448e-01,-1.326382905244827271e-01,-5.308299064636230469e-01,-1.452149450778961182e-01,-4.524996876716613770e-02,-2.828546166419982910e-01,3.209517002105712891e-01,-2.530120313167572021e-01,8.281642943620681763e-02,-3.257359191775321960e-02
-1.102950096130371094e+00,-1.795213073492050171e-01,8.282800316810607910e-01,-1.296095736324787140e-02,-1.154691074043512344e-02,6.808257102966308594e-01,-7.322397828102111816e-01,-5.446334555745124817e-02,7.625724375247955322e-02,1.548900008201599121e-01,1.248976662755012512e-01,-7.783968001604080200e-02,-7.711408287286758423e-02,-3.528029844164848328e-02,-6.902369111776351929e-02,-2.486638128757476807e-01,1.058310940861701965e-01,-8.200401812791824341e-02,5.210701376199722290e-02,-2.964467741549015045e-02,2.035038173198699951e-01,2.419130206108093262e-01,-1.329491734504699707e-01,-5.309262275695800781e-01,-1.460053026676177979e-01,-4.516609013080596924e-02,-2.829428613185882568e-01,3.192789256572723389e-01,-2.504602074623107910e-01,8.236256986856460571e-02,-3.273365646600723267e-02
-1.102999806404113770e+00,-1.797993928194046021e-01,8.282618522644042969e-01,-1.320909429341554642e-02,-1.163574215024709702e-02,6.802822351455688477e-01,-7.327388525009155273e-01,-5.405965447425842285e-02,7.591393589973449707e-02,1.540379524230957031e-01,1.232787966728210449e-01,-7.721913605928421021e-02,-7.722429931163787842e-02,-3.486023470759391785e-02,-6.921471655368804932e-02,-2.499070912599563599e-01,1.056177541613578796e-01,-8.260209113359451294e-02,5.222076177597045898e-02,-2.988495305180549622e-02,2.025939077138900757e-01,2.423989176750183105e-01,-1.332787424325942993e-01,-5.308868288993835449e-01,-1.466759294271469116e-01,-4.506692290306091309e-02,-2.829864621162414551e-01,3.174694776535034180e-01,-2.471190094947814941e-01,8.147682249546051025e-02,-3.280108049511909485e-02
-1.103065729141235352e+00,-1.800314337015151978e-01,8.282419443130493164e-01,-1.343089528381824493e-02,-1.171553786844015121e-02,6.797751784324645996e-01,-7.332040071487426758e-01,-5.383338779211044312e-02,7.562271505594253540e-02,1.531922221183776855e-01,1.220086291432380676e-01,-7.671423256397247314e-02,-7.739411294460296631e-02,-3.475790098309516907e-02,-6.937418878078460693e-02,-2.509035766124725342e-01,1.056673005223274231e-01,-8.304064720869064331e-02,5.230659246444702148e-02,-2.995710447430610657e-02,2.017276436090469360e-01,2.429603338241577148e-01,-1.336200684309005737e-01,-5.307096838951110840e-01,-1.470937281847000122e-01,-4.500995948910713196e-02,-2.828989923000335693e-01,3.158627748489379883e-01,-2.451044917106628418e-01,8.085405081510543823e-02,-3.294838219881057739e-02
-1.103108286857604980e+00,-1.803621500730514526e-01,8.282201886177062988e-01,-1.371855475008487701e-02,-1.178548950701951981e-02,6.792259216308593750e-01,-7.337063550949096680e-01,-5.348299443721771240e-02,7.522927224636077881e-02,1.524071842432022095e-01,1.206139624118804932e-01,-7.622440159320831299e-02,-7.755911350250244141e-02,-3.453991562128067017e-02,-6.973471492528915405e-02,-2.521704137325286865e-01,1.059356331825256348e-01,-8.389043062925338745e-02,5.249093100428581238e-02,-2.973946742713451385e-02,2.009353190660476685e-01,2.435020357370376587e-01,-1.338887661695480347e-01,-5.307488441467285156e-01,-1.473930627107620239e-01,-4.468826577067375183e-02,-2.828898727893829346e-01,3.144914805889129639e-01,-2.433999776840209961e-01,8.022134006023406982e-02,-3.314059227705001831e-02
-1.103165864944458008e+00,-1.805882006883621216e-01,8.281877040863037109e-01,-1.392314862459897995e-02,-1.180857140570878983e-02,6.786903142929077148e-01,-7.341976165771484375e-01,-5.316978320479393005e-02,7.487203180789947510e-02,1.516949534416198730e-01,1.193663999438285828e-01,-7.573304325342178345e-02,-7.779094576835632324e-02,-3.461195528507232666e-02,-7.008799910545349121e-02,-2.532645463943481445e-01,1.066940575838088989e-01,-8.478105813264846802e-02,5.258313566446304321e-02,-3.008080273866653442e-02,2.001286149024963379e-01,2.441013306379318237e-01,-1.341868489980697632e-01,-5.306569337844848633e-01,-1.477208733558654785e-01,-4.437787458300590515e-02,-2.828586399555206299e-01,3.130330741405487061e-01,-2.415401637554168701e-01,7.944206893444061279e-02,-3.336170315742492676e-02
-1.103190898895263672e+00,-1.808011680841445923e-01,8.281716108322143555e-01,-1.409979350864887238e-02,-1.184474118053913116e-02,6.782072186470031738e-01,-7.346399426460266113e-01,-5.299303680658340454e-02,7.464549690485000610e-02,1.513053774833679199e-01,1.184834688901901245e-01,-7.538025826215744019e-02,-7.796087116003036499e-02,-3.444676101207733154e-02,-7.033190876245498657e-02,-2.543204724788665771e-01,1.069322824478149414e-01,-8.534213900566101074e-02,5.275459215044975281e-02,-3.036003001034259796e-02,1.991429030895233154e-01,2.447811067104339600e-01,-1.345448046922683716e-01,-5.302636027336120605e-01,-1.481009572744369507e-01,-4.417848959565162659e-02,-2.826656103134155273e-01,3.114748299121856689e-01,-2.389887273311614990e-01,7.863128185272216797e-02,-3.372642025351524353e-02
-1.103215932846069336e+00,-1.810505241155624390e-01,8.281480073928833008e-01,-1.431610528379678726e-02,-1.191235985606908798e-02,6.777981519699096680e-01,-7.350121140480041504e-01,-5.284225568175315857e-02,7.441970705986022949e-02,1.511657387018203735e-01,1.176327243447303772e-01,-7.508970797061920166e-02,-7.813332229852676392e-02,-3.442993387579917908e-02,-7.058357447385787964e-02,-2.553412914276123047e-01,1.072408780455589294e-01,-8.592402189970016479e-02,5.289930477738380432e-02,-3.082248941063880920e-02,1.983338296413421631e-01,2.454611659049987793e-01,-1.347763985395431519e-01,-5.301114916801452637e-01,-1.482513099908828735e-01,-4.378583282232284546e-02,-2.824499607086181641e-01,3.102662265300750732e-01,-2.373495548963546753e-01,7.821772992610931396e-02,-3.404780849814414978e-02
-1.103224754333496094e+00,-1.812577098608016968e-01,8.281288146972656250e-01,-1.446761842817068100e-02,-1.186396088451147079e-02,6.774088740348815918e-01,-7.353687286376953125e-01,-5.261947587132453918e-02,7.415182888507843018e-02,1.509249508380889893e-01,1.170764043927192688e-01,-7.488432526588439941e-02,-7.831124216318130493e-02,-3.426794335246086121e-02,-7.089472562074661255e-02,-2.562379240989685059e-01,1.077384948730468750e-01,-8.660723268985748291e-02,5.297397822141647339e-02,-3.093874081969261169e-02,1.974830329418182373e-01,2.462137192487716675e-01,-1.349580883979797363e-01,-5.298740267753601074e-01,-1.483008861541748047e-01,-4.345269873738288879e-02,-2.821353375911712646e-01,3.090181648731231689e-01,-2.357564121484756470e-01,7.775881141424179077e-02,-3.443539515137672424e-02
-1.103241086006164551e+00,-1.814481019973754883e-01,8.281050920486450195e-01,-1.470932736992835999e-02,-1.190615445375442505e-02,6.770662069320678711e-01,-7.356787323951721191e-01,-5.266025662422180176e-02,7.382790744304656982e-02,1.507579535245895386e-01,1.164841726422309875e-01,-7.459484785795211792e-02,-7.849733531475067139e-02,-3.423793613910675049e-02,-7.112295925617218018e-02,-2.571026980876922607e-01,1.077679023146629333e-01,-8.702512830495834351e-02,5.308726057410240173e-02,-3.099308162927627563e-02,1.965842992067337036e-01,2.470180839300155640e-01,-1.350967586040496826e-01,-5.296807885169982910e-01,-1.482706218957901001e-01,-4.307341203093528748e-02,-2.817276120185852051e-01,3.078863322734832764e-01,-2.341674119234085083e-01,7.748388499021530151e-02,-3.495881333947181702e-02
-1.103249669075012207e+00,-1.816342473030090332e-01,8.280971050262451172e-01,-1.484217587858438492e-02,-1.193985808640718460e-02,6.768441796302795410e-01,-7.358798384666442871e-01,-5.257754400372505188e-02,7.368727773427963257e-02,1.508349031209945679e-01,1.161440312862396240e-01,-7.454214990139007568e-02,-7.853598892688751221e-02,-3.407460078597068787e-02,-7.142554968595504761e-02,-2.577991783618927002e-01,1.078708544373512268e-01,-8.738790452480316162e-02,5.331141501665115356e-02,-3.128518164157867432e-02,1.956704407930374146e-01,2.478694170713424683e-01,-1.351751238107681274e-01,-5.294659733772277832e-01,-1.481041163206100464e-01,-4.272414371371269226e-02,-2.812410295009613037e-01,3.068555295467376709e-01,-2.328174710273742676e-01,7.734745740890502930e-02,-3.547834232449531555e-02
-1.103257417678833008e+00,-1.818080544471740723e-01,8.280836343765258789e-01,-1.498464122414588928e-02,-1.201565377414226532e-02,6.766966581344604492e-01,-7.360113859176635742e-01,-5.259092897176742554e-02,7.361630350351333618e-02,1.507574766874313354e-01,1.158361062407493591e-01,-7.450232654809951782e-02,-7.850185036659240723e-02,-3.418563306331634521e-02,-7.167061418294906616e-02,-2.583407461643218994e-01,1.080527231097221375e-01,-8.767760545015335083e-02,5.342118814587593079e-02,-3.138610348105430603e-02,1.947588473558425903e-01,2.487509697675704956e-01,-1.352247595787048340e-01,-5.292215943336486816e-01,-1.478362679481506348e-01,-4.234723374247550964e-02,-2.807089984416961670e-01,3.059287071228027344e-01,-2.315847128629684448e-01,7.734188437461853027e-02,-3.591880947351455688e-02
-1.103257417678833008e+00,-1.819380074739456177e-01,8.280751705169677734e-01,-1.512833777815103531e-02,-1.204766053706407547e-02,6.766001582145690918e-01,-7.360966205596923828e-01,-5.253942310810089111e-02,7.342748343944549561e-02,1.508323848247528076e-01,1.155617833137512207e-01,-7.443846762180328369e-02,-7.852783054113388062e-02,-3.450762107968330383e-02,-7.197128236293792725e-02,-2.586557567119598389e-01,1.086422502994537354e-01,-8.818324655294418335e-02,5.342783033847808838e-02,-3.164280205965042114e-02,1.938566416501998901e-01,2.496417164802551270e-01,-1.352160423994064331e-01,-5.289536118507385254e-01,-1.474580317735671997e-01,-4.201512411236763000e-02,-2.801499664783477783e-01,3.050597310066223145e-01,-2.305867075920104980e-01,7.738852500915527344e-02,-3.628664091229438782e-02
-1.103224515914916992e+00,-1.820784807205200195e-01,8.280672430992126465e-01,-1.524816546589136124e-02,-1.206793263554573059e-02,6.766052842140197754e-01,-7.360891103744506836e-01,-5.236832052469253540e-02,7.322265207767486572e-02,1.510468125343322754e-01,1.152290254831314087e-01,-7.437866181135177612e-02,-7.855031639337539673e-02,-3.456209972500801086e-02,-7.220043241977691650e-02,-2.588992714881896973e-01,1.087342873215675354e-01,-8.843148499727249146e-02,5.346246063709259033e-02,-3.174053505063056946e-02,1.929804980754852295e-01,2.505369186401367188e-01,-1.351098418235778809e-01,-5.285823345184326172e-01,-1.469614952802658081e-01,-4.157816246151924133e-02,-2.795296907424926758e-01,3.043124973773956299e-01,-2.295129746198654175e-01,7.747263461351394653e-02,-3.660318255424499512e-02
-1.103175520896911621e+00,-1.822142452001571655e-01,8.280543088912963867e-01,-1.541145239025354385e-02,-1.216806378215551376e-02,6.766734123229980469e-01,-7.360213994979858398e-01,-5.228549987077713013e-02,7.301381230354309082e-02,1.514506340026855469e-01,1.148244887590408325e-01,-7.445189356803894043e-02,-7.866782695055007935e-02,-3.445367887616157532e-02,-7.230075448751449585e-02,-2.590219080448150635e-01,1.081609427928924561e-01,-8.838248997926712036e-02,5.353591591119766235e-02,-3.177099674940109253e-02,1.921365410089492798e-01,2.514303624629974365e-01,-1.349463909864425659e-01,-5.281751155853271484e-01,-1.463695019483566284e-01,-4.113603755831718445e-02,-2.788169384002685547e-01,3.037013709545135498e-01,-2.286277860403060913e-01,7.759634405374526978e-02,-3.686510398983955383e-02
-1.103118419647216797e+00,-1.824002563953399658e-01,8.280504345893859863e-01,-1.557838078588247299e-02,-1.227757241576910019e-02,6.767805814743041992e-01,-7.359175682067871094e-01,-5.214061215519905090e-02,7.283240556716918945e-02,1.518192142248153687e-01,1.144414320588111877e-01,-7.456620782613754272e-02,-7.872518151998519897e-02,-3.454621508717536926e-02,-7.243049889802932739e-02,-2.589530348777770996e-01,1.079100891947746277e-01,-8.846180140972137451e-02,5.352844670414924622e-02,-3.184712678194046021e-02,1.911598891019821167e-01,2.524296045303344727e-01,-1.347803175449371338e-01,-5.273360610008239746e-01,-1.453431844711303711e-01,-4.071588814258575439e-02,-2.778742611408233643e-01,3.030388951301574707e-01,-2.276685237884521484e-01,7.782979309558868408e-02,-3.709620237350463867e-02
-1.103052854537963867e+00,-1.825317740440368652e-01,8.280354738235473633e-01,-1.571195945143699646e-02,-1.233410183340311050e-02,6.769123673439025879e-01,-7.357925176620483398e-01,-5.193305015563964844e-02,7.260322570800781250e-02,1.522159129381179810e-01,1.140866801142692566e-01,-7.464679330587387085e-02,-7.878376543521881104e-02,-3.496291488409042358e-02,-7.267459481954574585e-02,-2.585683763027191162e-01,1.082815602421760559e-01,-8.877454698085784912e-02,5.349440127611160278e-02,-3.200829029083251953e-02,1.904640495777130127e-01,2.532069981098175049e-01,-1.345207095146179199e-01,-5.268712639808654785e-01,-1.447024643421173096e-01,-4.028270021080970764e-02,-2.770858108997344971e-01,3.026062548160552979e-01,-2.271056622266769409e-01,7.794419676065444946e-02,-3.716995567083358765e-02
-1.102971315383911133e+00,-1.827058345079421997e-01,8.280242085456848145e-01,-1.584817841649055481e-02,-1.236951071768999100e-02,6.770837903022766113e-01,-7.356312870979309082e-01,-5.167304724454879761e-02,7.234616577625274658e-02,1.526904702186584473e-01,1.138046756386756897e-01,-7.470694929361343384e-02,-7.883837819099426270e-02,-3.561915457248687744e-02,-7.304699718952178955e-02,-2.580290436744689941e-01,1.092628464102745056e-01,-8.938002586364746094e-02,5.354175716638565063e-02,-3.206802159547805786e-02,1.897673457860946655e-01,2.539848983287811279e-01,-1.341890096664428711e-01,-5.263280868530273438e-01,-1.438850611448287964e-01,-3.980430215597152710e-02,-2.762441635131835938e-01,3.022185266017913818e-01,-2.264667153358459473e-01,7.800709456205368042e-02,-3.716367855668067932e-02
-1.102889537811279297e+00,-1.828696131706237793e-01,8.280081152915954590e-01,-1.601450331509113312e-02,-1.244398020207881927e-02,6.772897243499755859e-01,-7.354368567466735840e-01,-5.140359699726104736e-02,7.211134582757949829e-02,1.534196734428405762e-01,1.133871525526046753e-01,-7.474781572818756104e-02,-7.892381399869918823e-02,-3.581736609339714050e-02,-7.328776270151138306e-02,-2.575994729995727539e-01,1.092197299003601074e-01,-8.952890336513519287e-02,5.360423028469085693e-02,-3.205803781747817993e-02,1.890597343444824219e-01,2.547450363636016846e-01,-1.338023096323013306e-01,-5.257695317268371582e-01,-1.429565548896789551e-01,-3.934310376644134521e-02,-2.754096984863281250e-01,3.019236922264099121e-01,-2.259817272424697876e-01,7.812450826168060303e-02,-3.702451288700103760e-02
-1.102799892425537109e+00,-1.830341964960098267e-01,8.280012607574462891e-01,-1.614709943532943726e-02,-1.249059289693832397e-02,6.775333881378173828e-01,-7.352086305618286133e-01,-5.098446458578109741e-02,7.190224528312683105e-02,1.543823629617691040e-01,1.129449605941772461e-01,-7.475662976503372192e-02,-7.899758219718933105e-02,-3.594021126627922058e-02,-7.349964231252670288e-02,-2.570751309394836426e-01,1.091170236468315125e-01,-8.957430720329284668e-02,5.368058755993843079e-02,-3.227343037724494934e-02,1.884197443723678589e-01,2.554789483547210693e-01,-1.334441006183624268e-01,-5.251546502113342285e-01,-1.419473588466644287e-01,-3.887877985835075378e-02,-2.745832502841949463e-01,3.017265200614929199e-01,-2.255612015724182129e-01,7.830736786127090454e-02,-3.678373247385025024e-02
-1.102693438529968262e+00,-1.832063943147659302e-01,8.279939293861389160e-01,-1.625548116862773895e-02,-1.255305483937263489e-02,6.778307557106018066e-01,-7.349310517311096191e-01,-5.041390284895896912e-02,7.169365882873535156e-02,1.554486155509948730e-01,1.123005673289299011e-01,-7.473365217447280884e-02,-7.906589657068252563e-02,-3.617141395807266235e-02,-7.371051609516143799e-02,-2.564623057842254639e-01,1.091560795903205872e-01,-8.961628377437591553e-02,5.380399897694587708e-02,-3.247976303100585938e-02,1.878030896186828613e-01,2.562320828437805176e-01,-1.331011503934860229e-01,-5.245772600173950195e-01,-1.408866494894027710e-01,-3.848522901535034180e-02,-2.738015651702880859e-01,3.015987575054168701e-01,-2.253071814775466919e-01,7.852423191070556641e-02,-3.646755218505859375e-02
-1.102579474449157715e+00,-1.833841800689697266e-01,8.279869556427001953e-01,-1.638028398156166077e-02,-1.260342262685298920e-02,6.781340241432189941e-01,-7.346476316452026367e-01,-4.973251745104789734e-02,7.146046310663223267e-02,1.566334366798400879e-01,1.114704981446266174e-01,-7.473225146532058716e-02,-7.915507256984710693e-02,-3.644965589046478271e-02,-7.394341379404067993e-02,-2.557642161846160889e-01,1.092855483293533325e-01,-8.970073610544204712e-02,5.393813177943229675e-02,-3.267867490649223328e-02,1.872207075357437134e-01,2.569789886474609375e-01,-1.327689141035079956e-01,-5.239979028701782227e-01,-1.397709548473358154e-01,-3.820389881730079651e-02,-2.730552554130554199e-01,3.014689385890960693e-01,-2.252427786588668823e-01,7.875357568264007568e-02,-3.607609495520591736e-02
-1.102464795112609863e+00,-1.835406124591827393e-01,8.279719948768615723e-01,-1.648470200598239899e-02,-1.262642629444599152e-02,6.784622669219970703e-01,-7.343417406082153320e-01,-4.901594296097755432e-02,7.124793529510498047e-02,1.579101830720901489e-01,1.107061058282852173e-01,-7.477578520774841309e-02,-7.923857867717742920e-02,-3.672845289111137390e-02,-7.421931624412536621e-02,-2.550774216651916504e-01,1.094789877533912659e-01,-8.981576561927795410e-02,5.399287492036819458e-02,-3.276347368955612183e-02,1.866398006677627563e-01,2.577220499515533447e-01,-1.324550807476043701e-01,-5.234853029251098633e-01,-1.386741697788238525e-01,-3.787550702691078186e-02,-2.723336517810821533e-01,3.014334738254547119e-01,-2.251059114933013916e-01,7.902718335390090942e-02,-3.562722727656364441e-02
-1.102350354194641113e+00,-1.836987584829330444e-01,8.279665112495422363e-01,-1.660059578716754913e-02,-1.264472492039203644e-02,6.788303852081298828e-01,-7.339985370635986328e-01,-4.815190285444259644e-02,7.100247591733932495e-02,1.592156738042831421e-01,1.097560375928878784e-01,-7.472878694534301758e-02,-7.932303845882415771e-02,-3.686484694480895996e-02,-7.446099817752838135e-02,-2.541963160037994385e-01,1.093542948365211487e-01,-8.975077420473098755e-02,5.408570170402526855e-02,-3.295168653130531311e-02,1.860634237527847290e-01,2.584449350833892822e-01,-1.321134418249130249e-01,-5.229522585868835449e-01,-1.375961154699325562e-01,-3.761382773518562317e-02,-2.716104686260223389e-01,3.013965189456939697e-01,-2.251250892877578735e-01,7.926043123006820679e-02,-3.520582243800163269e-02
-1.102219581604003906e+00,-1.838574111461639404e-01,8.279492855072021484e-01,-1.668796315789222717e-02,-1.268189493566751480e-02,6.791366934776306152e-01,-7.337124943733215332e-01,-4.736651107668876648e-02,7.066455483436584473e-02,1.605471372604370117e-01,1.088624894618988037e-01,-7.471200078725814819e-02,-7.948103547096252441e-02,-3.744540363550186157e-02,-7.478090375661849976e-02,-2.533920109272003174e-01,1.100958809256553650e-01,-9.011965990066528320e-02,5.410701408982276917e-02,-3.313791751861572266e-02,1.854904145002365112e-01,2.591109275817871094e-01,-1.317835897207260132e-01,-5.224614143371582031e-01,-1.365663260221481323e-01,-3.734466060996055603e-02,-2.708793878555297852e-01,3.013081550598144531e-01,-2.250934541225433350e-01,7.940721511840820312e-02,-3.481711074709892273e-02
-1.102104902267456055e+00,-1.839925199747085571e-01,8.279246091842651367e-01,-1.678819581866264343e-02,-1.266071852296590805e-02,6.794916987419128418e-01,-7.333818078041076660e-01,-4.656294360756874084e-02,7.035039365291595459e-02,1.617999076843261719e-01,1.080838516354560852e-01,-7.479345798492431641e-02,-7.955550402402877808e-02,-3.796834871172904968e-02,-7.515953481197357178e-02,-2.523683905601501465e-01,1.107472702860832214e-01,-9.053477644920349121e-02,5.405120924115180969e-02,-3.329097479581832886e-02,1.849395632743835449e-01,2.597949504852294922e-01,-1.314625591039657593e-01,-5.219738483428955078e-01,-1.355998963117599487e-01,-3.709248453378677368e-02,-2.701843082904815674e-01,3.012018203735351562e-01,-2.250557839870452881e-01,7.951033860445022583e-02,-3.451119735836982727e-02
-1.101998090744018555e+00,-1.841124594211578369e-01,8.279011249542236328e-01,-1.689681969583034515e-02,-1.267123501747846603e-02,6.798042654991149902e-01,-7.330894470214843750e-01,-4.594819992780685425e-02,7.015476375818252563e-02,1.631230264902114868e-01,1.074725836515426636e-01,-7.489638775587081909e-02,-7.963261008262634277e-02,-3.842289745807647705e-02,-7.546081393957138062e-02,-2.514335811138153076e-01,1.111763790249824524e-01,-9.085623919963836670e-02,5.398177728056907654e-02,-3.340702876448631287e-02,1.843943893909454346e-01,2.604528367519378662e-01,-1.311354935169219971e-01,-5.215015411376953125e-01,-1.347027122974395752e-01,-3.680886700749397278e-02,-2.695644199848175049e-01,3.011352717876434326e-01,-2.249458581209182739e-01,7.962146401405334473e-02,-3.429673612117767334e-02
-1.101932525634765625e+00,-1.842456012964248657e-01,8.278775811195373535e-01,-1.707559823989868164e-02,-1.273347530514001846e-02,6.801060438156127930e-01,-7.328042387962341309e-01,-4.557480663061141968e-02,6.981188803911209106e-02,1.643388569355010986e-01,1.068922728300094604e-01,-7.491122931241989136e-02,-7.993683964014053345e-02,-3.858850151300430298e-02,-7.562969624996185303e-02,-2.504704594612121582e-01,1.107962653040885925e-01,-9.086780250072479248e-02,5.399541929364204407e-02,-3.346430510282516479e-02,1.838095635175704956e-01,2.610915899276733398e-01,-1.307971924543380737e-01,-5.211692452430725098e-01,-1.339141577482223511e-01,-3.660263493657112122e-02,-2.689566612243652344e-01,3.009767532348632812e-01,-2.249307036399841309e-01,7.956264168024063110e-02,-3.419008105993270874e-02
-1.101817727088928223e+00,-1.843568831682205200e-01,8.278563022613525391e-01,-1.713741756975650787e-02,-1.276682969182729721e-02,6.804034113883972168e-01,-7.325261235237121582e-01,-4.504133760929107666e-02,6.977225840091705322e-02,1.654621213674545288e-01,1.064381524920463562e-01,-7.511307299137115479e-02,-7.997865974903106689e-02,-3.890578076243400574e-02,-7.580509036779403687e-02,-2.495756894350051880e-01,1.110414788126945496e-01,-9.103139489889144897e-02,5.386871099472045898e-02,-3.347312286496162415e-02,1.832440942525863647e-01,2.616783082485198975e-01,-1.305540651082992554e-01,-5.209854841232299805e-01,-1.332703530788421631e-01,-3.634331375360488892e-02,-2.684790790081024170e-01,3.008532524108886719e-01,-2.247439771890640259e-01,7.954828441143035889e-02,-3.413156792521476746e-02
-1.101727604866027832e+00,-1.844371408224105835e-01,8.278325200080871582e-01,-1.721730455756187439e-02,-1.279486157000064850e-02,6.806779503822326660e-01,-7.322686910629272461e-01,-4.467856511473655701e-02,6.961141526699066162e-02,1.662732511758804321e-01,1.060383915901184082e-01,-7.526620477437973022e-02,-8.008196949958801270e-02,-3.942812979221343994e-02,-7.599483430385589600e-02,-2.486448884010314941e-01,1.115304604172706604e-01,-9.132842719554901123e-02,5.373243242502212524e-02,-3.356167301535606384e-02,1.827007532119750977e-01,2.622479796409606934e-01,-1.303482502698898315e-01,-5.208309888839721680e-01,-1.327331811189651489e-01,-3.616597875952720642e-02,-2.680238485336303711e-01,3.006085157394409180e-01,-2.246225923299789429e-01,7.934711128473281860e-02,-3.418174758553504944e-02
-1.101637840270996094e+00,-1.845146715641021729e-01,8.278072476387023926e-01,-1.724545285105705261e-02,-1.277301367372274399e-02,6.809331178665161133e-01,-7.320311069488525391e-01,-4.408763721585273743e-02,6.943843513727188110e-02,1.670867204666137695e-01,1.055764481425285339e-01,-7.532854378223419189e-02,-8.028046786785125732e-02,-3.946903347969055176e-02,-7.612704485654830933e-02,-2.476679235696792603e-01,1.114400252699851990e-01,-9.134862571954727173e-02,5.368238687515258789e-02,-3.371990099549293518e-02,1.822035014629364014e-01,2.627568244934082031e-01,-1.302020400762557983e-01,-5.206121802330017090e-01,-1.322818100452423096e-01,-3.598069399595260620e-02,-2.676463425159454346e-01,3.003391921520233154e-01,-2.243573665618896484e-01,7.922099530696868896e-02,-3.425391763448715210e-02
-1.101548075675964355e+00,-1.846191734075546265e-01,8.277820944786071777e-01,-1.727989502251148224e-02,-1.277896668761968613e-02,6.811707019805908203e-01,-7.318090796470642090e-01,-4.350874572992324829e-02,6.926470994949340820e-02,1.681036651134490967e-01,1.050363183021545410e-01,-7.539659738540649414e-02,-8.039893954992294312e-02,-3.982464596629142761e-02,-7.635261118412017822e-02,-2.469272762537002563e-01,1.120231375098228455e-01,-9.174998849630355835e-02,5.358317866921424866e-02,-3.387717530131340027e-02,1.817284971475601196e-01,2.632396817207336426e-01,-1.301319003105163574e-01,-5.204057693481445312e-01,-1.319124400615692139e-01,-3.582800924777984619e-02,-2.673106491565704346e-01,3.000321090221405029e-01,-2.240905612707138062e-01,7.911273837089538574e-02,-3.436191380023956299e-02
-1.101433873176574707e+00,-1.847245097160339355e-01,8.277671337127685547e-01,-1.737386919558048248e-02,-1.284204144030809402e-02,6.814289093017578125e-01,-7.315653562545776367e-01,-4.299731552600860596e-02,6.906521320343017578e-02,1.691645234823226929e-01,1.043700724840164185e-01,-7.550410926342010498e-02,-8.050727099180221558e-02,-4.006149619817733765e-02,-7.651931047439575195e-02,-2.461357712745666504e-01,1.119260787963867188e-01,-9.174091368913650513e-02,5.367326363921165466e-02,-3.401539847254753113e-02,1.812047958374023438e-01,2.636901438236236572e-01,-1.300646215677261353e-01,-5.203151702880859375e-01,-1.315649747848510742e-01,-3.567764163017272949e-02,-2.670222818851470947e-01,2.997344434261322021e-01,-2.238027900457382202e-01,7.901756465435028076e-02,-3.451114892959594727e-02
-1.101295351982116699e+00,-1.847987025976181030e-01,8.277607560157775879e-01,-1.746276952326297760e-02,-1.286757551133632660e-02,6.816928982734680176e-01,-7.313168048858642578e-01,-4.253192618489265442e-02,6.887216866016387939e-02,1.701673716306686401e-01,1.037666499614715576e-01,-7.557532191276550293e-02,-8.059042692184448242e-02,-4.041037335991859436e-02,-7.672203332185745239e-02,-2.454131841659545898e-01,1.121052652597427368e-01,-9.178858250379562378e-02,5.369456112384796143e-02,-3.409626707434654236e-02,1.806680560111999512e-01,2.640755474567413330e-01,-1.300156861543655396e-01,-5.202437043190002441e-01,-1.312492191791534424e-01,-3.552590683102607727e-02,-2.667490541934967041e-01,2.993968725204467773e-01,-2.234829217195510864e-01,7.887556403875350952e-02,-3.471112251281738281e-02
-1.101172924041748047e+00,-1.848994791507720947e-01,8.277541399002075195e-01,-1.753976941108703613e-02,-1.288589276373386383e-02,6.819856166839599609e-01,-7.310416698455810547e-01,-4.194293916225433350e-02,6.870776414871215820e-02,1.713855713605880737e-01,1.031258553266525269e-01,-7.574048638343811035e-02,-8.066945523023605347e-02,-4.052071645855903625e-02,-7.685631513595581055e-02,-2.446496188640594482e-01,1.119345948100090027e-01,-9.169749170541763306e-02,5.375915393233299255e-02,-3.451933339238166809e-02,1.800953447818756104e-01,2.644606530666351318e-01,-1.299766004085540771e-01,-5.202775597572326660e-01,-1.309500038623809814e-01,-3.545602038502693176e-02,-2.664865553379058838e-01,2.989971935749053955e-01,-2.232777327299118042e-01,7.876081764698028564e-02,-3.486798703670501709e-02
-1.101066470146179199e+00,-1.850046217441558838e-01,8.277465105056762695e-01,-1.762417145073413849e-02,-1.290197204798460007e-02,6.822921037673950195e-01,-7.307533025741577148e-01,-4.136247932910919189e-02,6.853130459785461426e-02,1.723832190036773682e-01,1.024708077311515808e-01,-7.574650645256042480e-02,-8.071317523717880249e-02,-4.096804186701774597e-02,-7.705503702163696289e-02,-2.438403815031051636e-01,1.123325303196907043e-01,-9.182386100292205811e-02,5.387718603014945984e-02,-3.449041396379470825e-02,1.795049607753753662e-01,2.648740112781524658e-01,-1.299641728401184082e-01,-5.204094052314758301e-01,-1.306896209716796875e-01,-3.525111824274063110e-02,-2.662719786167144775e-01,2.986584901809692383e-01,-2.227760106325149536e-01,7.870168238878250122e-02,-3.501345217227935791e-02
-1.100943922996520996e+00,-1.850991249084472656e-01,8.277319073677062988e-01,-1.769385300576686859e-02,-1.293015945702791214e-02,6.826120615005493164e-01,-7.304522395133972168e-01,-4.074181988835334778e-02,6.833920627832412720e-02,1.734497100114822388e-01,1.018428131937980652e-01,-7.578407227993011475e-02,-8.074803650379180908e-02,-4.116612672805786133e-02,-7.724247872829437256e-02,-2.430035918951034546e-01,1.122561916708946228e-01,-9.178191423416137695e-02,5.393066629767417908e-02,-3.452091664075851440e-02,1.788927912712097168e-01,2.652825117111206055e-01,-1.299321949481964111e-01,-5.206320881843566895e-01,-1.304232031106948853e-01,-3.505119681358337402e-02,-2.660552263259887695e-01,2.983136177062988281e-01,-2.222468256950378418e-01,7.862232625484466553e-02,-3.514672815799713135e-02
-1.100812911987304688e+00,-1.851817220449447632e-01,8.277248144149780273e-01,-1.775932684540748596e-02,-1.295944303274154663e-02,6.829317212104797363e-01,-7.301512956619262695e-01,-4.025942459702491760e-02,6.816668063402175903e-02,1.744113415479660034e-01,1.013421639800071716e-01,-7.574713230133056641e-02,-8.078110218048095703e-02,-4.164092615246772766e-02,-7.749451696872711182e-02,-2.422172725200653076e-01,1.127415224909782410e-01,-9.199607372283935547e-02,5.391083285212516785e-02,-3.444075956940650940e-02,1.782665699720382690e-01,2.656943202018737793e-01,-1.298853009939193726e-01,-5.209413170814514160e-01,-1.301775723695755005e-01,-3.486968576908111572e-02,-2.658797502517700195e-01,2.979798018932342529e-01,-2.217049896717071533e-01,7.853969186544418335e-02,-3.525491058826446533e-02
-1.100690364837646484e+00,-1.852893531322479248e-01,8.277148604393005371e-01,-1.780896820127964020e-02,-1.300006080418825150e-02,6.832565665245056152e-01,-7.298454046249389648e-01,-3.972932696342468262e-02,6.793840229511260986e-02,1.756234616041183472e-01,1.008689776062965393e-01,-7.586671411991119385e-02,-8.088076114654541016e-02,-4.188109934329986572e-02,-7.766103744506835938e-02,-2.413658052682876587e-01,1.128438860177993774e-01,-9.206163138151168823e-02,5.402069911360740662e-02,-3.473160415887832642e-02,1.776633560657501221e-01,2.661181688308715820e-01,-1.298285275697708130e-01,-5.211824178695678711e-01,-1.299579739570617676e-01,-3.467873111367225647e-02,-2.657316327095031738e-01,2.977380156517028809e-01,-2.212487161159515381e-01,7.849886268377304077e-02,-3.532599657773971558e-02
-1.100575685501098633e+00,-1.853567957878112793e-01,8.277096748352050781e-01,-1.786831207573413849e-02,-1.306384801864624023e-02,6.835645437240600586e-01,-7.295543551445007324e-01,-3.932349756360054016e-02,6.778695434331893921e-02,1.764490306377410889e-01,1.003981307148933411e-01,-7.580821961164474487e-02,-8.089376240968704224e-02,-4.219141975045204163e-02,-7.787304371595382690e-02,-2.405111789703369141e-01,1.128589585423469543e-01,-9.207364171743392944e-02,5.407623201608657837e-02,-3.463186323642730713e-02,1.770469397306442261e-01,2.665632665157318115e-01,-1.298070251941680908e-01,-5.214608907699584961e-01,-1.297968327999114990e-01,-3.446793928742408752e-02,-2.656248211860656738e-01,2.975045740604400635e-01,-2.207085937261581421e-01,7.842675596475601196e-02,-3.540965169668197632e-02
-1.100469231605529785e+00,-1.854224354028701782e-01,8.277019858360290527e-01,-1.792496629059314728e-02,-1.313021592795848846e-02,6.838324666023254395e-01,-7.293006777763366699e-01,-3.902055323123931885e-02,6.762012839317321777e-02,1.773499548435211182e-01,1.000603139400482178e-01,-7.584976404905319214e-02,-8.099730312824249268e-02,-4.248544201254844666e-02,-7.795760780572891235e-02,-2.398573458194732666e-01,1.128194183111190796e-01,-9.200634062290191650e-02,5.410925671458244324e-02,-3.453970327973365784e-02,1.763963848352432251e-01,2.670156061649322510e-01,-1.297653913497924805e-01,-5.217420458793640137e-01,-1.296655237674713135e-01,-3.423826023936271667e-02,-2.655215263366699219e-01,2.972666621208190918e-01,-2.200963646173477173e-01,7.829946279525756836e-02,-3.553145006299018860e-02
-1.100379347801208496e+00,-1.854861080646514893e-01,8.276908993721008301e-01,-1.791528239846229553e-02,-1.312967482954263687e-02,6.840761899948120117e-01,-7.290722727775573730e-01,-3.854379802942276001e-02,6.746060401201248169e-02,1.780673414468765259e-01,9.976385533809661865e-02,-7.591269165277481079e-02,-8.104769140481948853e-02,-4.294053465127944946e-02,-7.821212708950042725e-02,-2.390577048063278198e-01,1.136133670806884766e-01,-9.238354116678237915e-02,5.415935069322586060e-02,-3.458394482731819153e-02,1.757072955369949341e-01,2.674319148063659668e-01,-1.296819150447845459e-01,-5.220668315887451172e-01,-1.295217573642730713e-01,-3.404467925429344177e-02,-2.654480040073394775e-01,2.969692945480346680e-01,-2.195129990577697754e-01,7.813591510057449341e-02,-3.564600646495819092e-02
-1.100256919860839844e+00,-1.855333000421524048e-01,8.276852965354919434e-01,-1.798562519252300262e-02,-1.321294158697128296e-02,6.843626499176025391e-01,-7.288001775741577148e-01,-3.826713934540748596e-02,6.726165115833282471e-02,1.787614077329635620e-01,9.930600970983505249e-02,-7.593286037445068359e-02,-8.109601587057113647e-02,-4.307768493890762329e-02,-7.832920551300048828e-02,-2.382984906435012817e-01,1.131876036524772644e-01,-9.214596450328826904e-02,5.423317104578018188e-02,-3.465090319514274597e-02,1.749969124794006348e-01,2.678245306015014648e-01,-1.295816600322723389e-01,-5.224280357360839844e-01,-1.293603479862213135e-01,-3.388767689466476440e-02,-2.654078304767608643e-01,2.966730296611785889e-01,-2.190417051315307617e-01,7.802803814411163330e-02,-3.574648872017860413e-02
-1.100175142288208008e+00,-1.855709999799728394e-01,8.276777863502502441e-01,-1.796731725335121155e-02,-1.321350969374179840e-02,6.845757365226745605e-01,-7.286004424095153809e-01,-3.792249411344528198e-02,6.716427952051162720e-02,1.796389222145080566e-01,9.920471906661987305e-02,-7.607127726078033447e-02,-8.114603161811828613e-02,-4.304193332791328430e-02,-7.841858267784118652e-02,-2.378342598676681519e-01,1.129748225212097168e-01,-9.199908375740051270e-02,5.419200286269187927e-02,-3.454721346497535706e-02,1.742859780788421631e-01,2.682415246963500977e-01,-1.294515281915664673e-01,-5.227136015892028809e-01,-1.292465329170227051e-01,-3.373830392956733704e-02,-2.654439806938171387e-01,2.963353991508483887e-01,-2.185374498367309570e-01,7.790195196866989136e-02,-3.583157807588577271e-02
-1.100109696388244629e+00,-1.856405586004257202e-01,8.276665806770324707e-01,-1.796122081577777863e-02,-1.317922025918960571e-02,6.847972869873046875e-01,-7.283930182456970215e-01,-3.755588084459304810e-02,6.701534241437911987e-02,1.804903894662857056e-01,9.896355867385864258e-02,-7.626891136169433594e-02,-8.119063079357147217e-02,-4.324213787913322449e-02,-7.846045494079589844e-02,-2.371554970741271973e-01,1.132149398326873779e-01,-9.206248819828033447e-02,5.435161292552947998e-02,-3.474615141749382019e-02,1.736178696155548096e-01,2.686600685119628906e-01,-1.293413639068603516e-01,-5.228941440582275391e-01,-1.291643232107162476e-01,-3.348878026008605957e-02,-2.654941976070404053e-01,2.960569858551025391e-01,-2.178990840911865234e-01,7.779525965452194214e-02,-3.588185459375381470e-02
-1.099987149238586426e+00,-1.856541186571121216e-01,8.276662826538085938e-01,-1.797188445925712585e-02,-1.316809654235839844e-02,6.850797533988952637e-01,-7.281273007392883301e-01,-3.708848729729652405e-02,6.689863651990890503e-02,1.812109351158142090e-01,9.869747608900070190e-02,-7.640598714351654053e-02,-8.120663464069366455e-02,-4.344484582543373108e-02,-7.865191996097564697e-02,-2.364044785499572754e-01,1.133804321289062500e-01,-9.200969338417053223e-02,5.442275479435920715e-02,-3.487120941281318665e-02,1.729708462953567505e-01,2.691217958927154541e-01,-1.292605698108673096e-01,-5.230387449264526367e-01,-1.290940046310424805e-01,-3.322451561689376831e-02,-2.655581831932067871e-01,2.958054244518280029e-01,-2.172613292932510376e-01,7.770092040300369263e-02,-3.589586541056632996e-02
-1.099897265434265137e+00,-1.856643557548522949e-01,8.276584744453430176e-01,-1.797794178128242493e-02,-1.315992511808872223e-02,6.853170394897460938e-01,-7.279039621353149414e-01,-3.673513606190681458e-02,6.672627478837966919e-02,1.820076406002044678e-01,9.836947172880172729e-02,-7.647123187780380249e-02,-8.128403127193450928e-02,-4.352964833378791809e-02,-7.879328727722167969e-02,-2.357748001813888550e-01,1.132806241512298584e-01,-9.191855043172836304e-02,5.444414913654327393e-02,-3.484784439206123352e-02,1.723416745662689209e-01,2.695734500885009766e-01,-1.291952580213546753e-01,-5.231644511222839355e-01,-1.290163397789001465e-01,-3.291610255837440491e-02,-2.656290829181671143e-01,2.955901026725769043e-01,-2.165789902210235596e-01,7.760187238454818726e-02,-3.587995469570159912e-02
-1.099823355674743652e+00,-1.857115477323532104e-01,8.276470303535461426e-01,-1.797277480363845825e-02,-1.313399244099855423e-02,6.855467557907104492e-01,-7.276881933212280273e-01,-3.623212128877639771e-02,6.657828390598297119e-02,1.828976124525070190e-01,9.810648858547210693e-02,-7.660359144210815430e-02,-8.134154975414276123e-02,-4.375396668910980225e-02,-7.888005673885345459e-02,-2.352205514907836914e-01,1.136443540453910828e-01,-9.202650189399719238e-02,5.451247841119766235e-02,-3.507869318127632141e-02,1.717298477888107300e-01,2.699927389621734619e-01,-1.291040778160095215e-01,-5.232545137405395508e-01,-1.289086490869522095e-01,-3.262331336736679077e-02,-2.657371759414672852e-01,2.953563332557678223e-01,-2.158719748258590698e-01,7.750630378723144531e-02,-3.581265360116958618e-02
-1.099749445915222168e+00,-1.857492327690124512e-01,8.276349306106567383e-01,-1.797546073794364929e-02,-1.309784501791000366e-02,6.857854127883911133e-01,-7.274638414382934570e-01,-3.575929999351501465e-02,6.651259213685989380e-02,1.836944222450256348e-01,9.785775840282440186e-02,-7.662256062030792236e-02,-8.135702461004257202e-02,-4.401728510856628418e-02,-7.895690202713012695e-02,-2.346785217523574829e-01,1.141265705227851868e-01,-9.220045059919357300e-02,5.465495586395263672e-02,-3.504625335335731506e-02,1.711120903491973877e-01,2.704460024833679199e-01,-1.289528161287307739e-01,-5.232464671134948730e-01,-1.288453489542007446e-01,-3.245680406689643860e-02,-2.659296989440917969e-01,2.949929237365722656e-01,-2.152496278285980225e-01,7.737456262111663818e-02,-3.571613132953643799e-02
-1.099651694297790527e+00,-1.858295947313308716e-01,8.276271820068359375e-01,-1.801342889666557312e-02,-1.310130767524242401e-02,6.860721111297607422e-01,-7.271925210952758789e-01,-3.519555553793907166e-02,6.636711210012435913e-02,1.847395002841949463e-01,9.734371304512023926e-02,-7.677973061800003052e-02,-8.139598369598388672e-02,-4.417796060442924500e-02,-7.916865497827529907e-02,-2.339974939823150635e-01,1.141670942306518555e-01,-9.219671040773391724e-02,5.477734282612800598e-02,-3.528700768947601318e-02,1.705516278743743896e-01,2.709354460239410400e-01,-1.288299709558486938e-01,-5.231720805168151855e-01,-1.287854313850402832e-01,-3.224178776144981384e-02,-2.661170959472656250e-01,2.947070300579071045e-01,-2.145525366067886353e-01,7.736198604106903076e-02,-3.556640073657035828e-02
-1.099569320678710938e+00,-1.858356148004531860e-01,8.276287913322448730e-01,-1.800002343952655792e-02,-1.309449970722198486e-02,6.863201260566711426e-01,-7.269588708877563477e-01,-3.476250916719436646e-02,6.630583852529525757e-02,1.856072247028350830e-01,9.698836505413055420e-02,-7.684458792209625244e-02,-8.146320283412933350e-02,-4.428901150822639465e-02,-7.928558439016342163e-02,-2.334455996751785278e-01,1.140918582677841187e-01,-9.202446043491363525e-02,5.474108457565307617e-02,-3.515414148569107056e-02,1.699840873479843140e-01,2.714457809925079346e-01,-1.286965757608413696e-01,-5.231429934501647949e-01,-1.287546306848526001e-01,-3.205282241106033325e-02,-2.663283944129943848e-01,2.944206595420837402e-01,-2.138258963823318481e-01,7.737987488508224487e-02,-3.541087359189987183e-02
-1.099479675292968750e+00,-1.858673840761184692e-01,8.276184201240539551e-01,-1.804216019809246063e-02,-1.306718681007623672e-02,6.865628361701965332e-01,-7.267290949821472168e-01,-3.441367298364639282e-02,6.618072837591171265e-02,1.863483786582946777e-01,9.669876843690872192e-02,-7.692699879407882690e-02,-8.150407671928405762e-02,-4.460523650050163269e-02,-7.939067482948303223e-02,-2.327350676059722900e-01,1.144553050398826599e-01,-9.205786883831024170e-02,5.488471314311027527e-02,-3.519451245665550232e-02,1.694232076406478882e-01,2.719680368900299072e-01,-1.285937279462814331e-01,-5.232035517692565918e-01,-1.287541240453720093e-01,-3.195254132151603699e-02,-2.665957510471343994e-01,2.941123545169830322e-01,-2.131884098052978516e-01,7.743071019649505615e-02,-3.526915609836578369e-02
-1.099446296691894531e+00,-1.859100759029388428e-01,8.276126980781555176e-01,-1.804213412106037140e-02,-1.308619137853384018e-02,6.867898106575012207e-01,-7.265142798423767090e-01,-3.410375118255615234e-02,6.618628650903701782e-02,1.871688812971115112e-01,9.653161466121673584e-02,-7.706426084041595459e-02,-8.155999332666397095e-02,-4.468204826116561890e-02,-7.951732724905014038e-02,-2.321042865514755249e-01,1.143185794353485107e-01,-9.195307642221450806e-02,5.478026717901229858e-02,-3.521618619561195374e-02,1.688802242279052734e-01,2.725144922733306885e-01,-1.284928619861602783e-01,-5.232518911361694336e-01,-1.287617385387420654e-01,-3.188166394829750061e-02,-2.668687999248504639e-01,2.937678396701812744e-01,-2.125662863254547119e-01,7.752167433500289917e-02,-3.510075807571411133e-02
-1.099356174468994141e+00,-1.859982311725616455e-01,8.276112675666809082e-01,-1.808698661625385284e-02,-1.310306880623102188e-02,6.870554089546203613e-01,-7.262616753578186035e-01,-3.363240882754325867e-02,6.616490334272384644e-02,1.880954951047897339e-01,9.613554179668426514e-02,-7.715574651956558228e-02,-8.157960325479507446e-02,-4.497884586453437805e-02,-7.957328110933303833e-02,-2.313850224018096924e-01,1.146355047821998596e-01,-9.204928576946258545e-02,5.498344823718070984e-02,-3.539205715060234070e-02,1.683613657951354980e-01,2.730055153369903564e-01,-1.283292472362518311e-01,-5.232070088386535645e-01,-1.286988556385040283e-01,-3.187126293778419495e-02,-2.671864330768585205e-01,2.933734953403472900e-01,-2.120076119899749756e-01,7.768546789884567261e-02,-3.491082414984703064e-02
-1.099298834800720215e+00,-1.860265135765075684e-01,8.276029825210571289e-01,-1.806986145675182343e-02,-1.310918759554624557e-02,6.872884035110473633e-01,-7.260414958000183105e-01,-3.329882770776748657e-02,6.615199893712997437e-02,1.887901276350021362e-01,9.595698118209838867e-02,-7.729175686836242676e-02,-8.163727819919586182e-02,-4.512129724025726318e-02,-7.963150739669799805e-02,-2.307706028223037720e-01,1.146921589970588684e-01,-9.200528264045715332e-02,5.493573099374771118e-02,-3.518520295619964600e-02,1.678465455770492554e-01,2.734557390213012695e-01,-1.281483471393585205e-01,-5.231535434722900391e-01,-1.286558210849761963e-01,-3.186142444610595703e-02,-2.675293385982513428e-01,2.929610908031463623e-01,-2.114430516958236694e-01,7.788927108049392700e-02,-3.470453619956970215e-02
-1.099257349967956543e+00,-1.860666424036026001e-01,8.275862336158752441e-01,-1.804512366652488708e-02,-1.309186033904552460e-02,6.875156164169311523e-01,-7.258273363113403320e-01,-3.297915682196617126e-02,6.616292893886566162e-02,1.894510388374328613e-01,9.581830352544784546e-02,-7.742724567651748657e-02,-8.167608827352523804e-02,-4.524256289005279541e-02,-7.965442538261413574e-02,-2.302668988704681396e-01,1.147662103176116943e-01,-9.199094772338867188e-02,5.492725595831871033e-02,-3.508779406547546387e-02,1.673716455698013306e-01,2.738949358463287354e-01,-1.279795020818710327e-01,-5.230460166931152344e-01,-1.286405026912689209e-01,-3.182095289230346680e-02,-2.678502202033996582e-01,2.925098538398742676e-01,-2.107925415039062500e-01,7.806831598281860352e-02,-3.451559320092201233e-02
-1.099183917045593262e+00,-1.861247420310974121e-01,8.275796771049499512e-01,-1.801707968115806580e-02,-1.308659557253122330e-02,6.877335906028747559e-01,-7.256215214729309082e-01,-3.263793140649795532e-02,6.616398692131042480e-02,1.902616620063781738e-01,9.549389779567718506e-02,-7.761406153440475464e-02,-8.175873011350631714e-02,-4.527567699551582336e-02,-7.966739684343338013e-02,-2.297803014516830444e-01,1.145379841327667236e-01,-9.186641871929168701e-02,5.493332818150520325e-02,-3.515899926424026489e-02,1.669400185346603394e-01,2.743234634399414062e-01,-1.278433352708816528e-01,-5.229124426841735840e-01,-1.286033242940902710e-01,-3.178038075566291809e-02,-2.682102620601654053e-01,2.920907437801361084e-01,-2.101376503705978394e-01,7.830186188220977783e-02,-3.434654697775840759e-02
-1.099142909049987793e+00,-1.861675977706909180e-01,8.275694847106933594e-01,-1.798690669238567352e-02,-1.307267230004072189e-02,6.879236102104187012e-01,-7.254424095153808594e-01,-3.222893923521041870e-02,6.614623963832855225e-02,1.909938454627990723e-01,9.524209052324295044e-02,-7.771358639001846313e-02,-8.182103931903839111e-02,-4.542446136474609375e-02,-7.963288575410842896e-02,-2.292870432138442993e-01,1.148407235741615295e-01,-9.197083860635757446e-02,5.491066724061965942e-02,-3.515187650918960571e-02,1.665548831224441528e-01,2.747079432010650635e-01,-1.277089864015579224e-01,-5.226745009422302246e-01,-1.285092383623123169e-01,-3.174407035112380981e-02,-2.686357200145721436e-01,2.916562855243682861e-01,-2.094316333532333374e-01,7.847707718610763550e-02,-3.421812132000923157e-02
-1.099085807800292969e+00,-1.862477362155914307e-01,8.275530934333801270e-01,-1.797314733266830444e-02,-1.309147011488676071e-02,6.881573200225830078e-01,-7.252207398414611816e-01,-3.159987926483154297e-02,6.613998115062713623e-02,1.919677704572677612e-01,9.476421773433685303e-02,-7.790574431419372559e-02,-8.188381791114807129e-02,-4.546431452035903931e-02,-7.971724867820739746e-02,-2.286313623189926147e-01,1.149453297257423401e-01,-9.213437139987945557e-02,5.494202673435211182e-02,-3.538471087813377380e-02,1.661911755800247192e-01,2.750791907310485840e-01,-1.275413632392883301e-01,-5.223625898361206055e-01,-1.283614933490753174e-01,-3.169501945376396179e-02,-2.690831422805786133e-01,2.913062572479248047e-01,-2.087602019309997559e-01,7.868376374244689941e-02,-3.407808393239974976e-02
-1.099004149436950684e+00,-1.862598657608032227e-01,8.275442719459533691e-01,-1.793187111616134644e-02,-1.310614310204982758e-02,6.884313821792602539e-01,-7.249612808227539062e-01,-3.111490793526172638e-02,6.611186265945434570e-02,1.929326057434082031e-01,9.442439675331115723e-02,-7.792191207408905029e-02,-8.196581155061721802e-02,-4.544228315353393555e-02,-7.970587909221649170e-02,-2.280023843050003052e-01,1.147608235478401184e-01,-9.199844300746917725e-02,5.503267794847488403e-02,-3.541534766554832458e-02,1.658353209495544434e-01,2.754098773002624512e-01,-1.273476034402847290e-01,-5.220392942428588867e-01,-1.281968355178833008e-01,-3.170476108789443970e-02,-2.695100903511047363e-01,2.909126877784729004e-01,-2.082164585590362549e-01,7.880579680204391479e-02,-3.396204859018325806e-02
-1.098930597305297852e+00,-1.862636059522628784e-01,8.275300264358520508e-01,-1.790965348482131958e-02,-1.315946411341428757e-02,6.886903047561645508e-01,-7.247149348258972168e-01,-3.052899427711963654e-02,6.610266119241714478e-02,1.939011812210083008e-01,9.391037374734878540e-02,-7.804566621780395508e-02,-8.202219754457473755e-02,-4.538422822952270508e-02,-7.963848859071731567e-02,-2.274361550807952881e-01,1.143765300512313843e-01,-9.171049296855926514e-02,5.514108389616012573e-02,-3.539491072297096252e-02,1.655179113149642944e-01,2.757231295108795166e-01,-1.271579116582870483e-01,-5.216659903526306152e-01,-1.280324459075927734e-01,-3.168900683522224426e-02,-2.699246406555175781e-01,2.905638217926025391e-01,-2.076933979988098145e-01,7.895015925168991089e-02,-3.384729847311973572e-02
-1.098864912986755371e+00,-1.862671971321105957e-01,8.275211453437805176e-01,-1.784515380859375000e-02,-1.316373050212860107e-02,6.889463067054748535e-01,-7.244730591773986816e-01,-3.001699969172477722e-02,6.610313802957534790e-02,1.948373764753341675e-01,9.357620030641555786e-02,-7.807295024394989014e-02,-8.209469169378280640e-02,-4.562874510884284973e-02,-7.963692396879196167e-02,-2.267061471939086914e-01,1.147876679897308350e-01,-9.179741144180297852e-02,5.505198612809181213e-02,-3.549178689718246460e-02,1.652398407459259033e-01,2.760160267353057861e-01,-1.269636303186416626e-01,-5.212482213973999023e-01,-1.278894692659378052e-01,-3.167233243584632874e-02,-2.703355848789215088e-01,2.902358770370483398e-01,-2.072126865386962891e-01,7.908758521080017090e-02,-3.373011574149131775e-02
-1.098823785781860352e+00,-1.862698644399642944e-01,8.275132775306701660e-01,-1.783622428774833679e-02,-1.318635791540145874e-02,6.891970038414001465e-01,-7.242344021797180176e-01,-2.956302650272846222e-02,6.610002368688583374e-02,1.957750171422958374e-01,9.319125860929489136e-02,-7.816638797521591187e-02,-8.214879781007766724e-02,-4.564890265464782715e-02,-7.957881689071655273e-02,-2.261143028736114502e-01,1.145749613642692566e-01,-9.164848178625106812e-02,5.510969087481498718e-02,-3.553485870361328125e-02,1.649382710456848145e-01,2.763073742389678955e-01,-1.267094314098358154e-01,-5.208712816238403320e-01,-1.277804374694824219e-01,-3.164960443973541260e-02,-2.707013785839080811e-01,2.899077236652374268e-01,-2.067726254463195801e-01,7.920566201210021973e-02,-3.357746452093124390e-02
-1.098766565322875977e+00,-1.862725913524627686e-01,8.274964094161987305e-01,-1.777019351720809937e-02,-1.317583769559860229e-02,6.893965601921081543e-01,-7.240462303161621094e-01,-2.922707609832286835e-02,6.611534208059310913e-02,1.964679956436157227e-01,9.295651316642761230e-02,-7.830663025379180908e-02,-8.220092207193374634e-02,-4.581671953201293945e-02,-7.954781502485275269e-02,-2.254997938871383667e-01,1.146710142493247986e-01,-9.155359864234924316e-02,5.525196343660354614e-02,-3.539675846695899963e-02,1.646835058927536011e-01,2.765795290470123291e-01,-1.264749914407730103e-01,-5.204533934593200684e-01,-1.277542114257812500e-01,-3.154186904430389404e-02,-2.710833251476287842e-01,2.896644175052642822e-01,-2.062081694602966309e-01,7.935967296361923218e-02,-3.346889093518257141e-02
-1.098733663558959961e+00,-1.862753927707672119e-01,8.274783492088317871e-01,-1.773268170654773712e-02,-1.317194849252700806e-02,6.895788908004760742e-01,-7.238736152648925781e-01,-2.893307618796825409e-02,6.614285707473754883e-02,1.971223354339599609e-01,9.284477680921554565e-02,-7.844936847686767578e-02,-8.224295824766159058e-02,-4.587301984429359436e-02,-7.950888574123382568e-02,-2.250093668699264526e-01,1.147967427968978882e-01,-9.158084541559219360e-02,5.527387559413909912e-02,-3.526441752910614014e-02,1.644481718540191650e-01,2.768217325210571289e-01,-1.262605786323547363e-01,-5.200531482696533203e-01,-1.277865171432495117e-01,-3.145129233598709106e-02,-2.714620232582092285e-01,2.894018888473510742e-01,-2.056610584259033203e-01,7.947846502065658569e-02,-3.332304209470748901e-02
-1.098668456077575684e+00,-1.862775236368179321e-01,8.274589776992797852e-01,-1.764848642051219940e-02,-1.318614836782217026e-02,6.897659301757812500e-01,-7.236971855163574219e-01,-2.864127419888973236e-02,6.616853177547454834e-02,1.977933347225189209e-01,9.277084469795227051e-02,-7.878039032220840454e-02,-8.229159563779830933e-02,-4.618315026164054871e-02,-7.951220124959945679e-02,-2.243755012750625610e-01,1.153245642781257629e-01,-9.173082560300827026e-02,5.531998723745346069e-02,-3.536146134138107300e-02,1.642773449420928955e-01,2.770201563835144043e-01,-1.260762661695480347e-01,-5.196258425712585449e-01,-1.278252005577087402e-01,-3.132043406367301941e-02,-2.718527019023895264e-01,2.891822159290313721e-01,-2.050253450870513916e-01,7.963667064905166626e-02,-3.312435001134872437e-02
-1.098611116409301758e+00,-1.862803399562835693e-01,8.274418711662292480e-01,-1.762177236378192902e-02,-1.321852207183837891e-02,6.899620294570922852e-01,-7.235102653503417969e-01,-2.843618579208850861e-02,6.624779850244522095e-02,1.984193772077560425e-01,9.273491799831390381e-02,-7.900152355432510376e-02,-8.231562376022338867e-02,-4.625874757766723633e-02,-7.941403239965438843e-02,-2.238402813673019409e-01,1.151604875922203064e-01,-9.157826006412506104e-02,5.537055060267448425e-02,-3.526592627167701721e-02,1.641354411840438843e-01,2.772073447704315186e-01,-1.259124130010604858e-01,-5.192580819129943848e-01,-1.278564780950546265e-01,-3.122606314718723297e-02,-2.722327113151550293e-01,2.889958322048187256e-01,-2.045266926288604736e-01,7.982347905635833740e-02,-3.293397277593612671e-02
-1.098569989204406738e+00,-1.862830668687820435e-01,8.274242877960205078e-01,-1.752528920769691467e-02,-1.323999371379613876e-02,6.901363134384155273e-01,-7.233459949493408203e-01,-2.822359465062618256e-02,6.641708314418792725e-02,1.990687996149063110e-01,9.280839562416076660e-02,-7.936602085828781128e-02,-8.235063403844833374e-02,-4.623244702816009521e-02,-7.926868647336959839e-02,-2.234119474887847900e-01,1.151227355003356934e-01,-9.150935709476470947e-02,5.538974702358245850e-02,-3.522271290421485901e-02,1.640338301658630371e-01,2.773772478103637695e-01,-1.257683336734771729e-01,-5.188996195793151855e-01,-1.278999298810958862e-01,-3.113768436014652252e-02,-2.726109325885772705e-01,2.887818813323974609e-01,-2.040134966373443604e-01,7.998400926589965820e-02,-3.276493027806282043e-02
-1.098521113395690918e+00,-1.862864345312118530e-01,8.274140357971191406e-01,-1.743722148239612579e-02,-1.327042188495397568e-02,6.902820467948913574e-01,-7.232085466384887695e-01,-2.803808823227882385e-02,6.659460812807083130e-02,1.997215896844863892e-01,9.285522997379302979e-02,-7.965640723705291748e-02,-8.239802718162536621e-02,-4.651374369859695435e-02,-7.918065786361694336e-02,-2.230024188756942749e-01,1.155846565961837769e-01,-9.162899851799011230e-02,5.532931536436080933e-02,-3.524466231465339661e-02,1.639836430549621582e-01,2.775279283523559570e-01,-1.256514936685562134e-01,-5.185337066650390625e-01,-1.279560327529907227e-01,-3.109252080321311951e-02,-2.730187475681304932e-01,2.885648906230926514e-01,-2.035902887582778931e-01,8.013310283422470093e-02,-3.256854787468910217e-02
-1.098488688468933105e+00,-1.862898319959640503e-01,8.274042606353759766e-01,-1.741972565650939941e-02,-1.331015024334192276e-02,6.904064416885375977e-01,-7.230893969535827637e-01,-2.805077843368053436e-02,6.675051152706146240e-02,2.003899216651916504e-01,9.304074198007583618e-02,-7.991256564855575562e-02,-8.246049284934997559e-02,-4.643480479717254639e-02,-7.906785607337951660e-02,-2.227393537759780884e-01,1.152786985039710999e-01,-9.148380905389785767e-02,5.545670166611671448e-02,-3.528065606951713562e-02,1.639598309993743896e-01,2.777082026004791260e-01,-1.255798786878585815e-01,-5.182175636291503906e-01,-1.280358731746673584e-01,-3.103175945580005646e-02,-2.734176516532897949e-01,2.883222103118896484e-01,-2.031030207872390747e-01,8.021335303783416748e-02,-3.239753469824790955e-02
-1.098464608192443848e+00,-1.863043606281280518e-01,8.273885846138000488e-01,-1.738884486258029938e-02,-1.335146650671958923e-02,6.905260682106018066e-01,-7.229751944541931152e-01,-2.787698246538639069e-02,6.682089716196060181e-02,2.009413689374923706e-01,9.292949736118316650e-02,-8.004272729158401489e-02,-8.250761032104492188e-02,-4.633027687668800354e-02,-7.893799990415573120e-02,-2.224249988794326782e-01,1.149243563413619995e-01,-9.128366410732269287e-02,5.552746355533599854e-02,-3.528023883700370789e-02,1.639360785484313965e-01,2.778463959693908691e-01,-1.255147904157638550e-01,-5.179706811904907227e-01,-1.280783861875534058e-01,-3.093715012073516846e-02,-2.738185524940490723e-01,2.881018519401550293e-01,-2.025436758995056152e-01,8.023457229137420654e-02,-3.223753347992897034e-02
-1.098431944847106934e+00,-1.863171607255935669e-01,8.273820281028747559e-01,-1.736094988882541656e-02,-1.338524464517831802e-02,6.906347274780273438e-01,-7.228714227676391602e-01,-2.757372334599494934e-02,6.691420823335647583e-02,2.015460431575775146e-01,9.264730662107467651e-02,-8.016812056303024292e-02,-8.256865292787551880e-02,-4.629625752568244934e-02,-7.887765020132064819e-02,-2.221879363059997559e-01,1.147704124450683594e-01,-9.119810163974761963e-02,5.554136633872985840e-02,-3.529052063822746277e-02,1.639269590377807617e-01,2.779493629932403564e-01,-1.254373341798782349e-01,-5.177338719367980957e-01,-1.280663311481475830e-01,-3.081039898097515106e-02,-2.741516828536987305e-01,2.878857553005218506e-01,-2.019753158092498779e-01,8.013888448476791382e-02,-3.207246959209442139e-02
-1.098391056060791016e+00,-1.863301247358322144e-01,8.273743391036987305e-01,-1.732140406966209412e-02,-1.340680010616779327e-02,6.907348632812500000e-01,-7.227762937545776367e-01,-2.741035632789134979e-02,6.703729182481765747e-02,2.021921128034591675e-01,9.264099597930908203e-02,-8.037759363651275635e-02,-8.262659609317779541e-02,-4.620755836367607117e-02,-7.883354276418685913e-02,-2.219547331333160400e-01,1.146311908960342407e-01,-9.114784002304077148e-02,5.551690235733985901e-02,-3.530984371900558472e-02,1.639297306537628174e-01,2.780494391918182373e-01,-1.253460198640823364e-01,-5.175066590309143066e-01,-1.280232071876525879e-01,-3.068895079195499420e-02,-2.744357287883758545e-01,2.876501679420471191e-01,-2.014505118131637573e-01,7.996372878551483154e-02,-3.192093223333358765e-02
-1.098350882530212402e+00,-1.863431632518768311e-01,8.273625373840332031e-01,-1.726792566478252411e-02,-1.341451052576303482e-02,6.907923817634582520e-01,-7.227224707603454590e-01,-2.721970714628696442e-02,6.704825162887573242e-02,2.027826607227325439e-01,9.250155091285705566e-02,-8.052255213260650635e-02,-8.270956575870513916e-02,-4.646800830960273743e-02,-7.876692712306976318e-02,-2.215590775012969971e-01,1.150594651699066162e-01,-9.129126369953155518e-02,5.567188560962677002e-02,-3.542358800768852234e-02,1.639686673879623413e-01,2.781109511852264404e-01,-1.252651810646057129e-01,-5.172543525695800781e-01,-1.279482841491699219e-01,-3.057353943586349487e-02,-2.747218608856201172e-01,2.873902916908264160e-01,-2.009682655334472656e-01,7.973711192607879639e-02,-3.181780874729156494e-02
-1.098326444625854492e+00,-1.863548755645751953e-01,8.273447155952453613e-01,-1.724708639085292816e-02,-1.343835704028606415e-02,6.908894777297973633e-01,-7.226296663284301758e-01,-2.708181925117969513e-02,6.717800348997116089e-02,2.034179866313934326e-01,9.246624261140823364e-02,-8.071820437908172607e-02,-8.275788277387619019e-02,-4.665270447731018066e-02,-7.877462357282638550e-02,-2.213055342435836792e-01,1.153090596199035645e-01,-9.139218181371688843e-02,5.573247373104095459e-02,-3.537517786026000977e-02,1.639969199895858765e-01,2.781364917755126953e-01,-1.251791268587112427e-01,-5.170767307281494141e-01,-1.278359144926071167e-01,-3.045393340289592743e-02,-2.749892771244049072e-01,2.871147096157073975e-01,-2.005035579204559326e-01,7.950060069561004639e-02,-3.173104301095008850e-02
-1.098285794258117676e+00,-1.863674819469451904e-01,8.273357152938842773e-01,-1.721175014972686768e-02,-1.348557975143194199e-02,6.910160183906555176e-01,-7.225086688995361328e-01,-2.697259746491909027e-02,6.722191721200942993e-02,2.039672136306762695e-01,9.246495366096496582e-02,-8.094763755798339844e-02,-8.282956480979919434e-02,-4.664803296327590942e-02,-7.875025272369384766e-02,-2.210820019245147705e-01,1.151453256607055664e-01,-9.130490571260452271e-02,5.580700188875198364e-02,-3.525818511843681335e-02,1.640171855688095093e-01,2.781727612018585205e-01,-1.250729560852050781e-01,-5.169444680213928223e-01,-1.277123838663101196e-01,-3.031029179692268372e-02,-2.752417325973510742e-01,2.868931889533996582e-01,-2.000672519207000732e-01,7.930643111467361450e-02,-3.162873908877372742e-02
-1.098237037658691406e+00,-1.863792389631271362e-01,8.273357748985290527e-01,-1.717945374548435211e-02,-1.352288201451301575e-02,6.910945773124694824e-01,-7.224335670471191406e-01,-2.678403258323669434e-02,6.737324595451354980e-02,2.045711129903793335e-01,9.242993593215942383e-02,-8.122138679027557373e-02,-8.287996053695678711e-02,-4.662719368934631348e-02,-7.873142510652542114e-02,-2.209223806858062744e-01,1.150936409831047058e-01,-9.127137064933776855e-02,5.586775764822959900e-02,-3.522375226020812988e-02,1.640309840440750122e-01,2.781961262226104736e-01,-1.249606460332870483e-01,-5.168722867965698242e-01,-1.275861114263534546e-01,-3.014599531888961792e-02,-2.755207419395446777e-01,2.867439091205596924e-01,-1.996625959873199463e-01,7.916234433650970459e-02,-3.151975944638252258e-02
-1.098171949386596680e+00,-1.863897591829299927e-01,8.273346424102783203e-01,-1.712649874389171600e-02,-1.355609484016895294e-02,6.911876797676086426e-01,-7.223451137542724609e-01,-2.660052664577960968e-02,6.742776930332183838e-02,2.050787657499313354e-01,9.236908704042434692e-02,-8.144599199295043945e-02,-8.293142914772033691e-02,-4.668993130326271057e-02,-7.869493216276168823e-02,-2.206636965274810791e-01,1.151829808950424194e-01,-9.128563851118087769e-02,5.589870736002922058e-02,-3.522628545761108398e-02,1.640695929527282715e-01,2.782144546508789062e-01,-1.248239055275917053e-01,-5.167582631111145020e-01,-1.274400204420089722e-01,-2.996829152107238770e-02,-2.757819592952728271e-01,2.866480350494384766e-01,-1.993409395217895508e-01,7.903580367565155029e-02,-3.138463571667671204e-02
-1.098139643669128418e+00,-1.863991618156433105e-01,8.273335695266723633e-01,-1.708855852484703064e-02,-1.360657345503568649e-02,6.912484169006347656e-01,-7.222869396209716797e-01,-2.646432816982269287e-02,6.741117686033248901e-02,2.055265009403228760e-01,9.226612001657485962e-02,-8.159935474395751953e-02,-8.302073180675506592e-02,-4.654293134808540344e-02,-7.860790193080902100e-02,-2.204598486423492432e-01,1.149065494537353516e-01,-9.115250408649444580e-02,5.595485866069793701e-02,-3.513597324490547180e-02,1.641199588775634766e-01,2.782338857650756836e-01,-1.246791258454322815e-01,-5.166354179382324219e-01,-1.273012757301330566e-01,-2.979766950011253357e-02,-2.760308384895324707e-01,2.865341007709503174e-01,-1.990526318550109863e-01,7.886293530464172363e-02,-3.123839199542999268e-02
-1.098099112510681152e+00,-1.864099651575088501e-01,8.273320198059082031e-01,-1.705080084502696991e-02,-1.359942741692066193e-02,6.913278102874755859e-01,-7.222120165824890137e-01,-2.625933848321437836e-02,6.741851568222045898e-02,2.058395445346832275e-01,9.210116416215896606e-02,-8.168692141771316528e-02,-8.304949104785919189e-02,-4.668823257088661194e-02,-7.860994338989257812e-02,-2.201517969369888306e-01,1.152363866567611694e-01,-9.128306806087493896e-02,5.607071146368980408e-02,-3.513811528682708740e-02,1.641736328601837158e-01,2.782104909420013428e-01,-1.245412901043891907e-01,-5.165469050407409668e-01,-1.271541267633438110e-01,-2.961351536214351654e-02,-2.763334512710571289e-01,2.864423990249633789e-01,-1.987354904413223267e-01,7.873336225748062134e-02,-3.109293803572654724e-02
-1.098050236701965332e+00,-1.864194869995117188e-01,8.273319602012634277e-01,-1.703727245330810547e-02,-1.362746208906173706e-02,6.913980245590209961e-01,-7.221445441246032715e-01,-2.612648345530033112e-02,6.742108613252639771e-02,2.062437534332275391e-01,9.192733466625213623e-02,-8.177471905946731567e-02,-8.308812230825424194e-02,-4.668615758419036865e-02,-7.856159657239913940e-02,-2.199184447526931763e-01,1.150234341621398926e-01,-9.115804731845855713e-02,5.616610497236251831e-02,-3.512698784470558167e-02,1.642849445343017578e-01,2.781885862350463867e-01,-1.244109421968460083e-01,-5.163328647613525391e-01,-1.270107328891754150e-01,-2.943139523267745972e-02,-2.766274511814117432e-01,2.863594591617584229e-01,-1.984372586011886597e-01,7.862697541713714600e-02,-3.096134588122367859e-02
-1.098017454147338867e+00,-1.864302009344100952e-01,8.273338079452514648e-01,-1.701585948467254639e-02,-1.364568248391151428e-02,6.914637684822082520e-01,-7.220817804336547852e-01,-2.602005004882812500e-02,6.750854104757308960e-02,2.065325677394866943e-01,9.181622415781021118e-02,-8.180524408817291260e-02,-8.309492468833923340e-02,-4.653733596205711365e-02,-7.850018143653869629e-02,-2.197766155004501343e-01,1.146681681275367737e-01,-9.098187088966369629e-02,5.624370276927947998e-02,-3.499880060553550720e-02,1.644207388162612915e-01,2.781530916690826416e-01,-1.242883205413818359e-01,-5.160752534866333008e-01,-1.268573850393295288e-01,-2.926378697156906128e-02,-2.769009172916412354e-01,2.862395048141479492e-01,-1.981502622365951538e-01,7.851316779851913452e-02,-3.082753531634807587e-02
-1.098001003265380859e+00,-1.864410489797592163e-01,8.273345232009887695e-01,-1.697835139930248260e-02,-1.363825891166925430e-02,6.915107965469360352e-01,-7.220377326011657715e-01,-2.588311210274696350e-02,6.761004030704498291e-02,2.067415863275527954e-01,9.170600026845932007e-02,-8.185503631830215454e-02,-8.309998363256454468e-02,-4.662716761231422424e-02,-7.851640880107879639e-02,-2.197480201721191406e-01,1.149086207151412964e-01,-9.107735008001327515e-02,5.619487538933753967e-02,-3.490746021270751953e-02,1.645638197660446167e-01,2.781179249286651611e-01,-1.242076456546783447e-01,-5.158259272575378418e-01,-1.267409473657608032e-01,-2.908294275403022766e-02,-2.771569490432739258e-01,2.860769927501678467e-01,-1.977647393941879272e-01,7.838539034128189087e-02,-3.072063811123371124e-02
-1.097976803779602051e+00,-1.864537447690963745e-01,8.273340463638305664e-01,-1.696334592998027802e-02,-1.364816632121801376e-02,6.915405988693237305e-01,-7.220094203948974609e-01,-2.578479051589965820e-02,6.767975538969039917e-02,2.069988995790481567e-01,9.167603403329849243e-02,-8.204730600118637085e-02,-8.310171216726303101e-02,-4.663092270493507385e-02,-7.851128280162811279e-02,-2.197452485561370850e-01,1.149225011467933655e-01,-9.106720983982086182e-02,5.625661835074424744e-02,-3.489731252193450928e-02,1.647298187017440796e-01,2.780711054801940918e-01,-1.241707652807235718e-01,-5.155535340309143066e-01,-1.266286671161651611e-01,-2.894370816648006439e-02,-2.774091362953186035e-01,2.858751416206359863e-01,-1.974125802516937256e-01,7.825514674186706543e-02,-3.063130937516689301e-02
-1.097936391830444336e+00,-1.864677965641021729e-01,8.273317217826843262e-01,-1.694330386817455292e-02,-1.367861311882734299e-02,6.915754079818725586e-01,-7.219759225845336914e-01,-2.576405368745326996e-02,6.764784455299377441e-02,2.073689699172973633e-01,9.169955551624298096e-02,-8.220454305410385132e-02,-8.317006379365921021e-02,-4.639631882309913635e-02,-7.844321429729461670e-02,-2.197723835706710815e-01,1.145835444331169128e-01,-9.090348333120346069e-02,5.642289295792579651e-02,-3.492649644613265991e-02,1.649237573146820068e-01,2.780710756778717041e-01,-1.241796985268592834e-01,-5.152229666709899902e-01,-1.265682578086853027e-01,-2.879187650978565216e-02,-2.776177525520324707e-01,2.856701016426086426e-01,-1.970266997814178467e-01,7.812350243330001831e-02,-3.055661544203758240e-02
-1.097887396812438965e+00,-1.864830404520034790e-01,8.273295164108276367e-01,-1.689140684902667999e-02,-1.368620339781045914e-02,6.916153430938720703e-01,-7.219387888908386230e-01,-2.554257214069366455e-02,6.771830469369888306e-02,2.075581848621368408e-01,9.179934859275817871e-02,-8.231587707996368408e-02,-8.317161351442337036e-02,-4.633855447173118591e-02,-7.842157781124114990e-02,-2.197201251983642578e-01,1.146701499819755554e-01,-9.090228378772735596e-02,5.650907009840011597e-02,-3.490835428237915039e-02,1.651179492473602295e-01,2.780690491199493408e-01,-1.241911202669143677e-01,-5.148660540580749512e-01,-1.265004575252532959e-01,-2.865071967244148254e-02,-2.778157889842987061e-01,2.854713201522827148e-01,-1.966461688280105591e-01,7.799565047025680542e-02,-3.048034198582172394e-02
-1.097854733467102051e+00,-1.864974349737167358e-01,8.273265361785888672e-01,-1.682634651660919189e-02,-1.368909981101751328e-02,6.916524171829223633e-01,-7.219047546386718750e-01,-2.541312761604785919e-02,6.778377294540405273e-02,2.077508121728897095e-01,9.195303171873092651e-02,-8.246525377035140991e-02,-8.317800611257553101e-02,-4.646595194935798645e-02,-7.844637334346771240e-02,-2.197211086750030518e-01,1.149990484118461609e-01,-9.097525477409362793e-02,5.655002593994140625e-02,-3.487594798207283020e-02,1.653020828962326050e-01,2.780384123325347900e-01,-1.242104396224021912e-01,-5.145259499549865723e-01,-1.264376640319824219e-01,-2.848542854189872742e-02,-2.780312299728393555e-01,2.853066623210906982e-01,-1.962112039327621460e-01,7.788830250501632690e-02,-3.040137328207492828e-02
-1.097822427749633789e+00,-1.865100562572479248e-01,8.273261189460754395e-01,-1.679501868784427643e-02,-1.372108142822980881e-02,6.917089819908142090e-01,-7.218506336212158203e-01,-2.540907263755798340e-02,6.781682372093200684e-02,2.078548073768615723e-01,9.198728948831558228e-02,-8.258852362632751465e-02,-8.316995948553085327e-02,-4.621271789073944092e-02,-7.837682962417602539e-02,-2.196861356496810913e-01,1.145174652338027954e-01,-9.069567173719406128e-02,5.669854208827018738e-02,-3.477460891008377075e-02,1.654735058546066284e-01,2.779705226421356201e-01,-1.242000013589859009e-01,-5.141759514808654785e-01,-1.263654530048370361e-01,-2.832016907632350922e-02,-2.782365083694458008e-01,2.851723432540893555e-01,-1.957852691411972046e-01,7.777171581983566284e-02,-3.032927960157394409e-02
-1.097789883613586426e+00,-1.865192204713821411e-01,8.273272514343261719e-01,-1.675717718899250031e-02,-1.372459065169095993e-02,6.917172670364379883e-01,-7.218434810638427734e-01,-2.539946138858795166e-02,6.787906587123870850e-02,2.080941647291183472e-01,9.199313074350357056e-02,-8.268174529075622559e-02,-8.315912634134292603e-02,-4.606996104121208191e-02,-7.832921296358108521e-02,-2.197607904672622681e-01,1.142615303397178650e-01,-9.052643179893493652e-02,5.674498900771141052e-02,-3.478468582034111023e-02,1.656272262334823608e-01,2.778721749782562256e-01,-1.241484656929969788e-01,-5.138126015663146973e-01,-1.263042837381362915e-01,-2.816235646605491638e-02,-2.784202694892883301e-01,2.850343883037567139e-01,-1.953745037317276001e-01,7.759445905685424805e-02,-3.027780726552009583e-02
-1.097749233245849609e+00,-1.865259259939193726e-01,8.273280858993530273e-01,-1.674151048064231873e-02,-1.372179482132196426e-02,6.917667984962463379e-01,-7.217964529991149902e-01,-2.538068406283855438e-02,6.790580600500106812e-02,2.081832438707351685e-01,9.192653745412826538e-02,-8.275561034679412842e-02,-8.313424885272979736e-02,-4.594751819968223572e-02,-7.831004261970520020e-02,-2.197868674993515015e-01,1.141025647521018982e-01,-9.044249355792999268e-02,5.683962628245353699e-02,-3.473066166043281555e-02,1.657710373401641846e-01,2.777697443962097168e-01,-1.240699812769889832e-01,-5.134387016296386719e-01,-1.262674033641815186e-01,-2.797774411737918854e-02,-2.786068320274353027e-01,2.849319279193878174e-01,-1.949158608913421631e-01,7.740102708339691162e-02,-3.028297610580921173e-02
-1.097708702087402344e+00,-1.865316629409790039e-01,8.273233771324157715e-01,-1.672238856554031372e-02,-1.368585228919982910e-02,6.917740702629089355e-01,-7.217906117439270020e-01,-2.531930617988109589e-02,6.788859516382217407e-02,2.083015888929367065e-01,9.191204607486724854e-02,-8.283178508281707764e-02,-8.309830725193023682e-02,-4.621616750955581665e-02,-7.828844338655471802e-02,-2.197744548320770264e-01,1.146136224269866943e-01,-9.056432545185089111e-02,5.711328238248825073e-02,-3.479562699794769287e-02,1.659074276685714722e-01,2.776320874691009521e-01,-1.239886432886123657e-01,-5.130773186683654785e-01,-1.262419819831848145e-01,-2.780182659626007080e-02,-2.788169980049133301e-01,2.848325371742248535e-01,-1.944739222526550293e-01,7.718588411808013916e-02,-3.026673570275306702e-02
-1.097676157951354980e+00,-1.865361928939819336e-01,8.273222446441650391e-01,-1.671879366040229797e-02,-1.369686983525753021e-02,6.917989850044250488e-01,-7.217665910720825195e-01,-2.529867552220821381e-02,6.788559257984161377e-02,2.083893567323684692e-01,9.195578098297119141e-02,-8.292376250028610229e-02,-8.307464420795440674e-02,-4.629471898078918457e-02,-7.832130789756774902e-02,-2.197422683238983154e-01,1.146715655922889709e-01,-9.056238830089569092e-02,5.719901621341705322e-02,-3.477047756314277649e-02,1.660220921039581299e-01,2.775234580039978027e-01,-1.238853186368942261e-01,-5.127519369125366211e-01,-1.262167543172836304e-01,-2.762760780751705170e-02,-2.790219187736511230e-01,2.847659289836883545e-01,-1.940791606903076172e-01,7.699017226696014404e-02,-3.028950095176696777e-02
-1.097643733024597168e+00,-1.865399330854415894e-01,8.273225426673889160e-01,-1.670983992516994476e-02,-1.371433399617671967e-02,6.918312311172485352e-01,-7.217355966567993164e-01,-2.528199926018714905e-02,6.789677590131759644e-02,2.084769457578659058e-01,9.207233041524887085e-02,-8.302287757396697998e-02,-8.305837959051132202e-02,-4.615957662463188171e-02,-7.835217565298080444e-02,-2.197591215372085571e-01,1.145039796829223633e-01,-9.047104418277740479e-02,5.717938020825386047e-02,-3.470874205231666565e-02,1.661460995674133301e-01,2.774391174316406250e-01,-1.237596869468688965e-01,-5.123940706253051758e-01,-1.261666268110275269e-01,-2.746883966028690338e-02,-2.792240083217620850e-01,2.847233414649963379e-01,-1.937492489814758301e-01,7.683404535055160522e-02,-3.028278052806854248e-02
-1.097611188888549805e+00,-1.865437924861907959e-01,8.273197412490844727e-01,-1.668621413409709930e-02,-1.369198411703109741e-02,6.918420791625976562e-01,-7.217261195182800293e-01,-2.522897906601428986e-02,6.788215786218643188e-02,2.085789889097213745e-01,9.212610125541687012e-02,-8.317334949970245361e-02,-8.304064720869064331e-02,-4.627149924635887146e-02,-7.842457294464111328e-02,-2.197969406843185425e-01,1.149333640933036804e-01,-9.062226116657257080e-02,5.726061016321182251e-02,-3.474007546901702881e-02,1.662752032279968262e-01,2.773494422435760498e-01,-1.236468032002449036e-01,-5.120594501495361328e-01,-1.260896474123001099e-01,-2.733602561056613922e-02,-2.794083058834075928e-01,2.846309542655944824e-01,-1.934389024972915649e-01,7.667407393455505371e-02,-3.021804615855216980e-02
-1.097570538520812988e+00,-1.865463256835937500e-01,8.273175358772277832e-01,-1.668968796730041504e-02,-1.371283736079931259e-02,6.918486952781677246e-01,-7.217193245887756348e-01,-2.520844899117946625e-02,6.785114854574203491e-02,2.087105214595794678e-01,9.231404960155487061e-02,-8.335795998573303223e-02,-8.305685222148895264e-02,-4.606138169765472412e-02,-7.836253941059112549e-02,-2.197934240102767944e-01,1.145444437861442566e-01,-9.043209254741668701e-02,5.735617503523826599e-02,-3.475715965032577515e-02,1.663795709609985352e-01,2.772805690765380859e-01,-1.235401108860969543e-01,-5.118218064308166504e-01,-1.259818375110626221e-01,-2.722511813044548035e-02,-2.795640826225280762e-01,2.845212519168853760e-01,-1.931688487529754639e-01,7.653558999300003052e-02,-3.007341921329498291e-02
-1.097521781921386719e+00,-1.865494698286056519e-01,8.273164629936218262e-01,-1.667067781090736389e-02,-1.370903477072715759e-02,6.918734312057495117e-01,-7.216961383819580078e-01,-2.518457360565662384e-02,6.784269958734512329e-02,2.087926715612411499e-01,9.238634258508682251e-02,-8.348352462053298950e-02,-8.304531872272491455e-02,-4.588387161493301392e-02,-7.833526283502578735e-02,-2.198156267404556274e-01,1.143719106912612915e-01,-9.036364406347274780e-02,5.745843425393104553e-02,-3.473906964063644409e-02,1.664759665727615356e-01,2.772434949874877930e-01,-1.234295219182968140e-01,-5.116178393363952637e-01,-1.258692741394042969e-01,-2.712283097207546234e-02,-2.797346115112304688e-01,2.843759655952453613e-01,-1.928670853376388550e-01,7.640555500984191895e-02,-2.988535724580287933e-02
-1.097456693649291992e+00,-1.865521222352981567e-01,8.273143172264099121e-01,-1.665232703089714050e-02,-1.368545927107334137e-02,6.918998360633850098e-01,-7.216717004776000977e-01,-2.514996938407421112e-02,6.782013922929763794e-02,2.088645845651626587e-01,9.242308884859085083e-02,-8.360976725816726685e-02,-8.300594985485076904e-02,-4.593290016055107117e-02,-7.832695543766021729e-02,-2.196885496377944946e-01,1.145281419157981873e-01,-9.035767614841461182e-02,5.764766409993171692e-02,-3.484427928924560547e-02,1.665718555450439453e-01,2.771955728530883789e-01,-1.233217120170593262e-01,-5.114372372627258301e-01,-1.257310062646865845e-01,-2.706213854253292084e-02,-2.799190878868103027e-01,2.842115759849548340e-01,-1.926331520080566406e-01,7.630699127912521362e-02,-2.963966503739356995e-02
-1.097416162490844727e+00,-1.865551173686981201e-01,8.273144960403442383e-01,-1.664665341377258301e-02,-1.370114646852016449e-02,6.919333338737487793e-01,-7.216394543647766113e-01,-2.513884194195270538e-02,6.782729178667068481e-02,2.090243846178054810e-01,9.250593930482864380e-02,-8.374780416488647461e-02,-8.297040313482284546e-02,-4.583597928285598755e-02,-7.836432009935379028e-02,-2.196719646453857422e-01,1.142770051956176758e-01,-9.021634608507156372e-02,5.772241950035095215e-02,-3.485034778714179993e-02,1.666533052921295166e-01,2.771733701229095459e-01,-1.232168599963188171e-01,-5.113114118576049805e-01,-1.256014853715896606e-01,-2.704545482993125916e-02,-2.800717353820800781e-01,2.839878201484680176e-01,-1.924587637186050415e-01,7.621219009160995483e-02,-2.935130707919597626e-02
-1.097391724586486816e+00,-1.865581721067428589e-01,8.273137211799621582e-01,-1.662998460233211517e-02,-1.370770204812288284e-02,6.919798254966735840e-01,-7.215951085090637207e-01,-2.508273534476757050e-02,6.781829148530960083e-02,2.091196477413177490e-01,9.265896677970886230e-02,-8.385261148214340210e-02,-8.295448124408721924e-02,-4.578945040702819824e-02,-7.837744057178497314e-02,-2.197740525007247925e-01,1.142381951212882996e-01,-9.017422050237655640e-02,5.771651118993759155e-02,-3.476109728217124939e-02,1.667547225952148438e-01,2.771664261817932129e-01,-1.231229826807975769e-01,-5.111625790596008301e-01,-1.254828721284866333e-01,-2.702035196125507355e-02,-2.801998555660247803e-01,2.837361395359039307e-01,-1.922471225261688232e-01,7.614880055189132690e-02,-2.905134856700897217e-02
-1.097334623336791992e+00,-1.865616589784622192e-01,8.273119330406188965e-01,-1.660577766597270966e-02,-1.368052978068590164e-02,6.919542551040649414e-01,-7.216206789016723633e-01,-2.505905553698539734e-02,6.778512895107269287e-02,2.092065066099166870e-01,9.264422953128814697e-02,-8.388496935367584229e-02,-8.294278383255004883e-02,-4.604188352823257446e-02,-7.840251922607421875e-02,-2.197282910346984863e-01,1.147477328777313232e-01,-9.035245329141616821e-02,5.765713378787040710e-02,-3.484557941555976868e-02,1.668843179941177368e-01,2.771793901920318604e-01,-1.230525225400924683e-01,-5.109671950340270996e-01,-1.254001110792160034e-01,-2.698127366602420807e-02,-2.803575098514556885e-01,2.834638357162475586e-01,-1.919764280319213867e-01,7.610277831554412842e-02,-2.875423617660999298e-02
-1.097293972969055176e+00,-1.865648776292800903e-01,8.273124098777770996e-01,-1.659928448498249054e-02,-1.368978060781955719e-02,6.919534802436828613e-01,-7.216213941574096680e-01,-2.506945654749870300e-02,6.777323037385940552e-02,2.093120366334915161e-01,9.264384955167770386e-02,-8.389133214950561523e-02,-8.292653411626815796e-02,-4.617792740464210510e-02,-7.847104966640472412e-02,-2.196820974349975586e-01,1.148373857140541077e-01,-9.035706520080566406e-02,5.760662257671356201e-02,-3.485342115163803101e-02,1.670111119747161865e-01,2.772182226181030273e-01,-1.229818165302276611e-01,-5.107871294021606445e-01,-1.253101378679275513e-01,-2.694316767156124115e-02,-2.805201113224029541e-01,2.831822931766510010e-01,-1.916915923357009888e-01,7.606198638677597046e-02,-2.846184000372886658e-02
-1.097261428833007812e+00,-1.865639537572860718e-01,8.273129463195800781e-01,-1.659170165657997131e-02,-1.369591150432825089e-02,6.919662356376647949e-01,-7.216091752052307129e-01,-2.506898902356624603e-02,6.776127964258193970e-02,2.094186395406723022e-01,9.268231689929962158e-02,-8.391589671373367310e-02,-8.290815353393554688e-02,-4.620926827192306519e-02,-7.852972298860549927e-02,-2.196929454803466797e-01,1.148899421095848083e-01,-9.039092808961868286e-02,5.754519999027252197e-02,-3.480773791670799255e-02,1.671388447284698486e-01,2.772581875324249268e-01,-1.229088231921195984e-01,-5.106124877929687500e-01,-1.252129375934600830e-01,-2.692630328238010406e-02,-2.806797623634338379e-01,2.828974723815917969e-01,-1.914491206407546997e-01,7.602293789386749268e-02,-2.817253582179546356e-02
-1.097236990928649902e+00,-1.865534186363220215e-01,8.273133039474487305e-01,-1.658049970865249634e-02,-1.369939185678958893e-02,6.919772028923034668e-01,-7.215988636016845703e-01,-2.505984157323837280e-02,6.775507330894470215e-02,2.094776183366775513e-01,9.272664040327072144e-02,-8.393476903438568115e-02,-8.288060873746871948e-02,-4.622276499867439270e-02,-7.859266549348831177e-02,-2.197155058383941650e-01,1.149101480841636658e-01,-9.037446230649948120e-02,5.750702694058418274e-02,-3.476016595959663391e-02,1.672678142786026001e-01,2.772994339466094971e-01,-1.228486746549606323e-01,-5.104459524154663086e-01,-1.251536309719085693e-01,-2.690390311181545258e-02,-2.808467745780944824e-01,2.826355099678039551e-01,-1.912081241607666016e-01,7.601334154605865479e-02,-2.790748886764049530e-02
-1.097212672233581543e+00,-1.865427941083908081e-01,8.273138403892517090e-01,-1.656955480575561523e-02,-1.370807643979787827e-02,6.919875741004943848e-01,-7.215890288352966309e-01,-2.504994347691535950e-02,6.774645298719406128e-02,2.095139920711517334e-01,9.282498806715011597e-02,-8.394899219274520874e-02,-8.285693824291229248e-02,-4.616708680987358093e-02,-7.866138219833374023e-02,-2.197729200124740601e-01,1.148224100470542908e-01,-9.031663835048675537e-02,5.748161301016807556e-02,-3.471283242106437683e-02,1.673773080110549927e-01,2.773343324661254883e-01,-1.227971091866493225e-01,-5.103409886360168457e-01,-1.251093894243240356e-01,-2.688322216272354126e-02,-2.810054123401641846e-01,2.823994755744934082e-01,-1.909991800785064697e-01,7.603105902671813965e-02,-2.766679227352142334e-02
-1.097180247306823730e+00,-1.865320652723312378e-01,8.273154497146606445e-01,-1.656157337129116058e-02,-1.372031122446060181e-02,6.919797062873840332e-01,-7.215964794158935547e-01,-2.507600001990795135e-02,6.775985658168792725e-02,2.096650749444961548e-01,9.289155900478363037e-02,-8.399260789155960083e-02,-8.282282203435897827e-02,-4.598427191376686096e-02,-7.873182743787765503e-02,-2.199406176805496216e-01,1.145629808306694031e-01,-9.021639823913574219e-02,5.746199563145637512e-02,-3.469534218311309814e-02,1.674721240997314453e-01,2.773587107658386230e-01,-1.227566972374916077e-01,-5.102880001068115234e-01,-1.250807046890258789e-01,-2.689105644822120667e-02,-2.811875045299530029e-01,2.821665108203887939e-01,-1.908446401357650757e-01,7.606902718544006348e-02,-2.743844874203205109e-02
-1.097155809402465820e+00,-1.865207403898239136e-01,8.273138403892517090e-01,-1.654241979122161865e-02,-1.370656210929155350e-02,6.919649243354797363e-01,-7.216114401817321777e-01,-2.504379488527774811e-02,6.773500144481658936e-02,2.097076326608657837e-01,9.299629181623458862e-02,-8.402857184410095215e-02,-8.280781656503677368e-02,-4.600761458277702332e-02,-7.875005155801773071e-02,-2.200567126274108887e-01,1.147573590278625488e-01,-9.026785939931869507e-02,5.742754787206649780e-02,-3.468715026974678040e-02,1.675622165203094482e-01,2.773503959178924561e-01,-1.227123886346817017e-01,-5.102466344833374023e-01,-1.250487416982650757e-01,-2.688948437571525574e-02,-2.813809514045715332e-01,2.819447517395019531e-01,-1.906726062297821045e-01,7.613018155097961426e-02,-2.723504602909088135e-02
-1.097123503684997559e+00,-1.865094155073165894e-01,8.273128867149353027e-01,-1.653492823243141174e-02,-1.368870865553617477e-02,6.919385194778442383e-01,-7.216372489929199219e-01,-2.506212517619132996e-02,6.770104169845581055e-02,2.097127586603164673e-01,9.295737743377685547e-02,-8.407410979270935059e-02,-8.277575671672821045e-02,-4.616001248359680176e-02,-7.884703576564788818e-02,-2.200798839330673218e-01,1.152017563581466675e-01,-9.045600146055221558e-02,5.740521475672721863e-02,-3.471727669239044189e-02,1.676562726497650146e-01,2.773182988166809082e-01,-1.226706281304359436e-01,-5.101948380470275879e-01,-1.250274330377578735e-01,-2.686372585594654083e-02,-2.816050052642822266e-01,2.817319929599761963e-01,-1.904361397027969360e-01,7.620219886302947998e-02,-2.707617729902267456e-02
-1.097091197967529297e+00,-1.864976286888122559e-01,8.273127079010009766e-01,-1.654167845845222473e-02,-1.371641457080841064e-02,6.919205784797668457e-01,-7.216537594795227051e-01,-2.511052414774894714e-02,6.768556684255599976e-02,2.098035216331481934e-01,9.314712882041931152e-02,-8.406902849674224854e-02,-8.276148885488510132e-02,-4.600996524095535278e-02,-7.894513010978698730e-02,-2.201207578182220459e-01,1.148969978094100952e-01,-9.031715989112854004e-02,5.744340270757675171e-02,-3.473566845059394836e-02,1.677279919385910034e-01,2.772874236106872559e-01,-1.226346641778945923e-01,-5.102049708366394043e-01,-1.250185817480087280e-01,-2.683717384934425354e-02,-2.818054556846618652e-01,2.815169692039489746e-01,-1.901998072862625122e-01,7.623618841171264648e-02,-2.695250883698463440e-02
-1.097066879272460938e+00,-1.864860951900482178e-01,8.273108601570129395e-01,-1.654477231204509735e-02,-1.369546912610530853e-02,6.919159889221191406e-01,-7.216584682464599609e-01,-2.516858652234077454e-02,6.762032955884933472e-02,2.098107933998107910e-01,9.316402673721313477e-02,-8.411329239606857300e-02,-8.274000883102416992e-02,-4.593691229820251465e-02,-7.894656807184219360e-02,-2.201595008373260498e-01,1.148883253335952759e-01,-9.028206020593643188e-02,5.765389278531074524e-02,-3.470510989427566528e-02,1.678016483783721924e-01,2.772223651409149170e-01,-1.225926578044891357e-01,-5.102027654647827148e-01,-1.249832883477210999e-01,-2.682305127382278442e-02,-2.820179760456085205e-01,2.813040316104888916e-01,-1.899977922439575195e-01,7.624872028827667236e-02,-2.686294168233871460e-02
-1.097034454345703125e+00,-1.864745914936065674e-01,8.273096680641174316e-01,-1.654638908803462982e-02,-1.369619462639093399e-02,6.918896436691284180e-01,-7.216836810111999512e-01,-2.523015439510345459e-02,6.757880747318267822e-02,2.098920345306396484e-01,9.325273334980010986e-02,-8.414550870656967163e-02,-8.273467421531677246e-02,-4.587147384881973267e-02,-7.897862792015075684e-02,-2.202169001102447510e-01,1.147726252675056458e-01,-9.018242359161376953e-02,5.781185254454612732e-02,-3.472405299544334412e-02,1.678640991449356079e-01,2.771477997303009033e-01,-1.225452572107315063e-01,-5.102226138114929199e-01,-1.249323934316635132e-01,-2.681538462638854980e-02,-2.822243571281433105e-01,2.811144292354583740e-01,-1.898395270109176636e-01,7.627770304679870605e-02,-2.679628320038318634e-02
-1.096993923187255859e+00,-1.864635050296783447e-01,8.273069858551025391e-01,-1.654117554426193237e-02,-1.366839557886123657e-02,6.919039487838745117e-01,-7.216706275939941406e-01,-2.530696243047714233e-02,6.750524789094924927e-02,2.097258567810058594e-01,9.331340342760086060e-02,-8.415642380714416504e-02,-8.269301056861877441e-02,-4.599948972463607788e-02,-7.903660833835601807e-02,-2.201559692621231079e-01,1.150085255503654480e-01,-9.020809829235076904e-02,5.806636810302734375e-02,-3.467147797346115112e-02,1.679271012544631958e-01,2.770553231239318848e-01,-1.225081011652946472e-01,-5.102496743202209473e-01,-1.248898208141326904e-01,-2.680899389088153839e-02,-2.824551463127136230e-01,2.809412479400634766e-01,-1.896934509277343750e-01,7.633176445960998535e-02,-2.675170078873634338e-02
-1.096953511238098145e+00,-1.864528357982635498e-01,8.273075819015502930e-01,-1.655560545623302460e-02,-1.368028763681650162e-02,6.918910145759582520e-01,-7.216824889183044434e-01,-2.539584226906299591e-02,6.746038794517517090e-02,2.097505331039428711e-01,9.336484968662261963e-02,-8.420194685459136963e-02,-8.263532072305679321e-02,-4.600204154849052429e-02,-7.914097607135772705e-02,-2.201397120952606201e-01,1.149432957172393799e-01,-9.014759957790374756e-02,5.812758579850196838e-02,-3.473164886236190796e-02,1.679680049419403076e-01,2.769788205623626709e-01,-1.224717423319816589e-01,-5.103340148925781250e-01,-1.248435005545616150e-01,-2.683952078223228455e-02,-2.826976776123046875e-01,2.807632982730865479e-01,-1.896169781684875488e-01,7.638248056173324585e-02,-2.671585418283939362e-02
-1.096904754638671875e+00,-1.864416301250457764e-01,8.273071646690368652e-01,-1.656253263354301453e-02,-1.367005705833435059e-02,6.919102668762207031e-01,-7.216640114784240723e-01,-2.542061544954776764e-02,6.737478077411651611e-02,2.097624838352203369e-01,9.338974207639694214e-02,-8.423117548227310181e-02,-8.258120715618133545e-02,-4.614826291799545288e-02,-7.923075556755065918e-02,-2.200334519147872925e-01,1.150781065225601196e-01,-9.011247009038925171e-02,5.823786184191703796e-02,-3.481747955083847046e-02,1.680043637752532959e-01,2.769065797328948975e-01,-1.224282607436180115e-01,-5.104278326034545898e-01,-1.247795522212982178e-01,-2.684066817164421082e-02,-2.829127609729766846e-01,2.806102037429809570e-01,-1.895141303539276123e-01,7.642823457717895508e-02,-2.668319270014762878e-02
-1.096831440925598145e+00,-1.864313334226608276e-01,8.273065090179443359e-01,-1.658079028129577637e-02,-1.366380881518125534e-02,6.919539570808410645e-01,-7.216218113899230957e-01,-2.547563426196575165e-02,6.730177998542785645e-02,2.098245471715927124e-01,9.336010366678237915e-02,-8.422768115997314453e-02,-8.257011324167251587e-02,-4.640321806073188782e-02,-7.933253049850463867e-02,-2.198201417922973633e-01,1.152820587158203125e-01,-9.007293730974197388e-02,5.835534632205963135e-02,-3.492948040366172791e-02,1.680460721254348755e-01,2.768263518810272217e-01,-1.223631426692008972e-01,-5.104935765266418457e-01,-1.246767193078994751e-01,-2.687683701515197754e-02,-2.831421494483947754e-01,2.804582715034484863e-01,-1.894733607769012451e-01,7.646254450082778931e-02,-2.662365511059761047e-02
-1.096814870834350586e+00,-1.864257901906967163e-01,8.273082375526428223e-01,-1.661881990730762482e-02,-1.371301803737878799e-02,6.919062137603759766e-01,-7.216658592224121094e-01,-2.569495700299739838e-02,6.723997741937637329e-02,2.097677439451217651e-01,9.341408312320709229e-02,-8.422433584928512573e-02,-8.260608464479446411e-02,-4.646161943674087524e-02,-7.945637404918670654e-02,-2.198240309953689575e-01,1.151509433984756470e-01,-8.999827504158020020e-02,5.832574516534805298e-02,-3.469119593501091003e-02,1.680756956338882446e-01,2.767684459686279297e-01,-1.223075613379478455e-01,-5.105832815170288086e-01,-1.246128305792808533e-01,-2.687339298427104950e-02,-2.833040356636047363e-01,2.803158462047576904e-01,-1.893956214189529419e-01,7.644287496805191040e-02,-2.658542059361934662e-02
-1.096798777580261230e+00,-1.864119321107864380e-01,8.273074626922607422e-01,-1.666202954947948456e-02,-1.373585220426321030e-02,6.918598413467407227e-01,-7.217088341712951660e-01,-2.582962252199649811e-02,6.718567013740539551e-02,2.097366005182266235e-01,9.346330910921096802e-02,-8.427379280328750610e-02,-8.260816335678100586e-02,-4.667822271585464478e-02,-7.955992966890335083e-02,-2.199522703886032104e-01,1.154028698801994324e-01,-9.007544070482254028e-02,5.840029567480087280e-02,-3.461963310837745667e-02,1.680972427129745483e-01,2.767029106616973877e-01,-1.222637817263603210e-01,-5.106912851333618164e-01,-1.245703548192977905e-01,-2.689593471586704254e-02,-2.834790647029876709e-01,2.801623046398162842e-01,-1.893611699342727661e-01,7.639730721712112427e-02,-2.656015753746032715e-02
-1.096782565116882324e+00,-1.863965839147567749e-01,8.273069262504577637e-01,-1.670511253178119659e-02,-1.374523062258958817e-02,6.918030381202697754e-01,-7.217621207237243652e-01,-2.600768208503723145e-02,6.711985170841217041e-02,2.096271365880966187e-01,9.343278408050537109e-02,-8.428780734539031982e-02,-8.260235935449600220e-02,-4.691471904516220093e-02,-7.968092709779739380e-02,-2.200267463922500610e-01,1.157100871205329895e-01,-9.017619490623474121e-02,5.851491913199424744e-02,-3.458753600716590881e-02,1.681122332811355591e-01,2.766306102275848389e-01,-1.222328841686248779e-01,-5.108061432838439941e-01,-1.245453953742980957e-01,-2.691548690199851990e-02,-2.836214900016784668e-01,2.800146937370300293e-01,-1.893530637025833130e-01,7.633218914270401001e-02,-2.655334025621414185e-02
-1.096758127212524414e+00,-1.863792240619659424e-01,8.273072838783264160e-01,-1.674352586269378662e-02,-1.376852113753557205e-02,6.917549967765808105e-01,-7.218068242073059082e-01,-2.613673359155654907e-02,6.707234680652618408e-02,2.095488756895065308e-01,9.346032142639160156e-02,-8.429627120494842529e-02,-8.260041475296020508e-02,-4.697917774319648743e-02,-7.975860685110092163e-02,-2.201735377311706543e-01,1.156049221754074097e-01,-9.008819609880447388e-02,5.859376117587089539e-02,-3.455732762813568115e-02,1.681190282106399536e-01,2.765741348266601562e-01,-1.222227141261100769e-01,-5.109676122665405273e-01,-1.245320662856101990e-01,-2.690684422850608826e-02,-2.837303876876831055e-01,2.798667252063751221e-01,-1.892952919006347656e-01,7.625225931406021118e-02,-2.657318301498889923e-02
-1.096741914749145508e+00,-1.863539516925811768e-01,8.273062109947204590e-01,-1.676900871098041534e-02,-1.376758608967065811e-02,6.917138695716857910e-01,-7.218456864356994629e-01,-2.629960142076015472e-02,6.701650470495223999e-02,2.095089256763458252e-01,9.357297420501708984e-02,-8.426684141159057617e-02,-8.260736614465713501e-02,-4.695799574255943298e-02,-7.974278926849365234e-02,-2.202759981155395508e-01,1.154805719852447510e-01,-8.996468782424926758e-02,5.870547145605087280e-02,-3.460473194718360901e-02,1.681342571973800659e-01,2.765207588672637939e-01,-1.222232654690742493e-01,-5.111254453659057617e-01,-1.245005950331687927e-01,-2.689577639102935791e-02,-2.838280200958251953e-01,2.797155380249023438e-01,-1.892341375350952148e-01,7.616088539361953735e-02,-2.663252502679824829e-02
-1.096709609031677246e+00,-1.863029748201370239e-01,8.273079991340637207e-01,-1.677848957479000092e-02,-1.379465498030185699e-02,6.916838288307189941e-01,-7.218737602233886719e-01,-2.648188732564449310e-02,6.692482531070709229e-02,2.093297243118286133e-01,9.364405274391174316e-02,-8.422697335481643677e-02,-8.261667191982269287e-02,-4.681205004453659058e-02,-7.982268184423446655e-02,-2.204200923442840576e-01,1.150420457124710083e-01,-8.974756300449371338e-02,5.880584940314292908e-02,-3.448978066444396973e-02,1.681464761495590210e-01,2.764923870563507080e-01,-1.222240403294563293e-01,-5.112814903259277344e-01,-1.244568303227424622e-01,-2.687995508313179016e-02,-2.839175164699554443e-01,2.795641720294952393e-01,-1.891633719205856323e-01,7.606614381074905396e-02,-2.668948285281658173e-02
-1.096685290336608887e+00,-1.862599849700927734e-01,8.273099064826965332e-01,-1.681442745029926300e-02,-1.380343176424503326e-02,6.916063427925109863e-01,-7.219469547271728516e-01,-2.666106447577476501e-02,6.682498753070831299e-02,2.090964764356613159e-01,9.361093491315841675e-02,-8.420534431934356689e-02,-8.261522650718688965e-02,-4.702553898096084595e-02,-7.997648417949676514e-02,-2.205002903938293457e-01,1.152481511235237122e-01,-8.980002254247665405e-02,5.876856669783592224e-02,-3.451494872570037842e-02,1.681615412235260010e-01,2.764579653739929199e-01,-1.222384348511695862e-01,-5.114257335662841797e-01,-1.244028955698013306e-01,-2.685436606407165527e-02,-2.840289771556854248e-01,2.794158160686492920e-01,-1.890642940998077393e-01,7.598835974931716919e-02,-2.679011039435863495e-02
-1.096660733222961426e+00,-1.862171441316604614e-01,8.273089528083801270e-01,-1.683698967099189758e-02,-1.378490775823593140e-02,6.914988160133361816e-01,-7.220497727394104004e-01,-2.691396325826644897e-02,6.674969196319580078e-02,2.088229507207870483e-01,9.377915412187576294e-02,-8.411297947168350220e-02,-8.262491226196289062e-02,-4.736617952585220337e-02,-8.013691753149032593e-02,-2.206014096736907959e-01,1.158966794610023499e-01,-9.009686857461929321e-02,5.861334130167961121e-02,-3.447115793824195862e-02,1.681679189205169678e-01,2.764245569705963135e-01,-1.222656145691871643e-01,-5.115710496902465820e-01,-1.243525221943855286e-01,-2.682225964963436127e-02,-2.841619849205017090e-01,2.792751193046569824e-01,-1.889508515596389771e-01,7.594713568687438965e-02,-2.691305428743362427e-02
-1.096636652946472168e+00,-1.861947476863861084e-01,8.273103833198547363e-01,-1.692119054496288300e-02,-1.382594928145408630e-02,6.914569735527038574e-01,-7.220870852470397949e-01,-2.714984677731990814e-02,6.666038930416107178e-02,2.086872160434722900e-01,9.375385940074920654e-02,-8.404761552810668945e-02,-8.261308073997497559e-02,-4.735255986452102661e-02,-8.021714538335800171e-02,-2.207839787006378174e-01,1.155188009142875671e-01,-8.992488682270050049e-02,5.872396007180213928e-02,-3.447305783629417419e-02,1.681716740131378174e-01,2.763990163803100586e-01,-1.223084926605224609e-01,-5.117369294166564941e-01,-1.242814660072326660e-01,-2.680285088717937469e-02,-2.842844426631927490e-01,2.791458368301391602e-01,-1.888801455497741699e-01,7.594446092844009399e-02,-2.701990492641925812e-02
-1.096612572669982910e+00,-1.861746758222579956e-01,8.273078203201293945e-01,-1.693291589617729187e-02,-1.380313746631145477e-02,6.913915276527404785e-01,-7.221499681472778320e-01,-2.729906328022480011e-02,6.651180237531661987e-02,2.086142748594284058e-01,9.382586181163787842e-02,-8.401092886924743652e-02,-8.266311138868331909e-02,-4.764499887824058533e-02,-8.039759099483489990e-02,-2.209340780973434448e-01,1.160859465599060059e-01,-9.011049568653106689e-02,5.881012231111526489e-02,-3.456884622573852539e-02,1.681595295667648315e-01,2.763970792293548584e-01,-1.223564594984054565e-01,-5.119261145591735840e-01,-1.242104768753051758e-01,-2.680768631398677826e-02,-2.844063341617584229e-01,2.790225446224212646e-01,-1.888751387596130371e-01,7.597021013498306274e-02,-2.714907005429267883e-02
-1.096588015556335449e+00,-1.861455440521240234e-01,8.273075222969055176e-01,-1.701573096215724945e-02,-1.381783559918403625e-02,6.913331747055053711e-01,-7.222035527229309082e-01,-2.752028964459896088e-02,6.636632978916168213e-02,2.083910703659057617e-01,9.390241652727127075e-02,-8.388246595859527588e-02,-8.266391605138778687e-02,-4.781062901020050049e-02,-8.055476099252700806e-02,-2.209209948778152466e-01,1.161276698112487793e-01,-9.016684442758560181e-02,5.888321250677108765e-02,-3.456100448966026306e-02,1.681587249040603638e-01,2.764302194118499756e-01,-1.224049925804138184e-01,-5.120596289634704590e-01,-1.241419315338134766e-01,-2.680782042443752289e-02,-2.845149934291839600e-01,2.789138853549957275e-01,-1.888712346553802490e-01,7.602927088737487793e-02,-2.730572037398815155e-02
-1.096563458442687988e+00,-1.861074119806289673e-01,8.273092508316040039e-01,-1.706785336136817932e-02,-1.382814347743988037e-02,6.912961006164550781e-01,-7.222375869750976562e-01,-2.771509066224098206e-02,6.632328778505325317e-02,2.082800269126892090e-01,9.392111003398895264e-02,-8.381682634353637695e-02,-8.263792842626571655e-02,-4.795946180820465088e-02,-8.069135993719100952e-02,-2.210744768381118774e-01,1.161486878991127014e-01,-9.011705964803695679e-02,5.892875045537948608e-02,-3.454025462269783020e-02,1.681506186723709106e-01,2.764851152896881104e-01,-1.224613562226295471e-01,-5.121815800666809082e-01,-1.240972727537155151e-01,-2.681546472012996674e-02,-2.846177816390991211e-01,2.788086831569671631e-01,-1.888841688632965088e-01,7.610224187374114990e-02,-2.747458778321743011e-02
-1.096539139747619629e+00,-1.860700547695159912e-01,8.273116946220397949e-01,-1.709130406379699707e-02,-1.382907852530479431e-02,6.912610530853271484e-01,-7.222705483436584473e-01,-2.784967981278896332e-02,6.626808643341064453e-02,2.081377506256103516e-01,9.394219517707824707e-02,-8.380533009767532349e-02,-8.262324333190917969e-02,-4.786759987473487854e-02,-8.080521970987319946e-02,-2.211276888847351074e-01,1.158403828740119934e-01,-8.993002772331237793e-02,5.896379053592681885e-02,-3.456908464431762695e-02,1.681492030620574951e-01,2.765773236751556396e-01,-1.225273683667182922e-01,-5.122514963150024414e-01,-1.240851432085037231e-01,-2.681955695152282715e-02,-2.846972346305847168e-01,2.787075340747833252e-01,-1.888937503099441528e-01,7.618676126003265381e-02,-2.764204889535903931e-02
-1.096514821052551270e+00,-1.860429644584655762e-01,8.273117542266845703e-01,-1.713423430919647217e-02,-1.381335966289043427e-02,6.911862492561340332e-01,-7.223414778709411621e-01,-2.797862701117992401e-02,6.618490815162658691e-02,2.079707235097885132e-01,9.394171088933944702e-02,-8.380516618490219116e-02,-8.261144906282424927e-02,-4.806511476635932922e-02,-8.091752231121063232e-02,-2.211184501647949219e-01,1.161506921052932739e-01,-9.004992991685867310e-02,5.896984413266181946e-02,-3.462963551282882690e-02,1.681531518697738647e-01,2.766710817813873291e-01,-1.226282492280006409e-01,-5.122973322868347168e-01,-1.241188943386077881e-01,-2.680986933410167694e-02,-2.847864329814910889e-01,2.786170542240142822e-01,-1.888670176267623901e-01,7.630017399787902832e-02,-2.782339788973331451e-02
-1.096498608589172363e+00,-1.860190480947494507e-01,8.273153901100158691e-01,-1.721335016191005707e-02,-1.382437720894813538e-02,6.911357641220092773e-01,-7.223876714706420898e-01,-2.828381396830081940e-02,6.617558747529983521e-02,2.079553753137588501e-01,9.390130639076232910e-02,-8.379212021827697754e-02,-8.259063214063644409e-02,-4.816493391990661621e-02,-8.111528307199478149e-02,-2.211192697286605835e-01,1.160882636904716492e-01,-9.007640928030014038e-02,5.901487916707992554e-02,-3.469164296984672546e-02,1.681553721427917480e-01,2.767588794231414795e-01,-1.227500438690185547e-01,-5.123363137245178223e-01,-1.241791099309921265e-01,-2.680042758584022522e-02,-2.848614156246185303e-01,2.785302400588989258e-01,-1.888403743505477905e-01,7.641933858394622803e-02,-2.796160615980625153e-02
-1.096474170684814453e+00,-1.859949380159378052e-01,8.273120522499084473e-01,-1.721779815852642059e-02,-1.382813137024641037e-02,6.911323070526123047e-01,-7.223907709121704102e-01,-2.834254875779151917e-02,6.605478376150131226e-02,2.079722732305526733e-01,9.398686885833740234e-02,-8.386792987585067749e-02,-8.261296898126602173e-02,-4.840663075447082520e-02,-8.116135746240615845e-02,-2.212393432855606079e-01,1.165053099393844604e-01,-9.023474156856536865e-02,5.900822207331657410e-02,-3.469652682542800903e-02,1.681591421365737915e-01,2.768446505069732666e-01,-1.228695958852767944e-01,-5.123495459556579590e-01,-1.242392435669898987e-01,-2.678924985229969025e-02,-2.849182188510894775e-01,2.784477770328521729e-01,-1.888063549995422363e-01,7.654832303524017334e-02,-2.805243991315364838e-02
-1.096474051475524902e+00,-1.859947144985198975e-01,8.273131847381591797e-01,-1.723848097026348114e-02,-1.385337114334106445e-02,6.911475062370300293e-01,-7.223752737045288086e-01,-2.841049060225486755e-02,6.595831364393234253e-02,2.079036384820938110e-01,9.398895502090454102e-02,-8.385349065065383911e-02,-8.260566741228103638e-02,-4.827908053994178772e-02,-8.109777420759201050e-02,-2.212970852851867676e-01,1.160236671566963196e-01,-8.997987955808639526e-02,5.897381901741027832e-02,-3.464380651712417603e-02,1.681727617979049683e-01,2.769180238246917725e-01,-1.229810714721679688e-01,-5.123277902603149414e-01,-1.242703869938850403e-01,-2.677249349653720856e-02,-2.849329411983489990e-01,2.783820331096649170e-01,-1.887904256582260132e-01,7.669534534215927124e-02,-2.809107303619384766e-02
