-1.090244650840759277e+00,-2.012185007333755493e-01,8.284915685653686523e-01,2.699841558933258057e-02,1.920424588024616241e-02,-7.094964981079101562e-01,7.039296627044677734e-01,-1.122381985187530518e-01,6.143007799983024597e-02,1.491215378046035767e-01,9.796003997325897217e-02,-5.469853058457374573e-02,-8.195314556360244751e-02,-1.730577200651168823e-01,-7.991685718297958374e-02,-1.280113756656646729e-01,1.774368733167648315e-01,-6.543202698230743408e-02,5.462610721588134766e-02,-4.093420132994651794e-02,2.086663097143173218e-01,1.438013613224029541e-01,-1.335182785987854004e-01,-5.022134184837341309e-01,-1.520968824625015259e-01,3.098854608833789825e-02,-1.763136684894561768e-01,8.798665553331375122e-02,-2.954062819480895996e-01,1.393228918313980103e-01,2.091851830482482910e-02
-1.090245962142944336e+00,-2.012770622968673706e-01,8.284838795661926270e-01,2.696159482002258301e-02,1.916066184639930725e-02,-7.094881534576416016e-01,7.039406895637512207e-01,-1.120234653353691101e-01,6.142032146453857422e-02,1.491969078779220581e-01,9.791216254234313965e-02,-5.464059859514236450e-02,-8.193566650152206421e-02,-1.724983900785446167e-01,-7.991360127925872803e-02,-1.281841099262237549e-01,1.771267503499984741e-01,-6.547652184963226318e-02,5.462092906236648560e-02,-4.099403321743011475e-02,2.113469839096069336e-01,1.417900174856185913e-01,-1.336857080459594727e-01,-5.058146119117736816e-01,-1.517814546823501587e-01,3.267289698123931885e-02,-1.739589869976043701e-01,8.832647651433944702e-02,-2.987844645977020264e-01,1.398228704929351807e-01,2.116604708135128021e-02
-1.090245962142944336e+00,-2.013127952814102173e-01,8.284816741943359375e-01,2.695578895509243011e-02,1.912599429488182068e-02,-7.094871401786804199e-01,7.039428949356079102e-01,-1.119197234511375427e-01,6.135315075516700745e-02,1.492392569780349731e-01,9.804985672235488892e-02,-5.465818196535110474e-02,-8.193303644657135010e-02,-1.722324043512344360e-01,-7.994320988655090332e-02,-1.282277107238769531e-01,1.770490258932113647e-01,-6.559778004884719849e-02,5.463233590126037598e-02,-4.099153727293014526e-02,2.130345255136489868e-01,1.415082663297653198e-01,-1.335615962743759155e-01,-5.080384612083435059e-01,-1.499883830547332764e-01,3.412628546357154846e-02,-1.733534485101699829e-01,8.825209736824035645e-02,-3.012759983539581299e-01,1.393875181674957275e-01,2.139600738883018494e-02
-1.090246438980102539e+00,-2.013650387525558472e-01,8.284785151481628418e-01,2.695307880640029907e-02,1.909385435283184052e-02,-7.094978690147399902e-01,7.039330601692199707e-01,-1.118443980813026428e-01,6.127865985035896301e-02,1.493474394083023071e-01,9.812738001346588135e-02,-5.468450486660003662e-02,-8.193712681531906128e-02,-1.718107461929321289e-01,-8.001871407032012939e-02,-1.283243149518966675e-01,1.770122498273849487e-01,-6.591888517141342163e-02,5.467447265982627869e-02,-4.096921905875205994e-02,2.141184061765670776e-01,1.418424844741821289e-01,-1.336193233728408813e-01,-5.094994902610778809e-01,-1.477298289537429810e-01,3.535609692335128784e-02,-1.732881069183349609e-01,8.813019841909408569e-02,-3.034412562847137451e-01,1.385404765605926514e-01,2.163258381187915802e-02
-1.090246319770812988e+00,-2.013982832431793213e-01,8.284767270088195801e-01,2.693134546279907227e-02,1.907768845558166504e-02,-7.095025777816772461e-01,7.039295434951782227e-01,-1.117324903607368469e-01,6.120697036385536194e-02,1.492703706026077271e-01,9.826447814702987671e-02,-5.466442182660102844e-02,-8.195082843303680420e-02,-1.717240959405899048e-01,-8.000598102807998657e-02,-1.283382475376129150e-01,1.769307702779769897e-01,-6.587745249271392822e-02,5.467281118035316467e-02,-4.090520739555358887e-02,2.148381322622299194e-01,1.424027830362319946e-01,-1.339296996593475342e-01,-5.104807615280151367e-01,-1.454273760318756104e-01,3.654856234788894653e-02,-1.733932644128799438e-01,8.822429180145263672e-02,-3.051780760288238525e-01,1.376298218965530396e-01,2.186746895313262939e-02
-1.090246200561523438e+00,-2.014356106519699097e-01,8.284757137298583984e-01,2.690910734236240387e-02,1.905209384858608246e-02,-7.094849348068237305e-01,7.039489150047302246e-01,-1.116028055548667908e-01,6.117475777864456177e-02,1.492549777030944824e-01,9.830980747938156128e-02,-5.468123033642768860e-02,-8.194389939308166504e-02,-1.716777384281158447e-01,-7.999823987483978271e-02,-1.283335983753204346e-01,1.768642663955688477e-01,-6.586791574954986572e-02,5.468937382102012634e-02,-4.096364602446556091e-02,2.153191566467285156e-01,1.430222094058990479e-01,-1.344364434480667114e-01,-5.111409425735473633e-01,-1.432634741067886353e-01,3.763321414589881897e-02,-1.735626608133316040e-01,8.841478079557418823e-02,-3.067049086093902588e-01,1.366954594850540161e-01,2.208947762846946716e-02
-1.090246319770812988e+00,-2.014832496643066406e-01,8.284739255905151367e-01,2.689257636666297913e-02,1.903640665113925934e-02,-7.094829082489013672e-01,7.039519548416137695e-01,-1.114310398697853088e-01,6.114785745739936829e-02,1.492512375116348267e-01,9.837856143712997437e-02,-5.466403439640998840e-02,-8.193600177764892578e-02,-1.715529114007949829e-01,-7.998541742563247681e-02,-1.283431202173233032e-01,1.768398284912109375e-01,-6.591865420341491699e-02,5.467576906085014343e-02,-4.095632955431938171e-02,2.156424075365066528e-01,1.436416655778884888e-01,-1.350884884595870972e-01,-5.116414427757263184e-01,-1.412736177444458008e-01,3.863164409995079041e-02,-1.737665385007858276e-01,8.872172981500625610e-02,-3.080775737762451172e-01,1.358139812946319580e-01,2.228639274835586548e-02
-1.090246438980102539e+00,-2.015219330787658691e-01,8.284723162651062012e-01,2.689001336693763733e-02,1.902653276920318604e-02,-7.095014452934265137e-01,7.039337158203125000e-01,-1.112620010972023010e-01,6.114010885357856750e-02,1.491754055023193359e-01,9.844207763671875000e-02,-5.460331961512565613e-02,-8.190617710351943970e-02,-1.713054180145263672e-01,-7.998792827129364014e-02,-1.283385306596755981e-01,1.768513768911361694e-01,-6.606928259134292603e-02,5.465774983167648315e-02,-4.090685769915580750e-02,2.158879637718200684e-01,1.442340761423110962e-01,-1.358297914266586304e-01,-5.119879245758056641e-01,-1.394711136817932129e-01,3.954697027802467346e-02,-1.739646792411804199e-01,8.907499909400939941e-02,-3.093144893646240234e-01,1.349620223045349121e-01,2.245217189192771912e-02
-1.090246319770812988e+00,-2.015560120344161987e-01,8.284713029861450195e-01,2.686859853565692902e-02,1.899496465921401978e-02,-7.095178961753845215e-01,7.039187550544738770e-01,-1.111874505877494812e-01,6.114982441067695618e-02,1.491647511720657349e-01,9.845074266195297241e-02,-5.459511280059814453e-02,-8.190988004207611084e-02,-1.711373478174209595e-01,-7.995846867561340332e-02,-1.284710168838500977e-01,1.768652200698852539e-01,-6.616243720054626465e-02,5.462053418159484863e-02,-4.084163159132003784e-02,2.160608023405075073e-01,1.447731107473373413e-01,-1.366243660449981689e-01,-5.122930407524108887e-01,-1.378539204597473145e-01,4.044758155941963196e-02,-1.741625070571899414e-01,8.951905369758605957e-02,-3.103346228599548340e-01,1.342113316059112549e-01,2.257506549358367920e-02
-1.090245962142944336e+00,-2.015777528285980225e-01,8.284670710563659668e-01,2.679387293756008148e-02,1.888906583189964294e-02,-7.095297574996948242e-01,7.039124965667724609e-01,-1.108896210789680481e-01,6.126102805137634277e-02,1.492368578910827637e-01,9.855787456035614014e-02,-5.464566871523857117e-02,-8.195415884256362915e-02,-1.708620786666870117e-01,-7.979412376880645752e-02,-1.287519633769989014e-01,1.771266907453536987e-01,-6.642353534698486328e-02,5.443196743726730347e-02,-4.082369431853294373e-02,2.161753028631210327e-01,1.452825963497161865e-01,-1.374318301677703857e-01,-5.125705599784851074e-01,-1.364335119724273682e-01,4.125379025936126709e-02,-1.743614971637725830e-01,8.996882289648056030e-02,-3.113262355327606201e-01,1.335482001304626465e-01,2.265856601297855377e-02
-1.090246677398681641e+00,-2.016055434942245483e-01,8.284654021263122559e-01,2.676310203969478607e-02,1.887372322380542755e-02,-7.095328569412231445e-01,7.039109468460083008e-01,-1.107333302497863770e-01,6.128551810979843140e-02,1.492733508348464966e-01,9.853471070528030396e-02,-5.463051050901412964e-02,-8.199307322502136230e-02,-1.706450730562210083e-01,-7.978538423776626587e-02,-1.289408057928085327e-01,1.770860105752944946e-01,-6.652638316154479980e-02,5.442839115858078003e-02,-4.082129895687103271e-02,2.162631750106811523e-01,1.457771807909011841e-01,-1.382471472024917603e-01,-5.128226876258850098e-01,-1.351526230573654175e-01,4.199362173676490784e-02,-1.745510399341583252e-01,9.041491150856018066e-02,-3.122375309467315674e-01,1.330086141824722290e-01,2.271378412842750549e-02
-1.090270996093750000e+00,-2.016334384679794312e-01,8.284656405448913574e-01,2.674032188951969147e-02,1.884253881871700287e-02,-7.095043659210205078e-01,7.039414048194885254e-01,-1.106607541441917419e-01,6.132187321782112122e-02,1.493290811777114868e-01,9.850234538316726685e-02,-5.460847914218902588e-02,-8.201645314693450928e-02,-1.705188900232315063e-01,-7.974296808242797852e-02,-1.290231347084045410e-01,1.771021783351898193e-01,-6.656871736049652100e-02,5.437789484858512878e-02,-4.089023917913436890e-02,2.163321226835250854e-01,1.462323516607284546e-01,-1.390500962734222412e-01,-5.130845308303833008e-01,-1.339863836765289307e-01,4.265009239315986633e-02,-1.747237890958786011e-01,9.084881097078323364e-02,-3.131383359432220459e-01,1.325852125883102417e-01,2.275196462869644165e-02
-1.090311646461486816e+00,-2.016546726226806641e-01,8.284655213356018066e-01,2.672309428453445435e-02,1.881950534880161285e-02,-7.094735503196716309e-01,7.039737105369567871e-01,-1.105347946286201477e-01,6.138308718800544739e-02,1.493341028690338135e-01,9.851521253585815430e-02,-5.456801503896713257e-02,-8.201522380113601685e-02,-1.704664826393127441e-01,-7.965908944606781006e-02,-1.289592683315277100e-01,1.771277636289596558e-01,-6.662676483392715454e-02,5.431096255779266357e-02,-4.097234457731246948e-02,2.164136767387390137e-01,1.466673463582992554e-01,-1.398372799158096313e-01,-5.132924914360046387e-01,-1.329467892646789551e-01,4.325111955404281616e-02,-1.749215424060821533e-01,9.126310795545578003e-02,-3.139823377132415771e-01,1.322712749242782593e-01,2.277338691055774689e-02
-1.090344309806823730e+00,-2.016675174236297607e-01,8.284646272659301758e-01,2.669627033174037933e-02,1.878820173442363739e-02,-7.094680070877075195e-01,7.039811611175537109e-01,-1.104400381445884705e-01,6.143397837877273560e-02,1.494162231683731079e-01,9.850657731294631958e-02,-5.455502122640609741e-02,-8.203845471143722534e-02,-1.703704297542572021e-01,-7.961163669824600220e-02,-1.289440393447875977e-01,1.771787554025650024e-01,-6.671973317861557007e-02,5.425966531038284302e-02,-4.099020734429359436e-02,2.164721041917800903e-01,1.470551639795303345e-01,-1.405832022428512573e-01,-5.135513544082641602e-01,-1.319995075464248657e-01,4.378206655383110046e-02,-1.751307845115661621e-01,9.163051098585128784e-02,-3.148201704025268555e-01,1.320290714502334595e-01,2.277676947414875031e-02
-1.090368628501892090e+00,-2.016760110855102539e-01,8.284624814987182617e-01,2.663380280137062073e-02,1.871695742011070251e-02,-7.094768285751342773e-01,7.039765119552612305e-01,-1.102332770824432373e-01,6.148350983858108521e-02,1.494435220956802368e-01,9.853631258010864258e-02,-5.453349277377128601e-02,-8.205693215131759644e-02,-1.701656877994537354e-01,-7.958164811134338379e-02,-1.289007514715194702e-01,1.772515922784805298e-01,-6.680528819561004639e-02,5.421229079365730286e-02,-4.095092415809631348e-02,2.165353447198867798e-01,1.473764628171920776e-01,-1.412775367498397827e-01,-5.137886404991149902e-01,-1.311282664537429810e-01,4.434342682361602783e-02,-1.752642095088958740e-01,9.200851619243621826e-02,-3.154481947422027588e-01,1.318598091602325439e-01,2.275316976010799408e-02
-1.090409398078918457e+00,-2.016815245151519775e-01,8.284609317779541016e-01,2.659573033452033997e-02,1.867930777370929718e-02,-7.094894051551818848e-01,7.039662599563598633e-01,-1.100506484508514404e-01,6.153538823127746582e-02,1.495668739080429077e-01,9.851574897766113281e-02,-5.454767495393753052e-02,-8.213145285844802856e-02,-1.700194627046585083e-01,-7.958488166332244873e-02,-1.289979964494705200e-01,1.772758066654205322e-01,-6.684818118810653687e-02,5.417538806796073914e-02,-4.091662541031837463e-02,2.165868282318115234e-01,1.476386189460754395e-01,-1.419215053319931030e-01,-5.140584111213684082e-01,-1.303074657917022705e-01,4.484548792243003845e-02,-1.754033565521240234e-01,9.236221760511398315e-02,-3.160560429096221924e-01,1.317696571350097656e-01,2.267899923026561737e-02
-1.090450048446655273e+00,-2.016864418983459473e-01,8.284607529640197754e-01,2.657235227525234222e-02,1.865411922335624695e-02,-7.095037102699279785e-01,7.039534449577331543e-01,-1.098929569125175476e-01,6.160253286361694336e-02,1.496538817882537842e-01,9.846925735473632812e-02,-5.455524474382400513e-02,-8.223252743482589722e-02,-1.699534803628921509e-01,-7.959902286529541016e-02,-1.291184425354003906e-01,1.772924065589904785e-01,-6.687178462743759155e-02,5.413967743515968323e-02,-4.087519273161888123e-02,2.166355550289154053e-01,1.478759497404098511e-01,-1.425145864486694336e-01,-5.143172740936279297e-01,-1.295304596424102783e-01,4.528672620654106140e-02,-1.755596250295639038e-01,9.269604831933975220e-02,-3.166538476943969727e-01,1.317639946937561035e-01,2.252757921814918518e-02
-1.090474486351013184e+00,-2.016906440258026123e-01,8.284608721733093262e-01,2.655731514096260071e-02,1.863620989024639130e-02,-7.095211744308471680e-01,7.039368152618408203e-01,-1.097662001848220825e-01,6.167057156562805176e-02,1.496502310037612915e-01,9.841170161962509155e-02,-5.454905331134796143e-02,-8.229646831750869751e-02,-1.699327379465103149e-01,-7.961159199476242065e-02,-1.292170584201812744e-01,1.773352622985839844e-01,-6.688541173934936523e-02,5.409301444888114929e-02,-4.081190004944801331e-02,2.166727930307388306e-01,1.480609327554702759e-01,-1.430445760488510132e-01,-5.145698189735412598e-01,-1.287714391946792603e-01,4.566213116049766541e-02,-1.757058650255203247e-01,9.300752729177474976e-02,-3.172864615917205811e-01,1.317927688360214233e-01,2.233192324638366699e-02
-1.090523481369018555e+00,-2.016957402229309082e-01,8.284606337547302246e-01,2.655120193958282471e-02,1.862109825015068054e-02,-7.095222473144531250e-01,7.039363980293273926e-01,-1.096667870879173279e-01,6.169797107577323914e-02,1.495613157749176025e-01,9.835023432970046997e-02,-5.453611910343170166e-02,-8.234528452157974243e-02,-1.699415147304534912e-01,-7.956101745367050171e-02,-1.292214840650558472e-01,1.773898303508758545e-01,-6.689269840717315674e-02,5.403205379843711853e-02,-4.080907255411148071e-02,2.166815698146820068e-01,1.482042223215103149e-01,-1.435224264860153198e-01,-5.148266553878784180e-01,-1.280568689107894897e-01,4.599049687385559082e-02,-1.758657693862915039e-01,9.327622503042221069e-02,-3.179056644439697266e-01,1.318114101886749268e-01,2.208717539906501770e-02
-1.090564131736755371e+00,-2.017006278038024902e-01,8.284605741500854492e-01,2.655442617833614349e-02,1.861795224249362946e-02,-7.095257639884948730e-01,7.039328217506408691e-01,-1.096040904521942139e-01,6.173140928149223328e-02,1.495229154825210571e-01,9.828899800777435303e-02,-5.452761426568031311e-02,-8.241926878690719604e-02,-1.699729114770889282e-01,-7.952977716922760010e-02,-1.292783617973327637e-01,1.774438321590423584e-01,-6.693041324615478516e-02,5.398000031709671021e-02,-4.081004485487937927e-02,2.166765481233596802e-01,1.482985466718673706e-01,-1.439586579799652100e-01,-5.150821805000305176e-01,-1.273766010999679565e-01,4.624249786138534546e-02,-1.760361194610595703e-01,9.345319867134094238e-02,-3.185674846172332764e-01,1.317586749792098999e-01,2.183280698955059052e-02
-1.090605020523071289e+00,-2.017045617103576660e-01,8.284602165222167969e-01,2.657183259725570679e-02,1.861912012100219727e-02,-7.095258235931396484e-01,7.039321064949035645e-01,-1.095716059207916260e-01,6.177413091063499451e-02,1.494979709386825562e-01,9.823683649301528931e-02,-5.450755730271339417e-02,-8.247840404510498047e-02,-1.699584722518920898e-01,-7.949784398078918457e-02,-1.293285638093948364e-01,1.774786412715911865e-01,-6.700179725885391235e-02,5.393101274967193604e-02,-4.081346839666366577e-02,2.166887968778610229e-01,1.483658999204635620e-01,-1.443777382373809814e-01,-5.152581334114074707e-01,-1.267276257276535034e-01,4.647386074066162109e-02,-1.761957257986068726e-01,9.358385205268859863e-02,-3.191664814949035645e-01,1.316962838172912598e-01,2.157971635460853577e-02
-1.090645670890808105e+00,-2.017092853784561157e-01,8.284600377082824707e-01,2.659578435122966766e-02,1.862280815839767456e-02,-7.095350623130798340e-01,7.039217948913574219e-01,-1.095336452126502991e-01,6.183322891592979431e-02,1.494624614715576172e-01,9.823010861873626709e-02,-5.448047444224357605e-02,-8.253076672554016113e-02,-1.699020713567733765e-01,-7.945119589567184448e-02,-1.294031590223312378e-01,1.774974465370178223e-01,-6.712202727794647217e-02,5.386690422892570496e-02,-4.078565165400505066e-02,2.166747599840164185e-01,1.484098136425018311e-01,-1.447593271732330322e-01,-5.154259800910949707e-01,-1.261208206415176392e-01,4.668413475155830383e-02,-1.763367205858230591e-01,9.366434067487716675e-02,-3.196925818920135498e-01,1.316284686326980591e-01,2.134693227708339691e-02
-1.090678215026855469e+00,-2.017132788896560669e-01,8.284608721733093262e-01,2.663965336978435516e-02,1.863494142889976501e-02,-7.095271944999694824e-01,7.039276957511901855e-01,-1.095631942152976990e-01,6.189886480569839478e-02,1.494917273521423340e-01,9.805095195770263672e-02,-5.438323691487312317e-02,-8.257131278514862061e-02,-1.698250323534011841e-01,-7.940323650836944580e-02,-1.294764578342437744e-01,1.774904578924179077e-01,-6.730601936578750610e-02,5.384256318211555481e-02,-4.081541299819946289e-02,2.166557163000106812e-01,1.484100669622421265e-01,-1.451508402824401855e-01,-5.155799984931945801e-01,-1.255965977907180786e-01,4.689328745007514954e-02,-1.764717251062393188e-01,9.369653463363647461e-02,-3.201030194759368896e-01,1.315595805644989014e-01,2.114400453865528107e-02
-1.090743660926818848e+00,-2.017172425985336304e-01,8.284605145454406738e-01,2.668285742402076721e-02,1.867099478840827942e-02,-7.095329761505126953e-01,7.039192914962768555e-01,-1.095346510410308838e-01,6.196406111121177673e-02,1.495560407638549805e-01,9.799716621637344360e-02,-5.428753048181533813e-02,-8.267285674810409546e-02,-1.698058098554611206e-01,-7.941085845232009888e-02,-1.296249032020568848e-01,1.774997413158416748e-01,-6.743345409631729126e-02,5.384727567434310913e-02,-4.079198464751243591e-02,2.166329026222229004e-01,1.483960002660751343e-01,-1.455329358577728271e-01,-5.157133340835571289e-01,-1.250994205474853516e-01,4.707764089107513428e-02,-1.765630096197128296e-01,9.370459616184234619e-02,-3.204717040061950684e-01,1.314732283353805542e-01,2.097663469612598419e-02
-1.090784430503845215e+00,-2.017216980457305908e-01,8.284622430801391602e-01,2.670151740312576294e-02,1.867246069014072418e-02,-7.095121741294860840e-01,7.039394974708557129e-01,-1.095369979739189148e-01,6.198951974511146545e-02,1.495205909013748169e-01,9.779023379087448120e-02,-5.417036637663841248e-02,-8.273238688707351685e-02,-1.698714047670364380e-01,-7.938355207443237305e-02,-1.295832097530364990e-01,1.775396466255187988e-01,-6.745055317878723145e-02,5.382471904158592224e-02,-4.083280637860298157e-02,2.166149467229843140e-01,1.483704447746276855e-01,-1.459053903818130493e-01,-5.157880187034606934e-01,-1.246482133865356445e-01,4.724186658859252930e-02,-1.766451895236968994e-01,9.371513128280639648e-02,-3.208282887935638428e-01,1.313648819923400879e-01,2.084938064217567444e-02
-1.090824961662292480e+00,-2.017253935337066650e-01,8.284634351730346680e-01,2.670713514089584351e-02,1.866135932505130768e-02,-7.095047831535339355e-01,7.039470672607421875e-01,-1.095181778073310852e-01,6.199929490685462952e-02,1.494155675172805786e-01,9.761425107717514038e-02,-5.406239628791809082e-02,-8.277726918458938599e-02,-1.700206398963928223e-01,-7.929629087448120117e-02,-1.294667124748229980e-01,1.776466816663742065e-01,-6.742864102125167847e-02,5.374706536531448364e-02,-4.085416719317436218e-02,2.165789008140563965e-01,1.483363360166549683e-01,-1.462731063365936279e-01,-5.158753395080566406e-01,-1.242424100637435913e-01,4.738643020391464233e-02,-1.767145395278930664e-01,9.371693432331085205e-02,-3.211789429187774658e-01,1.312172114849090576e-01,2.079142816364765167e-02
-1.090881705284118652e+00,-2.017295509576797485e-01,8.284635543823242188e-01,2.671515569090843201e-02,1.865356229245662689e-02,-7.094821333885192871e-01,7.039697766304016113e-01,-1.095271706581115723e-01,6.201969832181930542e-02,1.494599729776382446e-01,9.748503565788269043e-02,-5.393035709857940674e-02,-8.286661654710769653e-02,-1.701959818601608276e-01,-7.920185476541519165e-02,-1.293925791978836060e-01,1.778066754341125488e-01,-6.743651628494262695e-02,5.365176126360893250e-02,-4.091749340295791626e-02,2.165495306253433228e-01,1.482985615730285645e-01,-1.466340869665145874e-01,-5.159143805503845215e-01,-1.238809674978256226e-01,4.751765355467796326e-02,-1.767557114362716675e-01,9.371024370193481445e-02,-3.215153515338897705e-01,1.310409158468246460e-01,2.076072245836257935e-02
-1.090930461883544922e+00,-2.017325311899185181e-01,8.284618854522705078e-01,2.672502212226390839e-02,1.864767447113990784e-02,-7.094742059707641602e-01,7.039775252342224121e-01,-1.095102727413177490e-01,6.203617528080940247e-02,1.495685726404190063e-01,9.744557738304138184e-02,-5.389148369431495667e-02,-8.296234160661697388e-02,-1.703458130359649658e-01,-7.907528430223464966e-02,-1.293631345033645630e-01,1.779978573322296143e-01,-6.750573962926864624e-02,5.353855714201927185e-02,-4.092612117528915405e-02,2.165197879076004028e-01,1.482745110988616943e-01,-1.469624787569046021e-01,-5.159125328063964844e-01,-1.235798373818397522e-01,4.766287654638290405e-02,-1.767593920230865479e-01,9.372299164533615112e-02,-3.217866420745849609e-01,1.308505088090896606e-01,2.072883397340774536e-02
-1.090987682342529297e+00,-2.017356753349304199e-01,8.284615278244018555e-01,2.672931551933288574e-02,1.864600926637649536e-02,-7.094516158103942871e-01,7.040001749992370605e-01,-1.095113754272460938e-01,6.206974014639854431e-02,1.496528685092926025e-01,9.739425033330917358e-02,-5.382013693451881409e-02,-8.305142819881439209e-02,-1.703955084085464478e-01,-7.905931025743484497e-02,-1.293323040008544922e-01,1.781587004661560059e-01,-6.759684532880783081e-02,5.345128849148750305e-02,-4.087788239121437073e-02,2.164760529994964600e-01,1.482414752244949341e-01,-1.472762376070022583e-01,-5.158884525299072266e-01,-1.233577728271484375e-01,4.782402887940406799e-02,-1.767580211162567139e-01,9.375224262475967407e-02,-3.220033049583435059e-01,1.306573599576950073e-01,2.070705220103263855e-02
-1.091044664382934570e+00,-2.017380744218826294e-01,8.284617662429809570e-01,2.672991156578063965e-02,1.863409020006656647e-02,-7.094467878341674805e-01,7.040053606033325195e-01,-1.095080077648162842e-01,6.210224330425262451e-02,1.496444195508956909e-01,9.722641855478286743e-02,-5.370273441076278687e-02,-8.314267545938491821e-02,-1.703978925943374634e-01,-7.910361886024475098e-02,-1.293931454420089722e-01,1.782631874084472656e-01,-6.767778843641281128e-02,5.338886752724647522e-02,-4.073530063033103943e-02,2.164124995470046997e-01,1.481850445270538330e-01,-1.475633680820465088e-01,-5.158995389938354492e-01,-1.231639161705970764e-01,4.797313362360000610e-02,-1.767365932464599609e-01,9.379705786705017090e-02,-3.222413063049316406e-01,1.304699927568435669e-01,2.067494764924049377e-02
-1.091093659400939941e+00,-2.017404437065124512e-01,8.284609317779541016e-01,2.674035355448722839e-02,1.861113123595714569e-02,-7.094571590423583984e-01,7.039951086044311523e-01,-1.094413548707962036e-01,6.207979843020439148e-02,1.495153754949569702e-01,9.722058475017547607e-02,-5.364113301038742065e-02,-8.319288492202758789e-02,-1.703808009624481201e-01,-7.915166020393371582e-02,-1.294488310813903809e-01,1.783231347799301147e-01,-6.773389130830764771e-02,5.334760993719100952e-02,-4.063560441136360168e-02,2.163569331169128418e-01,1.481109410524368286e-01,-1.478295624256134033e-01,-5.158812403678894043e-01,-1.229702532291412354e-01,4.813239723443984985e-02,-1.767053753137588501e-01,9.383208304643630981e-02,-3.224571645259857178e-01,1.302846819162368774e-01,2.065236866474151611e-02
-1.091142416000366211e+00,-2.017429172992706299e-01,8.284618258476257324e-01,2.674780599772930145e-02,1.857509091496467590e-02,-7.094461321830749512e-01,7.040069103240966797e-01,-1.094510108232498169e-01,6.207164749503135681e-02,1.494703143835067749e-01,9.704965353012084961e-02,-5.349090695381164551e-02,-8.323064446449279785e-02,-1.703560948371887207e-01,-7.926779240369796753e-02,-1.296181827783584595e-01,1.783766895532608032e-01,-6.778482347726821899e-02,5.333549901843070984e-02,-4.057587683200836182e-02,2.162791937589645386e-01,1.480120122432708740e-01,-1.480846256017684937e-01,-5.159134864807128906e-01,-1.227734982967376709e-01,4.829227924346923828e-02,-1.766702532768249512e-01,9.387830644845962524e-02,-3.226641118526458740e-01,1.301394104957580566e-01,2.064857631921768188e-02
-1.091207265853881836e+00,-2.017444372177124023e-01,8.284608721733093262e-01,2.672861889004707336e-02,1.854362711310386658e-02,-7.094097137451171875e-01,7.040451169013977051e-01,-1.093921363353729248e-01,6.206714361906051636e-02,1.494075506925582886e-01,9.702371060848236084e-02,-5.337410047650337219e-02,-8.335614204406738281e-02,-1.703609228134155273e-01,-7.934316992759704590e-02,-1.298837065696716309e-01,1.784253567457199097e-01,-6.782232969999313354e-02,5.334188416600227356e-02,-4.050029069185256958e-02,2.161749303340911865e-01,1.479333490133285522e-01,-1.483281403779983521e-01,-5.160003304481506348e-01,-1.226016208529472351e-01,4.845642298460006714e-02,-1.766131967306137085e-01,9.392981231212615967e-02,-3.228440582752227783e-01,1.300190091133117676e-01,2.065174095332622528e-02
-1.091280341148376465e+00,-2.017126530408859253e-01,8.284595608711242676e-01,2.670502662658691406e-02,1.850831508636474609e-02,-7.093673944473266602e-01,7.040896415710449219e-01,-1.093679443001747131e-01,6.208968535065650940e-02,1.493469178676605225e-01,9.698143601417541504e-02,-5.319667607545852661e-02,-8.348916471004486084e-02,-1.703279763460159302e-01,-7.935206592082977295e-02,-1.300903409719467163e-01,1.784959435462951660e-01,-6.785356998443603516e-02,5.331094563007354736e-02,-4.058422520756721497e-02,2.161010503768920898e-01,1.478145867586135864e-01,-1.485770940780639648e-01,-5.160324573516845703e-01,-1.223944053053855896e-01,4.863480851054191589e-02,-1.765525788068771362e-01,9.398650377988815308e-02,-3.229774534702301025e-01,1.299422383308410645e-01,2.066196501255035400e-02
-1.091402053833007812e+00,-2.016726136207580566e-01,8.284576535224914551e-01,2.666432410478591919e-02,1.845559850335121155e-02,-7.092838883399963379e-01,7.041766643524169922e-01,-1.092953160405158997e-01,6.210220232605934143e-02,1.491712480783462524e-01,9.693489968776702881e-02,-5.296588316559791565e-02,-8.361111581325531006e-02,-1.702511161565780640e-01,-7.934901863336563110e-02,-1.303721070289611816e-01,1.786319166421890259e-01,-6.788224726915359497e-02,5.326211825013160706e-02,-4.055070504546165466e-02,2.160342931747436523e-01,1.477800905704498291e-01,-1.488028913736343384e-01,-5.159780979156494141e-01,-1.222609356045722961e-01,4.883696883916854858e-02,-1.764556169509887695e-01,9.404722601175308228e-02,-3.230300545692443848e-01,1.298822313547134399e-01,2.066246420145034790e-02
-1.091499567031860352e+00,-2.016334682703018188e-01,8.284564614295959473e-01,2.661373279988765717e-02,1.840028353035449982e-02,-7.092119455337524414e-01,7.042524814605712891e-01,-1.092253923416137695e-01,6.212636455893516541e-02,1.489726006984710693e-01,9.688077867031097412e-02,-5.273884162306785583e-02,-8.371476083993911743e-02,-1.701553463935852051e-01,-7.935005426406860352e-02,-1.306746155023574829e-01,1.787463277578353882e-01,-6.794804334640502930e-02,5.320619419217109680e-02,-4.064565524458885193e-02,2.159692794084548950e-01,1.477605998516082764e-01,-1.490432620048522949e-01,-5.159155130386352539e-01,-1.221591085195541382e-01,4.903420060873031616e-02,-1.763193309307098389e-01,9.410189837217330933e-02,-3.230670094490051270e-01,1.298287659883499146e-01,2.066729590296745300e-02
-1.091613173484802246e+00,-2.016066163778305054e-01,8.284559845924377441e-01,2.658279798924922943e-02,1.835227757692337036e-02,-7.091305255889892578e-01,7.043368816375732422e-01,-1.091411486268043518e-01,6.223034113645553589e-02,1.486732959747314453e-01,9.687413275241851807e-02,-5.248200148344039917e-02,-8.374188840389251709e-02,-1.700493097305297852e-01,-7.930855453014373779e-02,-1.310092657804489136e-01,1.788850277662277222e-01,-6.807005405426025391e-02,5.309541523456573486e-02,-4.074040427803993225e-02,2.158923000097274780e-01,1.477144658565521240e-01,-1.493040919303894043e-01,-5.158897638320922852e-01,-1.220663785934448242e-01,4.923140257596969604e-02,-1.762024313211441040e-01,9.413260966539382935e-02,-3.230775296688079834e-01,1.297870576381683350e-01,2.067878097295761108e-02
-1.091758966445922852e+00,-2.015741020441055298e-01,8.284550309181213379e-01,2.654176019132137299e-02,1.828331127762794495e-02,-7.090315818786621094e-01,7.044398188591003418e-01,-1.091591864824295044e-01,6.241278722882270813e-02,1.484109908342361450e-01,9.689135104417800903e-02,-5.228252336382865906e-02,-8.390196412801742554e-02,-1.699818074703216553e-01,-7.917834073305130005e-02,-1.314156204462051392e-01,1.791456192731857300e-01,-6.825011223554611206e-02,5.286077782511711121e-02,-4.078694060444831848e-02,2.158271670341491699e-01,1.476897299289703369e-01,-1.495549678802490234e-01,-5.158110260963439941e-01,-1.219887658953666687e-01,4.946045950055122375e-02,-1.760522574186325073e-01,9.416984021663665771e-02,-3.229965567588806152e-01,1.297451704740524292e-01,2.068781666457653046e-02
-1.091937661170959473e+00,-2.015502601861953735e-01,8.284530043601989746e-01,2.648700028657913208e-02,1.821746863424777985e-02,-7.088689208030700684e-01,7.046072483062744141e-01,-1.092149093747138977e-01,6.261638551950454712e-02,1.480859965085983276e-01,9.696350246667861938e-02,-5.212695524096488953e-02,-8.411302417516708374e-02,-1.698379218578338623e-01,-7.903216779232025146e-02,-1.319168955087661743e-01,1.794513314962387085e-01,-6.852516531944274902e-02,5.262476205825805664e-02,-4.081873595714569092e-02,2.157523334026336670e-01,1.476924121379852295e-01,-1.497953832149505615e-01,-5.157279968261718750e-01,-1.219531372189521790e-01,4.967673495411872864e-02,-1.758751273155212402e-01,9.418041259050369263e-02,-3.229167461395263672e-01,1.296646445989608765e-01,2.062478289008140564e-02
-1.092076301574707031e+00,-2.015400081872940063e-01,8.284507393836975098e-01,2.644534409046173096e-02,1.818348653614521027e-02,-7.087185978889465332e-01,7.047609686851501465e-01,-1.092761158943176270e-01,6.277614086866378784e-02,1.475761085748672485e-01,9.718094766139984131e-02,-5.205082520842552185e-02,-8.424772322177886963e-02,-1.697641015052795410e-01,-7.888694107532501221e-02,-1.323583722114562988e-01,1.796610355377197266e-01,-6.870791316032409668e-02,5.242076516151428223e-02,-4.081218689680099487e-02,2.156681567430496216e-01,1.477294564247131348e-01,-1.500475257635116577e-01,-5.156600475311279297e-01,-1.219828724861145020e-01,4.986490309238433838e-02,-1.756911575794219971e-01,9.413794428110122681e-02,-3.228704631328582764e-01,1.295317262411117554e-01,2.053095214068889618e-02
-1.092255234718322754e+00,-2.015309929847717285e-01,8.284505009651184082e-01,2.641659975051879883e-02,1.813502609729766846e-02,-7.085403203964233398e-01,7.049424648284912109e-01,-1.094189509749412537e-01,6.300460547208786011e-02,1.470676362514495850e-01,9.722273051738739014e-02,-5.198034644126892090e-02,-8.438488095998764038e-02,-1.696334034204483032e-01,-7.876642048358917236e-02,-1.328591555356979370e-01,1.799061447381973267e-01,-6.896521896123886108e-02,5.220568180084228516e-02,-4.092434421181678772e-02,2.155581116676330566e-01,1.477912813425064087e-01,-1.502952575683593750e-01,-5.156520009040832520e-01,-1.220517307519912720e-01,5.004138872027397156e-02,-1.755315214395523071e-01,9.404303133487701416e-02,-3.228309452533721924e-01,1.293431967496871948e-01,2.037747763097286224e-02
-1.092426180839538574e+00,-2.015243470668792725e-01,8.284471035003662109e-01,2.636830508708953857e-02,1.809895597398281097e-02,-7.083712220191955566e-01,7.051151394844055176e-01,-1.095223128795623779e-01,6.321120262145996094e-02,1.465786099433898926e-01,9.755636751651763916e-02,-5.185295268893241882e-02,-8.457476645708084106e-02,-1.695236861705780029e-01,-7.865196466445922852e-02,-1.334947645664215088e-01,1.801577210426330566e-01,-6.920247524976730347e-02,5.202005803585052490e-02,-4.104312136769294739e-02,2.154674381017684937e-01,1.478761434555053711e-01,-1.505570560693740845e-01,-5.156172513961791992e-01,-1.221472918987274170e-01,5.025928840041160583e-02,-1.753348708152770996e-01,9.395208209753036499e-02,-3.227047026157379150e-01,1.291306614875793457e-01,2.021021582186222076e-02
-1.092629551887512207e+00,-2.015194743871688843e-01,8.284453153610229492e-01,2.631408348679542542e-02,1.802732050418853760e-02,-7.081924080848693848e-01,7.052986025810241699e-01,-1.096535548567771912e-01,6.347173452377319336e-02,1.460510939359664917e-01,9.781435877084732056e-02,-5.175552517175674438e-02,-8.470468223094940186e-02,-1.693650335073471069e-01,-7.849758118391036987e-02,-1.339228004217147827e-01,1.804232746362686157e-01,-6.945123523473739624e-02,5.177583172917366028e-02,-4.116762429475784302e-02,2.153947502374649048e-01,1.479801237583160400e-01,-1.508118212223052979e-01,-5.155502557754516602e-01,-1.222403571009635925e-01,5.045929178595542908e-02,-1.751413494348526001e-01,9.384804964065551758e-02,-3.226204514503479004e-01,1.288912296295166016e-01,1.997287012636661530e-02
-1.092816829681396484e+00,-2.015156000852584839e-01,8.284428715705871582e-01,2.628111280500888824e-02,1.798857748508453369e-02,-7.079545855522155762e-01,7.055395245552062988e-01,-1.097054034471511841e-01,6.369128078222274780e-02,1.455688774585723877e-01,9.793726354837417603e-02,-5.165047571063041687e-02,-8.486501872539520264e-02,-1.690712869167327881e-01,-7.833481580018997192e-02,-1.342891454696655273e-01,1.805853098630905151e-01,-6.978680193424224854e-02,5.157357826828956604e-02,-4.123406112194061279e-02,2.153198719024658203e-01,1.481151580810546875e-01,-1.511036157608032227e-01,-5.154785513877868652e-01,-1.224284619092941284e-01,5.073656886816024780e-02,-1.748663187026977539e-01,9.371282160282135010e-02,-3.223493099212646484e-01,1.285161972045898438e-01,1.974470913410186768e-02
-1.093020439147949219e+00,-2.015143483877182007e-01,8.284396529197692871e-01,2.620903588831424713e-02,1.793003268539905548e-02,-7.078045010566711426e-01,7.056942582130432129e-01,-1.096468940377235413e-01,6.393752992153167725e-02,1.452032774686813354e-01,9.814963489770889282e-02,-5.163307487964630127e-02,-8.510529249906539917e-02,-1.688458621501922607e-01,-7.817111909389495850e-02,-1.348242759704589844e-01,1.807842403650283813e-01,-7.002584636211395264e-02,5.136267095804214478e-02,-4.124575108289718628e-02,2.152460664510726929e-01,1.482089459896087646e-01,-1.513941586017608643e-01,-5.154168009757995605e-01,-1.225685924291610718e-01,5.096570402383804321e-02,-1.746044903993606567e-01,9.356837719678878784e-02,-3.222118020057678223e-01,1.281461268663406372e-01,1.947355456650257111e-02
-1.093232154846191406e+00,-2.015497088432312012e-01,8.284367918968200684e-01,2.614489570260047913e-02,1.786744780838489532e-02,-7.075768709182739258e-01,7.059264779090881348e-01,-1.096071824431419373e-01,6.412263959646224976e-02,1.447053104639053345e-01,9.816772490739822388e-02,-5.158086866140365601e-02,-8.533493429422378540e-02,-1.684992462396621704e-01,-7.796986401081085205e-02,-1.351412832736968994e-01,1.809250265359878540e-01,-7.031794637441635132e-02,5.113559588789939880e-02,-4.126505926251411438e-02,2.152168303728103638e-01,1.483093053102493286e-01,-1.516819298267364502e-01,-5.152274370193481445e-01,-1.227103620767593384e-01,5.124437808990478516e-02,-1.743548512458801270e-01,9.340879321098327637e-02,-3.219707608222961426e-01,1.277415603399276733e-01,1.916073635220527649e-02
-1.093443512916564941e+00,-2.015990614891052246e-01,8.284366726875305176e-01,2.609217911958694458e-02,1.778625510632991791e-02,-7.073723077774047852e-01,7.061353921890258789e-01,-1.095222383737564087e-01,6.446682661771774292e-02,1.442428082227706909e-01,9.821376204490661621e-02,-5.153159052133560181e-02,-8.546523749828338623e-02,-1.681931614875793457e-01,-7.776949554681777954e-02,-1.355202198028564453e-01,1.811447292566299438e-01,-7.065226882696151733e-02,5.085524171590805054e-02,-4.127036035060882568e-02,2.151833474636077881e-01,1.483685225248336792e-01,-1.519778221845626831e-01,-5.150672197341918945e-01,-1.228180006146430969e-01,5.155726522207260132e-02,-1.740833073854446411e-01,9.327648580074310303e-02,-3.216736912727355957e-01,1.273530423641204834e-01,1.883604750037193298e-02
-1.093655228614807129e+00,-2.016445100307464600e-01,8.284346461296081543e-01,2.605749852955341339e-02,1.774748787283897400e-02,-7.072262167930603027e-01,7.062840461730957031e-01,-1.094466447830200195e-01,6.469182670116424561e-02,1.437777429819107056e-01,9.818929433822631836e-02,-5.142506584525108337e-02,-8.571615815162658691e-02,-1.679732203483581543e-01,-7.750978320837020874e-02,-1.359157413244247437e-01,1.813597083091735840e-01,-7.100058346986770630e-02,5.055535584688186646e-02,-4.127402231097221375e-02,2.151916474103927612e-01,1.484403163194656372e-01,-1.523021161556243896e-01,-5.148286223411560059e-01,-1.229129806160926819e-01,5.188103392720222473e-02,-1.738055646419525146e-01,9.317902475595474243e-02,-3.213650882244110107e-01,1.270191371440887451e-01,1.848817616701126099e-02
-1.093890905380249023e+00,-2.016612291336059570e-01,8.284333348274230957e-01,2.599360793828964233e-02,1.765785180032253265e-02,-7.070627808570861816e-01,7.064522504806518555e-01,-1.092308014631271362e-01,6.501076370477676392e-02,1.434310227632522583e-01,9.810601174831390381e-02,-5.124091729521751404e-02,-8.593367785215377808e-02,-1.677766293287277222e-01,-7.715588063001632690e-02,-1.360823512077331543e-01,1.816954910755157471e-01,-7.135630398988723755e-02,5.013413727283477783e-02,-4.148815572261810303e-02,2.151978760957717896e-01,1.484724730253219604e-01,-1.525805294513702393e-01,-5.145822763442993164e-01,-1.229450255632400513e-01,5.220955610275268555e-02,-1.735891699790954590e-01,9.311650693416595459e-02,-3.210623860359191895e-01,1.267911195755004883e-01,1.814500801265239716e-02
-1.094135880470275879e+00,-2.017006576061248779e-01,8.284292817115783691e-01,2.591055072844028473e-02,1.758595183491706848e-02,-7.069040536880493164e-01,7.066159248352050781e-01,-1.090202778577804565e-01,6.519004702568054199e-02,1.429633647203445435e-01,9.805988520383834839e-02,-5.106267333030700684e-02,-8.623712509870529175e-02,-1.674523800611495972e-01,-7.690984010696411133e-02,-1.362765580415725708e-01,1.819225251674652100e-01,-7.170118391513824463e-02,4.988157749176025391e-02,-4.139020666480064392e-02,2.151703238487243652e-01,1.485199630260467529e-01,-1.528505235910415649e-01,-5.144069790840148926e-01,-1.229840368032455444e-01,5.253369733691215515e-02,-1.733849942684173584e-01,9.307961165904998779e-02,-3.207837045192718506e-01,1.266556382179260254e-01,1.779316179454326630e-02
-1.094379782676696777e+00,-2.017532736063003540e-01,8.284286260604858398e-01,2.589043974876403809e-02,1.751776039600372314e-02,-7.067588567733764648e-01,7.067635655403137207e-01,-1.089252680540084839e-01,6.550299376249313354e-02,1.426625251770019531e-01,9.800542145967483521e-02,-5.101627111434936523e-02,-8.641759306192398071e-02,-1.672291904687881470e-01,-7.664093375205993652e-02,-1.365753859281539917e-01,1.821596473455429077e-01,-7.205237448215484619e-02,4.958282783627510071e-02,-4.142803326249122620e-02,2.151659131050109863e-01,1.485825330018997192e-01,-1.531134694814682007e-01,-5.141762495040893555e-01,-1.230269521474838257e-01,5.287630110979080200e-02,-1.731936782598495483e-01,9.303743392229080200e-02,-3.204669654369354248e-01,1.265590488910675049e-01,1.743590086698532104e-02
-1.094640254974365234e+00,-2.017831057310104370e-01,8.284283280372619629e-01,2.584069408476352692e-02,1.744470931589603424e-02,-7.066534161567687988e-01,7.068725824356079102e-01,-1.087829768657684326e-01,6.591581553220748901e-02,1.424365937709808350e-01,9.801137447357177734e-02,-5.099586397409439087e-02,-8.667580783367156982e-02,-1.670588403940200806e-01,-7.645371556282043457e-02,-1.369724720716476440e-01,1.824544966220855713e-01,-7.238318026065826416e-02,4.924754798412322998e-02,-4.141954705119132996e-02,2.151788324117660522e-01,1.486781537532806396e-01,-1.533367931842803955e-01,-5.138985514640808105e-01,-1.230361312627792358e-01,5.317998677492141724e-02,-1.730192452669143677e-01,9.296963363885879517e-02,-3.202382028102874756e-01,1.265165209770202637e-01,1.718148216605186462e-02
-1.094908833503723145e+00,-2.018112689256668091e-01,8.284252285957336426e-01,2.577382698655128479e-02,1.735458895564079285e-02,-7.065279483795166016e-01,7.070026993751525879e-01,-1.085608154535293579e-01,6.621008366346359253e-02,1.420692354440689087e-01,9.802416712045669556e-02,-5.093864351511001587e-02,-8.696189522743225098e-02,-1.668419092893600464e-01,-7.609356939792633057e-02,-1.371141821146011353e-01,1.827861815690994263e-01,-7.275252789258956909e-02,4.882969334721565247e-02,-4.146473854780197144e-02,2.152109593152999878e-01,1.487935930490493774e-01,-1.534895002841949463e-01,-5.135348439216613770e-01,-1.229959726333618164e-01,5.349519848823547363e-02,-1.728498041629791260e-01,9.289354830980300903e-02,-3.200041949748992920e-01,1.265299022197723389e-01,1.698540151119232178e-02
-1.095168828964233398e+00,-2.018400281667709351e-01,8.284245729446411133e-01,2.572332322597503662e-02,1.732219755649566650e-02,-7.064561247825622559e-01,7.070770859718322754e-01,-1.085452437400817871e-01,6.664088368415832520e-02,1.418565660715103149e-01,9.818242490291595459e-02,-5.078772827982902527e-02,-8.715070039033889771e-02,-1.665982306003570557e-01,-7.568019628524780273e-02,-1.371242702007293701e-01,1.828079223632812500e-01,-7.295939326286315918e-02,4.845765978097915649e-02,-4.162733256816864014e-02,2.152343094348907471e-01,1.489345580339431763e-01,-1.535613685846328735e-01,-5.131784677505493164e-01,-1.229205057024955750e-01,5.379145219922065735e-02,-1.726732701063156128e-01,9.278421849012374878e-02,-3.198398053646087646e-01,1.265494823455810547e-01,1.689034886658191681e-02
-1.095453739166259766e+00,-2.018690705299377441e-01,8.284235000610351562e-01,2.565888874232769012e-02,1.729802414774894714e-02,-7.064157724380493164e-01,7.071203589439392090e-01,-1.084152609109878540e-01,6.702966988086700439e-02,1.416224241256713867e-01,9.819206595420837402e-02,-5.081890523433685303e-02,-8.741229772567749023e-02,-1.663476228713989258e-01,-7.521238923072814941e-02,-1.371559053659439087e-01,1.827582269906997681e-01,-7.309228181838989258e-02,4.806492105126380920e-02,-4.161361977458000183e-02,2.152959704399108887e-01,1.490521579980850220e-01,-1.535834968090057373e-01,-5.127466917037963867e-01,-1.228058859705924988e-01,5.406644567847251892e-02,-1.724773198366165161e-01,9.270113706588745117e-02,-3.197712600231170654e-01,1.266472041606903076e-01,1.689159683883190155e-02
-1.095737934112548828e+00,-2.018882781267166138e-01,8.284215331077575684e-01,2.551752515137195587e-02,1.723097264766693115e-02,-7.064430117607116699e-01,7.070998549461364746e-01,-1.083084940910339355e-01,6.766825914382934570e-02,1.416441053152084351e-01,9.865827113389968872e-02,-5.101451650261878967e-02,-8.765355497598648071e-02,-1.658971756696701050e-01,-7.473933696746826172e-02,-1.371920704841613770e-01,1.825494319200515747e-01,-7.309838384389877319e-02,4.767890647053718567e-02,-4.173007979989051819e-02,2.153844982385635376e-01,1.491812318563461304e-01,-1.535825133323669434e-01,-5.122882723808288574e-01,-1.226858869194984436e-01,5.437149852514266968e-02,-1.722474992275238037e-01,9.270588308572769165e-02,-3.196755051612854004e-01,1.268277615308761597e-01,1.694252900779247284e-02
-1.096071243286132812e+00,-2.019053995609283447e-01,8.284191489219665527e-01,2.540175057947635651e-02,1.719430275261402130e-02,-7.064284682273864746e-01,7.071194648742675781e-01,-1.083100587129592896e-01,6.828921288251876831e-02,1.416860818862915039e-01,9.909287840127944946e-02,-5.115519464015960693e-02,-8.800095319747924805e-02,-1.654240489006042480e-01,-7.404269278049468994e-02,-1.372332423925399780e-01,1.822456121444702148e-01,-7.310773432254791260e-02,4.718152061104774475e-02,-4.172161221504211426e-02,2.155185192823410034e-01,1.493014991283416748e-01,-1.535814255475997925e-01,-5.117588639259338379e-01,-1.225970834493637085e-01,5.469557642936706543e-02,-1.719830334186553955e-01,9.278512001037597656e-02,-3.195615112781524658e-01,1.269979774951934814e-01,1.701755821704864502e-02
-1.096372842788696289e+00,-2.019245773553848267e-01,8.284184336662292480e-01,2.531256526708602905e-02,1.716924645006656647e-02,-7.064299583435058594e-01,7.071217894554138184e-01,-1.083422303199768066e-01,6.879757344722747803e-02,1.415552496910095215e-01,9.949325025081634521e-02,-5.125864967703819275e-02,-8.820674568414688110e-02,-1.650691628456115723e-01,-7.347787171602249146e-02,-1.371613740921020508e-01,1.820826828479766846e-01,-7.320173084735870361e-02,4.674404487013816833e-02,-4.163892939686775208e-02,2.156657725572586060e-01,1.493737101554870605e-01,-1.535800993442535400e-01,-5.112714171409606934e-01,-1.224968582391738892e-01,5.494234338402748108e-02,-1.717001348733901978e-01,9.286721795797348022e-02,-3.196176886558532715e-01,1.270896494388580322e-01,1.711167395114898682e-02
-1.096698522567749023e+00,-2.019510865211486816e-01,8.284159302711486816e-01,2.525320462882518768e-02,1.714343950152397156e-02,-7.064168453216552734e-01,7.071376442909240723e-01,-1.084770560264587402e-01,6.932783871889114380e-02,1.418349742889404297e-01,1.000316143035888672e-01,-5.138479918241500854e-02,-8.853247761726379395e-02,-1.648563146591186523e-01,-7.295574992895126343e-02,-1.372895836830139160e-01,1.820594817399978638e-01,-7.333996891975402832e-02,4.627536237239837646e-02,-4.167741164565086365e-02,2.158056497573852539e-01,1.494043320417404175e-01,-1.535479426383972168e-01,-5.108783245086669922e-01,-1.223879680037498474e-01,5.515008047223091125e-02,-1.714186072349548340e-01,9.295348078012466431e-02,-3.197504281997680664e-01,1.271181851625442505e-01,1.717159897089004517e-02
-1.097031950950622559e+00,-2.020320147275924683e-01,8.284167647361755371e-01,2.525067701935768127e-02,1.717904768884181976e-02,-7.065255641937255859e-01,7.070282101631164551e-01,-1.087641716003417969e-01,6.995796412229537964e-02,1.422303020954132080e-01,1.007468923926353455e-01,-5.134048312902450562e-02,-8.853401243686676025e-02,-1.647545397281646729e-01,-7.238348573446273804e-02,-1.372239291667938232e-01,1.819027066230773926e-01,-7.343330979347229004e-02,4.580571502447128296e-02,-4.164046421647071838e-02,2.160166949033737183e-01,1.494202911853790283e-01,-1.535324901342391968e-01,-5.104007124900817871e-01,-1.222617626190185547e-01,5.535125732421875000e-02,-1.711145043373107910e-01,9.314973652362823486e-02,-3.199157714843750000e-01,1.272035241127014160e-01,1.722780242562294006e-02
-1.097430467605590820e+00,-2.020641565322875977e-01,8.284147381782531738e-01,2.516927570104598999e-02,1.715921796858310699e-02,-7.065752744674682617e-01,7.069819569587707520e-01,-1.091390177607536316e-01,7.063086330890655518e-02,1.425831615924835205e-01,1.017353534698486328e-01,-5.139324441552162170e-02,-8.860620856285095215e-02,-1.644757837057113647e-01,-7.165728509426116943e-02,-1.369853466749191284e-01,1.818385869264602661e-01,-7.359723746776580811e-02,4.522967711091041565e-02,-4.167048260569572449e-02,2.162294387817382812e-01,1.494063884019851685e-01,-1.534971594810485840e-01,-5.099549889564514160e-01,-1.221117973327636719e-01,5.546241626143455505e-02,-1.708419024944305420e-01,9.332935512065887451e-02,-3.202395141124725342e-01,1.273117214441299438e-01,1.733936928212642670e-02
-1.097836971282958984e+00,-2.020464092493057251e-01,8.284103870391845703e-01,2.496856823563575745e-02,1.703226380050182343e-02,-7.066593766212463379e-01,7.069080471992492676e-01,-1.094391345977783203e-01,7.142201066017150879e-02,1.426197439432144165e-01,1.031740233302116394e-01,-5.120908096432685852e-02,-8.849211782217025757e-02,-1.640292853116989136e-01,-7.089630514383316040e-02,-1.366941481828689575e-01,1.818778067827224731e-01,-7.372163981199264526e-02,4.460923001170158386e-02,-4.162347689270973206e-02,2.164662182331085205e-01,1.493939608335494995e-01,-1.534464806318283081e-01,-5.094590783119201660e-01,-1.219792887568473816e-01,5.551824346184730530e-02,-1.706313937902450562e-01,9.344175457954406738e-02,-3.206223845481872559e-01,1.274588853120803833e-01,1.744732260704040527e-02
-1.098323822021484375e+00,-2.020187377929687500e-01,8.284325003623962402e-01,2.481136284768581390e-02,1.686974614858627319e-02,-7.068291902542114258e-01,7.067477107048034668e-01,-1.097610071301460266e-01,7.236595451831817627e-02,1.426224261522293091e-01,1.047176197171211243e-01,-5.094967409968376160e-02,-8.837385475635528564e-02,-1.635194420814514160e-01,-6.994770467281341553e-02,-1.362306624650955200e-01,1.817806363105773926e-01,-7.383847236633300781e-02,4.373912513256072998e-02,-4.169259965419769287e-02,2.167434990406036377e-01,1.493970453739166260e-01,-1.533574014902114868e-01,-5.088651776313781738e-01,-1.218126565217971802e-01,5.558673664927482605e-02,-1.704019606113433838e-01,9.355510771274566650e-02,-3.209554553031921387e-01,1.276978105306625366e-01,1.761041954159736633e-02
-1.098803043365478516e+00,-2.019942253828048706e-01,8.284909725189208984e-01,2.468699030578136444e-02,1.683367416262626648e-02,-7.069748640060424805e-01,7.066072225570678711e-01,-1.106405481696128845e-01,7.326495647430419922e-02,1.427449584007263184e-01,1.065832823514938354e-01,-5.043394118547439575e-02,-8.882136642932891846e-02,-1.626636534929275513e-01,-6.902303546667098999e-02,-1.359924823045730591e-01,1.805600821971893311e-01,-7.338674366474151611e-02,4.307898133993148804e-02,-4.148256033658981323e-02,2.170312702655792236e-01,1.494427174329757690e-01,-1.532670706510543823e-01,-5.083119869232177734e-01,-1.216310039162635803e-01,5.563535913825035095e-02,-1.701106578111648560e-01,9.366940706968307495e-02,-3.213320374488830566e-01,1.279822438955307007e-01,1.783129945397377014e-02
-1.099363684654235840e+00,-2.019402086734771729e-01,8.285559415817260742e-01,2.452754788100719452e-02,1.672950014472007751e-02,-7.070543766021728516e-01,7.065356373786926270e-01,-1.115521937608718872e-01,7.434441894292831421e-02,1.429914534091949463e-01,1.087419241666793823e-01,-4.984154924750328064e-02,-8.873765170574188232e-02,-1.615148484706878662e-01,-6.792726367712020874e-02,-1.359371095895767212e-01,1.790309846401214600e-01,-7.275081425905227661e-02,4.221257194876670837e-02,-4.124828800559043884e-02,2.173345088958740234e-01,1.494866013526916504e-01,-1.531860083341598511e-01,-5.077749490737915039e-01,-1.214493289589881897e-01,5.565423890948295593e-02,-1.697943955659866333e-01,9.374433755874633789e-02,-3.217562735080718994e-01,1.282518059015274048e-01,1.804150640964508057e-02
-1.099890947341918945e+00,-2.018301934003829956e-01,8.286288976669311523e-01,2.413157559931278229e-02,1.655422523617744446e-02,-7.071878910064697266e-01,7.064198255538940430e-01,-1.125729456543922424e-01,7.578033953905105591e-02,1.431283056735992432e-01,1.117610037326812744e-01,-4.951323196291923523e-02,-8.933965861797332764e-02,-1.592199653387069702e-01,-6.651803106069564819e-02,-1.361045092344284058e-01,1.762465089559555054e-01,-7.155016064643859863e-02,4.131915047764778137e-02,-4.085962846875190735e-02,2.176711708307266235e-01,1.496048718690872192e-01,-1.530617475509643555e-01,-5.067535638809204102e-01,-1.211948320269584656e-01,5.584649369120597839e-02,-1.692268103361129761e-01,9.389403462409973145e-02,-3.218676149845123291e-01,1.287523657083511353e-01,1.829405501484870911e-02
-1.100403070449829102e+00,-2.016294300556182861e-01,8.286755681037902832e-01,2.359208092093467712e-02,1.623999327421188354e-02,-7.072492837905883789e-01,7.063838839530944824e-01,-1.131983026862144470e-01,7.709395140409469604e-02,1.430747509002685547e-01,1.146672442555427551e-01,-4.937100410461425781e-02,-8.978575468063354492e-02,-1.569864004850387573e-01,-6.527263671159744263e-02,-1.366153359413146973e-01,1.741823405027389526e-01,-7.053853571414947510e-02,4.051557555794715881e-02,-4.056074842810630798e-02,2.181054949760437012e-01,1.497039049863815308e-01,-1.529415547847747803e-01,-5.060234069824218750e-01,-1.211147233843803406e-01,5.604123696684837341e-02,-1.687391996383666992e-01,9.402671456336975098e-02,-3.217820227146148682e-01,1.289466619491577148e-01,1.842520758509635925e-02
-1.101004123687744141e+00,-2.014147639274597168e-01,8.287385702133178711e-01,2.306222915649414062e-02,1.596050709486007690e-02,-7.074546813964843750e-01,7.062020301818847656e-01,-1.135918572545051575e-01,7.847375422716140747e-02,1.427133828401565552e-01,1.170869022607803345e-01,-4.906539246439933777e-02,-9.002196788787841797e-02,-1.544013470411300659e-01,-6.375350803136825562e-02,-1.370007991790771484e-01,1.712822914123535156e-01,-6.917692720890045166e-02,3.952943533658981323e-02,-4.032265394926071167e-02,2.186338603496551514e-01,1.498358100652694702e-01,-1.527585536241531372e-01,-5.045964121818542480e-01,-1.208779215812683105e-01,5.628198012709617615e-02,-1.680366247892379761e-01,9.424915909767150879e-02,-3.217217326164245605e-01,1.294289976358413696e-01,1.880818419158458710e-02
-1.101662039756774902e+00,-2.012376785278320312e-01,8.288222551345825195e-01,2.281504310667514801e-02,1.589479856193065643e-02,-7.076197266578674316e-01,7.060461044311523438e-01,-1.148098334670066833e-01,7.993130385875701904e-02,1.427908092737197876e-01,1.196525096893310547e-01,-4.842244088649749756e-02,-9.068799763917922974e-02,-1.526445895433425903e-01,-6.220690533518791199e-02,-1.369849294424057007e-01,1.684664189815521240e-01,-6.780776381492614746e-02,3.850422054529190063e-02,-4.035322368144989014e-02,2.190862298011779785e-01,1.499491930007934570e-01,-1.525527238845825195e-01,-5.040793418884277344e-01,-1.206833496689796448e-01,5.639103055000305176e-02,-1.674154996871948242e-01,9.443756192922592163e-02,-3.219341337680816650e-01,1.296326816082000732e-01,1.923756487667560577e-02
-1.102344155311584473e+00,-2.008738517761230469e-01,8.288849592208862305e-01,2.225048840045928955e-02,1.567642018198966980e-02,-7.077906131744384766e-01,7.058977484703063965e-01,-1.160750761628150940e-01,8.163271099328994751e-02,1.419422179460525513e-01,1.230554878711700439e-01,-4.807564988732337952e-02,-9.131492674350738525e-02,-1.501769423484802246e-01,-6.034919247031211853e-02,-1.370734721422195435e-01,1.651926487684249878e-01,-6.602757424116134644e-02,3.732135891914367676e-02,-3.963681310415267944e-02,2.195315808057785034e-01,1.501930058002471924e-01,-1.521447449922561646e-01,-5.033688545227050781e-01,-1.204809024930000305e-01,5.666801333427429199e-02,-1.665237993001937866e-01,9.480508416891098022e-02,-3.221230208873748779e-01,1.299844980239868164e-01,1.989343203604221344e-02
-1.103001594543457031e+00,-2.004306465387344360e-01,8.289310336112976074e-01,2.136631682515144348e-02,1.531574409455060959e-02,-7.079332470893859863e-01,7.057899832725524902e-01,-1.172525659203529358e-01,8.364956825971603394e-02,1.405328810214996338e-01,1.273560374975204468e-01,-4.816184937953948975e-02,-9.205973893404006958e-02,-1.468223333358764648e-01,-5.826282128691673279e-02,-1.373788863420486450e-01,1.616405099630355835e-01,-6.412875652313232422e-02,3.618732467293739319e-02,-3.866866976022720337e-02,2.201322019100189209e-01,1.505035907030105591e-01,-1.518080681562423706e-01,-5.022959113121032715e-01,-1.206422820687294006e-01,5.719665437936782837e-02,-1.654767394065856934e-01,9.530499577522277832e-02,-3.214189708232879639e-01,1.301526725292205811e-01,2.046769484877586365e-02
-1.103814125061035156e+00,-2.000161260366439819e-01,8.289800882339477539e-01,2.061126939952373505e-02,1.494872476905584335e-02,-7.079964280128479004e-01,7.057568430900573730e-01,-1.192088574171066284e-01,8.573257923126220703e-02,1.388436406850814819e-01,1.325781643390655518e-01,-4.812852665781974792e-02,-9.300262480974197388e-02,-1.439965814352035522e-01,-5.620507895946502686e-02,-1.375991255044937134e-01,1.586121618747711182e-01,-6.244291737675666809e-02,3.488652035593986511e-02,-3.823401778936386108e-02,2.207488268613815308e-01,1.508044004440307617e-01,-1.515653580427169800e-01,-5.016809105873107910e-01,-1.207457706332206726e-01,5.773492902517318726e-02,-1.645307689905166626e-01,9.578579664230346680e-02,-3.210274279117584229e-01,1.302432268857955933e-01,2.080035209655761719e-02
-1.104685068130493164e+00,-1.997152268886566162e-01,8.290603756904602051e-01,2.029947564005851746e-02,1.493164524435997009e-02,-7.080119252204895020e-01,7.057507038116455078e-01,-1.226502656936645508e-01,8.776155859231948853e-02,1.370313018560409546e-01,1.383875310420989990e-01,-4.789388552308082581e-02,-9.401183575391769409e-02,-1.417069584131240845e-01,-5.421032384037971497e-02,-1.381929665803909302e-01,1.548771113157272339e-01,-6.069442629814147949e-02,3.355561569333076477e-02,-3.793257847428321838e-02,2.212383449077606201e-01,1.511410474777221680e-01,-1.512873917818069458e-01,-5.014563202857971191e-01,-1.208289712667465210e-01,5.818784609436988831e-02,-1.634573787450790405e-01,9.651641547679901123e-02,-3.211700618267059326e-01,1.305605620145797729e-01,2.119700238108634949e-02
-1.105560302734375000e+00,-1.991015821695327759e-01,8.290619254112243652e-01,1.929579861462116241e-02,1.460654661059379578e-02,-7.081546783447265625e-01,7.056424617767333984e-01,-1.254437863826751709e-01,9.046907722949981689e-02,1.349889487028121948e-01,1.452407538890838623e-01,-4.867783933877944946e-02,-9.514503180980682373e-02,-1.387358307838439941e-01,-5.163448676466941833e-02,-1.386886239051818848e-01,1.518677622079849243e-01,-5.992329865694046021e-02,3.203828632831573486e-02,-3.747663274407386780e-02,2.218506485223770142e-01,1.515865176916122437e-01,-1.509496271610260010e-01,-5.011464953422546387e-01,-1.209249943494796753e-01,5.886241421103477478e-02,-1.623214483261108398e-01,9.749265760183334351e-02,-3.211221098899841309e-01,1.310994923114776611e-01,2.171808853745460510e-02
-1.106497287750244141e+00,-1.986299157142639160e-01,8.290807604789733887e-01,1.849678158760070801e-02,1.425778307020664215e-02,-7.082838416099548340e-01,7.055413126945495605e-01,-1.285205185413360596e-01,9.279343485832214355e-02,1.320752948522567749e-01,1.522451490163803101e-01,-4.882898926734924316e-02,-9.588288515806198120e-02,-1.362504512071609497e-01,-4.938840493559837341e-02,-1.390211284160614014e-01,1.497832238674163818e-01,-5.946500971913337708e-02,3.048882447183132172e-02,-3.705304116010665894e-02,2.225513607263565063e-01,1.521205306053161621e-01,-1.506040692329406738e-01,-5.008378028869628906e-01,-1.210137382149696350e-01,5.975958704948425293e-02,-1.610860377550125122e-01,9.879536181688308716e-02,-3.209061920642852783e-01,1.318398267030715942e-01,2.234434336423873901e-02
-1.107689738273620605e+00,-1.979775428771972656e-01,8.290856480598449707e-01,1.743145845830440521e-02,1.376279443502426147e-02,-7.081771492958068848e-01,7.056853771209716797e-01,-1.319097131490707397e-01,9.580575674772262573e-02,1.292392313480377197e-01,1.603325903415679932e-01,-4.922871291637420654e-02,-9.731218963861465454e-02,-1.330703496932983398e-01,-4.663711413741111755e-02,-1.399288475513458252e-01,1.475102305412292480e-01,-5.938030406832695007e-02,2.856443449854850769e-02,-3.642278164625167847e-02,2.233515530824661255e-01,1.527139097452163696e-01,-1.502073109149932861e-01,-5.003453493118286133e-01,-1.211772337555885315e-01,6.095303595066070557e-02,-1.596926152706146240e-01,1.004118099808692932e-01,-3.202737867832183838e-01,1.327776759862899780e-01,2.309010364115238190e-02
-1.109038233757019043e+00,-1.972379684448242188e-01,8.290282487869262695e-01,1.607965491712093353e-02,1.331049576401710510e-02,-7.078751921653747559e-01,7.060289978981018066e-01,-1.359870433807373047e-01,9.965568780899047852e-02,1.263854056596755981e-01,1.698172986507415771e-01,-5.051470920443534851e-02,-9.866207838058471680e-02,-1.295986622571945190e-01,-4.329752177000045776e-02,-1.419512033462524414e-01,1.450872570276260376e-01,-5.937325954437255859e-02,2.636925131082534790e-02,-3.557594120502471924e-02,2.242557257413864136e-01,1.534463912248611450e-01,-1.498550772666931152e-01,-4.997500181198120117e-01,-1.215705201029777527e-01,6.237373128533363342e-02,-1.581626981496810913e-01,1.021967977285385132e-01,-3.192919492721557617e-01,1.337515264749526978e-01,2.391700074076652527e-02
-1.110711812973022461e+00,-1.966008245944976807e-01,8.292633295059204102e-01,1.580576784908771515e-02,1.237914618104696274e-02,-7.075967192649841309e-01,7.063311934471130371e-01,-1.441337466239929199e-01,1.017775237560272217e-01,1.215032935142517090e-01,1.842520684003829956e-01,-4.648244008421897888e-02,-9.960409998893737793e-02,-1.276833415031433105e-01,-4.193995147943496704e-02,-1.428919583559036255e-01,1.440888345241546631e-01,-5.856104940176010132e-02,2.400724962353706360e-02,-3.415588289499282837e-02,2.251469045877456665e-01,1.542070806026458740e-01,-1.496704071760177612e-01,-4.995315074920654297e-01,-1.220434904098510742e-01,6.394694000482559204e-02,-1.566052287817001343e-01,1.042707264423370361e-01,-3.180441856384277344e-01,1.350836902856826782e-01,2.473066002130508423e-02
-1.112169027328491211e+00,-1.958258152008056641e-01,8.293171525001525879e-01,1.562757603824138641e-02,1.250101532787084579e-02,-7.074286937713623047e-01,7.065013051033020020e-01,-1.509489715099334717e-01,1.039516031742095947e-01,1.148235648870468140e-01,1.927592009305953979e-01,-4.513617232441902161e-02,-1.005450040102005005e-01,-1.272190362215042114e-01,-3.920303657650947571e-02,-1.434483379125595093e-01,1.418014615774154663e-01,-5.814748257398605347e-02,2.170466817915439606e-02,-3.388149663805961609e-02,2.257678508758544922e-01,1.549313366413116455e-01,-1.494056135416030884e-01,-5.001080036163330078e-01,-1.223214119672775269e-01,6.536614894866943359e-02,-1.549640446901321411e-01,1.065541058778762817e-01,-3.170949518680572510e-01,1.366734504699707031e-01,2.567498944699764252e-02
-1.114081978797912598e+00,-1.950079649686813354e-01,8.296288251876831055e-01,1.572147011756896973e-02,1.123696845024824142e-02,-7.070107460021972656e-01,7.069387435913085938e-01,-1.608614921569824219e-01,1.050463467836380005e-01,1.076257526874542236e-01,2.089758366346359253e-01,-3.849031031131744385e-02,-1.012327596545219421e-01,-1.267048418521881104e-01,-3.876566886901855469e-02,-1.444794088602066040e-01,1.424287557601928711e-01,-5.759027227759361267e-02,1.905709877610206604e-02,-3.257620707154273987e-02,2.264446020126342773e-01,1.555379182100296021e-01,-1.492989808320999146e-01,-5.007091164588928223e-01,-1.226044893264770508e-01,6.673650443553924561e-02,-1.534583270549774170e-01,1.088536754250526428e-01,-3.160309195518493652e-01,1.383698880672454834e-01,2.654562331736087799e-02
-1.116152167320251465e+00,-1.940321624279022217e-01,8.300032615661621094e-01,1.656500063836574554e-02,1.024085748940706253e-02,-7.062278985977172852e-01,7.077166438102722168e-01,-1.728733181953430176e-01,1.051526814699172974e-01,9.975277632474899292e-02,2.246297150850296021e-01,-2.957347594201564789e-02,-1.020872220396995544e-01,-1.279379576444625854e-01,-3.900113329291343689e-02,-1.459140032529830933e-01,1.434569954872131348e-01,-5.720169842243194580e-02,1.635430380702018738e-02,-3.114325739443302155e-02,2.269932031631469727e-01,1.558967083692550659e-01,-1.494899839162826538e-01,-5.018587708473205566e-01,-1.228884831070899963e-01,6.809566915035247803e-02,-1.521295756101608276e-01,1.111910641193389893e-01,-3.145176470279693604e-01,1.402169615030288696e-01,2.727763727307319641e-02
-1.117964744567871094e+00,-1.930103302001953125e-01,8.302137255668640137e-01,1.705441996455192566e-02,9.749121963977813721e-03,-7.055881023406982422e-01,7.083498835563659668e-01,-1.855696737766265869e-01,1.057782471179962158e-01,8.954986184835433960e-02,2.409579753875732422e-01,-2.300465665757656097e-02,-1.028612256050109863e-01,-1.297031044960021973e-01,-3.820860385894775391e-02,-1.472799032926559448e-01,1.441030949354171753e-01,-5.692811310291290283e-02,1.375577040016651154e-02,-3.006363473832607269e-02,2.275835722684860229e-01,1.561166048049926758e-01,-1.500137597322463989e-01,-5.031626820564270020e-01,-1.232701763510704041e-01,6.913184374570846558e-02,-1.508948057889938354e-01,1.135012656450271606e-01,-3.132003843784332275e-01,1.420149654150009155e-01,2.801438607275485992e-02
-1.119685053825378418e+00,-1.919078677892684937e-01,8.303366899490356445e-01,1.711122505366802216e-02,9.181579574942588806e-03,-7.045536637306213379e-01,7.093849778175354004e-01,-1.991175413131713867e-01,1.068075746297836304e-01,8.005308359861373901e-02,2.595557570457458496e-01,-1.757013797760009766e-02,-1.039028540253639221e-01,-1.295443922281265259e-01,-3.713257983326911926e-02,-1.502245515584945679e-01,1.442948579788208008e-01,-5.784871056675910950e-02,1.135420892387628555e-02,-2.886721119284629822e-02,2.280720174312591553e-01,1.562216579914093018e-01,-1.506768763065338135e-01,-5.047752261161804199e-01,-1.235755681991577148e-01,7.029642164707183838e-02,-1.496825665235519409e-01,1.157542020082473755e-01,-3.109545707702636719e-01,1.435232162475585938e-01,2.861874736845493317e-02
-1.121486425399780273e+00,-1.907510608434677124e-01,8.304167985916137695e-01,1.695111207664012909e-02,8.771283552050590515e-03,-7.034632563591003418e-01,7.104753255844116211e-01,-2.142802476882934570e-01,1.086219698190689087e-01,6.968492269515991211e-02,2.806200683116912842e-01,-1.173849962651729584e-02,-1.050608158111572266e-01,-1.299509108066558838e-01,-3.547726944088935852e-02,-1.540661603212356567e-01,1.446517556905746460e-01,-5.815782025456428528e-02,8.724545128643512726e-03,-2.840168029069900513e-02,2.286677807569503784e-01,1.563771218061447144e-01,-1.515415757894515991e-01,-5.060953497886657715e-01,-1.240082830190658569e-01,7.141326367855072021e-02,-1.482783854007720947e-01,1.179122105240821838e-01,-3.082257211208343506e-01,1.444053947925567627e-01,2.910886704921722412e-02
-1.123339653015136719e+00,-1.895467340946197510e-01,8.305102586746215820e-01,1.696550287306308746e-02,8.421531878411769867e-03,-7.019564509391784668e-01,7.119679450988769531e-01,-2.330857217311859131e-01,1.102914661169052124e-01,5.820591747760772705e-02,3.061237335205078125e-01,-3.851005109027028084e-03,-1.063454672694206238e-01,-1.303071975708007812e-01,-3.399210423231124878e-02,-1.583174467086791992e-01,1.449113339185714722e-01,-5.844157189130783081e-02,6.107235327363014221e-03,-2.839606069028377533e-02,2.290406674146652222e-01,1.566073000431060791e-01,-1.524361371994018555e-01,-5.077378153800964355e-01,-1.244219839572906494e-01,7.261557132005691528e-02,-1.467438042163848877e-01,1.202336326241493225e-01,-3.048047721385955811e-01,1.450866460800170898e-01,2.939840406179428101e-02
-1.125332355499267578e+00,-1.881795525550842285e-01,8.306101560592651367e-01,1.705047860741615295e-02,7.934344932436943054e-03,-7.001374959945678711e-01,7.137603759765625000e-01,-2.552563250064849854e-01,1.117154657840728760e-01,4.657357186079025269e-02,3.359924852848052979e-01,6.576147861778736115e-03,-1.077436059713363647e-01,-1.301584392786026001e-01,-3.279570117592811584e-02,-1.637099236249923706e-01,1.451460868120193481e-01,-5.945803970098495483e-02,3.436592407524585724e-03,-2.773293666541576385e-02,2.293949574232101440e-01,1.569821685552597046e-01,-1.536127030849456787e-01,-5.092486143112182617e-01,-1.251882612705230713e-01,7.386677712202072144e-02,-1.450717151165008545e-01,1.224556341767311096e-01,-3.007071018218994141e-01,1.452125757932662964e-01,2.948306314647197723e-02
-1.127372264862060547e+00,-1.867360025644302368e-01,8.306611776351928711e-01,1.721425354480743408e-02,7.514287251979112625e-03,-6.983193755149841309e-01,7.155398130416870117e-01,-2.808282971382141113e-01,1.130640357732772827e-01,3.335617855191230774e-02,3.702348172664642334e-01,1.994960382580757141e-02,-1.096858158707618713e-01,-1.313535720109939575e-01,-3.173284605145454407e-02,-1.692818105220794678e-01,1.468954086303710938e-01,-5.982286110520362854e-02,6.936182035133242607e-04,-2.776451595127582550e-02,2.296323627233505249e-01,1.574257165193557739e-01,-1.549384444952011108e-01,-5.108085870742797852e-01,-1.260496228933334351e-01,7.517038285732269287e-02,-1.432713121175765991e-01,1.246383413672447205e-01,-2.958445250988006592e-01,1.449190378189086914e-01,2.938618883490562439e-02
-1.129500865936279297e+00,-1.852853596210479736e-01,8.307384848594665527e-01,1.732379570603370667e-02,6.962184328585863113e-03,-6.957408785820007324e-01,7.180501818656921387e-01,-3.107492029666900635e-01,1.137729585170745850e-01,1.997197791934013367e-02,4.099229574203491211e-01,3.764705732464790344e-02,-1.095225065946578979e-01,-1.345198601484298706e-01,-3.085186704993247986e-02,-1.754844486713409424e-01,1.491339355707168579e-01,-5.959717556834220886e-02,-2.494935179129242897e-03,-2.766626514494419098e-02,2.298051565885543823e-01,1.578708589076995850e-01,-1.565046161413192749e-01,-5.123218297958374023e-01,-1.270195692777633667e-01,7.650791853666305542e-02,-1.414328217506408691e-01,1.264732927083969116e-01,-2.905676960945129395e-01,1.439004391431808472e-01,2.899975143373012543e-02
-1.131693243980407715e+00,-1.836986094713211060e-01,8.307933807373046875e-01,1.772144250571727753e-02,6.993495859205722809e-03,-6.933063268661499023e-01,7.203910946846008301e-01,-3.449321389198303223e-01,1.145974472165107727e-01,3.692107973620295525e-03,4.528915286064147949e-01,5.914319679141044617e-02,-1.140011101961135864e-01,-1.354147642850875854e-01,-2.952544763684272766e-02,-1.818541139364242554e-01,1.497105360031127930e-01,-6.093137711286544800e-02,-5.177816376090049744e-03,-2.650656178593635559e-02,2.297267913818359375e-01,1.584914475679397583e-01,-1.582943797111511230e-01,-5.140969753265380859e-01,-1.281688809394836426e-01,7.771759480237960815e-02,-1.396057158708572388e-01,1.285606026649475098e-01,-2.851772308349609375e-01,1.432043015956878662e-01,2.823711000382900238e-02
-1.133598208427429199e+00,-1.822464466094970703e-01,8.308094143867492676e-01,1.797501742839813232e-02,7.411353755742311478e-03,-6.905407905578613281e-01,7.230320572853088379e-01,-3.815590143203735352e-01,1.150385662913322449e-01,-1.268224976956844330e-02,4.973299503326416016e-01,8.367414027452468872e-02,-1.225986331701278687e-01,-1.363622844219207764e-01,-2.756948582828044891e-02,-1.889335215091705322e-01,1.485483348369598389e-01,-6.233648955821990967e-02,-7.776889018714427948e-03,-2.704571932554244995e-02,2.293929010629653931e-01,1.593463122844696045e-01,-1.600777059793472290e-01,-5.160805583000183105e-01,-1.291892975568771362e-01,7.876389473676681519e-02,-1.376063525676727295e-01,1.306668519973754883e-01,-2.796931266784667969e-01,1.425410360097885132e-01,2.725467272102832794e-02
-1.135509133338928223e+00,-1.808180063962936401e-01,8.307983875274658203e-01,1.848665252327919006e-02,8.255235850811004639e-03,-6.877232193946838379e-01,7.256906032562255859e-01,-4.201755523681640625e-01,1.149897798895835876e-01,-3.202187269926071167e-02,5.417627096176147461e-01,1.119592413306236267e-01,-1.349333226680755615e-01,-1.384326964616775513e-01,-2.526724711060523987e-02,-1.961278915405273438e-01,1.465376764535903931e-01,-6.284158676862716675e-02,-1.054629590362310410e-02,-2.612178027629852295e-02,2.287607043981552124e-01,1.604904085397720337e-01,-1.618526875972747803e-01,-5.183197855949401855e-01,-1.301657855510711670e-01,7.981505990028381348e-02,-1.354633271694183350e-01,1.328803151845932007e-01,-2.739824950695037842e-01,1.420365720987319946e-01,2.605490759015083313e-02
-1.137154698371887207e+00,-1.794941425323486328e-01,8.307966589927673340e-01,1.913786120712757111e-02,9.334689006209373474e-03,-6.850616931915283203e-01,7.281737923622131348e-01,-4.599778056144714355e-01,1.137320175766944885e-01,-5.196508020162582397e-02,5.851907730102539062e-01,1.392717957496643066e-01,-1.455806195735931396e-01,-1.397019773721694946e-01,-2.328991331160068512e-02,-2.037173062562942505e-01,1.443070173263549805e-01,-6.399825215339660645e-02,-1.267435215413570404e-02,-2.647433616220951080e-02,2.278212904930114746e-01,1.617994755506515503e-01,-1.635692119598388672e-01,-5.208656191825866699e-01,-1.309900432825088501e-01,8.064853399991989136e-02,-1.331721395254135132e-01,1.351096928119659424e-01,-2.681418061256408691e-01,1.414558440446853638e-01,2.474656514823436737e-02
-1.138725042343139648e+00,-1.783329099416732788e-01,8.307800292968750000e-01,1.976925320923328400e-02,1.072520576417446136e-02,-6.817774176597595215e-01,7.312138676643371582e-01,-4.998066127300262451e-01,1.126879528164863586e-01,-6.821525841951370239e-02,6.277516484260559082e-01,1.633856743574142456e-01,-1.605237871408462524e-01,-1.411440521478652954e-01,-2.085873857140541077e-02,-2.125673294067382812e-01,1.408027410507202148e-01,-6.503855437040328979e-02,-1.485844794660806656e-02,-2.884443663060665131e-02,2.266949266195297241e-01,1.633730828762054443e-01,-1.651915162801742554e-01,-5.235653519630432129e-01,-1.316924095153808594e-01,8.112896978855133057e-02,-1.306682676076889038e-01,1.375438123941421509e-01,-2.623506784439086914e-01,1.408912092447280884e-01,2.329360134899616241e-02
-1.140202879905700684e+00,-1.773607730865478516e-01,8.307783603668212891e-01,2.080627344548702240e-02,1.222870685160160065e-02,-6.780461072921752930e-01,7.346230745315551758e-01,-5.393163561820983887e-01,1.123311370611190796e-01,-7.752211391925811768e-02,6.699928045272827148e-01,1.821128129959106445e-01,-1.783264428377151489e-01,-1.435964107513427734e-01,-1.940884627401828766e-02,-2.226740717887878418e-01,1.390091329813003540e-01,-6.615974009037017822e-02,-1.669444702565670013e-02,-3.326474875211715698e-02,2.253416329622268677e-01,1.649859249591827393e-01,-1.663696169853210449e-01,-5.264105200767517090e-01,-1.316416710615158081e-01,8.148054033517837524e-02,-1.281752139329910278e-01,1.405519545078277588e-01,-2.563411593437194824e-01,1.409117132425308228e-01,2.180468291044235229e-02
-1.141548991203308105e+00,-1.765549778938293457e-01,8.305686712265014648e-01,2.169319614768028259e-02,1.332588586956262589e-02,-6.742600202560424805e-01,7.380550503730773926e-01,-5.770280361175537109e-01,1.134808287024497986e-01,-8.085750788450241089e-02,7.125344276428222656e-01,1.928049027919769287e-01,-1.916679739952087402e-01,-1.489714384078979492e-01,-1.933935843408107758e-02,-2.312529087066650391e-01,1.433542668819427490e-01,-6.563287228345870972e-02,-1.811815984547138214e-02,-3.909141942858695984e-02,2.241291850805282593e-01,1.664306521415710449e-01,-1.672704219818115234e-01,-5.289068818092346191e-01,-1.309756636619567871e-01,8.179127424955368042e-02,-1.259291321039199829e-01,1.443329006433486938e-01,-2.498239874839782715e-01,1.417266875505447388e-01,2.041103877127170563e-02
-1.142871975898742676e+00,-1.758051961660385132e-01,8.304827809333801270e-01,2.287737838923931122e-02,1.403391361236572266e-02,-6.708984971046447754e-01,7.410633563995361328e-01,-6.127964854240417480e-01,1.164317205548286438e-01,-7.765885442495346069e-02,7.546503543853759766e-01,1.904457509517669678e-01,-1.938321441411972046e-01,-1.552938073873519897e-01,-2.076475508511066437e-02,-2.391647696495056152e-01,1.498236358165740967e-01,-6.552071869373321533e-02,-1.918516866862773895e-02,-4.442200064659118652e-02,2.230938673019409180e-01,1.676020026206970215e-01,-1.678750962018966675e-01,-5.309242606163024902e-01,-1.297126263380050659e-01,8.200062811374664307e-02,-1.241216063499450684e-01,1.486794799566268921e-01,-2.427821308374404907e-01,1.430797129869461060e-01,1.918040029704570770e-02
-1.144132971763610840e+00,-1.751489490270614624e-01,8.304562568664550781e-01,2.408535964787006378e-02,1.402168907225131989e-02,-6.681472659111022949e-01,7.435069084167480469e-01,-6.446492671966552734e-01,1.218577697873115540e-01,-6.870037317276000977e-02,7.949087023735046387e-01,1.762035042047500610e-01,-1.885312795639038086e-01,-1.614556908607482910e-01,-2.342160977423191071e-02,-2.454056739807128906e-01,1.578392535448074341e-01,-6.558026373386383057e-02,-2.012053504586219788e-02,-4.891583696007728577e-02,2.223799526691436768e-01,1.683143079280853271e-01,-1.681696623563766479e-01,-5.322600603103637695e-01,-1.278286576271057129e-01,8.213705569505691528e-02,-1.228245720267295837e-01,1.535470485687255859e-01,-2.350930571556091309e-01,1.449039280414581299e-01,1.826990395784378052e-02
-1.145352840423583984e+00,-1.745146363973617554e-01,8.304715156555175781e-01,2.526096440851688385e-02,1.352180074900388718e-02,-6.662113070487976074e-01,7.452123761177062988e-01,-6.744520664215087891e-01,1.296195238828659058e-01,-5.629391968250274658e-02,8.355830311775207520e-01,1.576315313577651978e-01,-1.759242117404937744e-01,-1.673929244279861450e-01,-2.658783271908760071e-02,-2.497902363538742065e-01,1.658539175987243652e-01,-6.513129174709320068e-02,-2.109959162771701813e-02,-5.179140716791152954e-02,2.221822142601013184e-01,1.685588210821151733e-01,-1.683672070503234863e-01,-5.326694250106811523e-01,-1.257263720035552979e-01,8.228660374879837036e-02,-1.222328320145606995e-01,1.589280068874359131e-01,-2.268874198198318481e-01,1.473058164119720459e-01,1.773460209369659424e-02
-1.146400213241577148e+00,-1.738685071468353271e-01,8.305951952934265137e-01,2.617983520030975342e-02,1.239843014627695084e-02,-6.650064587593078613e-01,7.462756037712097168e-01,-7.014295458793640137e-01,1.386259049177169800e-01,-4.281780123710632324e-02,8.756105899810791016e-01,1.398077160120010376e-01,-1.560597419738769531e-01,-1.714458316564559937e-01,-3.004010953009128571e-02,-2.524319291114807129e-01,1.728429794311523438e-01,-6.491379439830780029e-02,-2.195423841476440430e-02,-5.297297984361648560e-02,2.224313914775848389e-01,1.682504713535308838e-01,-1.684037744998931885e-01,-5.323059558868408203e-01,-1.233044788241386414e-01,8.231151849031448364e-02,-1.221766546368598938e-01,1.644738316535949707e-01,-2.181965112686157227e-01,1.496525555849075317e-01,1.755925640463829041e-02
-1.147362470626831055e+00,-1.732691526412963867e-01,8.308542966842651367e-01,2.733270265161991119e-02,1.128415297716856003e-02,-6.642820835113525391e-01,7.468968629837036133e-01,-7.271883487701416016e-01,1.489628851413726807e-01,-2.796037867665290833e-02,9.151399731636047363e-01,1.234162449836730957e-01,-1.334407776594161987e-01,-1.752681285142898560e-01,-3.347180783748626709e-02,-2.538328766822814941e-01,1.784294992685317993e-01,-6.657101213932037354e-02,-2.291143871843814850e-02,-5.322012677788734436e-02,2.231357395648956299e-01,1.674068570137023926e-01,-1.683493852615356445e-01,-5.312235951423645020e-01,-1.207111477851867676e-01,8.210478723049163818e-02,-1.227175667881965637e-01,1.703220307826995850e-01,-2.094440907239913940e-01,1.521973758935928345e-01,1.772367395460605621e-02
-1.148306131362915039e+00,-1.726179420948028564e-01,8.311663866043090820e-01,2.841621451079845428e-02,9.644777514040470123e-03,-6.641136407852172852e-01,7.470291256904602051e-01,-7.489908337593078613e-01,1.593364775180816650e-01,-1.393130049109458923e-02,9.517726302146911621e-01,1.052383631467819214e-01,-1.094075888395309448e-01,-1.767932325601577759e-01,-3.742107376456260681e-02,-2.540743649005889893e-01,1.845583766698837280e-01,-7.035677880048751831e-02,-2.351153641939163208e-02,-5.208310484886169434e-02,2.243119329214096069e-01,1.659177988767623901e-01,-1.682721972465515137e-01,-5.294300317764282227e-01,-1.179447174072265625e-01,8.144097775220870972e-02,-1.237315610051155090e-01,1.760842800140380859e-01,-2.006043344736099243e-01,1.543493419885635376e-01,1.819961145520210266e-02
-1.149066567420959473e+00,-1.718914359807968140e-01,8.315690755844116211e-01,2.907556295394897461e-02,7.476384285837411880e-03,-6.642531156539916992e-01,7.469046115875244141e-01,-7.675782442092895508e-01,1.695355623960494995e-01,-7.128453580662608147e-04,9.872414469718933105e-01,8.725245296955108643e-02,-8.465243130922317505e-02,-1.794719547033309937e-01,-4.142906144261360168e-02,-2.535367012023925781e-01,1.891075223684310913e-01,-7.059056311845779419e-02,-2.468121983110904694e-02,-5.076878145337104797e-02,2.260509282350540161e-01,1.638385802507400513e-01,-1.682213395833969116e-01,-5.269034504890441895e-01,-1.151498481631278992e-01,8.027746528387069702e-02,-1.251958012580871582e-01,1.814831197261810303e-01,-1.919723153114318848e-01,1.558105349540710449e-01,1.889836788177490234e-02
-1.149710178375244141e+00,-1.712269186973571777e-01,8.319798707962036133e-01,3.004059381783008575e-02,5.575736053287982941e-03,-6.650125980377197266e-01,7.462068796157836914e-01,-7.847285270690917969e-01,1.791198551654815674e-01,1.070033479481935501e-02,1.020709037780761719e+00,6.847578287124633789e-02,-5.932013317942619324e-02,-1.771473884582519531e-01,-4.532059654593467712e-02,-2.528664171695709229e-01,1.923242211341857910e-01,-7.446578890085220337e-02,-2.449718303978443146e-02,-4.817057028412818909e-02,2.280988544225692749e-01,1.611186414957046509e-01,-1.681358367204666138e-01,-5.240615010261535645e-01,-1.122961044311523438e-01,7.857726514339447021e-02,-1.271149367094039917e-01,1.864782720804214478e-01,-1.839126348495483398e-01,1.565659195184707642e-01,1.982664130628108978e-02
-1.150263428688049316e+00,-1.705211549997329712e-01,8.324163556098937988e-01,3.016703948378562927e-02,3.310150699689984322e-03,-6.656365394592285156e-01,7.456588149070739746e-01,-7.992996573448181152e-01,1.875338405370712280e-01,1.879709586501121521e-02,1.053196430206298828e+00,5.159589275717735291e-02,-3.681230917572975159e-02,-1.791973412036895752e-01,-4.821944236755371094e-02,-2.517150044441223145e-01,1.935489773750305176e-01,-7.143691927194595337e-02,-2.600411511957645416e-02,-4.605665430426597595e-02,2.307767271995544434e-01,1.579937487840652466e-01,-1.680780798196792603e-01,-5.204300284385681152e-01,-1.094828397035598755e-01,7.635426521301269531e-02,-1.291240751743316650e-01,1.910656094551086426e-01,-1.763817667961120605e-01,1.564346253871917725e-01,2.097958326339721680e-02
-1.150686860084533691e+00,-1.699069738388061523e-01,8.328800797462463379e-01,3.102991543710231781e-02,1.413077232427895069e-03,-6.666754484176635742e-01,7.447006106376647949e-01,-8.126973509788513184e-01,1.940693259239196777e-01,2.529908157885074615e-02,1.082904100418090820e+00,3.640663623809814453e-02,-1.541975699365139008e-02,-1.791951060295104980e-01,-5.158603936433792114e-02,-2.495607584714889526e-01,1.940226852893829346e-01,-7.052160799503326416e-02,-2.662956342101097107e-02,-4.366623237729072571e-02,2.338043600320816040e-01,1.543606817722320557e-01,-1.682118624448776245e-01,-5.164554119110107422e-01,-1.067587137222290039e-01,7.330991327762603760e-02,-1.312913447618484497e-01,1.955395191907882690e-01,-1.696664243936538696e-01,1.557496637105941772e-01,2.235624752938747406e-02
-1.151075124740600586e+00,-1.692999601364135742e-01,8.333518505096435547e-01,3.183560818433761597e-02,-1.933131861733272672e-04,-6.677338480949401855e-01,7.437189817428588867e-01,-8.246214389801025391e-01,1.987966746091842651e-01,2.900306321680545807e-02,1.109548330307006836e+00,2.415523491799831390e-02,-5.005563434679061174e-05,-1.793768405914306641e-01,-5.431836098432540894e-02,-2.473463416099548340e-01,1.933629065752029419e-01,-6.883721053600311279e-02,-2.727546356618404388e-02,-4.114553704857826233e-02,2.370642125606536865e-01,1.504015326499938965e-01,-1.684988439083099365e-01,-5.123615264892578125e-01,-1.042411550879478455e-01,6.988296657800674438e-02,-1.336598247289657593e-01,1.998711377382278442e-01,-1.635003834962844849e-01,1.545682847499847412e-01,2.393904887139797211e-02
-1.151262521743774414e+00,-1.687230616807937622e-01,8.337863683700561523e-01,3.295284509658813477e-02,-1.395017141476273537e-03,-6.689131259918212891e-01,7.426085472106933594e-01,-8.353852033615112305e-01,2.011335045099258423e-01,3.011768683791160583e-02,1.133338809013366699e+00,1.503090560436248779e-02,1.244052685797214508e-02,-1.801465749740600586e-01,-5.715436115860939026e-02,-2.447531372308731079e-01,1.926473528146743774e-01,-6.739447265863418579e-02,-2.757959067821502686e-02,-3.834201022982597351e-02,2.404726296663284302e-01,1.461743414402008057e-01,-1.689660698175430298e-01,-5.083411335945129395e-01,-1.019991636276245117e-01,6.607558578252792358e-02,-1.361853182315826416e-01,2.039369791746139526e-01,-1.581788063049316406e-01,1.527114212512969971e-01,2.565966919064521790e-02
-1.151451945304870605e+00,-1.681168973445892334e-01,8.341629505157470703e-01,3.362634032964706421e-02,-2.544884104281663895e-03,-6.698036789894104004e-01,7.417721152305603027e-01,-8.444274067878723145e-01,2.018607258796691895e-01,2.845844812691211700e-02,1.154685854911804199e+00,9.288360364735126495e-03,1.977522857487201691e-02,-1.804510802030563354e-01,-5.930604785680770874e-02,-2.428338229656219482e-01,1.918068379163742065e-01,-6.574015319347381592e-02,-2.793540433049201965e-02,-3.571530804038047791e-02,2.440682798624038696e-01,1.418946981430053711e-01,-1.696919500827789307e-01,-5.042770504951477051e-01,-1.002858951687812805e-01,6.200135871767997742e-02,-1.389182358980178833e-01,2.076532691717147827e-01,-1.536981463432312012e-01,1.500352621078491211e-01,2.743040584027767181e-02
-1.151576519012451172e+00,-1.674483418464660645e-01,8.344486355781555176e-01,3.392882272601127625e-02,-3.521533682942390442e-03,-6.704784035682678223e-01,7.411444783210754395e-01,-8.512290120124816895e-01,2.015834450721740723e-01,2.566582150757312775e-02,1.172798514366149902e+00,4.282623063772916794e-03,2.464185655117034912e-02,-1.802152544260025024e-01,-6.079291179776191711e-02,-2.417974174022674561e-01,1.909298747777938843e-01,-6.422829627990722656e-02,-2.824413217604160309e-02,-3.414361923933029175e-02,2.477706968784332275e-01,1.376340240240097046e-01,-1.705823093652725220e-01,-5.002173185348510742e-01,-9.901195019483566284e-02,5.793804302811622620e-02,-1.418867111206054688e-01,2.113011628389358521e-01,-1.496340483427047729e-01,1.469749808311462402e-01,2.920168824493885040e-02
-1.151659011840820312e+00,-1.669136285781860352e-01,8.346897363662719727e-01,3.436317294836044312e-02,-4.146458581089973450e-03,-6.709359288215637207e-01,7.407070398330688477e-01,-8.567680120468139648e-01,1.992328912019729614e-01,2.064282819628715515e-02,1.187733411788940430e+00,6.890285876579582691e-04,2.666603773832321167e-02,-1.801968514919281006e-01,-6.200932338833808899e-02,-2.407742291688919067e-01,1.896167695522308350e-01,-6.275103986263275146e-02,-2.843013219535350800e-02,-3.252440690994262695e-02,2.515151202678680420e-01,1.335013359785079956e-01,-1.715790033340454102e-01,-4.962456226348876953e-01,-9.812889248132705688e-02,5.407053977251052856e-02,-1.450055241584777832e-01,2.151853591203689575e-01,-1.458613425493240356e-01,1.441184133291244507e-01,3.088553249835968018e-02
-1.151683926582336426e+00,-1.663955599069595337e-01,8.348484635353088379e-01,3.449164703488349915e-02,-4.558834712952375412e-03,-6.710037589073181152e-01,7.406372427940368652e-01,-8.600946068763732910e-01,1.961980611085891724e-01,1.517650485038757324e-02,1.199717879295349121e+00,-8.369190036319196224e-04,2.711985819041728973e-02,-1.799146384000778198e-01,-6.266344338655471802e-02,-2.409506589174270630e-01,1.882503032684326172e-01,-6.129050627350807190e-02,-2.858352474868297577e-02,-3.138889372348785400e-02,2.552362680435180664e-01,1.296407580375671387e-01,-1.727283298969268799e-01,-4.924132525920867920e-01,-9.782967716455459595e-02,5.036960914731025696e-02,-1.480391621589660645e-01,2.191571444272994995e-01,-1.425040513277053833e-01,1.413460522890090942e-01,3.240924701094627380e-02
-1.151604890823364258e+00,-1.659615486860275269e-01,8.349430561065673828e-01,3.449467569589614868e-02,-4.811746533960103989e-03,-6.709286570549011230e-01,7.407035231590270996e-01,-8.615560531616210938e-01,1.923826485872268677e-01,9.136891923844814301e-03,1.208541035652160645e+00,-1.498829689808189869e-03,2.769226208329200745e-02,-1.793864220380783081e-01,-6.315727531909942627e-02,-2.419228851795196533e-01,1.870000958442687988e-01,-6.013695523142814636e-02,-2.854737639427185059e-02,-3.029113262891769409e-02,2.588902115821838379e-01,1.260594874620437622e-01,-1.739641726016998291e-01,-4.887413382530212402e-01,-9.800266474485397339e-02,4.684273153543472290e-02,-1.509651541709899902e-01,2.233188003301620483e-01,-1.395224034786224365e-01,1.388054192066192627e-01,3.374956175684928894e-02
-1.151484966278076172e+00,-1.656163632869720459e-01,8.349640965461730957e-01,3.426736965775489807e-02,-4.819066729396581650e-03,-6.704719662666320801e-01,7.411274313926696777e-01,-8.609325289726257324e-01,1.885977089405059814e-01,3.592545632272958755e-03,1.214327573776245117e+00,-7.467364775948226452e-04,2.758844383060932159e-02,-1.784185469150543213e-01,-6.313852965831756592e-02,-2.437063455581665039e-01,1.855845004320144653e-01,-5.920475721359252930e-02,-2.835771813988685608e-02,-3.022358380258083344e-02,2.623954713344573975e-01,1.228830143809318542e-01,-1.752846240997314453e-01,-4.853010475635528564e-01,-9.875398874282836914e-02,4.342932254076004028e-02,-1.536637097597122192e-01,2.274285256862640381e-01,-1.370391100645065308e-01,1.362547725439071655e-01,3.492531925439834595e-02
-1.151275396347045898e+00,-1.653255075216293335e-01,8.349355459213256836e-01,3.393202275037765503e-02,-4.705042578279972076e-03,-6.698272228240966797e-01,7.417263388633728027e-01,-8.580363988876342773e-01,1.851893812417984009e-01,-8.921051630750298500e-04,1.216979026794433594e+00,-6.094347336329519749e-04,2.812726981937885284e-02,-1.774361580610275269e-01,-6.300040334463119507e-02,-2.459920197725296021e-01,1.843619793653488159e-01,-5.844566226005554199e-02,-2.803413011133670807e-02,-3.077830933034420013e-02,2.657147049903869629e-01,1.201258525252342224e-01,-1.765711158514022827e-01,-4.821062684059143066e-01,-9.991390258073806763e-02,4.029878228902816772e-02,-1.560586392879486084e-01,2.314979434013366699e-01,-1.347208619117736816e-01,1.337065100669860840e-01,3.592658415436744690e-02
-1.150967359542846680e+00,-1.650667935609817505e-01,8.348383307456970215e-01,3.337052464485168457e-02,-4.481131210923194885e-03,-6.688174009323120117e-01,7.426638603210449219e-01,-8.521799445152282715e-01,1.816818863153457642e-01,-4.675220698118209839e-03,1.215616226196289062e+00,-3.287579747848212719e-04,2.697929739952087402e-02,-1.761000901460647583e-01,-6.267190724611282349e-02,-2.492111325263977051e-01,1.833161115646362305e-01,-5.790232867002487183e-02,-2.749562822282314301e-02,-3.222971409559249878e-02,2.694273591041564941e-01,1.168586537241935730e-01,-1.778532117605209351e-01,-4.768050909042358398e-01,-1.024659946560859680e-01,3.616337105631828308e-02,-1.587354093790054321e-01,2.372094839811325073e-01,-1.300331503152847290e-01,1.281267404556274414e-01,3.716424852609634399e-02
-1.150696992874145508e+00,-1.648385226726531982e-01,8.347069025039672852e-01,3.273431211709976196e-02,-4.330044146627187729e-03,-6.678047180175781250e-01,7.436037659645080566e-01,-8.437832593917846680e-01,1.792868375778198242e-01,-6.258261390030384064e-03,1.210983633995056152e+00,5.023474222980439663e-04,2.859563380479812622e-02,-1.749026924371719360e-01,-6.237769126892089844e-02,-2.522995769977569580e-01,1.831231266260147095e-01,-5.792259797453880310e-02,-2.700111269950866699e-02,-3.367805108428001404e-02,2.725119292736053467e-01,1.143018379807472229e-01,-1.786779314279556274e-01,-4.731450676918029785e-01,-1.047189980745315552e-01,3.248192742466926575e-02,-1.608034670352935791e-01,2.423670738935470581e-01,-1.262959539890289307e-01,1.229818910360336304e-01,3.802399709820747375e-02
-1.150335788726806641e+00,-1.647749692201614380e-01,8.345022201538085938e-01,3.197570890188217163e-02,-3.958862274885177612e-03,-6.666615605354309082e-01,7.446638345718383789e-01,-8.330811858177185059e-01,1.780265420675277710e-01,-5.962432362139225006e-03,1.203024506568908691e+00,1.660914276726543903e-04,2.963548339903354645e-02,-1.737534850835800171e-01,-6.177816912531852722e-02,-2.557633519172668457e-01,1.832775175571441650e-01,-5.833608657121658325e-02,-2.636539749801158905e-02,-3.529910370707511902e-02,2.751833200454711914e-01,1.122924089431762695e-01,-1.792733818292617798e-01,-4.706240296363830566e-01,-1.069495230913162231e-01,2.904449962079524994e-02,-1.624397337436676025e-01,2.469959110021591187e-01,-1.233554035425186157e-01,1.184066310524940491e-01,3.863128647208213806e-02
-1.149954199790954590e+00,-1.646755933761596680e-01,8.342415690422058105e-01,3.088270686566829681e-02,-3.696621395647525787e-03,-6.654484868049621582e-01,7.457954883575439453e-01,-8.195578455924987793e-01,1.777044981718063354e-01,-4.061160609126091003e-03,1.191806077957153320e+00,5.932977655902504921e-04,3.282070904970169067e-02,-1.720233857631683350e-01,-6.088463589549064636e-02,-2.594713270664215088e-01,1.835703253746032715e-01,-5.881827697157859802e-02,-2.572537027299404144e-02,-3.652000054717063904e-02,2.776072621345520020e-01,1.108620315790176392e-01,-1.795039325952529907e-01,-4.684438705444335938e-01,-1.087815687060356140e-01,2.605855278670787811e-02,-1.635540574789047241e-01,2.510306537151336670e-01,-1.201089769601821899e-01,1.136474907398223877e-01,3.889517486095428467e-02
-1.149407148361206055e+00,-1.647201031446456909e-01,8.339434862136840820e-01,2.970699407160282135e-02,-3.202264430001378059e-03,-6.641510725021362305e-01,7.470010519027709961e-01,-8.037899732589721680e-01,1.776914298534393311e-01,-7.401619222946465015e-04,1.177022457122802734e+00,1.807740954973269254e-05,3.559225425124168396e-02,-1.698996424674987793e-01,-5.968504026532173157e-02,-2.633627057075500488e-01,1.834073811769485474e-01,-5.937290564179420471e-02,-2.480606362223625183e-02,-3.765754774212837219e-02,2.796999812126159668e-01,1.101935505867004395e-01,-1.796373724937438965e-01,-4.669044315814971924e-01,-1.113235652446746826e-01,2.325791679322719574e-02,-1.641550511121749878e-01,2.543928027153015137e-01,-1.163905709981918335e-01,1.078564748167991638e-01,3.897531703114509583e-02
-1.148854017257690430e+00,-1.647446006536483765e-01,8.337053060531616211e-01,2.871588245034217834e-02,-2.472304971888661385e-03,-6.628758311271667480e-01,7.481743693351745605e-01,-7.855325937271118164e-01,1.782428473234176636e-01,4.832583479583263397e-03,1.157622933387756348e+00,-9.810611372813582420e-04,3.543388098478317261e-02,-1.678179055452346802e-01,-5.826677381992340088e-02,-2.675825357437133789e-01,1.818803548812866211e-01,-5.916020274162292480e-02,-2.391121350228786469e-02,-3.845298290252685547e-02,2.813774049282073975e-01,1.100881323218345642e-01,-1.794332563877105713e-01,-4.662612676620483398e-01,-1.137111708521842957e-01,2.063818089663982391e-02,-1.641664654016494751e-01,2.572331726551055908e-01,-1.125906705856323242e-01,1.014314964413642883e-01,3.875371068716049194e-02
-1.148224949836730957e+00,-1.649075597524642944e-01,8.334496021270751953e-01,2.790839038789272308e-02,-1.242971164174377918e-03,-6.614294052124023438e-01,7.494869828224182129e-01,-7.660330533981323242e-01,1.790453195571899414e-01,1.171902101486921310e-02,1.134247064590454102e+00,-2.508316654711961746e-03,3.667908534407615662e-02,-1.658494174480438232e-01,-5.631122738122940063e-02,-2.718108296394348145e-01,1.791239976882934570e-01,-5.857048183679580688e-02,-2.288598939776420593e-02,-3.912690281867980957e-02,2.825406789779663086e-01,1.105340868234634399e-01,-1.788703054189682007e-01,-4.667826294898986816e-01,-1.158576980233192444e-01,1.800107769668102264e-02,-1.636282205581665039e-01,2.597182989120483398e-01,-1.096394434571266174e-01,9.505680948495864868e-02,3.816742077469825745e-02
-1.147437810897827148e+00,-1.652671992778778076e-01,8.332269787788391113e-01,2.763011679053306580e-02,6.711803143844008446e-04,-6.599922776222229004e-01,7.507638335227966309e-01,-7.455103397369384766e-01,1.796842664480209351e-01,2.013099193572998047e-02,1.106408238410949707e+00,-3.001800505444407463e-03,3.770930692553520203e-02,-1.650231331586837769e-01,-5.417482182383537292e-02,-2.759519219398498535e-01,1.751897186040878296e-01,-5.741513893008232117e-02,-2.168927527964115143e-02,-3.955302387475967407e-02,2.830635309219360352e-01,1.116176545619964600e-01,-1.778454333543777466e-01,-4.686434268951416016e-01,-1.173234656453132629e-01,1.515472400933504105e-02,-1.626082062721252441e-01,2.617464065551757812e-01,-1.078995987772941589e-01,8.888408541679382324e-02,3.739672154188156128e-02
-1.146550536155700684e+00,-1.655946671962738037e-01,8.329717516899108887e-01,2.684713900089263916e-02,2.315999008715152740e-03,-6.586627364158630371e-01,7.519556283950805664e-01,-7.210781574249267578e-01,1.812186092138290405e-01,3.120521269738674164e-02,1.074176669120788574e+00,-2.943166065961122513e-03,3.648990765213966370e-02,-1.630565226078033447e-01,-5.168090760707855225e-02,-2.799145281314849854e-01,1.710834205150604248e-01,-5.606462433934211731e-02,-2.041072398424148560e-02,-4.086419939994812012e-02,2.832663655281066895e-01,1.132445409893989563e-01,-1.764427721500396729e-01,-4.706917405128479004e-01,-1.184926703572273254e-01,1.241495087742805481e-02,-1.612007915973663330e-01,2.634716928005218506e-01,-1.062221899628639221e-01,8.336965739727020264e-02,3.668347746133804321e-02
-1.145642280578613281e+00,-1.657549589872360229e-01,8.327065706253051758e-01,2.548548765480518341e-02,3.297650022432208061e-03,-6.576582789421081543e-01,7.528779506683349609e-01,-6.916025876998901367e-01,1.831636875867843628e-01,4.512758553028106689e-02,1.036733150482177734e+00,-1.362993731163442135e-03,3.457386791706085205e-02,-1.595307290554046631e-01,-4.912932589650154114e-02,-2.830368876457214355e-01,1.670456230640411377e-01,-5.456089600920677185e-02,-1.915448158979415894e-02,-4.214956611394882202e-02,2.834930121898651123e-01,1.152751967310905457e-01,-1.742781400680541992e-01,-4.725049436092376709e-01,-1.189825907349586487e-01,9.618526324629783630e-03,-1.593770682811737061e-01,2.655953764915466309e-01,-1.031730696558952332e-01,7.754945755004882812e-02,3.611645847558975220e-02
-1.144667148590087891e+00,-1.660772711038589478e-01,8.323978781700134277e-01,2.416512370109558105e-02,4.486967809498310089e-03,-6.564839482307434082e-01,7.539394497871398926e-01,-6.599043011665344238e-01,1.854794025421142578e-01,6.169928610324859619e-02,9.946078062057495117e-01,3.918488509953022003e-03,3.078062832355499268e-02,-1.554856598377227783e-01,-4.641585797071456909e-02,-2.862086296081542969e-01,1.631017774343490601e-01,-5.392889678478240967e-02,-1.758335717022418976e-02,-4.282233864068984985e-02,2.833983600139617920e-01,1.175392046570777893e-01,-1.718895584344863892e-01,-4.747952818870544434e-01,-1.182794347405433655e-01,6.978561636060476303e-03,-1.571347713470458984e-01,2.673037946224212646e-01,-1.013694405555725098e-01,7.314937561750411987e-02,3.583101555705070496e-02
-1.143552660942077637e+00,-1.664291769266128540e-01,8.322102427482604980e-01,2.253952622413635254e-02,5.441504064947366714e-03,-6.555657982826232910e-01,7.547820210456848145e-01,-6.237613558769226074e-01,1.878914237022399902e-01,8.146331459283828735e-02,9.464762806892395020e-01,1.141364686191082001e-02,2.341696433722972870e-02,-1.502331942319869995e-01,-4.322336614131927490e-02,-2.898755073547363281e-01,1.560053527355194092e-01,-5.188914015889167786e-02,-1.626649685204029083e-02,-4.322426393628120422e-02,2.831102311611175537e-01,1.202143952250480652e-01,-1.691718250513076782e-01,-4.768154323101043701e-01,-1.173721477389335632e-01,4.753791261464357376e-03,-1.543305665254592896e-01,2.686803340911865234e-01,-9.900978952646255493e-02,6.932282447814941406e-02,3.579815477132797241e-02
-1.142286896705627441e+00,-1.666706949472427368e-01,8.319386243820190430e-01,2.061249874532222748e-02,6.228319369256496429e-03,-6.548729538917541504e-01,7.554321885108947754e-01,-5.846298933029174805e-01,1.897501796483993530e-01,1.036920845508575439e-01,8.939450979232788086e-01,2.013217844069004059e-02,1.661044172942638397e-02,-1.417010426521301270e-01,-3.979850932955741882e-02,-2.928361296653747559e-01,1.485583484172821045e-01,-5.162561312317848206e-02,-1.406592782586812973e-02,-4.346807301044464111e-02,2.828717529773712158e-01,1.229723617434501648e-01,-1.665341556072235107e-01,-4.780889749526977539e-01,-1.168229952454566956e-01,2.685604849830269814e-03,-1.511613577604293823e-01,2.697051167488098145e-01,-9.697487205266952515e-02,6.600253283977508545e-02,3.607071191072463989e-02
-1.140897154808044434e+00,-1.670826375484466553e-01,8.316278457641601562e-01,1.846848055720329285e-02,7.084887940436601639e-03,-6.538019776344299316e-01,7.564071416854858398e-01,-5.433092713356018066e-01,1.906431317329406738e-01,1.271050572395324707e-01,8.366346955299377441e-01,3.245374560356140137e-02,7.356993854045867920e-03,-1.356848478317260742e-01,-3.599817678332328796e-02,-2.957946956157684326e-01,1.408507078886032104e-01,-5.022161453962326050e-02,-1.268775202333927155e-02,-4.356593266129493713e-02,2.825702428817749023e-01,1.260199546813964844e-01,-1.640165150165557861e-01,-4.798722863197326660e-01,-1.168270930647850037e-01,1.094257924705743790e-03,-1.475017368793487549e-01,2.705830037593841553e-01,-9.410023689270019531e-02,6.289978325366973877e-02,3.631431981921195984e-02
-1.139378666877746582e+00,-1.673764139413833618e-01,8.312965035438537598e-01,1.610272377729415894e-02,7.951309904456138611e-03,-6.531397104263305664e-01,7.570244073867797852e-01,-4.996852874755859375e-01,1.905932426452636719e-01,1.522130519151687622e-01,7.746272683143615723e-01,4.778710752725601196e-02,-8.689410169608891010e-04,-1.272692531347274780e-01,-3.174446150660514832e-02,-2.989704608917236328e-01,1.315775513648986816e-01,-4.880235344171524048e-02,-1.074711978435516357e-02,-4.328413680195808411e-02,2.822728455066680908e-01,1.293425559997558594e-01,-1.615628302097320557e-01,-4.818097949028015137e-01,-1.171246692538261414e-01,-1.153313132817856967e-04,-1.432940214872360229e-01,2.714954912662506104e-01,-9.119495004415512085e-02,6.014697626233100891e-02,3.628328815102577209e-02
-1.137776613235473633e+00,-1.676981598138809204e-01,8.308321237564086914e-01,1.320034451782703400e-02,8.651284500956535339e-03,-6.523644328117370605e-01,7.577410936355590820e-01,-4.539881348609924316e-01,1.897805482149124146e-01,1.787482351064682007e-01,7.091088294982910156e-01,7.308176159858703613e-02,-1.483808364719152451e-02,-1.166739761829376221e-01,-2.665581181645393372e-02,-3.023302853107452393e-01,1.210896074771881104e-01,-4.770132899284362793e-02,-8.623832836747169495e-03,-4.317317903041839600e-02,2.821692228317260742e-01,1.329225152730941772e-01,-1.593392938375473022e-01,-4.827843904495239258e-01,-1.181672811508178711e-01,-1.037329318933188915e-03,-1.383410394191741943e-01,2.725133597850799561e-01,-8.912543952465057373e-02,5.746349319815635681e-02,3.634401783347129822e-02
-1.136042594909667969e+00,-1.679032444953918457e-01,8.303620815277099609e-01,1.047490257769823074e-02,9.411609731614589691e-03,-6.508959531784057617e-01,7.590363025665283203e-01,-4.082975387573242188e-01,1.880672574043273926e-01,2.082757800817489624e-01,6.442438364028930664e-01,8.842153102159500122e-02,-3.943049162626266479e-02,-1.062187850475311279e-01,-2.238336391746997833e-02,-3.074542582035064697e-01,1.085546612739562988e-01,-4.146154969930648804e-02,-1.057701418176293373e-03,-4.389886185526847839e-02,2.819328308105468750e-01,1.366060227155685425e-01,-1.573097407817840576e-01,-4.847150146961212158e-01,-1.193243265151977539e-01,-2.102823695167899132e-03,-1.325269192457199097e-01,2.735905051231384277e-01,-8.994763344526290894e-02,5.471684783697128296e-02,3.629599884152412415e-02
-1.134069800376892090e+00,-1.680884510278701782e-01,8.298188447952270508e-01,7.976108230650424957e-03,9.844018146395683289e-03,-6.490854620933532715e-01,7.606099843978881836e-01,-3.641293644905090332e-01,1.850657761096954346e-01,2.394798696041107178e-01,5.874437689781188965e-01,5.590038001537322998e-02,-5.636056140065193176e-02,-9.772177040576934814e-02,-1.998409256339073181e-02,-3.133899569511413574e-01,1.020432636141777039e-01,-3.901027888059616089e-02,2.264709444716572762e-03,-4.619156569242477417e-02,2.817192375659942627e-01,1.402735263109207153e-01,-1.555424481630325317e-01,-4.869844019412994385e-01,-1.205085888504981995e-01,-3.285543061792850494e-03,-1.257504522800445557e-01,2.748873531818389893e-01,-9.316804260015487671e-02,5.246917158365249634e-02,3.611392155289649963e-02
-1.132130026817321777e+00,-1.682164222002029419e-01,8.292838931083679199e-01,5.826939828693866730e-03,1.033941749483346939e-02,-6.475971937179565430e-01,7.618904113769531250e-01,-3.237327039241790771e-01,1.805523633956909180e-01,2.655695974826812744e-01,5.397197008132934570e-01,2.282014815136790276e-03,-5.564074963331222534e-02,-9.050928801298141479e-02,-1.785383000969886780e-02,-3.179343938827514648e-01,9.476377069950103760e-02,-3.515667468309402466e-02,6.717311684042215347e-03,-4.742737859487533569e-02,2.814631462097167969e-01,1.438640952110290527e-01,-1.540679484605789185e-01,-4.899480044841766357e-01,-1.222972646355628967e-01,-4.243367817252874374e-03,-1.190013736486434937e-01,2.763838469982147217e-01,-9.598785638809204102e-02,5.101819336414337158e-02,3.582045435905456543e-02
-1.129837393760681152e+00,-1.682792901992797852e-01,8.288013935089111328e-01,4.010495264083147049e-03,1.120215002447366714e-02,-6.469528675079345703e-01,7.624371647834777832e-01,-2.879590988159179688e-01,1.742313057184219360e-01,2.827450931072235107e-01,4.945186376571655273e-01,-4.026211798191070557e-02,-4.810519516468048096e-02,-8.395101875066757202e-02,-1.567492075264453888e-02,-3.201256990432739258e-01,8.676236867904663086e-02,-3.128761798143386841e-02,1.048019528388977051e-02,-4.558522254228591919e-02,2.808038890361785889e-01,1.472464501857757568e-01,-1.528380662202835083e-01,-4.932445287704467773e-01,-1.235108897089958191e-01,-4.604973830282688141e-03,-1.122260540723800659e-01,2.777803540229797363e-01,-9.700551629066467285e-02,4.943426325917243958e-02,3.546536341309547424e-02
-1.127714633941650391e+00,-1.683491617441177368e-01,8.282696604728698730e-01,2.468468621373176575e-03,1.256838906556367874e-02,-6.449639797210693359e-01,7.641056180000305176e-01,-2.572328746318817139e-01,1.679131239652633667e-01,3.004356324672698975e-01,4.515424668788909912e-01,-7.863051444292068481e-02,-4.776350036263465881e-02,-8.268550038337707520e-02,-1.461739279329776764e-02,-3.242231905460357666e-01,8.696692436933517456e-02,-3.123288415372371674e-02,1.295453123748302460e-02,-4.692830145359039307e-02,2.800336480140686035e-01,1.508615612983703613e-01,-1.519210338592529297e-01,-4.973883330821990967e-01,-1.255958378314971924e-01,-5.219354294240474701e-03,-1.055375561118125916e-01,2.789388895034790039e-01,-9.904877841472625732e-02,4.726409167051315308e-02,3.480480238795280457e-02
-1.125470399856567383e+00,-1.683306843042373657e-01,8.277574181556701660e-01,1.648530596867203712e-03,1.389354746788740158e-02,-6.422876119613647461e-01,7.663360238075256348e-01,-2.313615232706069946e-01,1.611118614673614502e-01,3.176458179950714111e-01,4.126773774623870850e-01,-1.058555319905281067e-01,-5.267124623060226440e-02,-8.745232969522476196e-02,-1.693355478346347809e-02,-3.283226191997528076e-01,9.742410480976104736e-02,-3.613666072487831116e-02,1.598644629120826721e-02,-4.868730157613754272e-02,2.789786756038665771e-01,1.543721258640289307e-01,-1.512348055839538574e-01,-5.025667548179626465e-01,-1.277677267789840698e-01,-5.775442346930503845e-03,-9.942182898521423340e-02,2.795433700084686279e-01,-1.004792377352714539e-01,4.395272955298423767e-02,3.357434645295143127e-02
-1.123425722122192383e+00,-1.681959927082061768e-01,8.274645805358886719e-01,1.680830842815339565e-03,1.422209385782480240e-02,-6.404308080673217773e-01,7.678823471069335938e-01,-2.085748016834259033e-01,1.521987617015838623e-01,3.274340927600860596e-01,3.752225935459136963e-01,-1.195176318287849426e-01,-5.820866674184799194e-02,-9.556377679109573364e-02,-2.269039303064346313e-02,-3.296742141246795654e-01,1.137176975607872009e-01,-4.321416094899177551e-02,1.868299767374992371e-02,-4.760408028960227966e-02,2.777269184589385986e-01,1.575378477573394775e-01,-1.509547978639602661e-01,-5.085261464118957520e-01,-1.300391554832458496e-01,-6.337395403534173965e-03,-9.425838291645050049e-02,2.795874774456024170e-01,-1.007505953311920166e-01,4.043313115835189819e-02,3.181188181042671204e-02
-1.121507406234741211e+00,-1.680905371904373169e-01,8.274563550949096680e-01,3.026775782927870750e-03,1.360520906746387482e-02,-6.383523344993591309e-01,7.696180939674377441e-01,-1.897180527448654175e-01,1.400319784879684448e-01,3.337956070899963379e-01,3.403330743312835693e-01,-1.191085353493690491e-01,-5.513884872198104858e-02,-1.053967252373695374e-01,-3.216790407896041870e-02,-3.284842371940612793e-01,1.332116723060607910e-01,-5.202222242951393127e-02,2.148227393627166748e-02,-4.739008843898773193e-02,2.762939333915710449e-01,1.598639041185379028e-01,-1.512480378150939941e-01,-5.147926807403564453e-01,-1.320990473031997681e-01,-7.035923656076192856e-03,-9.054625779390335083e-02,2.789235413074493408e-01,-9.992153197526931763e-02,3.696365281939506531e-02,2.953005023300647736e-02
-1.119807124137878418e+00,-1.677871197462081909e-01,8.274161815643310547e-01,4.450118634849786758e-03,1.248609274625778198e-02,-6.356301903724670410e-01,7.718798518180847168e-01,-1.736656129360198975e-01,1.278690695762634277e-01,3.392976224422454834e-01,3.092604577541351318e-01,-1.152799129486083984e-01,-5.116634443402290344e-02,-1.157276779413223267e-01,-4.236166924238204956e-02,-3.261297047138214111e-01,1.540205776691436768e-01,-6.099089235067367554e-02,2.354713529348373413e-02,-4.863112047314643860e-02,2.748676240444183350e-01,1.611396968364715576e-01,-1.521942019462585449e-01,-5.196360349655151367e-01,-1.332415342330932617e-01,-7.985187694430351257e-03,-8.819043636322021484e-02,2.777090370655059814e-01,-9.907028824090957642e-02,3.433931246399879456e-02,2.709484100341796875e-02
-1.118112921714782715e+00,-1.671891063451766968e-01,8.273827433586120605e-01,6.156869232654571533e-03,1.085313223302364349e-02,-6.328614354133605957e-01,7.741644978523254395e-01,-1.596526503562927246e-01,1.146356016397476196e-01,3.423831164836883545e-01,2.816990613937377930e-01,-1.098356917500495911e-01,-4.627669975161552429e-02,-1.273526400327682495e-01,-5.383101850748062134e-02,-3.202660381793975830e-01,1.774422377347946167e-01,-7.078544795513153076e-02,2.512959390878677368e-02,-5.034073069691658020e-02,2.731848955154418945e-01,1.617030054330825806e-01,-1.539078354835510254e-01,-5.243613123893737793e-01,-1.347501575946807861e-01,-9.309655055403709412e-03,-8.667217195034027100e-02,2.758292257785797119e-01,-9.913942217826843262e-02,3.161716461181640625e-02,2.450090646743774414e-02
-1.116911172866821289e+00,-1.664876490831375122e-01,8.275167942047119141e-01,8.095389232039451599e-03,8.781892247498035431e-03,-6.299372911453247070e-01,7.765541672706604004e-01,-1.496267169713973999e-01,1.025067716836929321e-01,3.425623476505279541e-01,2.609509825706481934e-01,-1.006522774696350098e-01,-4.523084685206413269e-02,-1.404924839735031128e-01,-6.529439985752105713e-02,-3.128226101398468018e-01,2.028119862079620361e-01,-7.902297377586364746e-02,2.282443456351757050e-02,-5.097738280892372131e-02,2.712886333465576172e-01,1.617853194475173950e-01,-1.562476903200149536e-01,-5.289923548698425293e-01,-1.362477093935012817e-01,-1.061033736914396286e-02,-8.585003763437271118e-02,2.733004093170166016e-01,-9.847640991210937500e-02,2.893607690930366516e-02,2.155082300305366516e-02
-1.115699768066406250e+00,-1.656929403543472290e-01,8.280313611030578613e-01,9.219464845955371857e-03,7.339510135352611542e-03,-6.274599432945251465e-01,7.785596251487731934e-01,-1.440055370330810547e-01,9.453801065683364868e-02,3.418610990047454834e-01,2.485461533069610596e-01,-9.188029915094375610e-02,-4.932272806763648987e-02,-1.530758440494537354e-01,-7.399054616689682007e-02,-3.072241842746734619e-01,2.259420901536941528e-01,-8.025705069303512573e-02,1.804015785455703735e-02,-5.107891932129859924e-02,2.695561945438385010e-01,1.616847813129425049e-01,-1.582143455743789673e-01,-5.311460494995117188e-01,-1.368673145771026611e-01,-1.171910390257835388e-02,-8.532388508319854736e-02,2.709706425666809082e-01,-9.854168444871902466e-02,2.750817500054836273e-02,1.961182244122028351e-02
-1.114630818367004395e+00,-1.646443158388137817e-01,8.285826444625854492e-01,1.014298666268587112e-02,5.818337202072143555e-03,-6.243256926536560059e-01,7.810766100883483887e-01,-1.397706419229507446e-01,8.711737394332885742e-02,3.405539393424987793e-01,2.379933148622512817e-01,-8.201920241117477417e-02,-5.505240336060523987e-02,-1.673529297113418579e-01,-8.353305608034133911e-02,-3.009172976016998291e-01,2.526101469993591309e-01,-7.950345426797866821e-02,1.574702188372612000e-02,-5.232712626457214355e-02,2.675907909870147705e-01,1.613988429307937622e-01,-1.606389731168746948e-01,-5.336599349975585938e-01,-1.376620829105377197e-01,-1.311915367841720581e-02,-8.481378108263015747e-02,2.679621577262878418e-01,-9.892277419567108154e-02,2.547134831547737122e-02,1.761168614029884338e-02
-1.113523364067077637e+00,-1.633299887180328369e-01,8.288894295692443848e-01,1.050057169049978256e-02,3.648011013865470886e-03,-6.212506890296936035e-01,7.835330367088317871e-01,-1.342734992504119873e-01,7.990240305662155151e-02,3.390653133392333984e-01,2.281710952520370483e-01,-7.329944521188735962e-02,-5.886101722717285156e-02,-1.821979582309722900e-01,-9.405708312988281250e-02,-2.951488196849822998e-01,2.831107378005981445e-01,-7.934958487749099731e-02,1.519260741770267487e-02,-5.385559424757957458e-02,2.656134068965911865e-01,1.608352512121200562e-01,-1.635134816169738770e-01,-5.361853837966918945e-01,-1.384744495153427124e-01,-1.453362964093685150e-02,-8.436058461666107178e-02,2.645885944366455078e-01,-9.917716681957244873e-02,2.329122647643089294e-02,1.550651527941226959e-02
-1.112433195114135742e+00,-1.618850827217102051e-01,8.290997147560119629e-01,1.058864593505859375e-02,2.213943982496857643e-03,-6.180339455604553223e-01,7.860769629478454590e-01,-1.298123300075531006e-01,7.411720603704452515e-02,3.381023705005645752e-01,2.186000794172286987e-01,-6.649462133646011353e-02,-6.296400725841522217e-02,-2.003728300333023071e-01,-1.043778434395790100e-01,-2.912809252738952637e-01,3.181047737598419189e-01,-7.579647004604339600e-02,1.656564883887767792e-02,-5.534161627292633057e-02,2.636866271495819092e-01,1.602738797664642334e-01,-1.669733226299285889e-01,-5.386285185813903809e-01,-1.395121663808822632e-01,-1.608753949403762817e-02,-8.370585739612579346e-02,2.610735893249511719e-01,-9.972337633371353149e-02,2.115197293460369110e-02,1.327931880950927734e-02
-1.111101388931274414e+00,-1.603247821331024170e-01,8.292396068572998047e-01,1.031600683927536011e-02,1.464995904825627804e-03,-6.147042512893676758e-01,7.886888980865478516e-01,-1.271041631698608398e-01,6.955390423536300659e-02,3.365553617477416992e-01,2.105376273393630981e-01,-6.196997687220573425e-02,-6.217025220394134521e-02,-2.215603739023208618e-01,-1.147572100162506104e-01,-2.871074080467224121e-01,3.562092483043670654e-01,-6.726795434951782227e-02,2.013614028692245483e-02,-5.719310790300369263e-02,2.616819441318511963e-01,1.597244292497634888e-01,-1.708768010139465332e-01,-5.411919951438903809e-01,-1.406390964984893799e-01,-1.733736880123615265e-02,-8.302316069602966309e-02,2.573581635951995850e-01,-9.978999942541122437e-02,1.891611702740192413e-02,1.097089983522891998e-02
-1.109572768211364746e+00,-1.588417589664459229e-01,8.292791247367858887e-01,1.018410548567771912e-02,1.590271713212132454e-03,-6.117495298385620117e-01,7.909843325614929199e-01,-1.262212246656417847e-01,6.567765027284622192e-02,3.344915807247161865e-01,2.034477889537811279e-01,-5.963129177689552307e-02,-5.990507453680038452e-02,-2.458719015121459961e-01,-1.251105815172195435e-01,-2.832327485084533691e-01,3.964762687683105469e-01,-5.514064803719520569e-02,2.583899907767772675e-02,-5.863084271550178528e-02,2.594901323318481445e-01,1.595103144645690918e-01,-1.752009242773056030e-01,-5.440192818641662598e-01,-1.420489549636840820e-01,-1.855794712901115417e-02,-8.201117068529129028e-02,2.534619867801666260e-01,-9.997543692588806152e-02,1.647583581507205963e-02,8.596268482506275177e-03
-1.107867240905761719e+00,-1.574010998010635376e-01,8.292511105537414551e-01,1.020541321486234665e-02,2.278077416121959686e-03,-6.091682314872741699e-01,7.929720878601074219e-01,-1.263137310743331909e-01,6.206965446472167969e-02,3.318659365177154541e-01,1.967619806528091431e-01,-5.920323356986045837e-02,-5.742742866277694702e-02,-2.744799852371215820e-01,-1.362473070621490479e-01,-2.783807218074798584e-01,4.405210614204406738e-01,-3.832134604454040527e-02,3.168260678648948669e-02,-6.017227843403816223e-02,2.570529878139495850e-01,1.598962843418121338e-01,-1.797548383474349976e-01,-5.471754074096679688e-01,-1.437307000160217285e-01,-1.987569220364093781e-02,-8.038320392370223999e-02,2.497034668922424316e-01,-1.007456481456756592e-01,1.414826977998018265e-02,6.243859883397817612e-03
-1.106201052665710449e+00,-1.560195833444595337e-01,8.292338252067565918e-01,1.051149982959032059e-02,3.240224439650774002e-03,-6.061671376228332520e-01,7.952612042427062988e-01,-1.278542876243591309e-01,5.820806324481964111e-02,3.275447189807891846e-01,1.906622648239135742e-01,-5.893685296177864075e-02,-5.454988777637481689e-02,-3.071582913398742676e-01,-1.478551477193832397e-01,-2.686024904251098633e-01,4.878986775875091553e-01,-2.244798094034194946e-02,2.418181113898754120e-02,-6.280943006277084351e-02,2.543613016605377197e-01,1.611669957637786865e-01,-1.844511479139328003e-01,-5.506713390350341797e-01,-1.457844376564025879e-01,-2.092236094176769257e-02,-7.833544909954071045e-02,2.463549226522445679e-01,-1.014655530452728271e-01,1.237872056663036346e-02,3.924785647541284561e-03
-1.104693174362182617e+00,-1.546909958124160767e-01,8.291054368019104004e-01,1.134507171809673309e-02,4.065075423568487167e-03,-6.040597558021545410e-01,7.968478798866271973e-01,-1.296260505914688110e-01,5.378004163503646851e-02,3.250235021114349365e-01,1.850796341896057129e-01,-5.890698358416557312e-02,-5.217632651329040527e-02,-3.411363065242767334e-01,-1.601158976554870605e-01,-2.595727443695068359e-01,5.353676080703735352e-01,-3.051116131246089935e-03,2.616001479327678680e-02,-6.441443413496017456e-02,2.512932121753692627e-01,1.628702133893966675e-01,-1.891802996397018433e-01,-5.547711253166198730e-01,-1.478636711835861206e-01,-2.177185378968715668e-02,-7.640011608600616455e-02,2.437715232372283936e-01,-1.020926833152770996e-01,1.167047582566738129e-02,1.651500817388296127e-03
-1.103207230567932129e+00,-1.532916426658630371e-01,8.289491534233093262e-01,1.221624389290809631e-02,4.446805454790592194e-03,-6.020624041557312012e-01,7.983431816101074219e-01,-1.305795460939407349e-01,4.884836450219154358e-02,3.237279653549194336e-01,1.798745989799499512e-01,-5.881474167108535767e-02,-4.943704232573509216e-02,-3.755840063095092773e-01,-1.729438155889511108e-01,-2.483898103237152100e-01,5.828619599342346191e-01,1.520239375531673431e-02,2.872286923229694366e-02,-6.627105921506881714e-02,2.481115013360977173e-01,1.650401055812835693e-01,-1.936484426259994507e-01,-5.589506626129150391e-01,-1.497942209243774414e-01,-2.232576534152030945e-02,-7.467269152402877808e-02,2.423180043697357178e-01,-1.025350838899612427e-01,1.244385819882154465e-02,-4.158731899224221706e-04
-1.101847529411315918e+00,-1.520746499300003052e-01,8.287035822868347168e-01,1.326377689838409424e-02,4.757883492857217789e-03,-6.002858877182006836e-01,7.996613979339599609e-01,-1.307736337184906006e-01,4.378128051757812500e-02,3.223471939563751221e-01,1.738935261964797974e-01,-5.907358601689338684e-02,-4.754127562046051025e-02,-4.102243781089782715e-01,-1.848336011171340942e-01,-2.354797869920730591e-01,6.289266347885131836e-01,2.980468608438968658e-02,2.591291442513465881e-02,-6.774660944938659668e-02,2.448145300149917603e-01,1.675713062286376953e-01,-1.975973695516586304e-01,-5.631933808326721191e-01,-1.512739807367324829e-01,-2.260419726371765137e-02,-7.316797971725463867e-02,2.421465665102005005e-01,-1.028295755386352539e-01,1.490373350679874420e-02,-2.289489377290010452e-03
-1.100715160369873047e+00,-1.509941965341567993e-01,8.284055590629577637e-01,1.421397551894187927e-02,4.807073622941970825e-03,-5.984525084495544434e-01,8.010177612304687500e-01,-1.317767202854156494e-01,3.930417075753211975e-02,3.203408122062683105e-01,1.695316135883331299e-01,-5.876689031720161438e-02,-4.666954278945922852e-02,-4.445881247520446777e-01,-1.955148428678512573e-01,-2.202372997999191284e-01,6.744233965873718262e-01,3.983279690146446228e-02,1.599765568971633911e-02,-6.886470317840576172e-02,2.415784001350402832e-01,1.703789085149765015e-01,-2.007779330015182495e-01,-5.671301484107971191e-01,-1.521075963973999023e-01,-2.259131520986557007e-02,-7.188516855239868164e-02,2.433725744485855103e-01,-1.029608398675918579e-01,1.917332783341407776e-02,-3.960222937166690826e-03
-1.099745988845825195e+00,-1.500644832849502563e-01,8.281306028366088867e-01,1.557266525924205780e-02,5.464316345751285553e-03,-5.962104201316833496e-01,8.026585578918457031e-01,-1.272091865539550781e-01,3.468796238303184509e-02,3.186621963977813721e-01,1.619876921176910400e-01,-6.036083772778511047e-02,-4.784647002816200256e-02,-4.789649248123168945e-01,-2.046342939138412476e-01,-2.047932446002960205e-01,7.171656489372253418e-01,4.544892162084579468e-02,1.671146019361913204e-03,-7.050472497940063477e-02,2.381647825241088867e-01,1.732816994190216064e-01,-2.028467059135437012e-01,-5.708846449851989746e-01,-1.520522534847259521e-01,-2.272144146263599396e-02,-7.077860832214355469e-02,2.454074174165725708e-01,-1.034170612692832947e-01,2.419019490480422974e-02,-5.369986407458782196e-03
-1.098926901817321777e+00,-1.493811160326004028e-01,8.279540538787841797e-01,1.661399565637111664e-02,4.576609469950199127e-03,-5.950648784637451172e-01,8.034929037094116211e-01,-1.318957209587097168e-01,2.970414794981479645e-02,3.169511258602142334e-01,1.598477065563201904e-01,-5.500143393874168396e-02,-4.574695602059364319e-02,-5.084263682365417480e-01,-2.135670930147171021e-01,-1.897856444120407104e-01,7.571173906326293945e-01,4.156346619129180908e-02,-6.338615901768207550e-03,-6.881669908761978149e-02,2.349250912666320801e-01,1.759100556373596191e-01,-2.041151076555252075e-01,-5.742226839065551758e-01,-1.508792489767074585e-01,-2.252729795873165131e-02,-7.038152962923049927e-02,2.482684701681137085e-01,-1.033350080251693726e-01,3.088422864675521851e-02,-6.635876372456550598e-03
-1.098290801048278809e+00,-1.487700194120407104e-01,8.277686238288879395e-01,1.793986372649669647e-02,4.615609534084796906e-03,-5.934699177742004395e-01,8.046429753303527832e-01,-1.321895271539688110e-01,2.525519020855426788e-02,3.152348995208740234e-01,1.558968871831893921e-01,-5.303730443120002747e-02,-4.568922147154808044e-02,-5.365183353424072266e-01,-2.209177762269973755e-01,-1.765630245208740234e-01,7.924512624740600586e-01,3.244179114699363708e-02,-1.017748564481735229e-02,-6.744139641523361206e-02,2.316756248474121094e-01,1.783664375543594360e-01,-2.044350355863571167e-01,-5.771821737289428711e-01,-1.482400298118591309e-01,-2.245331183075904846e-02,-7.036122679710388184e-02,2.513943612575531006e-01,-1.032974496483802795e-01,3.873280808329582214e-02,-7.791737560182809830e-03
-1.097730755805969238e+00,-1.482313573360443115e-01,8.277135491371154785e-01,1.882271841168403625e-02,4.529299680143594742e-03,-5.918515324592590332e-01,8.058145046234130859e-01,-1.331554204225540161e-01,2.159891277551651001e-02,3.131984174251556396e-01,1.522189676761627197e-01,-5.010794475674629211e-02,-4.446856305003166199e-02,-5.617520809173583984e-01,-2.271306216716766357e-01,-1.648233979940414429e-01,8.249698877334594727e-01,2.462656423449516296e-02,-1.621860638260841370e-02,-6.561372429132461548e-02,2.286500930786132812e-01,1.804661303758621216e-01,-2.038635164499282837e-01,-5.792704224586486816e-01,-1.444988697767257690e-01,-2.261049859225749969e-02,-7.056888192892074585e-02,2.542430758476257324e-01,-1.035099104046821594e-01,4.622522369027137756e-02,-8.753478527069091797e-03
-1.097139000892639160e+00,-1.477776616811752319e-01,8.277699351310729980e-01,1.949336752295494080e-02,4.764759913086891174e-03,-5.902696251869201660e-01,8.069566488265991211e-01,-1.328688710927963257e-01,1.837953366339206696e-02,3.108068108558654785e-01,1.471013724803924561e-01,-4.743843525648117065e-02,-4.388600960373878479e-02,-5.842338204383850098e-01,-2.320573329925537109e-01,-1.546192616224288940e-01,8.530848026275634766e-01,1.679415442049503326e-02,-2.235219627618789673e-02,-6.382969021797180176e-02,2.258237302303314209e-01,1.824472099542617798e-01,-2.025860697031021118e-01,-5.804324746131896973e-01,-1.399091929197311401e-01,-2.318223379552364349e-02,-7.074258476495742798e-02,2.564545273780822754e-01,-1.042375341057777405e-01,5.296491086483001709e-02,-9.533381089568138123e-03
-1.096652626991271973e+00,-1.475911736488342285e-01,8.278977274894714355e-01,1.999870501458644867e-02,5.016751121729612350e-03,-5.885689854621887207e-01,8.081840276718139648e-01,-1.314889043569564819e-01,1.569365523755550385e-02,3.093442916870117188e-01,1.410435140132904053e-01,-4.458183795213699341e-02,-4.383469745516777039e-02,-6.037669181823730469e-01,-2.363609969615936279e-01,-1.459918171167373657e-01,8.782852292060852051e-01,5.682258866727352142e-03,-2.851968631148338318e-02,-6.238110363483428955e-02,2.231972813606262207e-01,1.844313293695449829e-01,-2.008503973484039307e-01,-5.807026624679565430e-01,-1.348896771669387817e-01,-2.427412942051887512e-02,-7.059951871633529663e-02,2.577913403511047363e-01,-1.057418137788772583e-01,5.852402374148368835e-02,-1.011109445244073868e-02
-1.096325755119323730e+00,-1.474748402833938599e-01,8.280932903289794922e-01,2.017192356288433075e-02,5.341596901416778564e-03,-5.868986845016479492e-01,8.093914389610290527e-01,-1.296211034059524536e-01,1.388818677514791489e-02,3.077213466167449951e-01,1.347282975912094116e-01,-4.201640933752059937e-02,-4.547371342778205872e-02,-6.204515099525451660e-01,-2.394420951604843140e-01,-1.388942897319793701e-01,9.002901911735534668e-01,-8.622931316494941711e-03,-3.661090135574340820e-02,-6.049718707799911499e-02,2.206865847110748291e-01,1.863693445920944214e-01,-1.986947953701019287e-01,-5.803651809692382812e-01,-1.294787377119064331e-01,-2.527848072350025177e-02,-7.028961181640625000e-02,2.581974565982818604e-01,-1.069182306528091431e-01,6.270374357700347900e-02,-1.052165497094392776e-02
-1.096025824546813965e+00,-1.474632918834686279e-01,8.283790946006774902e-01,1.985704898834228516e-02,5.732837133109569550e-03,-5.851291418075561523e-01,8.106766939163208008e-01,-1.277027726173400879e-01,1.325244363397359848e-02,3.056821227073669434e-01,1.294058859348297119e-01,-3.935493901371955872e-02,-4.545051977038383484e-02,-6.343578100204467773e-01,-2.410184293985366821e-01,-1.320620328187942505e-01,9.200875759124755859e-01,-2.309239655733108521e-02,-4.488428682088851929e-02,-5.915895476937294006e-02,2.184372246265411377e-01,1.884204894304275513e-01,-1.965363323688507080e-01,-5.793384313583374023e-01,-1.243842020630836487e-01,-2.620777115225791931e-02,-6.972695142030715942e-02,2.576942145824432373e-01,-1.078280508518218994e-01,6.543172150850296021e-02,-1.078075636178255081e-02
-1.095829367637634277e+00,-1.474821567535400391e-01,8.286218643188476562e-01,1.934965886175632477e-02,5.926829297095537186e-03,-5.832691192626953125e-01,8.120267987251281738e-01,-1.254240572452545166e-01,1.285329554229974747e-02,3.032814860343933105e-01,1.244688928127288818e-01,-3.704709187150001526e-02,-4.602963849902153015e-02,-6.459833383560180664e-01,-2.418434321880340576e-01,-1.253351569175720215e-01,9.373741745948791504e-01,-3.669323027133941650e-02,-5.293401330709457397e-02,-5.835023894906044006e-02,2.165115326642990112e-01,1.906761527061462402e-01,-1.946238130331039429e-01,-5.776754617691040039e-01,-1.199132129549980164e-01,-2.702440880239009857e-02,-6.891291588544845581e-02,2.564505040645599365e-01,-1.084624528884887695e-01,6.695969402790069580e-02,-1.085303910076618195e-02
-1.095664501190185547e+00,-1.475614160299301147e-01,8.289705514907836914e-01,1.896679028868675232e-02,6.872423924505710602e-03,-5.809354186058044434e-01,8.136996030807495117e-01,-1.249976754188537598e-01,1.320733595639467239e-02,2.999556660652160645e-01,1.195825114846229553e-01,-3.445601463317871094e-02,-4.703393578529357910e-02,-6.565335392951965332e-01,-2.411701828241348267e-01,-1.186859086155891418e-01,9.518120884895324707e-01,-4.858582466840744019e-02,-6.102473288774490356e-02,-5.796830728650093079e-02,2.147344201803207397e-01,1.931273341178894043e-01,-1.931258738040924072e-01,-5.758088827133178711e-01,-1.163117587566375732e-01,-2.771664597094058990e-02,-6.802960485219955444e-02,2.547953128814697266e-01,-1.087777391076087952e-01,6.776163727045059204e-02,-1.077986508607864380e-02
-1.095671296119689941e+00,-1.476539224386215210e-01,8.291423320770263672e-01,1.843963935971260071e-02,7.128237280994653702e-03,-5.785735845565795898e-01,8.153905868530273438e-01,-1.237704977393150330e-01,1.339559163898229599e-02,2.963797152042388916e-01,1.161811649799346924e-01,-3.257339075207710266e-02,-4.811511188745498657e-02,-6.653760075569152832e-01,-2.407182455062866211e-01,-1.118494942784309387e-01,9.658675193786621094e-01,-5.988431721925735474e-02,-6.782068312168121338e-02,-5.746636912226676941e-02,2.132050693035125732e-01,1.957481950521469116e-01,-1.921893805265426636e-01,-5.737071633338928223e-01,-1.137367188930511475e-01,-2.807045169174671173e-02,-6.714054197072982788e-02,2.529207468032836914e-01,-1.083610802888870239e-01,6.819333136081695557e-02,-1.060324814170598984e-02
-1.095744252204895020e+00,-1.478554010391235352e-01,8.293652534484863281e-01,1.796062663197517395e-02,7.639524061232805252e-03,-5.756614208221435547e-01,8.174551725387573242e-01,-1.234080791473388672e-01,1.383744273334741592e-02,2.916812598705291748e-01,1.129866763949394226e-01,-3.072686120867729187e-02,-4.950067028403282166e-02,-6.722914576530456543e-01,-2.390043586492538452e-01,-1.038849800825119019e-01,9.768747687339782715e-01,-6.964617222547531128e-02,-7.328839600086212158e-02,-5.719509348273277283e-02,2.119084596633911133e-01,1.984414756298065186e-01,-1.918199956417083740e-01,-5.715254545211791992e-01,-1.120441332459449768e-01,-2.814489416778087616e-02,-6.641225516796112061e-02,2.513598799705505371e-01,-1.075704544782638550e-01,6.904252618551254272e-02,-1.043895538896322250e-02
-1.095938086509704590e+00,-1.480795741081237793e-01,8.295186758041381836e-01,1.748000644147396088e-02,8.228146471083164215e-03,-5.725598335266113281e-01,8.196352720260620117e-01,-1.240386515855789185e-01,1.464219298213720322e-02,2.859371304512023926e-01,1.110726520419120789e-01,-2.885969914495944977e-02,-4.965788871049880981e-02,-6.783196330070495605e-01,-2.361246794462203979e-01,-9.529736638069152832e-02,9.863117337226867676e-01,-7.855290919542312622e-02,-7.739200443029403687e-02,-5.709822103381156921e-02,2.108082622289657593e-01,2.010578960180282593e-01,-1.920395046472549438e-01,-5.694364309310913086e-01,-1.110227480530738831e-01,-2.786134555935859680e-02,-6.626529991626739502e-02,2.503840327262878418e-01,-1.061642765998840332e-01,7.105612009763717651e-02,-1.034223753958940506e-02
-1.096246600151062012e+00,-1.482942104339599609e-01,8.296498060226440430e-01,1.682078652083873749e-02,8.514067158102989197e-03,-5.692288875579833984e-01,8.219628930091857910e-01,-1.251276880502700806e-01,1.563714258372783661e-02,2.794286310672760010e-01,1.106003522872924805e-01,-2.723981626331806183e-02,-4.951883479952812195e-02,-6.821187734603881836e-01,-2.325990200042724609e-01,-8.609146624803543091e-02,9.940574765205383301e-01,-8.739779144525527954e-02,-8.156879991292953491e-02,-5.680979415774345398e-02,2.100259661674499512e-01,2.036604285240173340e-01,-1.928603202104568481e-01,-5.672106146812438965e-01,-1.106810942292213440e-01,-2.716680243611335754e-02,-6.647179275751113892e-02,2.497116178274154663e-01,-1.041202172636985779e-01,7.368931919336318970e-02,-1.034865155816078186e-02
-1.096638441085815430e+00,-1.485430300235748291e-01,8.297507166862487793e-01,1.622725650668144226e-02,8.792244829237461090e-03,-5.657399892807006836e-01,8.243771195411682129e-01,-1.263672113418579102e-01,1.665385067462921143e-02,2.724466323852539062e-01,1.108861416578292847e-01,-2.627761662006378174e-02,-4.948863387107849121e-02,-6.845647692680358887e-01,-2.286123037338256836e-01,-7.715522497892379761e-02,9.995856881141662598e-01,-9.698274731636047363e-02,-8.510310202836990356e-02,-5.636828020215034485e-02,2.094279974699020386e-01,2.062109559774398804e-01,-1.942604929208755493e-01,-5.651090741157531738e-01,-1.109301149845123291e-01,-2.624987438321113586e-02,-6.693062931299209595e-02,2.492240518331527710e-01,-1.017915755510330200e-01,7.675719261169433594e-02,-1.047743111848831177e-02
-1.097184658050537109e+00,-1.488896161317825317e-01,8.298182487487792969e-01,1.570983417332172394e-02,9.048143401741981506e-03,-5.618870258331298828e-01,8.270152807235717773e-01,-1.289931833744049072e-01,1.771567575633525848e-02,2.635788619518280029e-01,1.124227046966552734e-01,-2.523642219603061676e-02,-4.945394769310951233e-02,-6.852777004241943359e-01,-2.234848737716674805e-01,-6.749177724123001099e-02,1.003170132637023926e+00,-1.081456020474433899e-01,-8.696286380290985107e-02,-5.649813637137413025e-02,2.090166062116622925e-01,2.090302556753158569e-01,-1.963279545307159424e-01,-5.626851320266723633e-01,-1.119806692004203796e-01,-2.478774264454841614e-02,-6.789583712816238403e-02,2.489918768405914307e-01,-9.819541126489639282e-02,8.114426583051681519e-02,-1.094865985214710236e-02
-1.097719788551330566e+00,-1.492317318916320801e-01,8.298051357269287109e-01,1.525843795388936996e-02,9.198279120028018951e-03,-5.581461787223815918e-01,8.295513391494750977e-01,-1.311971545219421387e-01,1.869486272335052490e-02,2.552690505981445312e-01,1.151007637381553650e-01,-2.563436701893806458e-02,-4.945743829011917114e-02,-6.848483681678771973e-01,-2.186262607574462891e-01,-5.805261805653572083e-02,1.004364728927612305e+00,-1.174100041389465332e-01,-8.783572912216186523e-02,-5.649752169847488403e-02,2.081055343151092529e-01,2.118810117244720459e-01,-1.993719935417175293e-01,-5.595411062240600586e-01,-1.132936626672744751e-01,-2.404899522662162781e-02,-6.855460256338119507e-02,2.477766573429107666e-01,-9.498631954193115234e-02,8.815260231494903564e-02,-1.197370700538158417e-02
-1.098355889320373535e+00,-1.496843993663787842e-01,8.297903537750244141e-01,1.477970369160175323e-02,9.188027121126651764e-03,-5.543856620788574219e-01,8.320779204368591309e-01,-1.352763622999191284e-01,1.974784955382347107e-02,2.458202987909317017e-01,1.189200282096862793e-01,-2.509041689336299896e-02,-4.935384541749954224e-02,-6.819671392440795898e-01,-2.127010077238082886e-01,-4.772098734974861145e-02,1.002301931381225586e+00,-1.261054724454879761e-01,-8.688355237245559692e-02,-5.597756430506706238e-02,2.075773924589157104e-01,2.140994966030120850e-01,-2.023951858282089233e-01,-5.565370917320251465e-01,-1.138460412621498108e-01,-2.346675656735897064e-02,-6.890198588371276855e-02,2.463061213493347168e-01,-9.432841837406158447e-02,9.260947257280349731e-02,-1.329819299280643463e-02
-1.099151372909545898e+00,-1.502857059240341187e-01,8.297581076622009277e-01,1.430741976946592331e-02,9.169886820018291473e-03,-5.503139495849609375e-01,8.347848653793334961e-01,-1.380103528499603271e-01,2.089139632880687714e-02,2.360668331384658813e-01,1.224421933293342590e-01,-2.534550614655017853e-02,-4.943184182047843933e-02,-6.768730878829956055e-01,-2.060055136680603027e-01,-3.736948221921920776e-02,9.972932338714599609e-01,-1.352162361145019531e-01,-8.547446876764297485e-02,-5.559918284416198730e-02,2.072776108980178833e-01,2.158903330564498901e-01,-2.053970843553543091e-01,-5.536611676216125488e-01,-1.139220446348190308e-01,-2.267828024923801422e-02,-6.915774196386337280e-02,2.446856200695037842e-01,-9.411937743425369263e-02,9.547615051269531250e-02,-1.488449145108461380e-02
-1.099959135055541992e+00,-1.510274410247802734e-01,8.297345638275146484e-01,1.376658771187067032e-02,9.018411859869956970e-03,-5.462931990623474121e-01,8.374323248863220215e-01,-1.403675675392150879e-01,2.204478159546852112e-02,2.265198230743408203e-01,1.257161647081375122e-01,-2.544200792908668518e-02,-4.957794770598411560e-02,-6.696147322654724121e-01,-1.982346624135971069e-01,-2.612677216529846191e-02,9.891732335090637207e-01,-1.418146640062332153e-01,-8.149041980504989624e-02,-5.576153472065925598e-02,2.071126401424407959e-01,2.172298878431320190e-01,-2.082315683364868164e-01,-5.508934259414672852e-01,-1.133218556642532349e-01,-2.158192172646522522e-02,-6.937752664089202881e-02,2.431528121232986450e-01,-9.346504509449005127e-02,9.779522567987442017e-02,-1.660958863794803619e-02
-1.100943922996520996e+00,-1.517013162374496460e-01,8.296942710876464844e-01,1.321414206176996231e-02,8.710699155926704407e-03,-5.424141883850097656e-01,8.399621248245239258e-01,-1.426091045141220093e-01,2.330891415476799011e-02,2.172477990388870239e-01,1.290687024593353271e-01,-2.539821900427341461e-02,-5.045781657099723816e-02,-6.601051092147827148e-01,-1.885933279991149902e-01,-1.278598513454198837e-02,9.771645069122314453e-01,-1.482610553503036499e-01,-7.446239888668060303e-02,-5.625324696302413940e-02,2.071240544319152832e-01,2.183158248662948608e-01,-2.108438313007354736e-01,-5.477955937385559082e-01,-1.123724281787872314e-01,-2.040765993297100067e-02,-6.957000494003295898e-02,2.416766732931137085e-01,-9.275926649570465088e-02,9.972501546144485474e-02,-1.836754009127616882e-02
-1.101941347122192383e+00,-1.525270193815231323e-01,8.296617865562438965e-01,1.280761230736970901e-02,8.470559492707252502e-03,-5.388647913932800293e-01,8.422523140907287598e-01,-1.464124917984008789e-01,2.466879971325397491e-02,2.088588476181030273e-01,1.332707405090332031e-01,-2.503772079944610596e-02,-5.097581818699836731e-02,-6.494633555412292480e-01,-1.776882857084274292e-01,2.150785643607378006e-03,9.620501995086669922e-01,-1.521222293376922607e-01,-6.723631918430328369e-02,-5.661716312170028687e-02,2.071758210659027100e-01,2.188759297132492065e-01,-2.129691541194915771e-01,-5.448152422904968262e-01,-1.102389320731163025e-01,-1.915857382118701935e-02,-6.969797611236572266e-02,2.401863783597946167e-01,-9.172275662422180176e-02,1.009441167116165161e-01,-2.002559043467044830e-02
-1.103048801422119141e+00,-1.534546017646789551e-01,8.295806050300598145e-01,1.248109620064496994e-02,8.314741775393486023e-03,-5.351182818412780762e-01,8.446440100669860840e-01,-1.480576843023300171e-01,2.605207636952400208e-02,2.005134969949722290e-01,1.364159137010574341e-01,-2.573365904390811920e-02,-5.230464786291122437e-02,-6.364493966102600098e-01,-1.657860875129699707e-01,1.838765479624271393e-02,9.428321123123168945e-01,-1.528306752443313599e-01,-5.489892140030860901e-02,-5.673186480998992920e-02,2.072645276784896851e-01,2.190801054239273071e-01,-2.147115170955657959e-01,-5.415471792221069336e-01,-1.072398498654365540e-01,-1.780884712934494019e-02,-6.979654729366302490e-02,2.387709468603134155e-01,-8.988361060619354248e-02,1.019366085529327393e-01,-2.183319628238677979e-02
-1.104185104370117188e+00,-1.543804109096527100e-01,8.294019699096679688e-01,1.218426506966352463e-02,7.863335311412811279e-03,-5.315628051757812500e-01,8.468947410583496094e-01,-1.484882831573486328e-01,2.704155631363391876e-02,1.928785592317581177e-01,1.385415345430374146e-01,-2.617068588733673096e-02,-5.364793539047241211e-02,-6.212127804756164551e-01,-1.533470898866653442e-01,3.614135831594467163e-02,9.204234480857849121e-01,-1.520279496908187866e-01,-3.863700106739997864e-02,-5.654312297701835632e-02,2.071451097726821899e-01,2.189384251832962036e-01,-2.163453549146652222e-01,-5.376184582710266113e-01,-1.022609621286392212e-01,-1.664149016141891479e-02,-6.985044479370117188e-02,2.372790873050689697e-01,-8.761899173259735107e-02,1.030267328023910522e-01,-2.354631200432777405e-02
-1.105405688285827637e+00,-1.554417610168457031e-01,8.291263580322265625e-01,1.206314098089933395e-02,7.366716396063566208e-03,-5.282129645347595215e-01,8.489942550659179688e-01,-1.499504297971725464e-01,2.798235975205898285e-02,1.854871362447738647e-01,1.417365372180938721e-01,-2.669175900518894196e-02,-5.490759760141372681e-02,-6.043529510498046875e-01,-1.400138437747955322e-01,5.649869889020919800e-02,8.950375914573669434e-01,-1.486558020114898682e-01,-2.096400782465934753e-02,-5.660312250256538391e-02,2.073284089565277100e-01,2.183581143617630005e-01,-2.176994979381561279e-01,-5.336644053459167480e-01,-9.775654226541519165e-02,-1.565025188028812408e-02,-6.995177268981933594e-02,2.361519932746887207e-01,-8.620312064886093140e-02,1.045767366886138916e-01,-2.478071860969066620e-02
-1.106718540191650391e+00,-1.566013544797897339e-01,8.288318514823913574e-01,1.199836935847997665e-02,6.873436737805604935e-03,-5.249235630035400391e-01,8.510370254516601562e-01,-1.535422950983047485e-01,2.918014302849769592e-02,1.781575381755828857e-01,1.467538774013519287e-01,-2.704193815588951111e-02,-5.595581233501434326e-02,-5.852429866790771484e-01,-1.262749284505844116e-01,7.813764363527297974e-02,8.658956289291381836e-01,-1.435386240482330322e-01,-9.699318907223641872e-04,-5.649916082620620728e-02,2.076075673103332520e-01,2.174023091793060303e-01,-2.187025994062423706e-01,-5.303889513015747070e-01,-9.371928125619888306e-02,-1.474460959434509277e-02,-7.010482251644134521e-02,2.355162203311920166e-01,-8.553925901651382446e-02,1.069231331348419189e-01,-2.571495436131954193e-02
-1.108186125755310059e+00,-1.578722000122070312e-01,8.283950686454772949e-01,1.238287240266799927e-02,6.153163965791463852e-03,-5.216466784477233887e-01,8.530495762825012207e-01,-1.550493687391281128e-01,2.944113686680793762e-02,1.707688868045806885e-01,1.506613940000534058e-01,-2.799019217491149902e-02,-5.732522532343864441e-02,-5.647215843200683594e-01,-1.139344274997711182e-01,1.000798866152763367e-01,8.343839645385742188e-01,-1.375559568405151367e-01,1.998860016465187073e-02,-5.521238595247268677e-02,2.080866396427154541e-01,2.160228043794631958e-01,-2.194840013980865479e-01,-5.277847647666931152e-01,-8.932022005319595337e-02,-1.385065540671348572e-02,-7.046797126531600952e-02,2.353287786245346069e-01,-8.488417416810989380e-02,1.103782951831817627e-01,-2.615734376013278961e-02
-1.109497547149658203e+00,-1.591756939888000488e-01,8.280208110809326172e-01,1.276435609906911850e-02,5.460074637085199356e-03,-5.185049772262573242e-01,8.549618721008300781e-01,-1.570199131965637207e-01,2.947056666016578674e-02,1.634689420461654663e-01,1.540420800447463989e-01,-2.839745581150054932e-02,-5.884591490030288696e-02,-5.421687364578247070e-01,-1.025117412209510803e-01,1.222733184695243835e-01,7.994353771209716797e-01,-1.290340274572372437e-01,4.043733328580856323e-02,-5.463892966508865356e-02,2.088561207056045532e-01,2.141923308372497559e-01,-2.202005088329315186e-01,-5.251318216323852539e-01,-8.530718833208084106e-02,-1.294207107275724411e-02,-7.112902402877807617e-02,2.354827225208282471e-01,-8.416515588760375977e-02,1.139097586274147034e-01,-2.610500715672969818e-02
-1.110893607139587402e+00,-1.606294363737106323e-01,8.275220990180969238e-01,1.359345018863677979e-02,4.457806237041950226e-03,-5.152408480644226074e-01,8.569260239601135254e-01,-1.586515158414840698e-01,2.843404933810234070e-02,1.560629606246948242e-01,1.571104824542999268e-01,-2.845321036875247955e-02,-6.024531275033950806e-02,-5.180821418762207031e-01,-9.347020089626312256e-02,1.439332515001296997e-01,7.622339725494384766e-01,-1.177184209227561951e-01,5.971103161573410034e-02,-5.386241897940635681e-02,2.098814100027084351e-01,2.120327353477478027e-01,-2.209087908267974854e-01,-5.224113464355468750e-01,-8.229789882898330688e-02,-1.198750920593738556e-02,-7.220654934644699097e-02,2.361068874597549438e-01,-8.327239751815795898e-02,1.182535067200660706e-01,-2.559598162770271301e-02
-1.112519383430480957e+00,-1.620896905660629272e-01,8.269540071487426758e-01,1.449002418667078018e-02,3.089680103585124016e-03,-5.119586586952209473e-01,8.588823080062866211e-01,-1.585265398025512695e-01,2.721264399588108063e-02,1.495584100484848022e-01,1.593771427869796753e-01,-2.883630618453025818e-02,-6.194030866026878357e-02,-4.925287663936614990e-01,-8.665794134140014648e-02,1.636835634708404541e-01,7.230381965637207031e-01,-1.023620888590812683e-01,7.679302245378494263e-02,-5.281947925686836243e-02,2.112076133489608765e-01,2.093407958745956421e-01,-2.217119187116622925e-01,-5.195289850234985352e-01,-7.963676005601882935e-02,-1.110110338777303696e-02,-7.367134839296340942e-02,2.369759678840637207e-01,-8.323656022548675537e-02,1.221415549516677856e-01,-2.463247999548912048e-02
-1.114287853240966797e+00,-1.636062711477279663e-01,8.263927102088928223e-01,1.511125452816486359e-02,1.449099159799516201e-03,-5.084668993949890137e-01,8.609477281570434570e-01,-1.594859361648559570e-01,2.641775086522102356e-02,1.423577964305877686e-01,1.628983169794082642e-01,-2.838384918868541718e-02,-6.402410566806793213e-02,-4.640927910804748535e-01,-8.111143857240676880e-02,1.819091290235519409e-01,6.803853511810302734e-01,-7.855653017759323120e-02,9.073932468891143799e-02,-5.173289775848388672e-02,2.129053622484207153e-01,2.061820775270462036e-01,-2.226732075214385986e-01,-5.162795186042785645e-01,-7.706369459629058838e-02,-1.018030941486358643e-02,-7.551968097686767578e-02,2.381294816732406616e-01,-8.343681693077087402e-02,1.261248737573623657e-01,-2.342070825397968292e-02
-1.115971922874450684e+00,-1.652614027261734009e-01,8.258160352706909180e-01,1.602005958557128906e-02,-8.494128996971994638e-05,-5.045558214187622070e-01,8.632304072380065918e-01,-1.613821089267730713e-01,2.508767880499362946e-02,1.343725025653839111e-01,1.669914424419403076e-01,-2.816559188067913055e-02,-6.588218361139297485e-02,-4.345099329948425293e-01,-7.790924608707427979e-02,1.982934921979904175e-01,6.347261667251586914e-01,-4.474468901753425598e-02,1.026977002620697021e-01,-5.086629092693328857e-02,2.148088514804840088e-01,2.027699053287506104e-01,-2.238784283399581909e-01,-5.132899880409240723e-01,-7.568811625242233276e-02,-9.308754466474056244e-03,-7.764972001314163208e-02,2.391939759254455566e-01,-8.453325927257537842e-02,1.285953521728515625e-01,-2.190880663692951202e-02
-1.117907285690307617e+00,-1.668952405452728271e-01,8.251799345016479492e-01,1.682394929230213165e-02,-1.593624358065426350e-03,-5.001975297927856445e-01,8.657464385032653809e-01,-1.620484441518783569e-01,2.413921244442462921e-02,1.256974339485168457e-01,1.708652824163436890e-01,-2.870841696858406067e-02,-6.818767637014389038e-02,-4.058216512203216553e-01,-7.613383233547210693e-02,2.115556746721267700e-01,5.920022726058959961e-01,-1.566355675458908081e-02,1.040511354804039001e-01,-5.009455978870391846e-02,2.168508470058441162e-01,1.992864608764648438e-01,-2.252551317214965820e-01,-5.106474757194519043e-01,-7.521563023328781128e-02,-8.346391841769218445e-03,-7.996277511119842529e-02,2.402748018503189087e-01,-8.589921146631240845e-02,1.306970119476318359e-01,-2.057375572621822357e-02
-1.119995117187500000e+00,-1.685736328363418579e-01,8.245277404785156250e-01,1.746686547994613647e-02,-2.860661363229155540e-03,-4.971951842308044434e-01,8.674581646919250488e-01,-1.644741594791412354e-01,2.470220066606998444e-02,1.198434531688690186e-01,1.768575012683868408e-01,-2.985567599534988403e-02,-7.072477787733078003e-02,-3.805534243583679199e-01,-7.698443531990051270e-02,2.156302928924560547e-01,5.588416457176208496e-01,-3.354669362306594849e-02,9.439259767532348633e-02,-4.665349423885345459e-02,2.189512401819229126e-01,1.958748698234558105e-01,-2.264826744794845581e-01,-5.089824795722961426e-01,-7.468663156032562256e-02,-7.585322484374046326e-03,-8.219808340072631836e-02,2.412734180688858032e-01,-8.787046372890472412e-02,1.316908895969390869e-01,-1.937342435121536255e-02
-1.122138023376464844e+00,-1.703356206417083740e-01,8.238106369972229004e-01,1.805552653968334198e-02,-4.128841683268547058e-03,-4.947223067283630371e-01,8.688537478446960449e-01,-1.697362512350082397e-01,2.589149773120880127e-02,1.144775077700614929e-01,1.863123327493667603e-01,-3.131432086229324341e-02,-7.482033222913742065e-02,-3.552632629871368408e-01,-8.119954168796539307e-02,2.090546190738677979e-01,5.281309485435485840e-01,-6.436621397733688354e-02,9.637878835201263428e-02,-4.050326719880104065e-02,2.211557924747467041e-01,1.922042518854141235e-01,-2.277482897043228149e-01,-5.069083571434020996e-01,-7.410384714603424072e-02,-6.597703788429498672e-03,-8.475800603628158569e-02,2.422371804714202881e-01,-8.962681889533996582e-02,1.324369013309478760e-01,-1.821438036859035492e-02
-1.124444484710693359e+00,-1.719552874565124512e-01,8.231608867645263672e-01,1.870865747332572937e-02,-4.654115997254848480e-03,-4.909715056419372559e-01,8.709622621536254883e-01,-1.751517802476882935e-01,2.718655019998550415e-02,1.063787862658500671e-01,1.947070807218551636e-01,-3.337698429822921753e-02,-7.798988372087478638e-02,-3.315656483173370361e-01,-8.418487757444381714e-02,2.001978754997253418e-01,4.994409084320068359e-01,-9.197463095188140869e-02,9.311071783304214478e-02,-3.773401305079460144e-02,2.230363637208938599e-01,1.886600106954574585e-01,-2.291709631681442261e-01,-5.060700774192810059e-01,-7.456538081169128418e-02,-5.572938360273838043e-03,-8.754865080118179321e-02,2.431391924619674683e-01,-9.168078750371932983e-02,1.331276446580886841e-01,-1.726091280579566956e-02
-1.126861453056335449e+00,-1.737220436334609985e-01,8.224778175354003906e-01,1.860563084483146667e-02,-5.324587691575288773e-03,-4.871022403240203857e-01,8.731305003166198730e-01,-1.820031404495239258e-01,3.004401735961437225e-02,9.737540781497955322e-02,2.062382847070693970e-01,-3.613544255495071411e-02,-8.278883993625640869e-02,-3.077531456947326660e-01,-8.586993068456649780e-02,1.855497360229492188e-01,4.729154407978057861e-01,-1.211126595735549927e-01,8.140213042497634888e-02,-3.428950905799865723e-02,2.248486280441284180e-01,1.855670809745788574e-01,-2.303486317396163940e-01,-5.050497055053710938e-01,-7.560883462429046631e-02,-4.459998570382595062e-03,-9.016717970371246338e-02,2.439230978488922119e-01,-9.414403885602951050e-02,1.340274214744567871e-01,-1.641137152910232544e-02
-1.129217386245727539e+00,-1.752611994743347168e-01,8.219598531723022461e-01,1.795657165348529816e-02,-5.500731989741325378e-03,-4.834268391132354736e-01,8.751832842826843262e-01,-1.906058937311172485e-01,3.400746732950210571e-02,8.688191324472427368e-02,2.194497138261795044e-01,-3.966539353132247925e-02,-8.623778820037841797e-02,-2.860401570796966553e-01,-8.683492988348007202e-02,1.650147438049316406e-01,4.468134939670562744e-01,-1.411054134368896484e-01,7.275558263063430786e-02,-3.048861399292945862e-02,2.265372574329376221e-01,1.827950924634933472e-01,-2.311308383941650391e-01,-5.039016604423522949e-01,-7.638353109359741211e-02,-3.143630921840667725e-03,-9.251039475202560425e-02,2.443439215421676636e-01,-9.643754363059997559e-02,1.339158117771148682e-01,-1.566485315561294556e-02
-1.131632208824157715e+00,-1.768442690372467041e-01,8.217583298683166504e-01,1.724274829030036926e-02,-5.541486199945211411e-03,-4.792723357677459717e-01,8.774793744087219238e-01,-2.020261287689208984e-01,3.801876679062843323e-02,7.392304390668869019e-02,2.362476289272308350e-01,-3.992688655853271484e-02,-8.914845436811447144e-02,-2.666865587234497070e-01,-8.709619194269180298e-02,1.428620815277099609e-01,4.222223758697509766e-01,-1.524620354175567627e-01,6.158870831131935120e-02,-2.782833948731422424e-02,2.279904782772064209e-01,1.804684847593307495e-01,-2.314804047346115112e-01,-5.029259324073791504e-01,-7.686291635036468506e-02,-1.694645965471863747e-03,-9.429598599672317505e-02,2.444399595260620117e-01,-9.864928573369979858e-02,1.323886960744857788e-01,-1.482422277331352234e-02
-1.134077072143554688e+00,-1.781232357025146484e-01,8.217104673385620117e-01,1.508477237075567245e-02,-4.809949081391096115e-03,-4.747845232486724854e-01,8.799596428871154785e-01,-2.164860814809799194e-01,4.458894953131675720e-02,5.696796625852584839e-02,2.567040920257568359e-01,-4.183902591466903687e-02,-9.211145341396331787e-02,-2.482809722423553467e-01,-8.313995599746704102e-02,1.208338513970375061e-01,3.981201648712158203e-01,-1.557477265596389771e-01,4.393527284264564514e-02,-2.593913488090038300e-02,2.293063998222351074e-01,1.789712160825729370e-01,-2.315389513969421387e-01,-5.008188486099243164e-01,-7.914229482412338257e-02,9.366648737341165543e-05,-9.520644694566726685e-02,2.446366399526596069e-01,-1.009728237986564636e-01,1.291756331920623779e-01,-1.361556537449359894e-02
-1.136417984962463379e+00,-1.791382879018783569e-01,8.218407630920410156e-01,1.268122438341379166e-02,-3.528465284034609795e-03,-4.702836573123931885e-01,8.824171423912048340e-01,-2.347613573074340820e-01,5.116559565067291260e-02,3.710338100790977478e-02,2.811331152915954590e-01,-4.183607175946235657e-02,-9.446535259485244751e-02,-2.301177531480789185e-01,-7.801517099142074585e-02,9.918717294931411743e-02,3.725622296333312988e-01,-1.570929884910583496e-01,2.708050794899463654e-02,-2.366358228027820587e-02,2.301902323961257935e-01,1.783452332019805908e-01,-2.308465391397476196e-01,-4.987127184867858887e-01,-8.073444664478302002e-02,1.946694916114211082e-03,-9.510114043951034546e-02,2.452086061239242554e-01,-1.023110449314117432e-01,1.269295066595077515e-01,-1.221317611634731293e-02
-1.139160275459289551e+00,-1.801476478576660156e-01,8.222321867942810059e-01,1.128673646599054337e-02,-2.723919693380594254e-03,-4.654755592346191406e-01,8.849845528602600098e-01,-2.590057551860809326e-01,5.512902140617370605e-02,1.512558665126562119e-02,3.135003447532653809e-01,-3.365883976221084595e-02,-9.487437456846237183e-02,-2.131447196006774902e-01,-7.535258680582046509e-02,8.053626865148544312e-02,3.464260399341583252e-01,-1.491460353136062622e-01,2.828391827642917633e-02,-2.254932560026645660e-02,2.307803034782409668e-01,1.777758598327636719e-01,-2.297995835542678833e-01,-4.969623386859893799e-01,-8.151898533105850220e-02,3.656337503343820572e-03,-9.452167898416519165e-02,2.462197095155715942e-01,-1.028895452618598938e-01,1.258648335933685303e-01,-1.065084058791399002e-02
-1.141778349876403809e+00,-1.807365119457244873e-01,8.225592970848083496e-01,9.105204604566097260e-03,-1.687740208581089973e-03,-4.605354666709899902e-01,8.875929713249206543e-01,-2.835692167282104492e-01,6.062079593539237976e-02,-2.038673730567097664e-03,3.461388647556304932e-01,-2.700292505323886871e-02,-9.555320441722869873e-02,-2.005772888660430908e-01,-7.114008069038391113e-02,6.480251252651214600e-02,3.272045552730560303e-01,-1.394345760345458984e-01,3.434468060731887817e-02,-2.187997661530971527e-02,2.310792803764343262e-01,1.774628162384033203e-01,-2.285593897104263306e-01,-4.962173402309417725e-01,-8.125178515911102295e-02,4.790267907083034515e-03,-9.374418109655380249e-02,2.472340762615203857e-01,-1.030667126178741455e-01,1.259067952632904053e-01,-9.697261266410350800e-03
-1.144322276115417480e+00,-1.812562346458435059e-01,8.228299021720886230e-01,6.757293827831745148e-03,-4.740483127534389496e-04,-4.554339051246643066e-01,8.902438282966613770e-01,-3.107539713382720947e-01,6.497558206319808960e-02,-1.664236001670360565e-02,3.817370235919952393e-01,-2.257238700985908508e-02,-9.291774779558181763e-02,-1.896375864744186401e-01,-6.565530598163604736e-02,4.788361862301826477e-02,3.109057247638702393e-01,-1.328334212303161621e-01,3.286213055253028870e-02,-2.212159708142280579e-02,2.312054038047790527e-01,1.774153262376785278e-01,-2.266045212745666504e-01,-4.953515827655792236e-01,-8.049796521663665771e-02,5.986121948808431625e-03,-9.217713773250579834e-02,2.486831247806549072e-01,-1.035098955035209656e-01,1.260648220777511597e-01,-8.458578027784824371e-03
-1.146872043609619141e+00,-1.816982924938201904e-01,8.232892155647277832e-01,5.151838995516300201e-03,8.675213903188705444e-04,-4.509500265121459961e-01,8.925338983535766602e-01,-3.406713604927062988e-01,6.817603111267089844e-02,-3.062059544026851654e-02,4.197908937931060791e-01,-1.103960443288087845e-02,-8.910074084997177124e-02,-1.806767880916595459e-01,-6.081265583634376526e-02,3.216056525707244873e-02,2.958436012268066406e-01,-1.302654892206192017e-01,2.987418510019779205e-02,-2.135376632213592529e-02,2.310377210378646851e-01,1.774453371763229370e-01,-2.241770178079605103e-01,-4.949614405632019043e-01,-7.938681542873382568e-02,7.060227915644645691e-03,-9.014440327882766724e-02,2.505501508712768555e-01,-1.042634993791580200e-01,1.264306455850601196e-01,-6.829350721091032028e-03
-1.149525284767150879e+00,-1.821944564580917358e-01,8.237489461898803711e-01,4.586508497595787048e-03,2.504026982933282852e-03,-4.465324580669403076e-01,8.947522044181823730e-01,-3.740328848361968994e-01,6.968466192483901978e-02,-4.298022389411926270e-02,4.593891799449920654e-01,8.829713799059391022e-03,-8.434615284204483032e-02,-1.741735786199569702e-01,-5.790733173489570618e-02,1.727754622697830200e-02,2.812940478324890137e-01,-1.269126832485198975e-01,3.135554492473602295e-02,-2.041422575712203979e-02,2.305029034614562988e-01,1.772056072950363159e-01,-2.214815765619277954e-01,-4.954245686531066895e-01,-7.794176042079925537e-02,7.765033282339572906e-03,-8.808784931898117065e-02,2.530734837055206299e-01,-1.057361513376235962e-01,1.274827867746353149e-01,-4.839678760617971420e-03
-1.152260899543762207e+00,-1.827109009027481079e-01,8.242415189743041992e-01,4.400612786412239075e-03,4.007173702120780945e-03,-4.423595666885375977e-01,8.968180418014526367e-01,-4.075730144977569580e-01,7.075227051973342896e-02,-5.279042944312095642e-02,4.979842603206634521e-01,3.426118567585945129e-02,-8.315737545490264893e-02,-1.684578210115432739e-01,-5.564709752798080444e-02,2.045970410108566284e-03,2.670016288757324219e-01,-1.207034885883331299e-01,3.382984921336174011e-02,-2.033989131450653076e-02,2.296821177005767822e-01,1.766772270202636719e-01,-2.185841947793960571e-01,-4.967207908630371094e-01,-7.633747160434722900e-02,8.181287907063961029e-03,-8.619768172502517700e-02,2.563199698925018311e-01,-1.077701747417449951e-01,1.292920261621475220e-01,-2.365584485232830048e-03
-1.154903888702392578e+00,-1.831434667110443115e-01,8.247771859169006348e-01,4.462138749659061432e-03,5.512891802936792374e-03,-4.383570849895477295e-01,8.987728953361511230e-01,-4.411857128143310547e-01,7.180008292198181152e-02,-5.904496088624000549e-02,5.353704690933227539e-01,6.298453360795974731e-02,-8.775003254413604736e-02,-1.640990823507308960e-01,-5.381731316447257996e-02,-1.318937167525291443e-02,2.540745735168457031e-01,-1.137297824025154114e-01,3.369785472750663757e-02,-2.116862684488296509e-02,2.287716120481491089e-01,1.757659018039703369e-01,-2.155383378267288208e-01,-4.987401068210601807e-01,-7.452426850795745850e-02,8.327216841280460358e-03,-8.459114283323287964e-02,2.603869140148162842e-01,-1.103641167283058167e-01,1.319243907928466797e-01,6.338210660032927990e-04
-1.157659769058227539e+00,-1.838560700416564941e-01,8.253405690193176270e-01,4.606585018336772919e-03,6.886269897222518921e-03,-4.340967833995819092e-01,9.008281230926513672e-01,-4.737754166126251221e-01,7.374910265207290649e-02,-6.076186150312423706e-02,5.702781081199645996e-01,9.412049502134323120e-02,-9.803709387779235840e-02,-1.588375270366668701e-01,-5.174360051751136780e-02,-2.907924726605415344e-02,2.407497465610504150e-01,-1.071421504020690918e-01,3.367580845952033997e-02,-2.262550406157970428e-02,2.279104739427566528e-01,1.743581444025039673e-01,-2.124062329530715942e-01,-5.013535618782043457e-01,-7.240196317434310913e-02,8.279724977910518646e-03,-8.351879566907882690e-02,2.653104960918426514e-01,-1.133234873414039612e-01,1.353627443313598633e-01,4.009232390671968460e-03
-1.160228371620178223e+00,-1.846475303173065186e-01,8.259523510932922363e-01,4.968485794961452484e-03,8.599068969488143921e-03,-4.298339486122131348e-01,9.028533101081848145e-01,-5.051231384277343750e-01,7.790236175060272217e-02,-5.773811414837837219e-02,6.001051068305969238e-01,1.224207580089569092e-01,-1.113833412528038025e-01,-1.543491333723068237e-01,-4.940484464168548584e-02,-4.410838335752487183e-02,2.275886088609695435e-01,-1.016223803162574768e-01,3.177513182163238525e-02,-2.586213313043117523e-02,2.273019105195999146e-01,1.726976931095123291e-01,-2.093211114406585693e-01,-5.044915676116943359e-01,-7.029128074645996094e-02,7.985692471265792847e-03,-8.307943493127822876e-02,2.713941931724548340e-01,-1.169388517737388611e-01,1.399937123060226440e-01,7.926182821393013000e-03
-1.162773370742797852e+00,-1.855223327875137329e-01,8.265103697776794434e-01,4.849516320973634720e-03,1.032672449946403503e-02,-4.248888790607452393e-01,9.051735997200012207e-01,-5.348781943321228027e-01,8.411031216382980347e-02,-4.887801408767700195e-02,6.307173967361450195e-01,1.400335282087326050e-01,-1.346258819103240967e-01,-1.489708423614501953e-01,-4.585165157914161682e-02,-5.918521434068679810e-02,2.144495248794555664e-01,-9.712786972522735596e-02,2.805518545210361481e-02,-2.945804223418235779e-02,2.270853370428085327e-01,1.709694117307662964e-01,-2.065227478742599487e-01,-5.077201724052429199e-01,-6.861625611782073975e-02,7.411888334900140762e-03,-8.330255746841430664e-02,2.782375216484069824e-01,-1.209179311990737915e-01,1.453148722648620605e-01,1.219733525067567825e-02
-1.165120840072631836e+00,-1.864897012710571289e-01,8.269556760787963867e-01,5.073314532637596130e-03,1.181304734200239182e-02,-4.203554987907409668e-01,9.072684049606323242e-01,-5.652461647987365723e-01,9.128373116254806519e-02,-3.673662990331649780e-02,6.656827926635742188e-01,1.446757465600967407e-01,-1.507006883621215820e-01,-1.446365565061569214e-01,-4.308462142944335938e-02,-7.190907001495361328e-02,2.027971148490905762e-01,-9.200285375118255615e-02,2.643960341811180115e-02,-3.333223983645439148e-02,2.274971008300781250e-01,1.689749360084533691e-01,-2.040040940046310425e-01,-5.108532309532165527e-01,-6.732366234064102173e-02,6.664620246738195419e-03,-8.437026292085647583e-02,2.858806550502777100e-01,-1.251519620418548584e-01,1.514810174703598022e-01,1.692358404397964478e-02
-1.167473435401916504e+00,-1.874615848064422607e-01,8.274486064910888672e-01,5.366170313209295273e-03,1.320327259600162506e-02,-4.163723289966583252e-01,9.090824723243713379e-01,-5.938311219215393066e-01,9.952241182327270508e-02,-2.283171005547046661e-02,6.998454928398132324e-01,1.384543031454086304e-01,-1.593430936336517334e-01,-1.406344473361968994e-01,-3.996385261416435242e-02,-8.344455063343048096e-02,1.917744874954223633e-01,-8.770724385976791382e-02,2.313303016126155853e-02,-3.548965975642204285e-02,2.285728454589843750e-01,1.669934242963790894e-01,-2.018458098173141479e-01,-5.136784315109252930e-01,-6.681330502033233643e-02,5.790665280073881149e-03,-8.626107126474380493e-02,2.941434681415557861e-01,-1.294119805097579956e-01,1.583325862884521484e-01,2.207199111580848694e-02
-1.169631719589233398e+00,-1.884066015481948853e-01,8.279508948326110840e-01,5.771312396973371506e-03,1.409351360052824020e-02,-4.129565358161926270e-01,9.106233716011047363e-01,-6.206185817718505859e-01,1.080761849880218506e-01,-9.211062453687191010e-03,7.348517775535583496e-01,1.251533627510070801e-01,-1.593205183744430542e-01,-1.361563056707382202e-01,-3.739177808165550232e-02,-9.302578121423721313e-02,1.810480654239654541e-01,-8.353646844625473022e-02,1.989233307540416718e-02,-3.612771630287170410e-02,2.304361313581466675e-01,1.648888438940048218e-01,-1.999844759702682495e-01,-5.158081054687500000e-01,-6.691997498273849487e-02,4.677823279052972794e-03,-8.894034475088119507e-02,3.023130595684051514e-01,-1.334942132234573364e-01,1.649506837129592896e-01,2.748509868979454041e-02
-1.171648502349853516e+00,-1.894636750221252441e-01,8.285264372825622559e-01,6.457178387790918350e-03,1.487327646464109421e-02,-4.096129834651947021e-01,9.121152758598327637e-01,-6.464557051658630371e-01,1.168419420719146729e-01,4.058837424963712692e-03,7.700061798095703125e-01,1.123175173997879028e-01,-1.508973389863967896e-01,-1.314594298601150513e-01,-3.544849529862403870e-02,-1.021724119782447815e-01,1.700245290994644165e-01,-7.913562655448913574e-02,1.739439927041530609e-02,-3.608506917953491211e-02,2.328744530677795410e-01,1.627941727638244629e-01,-1.985106319189071655e-01,-5.171939134597778320e-01,-6.779781728982925415e-02,3.194954246282577515e-03,-9.221364557743072510e-02,3.097087740898132324e-01,-1.372636854648590088e-01,1.702848523855209351e-01,3.286695480346679688e-02
-1.173628449440002441e+00,-1.904748231172561646e-01,8.291277289390563965e-01,7.433925289660692215e-03,1.535124704241752625e-02,-4.058077931404113770e-01,9.137992858886718750e-01,-6.709529757499694824e-01,1.254537105560302734e-01,1.802986674010753632e-02,8.050103783607482910e-01,9.946073591709136963e-02,-1.351691186428070068e-01,-1.263051778078079224e-01,-3.439314290881156921e-02,-1.112439930438995361e-01,1.589538007974624634e-01,-7.448365539312362671e-02,1.557309459894895554e-02,-3.584339842200279236e-02,2.357945591211318970e-01,1.605511009693145752e-01,-1.973202228546142578e-01,-5.176516771316528320e-01,-6.905988603830337524e-02,1.331951352767646313e-03,-9.611734002828598022e-02,3.161974847316741943e-01,-1.404433548450469971e-01,1.743203997611999512e-01,3.789680078625679016e-02
-1.175441622734069824e+00,-1.914918571710586548e-01,8.297249078750610352e-01,8.608935400843620300e-03,1.580948382616043091e-02,-4.018670916557312012e-01,9.155210256576538086e-01,-6.939307451248168945e-01,1.348940134048461914e-01,3.384803608059883118e-02,8.394334912300109863e-01,8.507850021123886108e-02,-1.182132139801979065e-01,-1.221299394965171814e-01,-3.406563773751258850e-02,-1.206992194056510925e-01,1.494251042604446411e-01,-7.023391127586364746e-02,1.437598094344139099e-02,-3.656961396336555481e-02,2.390814274549484253e-01,1.582228541374206543e-01,-1.963737457990646362e-01,-5.172471404075622559e-01,-7.067217677831649780e-02,-1.217754208482801914e-03,-1.004060953855514526e-01,3.212077021598815918e-01,-1.434297412633895874e-01,1.763100922107696533e-01,4.241359978914260864e-02
-1.177145600318908691e+00,-1.923558264970779419e-01,8.302248120307922363e-01,9.663445875048637390e-03,1.569281145930290222e-02,-3.973977267742156982e-01,9.174613952636718750e-01,-7.139796018600463867e-01,1.452833414077758789e-01,5.191006883978843689e-02,8.733370304107666016e-01,6.819085776805877686e-02,-1.003634706139564514e-01,-1.173322722315788269e-01,-3.455010056495666504e-02,-1.312330365180969238e-01,1.417585462331771851e-01,-6.706117838621139526e-02,1.383000891655683517e-02,-3.750013932585716248e-02,2.426831126213073730e-01,1.557602882385253906e-01,-1.956049799919128418e-01,-5.158669352531433105e-01,-7.247199863195419312e-02,-4.195659421384334564e-03,-1.050505563616752625e-01,3.245534598827362061e-01,-1.457660496234893799e-01,1.760897785425186157e-01,4.631346091628074646e-02
-1.178821682929992676e+00,-1.932307481765747070e-01,8.307693600654602051e-01,1.099391561001539230e-02,1.543497294187545776e-02,-3.928804397583007812e-01,9.193943142890930176e-01,-7.318453788757324219e-01,1.563457101583480835e-01,7.137907296419143677e-02,9.061213135719299316e-01,4.985389858484268188e-02,-8.024948835372924805e-02,-1.130592003464698792e-01,-3.578801453113555908e-02,-1.421632170677185059e-01,1.349955797195434570e-01,-6.398709118366241455e-02,1.381281390786170959e-02,-3.845641016960144043e-02,2.463798373937606812e-01,1.530938446521759033e-01,-1.949110925197601318e-01,-5.138155817985534668e-01,-7.425338774919509888e-02,-7.666058838367462158e-03,-1.098988205194473267e-01,3.263117671012878418e-01,-1.477516442537307739e-01,1.738336980342864990e-01,4.966118186712265015e-02
-1.180320739746093750e+00,-1.940561085939407349e-01,8.312525153160095215e-01,1.247558183968067169e-02,1.538773253560066223e-02,-3.884570300579071045e-01,9.212538599967956543e-01,-7.485236525535583496e-01,1.683452874422073364e-01,9.134913235902786255e-02,9.383262991905212402e-01,3.124962560832500458e-02,-5.650159344077110291e-02,-1.099624484777450562e-01,-3.732377663254737854e-02,-1.525176167488098145e-01,1.294229924678802490e-01,-6.153530627489089966e-02,1.364344824105501175e-02,-3.931731358170509338e-02,2.501258254051208496e-01,1.502356976270675659e-01,-1.942781507968902588e-01,-5.111595392227172852e-01,-7.600131630897521973e-02,-1.165791228413581848e-02,-1.148842871189117432e-01,3.268063068389892578e-01,-1.496919691562652588e-01,1.699493527412414551e-01,5.244726315140724182e-02
-1.181830406188964844e+00,-1.948270201683044434e-01,8.317111730575561523e-01,1.384947542101144791e-02,1.515374612063169479e-02,-3.840520977973937988e-01,9.230831861495971680e-01,-7.631214857101440430e-01,1.807475090026855469e-01,1.109055280685424805e-01,9.695470929145812988e-01,1.368252281099557877e-02,-3.077060915529727936e-02,-1.069613620638847351e-01,-3.872180357575416565e-02,-1.618739962577819824e-01,1.245563253760337830e-01,-5.916841700673103333e-02,1.333314646035432816e-02,-3.984044119715690613e-02,2.537403106689453125e-01,1.471871137619018555e-01,-1.936182826757431030e-01,-5.081662535667419434e-01,-7.754882425069808960e-02,-1.598648540675640106e-02,-1.199183836579322815e-01,3.259868025779724121e-01,-1.515397578477859497e-01,1.643872708082199097e-01,5.472192913293838501e-02
-1.183161973953247070e+00,-1.954699307680130005e-01,8.320794701576232910e-01,1.506590191274881363e-02,1.517787855118513107e-02,-3.801301717758178711e-01,9.246857166290283203e-01,-7.767805457115173340e-01,1.935846656560897827e-01,1.288052499294281006e-01,9.999507069587707520e-01,-3.352778963744640350e-03,-3.469124902039766312e-03,-1.047872453927993774e-01,-3.970833122730255127e-02,-1.702382415533065796e-01,1.202867999672889709e-01,-5.726325511932373047e-02,1.224668603390455246e-02,-3.976753354072570801e-02,2.571032047271728516e-01,1.439731121063232422e-01,-1.928730309009552002e-01,-5.050390958786010742e-01,-7.887184619903564453e-02,-2.057462744414806366e-02,-1.249208524823188782e-01,3.242736160755157471e-01,-1.534221619367599487e-01,1.575116366147994995e-01,5.652561038732528687e-02
-1.184470057487487793e+00,-1.961331367492675781e-01,8.324475884437561035e-01,1.628083735704421997e-02,1.499569509178400040e-02,-3.763125538825988770e-01,9.262283444404602051e-01,-7.880363464355468750e-01,2.058435082435607910e-01,1.450192928314208984e-01,1.028315663337707520e+00,-1.816974021494388580e-02,2.505800686776638031e-02,-1.030647084116935730e-01,-4.104299843311309814e-02,-1.785347312688827515e-01,1.175606101751327515e-01,-5.582907795906066895e-02,1.106142252683639526e-02,-3.843964636325836182e-02,2.602092325687408447e-01,1.407460123300552368e-01,-1.921428740024566650e-01,-5.018285512924194336e-01,-8.008677512407302856e-02,-2.503504231572151184e-02,-1.298347562551498413e-01,3.220132887363433838e-01,-1.550202220678329468e-01,1.497795581817626953e-01,5.783027037978172302e-02
-1.185636401176452637e+00,-1.967263668775558472e-01,8.327444195747375488e-01,1.717347651720046997e-02,1.485950499773025513e-02,-3.727290928363800049e-01,9.276622533798217773e-01,-7.976996302604675293e-01,2.177076041698455811e-01,1.590166985988616943e-01,1.055114746093750000e+00,-3.310105204582214355e-02,5.400741472840309143e-02,-1.012087091803550720e-01,-4.182422161102294922e-02,-1.861698478460311890e-01,1.149511858820915222e-01,-5.486550182104110718e-02,9.830999188125133514e-03,-3.687584772706031799e-02,2.630381882190704346e-01,1.374923735857009888e-01,-1.914685666561126709e-01,-4.986345767974853516e-01,-8.123195916414260864e-02,-2.922071889042854309e-02,-1.347385048866271973e-01,3.194761574268341064e-01,-1.562256515026092529e-01,1.414841711521148682e-01,5.868707224726676941e-02
-1.186786890029907227e+00,-1.970668882131576538e-01,8.330081105232238770e-01,1.799185760319232941e-02,1.448271516710519791e-02,-3.691714406013488770e-01,9.290742874145507812e-01,-8.043975234031677246e-01,2.282199412584304810e-01,1.718582808971405029e-01,1.078500032424926758e+00,-4.711024463176727295e-02,7.810392230749130249e-02,-9.994763135910034180e-02,-4.303845390677452087e-02,-1.933755129575729370e-01,1.141320690512657166e-01,-5.498472601175308228e-02,9.033072739839553833e-03,-3.520686179399490356e-02,2.655736505985260010e-01,1.342954188585281372e-01,-1.908932924270629883e-01,-4.955461025238037109e-01,-8.238756656646728516e-02,-3.304470703005790710e-02,-1.396395862102508545e-01,3.170627355575561523e-01,-1.570612192153930664e-01,1.331367343664169312e-01,5.910540372133255005e-02
-1.187698364257812500e+00,-1.979927271604537964e-01,8.331907391548156738e-01,1.899202167987823486e-02,1.541440747678279877e-02,-3.655032217502593994e-01,9.304886460304260254e-01,-8.117350339889526367e-01,2.383387535810470581e-01,1.823539733886718750e-01,1.099380016326904297e+00,-5.914342775940895081e-02,1.006862670183181763e-01,-1.006740033626556396e-01,-4.316024109721183777e-02,-2.003568559885025024e-01,1.131742969155311584e-01,-5.584528297185897827e-02,7.878150790929794312e-03,-3.280502185225486755e-02,2.675361037254333496e-01,1.312621831893920898e-01,-1.904527992010116577e-01,-4.930837750434875488e-01,-8.353809267282485962e-02,-3.667873516678810120e-02,-1.445419341325759888e-01,3.151448071002960205e-01,-1.579244434833526611e-01,1.255353093147277832e-01,5.910098180174827576e-02
-1.188704609870910645e+00,-1.985591948032379150e-01,8.333342671394348145e-01,1.946527510881423950e-02,1.568188332021236420e-02,-3.619281053543090820e-01,9.318708181381225586e-01,-8.157101273536682129e-01,2.480453103780746460e-01,1.923493891954421997e-01,1.117343068122863770e+00,-7.045965641736984253e-02,1.185250431299209595e-01,-1.005443558096885681e-01,-4.316550120711326599e-02,-2.073892354965209961e-01,1.132315099239349365e-01,-5.692567303776741028e-02,6.851935293525457382e-03,-3.095199726521968842e-02,2.692314684391021729e-01,1.284951120615005493e-01,-1.901784986257553101e-01,-4.907816946506500244e-01,-8.484825491905212402e-02,-3.991087153553962708e-02,-1.494816243648529053e-01,3.138909041881561279e-01,-1.585325151681900024e-01,1.189910843968391418e-01,5.873218551278114319e-02
-1.189593076705932617e+00,-1.992058008909225464e-01,8.334708213806152344e-01,2.003857679665088654e-02,1.616812869906425476e-02,-3.582414090633392334e-01,9.332739114761352539e-01,-8.179183602333068848e-01,2.563006281852722168e-01,2.009978294372558594e-01,1.131805062294006348e+00,-7.932424545288085938e-02,1.347930282354354858e-01,-1.009869426488876343e-01,-4.323811456561088562e-02,-2.141466736793518066e-01,1.136654615402221680e-01,-5.830242857336997986e-02,5.877623800188302994e-03,-2.821308001875877380e-02,2.705765068531036377e-01,1.259777396917343140e-01,-1.900502145290374756e-01,-4.888292551040649414e-01,-8.621260523796081543e-02,-4.265258461236953735e-02,-1.543644666671752930e-01,3.133381307125091553e-01,-1.587997227907180786e-01,1.136921420693397522e-01,5.806652829051017761e-02
-1.190286755561828613e+00,-1.998380124568939209e-01,8.335567712783813477e-01,2.043116465210914612e-02,1.698978990316390991e-02,-3.543485105037689209e-01,9.347358345985412598e-01,-8.186255693435668945e-01,2.635781168937683105e-01,2.089297324419021606e-01,1.143000125885009766e+00,-8.718363940715789795e-02,1.483281701803207397e-01,-1.012311205267906189e-01,-4.282653331756591797e-02,-2.211635708808898926e-01,1.132457181811332703e-01,-5.951735377311706543e-02,5.109942983835935593e-03,-2.592254057526588440e-02,2.714746892452239990e-01,1.236778646707534790e-01,-1.900084912776947021e-01,-4.874266088008880615e-01,-8.755706995725631714e-02,-4.501343891024589539e-02,-1.591421812772750854e-01,3.133162856101989746e-01,-1.588299870491027832e-01,1.094934046268463135e-01,5.713154375553131104e-02
-1.191094636917114258e+00,-2.003958970308303833e-01,8.335942029953002930e-01,2.035271935164928436e-02,1.727296039462089539e-02,-3.502755761146545410e-01,9.362662434577941895e-01,-8.160920143127441406e-01,2.704389095306396484e-01,2.162794321775436401e-01,1.151017069816589355e+00,-9.445325285196304321e-02,1.600805968046188354e-01,-1.003251075744628906e-01,-4.188009724020957947e-02,-2.288081347942352295e-01,1.131643950939178467e-01,-6.077175959944725037e-02,3.622432472184300423e-03,-2.415361441671848297e-02,2.721098959445953369e-01,1.217044144868850708e-01,-1.901411414146423340e-01,-4.863613843917846680e-01,-8.898685127496719360e-02,-4.681307822465896606e-02,-1.636269241571426392e-01,3.136611878871917725e-01,-1.583699733018875122e-01,1.062336415052413940e-01,5.597919225692749023e-02
-1.191597938537597656e+00,-2.009277045726776123e-01,8.336314558982849121e-01,2.030381001532077789e-02,1.787543669342994690e-02,-3.460332751274108887e-01,9.378321766853332520e-01,-8.115778565406799316e-01,2.762696743011474609e-01,2.240876406431198120e-01,1.155415058135986328e+00,-1.036935225129127502e-01,1.691663116216659546e-01,-9.963502734899520874e-02,-4.107763245701789856e-02,-2.370041310787200928e-01,1.129471212625503540e-01,-6.224221363663673401e-02,2.339668106287717819e-03,-2.269821986556053162e-02,2.724969685077667236e-01,1.201200857758522034e-01,-1.904544383287429810e-01,-4.855872392654418945e-01,-9.058046340942382812e-02,-4.814523831009864807e-02,-1.676828861236572266e-01,3.143465816974639893e-01,-1.575604677200317383e-01,1.037187054753303528e-01,5.466511100530624390e-02
-1.192076683044433594e+00,-2.014767527580261230e-01,8.336318731307983398e-01,2.020168676972389221e-02,1.850404217839241028e-02,-3.411858081817626953e-01,9.395965933799743652e-01,-8.050051331520080566e-01,2.806228399276733398e-01,2.319426983594894409e-01,1.155816912651062012e+00,-1.116871088743209839e-01,1.738575249910354614e-01,-9.878870099782943726e-02,-4.011439159512519836e-02,-2.449174672365188599e-01,1.126881465315818787e-01,-6.382787972688674927e-02,1.005763071589171886e-03,-2.196362614631652832e-02,2.725567817687988281e-01,1.188753396272659302e-01,-1.908882409334182739e-01,-4.852817654609680176e-01,-9.219957143068313599e-02,-4.903545975685119629e-02,-1.712444275617599487e-01,3.151899874210357666e-01,-1.563502699136734009e-01,1.017245948314666748e-01,5.322244390845298767e-02
-1.192491650581359863e+00,-2.019694745540618896e-01,8.335781097412109375e-01,1.984594576060771942e-02,1.891701295971870422e-02,-3.359480798244476318e-01,9.414813518524169922e-01,-7.953764796257019043e-01,2.845460474491119385e-01,2.407146841287612915e-01,1.152659296989440918e+00,-1.209236755967140198e-01,1.803597658872604370e-01,-9.740778803825378418e-02,-3.905265405774116516e-02,-2.536948621273040771e-01,1.130354478955268860e-01,-6.587357819080352783e-02,-6.250841543078422546e-04,-2.163235098123550415e-02,2.723469734191894531e-01,1.177059188485145569e-01,-1.914241611957550049e-01,-4.853914380073547363e-01,-9.515801072120666504e-02,-4.984440654516220093e-02,-1.748360544443130493e-01,3.167318403720855713e-01,-1.537426114082336426e-01,9.857884794473648071e-02,5.109811574220657349e-02
-1.192790269851684570e+00,-2.024143338203430176e-01,8.335472345352172852e-01,1.927486620843410492e-02,1.881505548954010010e-02,-3.298638164997100830e-01,9.436441659927368164e-01,-7.817912101745605469e-01,2.869761884212493896e-01,2.505800724029541016e-01,1.144999027252197266e+00,-1.310100555419921875e-01,1.853728592395782471e-01,-9.387442469596862793e-02,-3.815745934844017029e-02,-2.650437355041503906e-01,1.126512736082077026e-01,-6.827688217163085938e-02,-3.026509191840887070e-03,-2.274544350802898407e-02,2.720104455947875977e-01,1.171079725027084351e-01,-1.923173367977142334e-01,-4.858953654766082764e-01,-9.817013889551162720e-02,-4.999124258756637573e-02,-1.778071373701095581e-01,3.179556131362915039e-01,-1.496277749538421631e-01,9.610011428594589233e-02,4.851878806948661804e-02
-1.193000316619873047e+00,-2.028726488351821899e-01,8.335158228874206543e-01,1.862776093184947968e-02,1.897385530173778534e-02,-3.238019645214080811e-01,9.457511901855468750e-01,-7.668606638908386230e-01,2.888919413089752197e-01,2.605992853641510010e-01,1.133952498435974121e+00,-1.390497982501983643e-01,1.902374476194381714e-01,-9.021854400634765625e-02,-3.666922077536582947e-02,-2.766161561012268066e-01,1.111019849777221680e-01,-7.044989615678787231e-02,-6.183417979627847672e-03,-2.347839623689651489e-02,2.715696692466735840e-01,1.169912666082382202e-01,-1.934192478656768799e-01,-4.866774380207061768e-01,-1.010522320866584778e-01,-4.987812787294387817e-02,-1.798890978097915649e-01,3.186947107315063477e-01,-1.455755978822708130e-01,9.327176213264465332e-02,4.569260030984878540e-02
-1.193115115165710449e+00,-2.032522112131118774e-01,8.334692120552062988e-01,1.796657592058181763e-02,1.906249672174453735e-02,-3.176605105400085449e-01,9.478425979614257812e-01,-7.493950724601745605e-01,2.894501388072967529e-01,2.707237601280212402e-01,1.119188785552978516e+00,-1.464062184095382690e-01,1.897573918104171753e-01,-8.640637993812561035e-02,-3.539758920669555664e-02,-2.881061434745788574e-01,1.098218262195587158e-01,-7.311671972274780273e-02,-8.872259408235549927e-03,-2.468337118625640869e-02,2.709188163280487061e-01,1.174050793051719666e-01,-1.947779953479766846e-01,-4.881156384944915771e-01,-1.046195775270462036e-01,-4.927337169647216797e-02,-1.812881678342819214e-01,3.191599249839782715e-01,-1.399109661579132080e-01,9.005526453256607056e-02,4.221934080123901367e-02
-1.193034648895263672e+00,-2.036320865154266357e-01,8.333374857902526855e-01,1.702722534537315369e-02,1.916543953120708466e-02,-3.112930953502655029e-01,9.499680995941162109e-01,-7.305626869201660156e-01,2.895002961158752441e-01,2.807655036449432373e-01,1.101616144180297852e+00,-1.524324864149093628e-01,1.890876591205596924e-01,-8.209551125764846802e-02,-3.366484865546226501e-02,-3.002112209796905518e-01,1.084653660655021667e-01,-7.633735239505767822e-02,-1.186979934573173523e-02,-2.506313659250736237e-02,2.701158821582794189e-01,1.181886121630668640e-01,-1.960879564285278320e-01,-4.899047017097473145e-01,-1.078037694096565247e-01,-4.853884875774383545e-02,-1.819036304950714111e-01,3.193412721157073975e-01,-1.343116760253906250e-01,8.642976731061935425e-02,3.848800808191299438e-02
-1.192815184593200684e+00,-2.040181607007980347e-01,8.331397771835327148e-01,1.593368314206600189e-02,1.960898190736770630e-02,-3.045691251754760742e-01,9.521550536155700684e-01,-7.105624675750732422e-01,2.891131937503814697e-01,2.913670837879180908e-01,1.081085443496704102e+00,-1.574091166257858276e-01,1.883495002985000610e-01,-7.784972339868545532e-02,-3.143266960978507996e-02,-3.130289614200592041e-01,1.067704409360885620e-01,-7.957508414983749390e-02,-1.471837237477302551e-02,-2.630582638084888458e-02,2.691071331501007080e-01,1.195372417569160461e-01,-1.973974257707595825e-01,-4.920640289783477783e-01,-1.109437122941017151e-01,-4.771762713789939880e-02,-1.817456036806106567e-01,3.192580342292785645e-01,-1.292479634284973145e-01,8.253529667854309082e-02,3.467169031500816345e-02
-1.192523717880249023e+00,-2.043033689260482788e-01,8.328883051872253418e-01,1.465999241918325424e-02,1.984149962663650513e-02,-2.976575195789337158e-01,9.543539285659790039e-01,-6.887438297271728516e-01,2.881141901016235352e-01,3.023198246955871582e-01,1.057353734970092773e+00,-1.589187383651733398e-01,1.875431090593338013e-01,-7.349033653736114502e-02,-2.929217368364334106e-02,-3.259533941745758057e-01,1.056900173425674438e-01,-8.232087641954421997e-02,-1.589811220765113831e-02,-2.780632115900516510e-02,2.679527401924133301e-01,1.212887614965438843e-01,-1.986233592033386230e-01,-4.942245185375213623e-01,-1.137877181172370911e-01,-4.672038182616233826e-02,-1.809604614973068237e-01,3.190003037452697754e-01,-1.246260255575180054e-01,7.867321372032165527e-02,3.099743090569972992e-02
-1.192144513130187988e+00,-2.044973075389862061e-01,8.325420618057250977e-01,1.325521618127822876e-02,1.987434364855289459e-02,-2.905688583850860596e-01,9.565558433532714844e-01,-6.650369763374328613e-01,2.866551578044891357e-01,3.142933249473571777e-01,1.031350612640380859e+00,-1.593077629804611206e-01,1.863230168819427490e-01,-6.888076663017272949e-02,-2.751720882952213287e-02,-3.398426473140716553e-01,1.054461225867271423e-01,-8.454298228025436401e-02,-1.543050725013017654e-02,-2.950093336403369904e-02,2.666564583778381348e-01,1.233601793646812439e-01,-1.996663063764572144e-01,-4.962556660175323486e-01,-1.161704957485198975e-01,-4.535491019487380981e-02,-1.796246916055679321e-01,3.187327086925506592e-01,-1.200019121170043945e-01,7.532183080911636353e-02,2.746767923235893250e-02
-1.191552639007568359e+00,-2.045069932937622070e-01,8.322149515151977539e-01,1.192424166947603226e-02,2.030801214277744293e-02,-2.834476828575134277e-01,9.586985111236572266e-01,-6.401739120483398438e-01,2.840124666690826416e-01,3.268764019012451172e-01,1.001635909080505371e+00,-1.567013561725616455e-01,1.844394207000732422e-01,-6.512785702943801880e-02,-2.590064518153667450e-02,-3.528645336627960205e-01,1.051349267363548279e-01,-8.671682327985763550e-02,-1.371705066412687302e-02,-3.135012835264205933e-02,2.651222050189971924e-01,1.258049607276916504e-01,-2.006588429212570190e-01,-4.986218512058258057e-01,-1.184415668249130249e-01,-4.377304390072822571e-02,-1.776206940412521362e-01,3.183489739894866943e-01,-1.158194094896316528e-01,7.202351093292236328e-02,2.410999871790409088e-02
-1.190859556198120117e+00,-2.045791149139404297e-01,8.318411707878112793e-01,1.046244706958532333e-02,2.042565122246742249e-02,-2.764225900173187256e-01,9.607621431350708008e-01,-6.125336289405822754e-01,2.812337279319763184e-01,3.411750197410583496e-01,9.684562087059020996e-01,-1.526587307453155518e-01,1.795435994863510132e-01,-6.089030206203460693e-02,-2.435568906366825104e-02,-3.666669130325317383e-01,1.057017296552658081e-01,-8.944331854581832886e-02,-1.191774103790521622e-02,-3.326383233070373535e-02,2.634981274604797363e-01,1.285232454538345337e-01,-2.014162689447402954e-01,-5.006918311119079590e-01,-1.201899200677871704e-01,-4.196884110569953918e-02,-1.751286536455154419e-01,3.178428709506988525e-01,-1.117977648973464966e-01,6.880731135606765747e-02,2.102614566683769226e-02
-1.190000057220458984e+00,-2.045793831348419189e-01,8.314155936241149902e-01,8.844127878546714783e-03,2.048096433281898499e-02,-2.694546878337860107e-01,9.627546072006225586e-01,-5.832213163375854492e-01,2.778337895870208740e-01,3.557634353637695312e-01,9.322680234909057617e-01,-1.448577940464019775e-01,1.708461344242095947e-01,-5.686605721712112427e-02,-2.278984151780605316e-02,-3.800943791866302490e-01,1.069921106100082397e-01,-9.221825748682022095e-02,-1.040462031960487366e-02,-3.454010561108589172e-02,2.618837654590606689e-01,1.315466910600662231e-01,-2.020114362239837646e-01,-5.027939081192016602e-01,-1.216672882437705994e-01,-4.020215570926666260e-02,-1.720316559076309204e-01,3.174830377101898193e-01,-1.074879840016365051e-01,6.527315825223922729e-02,1.781739667057991028e-02
-1.189022660255432129e+00,-2.044296413660049438e-01,8.309762477874755859e-01,7.235867436975240707e-03,2.046163938939571381e-02,-2.624775469303131104e-01,9.646940231323242188e-01,-5.517979860305786133e-01,2.733886241912841797e-01,3.716940879821777344e-01,8.921082019805908203e-01,-1.331971138715744019e-01,1.622714847326278687e-01,-5.251326039433479309e-02,-2.143885381519794464e-02,-3.934469819068908691e-01,1.081560552120208740e-01,-9.500434994697570801e-02,-8.322062902152538300e-03,-3.600466996431350708e-02,2.601236402988433838e-01,1.348279267549514771e-01,-2.024529129266738892e-01,-5.047001838684082031e-01,-1.227950528264045715e-01,-3.798685595393180847e-02,-1.685574799776077271e-01,3.170297741889953613e-01,-1.033692434430122375e-01,6.253328919410705566e-02,1.486309431493282318e-02
-1.187985897064208984e+00,-2.042474746704101562e-01,8.305239081382751465e-01,5.700103472918272018e-03,2.051804214715957642e-02,-2.554714977741241455e-01,9.665820598602294922e-01,-5.191211700439453125e-01,2.680140733718872070e-01,3.889890611171722412e-01,8.485541343688964844e-01,-1.186628118157386780e-01,1.502943634986877441e-01,-4.844535887241363525e-02,-2.020055428147315979e-02,-4.061999619007110596e-01,1.096134036779403687e-01,-9.811867773532867432e-02,-6.012804340571165085e-03,-3.773086145520210266e-02,2.582306265830993652e-01,1.382143944501876831e-01,-2.026620060205459595e-01,-5.066854953765869141e-01,-1.233215034008026123e-01,-3.542631492018699646e-02,-1.647623479366302490e-01,3.164798319339752197e-01,-9.901920706033706665e-02,6.027235090732574463e-02,1.209964230656623840e-02
-1.186422228813171387e+00,-2.036534994840621948e-01,8.300073146820068359e-01,3.956793807446956635e-03,2.028947882354259491e-02,-2.493986189365386963e-01,9.681802392005920410e-01,-4.825176000595092773e-01,2.619165778160095215e-01,4.089951515197753906e-01,8.000741600990295410e-01,-9.998733550310134888e-02,1.377070397138595581e-01,-4.478900879621505737e-02,-1.994918845593929291e-02,-4.177492260932922363e-01,1.131606325507164001e-01,-1.014053970575332642e-01,-3.400034271180629730e-03,-3.897085785865783691e-02,2.563483417034149170e-01,1.417423784732818604e-01,-2.026074379682540894e-01,-5.082700252532958984e-01,-1.237589493393898010e-01,-3.277845308184623718e-02,-1.605917215347290039e-01,3.158054053783416748e-01,-9.505388885736465454e-02,5.782386288046836853e-02,9.448071941733360291e-03
-1.184816718101501465e+00,-2.029930353164672852e-01,8.293271064758300781e-01,1.889539649710059166e-03,2.020365186035633087e-02,-2.437028139829635620e-01,9.696376323699951172e-01,-4.459056258201599121e-01,2.563140988349914551e-01,4.297021627426147461e-01,7.499365806579589844e-01,-7.415029406547546387e-02,1.226349323987960815e-01,-4.116228222846984863e-02,-1.884066313505172729e-02,-4.275028407573699951e-01,1.165591925382614136e-01,-1.048793494701385498e-01,-6.954666459932923317e-04,-3.986013308167457581e-02,2.545249164104461670e-01,1.453012228012084961e-01,-2.022144347429275513e-01,-5.093529820442199707e-01,-1.236104220151901245e-01,-3.005472756922245026e-02,-1.561171859502792358e-01,3.152562975883483887e-01,-9.143114089965820312e-02,5.630272254347801208e-02,7.135541643947362900e-03
-1.183191657066345215e+00,-2.022089511156082153e-01,8.285856842994689941e-01,-3.186189569532871246e-04,1.967405527830123901e-02,-2.384167909622192383e-01,9.709635972976684570e-01,-4.071435928344726562e-01,2.499347031116485596e-01,4.516052007675170898e-01,6.957055330276489258e-01,-3.862311691045761108e-02,1.032219752669334412e-01,-3.645588085055351257e-02,-1.798303797841072083e-02,-4.368267655372619629e-01,1.208170205354690552e-01,-1.089908108115196228e-01,2.755859866738319397e-03,-3.996770828962326050e-02,2.528603971004486084e-01,1.488974839448928833e-01,-2.015927284955978394e-01,-5.099759101867675781e-01,-1.228525191545486450e-01,-2.719163894653320312e-02,-1.512645781040191650e-01,3.148654103279113770e-01,-8.805372565984725952e-02,5.538982897996902466e-02,5.208510439842939377e-03
-1.181273818016052246e+00,-2.011836469173431396e-01,8.278059959411621094e-01,-2.247796393930912018e-03,1.928620040416717529e-02,-2.326257228851318359e-01,9.723724722862243652e-01,-3.647796809673309326e-01,2.403322011232376099e-01,4.752776026725769043e-01,6.347536444664001465e-01,-9.885746054351329803e-03,4.377367720007896423e-02,-3.507474064826965332e-02,-1.886589452624320984e-02,-4.456548392772674561e-01,1.286929249763488770e-01,-1.136533245444297791e-01,6.260135676711797714e-03,-4.161771014332771301e-02,2.512449920177459717e-01,1.528586894273757935e-01,-2.006365656852722168e-01,-5.107414722442626953e-01,-1.219435110688209534e-01,-2.420864813029766083e-02,-1.457779556512832642e-01,3.146305084228515625e-01,-8.462475240230560303e-02,5.506223440170288086e-02,3.719080705195665359e-03
-1.179342746734619141e+00,-1.999659538269042969e-01,8.270338773727416992e-01,-3.747839014977216721e-03,1.894590258598327637e-02,-2.279854118824005127e-01,9.734730124473571777e-01,-3.235305249691009521e-01,2.261653840541839600e-01,4.919779002666473389e-01,5.756922364234924316e-01,-3.429275006055831909e-02,-9.254235774278640747e-03,-3.499022871255874634e-02,-2.153342589735984802e-02,-4.531180560588836670e-01,1.390283107757568359e-01,-1.182227209210395813e-01,9.768388234078884125e-03,-4.132522642612457275e-02,2.498868703842163086e-01,1.565171480178833008e-01,-1.995489746332168579e-01,-5.114812254905700684e-01,-1.207591295242309570e-01,-2.129158936440944672e-02,-1.404063254594802856e-01,3.146484792232513428e-01,-8.181391656398773193e-02,5.538780987262725830e-02,2.739037154242396355e-03
-1.177395224571228027e+00,-1.985118985176086426e-01,8.260703682899475098e-01,-4.645966924726963043e-03,1.779776997864246368e-02,-2.234020829200744629e-01,9.745528101921081543e-01,-2.881415784358978271e-01,2.088050991296768188e-01,4.973562359809875488e-01,5.274305343627929688e-01,-7.648337632417678833e-02,-2.312249690294265747e-02,-3.680507466197013855e-02,-2.648764289915561676e-02,-4.527630209922790527e-01,1.546810567378997803e-01,-1.256002187728881836e-01,1.324667129665613174e-02,-4.067412391304969788e-02,2.489439249038696289e-01,1.593423485755920410e-01,-1.986573338508605957e-01,-5.117521882057189941e-01,-1.195240840315818787e-01,-1.831575483083724976e-02,-1.357718110084533691e-01,3.147033452987670898e-01,-7.898734509944915771e-02,5.566728115081787109e-02,2.133043715730309486e-03
-1.175239443778991699e+00,-1.970149874687194824e-01,8.252518177032470703e-01,-4.675928037613630295e-03,1.765464060008525848e-02,-2.201368510723114014e-01,9.752979874610900879e-01,-2.604866623878479004e-01,1.912061125040054321e-01,4.945234954357147217e-01,4.845247268676757812e-01,-1.052227467298507690e-01,-2.576190978288650513e-02,-4.290834814310073853e-02,-3.376577422022819519e-02,-4.517781436443328857e-01,1.730323433876037598e-01,-1.330219060182571411e-01,1.636222004890441895e-02,-3.746352717280387878e-02,2.479501962661743164e-01,1.613609194755554199e-01,-1.979196667671203613e-01,-5.130458474159240723e-01,-1.184092909097671509e-01,-1.562293898314237595e-02,-1.318398267030715942e-01,3.149178326129913330e-01,-7.741444557905197144e-02,5.640222504734992981e-02,1.862818957306444645e-03
-1.173193812370300293e+00,-1.954983621835708618e-01,8.244838118553161621e-01,-4.872389137744903564e-03,1.844541169703006744e-02,-2.137751132249832153e-01,9.766966104507446289e-01,-2.391125261783599854e-01,1.744679212570190430e-01,4.920097589492797852e-01,4.441715776920318604e-01,-1.298342049121856689e-01,-2.639153413474559784e-02,-5.187278985977172852e-02,-4.009995982050895691e-02,-4.479217529296875000e-01,1.940086483955383301e-01,-1.399481892585754395e-01,1.881303638219833374e-02,-3.984671086072921753e-02,2.467364966869354248e-01,1.630999147891998291e-01,-1.973116099834442139e-01,-5.154146552085876465e-01,-1.173224300146102905e-01,-1.352221425622701645e-02,-1.284399330615997314e-01,3.147795498371124268e-01,-7.712898403406143188e-02,5.682718008756637573e-02,1.720658503472805023e-03
-1.171268701553344727e+00,-1.939734965562820435e-01,8.239910602569580078e-01,-4.665715154260396957e-03,1.944279298186302185e-02,-2.081606239080429077e-01,9.778902530670166016e-01,-2.224512249231338501e-01,1.597554236650466919e-01,4.906743466854095459e-01,4.106239378452301025e-01,-1.467778831720352173e-01,-3.329782560467720032e-02,-6.323312968015670776e-02,-4.800232872366905212e-02,-4.455256164073944092e-01,2.172315865755081177e-01,-1.438841372728347778e-01,2.240118756890296936e-02,-4.030582308769226074e-02,2.454215288162231445e-01,1.646382212638854980e-01,-1.969127655029296875e-01,-5.179561972618103027e-01,-1.167544573545455933e-01,-1.204598788172006607e-02,-1.256569623947143555e-01,3.143924176692962646e-01,-7.752755284309387207e-02,5.727157369256019592e-02,1.662115915678441525e-03
-1.169579029083251953e+00,-1.924882531166076660e-01,8.238575458526611328e-01,-3.356748959049582481e-03,1.982066035270690918e-02,-2.029904872179031372e-01,9.789743423461914062e-01,-2.097734957933425903e-01,1.444897204637527466e-01,4.849308133125305176e-01,3.817428350448608398e-01,-1.493203341960906982e-01,-3.225706517696380615e-02,-7.648900896310806274e-02,-5.971750989556312561e-02,-4.427411258220672607e-01,2.454109638929367065e-01,-1.467038542032241821e-01,2.602714113891124725e-02,-3.849646076560020447e-02,2.440387755632400513e-01,1.656656414270401001e-01,-1.969731599092483521e-01,-5.207535028457641602e-01,-1.166286692023277283e-01,-1.091925613582134247e-02,-1.235637590289115906e-01,3.135949373245239258e-01,-7.783655822277069092e-02,5.739825591444969177e-02,1.581891556270420551e-03
-1.168088436126708984e+00,-1.911348700523376465e-01,8.238810300827026367e-01,-1.366079901345074177e-03,1.973353885114192963e-02,-1.969889402389526367e-01,9.802061319351196289e-01,-1.996359378099441528e-01,1.273918896913528442e-01,4.795110225677490234e-01,3.559043407440185547e-01,-1.478466838598251343e-01,-1.878354139626026154e-02,-9.104199707508087158e-02,-7.372179627418518066e-02,-4.416029751300811768e-01,2.768633961677551270e-01,-1.485945284366607666e-01,2.674016915261745453e-02,-3.789507597684860229e-02,2.426324933767318726e-01,1.658483147621154785e-01,-1.975574642419815063e-01,-5.235718488693237305e-01,-1.166166216135025024e-01,-9.945958852767944336e-03,-1.224372163414955139e-01,3.123909533023834229e-01,-7.749916613101959229e-02,5.733216553926467896e-02,1.280352007597684860e-03
-1.166838407516479492e+00,-1.898171007633209229e-01,8.242717385292053223e-01,7.343389443121850491e-04,1.922313123941421509e-02,-1.909591853618621826e-01,9.814094305038452148e-01,-1.916115432977676392e-01,1.112642735242843628e-01,4.733783304691314697e-01,3.355605900287628174e-01,-1.451833695173263550e-01,7.977662025950849056e-04,-1.095779314637184143e-01,-9.019623696804046631e-02,-4.419481754302978516e-01,3.178118467330932617e-01,-1.524835526943206787e-01,1.726756989955902100e-02,-3.743993118405342102e-02,2.414211183786392212e-01,1.654977947473526001e-01,-1.984980851411819458e-01,-5.251691341400146484e-01,-1.168799474835395813e-01,-9.196213446557521820e-03,-1.220420598983764648e-01,3.110281229019165039e-01,-7.702951133251190186e-02,5.687363818287849426e-02,9.475586120970547199e-04
-1.165847063064575195e+00,-1.886864751577377319e-01,8.247188925743103027e-01,2.962378319352865219e-03,1.843976229429244995e-02,-1.846738159656524658e-01,9.826223850250244141e-01,-1.832167357206344604e-01,9.645646810531616211e-02,4.626370370388031006e-01,3.150154054164886475e-01,-1.361112445592880249e-01,2.865084679797291756e-03,-1.297483593225479126e-01,-1.083160638809204102e-01,-4.411700367927551270e-01,3.615448474884033203e-01,-1.486279219388961792e-01,1.677223667502403259e-02,-3.729060292243957520e-02,2.401137501001358032e-01,1.646623462438583374e-01,-1.999437063932418823e-01,-5.270771384239196777e-01,-1.172526627779006958e-01,-8.600506931543350220e-03,-1.221592053771018982e-01,3.088993132114410400e-01,-7.611647248268127441e-02,5.595242604613304138e-02,4.133776237722486258e-04
-1.165001749992370605e+00,-1.873592138290405273e-01,8.254890441894531250e-01,3.328447462990880013e-03,1.778008230030536652e-02,-1.790906190872192383e-01,9.836663007736206055e-01,-1.780463904142379761e-01,8.861165493726730347e-02,4.525288343429565430e-01,3.026097118854522705e-01,-1.286873668432235718e-01,-1.291408669203519821e-03,-1.480265259742736816e-01,-1.213885173201560974e-01,-4.393025040626525879e-01,4.004305303096771240e-01,-1.365974694490432739e-01,9.204117581248283386e-03,-3.638868778944015503e-02,2.392375916242599487e-01,1.639007031917572021e-01,-2.013345211744308472e-01,-5.281390547752380371e-01,-1.175067722797393799e-01,-8.478613570332527161e-03,-1.221095770597457886e-01,3.067014217376708984e-01,-7.584224641323089600e-02,5.506614595651626587e-02,-1.609360333532094955e-04
-1.164235949516296387e+00,-1.859562695026397705e-01,8.262172937393188477e-01,2.998206531628966331e-03,1.732839830219745636e-02,-1.725219339132308960e-01,9.848486781120300293e-01,-1.723871678113937378e-01,8.282013237476348877e-02,4.438588321208953857e-01,2.916886210441589355e-01,-1.218101754784584045e-01,-4.797133617103099823e-03,-1.719261258840560913e-01,-1.363622099161148071e-01,-4.383554160594940186e-01,4.494859278202056885e-01,-1.175613179802894592e-01,5.577505100518465042e-03,-3.731466084718704224e-02,2.384671121835708618e-01,1.634598821401596069e-01,-2.027391791343688965e-01,-5.289278626441955566e-01,-1.178635060787200928e-01,-8.872381411492824554e-03,-1.213119253516197205e-01,3.043761849403381348e-01,-7.642285525798797607e-02,5.396225675940513611e-02,-7.403333438560366631e-04
-1.163511157035827637e+00,-1.844523400068283081e-01,8.268988132476806641e-01,2.298924373462796211e-03,1.641395129263401031e-02,-1.658569574356079102e-01,9.860105514526367188e-01,-1.718846559524536133e-01,7.887263596057891846e-02,4.356775283813476562e-01,2.845673859119415283e-01,-1.141993626952171326e-01,-6.467935629189014435e-03,-1.973288059234619141e-01,-1.527120620012283325e-01,-4.370236396789550781e-01,5.012545585632324219e-01,-9.013019502162933350e-02,2.443773846607655287e-04,-3.910027071833610535e-02,2.379380613565444946e-01,1.630643159151077271e-01,-2.043102234601974487e-01,-5.294071435928344727e-01,-1.182961016893386841e-01,-9.724427014589309692e-03,-1.199301406741142273e-01,3.018738329410552979e-01,-7.766737043857574463e-02,5.260980129241943359e-02,-1.323277479968965054e-03
-1.162650942802429199e+00,-1.828126013278961182e-01,8.275392055511474609e-01,6.898741703480482101e-04,1.670286059379577637e-02,-1.581806689500808716e-01,9.872686862945556641e-01,-1.659973710775375366e-01,7.644341886043548584e-02,4.275987446308135986e-01,2.757052183151245117e-01,-1.121768206357955933e-01,-9.258856065571308136e-03,-2.273503690958023071e-01,-1.681983768939971924e-01,-4.357824921607971191e-01,5.538545846939086914e-01,-5.447904020547866821e-02,-1.201826520264148712e-02,-4.311928898096084595e-02,2.374682277441024780e-01,1.633138358592987061e-01,-2.059926539659500122e-01,-5.297601222991943359e-01,-1.189977973699569702e-01,-1.087791379541158676e-02,-1.175435036420822144e-01,2.992895841598510742e-01,-7.940696179866790771e-02,5.101681500673294067e-02,-1.907002180814743042e-03
-1.161727786064147949e+00,-1.811148673295974731e-01,8.283119201660156250e-01,-9.825604502111673355e-04,1.619146019220352173e-02,-1.508359611034393311e-01,9.884257316589355469e-01,-1.670842468738555908e-01,7.477847486734390259e-02,4.200664758682250977e-01,2.705297768115997314e-01,-1.071521043777465820e-01,-7.534189615398645401e-03,-2.568717896938323975e-01,-1.847333014011383057e-01,-4.326134920120239258e-01,6.064545512199401855e-01,-1.525217294692993164e-02,-2.908901125192642212e-02,-4.746199026703834534e-02,2.371430993080139160e-01,1.639773994684219360e-01,-2.078077197074890137e-01,-5.299611091613769531e-01,-1.198707520961761475e-01,-1.181032042950391769e-02,-1.145321354269981384e-01,2.965664267539978027e-01,-8.100299537181854248e-02,4.920848459005355835e-02,-2.488422906026244164e-03
-1.160807371139526367e+00,-1.793122738599777222e-01,8.290060758590698242e-01,-3.382914233952760696e-03,1.639810577034950256e-02,-1.429269015789031982e-01,9.895915985107421875e-01,-1.669680327177047729e-01,7.456265389919281006e-02,4.114957451820373535e-01,2.656136453151702881e-01,-1.043909639120101929e-01,-8.224972523748874664e-03,-2.893409132957458496e-01,-1.999391466379165649e-01,-4.272153377532958984e-01,6.590545773506164551e-01,2.522619441151618958e-02,-5.250281840562820435e-02,-5.274175107479095459e-02,2.368298768997192383e-01,1.653937399387359619e-01,-2.096907645463943481e-01,-5.301374197006225586e-01,-1.209636405110359192e-01,-1.242953538894653320e-02,-1.107836738228797913e-01,2.938008606433868408e-01,-8.237300813198089600e-02,4.724207893013954163e-02,-3.060036571696400642e-03
-1.159939050674438477e+00,-1.776337623596191406e-01,8.294552564620971680e-01,-5.661102011799812317e-03,1.664825342595577240e-02,-1.351890116930007935e-01,9.906637668609619141e-01,-1.677130311727523804e-01,7.457898557186126709e-02,4.019912779331207275e-01,2.622491419315338135e-01,-1.028581634163856506e-01,-7.883364334702491760e-03,-3.239572048187255859e-01,-2.149707227945327759e-01,-4.186723530292510986e-01,7.116545438766479492e-01,6.240893155336380005e-02,-7.808593660593032837e-02,-5.866520851850509644e-02,2.365075498819351196e-01,1.674691140651702881e-01,-2.116272747516632080e-01,-5.303443670272827148e-01,-1.222346350550651550e-01,-1.263957470655441284e-02,-1.065649837255477905e-01,2.911021709442138672e-01,-8.338420093059539795e-02,4.526467993855476379e-02,-3.602082841098308563e-03
-1.159069061279296875e+00,-1.760558038949966431e-01,8.298196792602539062e-01,-7.726342882961034775e-03,1.700823009014129639e-02,-1.273676306009292603e-01,9.916796684265136719e-01,-1.693170368671417236e-01,7.435733079910278320e-02,3.920380473136901855e-01,2.599355578422546387e-01,-1.026061475276947021e-01,-6.249506026506423950e-03,-3.605901598930358887e-01,-2.297311425209045410e-01,-4.071034193038940430e-01,7.642545700073242188e-01,9.470209479331970215e-02,-1.047178655862808228e-01,-6.450013816356658936e-02,2.362208813428878784e-01,1.701073348522186279e-01,-2.136606276035308838e-01,-5.305742025375366211e-01,-1.236706301569938660e-01,-1.253203582018613815e-02,-1.021141931414604187e-01,2.886364758014678955e-01,-8.411321043968200684e-02,4.345755651593208313e-02,-4.097409546375274658e-03
-1.158325433731079102e+00,-1.747075766324996948e-01,8.300071954727172852e-01,-9.177621454000473022e-03,1.707922481000423431e-02,-1.196668520569801331e-01,9.926247596740722656e-01,-1.708069890737533569e-01,7.312820106744766235e-02,3.823064267635345459e-01,2.584591805934906006e-01,-1.028890237212181091e-01,-4.382855258882045746e-03,-3.981248140335083008e-01,-2.446188479661941528e-01,-3.929810225963592529e-01,8.168545961380004883e-01,1.189483702182769775e-01,-1.276560425758361816e-01,-6.958576291799545288e-02,2.358740270137786865e-01,1.731503605842590332e-01,-2.158088833093643188e-01,-5.309386849403381348e-01,-1.252443194389343262e-01,-1.189697161316871643e-02,-9.780833125114440918e-02,2.865094840526580811e-01,-8.426083624362945557e-02,4.195114970207214355e-02,-4.529766272753477097e-03
-1.157517910003662109e+00,-1.734224706888198853e-01,8.300257921218872070e-01,-9.869177825748920441e-03,1.742616668343544006e-02,-1.120342463254928589e-01,9.935024976730346680e-01,-1.704161614179611206e-01,7.007990777492523193e-02,3.720204830169677734e-01,2.561238706111907959e-01,-1.038067266345024109e-01,-3.044095821678638458e-03,-4.368223547935485840e-01,-2.600763440132141113e-01,-3.768228888511657715e-01,8.694545626640319824e-01,1.278274208307266235e-01,-1.423701941967010498e-01,-7.350110262632369995e-02,2.354049831628799438e-01,1.764412075281143188e-01,-2.180880010128021240e-01,-5.315046906471252441e-01,-1.269178986549377441e-01,-1.104594953358173370e-02,-9.386181086301803589e-02,2.848692834377288818e-01,-8.412471413612365723e-02,4.092640802264213562e-02,-4.940485581755638123e-03
-1.156796932220458984e+00,-1.723501235246658325e-01,8.299302458763122559e-01,-9.800221771001815796e-03,1.696402765810489655e-02,-1.049878150224685669e-01,9.942805171012878418e-01,-1.733022481203079224e-01,6.587071716785430908e-02,3.611457049846649170e-01,2.558601796627044678e-01,-1.029264852404594421e-01,1.683784939814358950e-04,-4.743613898754119873e-01,-2.757661938667297363e-01,-3.587754666805267334e-01,9.220545887947082520e-01,1.173898726701736450e-01,-1.480422168970108032e-01,-7.545470446348190308e-02,2.348738312721252441e-01,1.795499920845031738e-01,-2.204705774784088135e-01,-5.322559475898742676e-01,-1.285352557897567749e-01,-9.706489741802215576e-03,-9.081435203552246094e-02,2.838099002838134766e-01,-8.329866081476211548e-02,4.056635871529579163e-02,-5.343606695532798767e-03
-1.155988693237304688e+00,-1.715228557586669922e-01,8.297727108001708984e-01,-9.910934604704380035e-03,1.682712323963642120e-02,-9.753030538558959961e-02,9.950409531593322754e-01,-1.732634454965591431e-01,6.200406327843666077e-02,3.492608666419982910e-01,2.549172937870025635e-01,-1.039290353655815125e-01,2.133531263098120689e-03,-5.125634074211120605e-01,-2.901504933834075928e-01,-3.403204977512359619e-01,9.746545553207397461e-01,9.776535630226135254e-02,-1.556406468152999878e-01,-7.703763246536254883e-02,2.343815565109252930e-01,1.828059256076812744e-01,-2.227189093828201294e-01,-5.329128503799438477e-01,-1.300537139177322388e-01,-7.973955944180488586e-03,-8.833991736173629761e-02,2.832681536674499512e-01,-8.199326694011688232e-02,4.071344062685966492e-02,-5.776654928922653198e-03
-1.155159831047058105e+00,-1.708078980445861816e-01,8.295984864234924316e-01,-9.803182445466518402e-03,1.608017645776271820e-02,-9.014114737510681152e-02,9.957509040832519531e-01,-1.750476211309432983e-01,5.778856948018074036e-02,3.357254564762115479e-01,2.552879452705383301e-01,-1.033352762460708618e-01,4.672580398619174957e-03,-5.501981377601623535e-01,-3.039872348308563232e-01,-3.198946118354797363e-01,1.027254581451416016e+00,7.349722087383270264e-02,-1.698203384876251221e-01,-7.822149991989135742e-02,2.340096086263656616e-01,1.863865256309509277e-01,-2.247151881456375122e-01,-5.333369374275207520e-01,-1.314565986394882202e-01,-5.989528726786375046e-03,-8.593057096004486084e-02,2.831712961196899414e-01,-8.050163835287094116e-02,4.123916849493980408e-02,-6.249322555959224701e-03
-1.154209494590759277e+00,-1.702644675970077515e-01,8.289297223091125488e-01,-6.817812565714120865e-03,1.623391360044479370e-02,-8.202207088470458984e-02,9.964749813079833984e-01,-1.766248047351837158e-01,4.685847088694572449e-02,3.206804990768432617e-01,2.542971968650817871e-01,-1.029807627201080322e-01,6.847980432212352753e-03,-5.929388403892517090e-01,-3.224395215511322021e-01,-2.953197956085205078e-01,1.079854607582092285e+00,4.806520044803619385e-02,-1.839666664600372314e-01,-8.109823614358901978e-02,2.332822531461715698e-01,1.876759827136993408e-01,-2.269192934036254883e-01,-5.344372987747192383e-01,-1.321545988321304321e-01,-4.464048892259597778e-03,-8.636841177940368652e-02,2.832494080066680908e-01,-7.885081321001052856e-02,4.240609332919120789e-02,-6.857267580926418304e-03
-1.153194665908813477e+00,-1.700625866651535034e-01,8.277758359909057617e-01,-1.393965678289532661e-03,1.634748838841915131e-02,-7.297418266534805298e-02,9.971988797187805176e-01,-1.793770790100097656e-01,3.052514046430587769e-02,3.043004572391510010e-01,2.525467574596405029e-01,-1.010026633739471436e-01,1.002325303852558136e-02,-6.383965611457824707e-01,-3.443210422992706299e-01,-2.656530439853668213e-01,1.132454514503479004e+00,2.147685363888740540e-02,-1.884531676769256592e-01,-8.685766160488128662e-02,2.321697473526000977e-01,1.853836774826049805e-01,-2.295420765876770020e-01,-5.363117456436157227e-01,-1.318222582340240479e-01,-3.897195914760231972e-03,-9.085874259471893311e-02,2.833742201328277588e-01,-7.740958780050277710e-02,4.438116401433944702e-02,-7.651353254914283752e-03
-1.152044177055358887e+00,-1.697784066200256348e-01,8.278460502624511719e-01,-4.803177725989371538e-04,1.685781776905059814e-02,-6.570959836244583130e-02,9.976962804794311523e-01,-1.807024627923965454e-01,2.449412085115909576e-02,2.904205322265625000e-01,2.497006356716156006e-01,-9.885522723197937012e-02,1.197605393826961517e-02,-6.684813499450683594e-01,-3.509118556976318359e-01,-2.447462826967239380e-01,1.161981582641601562e+00,5.249055568128824234e-03,-1.891429126262664795e-01,-8.958151191473007202e-02,2.311128228902816772e-01,1.848315596580505371e-01,-2.312406003475189209e-01,-5.371432900428771973e-01,-1.312720179557800293e-01,-3.499161219224333763e-03,-9.345798939466476440e-02,2.835994660854339600e-01,-7.687996327877044678e-02,4.640984907746315002e-02,-8.603612892329692841e-03
-1.150580286979675293e+00,-1.695906519889831543e-01,8.282587528228759766e-01,-9.607797255739569664e-04,1.757928729057312012e-02,-5.909692496061325073e-02,9.980970025062561035e-01,-1.820836216211318970e-01,2.206875197589397430e-02,2.780971527099609375e-01,2.468959391117095947e-01,-9.683639556169509888e-02,1.330085750669240952e-02,-6.926099061965942383e-01,-3.518300056457519531e-01,-2.265519201755523682e-01,1.183199882507324219e+00,-6.379742175340652466e-03,-1.896782666444778442e-01,-9.116259962320327759e-02,2.301164120435714722e-01,1.860533058643341064e-01,-2.316893488168716431e-01,-5.368899703025817871e-01,-1.303713768720626831e-01,-3.167712129652500153e-03,-9.370237588882446289e-02,2.837718129158020020e-01,-7.723659276962280273e-02,4.808975756168365479e-02,-9.566805325448513031e-03
-1.149238705635070801e+00,-1.696697324514389038e-01,8.287471532821655273e-01,-1.676699495874345303e-03,1.838090829551219940e-02,-5.289235338568687439e-02,9.984296560287475586e-01,-1.790160238742828369e-01,2.041402459144592285e-02,2.674289643764495850e-01,2.410231381654739380e-01,-9.583763778209686279e-02,1.343095954507589340e-02,-7.143773436546325684e-01,-3.503941595554351807e-01,-2.101853340864181519e-01,1.200354933738708496e+00,-1.493569556623697281e-02,-1.901347339153289795e-01,-9.252533316612243652e-02,2.290419042110443115e-01,1.882144510746002197e-01,-2.311016470193862915e-01,-5.360167622566223145e-01,-1.289725154638290405e-01,-3.071435494348406792e-03,-9.239939600229263306e-02,2.838088572025299072e-01,-7.836309820413589478e-02,4.942873865365982056e-02,-1.049678772687911987e-02
-1.147850632667541504e+00,-1.698477417230606079e-01,8.292399048805236816e-01,-2.558541717007756233e-03,1.893607713282108307e-02,-4.640664160251617432e-02,9.987398386001586914e-01,-1.762160807847976685e-01,1.929075457155704498e-02,2.570599913597106934e-01,2.344550639390945435e-01,-9.353050589561462402e-02,1.324247941374778748e-02,-7.332681417465209961e-01,-3.466402292251586914e-01,-1.929334551095962524e-01,1.213822364807128906e+00,-2.229849062860012054e-02,-1.903950572013854980e-01,-9.344398975372314453e-02,2.279073148965835571e-01,1.907314509153366089e-01,-2.298008352518081665e-01,-5.348062515258789062e-01,-1.271158307790756226e-01,-2.833910984918475151e-03,-9.038242697715759277e-02,2.835775017738342285e-01,-7.948718219995498657e-02,5.038342252373695374e-02,-1.137904264032840729e-02
-1.146476626396179199e+00,-1.700545996427536011e-01,8.298286795616149902e-01,-3.172383876517415047e-03,1.984747685492038727e-02,-4.048313573002815247e-02,9.989780187606811523e-01,-1.742416918277740479e-01,1.758096925914287567e-02,2.472150027751922607e-01,2.255970984697341919e-01,-8.843459933996200562e-02,1.359313633292913437e-02,-7.522025108337402344e-01,-3.413034379482269287e-01,-1.754041314125061035e-01,1.225196838378906250e+00,-2.827426791191101074e-02,-1.905523985624313354e-01,-9.322696179151535034e-02,2.265921086072921753e-01,1.939517706632614136e-01,-2.273787260055541992e-01,-5.329020023345947266e-01,-1.241109892725944519e-01,-2.725364873185753822e-03,-8.720568567514419556e-02,2.830226123332977295e-01,-8.124145865440368652e-02,5.100839957594871521e-02,-1.237046811729669571e-02
-1.145076751708984375e+00,-1.705936342477798462e-01,8.302690386772155762e-01,-3.451851662248373032e-03,2.015350013971328735e-02,-3.531976044178009033e-02,9.991668462753295898e-01,-1.727060824632644653e-01,1.645842008292675018e-02,2.400984615087509155e-01,2.196131944656372070e-01,-8.392515033483505249e-02,1.381335314363241196e-02,-7.674712538719177246e-01,-3.355968296527862549e-01,-1.594815701246261597e-01,1.232509016990661621e+00,-3.367682173848152161e-02,-1.905008554458618164e-01,-9.134463965892791748e-02,2.251191288232803345e-01,1.972423344850540161e-01,-2.246075868606567383e-01,-5.308116674423217773e-01,-1.204606518149375916e-01,-2.554855076596140862e-03,-8.368501067161560059e-02,2.820726931095123291e-01,-8.304543048143386841e-02,5.131440237164497375e-02,-1.337064057588577271e-02
-1.143608331680297852e+00,-1.711986958980560303e-01,8.306529521942138672e-01,-3.981006331741809845e-03,2.008501999080181122e-02,-3.035441040992736816e-02,9.993294477462768555e-01,-1.707212477922439575e-01,1.635615527629852295e-02,2.336400002241134644e-01,2.153761088848114014e-01,-8.101648837327957153e-02,1.349448319524526596e-02,-7.789689302444458008e-01,-3.283538818359375000e-01,-1.447302997112274170e-01,1.236509203910827637e+00,-3.835961595177650452e-02,-1.903047859668731689e-01,-8.840946108102798462e-02,2.237055152654647827e-01,2.005239874124526978e-01,-2.221084386110305786e-01,-5.286464691162109375e-01,-1.167336553335189819e-01,-1.896735280752182007e-03,-8.029416948556900024e-02,2.808028161525726318e-01,-8.409024775028228760e-02,5.143190547823905945e-02,-1.433804351836442947e-02
-1.142169117927551270e+00,-1.718285977840423584e-01,8.309347629547119141e-01,-4.679559264332056046e-03,2.015932649374008179e-02,-2.551240473985671997e-02,9.994602799415588379e-01,-1.650123000144958496e-01,1.691684499382972717e-02,2.283925563097000122e-01,2.096799761056900024e-01,-8.025677502155303955e-02,1.171182561665773392e-02,-7.888983488082885742e-01,-3.187430500984191895e-01,-1.298291385173797607e-01,1.237659692764282227e+00,-4.256486147642135620e-02,-1.899389475584030151e-01,-8.593552559614181519e-02,2.215047329664230347e-01,2.048405259847640991e-01,-2.202621549367904663e-01,-5.250668525695800781e-01,-1.101743951439857483e-01,-7.203435525298118591e-04,-7.626011967658996582e-02,2.784869670867919922e-01,-8.505278825759887695e-02,5.188415199518203735e-02,-1.578077301383018494e-02
-1.140713453292846680e+00,-1.725127995014190674e-01,8.311942815780639648e-01,-5.359163973480463028e-03,1.976688206195831299e-02,-2.146668359637260437e-02,9.995597600936889648e-01,-1.604897230863571167e-01,1.791403256356716156e-02,2.243035286664962769e-01,2.053997367620468140e-01,-7.911935448646545410e-02,1.029321458190679550e-02,-7.958014011383056641e-01,-3.081498146057128906e-01,-1.162061318755149841e-01,1.235375523567199707e+00,-4.882407188415527344e-02,-1.894840747117996216e-01,-8.057314157485961914e-02,2.200526893138885498e-01,2.086047232151031494e-01,-2.197444438934326172e-01,-5.223824977874755859e-01,-1.066389456391334534e-01,7.256305543705821037e-04,-7.312790304422378540e-02,2.764788568019866943e-01,-8.452167361974716187e-02,5.280298739671707153e-02,-1.708590053021907806e-02
-1.139153599739074707e+00,-1.732649952173233032e-01,8.313287496566772461e-01,-5.359367933124303818e-03,1.900725439190864563e-02,-1.645822823047637939e-02,9.996694922447204590e-01,-1.587502956390380859e-01,1.727329008281230927e-02,2.178461104631423950e-01,2.029721736907958984e-01,-7.644139975309371948e-02,9.373635984957218170e-03,-7.997232079505920410e-01,-2.975659966468811035e-01,-1.002641767263412476e-01,1.230160236358642578e+00,-5.503830686211585999e-02,-1.818814426660537720e-01,-7.597604393959045410e-02,2.192738056182861328e-01,2.120961397886276245e-01,-2.204020023345947266e-01,-5.201216936111450195e-01,-1.051089987158775330e-01,2.507348079234361649e-03,-7.065796852111816406e-02,2.746046781539916992e-01,-8.273632079362869263e-02,5.394745990633964539e-02,-1.850335858762264252e-02
-1.137628078460693359e+00,-1.741092950105667114e-01,8.313193321228027344e-01,-4.947313573211431503e-03,1.797842420637607574e-02,-1.090767793357372284e-02,9.997666478157043457e-01,-1.557460725307464600e-01,1.610063761472702026e-02,2.110873311758041382e-01,2.015789002180099487e-01,-7.520302385091781616e-02,8.223796263337135315e-03,-8.014539480209350586e-01,-2.870691418647766113e-01,-8.405105769634246826e-02,1.222629070281982422e+00,-6.004836410284042358e-02,-1.705862879753112793e-01,-7.297203689813613892e-02,2.191357910633087158e-01,2.153242528438568115e-01,-2.220101356506347656e-01,-5.177535414695739746e-01,-1.048654913902282715e-01,4.448961466550827026e-03,-6.885185837745666504e-02,2.729245424270629883e-01,-8.033899217844009399e-02,5.571252107620239258e-02,-2.004799433052539825e-02
-1.135862112045288086e+00,-1.750930994749069214e-01,8.312939405441284180e-01,-4.489513579756021500e-03,1.769272238016128540e-02,-4.903376102447509766e-03,9.998213648796081543e-01,-1.535146683454513550e-01,1.465654745697975159e-02,2.029532343149185181e-01,1.991350054740905762e-01,-7.394957542419433594e-02,6.625221110880374908e-03,-8.015720844268798828e-01,-2.763527333736419678e-01,-6.888771057128906250e-02,1.211820602416992188e+00,-6.540395319461822510e-02,-1.568308323621749878e-01,-6.980802118778228760e-02,2.191788554191589355e-01,2.183425575494766235e-01,-2.244464904069900513e-01,-5.159559249877929688e-01,-1.058468893170356750e-01,6.351277697831392288e-03,-6.755869835615158081e-02,2.710785865783691406e-01,-7.796464115381240845e-02,5.727282539010047913e-02,-2.182415127754211426e-02
-1.134083628654479980e+00,-1.760767549276351929e-01,8.313074707984924316e-01,-4.153586458414793015e-03,1.727090217173099518e-02,1.797077129594981670e-03,9.998406171798706055e-01,-1.506122797727584839e-01,1.328357867896556854e-02,1.934336721897125244e-01,1.961387693881988525e-01,-7.267359644174575806e-02,5.031554494053125381e-03,-7.985450029373168945e-01,-2.652511596679687500e-01,-5.469733476638793945e-02,1.197491884231567383e+00,-7.038736343383789062e-02,-1.443026065826416016e-01,-6.681557744741439819e-02,2.194304913282394409e-01,2.210285663604736328e-01,-2.274778932332992554e-01,-5.144259929656982422e-01,-1.072628349065780640e-01,8.568475954234600067e-03,-6.680684536695480347e-02,2.691214978694915771e-01,-7.477649301290512085e-02,5.887410789728164673e-02,-2.392255142331123352e-02
-1.132272362709045410e+00,-1.771287769079208374e-01,8.314021825790405273e-01,-3.997890744358301163e-03,1.734400726854801178e-02,8.430714718997478485e-03,9.998060464859008789e-01,-1.481639146804809570e-01,1.238051243126392365e-02,1.837300211191177368e-01,1.925822347402572632e-01,-7.134767621755599976e-02,3.388290060684084892e-03,-7.934507727622985840e-01,-2.531882524490356445e-01,-4.153743013739585876e-02,1.178525328636169434e+00,-7.284344732761383057e-02,-1.319136917591094971e-01,-6.556869298219680786e-02,2.196691781282424927e-01,2.235448062419891357e-01,-2.306764274835586548e-01,-5.128890275955200195e-01,-1.088252067565917969e-01,1.069211028516292572e-02,-6.634540110826492310e-02,2.670923173427581787e-01,-7.227036356925964355e-02,6.037315353751182556e-02,-2.620713040232658386e-02
-1.130611538887023926e+00,-1.782979071140289307e-01,8.315036892890930176e-01,-3.978664986789226532e-03,1.762174442410469055e-02,1.531768403947353363e-02,9.997194409370422363e-01,-1.471073925495147705e-01,1.202841568738222122e-02,1.737378686666488647e-01,1.896191686391830444e-01,-6.979382783174514771e-02,1.443204469978809357e-03,-7.860399484634399414e-01,-2.399637848138809204e-01,-2.855490893125534058e-02,1.155823230743408203e+00,-7.444845885038375854e-02,-1.161537393927574158e-01,-6.383463740348815918e-02,2.197204083204269409e-01,2.259214520454406738e-01,-2.339280545711517334e-01,-5.116121768951416016e-01,-1.104238033294677734e-01,1.239398214966058731e-02,-6.581415981054306030e-02,2.650622725486755371e-01,-7.137214392423629761e-02,6.184558197855949402e-02,-2.851894311606884003e-02
-1.128747463226318359e+00,-1.794127076864242554e-01,8.315914869308471680e-01,-3.949524369090795517e-03,1.787613146007061005e-02,2.219214104115962982e-02,9.995861053466796875e-01,-1.464103162288665771e-01,1.165512669831514359e-02,1.634649187326431274e-01,1.873627007007598877e-01,-6.832884997129440308e-02,-2.768601989373564720e-04,-7.759839296340942383e-01,-2.267481833696365356e-01,-1.591767929494380951e-02,1.129492759704589844e+00,-7.518135756254196167e-02,-1.020140796899795532e-01,-6.182968243956565857e-02,2.195365428924560547e-01,2.280892878770828247e-01,-2.369491606950759888e-01,-5.102301239967346191e-01,-1.113053113222122192e-01,1.389739569276571274e-02,-6.513044238090515137e-02,2.627795636653900146e-01,-7.152822613716125488e-02,6.280583888292312622e-02,-3.155778348445892334e-02
-1.126736044883728027e+00,-1.806029677391052246e-01,8.316172957420349121e-01,-3.733606543391942978e-03,1.813312247395515442e-02,2.908338792622089386e-02,9.994055032730102539e-01,-1.459915190935134888e-01,1.108163781464099884e-02,1.532011181116104126e-01,1.857317388057708740e-01,-6.760297715663909912e-02,-2.273962367326021194e-03,-7.632541656494140625e-01,-2.132292091846466064e-01,-2.494686516001820564e-03,1.099554777145385742e+00,-7.558543980121612549e-02,-8.412704616785049438e-02,-6.010560691356658936e-02,2.190834134817123413e-01,2.299007773399353027e-01,-2.396178096532821655e-01,-5.089200735092163086e-01,-1.110554635524749756e-01,1.540816016495227814e-02,-6.456483900547027588e-02,2.604640722274780273e-01,-7.163725793361663818e-02,6.387358903884887695e-02,-3.453046083450317383e-02
-1.124810695648193359e+00,-1.819656044244766235e-01,8.316404819488525391e-01,-3.682173788547515869e-03,1.844253391027450562e-02,3.581729903817176819e-02,9.991813898086547852e-01,-1.447086930274963379e-01,1.116455998271703720e-02,1.432528346776962280e-01,1.834892183542251587e-01,-6.676521897315979004e-02,-4.931743722409009933e-03,-7.485498785972595215e-01,-1.986349374055862427e-01,1.122961845248937607e-02,1.065809965133666992e+00,-7.520879060029983521e-02,-6.694883853197097778e-02,-5.906406417489051819e-02,2.184113562107086182e-01,2.312883734703063965e-01,-2.416791319847106934e-01,-5.074456334114074707e-01,-1.090089231729507446e-01,1.645142585039138794e-02,-6.387542188167572021e-02,2.580175399780273438e-01,-7.290894538164138794e-02,6.475007534027099609e-02,-3.727895021438598633e-02
-1.122941970825195312e+00,-1.833539009094238281e-01,8.316529989242553711e-01,-3.636809764429926872e-03,1.880545727908611298e-02,4.277729615569114685e-02,9.989010095596313477e-01,-1.424855738878250122e-01,1.130505371838808060e-02,1.330841481685638428e-01,1.806092113256454468e-01,-6.650233268737792969e-02,-7.616845890879631042e-03,-7.310771942138671875e-01,-1.834641695022583008e-01,2.577247284352779388e-02,1.027940869331359863e+00,-7.666372507810592651e-02,-4.862364754080772400e-02,-5.792779475450515747e-02,2.172073721885681152e-01,2.325155436992645264e-01,-2.437239140272140503e-01,-5.058774948120117188e-01,-1.048435717821121216e-01,1.788533851504325867e-02,-6.328997015953063965e-02,2.553414106369018555e-01,-7.343386858701705933e-02,6.666132062673568726e-02,-4.014189541339874268e-02
-1.120924711227416992e+00,-1.849589049816131592e-01,8.316442966461181641e-01,-3.761378349736332893e-03,1.922250166535377502e-02,5.011943355202674866e-02,9.985511302947998047e-01,-1.377247273921966553e-01,1.203702762722969055e-02,1.231722161173820496e-01,1.758776754140853882e-01,-6.674354523420333862e-02,-1.133725326508283615e-02,-7.110261321067810059e-01,-1.672496199607849121e-01,4.190045222640037537e-02,9.866365194320678711e-01,-7.677181810140609741e-02,-2.787571027874946594e-02,-5.791977792978286743e-02,2.158478498458862305e-01,2.334335744380950928e-01,-2.451178878545761108e-01,-5.042956471443176270e-01,-9.978733211755752563e-02,1.892208121716976166e-02,-6.246819347143173218e-02,2.529015839099884033e-01,-7.543173432350158691e-02,6.811331957578659058e-02,-4.269328713417053223e-02
-1.118928909301757812e+00,-1.864963769912719727e-01,8.316147327423095703e-01,-3.407560288906097412e-03,1.883764192461967468e-02,5.621208623051643372e-02,9.982352852821350098e-01,-1.425353735685348511e-01,1.242184080183506012e-02,1.126315295696258545e-01,1.788837015628814697e-01,-6.410023570060729980e-02,-1.328065246343612671e-02,-6.872878074645996094e-01,-1.509639769792556763e-01,6.079431995749473572e-02,9.408282041549682617e-01,-7.551708817481994629e-02,-2.901525469496846199e-03,-5.642617493867874146e-02,2.146447300910949707e-01,2.338089197874069214e-01,-2.461062967777252197e-01,-5.018781423568725586e-01,-9.409438818693161011e-02,1.980026811361312866e-02,-6.171585991978645325e-02,2.506906092166900635e-01,-7.770153135061264038e-02,6.923910975456237793e-02,-4.463390260934829712e-02
-1.116721987724304199e+00,-1.884079277515411377e-01,8.313446640968322754e-01,-3.270260756835341454e-03,1.903841458261013031e-02,6.324885785579681396e-02,9.978108406066894531e-01,-1.449109166860580444e-01,1.366406120359897614e-02,1.011394336819648743e-01,1.828893125057220459e-01,-6.537402421236038208e-02,-1.646309345960617065e-02,-6.622163057327270508e-01,-1.350184231996536255e-01,7.983580231666564941e-02,8.924813270568847656e-01,-7.360181212425231934e-02,2.289813570678234100e-02,-5.577687174081802368e-02,2.132400721311569214e-01,2.340150624513626099e-01,-2.468378990888595581e-01,-5.003529191017150879e-01,-8.903133124113082886e-02,2.060655318200588226e-02,-6.087379157543182373e-02,2.486884742975234985e-01,-7.994745671749114990e-02,7.005890458822250366e-02,-4.623064026236534119e-02
-1.114598155021667480e+00,-1.902263760566711426e-01,8.310098052024841309e-01,-2.988199004903435707e-03,1.889821141958236694e-02,7.023134827613830566e-02,9.973472356796264648e-01,-1.466699540615081787e-01,1.450838521122932434e-02,8.986518532037734985e-02,1.870387196540832520e-01,-6.692636013031005859e-02,-1.921208947896957397e-02,-6.342872977256774902e-01,-1.204433739185333252e-01,9.926839172840118408e-02,8.405590653419494629e-01,-6.955967098474502563e-02,5.243498831987380981e-02,-5.552925169467926025e-02,2.119719088077545166e-01,2.337375730276107788e-01,-2.475654780864715576e-01,-4.990621209144592285e-01,-8.425238728523254395e-02,2.128317207098007202e-02,-5.996688827872276306e-02,2.470582723617553711e-01,-8.231016248464584351e-02,7.188846170902252197e-02,-4.757901653647422791e-02
-1.112372040748596191e+00,-1.922947466373443604e-01,8.306390047073364258e-01,-2.526298630982637405e-03,1.890500262379646301e-02,7.756334543228149414e-02,9.968049526214599609e-01,-1.486902087926864624e-01,1.519171986728906631e-02,7.786838710308074951e-02,1.909084171056747437e-01,-6.792891770601272583e-02,-2.197110839188098907e-02,-6.051623225212097168e-01,-1.076297909021377563e-01,1.185795292258262634e-01,7.871346473693847656e-01,-6.424493342638015747e-02,7.809665799140930176e-02,-5.557559803128242493e-02,2.108410894870758057e-01,2.331440597772598267e-01,-2.483779937028884888e-01,-4.986587464809417725e-01,-8.012398332357406616e-02,2.192321047186851501e-02,-5.902817100286483765e-02,2.454318702220916748e-01,-8.429095149040222168e-02,7.306752353906631470e-02,-4.861913248896598816e-02
-1.110061287879943848e+00,-1.942806541919708252e-01,8.302302956581115723e-01,-2.031928859651088715e-03,1.861695572733879089e-02,8.521588146686553955e-02,9.961864948272705078e-01,-1.459517180919647217e-01,1.562256086617708206e-02,6.646544486284255981e-02,1.919338405132293701e-01,-7.008560746908187866e-02,-2.562694065272808075e-02,-5.735809803009033203e-01,-9.747632592916488647e-02,1.359671354293823242e-01,7.315883040428161621e-01,-6.004171445965766907e-02,9.990036487579345703e-02,-5.561358109116554260e-02,2.099646478891372681e-01,2.324308902025222778e-01,-2.493750452995300293e-01,-4.983694851398468018e-01,-7.718957215547561646e-02,2.265219762921333313e-02,-5.820691213011741638e-02,2.437603324651718140e-01,-8.493269234895706177e-02,7.354179024696350098e-02,-4.943164065480232239e-02
-1.107742190361022949e+00,-1.964206248521804810e-01,8.297780156135559082e-01,-1.049553393386304379e-03,1.739840395748615265e-02,9.240410476922988892e-02,9.955690503120422363e-01,-1.477054357528686523e-01,1.566466130316257477e-02,5.478825420141220093e-02,1.975671947002410889e-01,-7.067488133907318115e-02,-2.856089174747467041e-02,-5.397563576698303223e-01,-8.993060886859893799e-02,1.518377214670181274e-01,6.752583384513854980e-01,-5.378071218729019165e-02,1.195942461490631104e-01,-5.501639842987060547e-02,2.095935046672821045e-01,2.313749343156814575e-01,-2.506673932075500488e-01,-4.973775744438171387e-01,-7.532980293035507202e-02,2.351155690848827362e-02,-5.779424682259559631e-02,2.422759085893630981e-01,-8.409854024648666382e-02,7.514981180429458618e-02,-4.977667331695556641e-02
-1.105572581291198730e+00,-1.985535174608230591e-01,8.291953206062316895e-01,-2.633339900057762861e-04,1.617423444986343384e-02,9.991729259490966797e-02,9.948642253875732422e-01,-1.503794044256210327e-01,1.618363335728645325e-02,4.289921745657920837e-02,2.069982737302780151e-01,-7.414010912179946899e-02,-3.140554949641227722e-02,-5.058538913726806641e-01,-8.437153697013854980e-02,1.645846217870712280e-01,6.193628311157226562e-01,-4.692949354648590088e-02,1.313835084438323975e-01,-5.462879687547683716e-02,2.096266299486160278e-01,2.301008254289627075e-01,-2.523194849491119385e-01,-4.963876605033874512e-01,-7.463461905717849731e-02,2.431758493185043335e-02,-5.753396824002265930e-02,2.406995147466659546e-01,-8.317416161298751831e-02,7.636727392673492432e-02,-5.016962811350822449e-02
-1.103341460227966309e+00,-2.006764560937881470e-01,8.285438418388366699e-01,5.545187159441411495e-04,1.478106155991554260e-02,1.075083762407302856e-01,9.940941333770751953e-01,-1.539320647716522217e-01,1.661222428083419800e-02,3.020504489541053772e-02,2.179356068372726440e-01,-7.805952429771423340e-02,-3.473800420761108398e-02,-4.711681604385375977e-01,-8.068628609180450439e-02,1.741209030151367188e-01,5.632563233375549316e-01,-3.800791874527931213e-02,1.412335634231567383e-01,-5.394365638494491577e-02,2.099849134683609009e-01,2.286153137683868408e-01,-2.542558312416076660e-01,-4.953345656394958496e-01,-7.469784468412399292e-02,2.542266622185707092e-02,-5.763377994298934937e-02,2.394123375415802002e-01,-8.038252592086791992e-02,7.898480445146560669e-02,-5.026968568563461304e-02
-1.100969791412353516e+00,-2.028127461671829224e-01,8.278031349182128906e-01,1.702370005659759045e-03,1.323855668306350708e-02,1.153303012251853943e-01,9.932374954223632812e-01,-1.561879962682723999e-01,1.633085310459136963e-02,1.736296340823173523e-02,2.281506359577178955e-01,-8.211725205183029175e-02,-3.784060478210449219e-02,-4.368484318256378174e-01,-7.907032966613769531e-02,1.808657497167587280e-01,5.088692903518676758e-01,-2.633977495133876801e-02,1.425096243619918823e-01,-5.396335944533348083e-02,2.106613367795944214e-01,2.270584404468536377e-01,-2.564946115016937256e-01,-4.944300055503845215e-01,-7.525818049907684326e-02,2.647319622337818146e-02,-5.782071128487586975e-02,2.378296107053756714e-01,-7.807473838329315186e-02,7.980368286371231079e-02,-5.015784874558448792e-02
-1.098511219024658203e+00,-2.051481455564498901e-01,8.271136283874511719e-01,3.089239820837974548e-03,1.167456619441509247e-02,1.231920272111892700e-01,9.923093914985656738e-01,-1.569673568010330200e-01,1.564941555261611938e-02,4.204719793051481247e-03,2.362383157014846802e-01,-8.525945991277694702e-02,-4.115534201264381409e-02,-4.026750922203063965e-01,-7.851354032754898071e-02,1.846898943185806274e-01,4.558002650737762451e-01,-8.998360484838485718e-03,1.435071527957916260e-01,-5.390790477395057678e-02,2.115710377693176270e-01,2.252451032400131226e-01,-2.589292824268341064e-01,-4.940190017223358154e-01,-7.622971385717391968e-02,2.732022851705551147e-02,-5.813179165124893188e-02,2.364267110824584961e-01,-7.838206738233566284e-02,8.137851208448410034e-02,-5.012791231274604797e-02
-1.096121191978454590e+00,-2.075964808464050293e-01,8.263778686523437500e-01,4.686454776674509048e-03,1.021689455956220627e-02,1.314452886581420898e-01,9.912596940994262695e-01,-1.586298942565917969e-01,1.445914432406425476e-02,-9.544232860207557678e-03,2.447639256715774536e-01,-8.755622804164886475e-02,-4.511141777038574219e-02,-3.694871962070465088e-01,-7.867026329040527344e-02,1.852553188800811768e-01,4.042791426181793213e-01,1.828564144670963287e-02,1.481733173131942749e-01,-5.338488146662712097e-02,2.126560956239700317e-01,2.231230437755584717e-01,-2.614309489727020264e-01,-4.936775863170623779e-01,-7.703939825296401978e-02,2.821773849427700043e-02,-5.870921537280082703e-02,2.350146323442459106e-01,-7.970510423183441162e-02,8.286754786968231201e-02,-5.030315369367599487e-02
-1.093919515609741211e+00,-2.100850045680999756e-01,8.257973790168762207e-01,5.465194582939147949e-03,8.545877411961555481e-03,1.385578215122222900e-01,9.903023838996887207e-01,-1.619475632905960083e-01,1.537610311061143875e-02,-2.215025946497917175e-02,2.559264600276947021e-01,-9.059955924749374390e-02,-4.913809522986412048e-02,-3.420818448066711426e-01,-7.719878852367401123e-02,1.784000545740127563e-01,3.683710098266601562e-01,2.974183112382888794e-02,1.213310509920120239e-01,-5.096130073070526123e-02,2.138006687164306641e-01,2.215939313173294067e-01,-2.636822760105133057e-01,-4.930435419082641602e-01,-7.773140072822570801e-02,2.918514423072338104e-02,-5.868468806147575378e-02,2.339818477630615234e-01,-8.171418309211730957e-02,8.423846960067749023e-02,-5.012239515781402588e-02
-1.091766715049743652e+00,-2.126002758741378784e-01,8.254149556159973145e-01,5.272740498185157776e-03,7.916373200714588165e-03,1.440242528915405273e-01,9.895284175872802734e-01,-1.679150313138961792e-01,1.856450550258159637e-02,-3.305913135409355164e-02,2.684295773506164551e-01,-9.394700080156326294e-02,-5.334277451038360596e-02,-3.226229548454284668e-01,-7.669260352849960327e-02,1.587238162755966187e-01,3.473931849002838135e-01,1.142336986958980560e-02,9.029151499271392822e-02,-4.462013766169548035e-02,2.145592123270034790e-01,2.205770313739776611e-01,-2.658581137657165527e-01,-4.937900602817535400e-01,-7.908793538808822632e-02,3.022129274904727936e-02,-5.840909108519554138e-02,2.330207526683807373e-01,-8.490744233131408691e-02,8.599293977022171021e-02,-4.986620694398880005e-02
-1.089739799499511719e+00,-2.154458314180374146e-01,8.247238397598266602e-01,5.691056605428457260e-03,7.088729646056890488e-03,1.497017890214920044e-01,9.886894226074218750e-01,-1.757828593254089355e-01,2.104934677481651306e-02,-4.310647398233413696e-02,2.843521833419799805e-01,-9.801515191793441772e-02,-5.852334946393966675e-02,-3.012929260730743408e-01,-7.871720194816589355e-02,1.310733109712600708e-01,3.278015255928039551e-01,-9.180253371596336365e-03,7.881459593772888184e-02,-3.906188160181045532e-02,2.150752097368240356e-01,2.193334251642227173e-01,-2.677597105503082275e-01,-4.951015710830688477e-01,-8.007696270942687988e-02,3.120404295623302460e-02,-5.847446620464324951e-02,2.321045994758605957e-01,-8.926485478878021240e-02,8.791337162256240845e-02,-4.954478889703750610e-02
-1.087775468826293945e+00,-2.183994799852371216e-01,8.243977427482604980e-01,5.823078099638223648e-03,6.354806013405323029e-03,1.573662161827087402e-01,9.875026941299438477e-01,-1.865331828594207764e-01,2.379233762621879578e-02,-5.582805350422859192e-02,3.026845753192901611e-01,-9.798464924097061157e-02,-6.413731724023818970e-02,-2.844880521297454834e-01,-8.021051436662673950e-02,1.071729883551597595e-01,3.160650134086608887e-01,-2.643972449004650116e-02,6.378248333930969238e-02,-3.799325227737426758e-02,2.154486775398254395e-01,2.182815670967102051e-01,-2.692822217941284180e-01,-4.962640702724456787e-01,-8.085703104734420776e-02,3.236573562026023865e-02,-5.843436717987060547e-02,2.312924265861511230e-01,-9.416026622056961060e-02,8.989588916301727295e-02,-4.903092235326766968e-02
-1.085798740386962891e+00,-2.216297835111618042e-01,8.244367837905883789e-01,6.711030844599008560e-03,6.540778093039989471e-03,1.637537777423858643e-01,9.864567518234252930e-01,-2.014408707618713379e-01,2.544368617236614227e-02,-6.638794392347335815e-02,3.248787224292755127e-01,-9.107082337141036987e-02,-6.879869103431701660e-02,-2.739071846008300781e-01,-8.300399780273437500e-02,8.856483548879623413e-02,3.078668713569641113e-01,-3.499842435121536255e-02,5.914963036775588989e-02,-3.460412472486495972e-02,2.152818739414215088e-01,2.172583192586898804e-01,-2.699761688709259033e-01,-4.972367584705352783e-01,-8.080898970365524292e-02,3.268960118293762207e-02,-5.866919085383415222e-02,2.310276180505752563e-01,-9.693506360054016113e-02,9.098833799362182617e-02,-4.854656755924224854e-02
-1.084094882011413574e+00,-2.245837748050689697e-01,8.243036270141601562e-01,6.871168501675128937e-03,6.657602265477180481e-03,1.699082106351852417e-01,9.854134321212768555e-01,-2.171377241611480713e-01,2.682908996939659119e-02,-8.055210113525390625e-02,3.476139605045318604e-01,-8.697758615016937256e-02,-7.315006107091903687e-02,-2.643472254276275635e-01,-8.400394767522811890e-02,7.130942493677139282e-02,2.992601990699768066e-01,-3.875662386417388916e-02,5.999037623405456543e-02,-3.202644363045692444e-02,2.147246301174163818e-01,2.159572243690490723e-01,-2.700969278812408447e-01,-4.987173378467559814e-01,-8.021178096532821655e-02,3.266808390617370605e-02,-5.921898782253265381e-02,2.309355884790420532e-01,-1.009502857923507690e-01,9.258589893579483032e-02,-4.774003475904464722e-02
-1.082792997360229492e+00,-2.274234294891357422e-01,8.242530226707458496e-01,6.266214884817600250e-03,6.517403759062290192e-03,1.763458997011184692e-01,9.842867255210876465e-01,-2.347747981548309326e-01,2.864594198763370514e-02,-9.633236378431320190e-02,3.727074861526489258e-01,-8.266175538301467896e-02,-7.639304548501968384e-02,-2.565701305866241455e-01,-8.227514475584030151e-02,5.723596364259719849e-02,2.928068935871124268e-01,-4.160882532596588135e-02,5.704473704099655151e-02,-3.080002218484878540e-02,2.139459401369094849e-01,2.148375511169433594e-01,-2.693789899349212646e-01,-5.000585913658142090e-01,-7.906106859445571899e-02,3.269007802009582520e-02,-5.977842956781387329e-02,2.313317209482192993e-01,-1.055245324969291687e-01,9.489872306585311890e-02,-4.655477032065391541e-02
-1.081659793853759766e+00,-2.304529249668121338e-01,8.243989348411560059e-01,5.485955625772476196e-03,6.077754311263561249e-03,1.828173398971557617e-01,9.831128120422363281e-01,-2.556340694427490234e-01,3.067303821444511414e-02,-1.097420454025268555e-01,4.029490649700164795e-01,-7.474262267351150513e-02,-7.981879264116287231e-02,-2.504157721996307373e-01,-7.970267534255981445e-02,4.309977963566780090e-02,2.895791530609130859e-01,-4.253644868731498718e-02,5.259345099329948425e-02,-2.958691120147705078e-02,2.130539864301681519e-01,2.138735800981521606e-01,-2.676920294761657715e-01,-5.009347796440124512e-01,-7.719565182924270630e-02,3.282368183135986328e-02,-6.016854941844940186e-02,2.322373837232589722e-01,-1.101624667644500732e-01,9.756478667259216309e-02,-4.496474564075469971e-02
-1.080659627914428711e+00,-2.336906790733337402e-01,8.246188163757324219e-01,4.946443252265453339e-03,5.750652402639389038e-03,1.900325864553451538e-01,9.817484617233276367e-01,-2.800140082836151123e-01,3.224151208996772766e-02,-1.152461692690849304e-01,4.367318153381347656e-01,-6.692942231893539429e-02,-9.072609990835189819e-02,-2.451618760824203491e-01,-7.830713689327239990e-02,2.625151351094245911e-02,2.870985567569732666e-01,-3.959070891141891479e-02,5.262603983283042908e-02,-3.008984774351119995e-02,2.120720297098159790e-01,2.130191177129745483e-01,-2.652619779109954834e-01,-5.014215707778930664e-01,-7.493653893470764160e-02,3.290457651019096375e-02,-6.048099324107170105e-02,2.338223159313201904e-01,-1.147892475128173828e-01,1.006478518247604370e-01,-4.303647950291633606e-02
-1.079673886299133301e+00,-2.369228303432464600e-01,8.249613046646118164e-01,4.863470327109098434e-03,5.639175418764352798e-03,1.954737007617950439e-01,9.806806445121765137e-01,-3.075644373893737793e-01,3.294564411044120789e-02,-1.259746104478836060e-01,4.753974378108978271e-01,-5.151071771979331970e-02,-9.155397117137908936e-02,-2.409147918224334717e-01,-7.749784737825393677e-02,1.190862432122230530e-02,2.841459810733795166e-01,-3.719329461455345154e-02,5.389857664704322815e-02,-2.743660286068916321e-02,2.111209779977798462e-01,2.118379026651382446e-01,-2.620243728160858154e-01,-5.015022158622741699e-01,-7.193319499492645264e-02,3.309970349073410034e-02,-6.112022697925567627e-02,2.362222522497177124e-01,-1.193517893552780151e-01,1.045701205730438232e-01,-4.066916927695274353e-02
-1.078793168067932129e+00,-2.402595132589340210e-01,8.253586888313293457e-01,5.068519152700901031e-03,5.869047716259956360e-03,2.013463824987411499e-01,9.794893860816955566e-01,-3.374049067497253418e-01,3.204988315701484680e-02,-1.359629184007644653e-01,5.155283212661743164e-01,-2.896603010594844818e-02,-9.660001844167709351e-02,-2.364489138126373291e-01,-7.736932486295700073e-02,-3.544873325154185295e-03,2.798363268375396729e-01,-3.637631237506866455e-02,5.331736803054809570e-02,-2.467954531311988831e-02,2.100638002157211304e-01,2.104926109313964844e-01,-2.583275437355041504e-01,-5.015169382095336914e-01,-6.869288533926010132e-02,3.314852714538574219e-02,-6.192681938409805298e-02,2.391516566276550293e-01,-1.239719912409782410e-01,1.088346466422080994e-01,-3.805943951010704041e-02
-1.077752947807312012e+00,-2.436662018299102783e-01,8.257780075073242188e-01,5.345888901501893997e-03,6.452648434787988663e-03,2.082497924566268921e-01,9.780398011207580566e-01,-3.698905706405639648e-01,3.074582479894161224e-02,-1.445274651050567627e-01,5.566941499710083008e-01,-1.209549256600439548e-03,-1.068592146039009094e-01,-2.304819077253341675e-01,-7.745155692100524902e-02,-2.039186097681522369e-02,2.734137773513793945e-01,-3.949215263128280640e-02,5.026760324835777283e-02,-2.304758317768573761e-02,2.088892012834548950e-01,2.088848948478698730e-01,-2.545368373394012451e-01,-5.017269849777221680e-01,-6.549308449029922485e-02,3.295784816145896912e-02,-6.293484568595886230e-02,2.423444986343383789e-01,-1.287018507719039917e-01,1.130322515964508057e-01,-3.536621481180191040e-02
-1.076608657836914062e+00,-2.469866871833801270e-01,8.261552453041076660e-01,5.270502064377069473e-03,7.142107002437114716e-03,2.159685045480728149e-01,9.763599634170532227e-01,-4.037253558635711670e-01,3.031751886010169983e-02,-1.501851528882980347e-01,5.966947078704833984e-01,3.142858296632766724e-02,-1.250424236059188843e-01,-2.238113135099411011e-01,-7.692161202430725098e-02,-3.950524702668190002e-02,2.666591703891754150e-01,-4.571141675114631653e-02,4.568392038345336914e-02,-2.320734411478042603e-02,2.077714949846267700e-01,2.070692181587219238e-01,-2.509461343288421631e-01,-5.019982457160949707e-01,-6.255688518285751343e-02,3.240875527262687683e-02,-6.417127698659896851e-02,2.456273734569549561e-01,-1.338318139314651489e-01,1.170282736420631409e-01,-3.268535062670707703e-02
-1.075332403182983398e+00,-2.501188218593597412e-01,8.264896869659423828e-01,4.844525363296270370e-03,8.251526392996311188e-03,2.247824370861053467e-01,9.743620157241821289e-01,-4.380845725536346436e-01,3.156442195177078247e-02,-1.522296518087387085e-01,6.319011449813842773e-01,6.662684679031372070e-02,-1.523087769746780396e-01,-2.178348898887634277e-01,-7.609025388956069946e-02,-6.022882834076881409e-02,2.604178488254547119e-01,-5.178994312882423401e-02,4.043348878622055054e-02,-2.582528628408908844e-02,2.066663354635238647e-01,2.050747424364089966e-01,-2.478384226560592651e-01,-5.025423765182495117e-01,-6.008624285459518433e-02,3.138116002082824707e-02,-6.577254831790924072e-02,2.489127516746520996e-01,-1.396647095680236816e-01,1.208470985293388367e-01,-3.007892146706581116e-02
-1.073995471000671387e+00,-2.531532049179077148e-01,8.268432021141052246e-01,4.069324582815170288e-03,9.532852098345756531e-03,2.343548983335494995e-01,9.720958471298217773e-01,-4.720349609851837158e-01,3.401707857847213745e-02,-1.497208178043365479e-01,6.655659079551696777e-01,9.754896163940429688e-02,-1.867565512657165527e-01,-2.119243741035461426e-01,-7.462091743946075439e-02,-8.189791440963745117e-02,2.538864016532897949e-01,-5.673936009407043457e-02,3.468014672398567200e-02,-3.046883642673492432e-02,2.055913954973220825e-01,2.029822915792465210e-01,-2.454063594341278076e-01,-5.034193396568298340e-01,-5.822950974106788635e-02,2.976992540061473846e-02,-6.791298091411590576e-02,2.522390186786651611e-01,-1.464421749114990234e-01,1.246346309781074524e-01,-2.749194391071796417e-02
-1.072539329528808594e+00,-2.559927403926849365e-01,8.271046280860900879e-01,3.465957706794142723e-03,1.096336450427770615e-02,2.444094717502593994e-01,9.696039557456970215e-01,-5.071666836738586426e-01,3.751840814948081970e-02,-1.410884559154510498e-01,7.026095986366271973e-01,1.195893362164497375e-01,-2.184140682220458984e-01,-2.065449208021163940e-01,-7.392598688602447510e-02,-1.034875512123107910e-01,2.480582594871520996e-01,-6.008381769061088562e-02,3.307367488741874695e-02,-3.721446171402931213e-02,2.046857625246047974e-01,2.007454484701156616e-01,-2.439571321010589600e-01,-5.045643448829650879e-01,-5.726495757699012756e-02,2.749254927039146423e-02,-7.087783515453338623e-02,2.552942633628845215e-01,-1.543610394001007080e-01,1.281269490718841553e-01,-2.484035491943359375e-02
-1.070957779884338379e+00,-2.587317526340484619e-01,8.273584246635437012e-01,2.765153069049119949e-03,1.234444230794906616e-02,2.545307278633117676e-01,9.669819474220275879e-01,-5.417870879173278809e-01,4.368430748581886292e-02,-1.264000385999679565e-01,7.388980984687805176e-01,1.388558000326156616e-01,-2.419028878211975098e-01,-2.007741481065750122e-01,-7.299025356769561768e-02,-1.244425699114799500e-01,2.415396571159362793e-01,-6.159248203039169312e-02,3.418833017349243164e-02,-4.494210705161094666e-02,2.039846926927566528e-01,1.984469443559646606e-01,-2.433937489986419678e-01,-5.058944821357727051e-01,-5.720261484384536743e-02,2.474552020430564880e-02,-7.482569664716720581e-02,2.581449449062347412e-01,-1.633872836828231812e-01,1.314625293016433716e-01,-2.210270985960960388e-02
-1.069468140602111816e+00,-2.613961696624755859e-01,8.277781605720520020e-01,2.109410474076867104e-03,1.383770722895860672e-02,2.639670968055725098e-01,9.644300937652587891e-01,-5.756949782371520996e-01,5.248526856303215027e-02,-1.068686917424201965e-01,7.745295763015747070e-01,1.502077877521514893e-01,-2.451736927032470703e-01,-1.955501586198806763e-01,-7.150266319513320923e-02,-1.437375992536544800e-01,2.344377487897872925e-01,-6.213111430406570435e-02,3.208086639642715454e-02,-5.297121033072471619e-02,2.034973800182342529e-01,1.962308883666992188e-01,-2.437560707330703735e-01,-5.074723362922668457e-01,-5.833561718463897705e-02,2.157189883291721344e-02,-7.983874529600143433e-02,2.605442702770233154e-01,-1.741866618394851685e-01,1.344045549631118774e-01,-1.905394904315471649e-02
-1.068036198616027832e+00,-2.639787793159484863e-01,8.283110260963439941e-01,1.892680302262306213e-03,1.472167111933231354e-02,2.722828388214111328e-01,9.621027708053588867e-01,-6.060003638267517090e-01,6.380370259284973145e-02,-8.329229801893234253e-02,8.091090321540832520e-01,1.468487977981567383e-01,-2.293540239334106445e-01,-1.892466396093368530e-01,-7.019923627376556396e-02,-1.612584590911865234e-01,2.270753383636474609e-01,-6.234271079301834106e-02,2.928008884191513062e-02,-5.935602635145187378e-02,2.035439312458038330e-01,1.941807568073272705e-01,-2.448663711547851562e-01,-5.087628960609436035e-01,-6.069808080792427063e-02,1.838021725416183472e-02,-8.615926653146743774e-02,2.624974846839904785e-01,-1.863636523485183716e-01,1.369925141334533691e-01,-1.573158428072929382e-02
-1.066563606262207031e+00,-2.663242816925048828e-01,8.289095759391784668e-01,2.321660285815596581e-03,1.531178317964076996e-02,2.791593968868255615e-01,9.601199030876159668e-01,-6.317197084426879883e-01,7.705781608819961548e-02,-5.626020580530166626e-02,8.417423367500305176e-01,1.319482624530792236e-01,-2.040228545665740967e-01,-1.830083727836608887e-01,-6.970521062612533569e-02,-1.761970072984695435e-01,2.203773856163024902e-01,-6.251572072505950928e-02,2.661148272454738617e-02,-6.393667310476303101e-02,2.042399197816848755e-01,1.922801136970520020e-01,-2.464806139469146729e-01,-5.094665288925170898e-01,-6.416425853967666626e-02,1.562576368451118469e-02,-9.375885874032974243e-02,2.637673914432525635e-01,-1.990621387958526611e-01,1.389276087284088135e-01,-1.215807162225246429e-02
-1.065129518508911133e+00,-2.684546709060668945e-01,8.295176625251770020e-01,3.030535997822880745e-03,1.547757536172866821e-02,2.847209572792053223e-01,9.584807157516479492e-01,-6.539647579193115234e-01,9.171255677938461304e-02,-2.877102047204971313e-02,8.741080760955810547e-01,1.105809062719345093e-01,-1.743373572826385498e-01,-1.760236173868179321e-01,-6.918733566999435425e-02,-1.886724829673767090e-01,2.133661508560180664e-01,-6.232523918151855469e-02,2.413056045770645142e-02,-6.575111299753189087e-02,2.055699676275253296e-01,1.902711689472198486e-01,-2.481748163700103760e-01,-5.094469785690307617e-01,-6.817483156919479370e-02,1.358433067798614502e-02,-1.025713980197906494e-01,2.643461525440216064e-01,-2.115990966558456421e-01,1.401772946119308472e-01,-8.419699035584926605e-03
-1.063667893409729004e+00,-2.704158425331115723e-01,8.301607370376586914e-01,4.100606311112642288e-03,1.584805920720100403e-02,2.892464995384216309e-01,9.571146368980407715e-01,-6.732896566390991211e-01,1.063482984900474548e-01,-2.180652692914009094e-03,9.045699834823608398e-01,8.686454594135284424e-02,-1.437266319990158081e-01,-1.701833903789520264e-01,-6.930713355541229248e-02,-1.990202069282531738e-01,2.071902900934219360e-01,-6.217867136001586914e-02,2.176922373473644257e-02,-6.579359620809555054e-02,2.075497508049011230e-01,1.880077421665191650e-01,-2.496227324008941650e-01,-5.084835290908813477e-01,-7.231907546520233154e-02,1.211728621274232864e-02,-1.124076172709465027e-01,2.640058994293212891e-01,-2.240345031023025513e-01,1.404953896999359131e-01,-4.607664886862039566e-03
-1.062286376953125000e+00,-2.721840441226959229e-01,8.308129906654357910e-01,5.435893312096595764e-03,1.645093411207199097e-02,2.930587828159332275e-01,9.559374451637268066e-01,-6.903485059738159180e-01,1.200302094221115112e-01,2.289730124175548553e-02,9.341377615928649902e-01,6.383508443832397461e-02,-1.115200817584991455e-01,-1.654068082571029663e-01,-7.017871737480163574e-02,-2.078585475683212280e-01,2.017061859369277954e-01,-6.207128614187240601e-02,1.965043880045413971e-02,-6.423231214284896851e-02,2.098938077688217163e-01,1.852791309356689453e-01,-2.504624128341674805e-01,-5.067998170852661133e-01,-7.600021362304687500e-02,1.101446896791458130e-02,-1.231372728943824768e-01,2.626930475234985352e-01,-2.361787706613540649e-01,1.399037092924118042e-01,-7.712061051279306412e-04
-1.060880184173583984e+00,-2.739230692386627197e-01,8.314101099967956543e-01,6.712083704769611359e-03,1.698758080601692200e-02,2.965909242630004883e-01,9.548299312591552734e-01,-7.053462862968444824e-01,1.330815106630325317e-01,4.472590237855911255e-02,9.626474976539611816e-01,4.241865128278732300e-02,-8.299270272254943848e-02,-1.610353142023086548e-01,-7.077308744192123413e-02,-2.156782746315002441e-01,1.969629824161529541e-01,-6.221416220068931580e-02,1.752047799527645111e-02,-6.184711307287216187e-02,2.125062048435211182e-01,1.819343715906143188e-01,-2.504999041557312012e-01,-5.044275522232055664e-01,-7.878842949867248535e-02,1.030612271279096603e-02,-1.344937235116958618e-01,2.602941095829010010e-01,-2.479593753814697266e-01,1.381719708442687988e-01,3.032153937965631485e-03
-1.059617161750793457e+00,-2.755965888500213623e-01,8.319583535194396973e-01,7.927873171865940094e-03,1.740415766835212708e-02,3.000229001045227051e-01,9.537402391433715820e-01,-7.185144424438476562e-01,1.450554281473159790e-01,6.358946114778518677e-02,9.898104071617126465e-01,2.567187696695327759e-02,-5.886822566390037537e-02,-1.568627059459686279e-01,-7.131243497133255005e-02,-2.232749760150909424e-01,1.926756352186203003e-01,-6.243271753191947937e-02,1.549105718731880188e-02,-5.877549573779106140e-02,2.152812629938125610e-01,1.780846416950225830e-01,-2.497315704822540283e-01,-5.014246106147766113e-01,-8.061268925666809082e-02,9.953114204108715057e-03,-1.461730748414993286e-01,2.568398118019104004e-01,-2.592671811580657959e-01,1.353018283843994141e-01,6.673217285424470901e-03
-1.058411598205566406e+00,-2.770080268383026123e-01,8.324424028396606445e-01,9.131418541073799133e-03,1.762683503329753876e-02,3.031599819660186768e-01,9.527328610420227051e-01,-7.295352816581726074e-01,1.558799892663955688e-01,7.990197837352752686e-02,1.016050219535827637e+00,1.281407848000526428e-02,-3.725632280111312866e-02,-1.526222229003906250e-01,-7.205206900835037231e-02,-2.306217253208160400e-01,1.889702230691909790e-01,-6.285648047924041748e-02,1.378492824733257294e-02,-5.584334209561347961e-02,2.181922048330307007e-01,1.737543791532516479e-01,-2.482469528913497925e-01,-4.978812336921691895e-01,-8.138950914144515991e-02,9.992988780140876770e-03,-1.578676551580429077e-01,2.525832951068878174e-01,-2.699484229087829590e-01,1.315127164125442505e-01,1.011151541024446487e-02
-1.057211637496948242e+00,-2.784481048583984375e-01,8.329443931579589844e-01,1.028753072023391724e-02,1.823015138506889343e-02,3.060696125030517578e-01,9.517789483070373535e-01,-7.393763065338134766e-01,1.651117801666259766e-01,9.309066832065582275e-02,1.039534330368041992e+00,4.504828713834285736e-03,-1.968827471137046814e-02,-1.493328809738159180e-01,-7.270761579275131226e-02,-2.374117523431777954e-01,1.851315498352050781e-01,-6.307765841484069824e-02,1.198786497116088867e-02,-5.271568521857261658e-02,2.210862934589385986e-01,1.690946221351623535e-01,-2.463141232728958130e-01,-4.941299557685852051e-01,-8.145669102668762207e-02,1.039073243737220764e-02,-1.693087071180343628e-01,2.477905154228210449e-01,-2.801814973354339600e-01,1.269341856241226196e-01,1.337698195129632950e-02
-1.056149959564208984e+00,-2.796919345855712891e-01,8.332840204238891602e-01,1.138466969132423401e-02,1.826044358313083649e-02,3.090729713439941406e-01,9.507948756217956543e-01,-7.471648454666137695e-01,1.735060214996337891e-01,1.045486927032470703e-01,1.062426686286926270e+00,-7.761497399769723415e-04,-3.378629451617598534e-03,-1.455218791961669922e-01,-7.345946878194808960e-02,-2.444731295108795166e-01,1.826920807361602783e-01,-6.392500549554824829e-02,1.053629163652658463e-02,-4.995283484458923340e-02,2.240647524595260620e-01,1.642980873584747314e-01,-2.441847175359725952e-01,-4.901243150234222412e-01,-8.112698048353195190e-02,1.115408539772033691e-02,-1.802507489919662476e-01,2.426360696554183960e-01,-2.895909547805786133e-01,1.217494979500770569e-01,1.630979590117931366e-02
-1.055039644241333008e+00,-2.811158597469329834e-01,8.335983753204345703e-01,1.223705988377332687e-02,1.846256479620933533e-02,3.121444582939147949e-01,9.497764110565185547e-01,-7.541067004203796387e-01,1.807032376527786255e-01,1.125318706035614014e-01,1.083381175994873047e+00,-5.643872544169425964e-03,9.603609330952167511e-03,-1.420784443616867065e-01,-7.341336458921432495e-02,-2.516386210918426514e-01,1.797767281532287598e-01,-6.456026434898376465e-02,8.779315277934074402e-03,-4.674166440963745117e-02,2.270618528127670288e-01,1.595539599657058716e-01,-2.419803291559219360e-01,-4.859573841094970703e-01,-8.064014464616775513e-02,1.239049620926380157e-02,-1.904951781034469604e-01,2.374593168497085571e-01,-2.981897592544555664e-01,1.161727160215377808e-01,1.891728676855564117e-02
-1.054046392440795898e+00,-2.822192311286926270e-01,8.338198661804199219e-01,1.264333818107843399e-02,1.875203475356101990e-02,3.152928948402404785e-01,9.487248659133911133e-01,-7.603373527526855469e-01,1.867938488721847534e-01,1.183370575308799744e-01,1.102480769157409668e+00,-9.570230729877948761e-03,2.012439258396625519e-02,-1.388246566057205200e-01,-7.295512408018112183e-02,-2.590933442115783691e-01,1.766214221715927124e-01,-6.510385870933532715e-02,7.407229859381914139e-03,-4.358942434191703796e-02,2.299499362707138062e-01,1.549900621175765991e-01,-2.397967129945755005e-01,-4.818151295185089111e-01,-8.024615049362182617e-02,1.415083557367324829e-02,-1.999854147434234619e-01,2.324143499135971069e-01,-3.061729371547698975e-01,1.102307662367820740e-01,2.119925245642662048e-02
-1.052997708320617676e+00,-2.832484543323516846e-01,8.339884281158447266e-01,1.301299128681421280e-02,1.875879056751728058e-02,3.185935914516448975e-01,9.476163983345031738e-01,-7.643573284149169922e-01,1.913634836673736572e-01,1.217118799686431885e-01,1.119366765022277832e+00,-1.472875662147998810e-02,2.839777991175651550e-02,-1.349499821662902832e-01,-7.239500433206558228e-02,-2.669358849525451660e-01,1.738245934247970581e-01,-6.596107035875320435e-02,6.209002807736396790e-03,-4.041690006852149963e-02,2.327180951833724976e-01,1.507756561040878296e-01,-2.378682345151901245e-01,-4.778479933738708496e-01,-8.027598261833190918e-02,1.648636348545551300e-02,-2.086741626262664795e-01,2.277838289737701416e-01,-3.132969141006469727e-01,1.043451204895973206e-01,2.313668653368949890e-02
-1.052122354507446289e+00,-2.841034531593322754e-01,8.341156244277954102e-01,1.308680605143308640e-02,1.908061280846595764e-02,3.218080103397369385e-01,9.465221762657165527e-01,-7.675528526306152344e-01,1.950911432504653931e-01,1.241426616907119751e-01,1.133700847625732422e+00,-1.977937854826450348e-02,3.612534701824188232e-02,-1.321416497230529785e-01,-7.177962362766265869e-02,-2.749110460281372070e-01,1.711396276950836182e-01,-6.665600091218948364e-02,5.276584532111883163e-03,-3.782764822244644165e-02,2.353255152702331543e-01,1.469352096319198608e-01,-2.360978424549102783e-01,-4.741647839546203613e-01,-8.062067627906799316e-02,1.917931810021400452e-02,-2.165502905845642090e-01,2.237073183059692383e-01,-3.200252354145050049e-01,9.864347428083419800e-02,2.481765672564506531e-02
-1.051039576530456543e+00,-2.848594486713409424e-01,8.341639041900634766e-01,1.305435504764318466e-02,1.921553537249565125e-02,3.256078660488128662e-01,9.452194571495056152e-01,-7.683522701263427734e-01,1.977968811988830566e-01,1.256182640790939331e-01,1.145275115966796875e+00,-2.504908107221126556e-02,4.095844924449920654e-02,-1.286128163337707520e-01,-7.088355720043182373e-02,-2.836607992649078369e-01,1.688176691532135010e-01,-6.795584410429000854e-02,4.445394501090049744e-03,-3.513555228710174561e-02,2.379258722066879272e-01,1.435375958681106567e-01,-2.346526086330413818e-01,-4.705202877521514893e-01,-8.138565719127655029e-02,2.224908210337162018e-02,-2.236771285533905029e-01,2.203862816095352173e-01,-3.260851800441741943e-01,9.368486702442169189e-02,2.619831822812557220e-02
-1.049876332283020020e+00,-2.858148813247680664e-01,8.341963291168212891e-01,1.292475964874029160e-02,1.940816640853881836e-02,3.299222290515899658e-01,9.437201023101806641e-01,-7.679646015167236328e-01,2.000529766082763672e-01,1.263996064662933350e-01,1.153869032859802246e+00,-3.003093041479587555e-02,4.327332228422164917e-02,-1.250065863132476807e-01,-6.957732886075973511e-02,-2.932848930358886719e-01,1.662170737981796265e-01,-6.931875646114349365e-02,3.424095688387751579e-03,-3.280132263898849487e-02,2.403468638658523560e-01,1.405894309282302856e-01,-2.334116101264953613e-01,-4.671610295772552490e-01,-8.244608342647552490e-02,2.570991031825542450e-02,-2.301361709833145142e-01,2.178052216768264771e-01,-3.313809335231781006e-01,8.962470293045043945e-02,2.718990668654441833e-02
-1.048577308654785156e+00,-2.865728735923767090e-01,8.341380953788757324e-01,1.263260934501886368e-02,1.931065693497657776e-02,3.347724974155426025e-01,9.420164227485656738e-01,-7.654057145118713379e-01,2.017342895269393921e-01,1.264909654855728149e-01,1.159960508346557617e+00,-3.531238436698913574e-02,4.619932919740676880e-02,-1.202786341309547424e-01,-6.797575950622558594e-02,-3.044706284999847412e-01,1.635771840810775757e-01,-7.114382833242416382e-02,2.641513943672180176e-03,-3.063928335905075073e-02,2.426159232854843140e-01,1.381029039621353149e-01,-2.324197292327880859e-01,-4.639821052551269531e-01,-8.387447893619537354e-02,2.957605011761188507e-02,-2.358866184949874878e-01,2.158562839031219482e-01,-3.359039127826690674e-01,8.634351938962936401e-02,2.772165276110172272e-02
-1.047334432601928711e+00,-2.872691452503204346e-01,8.340129256248474121e-01,1.215606741607189178e-02,1.870474219322204590e-02,3.400250971317291260e-01,9.401517510414123535e-01,-7.603759169578552246e-01,2.033606767654418945e-01,1.262098252773284912e-01,1.163160204887390137e+00,-3.969271481037139893e-02,4.923451319336891174e-02,-1.140797883272171021e-01,-6.572328507900238037e-02,-3.169136047363281250e-01,1.603575795888900757e-01,-7.292714715003967285e-02,2.050163690000772476e-03,-2.882314845919609070e-02,2.447727024555206299e-01,1.361550092697143555e-01,-2.316831648349761963e-01,-4.608504176139831543e-01,-8.569717407226562500e-02,3.389630839228630066e-02,-2.408662587404251099e-01,2.144237309694290161e-01,-3.394753634929656982e-01,8.379145711660385132e-02,2.784443087875843048e-02
-1.046365499496459961e+00,-2.880512475967407227e-01,8.339266180992126465e-01,1.178327947854995728e-02,1.770423166453838348e-02,3.457434475421905518e-01,9.380880594253540039e-01,-7.529328465461730957e-01,2.048919498920440674e-01,1.267184764146804810e-01,1.162852406501770020e+00,-4.408524185419082642e-02,5.319691076874732971e-02,-1.070026680827140808e-01,-6.335691362619400024e-02,-3.293162882328033447e-01,1.565867811441421509e-01,-7.425351440906524658e-02,1.637580455280840397e-03,-2.856603637337684631e-02,2.467745989561080933e-01,1.341721713542938232e-01,-2.305365949869155884e-01,-4.564865231513977051e-01,-8.925525844097137451e-02,4.064296185970306396e-02,-2.460679113864898682e-01,2.131778150796890259e-01,-3.445356488227844238e-01,8.024202287197113037e-02,2.747807279229164124e-02
-1.045191884040832520e+00,-2.885904014110565186e-01,8.338965773582458496e-01,1.138371787965297699e-02,1.665289700031280518e-02,3.522883653640747070e-01,9.356740713119506836e-01,-7.423260807991027832e-01,2.056341469287872314e-01,1.278529316186904907e-01,1.157963156700134277e+00,-4.768012464046478271e-02,5.622358247637748718e-02,-9.815938025712966919e-02,-6.052700802683830261e-02,-3.439396917819976807e-01,1.510152220726013184e-01,-7.552343606948852539e-02,-6.195497117005288601e-04,-2.966476604342460632e-02,2.487706691026687622e-01,1.330710202455520630e-01,-2.293813824653625488e-01,-4.514944851398468018e-01,-9.256806969642639160e-02,4.725898057222366333e-02,-2.497985213994979858e-01,2.122301161289215088e-01,-3.476230204105377197e-01,7.803799211978912354e-02,2.624972164630889893e-02
-1.044196128845214844e+00,-2.889230847358703613e-01,8.338552117347717285e-01,1.101286988705396652e-02,1.581641845405101776e-02,3.585147559642791748e-01,9.333251118659973145e-01,-7.297834157943725586e-01,2.062796056270599365e-01,1.306983381509780884e-01,1.150072336196899414e+00,-5.096616968512535095e-02,5.899471789598464966e-02,-9.103766828775405884e-02,-5.842238664627075195e-02,-3.574208319187164307e-01,1.473518460988998413e-01,-7.713072746992111206e-02,-3.555249189957976341e-03,-3.089927881956100464e-02,2.502688169479370117e-01,1.324770748615264893e-01,-2.280480116605758667e-01,-4.476885497570037842e-01,-9.532500803470611572e-02,5.367475375533103943e-02,-2.522724270820617676e-01,2.114335298538208008e-01,-3.496480882167816162e-01,7.667585462331771851e-02,2.462639845907688141e-02
-1.043214440345764160e+00,-2.891682386398315430e-01,8.338172435760498047e-01,1.052973233163356781e-02,1.493611279875040054e-02,3.644659519195556641e-01,9.310373663902282715e-01,-7.145399451255798340e-01,2.078220844268798828e-01,1.355057507753372192e-01,1.138297915458679199e+00,-5.426054075360298157e-02,6.184244155883789062e-02,-8.435670286417007446e-02,-5.604921281337738037e-02,-3.707024753093719482e-01,1.442744135856628418e-01,-7.894780486822128296e-02,-7.428903132677078247e-03,-3.170823305845260620e-02,2.514108419418334961e-01,1.323029100894927979e-01,-2.264967560768127441e-01,-4.445664882659912109e-01,-9.756016731262207031e-02,5.975083261728286743e-02,-2.535808086395263672e-01,2.106019556522369385e-01,-3.514819443225860596e-01,7.555423676967620850e-02,2.283106558024883270e-02
-1.042136430740356445e+00,-2.893006801605224609e-01,8.337656855583190918e-01,1.011522021144628525e-02,1.446204073727130890e-02,3.704921007156372070e-01,9.286679029464721680e-01,-6.972095966339111328e-01,2.093846201896667480e-01,1.426981538534164429e-01,1.122524142265319824e+00,-5.779736489057540894e-02,6.404171139001846313e-02,-7.852142304182052612e-02,-5.423065274953842163e-02,-3.833436965942382812e-01,1.415839493274688721e-01,-8.101083338260650635e-02,-9.798591956496238708e-03,-3.318185359239578247e-02,2.521225810050964355e-01,1.323916465044021606e-01,-2.246880829334259033e-01,-4.422172904014587402e-01,-9.947821497917175293e-02,6.576444953680038452e-02,-2.537815272808074951e-01,2.096427381038665771e-01,-3.530475795269012451e-01,7.391979545354843140e-02,2.074940502643585205e-02
-1.041190981864929199e+00,-2.892410457134246826e-01,8.337141871452331543e-01,9.586314670741558075e-03,1.378471776843070984e-02,3.762880563735961914e-01,9.263505935668945312e-01,-6.770218014717102051e-01,2.120776325464248657e-01,1.528208404779434204e-01,1.102862954139709473e+00,-6.176787614822387695e-02,6.589116156101226807e-02,-7.225855439901351929e-02,-5.203849449753761292e-02,-3.960963785648345947e-01,1.384076178073883057e-01,-8.229650557041168213e-02,-1.284798420965671539e-02,-3.408667072653770447e-02,2.524452805519104004e-01,1.327085345983505249e-01,-2.226087003946304321e-01,-4.407899975776672363e-01,-1.009487360715866089e-01,7.155171781778335571e-02,-2.530288994312286377e-01,2.086728811264038086e-01,-3.550210595130920410e-01,7.219164818525314331e-02,1.885720342397689819e-02
-1.040277004241943359e+00,-2.892116308212280273e-01,8.336160182952880859e-01,9.344663470983505249e-03,1.294878590852022171e-02,3.819065392017364502e-01,9.240629673004150391e-01,-6.537874341011047363e-01,2.145692259073257446e-01,1.648056954145431519e-01,1.079284071922302246e+00,-6.585329771041870117e-02,6.919404119253158569e-02,-6.625343859195709229e-02,-5.080805346369743347e-02,-4.086054563522338867e-01,1.366853415966033936e-01,-8.295380324125289917e-02,-1.275604590773582458e-02,-3.446385264396667480e-02,2.524681985378265381e-01,1.331455558538436890e-01,-2.202867120504379272e-01,-4.400647282600402832e-01,-1.018962338566780090e-01,7.721412926912307739e-02,-2.515416145324707031e-01,2.075590789318084717e-01,-3.567082285881042480e-01,7.003045082092285156e-02,1.723836176097393036e-02
-1.039161324501037598e+00,-2.891810834407806396e-01,8.334999084472656250e-01,8.927518501877784729e-03,1.239300612360239029e-02,3.884335160255432129e-01,9.213501811027526855e-01,-6.296345591545104980e-01,2.161810696125030518e-01,1.767046749591827393e-01,1.051865458488464355e+00,-6.937414407730102539e-02,7.066768407821655273e-02,-6.001146882772445679e-02,-4.906234890222549438e-02,-4.223147630691528320e-01,1.338447332382202148e-01,-8.260511606931686401e-02,-1.184691861271858215e-02,-3.415063023567199707e-02,2.520842850208282471e-01,1.338424384593963623e-01,-2.182493656873703003e-01,-4.407643973827362061e-01,-1.034071147441864014e-01,8.278974145650863647e-02,-2.492868006229400635e-01,2.062683254480361938e-01,-3.581700921058654785e-01,6.738398224115371704e-02,1.556296460330486298e-02
-1.038416266441345215e+00,-2.890571951866149902e-01,8.333244323730468750e-01,8.386982604861259460e-03,1.174175646156072617e-02,3.949460089206695557e-01,9.185910224914550781e-01,-6.037712693214416504e-01,2.176256030797958374e-01,1.906597763299942017e-01,1.020574212074279785e+00,-7.320696860551834106e-02,7.244627922773361206e-02,-5.447487160563468933e-02,-4.757776856422424316e-02,-4.363393485546112061e-01,1.321424543857574463e-01,-8.324313908815383911e-02,-1.151289790868759155e-02,-3.504284098744392395e-02,2.514939904212951660e-01,1.347794234752655029e-01,-2.163270115852355957e-01,-4.421765804290771484e-01,-1.048573628067970276e-01,8.829946070909500122e-02,-2.463216334581375122e-01,2.049692571163177490e-01,-3.593922555446624756e-01,6.475146859884262085e-02,1.406879536807537079e-02
-1.037762999534606934e+00,-2.886288762092590332e-01,8.331066966056823730e-01,7.814968936145305634e-03,1.091998629271984100e-02,4.011811912059783936e-01,9.159002900123596191e-01,-5.754399895668029785e-01,2.188771665096282959e-01,2.066614180803298950e-01,9.858225584030151367e-01,-7.624807208776473999e-02,7.368415594100952148e-02,-4.860717058181762695e-02,-4.617440700531005859e-02,-4.495661854743957520e-01,1.304802596569061279e-01,-8.316066116094589233e-02,-1.026795059442520142e-02,-3.656537085771560669e-02,2.507378458976745605e-01,1.358210891485214233e-01,-2.144820243120193481e-01,-4.444677531719207764e-01,-1.059539690613746643e-01,9.366447478532791138e-02,-2.427830547094345093e-01,2.038676589727401733e-01,-3.608415722846984863e-01,6.266186386346817017e-02,1.292838621884584427e-02
-1.037204384803771973e+00,-2.881618142127990723e-01,8.328519463539123535e-01,6.970369257032871246e-03,1.035136543214321136e-02,4.073645472526550293e-01,9.131803512573242188e-01,-5.459643602371215820e-01,2.193569689989089966e-01,2.233794778585433960e-01,9.463887810707092285e-01,-7.686919718980789185e-02,7.407701015472412109e-02,-4.380920901894569397e-02,-4.452693089842796326e-02,-4.624051451683044434e-01,1.292226165533065796e-01,-8.379314094781875610e-02,-9.886254556477069855e-03,-3.737900778651237488e-02,2.497936934232711792e-01,1.372097879648208618e-01,-2.126210629940032959e-01,-4.473555088043212891e-01,-1.068323105573654175e-01,9.886354953050613403e-02,-2.387539297342300415e-01,2.031306922435760498e-01,-3.626773953437805176e-01,6.166394427418708801e-02,1.200467906892299652e-02
-1.036737322807312012e+00,-2.875272631645202637e-01,8.325334191322326660e-01,6.082061212509870529e-03,9.407631121575832367e-03,4.135279357433319092e-01,9.104225039482116699e-01,-5.145177245140075684e-01,2.197846472263336182e-01,2.415299266576766968e-01,9.040654897689819336e-01,-7.511346042156219482e-02,7.358977943658828735e-02,-3.838356211781501770e-02,-4.277430102229118347e-02,-4.754876792430877686e-01,1.282390952110290527e-01,-8.343753963708877563e-02,-8.486211299896240234e-03,-3.824576362967491150e-02,2.487895339727401733e-01,1.389247626066207886e-01,-2.109160125255584717e-01,-4.505030512809753418e-01,-1.081526428461074829e-01,1.038560420274734497e-01,-2.342122048139572144e-01,2.024837732315063477e-01,-3.648519814014434814e-01,6.106164306402206421e-02,1.117347646504640579e-02
-1.036297917366027832e+00,-2.866446077823638916e-01,8.322147130966186523e-01,4.933737218379974365e-03,8.534242399036884308e-03,4.196172058582305908e-01,9.076476097106933594e-01,-4.813514053821563721e-01,2.193221747875213623e-01,2.611192464828491211e-01,8.573796153068542480e-01,-7.107135653495788574e-02,6.785376369953155518e-02,-3.280997648835182190e-02,-4.046647995710372925e-02,-4.880445599555969238e-01,1.262869834899902344e-01,-8.165919780731201172e-02,-7.256046403199434280e-03,-3.918880224227905273e-02,2.477220147848129272e-01,1.408887058496475220e-01,-2.091947197914123535e-01,-4.539341628551483154e-01,-1.093728467822074890e-01,1.086216866970062256e-01,-2.291931211948394775e-01,2.019306570291519165e-01,-3.675213754177093506e-01,6.079269945621490479e-02,1.063636783510446548e-02
-1.036102652549743652e+00,-2.856226563453674316e-01,8.318327665328979492e-01,3.525718580931425095e-03,7.603077217936515808e-03,4.255305826663970947e-01,9.049052596092224121e-01,-4.472516775131225586e-01,2.181138694286346436e-01,2.814507186412811279e-01,8.071315288543701172e-01,-6.303276866674423218e-02,6.094672903418540955e-02,-2.716288901865482330e-02,-3.776204958558082581e-02,-5.004857778549194336e-01,1.233821362257003784e-01,-7.791405916213989258e-02,-4.216191824525594711e-03,-3.995208069682121277e-02,2.466096729040145874e-01,1.432041823863983154e-01,-2.074075192213058472e-01,-4.573709666728973389e-01,-1.106162667274475098e-01,1.132476553320884705e-01,-2.238155603408813477e-01,2.015763223171234131e-01,-3.704923689365386963e-01,6.098091974854469299e-02,1.012764871120452881e-02
-1.036069393157958984e+00,-2.844613194465637207e-01,8.313713073730468750e-01,2.400973811745643616e-03,6.182719953358173370e-03,4.314575195312500000e-01,9.021088480949401855e-01,-4.111338555812835693e-01,2.155285626649856567e-01,3.027204871177673340e-01,7.536292672157287598e-01,-4.872639477252960205e-02,5.237413570284843445e-02,-2.109869383275508881e-02,-3.573955222964286804e-02,-5.130915045738220215e-01,1.224798932671546936e-01,-7.720305025577545166e-02,-2.774098189547657967e-03,-4.008581116795539856e-02,2.454943358898162842e-01,1.457616686820983887e-01,-2.055486142635345459e-01,-4.607890844345092773e-01,-1.117714270949363708e-01,1.179125756025314331e-01,-2.181616276502609253e-01,2.014385908842086792e-01,-3.730882108211517334e-01,6.179394200444221497e-02,9.515341371297836304e-03
-1.036188244819641113e+00,-2.831181287765502930e-01,8.307014107704162598e-01,9.679158101789653301e-04,4.520472604781389236e-03,4.375029504299163818e-01,8.992050886154174805e-01,-3.749077618122100830e-01,2.128468155860900879e-01,3.248382210731506348e-01,6.983181238174438477e-01,-2.772707492113113403e-02,4.202264174818992615e-02,-1.449950691312551498e-02,-3.313884139060974121e-02,-5.257313251495361328e-01,1.215374544262886047e-01,-7.610006630420684814e-02,4.669331246986985207e-04,-4.077067971229553223e-02,2.444692850112915039e-01,1.485351920127868652e-01,-2.036516517400741577e-01,-4.638717472553253174e-01,-1.128317192196846008e-01,1.225962191820144653e-01,-2.123942524194717407e-01,2.016049623489379883e-01,-3.754224479198455811e-01,6.364208459854125977e-02,9.043918922543525696e-03
-1.036400318145751953e+00,-2.815252840518951416e-01,8.299211859703063965e-01,-6.092311814427375793e-04,2.797096734866499901e-03,4.431427717208862305e-01,8.964464664459228516e-01,-3.378570377826690674e-01,2.085683494806289673e-01,3.458337783813476562e-01,6.398246884346008301e-01,5.897621158510446548e-04,2.182446978986263275e-02,-8.615181781351566315e-03,-3.074589744210243225e-02,-5.375713706016540527e-01,1.220407634973526001e-01,-7.617536187171936035e-02,4.057511221617460251e-03,-4.012608528137207031e-02,2.437781691551208496e-01,1.517733335494995117e-01,-2.016164213418960571e-01,-4.673237502574920654e-01,-1.144848093390464783e-01,1.277133822441101074e-01,-2.058793455362319946e-01,2.015702277421951294e-01,-3.791326582431793213e-01,6.668838113546371460e-02,8.619359694421291351e-03
-1.036880373954772949e+00,-2.799156606197357178e-01,8.291189074516296387e-01,-2.360486658290028572e-03,1.650020130909979343e-03,4.486900866031646729e-01,8.936827778816223145e-01,-3.030573129653930664e-01,2.022537291049957275e-01,3.641168177127838135e-01,5.856586694717407227e-01,4.140825010836124420e-03,-1.884846575558185577e-02,-5.267836153507232666e-03,-2.931174822151660919e-02,-5.485095977783203125e-01,1.248284503817558289e-01,-7.832018285989761353e-02,6.730559747666120529e-03,-4.042052850127220154e-02,2.426986992359161377e-01,1.552632004022598267e-01,-1.996812373399734497e-01,-4.698668122291564941e-01,-1.151980906724929810e-01,1.317545622587203979e-01,-1.992879062891006470e-01,2.015758305788040161e-01,-3.817991912364959717e-01,6.795617192983627319e-02,8.337686769664287567e-03
-1.037532091140747070e+00,-2.781201303005218506e-01,8.283450603485107422e-01,-3.811685834079980850e-03,1.243432285264134407e-03,4.540974795818328857e-01,8.909429907798767090e-01,-2.719282507896423340e-01,1.924421638250350952e-01,3.766692280769348145e-01,5.377253293991088867e-01,-3.349323198199272156e-02,-3.365552425384521484e-02,-3.580883610993623734e-03,-3.009580075740814209e-02,-5.584130883216857910e-01,1.297784000635147095e-01,-8.176869899034500122e-02,1.073559932410717010e-02,-3.951077163219451904e-02,2.415282130241394043e-01,1.585514843463897705e-01,-1.978976577520370483e-01,-4.728382825851440430e-01,-1.158459931612014771e-01,1.353074312210083008e-01,-1.927863657474517822e-01,2.011091858148574829e-01,-3.855991065502166748e-01,6.887070089578628540e-02,8.105854503810405731e-03
-1.038166165351867676e+00,-2.762661576271057129e-01,8.276149630546569824e-01,-5.118229426443576813e-03,1.168802380561828613e-03,4.591874778270721436e-01,8.883238434791564941e-01,-2.450042814016342163e-01,1.816240549087524414e-01,3.817593753337860107e-01,4.963627457618713379e-01,-7.006440311670303345e-02,-3.626570478081703186e-02,-4.169876221567392349e-03,-3.207619860768318176e-02,-5.670409798622131348e-01,1.366735547780990601e-01,-8.558001369237899780e-02,1.424794085323810577e-02,-3.755768388509750366e-02,2.401227653026580811e-01,1.615669727325439453e-01,-1.961973458528518677e-01,-4.766642153263092041e-01,-1.162529885768890381e-01,1.384819000959396362e-01,-1.865592449903488159e-01,1.999687254428863525e-01,-3.902872502803802490e-01,6.929062306880950928e-02,7.777626160532236099e-03
-1.039047956466674805e+00,-2.742237746715545654e-01,8.269211649894714355e-01,-6.342430133372545242e-03,9.850185597315430641e-04,4.647558927536010742e-01,8.854156136512756348e-01,-2.215882092714309692e-01,1.702681481838226318e-01,3.816733956336975098e-01,4.576882123947143555e-01,-1.006184443831443787e-01,-3.680090978741645813e-02,-6.379131227731704712e-03,-3.551974520087242126e-02,-5.757014155387878418e-01,1.462817490100860596e-01,-8.653001487255096436e-02,1.895536482334136963e-02,-3.654645383358001709e-02,2.386353015899658203e-01,1.643483638763427734e-01,-1.948674470186233521e-01,-4.807740449905395508e-01,-1.169777065515518188e-01,1.413277983665466309e-01,-1.806775182485580444e-01,1.978304833173751831e-01,-3.953884840011596680e-01,6.853983551263809204e-02,7.240683771669864655e-03
-1.040074110031127930e+00,-2.723486125469207764e-01,8.262280821800231934e-01,-7.352129090577363968e-03,1.296474365517497063e-03,4.710716903209686279e-01,8.820633292198181152e-01,-2.027176469564437866e-01,1.591977924108505249e-01,3.832436203956604004e-01,4.240222275257110596e-01,-1.270092129707336426e-01,-3.825206682085990906e-02,-8.854079060256481171e-03,-4.021211341023445129e-02,-5.856329798698425293e-01,1.570842564105987549e-01,-9.142579138278961182e-02,2.357250079512596130e-02,-3.658905252814292908e-02,2.371387183666229248e-01,1.668310314416885376e-01,-1.940259039402008057e-01,-4.842718243598937988e-01,-1.181195750832557678e-01,1.437896043062210083e-01,-1.756049096584320068e-01,1.948015242815017700e-01,-3.996939957141876221e-01,6.721360981464385986e-02,6.559917703270912170e-03
-1.041193366050720215e+00,-2.705064415931701660e-01,8.256638646125793457e-01,-7.639465853571891785e-03,1.758268219418823719e-03,4.775732755661010742e-01,8.785569667816162109e-01,-1.865848451852798462e-01,1.473560929298400879e-01,3.795906305313110352e-01,3.927534520626068115e-01,-1.427184343338012695e-01,-4.433396086096763611e-02,-1.242006849497556686e-02,-4.745059460401535034e-02,-5.937386155128479004e-01,1.715414673089981079e-01,-9.710914641618728638e-02,2.871852554380893707e-02,-3.598720207810401917e-02,2.353769689798355103e-01,1.690641790628433228e-01,-1.937224268913269043e-01,-4.881692826747894287e-01,-1.197003796696662903e-01,1.457906216382980347e-01,-1.710981428623199463e-01,1.909369826316833496e-01,-4.039496183395385742e-01,6.564765423536300659e-02,5.724574904888868332e-03
-1.042145967483520508e+00,-2.689334750175476074e-01,8.253048062324523926e-01,-6.633296143263578415e-03,2.707876730710268021e-03,4.845715463161468506e-01,8.747223019599914551e-01,-1.750979274511337280e-01,1.336623728275299072e-01,3.708411157131195068e-01,3.655771315097808838e-01,-1.444243639707565308e-01,-4.107727855443954468e-02,-1.759870909154415131e-02,-5.780013650655746460e-02,-5.980716347694396973e-01,1.893946826457977295e-01,-1.040138229727745056e-01,3.376344591379165649e-02,-3.580598905682563782e-02,2.334230244159698486e-01,1.705425530672073364e-01,-1.940682679414749146e-01,-4.924120306968688965e-01,-1.214343160390853882e-01,1.475581824779510498e-01,-1.674136221408843994e-01,1.860147565603256226e-01,-4.076309800148010254e-01,6.358659267425537109e-02,4.603467416018247604e-03
-1.043212056159973145e+00,-2.674324512481689453e-01,8.251580595970153809e-01,-4.978010896593332291e-03,3.746141912415623665e-03,4.922042787075042725e-01,8.704574108123779297e-01,-1.654605567455291748e-01,1.182215437293052673e-01,3.621866405010223389e-01,3.400101661682128906e-01,-1.414283663034439087e-01,-2.806357294321060181e-02,-2.430431544780731201e-02,-7.089525461196899414e-02,-6.007984876632690430e-01,2.113777846097946167e-01,-1.098134070634841919e-01,3.901498764753341675e-02,-3.684809058904647827e-02,2.313907295465469360e-01,1.710403710603713989e-01,-1.952016204595565796e-01,-4.965052902698516846e-01,-1.232991591095924377e-01,1.491361409425735474e-01,-1.647168397903442383e-01,1.801985353231430054e-01,-4.105264544486999512e-01,6.145884096622467041e-02,3.091156715527176857e-03
-1.044545173645019531e+00,-2.660749852657318115e-01,8.252332806587219238e-01,-3.018288174644112587e-03,5.081671755760908127e-03,4.991816282272338867e-01,8.664771914482116699e-01,-1.570349335670471191e-01,1.022331640124320984e-01,3.534791767597198486e-01,3.168447911739349365e-01,-1.376880854368209839e-01,-1.124902907758951187e-02,-3.401093930006027222e-02,-8.710657805204391479e-02,-6.035698652267456055e-01,2.386206537485122681e-01,-1.130538955330848694e-01,4.476047679781913757e-02,-3.752085939049720764e-02,2.291684597730636597e-01,1.706182062625885010e-01,-1.967987865209579468e-01,-5.005809068679809570e-01,-1.248547509312629700e-01,1.503746360540390015e-01,-1.629251986742019653e-01,1.733750253915786743e-01,-4.131115078926086426e-01,5.890218913555145264e-02,1.287813647650182247e-03
-1.045263886451721191e+00,-2.648206055164337158e-01,8.255404829978942871e-01,-1.054872176609933376e-03,6.539274938404560089e-03,5.064367055892944336e-01,8.622516989707946777e-01,-1.492300629615783691e-01,8.827126771211624146e-02,3.421410024166107178e-01,2.950758039951324463e-01,-1.296572834253311157e-01,-5.857278592884540558e-03,-4.590238630771636963e-02,-1.042313650250434875e-01,-6.046943664550781250e-01,2.703889608383178711e-01,-1.138462647795677185e-01,4.861170798540115356e-02,-3.870592638850212097e-02,2.268309444189071655e-01,1.697893142700195312e-01,-1.988229155540466309e-01,-5.044103860855102539e-01,-1.263347417116165161e-01,1.513923555612564087e-01,-1.614536046981811523e-01,1.657950133085250854e-01,-4.152866005897521973e-01,5.607992038130760193e-02,-6.893980898894369602e-04
-1.046889901161193848e+00,-2.637935280799865723e-01,8.262347579002380371e-01,3.314556961413472891e-04,7.626587525010108948e-03,5.134350061416625977e-01,8.580945134162902832e-01,-1.428718864917755127e-01,7.573222368955612183e-02,3.295206427574157715e-01,2.750560939311981201e-01,-1.189818978309631348e-01,-8.964611217379570007e-03,-6.508759409189224243e-02,-1.247386634349822998e-01,-6.025543808937072754e-01,3.145212233066558838e-01,-1.151988059282302856e-01,3.802058100700378418e-02,-4.126005992293357849e-02,2.245408296585083008e-01,1.692143231630325317e-01,-2.004195749759674072e-01,-5.070459842681884766e-01,-1.271092891693115234e-01,1.517338007688522339e-01,-1.599695682525634766e-01,1.596231460571289062e-01,-4.165544509887695312e-01,5.399948358535766602e-02,-2.175384666770696640e-03
-1.048237204551696777e+00,-2.629562318325042725e-01,8.270225524902343750e-01,7.896936731413006783e-04,8.358475752174854279e-03,5.193231105804443359e-01,8.545367121696472168e-01,-1.385493129491806030e-01,6.841906905174255371e-02,3.212818205356597900e-01,2.618684470653533936e-01,-1.106742992997169495e-01,-1.479581929743289948e-02,-8.230580389499664307e-02,-1.400768756866455078e-01,-6.005706191062927246e-01,3.504818379878997803e-01,-1.026769503951072693e-01,3.154751658439636230e-02,-4.161445796489715576e-02,2.225375473499298096e-01,1.684464812278747559e-01,-2.019223421812057495e-01,-5.091874599456787109e-01,-1.276095956563949585e-01,1.519058495759963989e-01,-1.589435040950775146e-01,1.536849588155746460e-01,-4.177309572696685791e-01,5.255384743213653564e-02,-3.522411920130252838e-03
-1.049640297889709473e+00,-2.620874941349029541e-01,8.278170824050903320e-01,9.373339125886559486e-04,8.486599661409854889e-03,5.250828862190246582e-01,8.510082364082336426e-01,-1.361746340990066528e-01,6.308675557374954224e-02,3.141390681266784668e-01,2.506748139858245850e-01,-1.011866554617881775e-01,-1.960902661085128784e-02,-1.039238348603248596e-01,-1.583600491285324097e-01,-6.004681587219238281e-01,3.963950276374816895e-01,-8.390799164772033691e-02,2.911235392093658447e-02,-4.168466851115226746e-02,2.206554859876632690e-01,1.676705181598663330e-01,-2.033391743898391724e-01,-5.110872983932495117e-01,-1.279776692390441895e-01,1.519904136657714844e-01,-1.579397916793823242e-01,1.481534987688064575e-01,-4.186778664588928223e-01,5.149291828274726868e-02,-4.743232391774654388e-03
-1.051180362701416016e+00,-2.612221240997314453e-01,8.284566402435302734e-01,4.284351598471403122e-04,8.467517793178558350e-03,5.318587422370910645e-01,8.467906117439270020e-01,-1.344783157110214233e-01,5.906409770250320435e-02,3.072905242443084717e-01,2.407260090112686157e-01,-9.348905831575393677e-02,-2.359147369861602783e-02,-1.284263134002685547e-01,-1.782380491495132446e-01,-5.983656644821166992e-01,4.469590783119201660e-01,-6.059506908059120178e-02,2.598441019654273987e-02,-4.417888447642326355e-02,2.187395691871643066e-01,1.669066250324249268e-01,-2.047743350267410278e-01,-5.129916667938232422e-01,-1.283344179391860962e-01,1.518920361995697021e-01,-1.567206829786300659e-01,1.426988542079925537e-01,-4.195970296859741211e-01,5.035639554262161255e-02,-5.876427516341209412e-03
-1.052722096443176270e+00,-2.603936493396759033e-01,8.291121721267700195e-01,-2.568948839325457811e-04,8.240771479904651642e-03,5.388787388801574707e-01,8.423429727554321289e-01,-1.329272836446762085e-01,5.565875023603439331e-02,2.991641163825988770e-01,2.324262708425521851e-01,-8.731321245431900024e-02,-2.508899569511413574e-02,-1.552908122539520264e-01,-1.988685727119445801e-01,-5.947179794311523438e-01,4.995591044425964355e-01,-2.973506972193717957e-02,1.448932010680437088e-02,-4.758844524621963501e-02,2.168538719415664673e-01,1.663397550582885742e-01,-2.062854915857315063e-01,-5.148722529411315918e-01,-1.287811249494552612e-01,1.515990942716598511e-01,-1.550522297620773315e-01,1.373581439256668091e-01,-4.205698966979980469e-01,4.903669655323028564e-02,-6.913103163242340088e-03
-1.054533958435058594e+00,-2.597692608833312988e-01,8.297032713890075684e-01,-1.107632298953831196e-03,7.855752483010292053e-03,5.455701351165771484e-01,8.380275964736938477e-01,-1.336768865585327148e-01,5.279415473341941833e-02,2.901148498058319092e-01,2.264585942029953003e-01,-8.181992918252944946e-02,-2.483534067869186401e-02,-1.837955862283706665e-01,-2.204774022102355957e-01,-5.910087227821350098e-01,5.521590709686279297e-01,4.985158797353506088e-03,5.100239999592304230e-03,-5.084630846977233887e-02,2.149761319160461426e-01,1.658872067928314209e-01,-2.080021947622299194e-01,-5.168198943138122559e-01,-1.293547004461288452e-01,1.511402428150177002e-01,-1.530491262674331665e-01,1.320700794458389282e-01,-4.216820001602172852e-01,4.763139039278030396e-02,-7.882961072027683258e-03
-1.056274175643920898e+00,-2.590565085411071777e-01,8.301966786384582520e-01,-2.210490172728896141e-03,7.326767779886722565e-03,5.526764988899230957e-01,8.333607316017150879e-01,-1.358485668897628784e-01,5.055833980441093445e-02,2.795130312442779541e-01,2.217796891927719116e-01,-7.730419933795928955e-02,-2.451077289879322052e-02,-2.132689952850341797e-01,-2.422024607658386230e-01,-5.850926637649536133e-01,6.047590970993041992e-01,4.231224581599235535e-02,-9.792228229343891144e-03,-5.509904026985168457e-02,2.131838649511337280e-01,1.659026145935058594e-01,-2.099524885416030884e-01,-5.187391638755798340e-01,-1.301639825105667114e-01,1.506517529487609863e-01,-1.504938155412673950e-01,1.271546185016632080e-01,-4.228605926036834717e-01,4.625976085662841797e-02,-8.788623847067356110e-03
-1.057916879653930664e+00,-2.584548294544219971e-01,8.304105997085571289e-01,-3.457501530647277832e-03,6.704104132950305939e-03,5.603054165840148926e-01,8.282517194747924805e-01,-1.379168182611465454e-01,4.878685995936393738e-02,2.673312723636627197e-01,2.187209278345108032e-01,-7.507712393999099731e-02,-2.383251674473285675e-02,-2.445479184389114380e-01,-2.637710273265838623e-01,-5.762594342231750488e-01,6.573590636253356934e-01,7.747980952262878418e-02,-2.926589176058769226e-02,-6.056880578398704529e-02,2.115068435668945312e-01,1.665513962507247925e-01,-2.122469991445541382e-01,-5.206254720687866211e-01,-1.313451081514358521e-01,1.501315683126449585e-01,-1.473823338747024536e-01,1.226298287510871887e-01,-4.241527915000915527e-01,4.496496915817260742e-02,-9.645131416618824005e-03
-1.059547424316406250e+00,-2.578814625740051270e-01,8.305031657218933105e-01,-4.334230441600084305e-03,5.666408687829971313e-03,5.681647062301635742e-01,8.228839039802551270e-01,-1.407276988029479980e-01,4.694121703505516052e-02,2.544453144073486328e-01,2.176284044981002808e-01,-7.369917631149291992e-02,-2.268096990883350372e-02,-2.762277722358703613e-01,-2.854588925838470459e-01,-5.646064877510070801e-01,7.099590897560119629e-01,1.074462309479713440e-01,-5.308433994650840759e-02,-6.635747849941253662e-02,2.099670916795730591e-01,1.677604168653488159e-01,-2.148999720811843872e-01,-5.225051641464233398e-01,-1.328576356172561646e-01,1.497385054826736450e-01,-1.437721103429794312e-01,1.185694932937622070e-01,-4.254229366779327393e-01,4.381327331066131592e-02,-1.044721342623233795e-02
-1.060942769050598145e+00,-2.573979496955871582e-01,8.305221796035766602e-01,-4.995806142687797546e-03,4.881910048425197601e-03,5.762743949890136719e-01,8.172264099121093750e-01,-1.442623436450958252e-01,4.464109987020492554e-02,2.400718480348587036e-01,2.181035727262496948e-01,-7.305575907230377197e-02,-2.032564207911491394e-02,-3.099172115325927734e-01,-3.065852820873260498e-01,-5.485953688621520996e-01,7.625591158866882324e-01,1.303309351205825806e-01,-7.957273721694946289e-02,-7.303264737129211426e-02,2.086282819509506226e-01,1.695476621389389038e-01,-2.180770486593246460e-01,-5.243673920631408691e-01,-1.348088085651397705e-01,1.494627147912979126e-01,-1.399168521165847778e-01,1.150479763746261597e-01,-4.267241060733795166e-01,4.295443743467330933e-02,-1.120944786816835403e-02
-1.062370896339416504e+00,-2.570380270481109619e-01,8.302875757217407227e-01,-5.026762839406728745e-03,4.296885337680578232e-03,5.843715071678161621e-01,8.114593029022216797e-01,-1.482283324003219604e-01,4.071893915534019470e-02,2.235618084669113159e-01,2.194783985614776611e-01,-7.296028733253479004e-02,-1.793140172958374023e-02,-3.451269865036010742e-01,-3.274151384830474854e-01,-5.278403162956237793e-01,8.151590824127197266e-01,1.419218182563781738e-01,-1.018260344862937927e-01,-7.946339994668960571e-02,2.073583155870437622e-01,1.717279702425003052e-01,-2.218596190214157104e-01,-5.264078974723815918e-01,-1.372142732143402100e-01,1.492433995008468628e-01,-1.361055970191955566e-01,1.119465976953506470e-01,-4.281760454177856445e-01,4.248009622097015381e-02,-1.195195131003856659e-02
-1.063451886177062988e+00,-2.565900981426239014e-01,8.299112319946289062e-01,-4.424851387739181519e-03,4.369209054857492447e-03,5.922956466674804688e-01,8.056967258453369141e-01,-1.523377597332000732e-01,3.497320786118507385e-02,2.058858126401901245e-01,2.212771028280258179e-01,-7.253514975309371948e-02,-1.645589992403984070e-02,-3.819285333156585693e-01,-3.472803235054016113e-01,-5.023223757743835449e-01,8.677591085433959961e-01,1.357068717479705811e-01,-1.089575588703155518e-01,-8.564013242721557617e-02,2.061177939176559448e-01,1.738467365503311157e-01,-2.262943983078002930e-01,-5.287467837333679199e-01,-1.399399936199188232e-01,1.491226106882095337e-01,-1.329010128974914551e-01,1.092407107353210449e-01,-4.297807514667510986e-01,4.264665022492408752e-02,-1.271378435194492340e-02
-1.064361929893493652e+00,-2.562457919120788574e-01,8.294444084167480469e-01,-3.342410549521446228e-03,4.447569604963064194e-03,5.998203754425048828e-01,8.001153469085693359e-01,-1.563958078622817993e-01,2.867195568978786469e-02,1.881877034902572632e-01,2.244212925434112549e-01,-7.196559756994247437e-02,-1.443631388247013092e-02,-4.192791879177093506e-01,-3.661104440689086914e-01,-4.741634130477905273e-01,9.203590750694274902e-01,1.184053122997283936e-01,-1.091574877500534058e-01,-9.077858179807662964e-02,2.050698697566986084e-01,1.759252697229385376e-01,-2.310889810323715210e-01,-5.310494899749755859e-01,-1.428031921386718750e-01,1.492611169815063477e-01,-1.303800195455551147e-01,1.070414409041404724e-01,-4.312722980976104736e-01,4.345443099737167358e-02,-1.345663238316774368e-02
-1.065142750740051270e+00,-2.557934522628784180e-01,8.290152549743652344e-01,-2.255411585792899132e-03,4.355866927653551102e-03,6.070384383201599121e-01,7.946573495864868164e-01,-1.599856913089752197e-01,2.267207391560077667e-02,1.705346852540969849e-01,2.281540781259536743e-01,-7.154703140258789062e-02,-1.222223788499832153e-02,-4.575391709804534912e-01,-3.831924796104431152e-01,-4.442728161811828613e-01,9.729591012001037598e-01,9.743481874465942383e-02,-1.140194833278656006e-01,-9.562555700540542603e-02,2.041679322719573975e-01,1.782655119895935059e-01,-2.359483838081359863e-01,-5.332034826278686523e-01,-1.457449793815612793e-01,1.497989147901535034e-01,-1.282499730587005615e-01,1.054590865969657898e-01,-4.324018657207489014e-01,4.477281495928764343e-02,-1.417090371251106262e-02
-1.065740108489990234e+00,-2.552335560321807861e-01,8.284474015235900879e-01,-7.405770593322813511e-04,5.246323533356189728e-03,6.137765645980834961e-01,7.894619703292846680e-01,-1.642070561647415161e-01,1.470250729471445084e-02,1.533318758010864258e-01,2.318259328603744507e-01,-7.123165577650070190e-02,-9.848883375525474548e-03,-4.985021352767944336e-01,-4.011792242527008057e-01,-4.131479859352111816e-01,1.025559067726135254e+00,7.389429956674575806e-02,-1.215824633836746216e-01,-9.989156574010848999e-02,2.032057493925094604e-01,1.801186800003051758e-01,-2.407377511262893677e-01,-5.354889035224914551e-01,-1.484642773866653442e-01,1.505199372768402100e-01,-1.273577958345413208e-01,1.041939854621887207e-01,-4.334295690059661865e-01,4.681010916829109192e-02,-1.487432420253753662e-02
-1.066174149513244629e+00,-2.547171711921691895e-01,8.273191452026367188e-01,2.784357173368334770e-03,8.614514023065567017e-03,6.204398274421691895e-01,7.842018008232116699e-01,-1.690567880868911743e-01,1.521136800874955952e-05,1.371620893478393555e-01,2.347130030393600464e-01,-7.051740586757659912e-02,-6.604935973882675171e-03,-5.454668998718261719e-01,-4.241981208324432373e-01,-3.765187263488769531e-01,1.078159093856811523e+00,4.774921014904975891e-02,-1.289278119802474976e-01,-1.062000244855880737e-01,2.019577473402023315e-01,1.787599027156829834e-01,-2.455959916114807129e-01,-5.385385751724243164e-01,-1.501250863075256348e-01,1.509437412023544312e-01,-1.305175870656967163e-01,1.025322973728179932e-01,-4.349994957447052002e-01,5.028902739286422729e-02,-1.559190545231103897e-02
-1.066472411155700684e+00,-2.540424764156341553e-01,8.267016410827636719e-01,4.838903434574604034e-03,1.117361243814229965e-02,6.260276436805725098e-01,7.797057628631591797e-01,-1.730387359857559204e-01,-1.071671117097139359e-02,1.235283315181732178e-01,2.362398505210876465e-01,-6.946375221014022827e-02,-3.622231772169470787e-03,-5.860952138900756836e-01,-4.387414753437042236e-01,-3.429104387760162354e-01,1.117842197418212891e+00,2.634587511420249939e-02,-1.336897462606430054e-01,-1.106812879443168640e-01,2.006435990333557129e-01,1.764092147350311279e-01,-2.497133016586303711e-01,-5.413561463356018066e-01,-1.508591622114181519e-01,1.514265686273574829e-01,-1.351930350065231323e-01,1.008074060082435608e-01,-4.370210170745849609e-01,5.490502342581748962e-02,-1.623805239796638489e-02
-1.066773772239685059e+00,-2.532115876674652100e-01,8.270633816719055176e-01,3.970423247665166855e-03,1.141391415148973465e-02,6.297062039375305176e-01,7.767394185066223145e-01,-1.753714978694915771e-01,-1.243235450237989426e-02,1.137143895030021667e-01,2.365574389696121216e-01,-6.883495301008224487e-02,-2.276921411976218224e-03,-6.142698526382446289e-01,-4.395383894443511963e-01,-3.179962635040283203e-01,1.139689326286315918e+00,1.156835816800594330e-02,-1.370196938514709473e-01,-1.109625175595283508e-01,1.996109634637832642e-01,1.764676123857498169e-01,-2.520218491554260254e-01,-5.425020456314086914e-01,-1.510219424962997437e-01,1.523591428995132446e-01,-1.373898833990097046e-01,9.964063763618469238e-02,-4.389142990112304688e-01,5.956502258777618408e-02,-1.670692674815654755e-02
-1.066940784454345703e+00,-2.523156404495239258e-01,8.275955915451049805e-01,2.759724855422973633e-03,1.089966669678688049e-02,6.326401233673095703e-01,7.743642926216125488e-01,-1.768498718738555908e-01,-1.193558424711227417e-02,1.056375876069068909e-01,2.372404187917709351e-01,-6.790798157453536987e-02,-7.307389751076698303e-04,-6.379353404045104980e-01,-4.363145232200622559e-01,-2.950332760810852051e-01,1.156573653221130371e+00,-4.680636047851294279e-04,-1.426834166049957275e-01,-1.102074831724166870e-01,1.987115442752838135e-01,1.779300570487976074e-01,-2.525108754634857178e-01,-5.424025058746337891e-01,-1.502670794725418091e-01,1.534931510686874390e-01,-1.378189474344253540e-01,9.897584468126296997e-02,-4.405428767204284668e-01,6.405063718557357788e-02,-1.689055375754833221e-02
-1.066913247108459473e+00,-2.514028549194335938e-01,8.280568122863769531e-01,1.658553257584571838e-03,1.007843110710382462e-02,6.352531313896179199e-01,7.722364664077758789e-01,-1.778295785188674927e-01,-1.040967088192701340e-02,9.943629056215286255e-02,2.385036051273345947e-01,-6.731480360031127930e-02,4.269987985026091337e-04,-6.585102677345275879e-01,-4.310726225376129150e-01,-2.733848690986633301e-01,1.170365333557128906e+00,-1.051176059991121292e-02,-1.482450664043426514e-01,-1.084177494049072266e-01,1.978994309902191162e-01,1.800524145364761353e-01,-2.514544427394866943e-01,-5.414239168167114258e-01,-1.485062092542648315e-01,1.545188724994659424e-01,-1.371941715478897095e-01,9.857250005006790161e-02,-4.421348273754119873e-01,6.836118549108505249e-02,-1.680329069495201111e-02
-1.066642761230468750e+00,-2.504572570323944092e-01,8.284958600997924805e-01,4.054787277709692717e-04,9.521447122097015381e-03,6.371276974678039551e-01,7.706993818283081055e-01,-1.786298900842666626e-01,-8.468225598335266113e-03,9.426316618919372559e-02,2.392147034406661987e-01,-6.707252562046051025e-02,1.322241500020027161e-03,-6.801077127456665039e-01,-4.224585890769958496e-01,-2.494173347949981689e-01,1.182847142219543457e+00,-1.951212622225284576e-02,-1.549274772405624390e-01,-1.037738323211669922e-01,1.971812546253204346e-01,1.829843521118164062e-01,-2.483553141355514526e-01,-5.391870737075805664e-01,-1.449789851903915405e-01,1.552969664335250854e-01,-1.357172429561614990e-01,9.879466146230697632e-02,-4.441398680210113525e-01,7.347569614648818970e-02,-1.619792915880680084e-02
-1.066238403320312500e+00,-2.495376318693161011e-01,8.289498686790466309e-01,-7.737763226032257080e-04,8.776369504630565643e-03,6.389777660369873047e-01,7.691747546195983887e-01,-1.785895079374313354e-01,-5.934242624789476395e-03,9.036788344383239746e-02,2.398945540189743042e-01,-6.692765653133392334e-02,1.770116155967116356e-03,-6.971637010574340820e-01,-4.124086201190948486e-01,-2.280026376247406006e-01,1.190753817558288574e+00,-2.459582127630710602e-02,-1.583295166492462158e-01,-9.910179674625396729e-02,1.963250786066055298e-01,1.860948503017425537e-01,-2.440395653247833252e-01,-5.364588499069213867e-01,-1.400441825389862061e-01,1.557067185640335083e-01,-1.335223317146301270e-01,9.897348284721374512e-02,-4.467674195766448975e-01,7.876560837030410767e-02,-1.519974786788225174e-02
-1.065850138664245605e+00,-2.486339062452316284e-01,8.293945193290710449e-01,-1.849497668445110321e-03,7.795750163495540619e-03,6.412225365638732910e-01,7.673131227493286133e-01,-1.780126243829727173e-01,-3.458384890109300613e-03,8.563666790723800659e-02,2.401973605155944824e-01,-6.669838726520538330e-02,2.245918847620487213e-03,-7.102341055870056152e-01,-4.015220403671264648e-01,-2.088099271059036255e-01,1.194997906684875488e+00,-2.939620800316333771e-02,-1.593281626701354980e-01,-9.432620555162429810e-02,1.956092417240142822e-01,1.892341673374176025e-01,-2.394242882728576660e-01,-5.334312915802001953e-01,-1.346167176961898804e-01,1.560139060020446777e-01,-1.308979690074920654e-01,9.907504916191101074e-02,-4.495496451854705811e-01,8.382323384284973145e-02,-1.395263243466615677e-02
-1.065353751182556152e+00,-2.475824952125549316e-01,8.297573924064636230e-01,-2.442267257720232010e-03,6.638521794229745865e-03,6.434993147850036621e-01,7.654139995574951172e-01,-1.783274263143539429e-01,-1.369372825138270855e-03,8.077403903007507324e-02,2.418329268693923950e-01,-6.628680229187011719e-02,2.617225283756852150e-03,-7.196019291877746582e-01,-3.901451230049133301e-01,-1.907324045896530151e-01,1.196711182594299316e+00,-3.330411389470100403e-02,-1.544947177171707153e-01,-8.943119645118713379e-02,1.944417953491210938e-01,1.932124793529510498e-01,-2.348332107067108154e-01,-5.287466049194335938e-01,-1.253768354654312134e-01,1.571062505245208740e-01,-1.270471960306167603e-01,9.821959584951400757e-02,-4.538931250572204590e-01,9.291281551122665405e-02,-1.189465355128049850e-02
-1.064552783966064453e+00,-2.463494539260864258e-01,8.299478292465209961e-01,-2.791432198137044907e-03,6.084980908781290054e-03,6.465908288955688477e-01,7.628076672554016113e-01,-1.776510924100875854e-01,-4.191873013041913509e-04,7.513085752725601196e-02,2.422982603311538696e-01,-6.634807586669921875e-02,2.509244484826922417e-03,-7.271908521652221680e-01,-3.800772726535797119e-01,-1.741778999567031860e-01,1.197252392768859863e+00,-3.915781527757644653e-02,-1.496531069278717041e-01,-8.590522408485412598e-02,1.941599547863006592e-01,1.966593861579895020e-01,-2.320069223642349243e-01,-5.250486731529235840e-01,-1.201561987400054932e-01,1.578976362943649292e-01,-1.239591687917709351e-01,9.741456806659698486e-02,-4.576718807220458984e-01,9.922821074724197388e-02,-1.016404200345277786e-02
-1.063724279403686523e+00,-2.453679591417312622e-01,8.300783038139343262e-01,-2.425088081508874893e-03,5.110296420753002167e-03,6.498215794563293457e-01,7.600657343864440918e-01,-1.754708439111709595e-01,-2.865682108676992357e-05,6.929495185613632202e-02,2.425262331962585449e-01,-6.610203534364700317e-02,2.436689566820859909e-03,-7.314168214797973633e-01,-3.698215782642364502e-01,-1.583395749330520630e-01,1.195016026496887207e+00,-4.392513260245323181e-02,-1.449240148067474365e-01,-8.322408050298690796e-02,1.946877241134643555e-01,1.998786777257919312e-01,-2.304403930902481079e-01,-5.216029882431030273e-01,-1.171435117721557617e-01,1.586505323648452759e-01,-1.215240135788917542e-01,9.688635915517807007e-02,-4.610101580619812012e-01,1.044549718499183655e-01,-8.684975095093250275e-03
-1.062804698944091797e+00,-2.443547993898391724e-01,8.301853537559509277e-01,-2.025946276262402534e-03,4.397168755531311035e-03,6.533014178276062012e-01,7.570824623107910156e-01,-1.733360737562179565e-01,-1.843458740040659904e-04,6.270428746938705444e-02,2.419860810041427612e-01,-6.535597890615463257e-02,2.488614525645971298e-03,-7.335304021835327148e-01,-3.595747947692871094e-01,-1.439536809921264648e-01,1.190351963043212891e+00,-4.910812154412269592e-02,-1.386749595403671265e-01,-8.038657158613204956e-02,1.958772987127304077e-01,2.030074596405029297e-01,-2.302284240722656250e-01,-5.183744430541992188e-01,-1.161861121654510498e-01,1.595038920640945435e-01,-1.197740957140922546e-01,9.658913314342498779e-02,-4.641062915325164795e-01,1.092681810259819031e-01,-7.487978786230087280e-03
-1.061695456504821777e+00,-2.431816607713699341e-01,8.302225470542907715e-01,-1.850445638410747051e-03,4.393798764795064926e-03,6.568802595138549805e-01,7.539798021316528320e-01,-1.721677333116531372e-01,-8.797740447334945202e-04,5.509812757372856140e-02,2.407507598400115967e-01,-6.449717283248901367e-02,2.233420033007860184e-03,-7.348106503486633301e-01,-3.495507836341857910e-01,-1.306823641061782837e-01,1.182977199554443359e+00,-5.399089679121971130e-02,-1.299417316913604736e-01,-7.754895091056823730e-02,1.973891109228134155e-01,2.059942483901977539e-01,-2.312319725751876831e-01,-5.159521698951721191e-01,-1.168369054794311523e-01,1.602568179368972778e-01,-1.186490282416343689e-01,9.616820514202117920e-02,-4.675382375717163086e-01,1.132996827363967896e-01,-6.621800828725099564e-03
-1.060518503189086914e+00,-2.421451658010482788e-01,8.301767110824584961e-01,-1.620234106667339802e-03,4.602578468620777130e-03,6.607930660247802734e-01,7.505522370338439941e-01,-1.718444824218750000e-01,-1.912911888211965561e-03,4.696911945939064026e-02,2.399540990591049194e-01,-6.364694982767105103e-02,1.867998391389846802e-03,-7.345539331436157227e-01,-3.395520746707916260e-01,-1.179695427417755127e-01,1.173958539962768555e+00,-5.872752517461776733e-02,-1.200153380632400513e-01,-7.568768411874771118e-02,1.991188675165176392e-01,2.089845687150955200e-01,-2.333820611238479614e-01,-5.139756798744201660e-01,-1.191812828183174133e-01,1.610596626996994019e-01,-1.181232854723930359e-01,9.553384780883789062e-02,-4.707553982734680176e-01,1.168938949704170227e-01,-6.173305679112672806e-03
-1.059324145317077637e+00,-2.409996390342712402e-01,8.300969600677490234e-01,-1.470695715397596359e-03,5.188295152038335800e-03,6.649392247200012207e-01,7.468780279159545898e-01,-1.691305637359619141e-01,-3.420837689191102982e-03,3.905380517244338989e-02,2.369240522384643555e-01,-6.336706876754760742e-02,1.334033673629164696e-03,-7.328693270683288574e-01,-3.296530246734619141e-01,-1.058557406067848206e-01,1.162027955055236816e+00,-6.138677522540092468e-02,-1.122449487447738647e-01,-7.413937151432037354e-02,2.009076327085494995e-01,2.118470519781112671e-01,-2.363809794187545776e-01,-5.125645995140075684e-01,-1.225561350584030151e-01,1.618925631046295166e-01,-1.181552261114120483e-01,9.447956085205078125e-02,-4.736373722553253174e-01,1.198414713144302368e-01,-6.367962341755628586e-03
-1.058142781257629395e+00,-2.398993223905563354e-01,8.300037980079650879e-01,-8.499946561641991138e-04,5.499739665538072586e-03,6.685463190078735352e-01,7.436496615409851074e-01,-1.704726815223693848e-01,-5.126304924488067627e-03,3.106624819338321686e-02,2.371217459440231323e-01,-6.173928081989288330e-02,6.913166726008057594e-04,-7.283381819725036621e-01,-3.187763988971710205e-01,-9.336376190185546875e-02,1.147164583206176758e+00,-6.479934602975845337e-02,-1.011196896433830261e-01,-7.243390381336212158e-02,2.028708457946777344e-01,2.144105881452560425e-01,-2.399403005838394165e-01,-5.108687281608581543e-01,-1.266070753335952759e-01,1.628036946058273315e-01,-1.187330484390258789e-01,9.296507388353347778e-02,-4.759573340415954590e-01,1.222343593835830688e-01,-7.025245111435651779e-03
-1.056878328323364258e+00,-2.387613654136657715e-01,8.298897743225097656e-01,-6.617620238102972507e-04,5.946435034275054932e-03,6.722185611724853516e-01,7.403285503387451172e-01,-1.714455038309097290e-01,-6.164053454995155334e-03,2.317846752703189850e-02,2.377529889345169067e-01,-6.159591302275657654e-02,5.468723975354805589e-05,-7.219592332839965820e-01,-3.065516948699951172e-01,-8.131378889083862305e-02,1.129010200500488281e+00,-6.648344546556472778e-02,-8.904211968183517456e-02,-7.080863416194915771e-02,2.046881616115570068e-01,2.166124433279037476e-01,-2.435835152864456177e-01,-5.093650221824645996e-01,-1.305358409881591797e-01,1.636799275875091553e-01,-1.197465360164642334e-01,9.117591381072998047e-02,-4.780123829841613770e-01,1.245873719453811646e-01,-8.204017765820026398e-03
-1.055421948432922363e+00,-2.375799566507339478e-01,8.297840952873229980e-01,-5.788275157101452351e-04,6.433079950511455536e-03,6.759612560272216797e-01,7.369088530540466309e-01,-1.708071678876876831e-01,-6.831631995737552643e-03,1.525451429188251495e-02,2.370220571756362915e-01,-6.191486492753028870e-02,-1.009004190564155579e-03,-7.132793068885803223e-01,-2.931171357631683350e-01,-6.924530863761901855e-02,1.107615590095520020e+00,-6.739377230405807495e-02,-7.839222252368927002e-02,-6.931966543197631836e-02,2.063032686710357666e-01,2.185202986001968384e-01,-2.471249699592590332e-01,-5.080116987228393555e-01,-1.341915130615234375e-01,1.644540280103683472e-01,-1.209734305739402771e-01,8.881927281618118286e-02,-4.798561930656433105e-01,1.262068897485733032e-01,-9.654590860009193420e-03
-1.053706645965576172e+00,-2.363731265068054199e-01,8.296672105789184570e-01,-4.657129175029695034e-04,6.665634457021951675e-03,6.799894571304321289e-01,7.331914305686950684e-01,-1.708060801029205322e-01,-6.829014513641595840e-03,6.834927480667829514e-03,2.370732724666595459e-01,-6.196575611829757690e-02,-2.710619242861866951e-03,-7.009859085083007812e-01,-2.784572839736938477e-01,-5.729486048221588135e-02,1.083104968070983887e+00,-6.762851774692535400e-02,-6.547521799802780151e-02,-6.671092659235000610e-02,2.076107710599899292e-01,2.200520783662796021e-01,-2.503124177455902100e-01,-5.068674087524414062e-01,-1.371014416217803955e-01,1.653103828430175781e-01,-1.223267167806625366e-01,8.579561114311218262e-02,-4.808681607246398926e-01,1.269924938678741455e-01,-1.152556203305721283e-02
-1.052217245101928711e+00,-2.353016585111618042e-01,8.295391201972961426e-01,-2.344172826269641519e-04,6.765379104763269424e-03,6.836346983909606934e-01,7.297929525375366211e-01,-1.708417683839797974e-01,-7.014490664005279541e-03,-1.279523712582886219e-03,2.377537488937377930e-01,-6.226482242345809937e-02,-3.910261206328868866e-03,-6.866166591644287109e-01,-2.627990543842315674e-01,-4.356604442000389099e-02,1.054992794990539551e+00,-6.625540554523468018e-02,-4.842012375593185425e-02,-6.509461998939514160e-02,2.087400704622268677e-01,2.211683243513107300e-01,-2.528749108314514160e-01,-5.051643848419189453e-01,-1.388621926307678223e-01,1.661441475152969360e-01,-1.238524317741394043e-01,8.221562206745147705e-02,-4.814552366733551025e-01,1.274366676807403564e-01,-1.392745785415172577e-02
-1.050341367721557617e+00,-2.340312749147415161e-01,8.294049501419067383e-01,1.089097204385325313e-04,7.036446128040552139e-03,6.875599026679992676e-01,7.260935902595520020e-01,-1.727300584316253662e-01,-7.155685219913721085e-03,-1.003616023808717728e-02,2.398719638586044312e-01,-6.198884919285774231e-02,-5.826177075505256653e-03,-6.691924333572387695e-01,-2.466850727796554565e-01,-2.960598655045032501e-02,1.023893833160400391e+00,-6.515089422464370728e-02,-2.646120823919773102e-02,-6.226002424955368042e-02,2.094369530677795410e-01,2.218054831027984619e-01,-2.547418773174285889e-01,-5.038394331932067871e-01,-1.389577984809875488e-01,1.670241802930831909e-01,-1.254477500915527344e-01,7.800129055976867676e-02,-4.812217056751251221e-01,1.270964592695236206e-01,-1.690888963639736176e-02
-1.048344969749450684e+00,-2.327679991722106934e-01,8.292513489723205566e-01,3.021709271706640720e-04,7.042625918984413147e-03,6.916737556457519531e-01,7.221757173538208008e-01,-1.739230602979660034e-01,-6.655407603830099106e-03,-1.956037804484367371e-02,2.425959855318069458e-01,-6.275744736194610596e-02,-8.107670582830905914e-03,-6.488667130470275879e-01,-2.293223589658737183e-01,-1.504914090037345886e-02,9.901258945465087891e-01,-6.462198495864868164e-02,-1.938436762429773808e-03,-6.061584874987602234e-02,2.097627073526382446e-01,2.220892906188964844e-01,-2.559674978256225586e-01,-5.027968287467956543e-01,-1.374895721673965454e-01,1.677805781364440918e-01,-1.269311010837554932e-01,7.319345325231552124e-02,-4.808300733566284180e-01,1.255096942186355591e-01,-2.006750181317329407e-02
-1.046288847923278809e+00,-2.316642403602600098e-01,8.290364742279052734e-01,7.114937761798501015e-04,6.331892218440771103e-03,6.958925127983093262e-01,7.181177139282226562e-01,-1.752303987741470337e-01,-5.354461725801229477e-03,-2.939485199749469757e-02,2.474608421325683594e-01,-6.430559605360031128e-02,-1.033506635576486588e-02,-6.249285340309143066e-01,-2.115049511194229126e-01,-2.285223599756136537e-04,9.535035490989685059e-01,-6.226094067096710205e-02,2.258987352252006531e-02,-5.876169353723526001e-02,2.097652554512023926e-01,2.223293632268905640e-01,-2.569330632686614990e-01,-5.015800595283508301e-01,-1.344495266675949097e-01,1.688238233327865601e-01,-1.283241808414459229e-01,6.811763346195220947e-02,-4.789859354496002197e-01,1.237122192978858948e-01,-2.369947172701358795e-02
-1.044295072555541992e+00,-2.306923866271972656e-01,8.287564516067504883e-01,1.364996191114187241e-03,6.078119389712810516e-03,6.998416185379028320e-01,7.142708897590637207e-01,-1.770604401826858521e-01,-5.165053531527519226e-03,-3.865003958344459534e-02,2.524201273918151855e-01,-6.509275734424591064e-02,-1.225090213119983673e-02,-6.007775664329528809e-01,-1.947303265333175659e-01,1.648747175931930542e-02,9.151119589805603027e-01,-5.956625938415527344e-02,4.945587366819381714e-02,-5.762617662549018860e-02,2.095786780118942261e-01,2.222414463758468628e-01,-2.571488916873931885e-01,-5.009484887123107910e-01,-1.295500844717025757e-01,1.698024570941925049e-01,-1.294480860233306885e-01,6.318085640668869019e-02,-4.775650501251220703e-01,1.214750185608863831e-01,-2.690652199089527130e-02
-1.042348861694335938e+00,-2.297063022851943970e-01,8.283193111419677734e-01,2.144604688510298729e-03,5.682935938239097595e-03,7.037624120712280273e-01,7.104094624519348145e-01,-1.798025369644165039e-01,-5.166560411453247070e-03,-4.863007739186286926e-02,2.597005665302276611e-01,-6.668435782194137573e-02,-1.441312860697507858e-02,-5.744919180870056152e-01,-1.781005412340164185e-01,3.461464494466781616e-02,8.747568726539611816e-01,-5.827476829290390015e-02,7.317180186510086060e-02,-5.638794228434562683e-02,2.093276381492614746e-01,2.219662666320800781e-01,-2.569158673286437988e-01,-5.005775690078735352e-01,-1.245250329375267029e-01,1.709140241146087646e-01,-1.304070353507995605e-01,5.845446139574050903e-02,-4.753029644489288330e-01,1.190076023340225220e-01,-2.925679460167884827e-02
-1.040245056152343750e+00,-2.287061363458633423e-01,8.278754353523254395e-01,3.036176320165395737e-03,5.187740549445152283e-03,7.076771855354309082e-01,7.065103054046630859e-01,-1.828767359256744385e-01,-4.858639556914567947e-03,-5.767673626542091370e-02,2.682366073131561279e-01,-6.886110454797744751e-02,-1.656477153301239014e-02,-5.461822152137756348e-01,-1.627416908740997314e-01,5.154449492692947388e-02,8.322247266769409180e-01,-5.332870036363601685e-02,9.654831141233444214e-02,-5.513771623373031616e-02,2.091166824102401733e-01,2.213452607393264771e-01,-2.563408613204956055e-01,-5.004394054412841797e-01,-1.190729439258575439e-01,1.720819324254989624e-01,-1.312778443098068237e-01,5.416574701666831970e-02,-4.733763635158538818e-01,1.173741593956947327e-01,-3.094243258237838745e-02
-1.038134336471557617e+00,-2.278239428997039795e-01,8.273320198059082031e-01,4.120532423257827759e-03,4.317218903452157974e-03,7.115738987922668457e-01,7.025859355926513672e-01,-1.854342371225357056e-01,-4.331465810537338257e-03,-6.707767397165298462e-02,2.770727872848510742e-01,-7.184175401926040649e-02,-1.882215216755867004e-02,-5.157688856124877930e-01,-1.485021263360977173e-01,6.742019206285476685e-02,7.881891131401062012e-01,-4.795524105429649353e-02,1.199487745761871338e-01,-5.357987061142921448e-02,2.089870870113372803e-01,2.206034660339355469e-01,-2.554949820041656494e-01,-5.007566809654235840e-01,-1.134761869907379150e-01,1.736195981502532959e-01,-1.318500488996505737e-01,5.063465237617492676e-02,-4.707447886466979980e-01,1.167944520711898804e-01,-3.190129622817039490e-02
-1.036006212234497070e+00,-2.268338948488235474e-01,8.268311619758605957e-01,5.156661849468946457e-03,4.093654453754425049e-03,7.153418660163879395e-01,6.987436413764953613e-01,-1.881114542484283447e-01,-4.818916320800781250e-03,-7.694625109434127808e-02,2.843798995018005371e-01,-7.354856282472610474e-02,-2.122861146926879883e-02,-4.857589304447174072e-01,-1.366658359766006470e-01,8.305181562900543213e-02,7.432469129562377930e-01,-4.134194180369377136e-02,1.375466436147689819e-01,-5.256053060293197632e-02,2.089799493551254272e-01,2.196922153234481812e-01,-2.545125186443328857e-01,-5.016371011734008789e-01,-1.080904528498649597e-01,1.752022206783294678e-01,-1.322070360183715820e-01,4.770058393478393555e-02,-4.691218733787536621e-01,1.163169294595718384e-01,-3.210222721099853516e-02
-1.033537745475769043e+00,-2.259620726108551025e-01,8.263106942176818848e-01,6.572291720658540726e-03,3.415210172533988953e-03,7.190588712692260742e-01,6.949097514152526855e-01,-1.906048357486724854e-01,-4.672011826187372208e-03,-8.652835339307785034e-02,2.923448681831359863e-01,-7.544145733118057251e-02,-2.412375435233116150e-02,-4.532701075077056885e-01,-1.259298026561737061e-01,9.630154073238372803e-02,6.963063478469848633e-01,-3.232380375266075134e-02,1.512923389673233032e-01,-5.100429430603981018e-02,2.092301249504089355e-01,2.185815423727035522e-01,-2.535337805747985840e-01,-5.024676322937011719e-01,-1.032997742295265198e-01,1.771761775016784668e-01,-1.326141506433486938e-01,4.585789889097213745e-02,-4.669158756732940674e-01,1.187219172716140747e-01,-3.168099746108055115e-02
-1.030984997749328613e+00,-2.249701023101806641e-01,8.257451653480529785e-01,8.077016100287437439e-03,2.897202968597412109e-03,7.225778698921203613e-01,6.912363171577453613e-01,-1.889963448047637939e-01,-4.676543641835451126e-03,-9.563232213258743286e-02,2.970442771911621094e-01,-7.792878895998001099e-02,-2.695059031248092651e-02,-4.203887581825256348e-01,-1.175337135791778564e-01,1.068908795714378357e-01,6.479928493499755859e-01,-1.635184884071350098e-02,1.609723567962646484e-01,-4.962077364325523376e-02,2.096902728080749512e-01,2.172311544418334961e-01,-2.524003982543945312e-01,-5.030873417854309082e-01,-9.855842590332031250e-02,1.793613731861114502e-01,-1.329152435064315796e-01,4.484805464744567871e-02,-4.649528264999389648e-01,1.224797889590263367e-01,-3.081748448312282562e-02
-1.028490185737609863e+00,-2.240169942378997803e-01,8.252091407775878906e-01,9.909026324748992920e-03,2.410608576610684395e-03,7.260170578956604004e-01,6.876010894775390625e-01,-1.919448673725128174e-01,-5.515307188034057617e-03,-1.052260696887969971e-01,3.049146533012390137e-01,-7.868862897157669067e-02,-2.983197011053562164e-02,-3.859349191188812256e-01,-1.110363230109214783e-01,1.158170849084854126e-01,5.970335006713867188e-01,8.318181149661540985e-03,1.694422364234924316e-01,-4.768295213580131531e-02,2.103779017925262451e-01,2.154696136713027954e-01,-2.512708902359008789e-01,-5.041460394859313965e-01,-9.441350400447845459e-02,1.818133741617202759e-01,-1.332759261131286621e-01,4.467666521668434143e-02,-4.627934992313385010e-01,1.277439743280410767e-01,-2.931679040193557739e-02
-1.025892138481140137e+00,-2.230857461690902710e-01,8.246716260910034180e-01,1.070337370038032532e-02,1.972552854567766190e-03,7.297466993331909180e-01,6.836310029029846191e-01,-1.921065151691436768e-01,-4.681382328271865845e-03,-1.146246194839477539e-01,3.109052181243896484e-01,-8.151370286941528320e-02,-3.248814120888710022e-02,-3.560563623905181885e-01,-1.049703806638717651e-01,1.198571845889091492e-01,5.540012717247009277e-01,2.219016849994659424e-02,1.487944275140762329e-01,-4.586658999323844910e-02,2.109748125076293945e-01,2.139156907796859741e-01,-2.499154061079025269e-01,-5.058168172836303711e-01,-9.136386960744857788e-02,1.841861009597778320e-01,-1.331870853900909424e-01,4.524626210331916809e-02,-4.619912505149841309e-01,1.315375864505767822e-01,-2.744928561151027679e-02
-1.023206233978271484e+00,-2.222149521112442017e-01,8.241478204727172852e-01,1.130674313753843307e-02,1.266182051040232182e-03,7.322651147842407227e-01,6.809246540069580078e-01,-1.976369172334671021e-01,-2.839254448190331459e-03,-1.229055002331733704e-01,3.215605914592742920e-01,-8.399412781000137329e-02,-3.584472835063934326e-02,-3.289915323257446289e-01,-1.018859073519706726e-01,1.139363572001457214e-01,5.196979045867919922e-01,6.507230456918478012e-03,1.271220445632934570e-01,-4.018422961235046387e-02,2.117578238248825073e-01,2.126053273677825928e-01,-2.483852058649063110e-01,-5.074797868728637695e-01,-8.870895206928253174e-02,1.867008507251739502e-01,-1.327358484268188477e-01,4.611631110310554504e-02,-4.610918164253234863e-01,1.350107640027999878e-01,-2.554174140095710754e-02
-1.020418047904968262e+00,-2.214355021715164185e-01,8.235576748847961426e-01,1.160151790827512741e-02,9.570795227773487568e-04,7.345192432403564453e-01,6.784879565238952637e-01,-2.041702419519424438e-01,-8.476484799757599831e-04,-1.300482004880905151e-01,3.330696225166320801e-01,-8.714050799608230591e-02,-3.929673135280609131e-02,-3.028248846530914307e-01,-1.015497073531150818e-01,9.898191690444946289e-02,4.893028438091278076e-01,-2.148143574595451355e-02,1.195831671357154846e-01,-3.468761965632438660e-02,2.124704122543334961e-01,2.112163007259368896e-01,-2.466452568769454956e-01,-5.096587538719177246e-01,-8.608113974332809448e-02,1.889314353466033936e-01,-1.320587396621704102e-01,4.686722531914710999e-02,-4.607955515384674072e-01,1.366100609302520752e-01,-2.330517582595348358e-02
-1.017582178115844727e+00,-2.207606583833694458e-01,8.229821920394897461e-01,1.186066493391990662e-02,7.451170822605490685e-04,7.376838922500610352e-01,6.750416159629821777e-01,-2.105987221002578735e-01,3.720137174241244793e-04,-1.402989625930786133e-01,3.435700833797454834e-01,-8.919165283441543579e-02,-4.307494685053825378e-02,-2.749624252319335938e-01,-1.006135195493698120e-01,8.354945480823516846e-02,4.572162628173828125e-01,-4.837888851761817932e-02,1.103701218962669373e-01,-3.131026402115821838e-02,2.132585942745208740e-01,2.098812609910964966e-01,-2.449133992195129395e-01,-5.114622116088867188e-01,-8.423551172018051147e-02,1.912077814340591431e-01,-1.315320283174514771e-01,4.834358394145965576e-02,-4.606257379055023193e-01,1.395566463470458984e-01,-2.096257172524929047e-02
-1.014712572097778320e+00,-2.201894521713256836e-01,8.224567174911499023e-01,1.210423093289136887e-02,8.943286375142633915e-04,7.404313683509826660e-01,6.720223426818847656e-01,-2.189227193593978882e-01,1.130614196881651878e-03,-1.493965983390808105e-01,3.563356399536132812e-01,-8.947619795799255371e-02,-4.630422964692115784e-02,-2.512339353561401367e-01,-1.006183475255966187e-01,6.275504082441329956e-02,4.292485415935516357e-01,-7.494372874498367310e-02,9.637381136417388916e-02,-2.815912477672100067e-02,2.139864116907119751e-01,2.085518836975097656e-01,-2.428250908851623535e-01,-5.133810043334960938e-01,-8.218982815742492676e-02,1.932696700096130371e-01,-1.308863908052444458e-01,4.995126649737358093e-02,-4.608105123043060303e-01,1.418867111206054688e-01,-1.808932423591613770e-02
-1.011575818061828613e+00,-2.195709347724914551e-01,8.223072290420532227e-01,1.278347522020339966e-02,1.932481885887682438e-03,7.434776425361633301e-01,6.686357855796813965e-01,-2.324644476175308228e-01,-2.236493310192599893e-04,-1.580783724784851074e-01,3.755602538585662842e-01,-8.180978149175643921e-02,-4.861960560083389282e-02,-2.301622182130813599e-01,-1.024550348520278931e-01,3.910813853144645691e-02,4.028820395469665527e-01,-9.481400251388549805e-02,8.450363576412200928e-02,-2.507092617452144623e-02,2.146351784467697144e-01,2.068894803524017334e-01,-2.406361997127532959e-01,-5.158044695854187012e-01,-8.002431690692901611e-02,1.950707286596298218e-01,-1.304321587085723877e-01,5.151522904634475708e-02,-4.610612094402313232e-01,1.435641944408416748e-01,-1.485040131956338882e-02
-1.008485674858093262e+00,-2.190997898578643799e-01,8.221465945243835449e-01,1.284454204142093658e-02,2.386833541095256805e-03,7.467687129974365234e-01,6.649554967880249023e-01,-2.466606795787811279e-01,-6.125877844169735909e-04,-1.687726527452468872e-01,3.952507376670837402e-01,-7.587899267673492432e-02,-5.154032632708549500e-02,-2.100596725940704346e-01,-1.022244691848754883e-01,1.515293121337890625e-02,3.756105005741119385e-01,-1.071486845612525940e-01,7.300528883934020996e-02,-2.341681718826293945e-02,2.152976691722869873e-01,2.051157802343368530e-01,-2.382901608943939209e-01,-5.179477930068969727e-01,-7.795241475105285645e-02,1.965602636337280273e-01,-1.300748437643051147e-01,5.314709991216659546e-02,-4.615795016288757324e-01,1.447572857141494751e-01,-1.120870560407638550e-02
-1.005606293678283691e+00,-2.188467681407928467e-01,8.219828009605407715e-01,1.203489769250154495e-02,2.134602749720215797e-03,7.500289678573608398e-01,6.612920165061950684e-01,-2.621627748012542725e-01,7.991544553078711033e-04,-1.804534494876861572e-01,4.156146049499511719e-01,-7.259986549615859985e-02,-5.597444251179695129e-02,-1.916525661945343018e-01,-9.989659488201141357e-02,-8.831284940242767334e-03,3.494972884654998779e-01,-1.152086034417152405e-01,6.092286854982376099e-02,-2.169328927993774414e-02,2.155713289976119995e-01,2.039763629436492920e-01,-2.361516207456588745e-01,-5.187407732009887695e-01,-7.692028582096099854e-02,1.974069625139236450e-01,-1.294714659452438354e-01,5.459754541516304016e-02,-4.621202051639556885e-01,1.451433300971984863e-01,-8.274299092590808868e-03
-1.002670049667358398e+00,-2.187578827142715454e-01,8.219593763351440430e-01,1.115397084504365921e-02,1.532841473817825317e-03,7.530994415283203125e-01,6.578103303909301758e-01,-2.768416702747344971e-01,3.041550517082214355e-03,-1.911251097917556763e-01,4.346181750297546387e-01,-6.693685054779052734e-02,-6.001282110810279846e-02,-1.746544092893600464e-01,-9.590717405080795288e-02,-2.869835682213306427e-02,3.281344473361968994e-01,-1.353770196437835693e-01,4.729229956865310669e-02,-1.972543448209762573e-02,2.158780395984649658e-01,2.032348960638046265e-01,-2.337601333856582642e-01,-5.191428661346435547e-01,-7.615591585636138916e-02,1.981756538152694702e-01,-1.285587847232818604e-01,5.628338456153869629e-02,-4.625338315963745117e-01,1.454714685678482056e-01,-5.369178950786590576e-03
-9.996021986007690430e-01,-2.187878787517547607e-01,8.218408823013305664e-01,1.066507492214441299e-02,7.162014371715486050e-04,7.566443681716918945e-01,6.537392735481262207e-01,-2.938752174377441406e-01,4.025849048048257828e-03,-2.038574814796447754e-01,4.580339193344116211e-01,-5.903631076216697693e-02,-6.347164511680603027e-02,-1.615162789821624756e-01,-9.331855922937393188e-02,-4.386390373110771179e-02,3.103778660297393799e-01,-1.318320930004119873e-01,6.437899172306060791e-02,-1.986724510788917542e-02,2.162723243236541748e-01,2.020697891712188721e-01,-2.311025857925415039e-01,-5.190970897674560547e-01,-7.523930072784423828e-02,1.988194286823272705e-01,-1.280272305011749268e-01,5.803101137280464172e-02,-4.629535973072052002e-01,1.458002477884292603e-01,-2.389321336522698402e-03
-9.964766502380371094e-01,-2.190454751253128052e-01,8.219858407974243164e-01,9.992686100304126740e-03,4.195704823359847069e-04,7.603591680526733398e-01,6.494258046150207520e-01,-3.157233893871307373e-01,3.116667270660400391e-03,-2.174553424119949341e-01,4.862636923789978027e-01,-4.537488892674446106e-02,-6.515493243932723999e-02,-1.562422662973403931e-01,-8.976914733648300171e-02,-5.540469288825988770e-02,3.032042682170867920e-01,-1.291012912988662720e-01,6.237771734595298767e-02,-2.080005034804344177e-02,2.165949195623397827e-01,2.012328654527664185e-01,-2.279840260744094849e-01,-5.186879038810729980e-01,-7.429373264312744141e-02,1.993007808923721313e-01,-1.272387206554412842e-01,6.017740070819854736e-02,-4.635529220104217529e-01,1.462100744247436523e-01,7.101308437995612621e-04
-9.932855963706970215e-01,-2.194052189588546753e-01,8.222927451133728027e-01,8.642151020467281342e-03,8.195759728550910950e-04,7.637623548507690430e-01,6.454391479492187500e-01,-3.425933420658111572e-01,1.281459466554224491e-03,-2.291034609079360962e-01,5.182243585586547852e-01,-2.753776311874389648e-02,-6.464260071516036987e-02,-1.544323414564132690e-01,-8.614846318960189819e-02,-6.658519804477691650e-02,2.975198030471801758e-01,-1.273129433393478394e-01,5.880104377865791321e-02,-2.098521776497364044e-02,2.165567278861999512e-01,2.005014717578887939e-01,-2.244699299335479736e-01,-5.184932947158813477e-01,-7.321562618017196655e-02,1.992833763360977173e-01,-1.263369917869567871e-01,6.264664977788925171e-02,-4.647559821605682373e-01,1.466961354017257690e-01,3.859313670545816422e-03
-9.900695085525512695e-01,-2.199406623840332031e-01,8.225699663162231445e-01,7.256645709276199341e-03,1.339128008112311363e-03,7.671755552291870117e-01,6.413947343826293945e-01,-3.721918761730194092e-01,-6.237878696992993355e-04,-2.386110126972198486e-01,5.525832772254943848e-01,-6.599068641662597656e-03,-7.784023135900497437e-02,-1.537809222936630249e-01,-8.267844468355178833e-02,-7.851013541221618652e-02,2.931541204452514648e-01,-1.260465085506439209e-01,5.492245778441429138e-02,-2.054397203028202057e-02,2.162261903285980225e-01,1.998371481895446777e-01,-2.206483185291290283e-01,-5.184785127639770508e-01,-7.201936095952987671e-02,1.989615261554718018e-01,-1.253640800714492798e-01,6.551356613636016846e-02,-4.662242233753204346e-01,1.474025398492813110e-01,7.049802225083112717e-03
-9.869724512100219727e-01,-2.204654365777969360e-01,8.230488896369934082e-01,5.896973423659801483e-03,2.012657932937145233e-03,7.698301076889038086e-01,6.382184624671936035e-01,-4.032407104969024658e-01,-3.595448564738035202e-03,-2.515433132648468018e-01,5.885814428329467773e-01,1.988793164491653442e-02,-8.958346396684646606e-02,-1.525787562131881714e-01,-7.952224463224411011e-02,-9.060605615377426147e-02,2.865629196166992188e-01,-1.236193925142288208e-01,5.112375691533088684e-02,-1.821930892765522003e-02,2.158070653676986694e-01,1.990846693515777588e-01,-2.167659997940063477e-01,-5.185025334358215332e-01,-7.090177386999130249e-02,1.982450783252716064e-01,-1.244600787758827209e-01,6.857123225927352905e-02,-4.680439233779907227e-01,1.480997949838638306e-01,1.026222109794616699e-02
-9.840465188026428223e-01,-2.210624814033508301e-01,8.234972357749938965e-01,4.414128605276346207e-03,2.663122955709695816e-03,7.723177671432495117e-01,6.352154612541198730e-01,-4.355714917182922363e-01,-7.632343098521232605e-03,-2.660950124263763428e-01,6.245931386947631836e-01,5.174932256340980530e-02,-1.025347635149955750e-01,-1.513110250234603882e-01,-7.658393681049346924e-02,-1.037991121411323547e-01,2.792135179042816162e-01,-1.206288859248161316e-01,4.764507710933685303e-02,-1.543148700147867203e-02,2.152745723724365234e-01,1.981247067451477051e-01,-2.127652764320373535e-01,-5.186272263526916504e-01,-6.966979056596755981e-02,1.973668485879898071e-01,-1.237947344779968262e-01,7.197166234254837036e-02,-4.698596000671386719e-01,1.490913480520248413e-01,1.349589135497808456e-02
-9.812029600143432617e-01,-2.217139303684234619e-01,8.240142464637756348e-01,2.827973337844014168e-03,3.327330341562628746e-03,7.752413153648376465e-01,6.316500902175903320e-01,-4.670549035072326660e-01,-1.159756351262331009e-02,-2.796417474746704102e-01,6.557853817939758301e-01,8.745066821575164795e-02,-1.258906126022338867e-01,-1.492494344711303711e-01,-7.376114279031753540e-02,-1.183418408036231995e-01,2.703424990177154541e-01,-1.169704198837280273e-01,4.441181942820549011e-02,-1.407559495419263840e-02,2.146261036396026611e-01,1.970170140266418457e-01,-2.087720185518264771e-01,-5.189118385314941406e-01,-6.844139844179153442e-02,1.961448192596435547e-01,-1.233395561575889587e-01,7.558868080377578735e-02,-4.719173610210418701e-01,1.502645164728164673e-01,1.671620830893516541e-02
-9.784569144248962402e-01,-2.222891151905059814e-01,8.244921565055847168e-01,1.284939935430884361e-03,4.097216762602329254e-03,7.787335515022277832e-01,6.273401379585266113e-01,-4.974475800991058350e-01,-1.503792405128479004e-02,-2.907011508941650391e-01,6.830123662948608398e-01,1.191508173942565918e-01,-1.556375324726104736e-01,-1.466810405254364014e-01,-7.130181044340133667e-02,-1.333737522363662720e-01,2.612719535827636719e-01,-1.135116070508956909e-01,4.146517813205718994e-02,-1.555571332573890686e-02,2.139958590269088745e-01,1.957368254661560059e-01,-2.048842608928680420e-01,-5.192532539367675781e-01,-6.730463355779647827e-02,1.945444643497467041e-01,-1.231699362397193909e-01,7.947215437889099121e-02,-4.743038713932037354e-01,1.516502201557159424e-01,1.994822174310684204e-02
-9.757362008094787598e-01,-2.227984219789505005e-01,8.249668478965759277e-01,-1.567337167216464877e-04,4.838393069803714752e-03,7.825226783752441406e-01,6.226032972335815430e-01,-5.262523889541625977e-01,-1.732158474624156952e-02,-2.962672412395477295e-01,7.097250223159790039e-01,1.463243365287780762e-01,-1.951123625040054321e-01,-1.437900215387344360e-01,-6.871743500232696533e-02,-1.482406109571456909e-01,2.524563372135162354e-01,-1.104051768779754639e-01,3.851789608597755432e-02,-1.993029005825519562e-02,2.135286778211593628e-01,1.942365765571594238e-01,-2.011764794588088989e-01,-5.195625424385070801e-01,-6.622781604528427124e-02,1.926985681056976318e-01,-1.233350932598114014e-01,8.357005566358566284e-02,-4.767712354660034180e-01,1.532080322504043579e-01,2.317266166210174561e-02
-9.729706048965454102e-01,-2.232506722211837769e-01,8.253399133682250977e-01,-1.352978753857314587e-03,5.795753560960292816e-03,7.867454290390014648e-01,6.172488927841186523e-01,-5.558269619941711426e-01,-1.898181438446044922e-02,-2.964206635951995850e-01,7.383496761322021484e-01,1.657638400793075562e-01,-2.308456301689147949e-01,-1.420149356126785278e-01,-6.676147133111953735e-02,-1.625698953866958618e-01,2.462344318628311157e-01,-1.086256280541419983e-01,3.553995862603187561e-02,-2.579647488892078400e-02,2.132947593927383423e-01,1.924296170473098755e-01,-1.978602856397628784e-01,-5.198671817779541016e-01,-6.542272120714187622e-02,1.907926648855209351e-01,-1.241266056895256042e-01,8.812266588211059570e-02,-4.791398644447326660e-01,1.552568674087524414e-01,2.650048583745956421e-02
-9.703615307807922363e-01,-2.235711067914962769e-01,8.256785273551940918e-01,-2.699543489143252373e-03,6.858908571302890778e-03,7.908562421798706055e-01,6.119576096534729004e-01,-5.850983858108520508e-01,-1.849091425538063049e-02,-2.908844947814941406e-01,7.659965753555297852e-01,1.795306503772735596e-01,-2.576688826084136963e-01,-1.411636769771575928e-01,-6.485296785831451416e-02,-1.757483333349227905e-01,2.409979552030563354e-01,-1.074801385402679443e-01,3.271460905671119690e-02,-3.302063047885894775e-02,2.133451700210571289e-01,1.902204304933547974e-01,-1.948499530553817749e-01,-5.201779603958129883e-01,-6.483255326747894287e-02,1.885534226894378662e-01,-1.255824863910675049e-01,9.310527145862579346e-02,-4.817217290401458740e-01,1.578230559825897217e-01,3.005897253751754761e-02
-9.676904678344726562e-01,-2.238170206546783447e-01,8.261219263076782227e-01,-3.866364713758230209e-03,8.181604556739330292e-03,7.947832345962524414e-01,6.068259477615356445e-01,-6.147522926330566406e-01,-1.556059904396533966e-02,-2.799752950668334961e-01,7.944074273109436035e-01,1.857760101556777954e-01,-2.603583633899688721e-01,-1.407792568206787109e-01,-6.349214911460876465e-02,-1.883514076471328735e-01,2.362137436866760254e-01,-1.065338328480720520e-01,2.984956651926040649e-02,-3.996665775775909424e-02,2.137125432491302490e-01,1.875264495611190796e-01,-1.922341138124465942e-01,-5.205253362655639648e-01,-6.457991898059844971e-02,1.859007030725479126e-01,-1.276382952928543091e-01,9.825149178504943848e-02,-4.846140146255493164e-01,1.605039685964584351e-01,3.392039984464645386e-02
-9.651865959167480469e-01,-2.239783704280853271e-01,8.266260623931884766e-01,-4.937308840453624725e-03,9.624277241528034210e-03,7.986100316047668457e-01,6.017516255378723145e-01,-6.438531279563903809e-01,-9.766397997736930847e-03,-2.632884383201599121e-01,8.226817846298217773e-01,1.794185042381286621e-01,-2.461751699447631836e-01,-1.401098966598510742e-01,-6.263975054025650024e-02,-2.009502202272415161e-01,2.311662137508392334e-01,-1.056482568383216858e-01,2.725381404161453247e-02,-4.613949358463287354e-02,2.144436240196228027e-01,1.845659315586090088e-01,-1.902913004159927368e-01,-5.208734273910522461e-01,-6.502889096736907959e-02,1.828412711620330811e-01,-1.304406076669692993e-01,1.034599244594573975e-01,-4.877906143665313721e-01,1.633790433406829834e-01,3.798990324139595032e-02
-9.625917077064514160e-01,-2.241375595331192017e-01,8.270911574363708496e-01,-5.210117902606725693e-03,1.064566522836685181e-02,8.022024035453796387e-01,5.969344973564147949e-01,-6.702443361282348633e-01,-1.258905627764761448e-03,-2.434719353914260864e-01,8.509715795516967773e-01,1.635231226682662964e-01,-2.225035578012466431e-01,-1.380020231008529663e-01,-6.194325909018516541e-02,-2.129864394664764404e-01,2.268550992012023926e-01,-1.051479130983352661e-01,2.459873072803020477e-02,-5.055050551891326904e-02,2.156644165515899658e-01,1.814396828413009644e-01,-1.890496462583541870e-01,-5.210158228874206543e-01,-6.621984392404556274e-02,1.796759665012359619e-01,-1.338471621274948120e-01,1.084043681621551514e-01,-4.907677471637725830e-01,1.661231219768524170e-01,4.214663431048393250e-02
-9.601817727088928223e-01,-2.242000252008438110e-01,8.276269435882568359e-01,-5.172434262931346893e-03,1.202920451760292053e-02,8.054327368736267090e-01,5.925425887107849121e-01,-6.941110491752624512e-01,8.617051877081394196e-03,-2.214011996984481812e-01,8.771781325340270996e-01,1.430202424526214600e-01,-1.957125961780548096e-01,-1.366672515869140625e-01,-6.247946992516517639e-02,-2.240687757730484009e-01,2.236467748880386353e-01,-1.050378233194351196e-01,2.219757065176963806e-02,-5.367572605609893799e-02,2.175384312868118286e-01,1.782759428024291992e-01,-1.886286735534667969e-01,-5.207043290138244629e-01,-6.838757544755935669e-02,1.764367967844009399e-01,-1.377236694097518921e-01,1.129577159881591797e-01,-4.934103786945343018e-01,1.685277670621871948e-01,4.631597921252250671e-02
-9.578967094421386719e-01,-2.242671996355056763e-01,8.280863165855407715e-01,-4.554280079901218414e-03,1.315125729888677597e-02,8.084293603897094727e-01,5.884286165237426758e-01,-7.158199548721313477e-01,2.011321857571601868e-02,-1.970215886831283569e-01,9.041382670402526855e-01,1.203160583972930908e-01,-1.641328632831573486e-01,-1.348368078470230103e-01,-6.364360451698303223e-02,-2.348293364048004150e-01,2.220374941825866699e-01,-1.056855097413063049e-01,2.002717554569244385e-02,-5.577705800533294678e-02,2.200394868850708008e-01,1.750259101390838623e-01,-1.889598369598388672e-01,-5.198323726654052734e-01,-7.132972031831741333e-02,1.731017231941223145e-01,-1.420636028051376343e-01,1.167069599032402039e-01,-4.956907033920288086e-01,1.702373027801513672e-01,5.036506056785583496e-02
-9.556686282157897949e-01,-2.242142856121063232e-01,8.285878896713256836e-01,-4.020713735371828079e-03,1.473052985966205597e-02,8.110792040824890137e-01,5.847370028495788574e-01,-7.358227968215942383e-01,3.174212574958801270e-02,-1.734788417816162109e-01,9.301179051399230957e-01,9.674089401960372925e-02,-1.329774856567382812e-01,-1.342280060052871704e-01,-6.535724550485610962e-02,-2.438738793134689331e-01,2.210175842046737671e-01,-1.065665557980537415e-01,1.790820434689521790e-02,-5.665519088506698608e-02,2.230136990547180176e-01,1.717320084571838379e-01,-1.898511350154876709e-01,-5.184697508811950684e-01,-7.500704377889633179e-02,1.695707440376281738e-01,-1.467720568180084229e-01,1.193861961364746094e-01,-4.976561069488525391e-01,1.708809137344360352e-01,5.421156063675880432e-02
-9.536395668983459473e-01,-2.241129726171493530e-01,8.290376663208007812e-01,-3.490651957690715790e-03,1.624061912298202515e-02,8.134878873825073242e-01,5.813445448875427246e-01,-7.539871931076049805e-01,4.371521249413490295e-02,-1.505825519561767578e-01,9.557858705520629883e-01,7.446485757827758789e-02,-1.015744805335998535e-01,-1.340582668781280518e-01,-6.718675047159194946e-02,-2.520167529582977295e-01,2.208667099475860596e-01,-1.077732965350151062e-01,1.598140038549900055e-02,-5.688642710447311401e-02,2.262437343597412109e-01,1.682517230510711670e-01,-1.909856796264648438e-01,-5.168011784553527832e-01,-7.895012199878692627e-02,1.658418774604797363e-01,-1.517264544963836670e-01,1.208328977227210999e-01,-4.993029832839965820e-01,1.702544540166854858e-01,5.777768418192863464e-02
-9.516211748123168945e-01,-2.240953296422958374e-01,8.294433951377868652e-01,-2.769552636891603470e-03,1.761550270020961761e-02,8.157784938812255859e-01,5.780894756317138672e-01,-7.706338167190551758e-01,5.588430166244506836e-02,-1.285210996866226196e-01,9.816439747810363770e-01,5.338588356971740723e-02,-6.941998749971389771e-02,-1.338422298431396484e-01,-6.909286975860595703e-02,-2.597051858901977539e-01,2.212369441986083984e-01,-1.090914830565452576e-01,1.407948881387710571e-02,-5.648153647780418396e-02,2.297633886337280273e-01,1.648074239492416382e-01,-1.922995001077651978e-01,-5.145142674446105957e-01,-8.311654627323150635e-02,1.621302068233489990e-01,-1.567974835634231567e-01,1.211551204323768616e-01,-5.004499554634094238e-01,1.684670597314834595e-01,6.089432910084724426e-02
-9.498245120048522949e-01,-2.240279018878936768e-01,8.297681808471679688e-01,-2.034643199294805527e-03,1.863218657672405243e-02,8.179036378860473633e-01,5.750498175621032715e-01,-7.848119735717773438e-01,6.807147711515426636e-02,-1.084029078483581543e-01,1.006590247154235840e+00,3.555867448449134827e-02,-4.342448711395263672e-02,-1.331916302442550659e-01,-7.064023613929748535e-02,-2.669401466846466064e-01,2.218521088361740112e-01,-1.105649694800376892e-01,1.240809541195631027e-02,-5.546602606773376465e-02,2.333132624626159668e-01,1.611965596675872803e-01,-1.934877485036849976e-01,-5.119450688362121582e-01,-8.718580752611160278e-02,1.584928780794143677e-01,-1.618903726339340210e-01,1.205967962741851807e-01,-5.010504126548767090e-01,1.655368357896804810e-01,6.353253871202468872e-02
-9.480732679367065430e-01,-2.239700406789779663e-01,8.300667405128479004e-01,-1.496276818215847015e-03,1.976112090051174164e-02,8.200083971023559570e-01,5.720083117485046387e-01,-7.979592680931091309e-01,8.019579201936721802e-02,-8.916812390089035034e-02,1.030354499816894531e+00,2.253323607146739960e-02,-1.809446886181831360e-02,-1.329261362552642822e-01,-7.207557559013366699e-02,-2.738031744956970215e-01,2.222048193216323853e-01,-1.118892878293991089e-01,1.076415646821260452e-02,-5.453738942742347717e-02,2.367903292179107666e-01,1.575077772140502930e-01,-1.943310499191284180e-01,-5.091319084167480469e-01,-9.069155901670455933e-02,1.547718644142150879e-01,-1.667024344205856323e-01,1.190043315291404724e-01,-5.015123486518859863e-01,1.611932665109634399e-01,6.563893705606460571e-02
-9.464673399925231934e-01,-2.239885181188583374e-01,8.302965164184570312e-01,-1.090596430003643036e-03,2.067687362432479858e-02,8.219046592712402344e-01,5.692486166954040527e-01,-8.092849850654602051e-01,9.197669476270675659e-02,-7.207836210727691650e-02,1.052836894989013672e+00,1.125953067094087601e-02,2.140567172318696976e-03,-1.328170895576477051e-01,-7.316670566797256470e-02,-2.804200947284698486e-01,2.225832194089889526e-01,-1.130250394344329834e-01,9.246805682778358459e-03,-5.309129878878593445e-02,2.401457875967025757e-01,1.539042741060256958e-01,-1.947824954986572266e-01,-5.060573816299438477e-01,-9.375944733619689941e-02,1.512093245983123779e-01,-1.714143455028533936e-01,1.168426126241683960e-01,-5.015993714332580566e-01,1.559289991855621338e-01,6.719864904880523682e-02
-9.449698925018310547e-01,-2.240256518125534058e-01,8.305091261863708496e-01,-6.957451114431023598e-04,2.152629941701889038e-02,8.238423466682434082e-01,5.664096474647521973e-01,-8.189065456390380859e-01,1.028343066573143005e-01,-5.634770169854164124e-02,1.074021458625793457e+00,1.040430041030049324e-03,1.953183300793170929e-02,-1.326626837253570557e-01,-7.437997311353683472e-02,-2.872142493724822998e-01,2.231661677360534668e-01,-1.142514869570732117e-01,7.931356318295001984e-03,-5.099813640117645264e-02,2.432355582714080811e-01,1.503858566284179688e-01,-1.947834491729736328e-01,-5.029096603393554688e-01,-9.619352966547012329e-02,1.479634791612625122e-01,-1.759849637746810913e-01,1.144730150699615479e-01,-5.012898445129394531e-01,1.502607464790344238e-01,6.810491532087326050e-02
-9.436027407646179199e-01,-2.240393906831741333e-01,8.306037187576293945e-01,-5.104311276227235794e-04,2.194080874323844910e-02,8.257898688316345215e-01,5.635507106781005859e-01,-8.271676301956176758e-01,1.133529171347618103e-01,-4.289540275931358337e-02,1.094473719596862793e+00,-8.732412941753864288e-03,3.202776238322257996e-02,-1.320393830537796021e-01,-7.455109059810638428e-02,-2.937222123146057129e-01,2.233334779739379883e-01,-1.153351441025733948e-01,6.660892162472009659e-03,-4.911284148693084717e-02,2.460619807243347168e-01,1.470456272363662720e-01,-1.943502724170684814e-01,-4.997318089008331299e-01,-9.802659600973129272e-02,1.451543867588043213e-01,-1.803479492664337158e-01,1.121539175510406494e-01,-5.004969239234924316e-01,1.444128751754760742e-01,6.864597648382186890e-02
-9.422459602355957031e-01,-2.238688170909881592e-01,8.307313919067382812e-01,-4.282546287868171930e-04,2.250451222062110901e-02,8.276575207710266113e-01,5.607819557189941406e-01,-8.332908153533935547e-01,1.226675063371658325e-01,-3.108662553131580353e-02,1.112614989280700684e+00,-1.776725612580776215e-02,4.360831156373023987e-02,-1.315052956342697144e-01,-7.477595657110214233e-02,-3.003386855125427246e-01,2.233202606439590454e-01,-1.165066733956336975e-01,5.407651420682668686e-03,-4.691368341445922852e-02,2.485090196132659912e-01,1.440097987651824951e-01,-1.935818195343017578e-01,-4.967433512210845947e-01,-9.943126887083053589e-02,1.427644789218902588e-01,-1.846248805522918701e-01,1.102149337530136108e-01,-4.993555843830108643e-01,1.389478445053100586e-01,6.884275376796722412e-02
-9.409677386283874512e-01,-2.237569242715835571e-01,8.307661414146423340e-01,-3.579371550586074591e-04,2.283303067088127136e-02,8.295806050300598145e-01,5.579198598861694336e-01,-8.377484679222106934e-01,1.312717348337173462e-01,-2.061989344656467438e-02,1.128836154937744141e+00,-2.693534456193447113e-02,5.418856441974639893e-02,-1.306854486465454102e-01,-7.466155290603637695e-02,-3.067738413810729980e-01,2.233134955167770386e-01,-1.176873743534088135e-01,4.242415074259042740e-03,-4.474966600537300110e-02,2.506783604621887207e-01,1.412478536367416382e-01,-1.926430612802505493e-01,-4.939171075820922852e-01,-1.005570515990257263e-01,1.407708376646041870e-01,-1.887262612581253052e-01,1.086919382214546204e-01,-4.979176819324493408e-01,1.338652372360229492e-01,6.879056245088577271e-02
-9.397399425506591797e-01,-2.236115485429763794e-01,8.307998776435852051e-01,-3.610267594922333956e-04,2.307002618908882141e-02,8.314833641052246094e-01,5.550703406333923340e-01,-8.404027819633483887e-01,1.390584856271743774e-01,-1.117650698870420456e-02,1.143131852149963379e+00,-3.603171184659004211e-02,6.081608682870864868e-02,-1.296456754207611084e-01,-7.428221404552459717e-02,-3.132590949535369873e-01,2.229925543069839478e-01,-1.187849566340446472e-01,3.130313707515597343e-03,-4.245994985103607178e-02,2.526461482048034668e-01,1.388844698667526245e-01,-1.916806697845458984e-01,-4.912083148956298828e-01,-1.016111746430397034e-01,1.392116993665695190e-01,-1.927631199359893799e-01,1.077740192413330078e-01,-4.961521625518798828e-01,1.297314018011093140e-01,6.855757534503936768e-02
-9.387121200561523438e-01,-2.233822941780090332e-01,8.308003544807434082e-01,-8.267751545645296574e-04,2.358520217239856720e-02,8.335723876953125000e-01,5.519059300422668457e-01,-8.416397571563720703e-01,1.459191590547561646e-01,-1.592697226442396641e-03,1.154273152351379395e+00,-4.522384703159332275e-02,6.579206138849258423e-02,-1.298051923513412476e-01,-7.414510846138000488e-02,-3.198508620262145996e-01,2.231520563364028931e-01,-1.201639994978904724e-01,2.257011365145444870e-03,-4.075436294078826904e-02,2.541751265525817871e-01,1.368924826383590698e-01,-1.907179355621337891e-01,-4.890687763690948486e-01,-1.026507690548896790e-01,1.379823088645935059e-01,-1.966619044542312622e-01,1.074802950024604797e-01,-4.942017793655395508e-01,1.266450136899948120e-01,6.815949827432632446e-02
-9.375555515289306641e-01,-2.231664657592773438e-01,8.307893276214599609e-01,-1.098228269256651402e-03,2.382814511656761169e-02,8.358971476554870605e-01,5.483675599098205566e-01,-8.410632610321044922e-01,1.521108895540237427e-01,6.653466261923313141e-03,1.163428902626037598e+00,-5.253464728593826294e-02,6.972022354602813721e-02,-1.290532648563385010e-01,-7.366129755973815918e-02,-3.270373344421386719e-01,2.231475412845611572e-01,-1.216354742646217346e-01,1.309767947532236576e-03,-3.872781246900558472e-02,2.553610801696777344e-01,1.352759599685668945e-01,-1.899147778749465942e-01,-4.874533414840698242e-01,-1.038543209433555603e-01,1.370009034872055054e-01,-2.001742869615554810e-01,1.075176596641540527e-01,-4.921530187129974365e-01,1.241716668009757996e-01,6.761586666107177734e-02
-9.366616010665893555e-01,-2.227197438478469849e-01,8.307562470436096191e-01,-1.538444543257355690e-03,2.393192984163761139e-02,8.384517431259155273e-01,5.444478988647460938e-01,-8.384315967559814453e-01,1.583532989025115967e-01,1.566674001514911652e-02,1.170229673385620117e+00,-6.084187701344490051e-02,7.155247777700424194e-02,-1.275191605091094971e-01,-7.299380004405975342e-02,-3.354113101959228516e-01,2.225757390260696411e-01,-1.232640147209167480e-01,7.270170608535408974e-04,-3.753709048032760620e-02,2.561772167682647705e-01,1.340825855731964111e-01,-1.892771124839782715e-01,-4.863993525505065918e-01,-1.052616685628890991e-01,1.362978965044021606e-01,-2.032848596572875977e-01,1.078364178538322449e-01,-4.899609386920928955e-01,1.222407892346382141e-01,6.696996092796325684e-02
-9.357657432556152344e-01,-2.224228382110595703e-01,8.307185769081115723e-01,-1.653264742344617844e-03,2.373360469937324524e-02,8.411218523979187012e-01,5.403221249580383301e-01,-8.334933519363403320e-01,1.643735915422439575e-01,2.497836574912071228e-02,1.174945831298828125e+00,-6.789264082908630371e-02,7.468181848526000977e-02,-1.246578469872474670e-01,-7.214479893445968628e-02,-3.441240489482879639e-01,2.212667763233184814e-01,-1.245632991194725037e-01,2.650628739502280951e-04,-3.684091940522193909e-02,2.568169832229614258e-01,1.332930773496627808e-01,-1.887991428375244141e-01,-4.856576025485992432e-01,-1.068534106016159058e-01,1.357778012752532959e-01,-2.058486640453338623e-01,1.081247255206108093e-01,-4.876590073108673096e-01,1.203324347734451294e-01,6.623038649559020996e-02
-9.350445866584777832e-01,-2.220529615879058838e-01,8.306227326393127441e-01,-1.754230703227221966e-03,2.334264852106571198e-02,8.439623713493347168e-01,5.358913540840148926e-01,-8.262136578559875488e-01,1.709123402833938599e-01,3.555407747626304626e-02,1.176667690277099609e+00,-7.453984767198562622e-02,7.843931764364242554e-02,-1.212172284722328186e-01,-7.121660560369491577e-02,-3.538462519645690918e-01,2.199165970087051392e-01,-1.259891539812088013e-01,8.383481326745823026e-05,-3.663977980613708496e-02,2.574105560779571533e-01,1.325327903032302856e-01,-1.881132721900939941e-01,-4.851112663745880127e-01,-1.100711598992347717e-01,1.349566131830215454e-01,-2.085046917200088501e-01,1.089563220739364624e-01,-4.831904768943786621e-01,1.168087124824523926e-01,6.504012644290924072e-02
-9.343108534812927246e-01,-2.216436564922332764e-01,8.305342793464660645e-01,-2.045524306595325470e-03,2.300709672272205353e-02,8.469888567924499512e-01,5.311086177825927734e-01,-8.173800110816955566e-01,1.772879660129547119e-01,4.669224470853805542e-02,1.175659418106079102e+00,-8.098610490560531616e-02,8.149472624063491821e-02,-1.178534850478172302e-01,-7.013119757175445557e-02,-3.640083670616149902e-01,2.183626890182495117e-01,-1.274830549955368042e-01,-2.330093957425560802e-05,-3.655875474214553833e-02,2.577157914638519287e-01,1.323101967573165894e-01,-1.877312213182449341e-01,-4.853569865226745605e-01,-1.127425208687782288e-01,1.346608996391296387e-01,-2.101480960845947266e-01,1.098629236221313477e-01,-4.793412089347839355e-01,1.146835535764694214e-01,6.388668715953826904e-02
-9.337493777275085449e-01,-2.212268710136413574e-01,8.304359912872314453e-01,-2.113080583512783051e-03,2.250296995043754578e-02,8.502359986305236816e-01,5.259162783622741699e-01,-8.056346774101257324e-01,1.833749860525131226e-01,5.914742872118949890e-02,1.171136379241943359e+00,-8.776348829269409180e-02,8.406218141317367554e-02,-1.131666377186775208e-01,-6.916013360023498535e-02,-3.757041394710540771e-01,2.160106152296066284e-01,-1.288779973983764648e-01,1.928186684381216764e-04,-3.719147294759750366e-02,2.578723132610321045e-01,1.325497925281524658e-01,-1.876091510057449341e-01,-4.861904382705688477e-01,-1.157114803791046143e-01,1.349467784166336060e-01,-2.110303789377212524e-01,1.101890876889228821e-01,-4.739786684513092041e-01,1.116227805614471436e-01,6.232843548059463501e-02
-9.332856535911560059e-01,-2.206598669290542603e-01,8.303147554397583008e-01,-2.265940885990858078e-03,2.191035076975822449e-02,8.536379337310791016e-01,5.204008221626281738e-01,-7.923561930656433105e-01,1.899435371160507202e-01,7.311869412660598755e-02,1.164713740348815918e+00,-9.653127938508987427e-02,8.746363222599029541e-02,-1.079431474208831787e-01,-6.795949488878250122e-02,-3.884454369544982910e-01,2.133752256631851196e-01,-1.303319931030273438e-01,6.455478142015635967e-04,-3.769519552588462830e-02,2.577579021453857422e-01,1.332376599311828613e-01,-1.877957880496978760e-01,-4.879087507724761963e-01,-1.190370768308639526e-01,1.354027688503265381e-01,-2.113434225320816040e-01,1.103429570794105530e-01,-4.687112569808959961e-01,1.087991669774055481e-01,6.046081706881523132e-02
-9.328987598419189453e-01,-2.202023118734359741e-01,8.301582932472229004e-01,-2.273367950692772865e-03,2.115014754235744476e-02,8.570232987403869629e-01,5.148383975028991699e-01,-7.767577767372131348e-01,1.958916783332824707e-01,8.683354407548904419e-02,1.155210733413696289e+00,-1.040605977177619934e-01,9.232228249311447144e-02,-1.022861599922180176e-01,-6.650686264038085938e-02,-4.001955389976501465e-01,2.103940397500991821e-01,-1.314738094806671143e-01,1.179848681204020977e-03,-3.880306705832481384e-02,2.576341032981872559e-01,1.344127207994461060e-01,-1.883511096239089966e-01,-4.899651110172271729e-01,-1.231735274195671082e-01,1.360012590885162354e-01,-2.109819203615188599e-01,1.102248355746269226e-01,-4.630956351757049561e-01,1.055109649896621704e-01,5.820499360561370850e-02
-9.326446056365966797e-01,-2.197279930114746094e-01,8.299672603607177734e-01,-2.395076677203178406e-03,2.032284624874591827e-02,8.604252338409423828e-01,5.091656446456909180e-01,-7.594112753868103027e-01,2.026941329240798950e-01,1.029615700244903564e-01,1.142962813377380371e+00,-1.108296811580657959e-01,9.582755714654922485e-02,-9.670139849185943604e-02,-6.499014794826507568e-02,-4.124088883399963379e-01,2.076777666807174683e-01,-1.328186690807342529e-01,1.956940628588199615e-03,-3.999775275588035583e-02,2.574345469474792480e-01,1.358133554458618164e-01,-1.889122128486633301e-01,-4.923053383827209473e-01,-1.267806142568588257e-01,1.365817785263061523e-01,-2.100335210561752319e-01,1.100535616278648376e-01,-4.584426283836364746e-01,1.023156568408012390e-01,5.590619891881942749e-02
-9.325367212295532227e-01,-2.193365097045898438e-01,8.297248482704162598e-01,-2.701051533222198486e-03,1.928197778761386871e-02,8.637140393257141113e-01,5.036060214042663574e-01,-7.401065826416015625e-01,2.102434635162353516e-01,1.208569258451461792e-01,1.127658128738403320e+00,-1.176625192165374756e-01,9.893855452537536621e-02,-9.097642451524734497e-02,-6.296119093894958496e-02,-4.250235855579376221e-01,2.044073641300201416e-01,-1.337785124778747559e-01,2.960999729111790657e-03,-4.097215831279754639e-02,2.571163773536682129e-01,1.375884860754013062e-01,-1.894944608211517334e-01,-4.947850108146667480e-01,-1.302065998315811157e-01,1.372453868389129639e-01,-2.084004729986190796e-01,1.098243743181228638e-01,-4.544965326786041260e-01,9.915411472320556641e-02,5.366083234548568726e-02
-9.325135350227355957e-01,-2.188189923763275146e-01,8.295828700065612793e-01,-3.376879263669252396e-03,1.872554421424865723e-02,8.670200109481811523e-01,4.979099035263061523e-01,-7.193779945373535156e-01,2.170461267232894897e-01,1.408797651529312134e-01,1.108435869216918945e+00,-1.241911053657531738e-01,1.012028977274894714e-01,-8.626662939786911011e-02,-6.111866235733032227e-02,-4.369884133338928223e-01,2.004939317703247070e-01,-1.343597918748855591e-01,3.949424717575311661e-03,-4.190579801797866821e-02,2.564878165721893311e-01,1.396390795707702637e-01,-1.901424527168273926e-01,-4.978614449501037598e-01,-1.334095448255538940e-01,1.379157900810241699e-01,-2.061727643013000488e-01,1.095738485455513000e-01,-4.514209628105163574e-01,9.602623432874679565e-02,5.160406231880187988e-02
-9.326276183128356934e-01,-2.183758616447448730e-01,8.293488025665283203e-01,-3.527258522808551788e-03,1.767404749989509583e-02,8.701385259628295898e-01,4.924775362014770508e-01,-6.948516368865966797e-01,2.250458151102066040e-01,1.639024466276168823e-01,1.086389183998107910e+00,-1.306377351284027100e-01,1.034726873040199280e-01,-8.013904094696044922e-02,-5.925994738936424255e-02,-4.491489827632904053e-01,1.971952766180038452e-01,-1.353035867214202881e-01,5.301872733980417252e-03,-4.337031766772270203e-02,2.557947039604187012e-01,1.416882723569869995e-01,-1.905025690793991089e-01,-5.007436871528625488e-01,-1.354695558547973633e-01,1.388330161571502686e-01,-2.035281956195831299e-01,1.094064712524414062e-01,-4.485708773136138916e-01,9.312797337770462036e-02,4.959818348288536072e-02
-9.328653216361999512e-01,-2.179206460714340210e-01,8.291313052177429199e-01,-3.905726829543709755e-03,1.678996719419956207e-02,8.731858730316162109e-01,4.870823919773101807e-01,-6.684460639953613281e-01,2.323754578828811646e-01,1.889833956956863403e-01,1.060490965843200684e+00,-1.384465545415878296e-01,1.054583042860031128e-01,-7.452960312366485596e-02,-5.735754966735839844e-02,-4.610535502433776855e-01,1.935545653104782104e-01,-1.360169202089309692e-01,6.729108747094869614e-03,-4.442317038774490356e-02,2.548934519290924072e-01,1.439186483621597290e-01,-1.907200515270233154e-01,-5.037751197814941406e-01,-1.371667683124542236e-01,1.398605257272720337e-01,-2.005666345357894897e-01,1.093172058463096619e-01,-4.461964070796966553e-01,9.059186279773712158e-02,4.784555360674858093e-02
-9.333612918853759766e-01,-2.175934910774230957e-01,8.288823962211608887e-01,-4.464425146579742432e-03,1.579364575445652008e-02,8.761837482452392578e-01,4.816976487636566162e-01,-6.404598355293273926e-01,2.391359955072402954e-01,2.158952802419662476e-01,1.031203985214233398e+00,-1.440252065658569336e-01,1.098036393523216248e-01,-6.891104578971862793e-02,-5.522804334759712219e-02,-4.725850522518157959e-01,1.893523633480072021e-01,-1.362485289573669434e-01,8.513572625815868378e-03,-4.516964405775070190e-02,2.537349164485931396e-01,1.462535560131072998e-01,-1.907384097576141357e-01,-5.071684122085571289e-01,-1.383326649665832520e-01,1.411048173904418945e-01,-1.973488926887512207e-01,1.096081212162971497e-01,-4.439311921596527100e-01,8.930015563964843750e-02,4.630025848746299744e-02
-9.339080452919006348e-01,-2.173603922128677368e-01,8.285813331604003906e-01,-4.577659070491790771e-03,1.442325487732887268e-02,8.790796995162963867e-01,4.764345288276672363e-01,-6.093145012855529785e-01,2.453896850347518921e-01,2.445715516805648804e-01,9.983831048011779785e-01,-1.481831669807434082e-01,1.108476743102073669e-01,-6.233244389295578003e-02,-5.302173271775245667e-02,-4.847474396228790283e-01,1.853557527065277100e-01,-1.363755613565444946e-01,1.042164117097854614e-02,-4.578557983040809631e-02,2.527911663055419922e-01,1.488025039434432983e-01,-1.905994862318038940e-01,-5.107090473175048828e-01,-1.392422020435333252e-01,1.423641443252563477e-01,-1.936186254024505615e-01,1.099668815732002258e-01,-4.412198364734649658e-01,8.799521625041961670e-02,4.470574483275413513e-02
-9.346723556518554688e-01,-2.171979099512100220e-01,8.282579779624938965e-01,-4.664036445319652557e-03,1.307393144816160202e-02,8.818457722663879395e-01,4.713335931301116943e-01,-5.751823782920837402e-01,2.507500350475311279e-01,2.763998210430145264e-01,9.612443447113037109e-01,-1.506134271621704102e-01,1.089972928166389465e-01,-5.576881021261215210e-02,-5.118459463119506836e-02,-4.964365363121032715e-01,1.818801909685134888e-01,-1.367729604244232178e-01,1.272739935666322708e-02,-4.734515771269798279e-02,2.517614960670471191e-01,1.513120532035827637e-01,-1.901802271604537964e-01,-5.133805871009826660e-01,-1.390443593263626099e-01,1.438342928886413574e-01,-1.896485090255737305e-01,1.107048690319061279e-01,-4.389300644397735596e-01,8.846851438283920288e-02,4.341094568371772766e-02
-9.355984926223754883e-01,-2.168654799461364746e-01,8.279235363006591797e-01,-4.881695844233036041e-03,1.189535204321146011e-02,8.844588994979858398e-01,4.664409160614013672e-01,-5.390651822090148926e-01,2.541294395923614502e-01,3.097860515117645264e-01,9.195768237113952637e-01,-1.490393280982971191e-01,1.059920340776443481e-01,-5.039323866367340088e-02,-4.956335201859474182e-02,-5.063871145248413086e-01,1.792483478784561157e-01,-1.373450905084609985e-01,1.490411069244146347e-02,-4.876265674829483032e-02,2.506447136402130127e-01,1.537632197141647339e-01,-1.895752251148223877e-01,-5.159583687782287598e-01,-1.384833455085754395e-01,1.452815383672714233e-01,-1.853311061859130859e-01,1.115006804466247559e-01,-4.373317956924438477e-01,8.857041597366333008e-02,4.252884536981582642e-02
-9.367604851722717285e-01,-2.166918814182281494e-01,8.276140689849853516e-01,-5.350950639694929123e-03,1.094283442944288254e-02,8.869549036026000977e-01,4.616953432559967041e-01,-5.017411708831787109e-01,2.553184628486633301e-01,3.449470996856689453e-01,8.732514977455139160e-01,-1.446488797664642334e-01,9.963768720626831055e-02,-4.529835283756256104e-02,-4.843482375144958496e-02,-5.164742469787597656e-01,1.765614598989486694e-01,-1.379535496234893799e-01,1.763271540403366089e-02,-4.919430613517761230e-02,2.494272440671920776e-01,1.561055928468704224e-01,-1.888967454433441162e-01,-5.189341306686401367e-01,-1.376294642686843872e-01,1.467029005289077759e-01,-1.808926761150360107e-01,1.124793514609336853e-01,-4.360715746879577637e-01,8.923634141683578491e-02,4.195734113454818726e-02
-9.380488395690917969e-01,-2.165032774209976196e-01,8.272273540496826172e-01,-5.259925965219736099e-03,9.636025875806808472e-03,8.893740773200988770e-01,4.570483267307281494e-01,-4.610810577869415283e-01,2.543106079101562500e-01,3.808659017086029053e-01,8.221576809883117676e-01,-1.355095803737640381e-01,8.965775370597839355e-02,-3.983904421329498291e-02,-4.751240834593772888e-02,-5.260010361671447754e-01,1.750354021787643433e-01,-1.386796236038208008e-01,2.026759088039398193e-02,-4.960725456476211548e-02,2.482927441596984863e-01,1.584119945764541626e-01,-1.881807893514633179e-01,-5.218789577484130859e-01,-1.366711854934692383e-01,1.482205688953399658e-01,-1.763291805982589722e-01,1.137915626168251038e-01,-4.344286322593688965e-01,9.101615846157073975e-02,4.152706265449523926e-02
-9.395068287849426270e-01,-2.164119184017181396e-01,8.267962932586669922e-01,-5.348624661564826965e-03,8.373424410820007324e-03,8.915394544601440430e-01,4.528340399265289307e-01,-4.201048910617828369e-01,2.508402168750762939e-01,4.164237678050994873e-01,7.673473954200744629e-01,-1.198761910200119019e-01,7.913522422313690186e-02,-3.422732278704643250e-02,-4.667152464389801025e-02,-5.342825055122375488e-01,1.735733896493911743e-01,-1.397621184587478638e-01,2.341564372181892395e-02,-4.990730434656143188e-02,2.472963184118270874e-01,1.606380492448806763e-01,-1.875667273998260498e-01,-5.244153141975402832e-01,-1.359937340021133423e-01,1.496301591396331787e-01,-1.716941297054290771e-01,1.153598725795745850e-01,-4.335727691650390625e-01,9.317774325609207153e-02,4.125090315937995911e-02
-9.412614703178405762e-01,-2.164392322301864624e-01,8.262520432472229004e-01,-5.169169045984745026e-03,6.627305410802364349e-03,8.936407566070556641e-01,4.487043321132659912e-01,-3.781603872776031494e-01,2.454158663749694824e-01,4.512019157409667969e-01,7.091974616050720215e-01,-9.698277711868286133e-02,5.992584303021430969e-02,-2.811758406460285187e-02,-4.562097042798995972e-02,-5.427650809288024902e-01,1.725342720746994019e-01,-1.406290829181671143e-01,2.675786428153514862e-02,-4.931455478072166443e-02,2.465023845434188843e-01,1.628082841634750366e-01,-1.870863288640975952e-01,-5.265476107597351074e-01,-1.353815644979476929e-01,1.509899646043777466e-01,-1.669258028268814087e-01,1.171387135982513428e-01,-4.331263005733489990e-01,9.546274691820144653e-02,4.101304709911346436e-02
-9.432564973831176758e-01,-2.164296954870223999e-01,8.256805539131164551e-01,-5.573393777012825012e-03,5.032115615904331207e-03,8.956934809684753418e-01,4.446086585521697998e-01,-3.372526168823242188e-01,2.371195107698440552e-01,4.828335642814636230e-01,6.465328335762023926e-01,-6.290143728256225586e-02,3.324613347649574280e-02,-2.308087609708309174e-02,-4.424088820815086365e-02,-5.504810214042663574e-01,1.708351522684097290e-01,-1.409800052642822266e-01,3.020505420863628387e-02,-4.763618111610412598e-02,2.457954138517379761e-01,1.651426106691360474e-01,-1.868722140789031982e-01,-5.288759469985961914e-01,-1.354586035013198853e-01,1.521811783313751221e-01,-1.620505899190902710e-01,1.188061907887458801e-01,-4.333427548408508301e-01,9.722866863012313843e-02,4.064450412988662720e-02
-9.452166557312011719e-01,-2.165563255548477173e-01,8.250125646591186523e-01,-5.666163284331560135e-03,3.682276932522654533e-03,8.978112936019897461e-01,4.403285384178161621e-01,-2.987656295299530029e-01,2.262961268424987793e-01,5.098683834075927734e-01,5.873034596443176270e-01,-4.709597676992416382e-02,-1.060898695141077042e-02,-1.919203624129295349e-02,-4.474927484989166260e-02,-5.580802559852600098e-01,1.731690764427185059e-01,-1.433441340923309326e-01,3.394163772463798523e-02,-4.613269865512847900e-02,2.451582401990890503e-01,1.676780581474304199e-01,-1.871063262224197388e-01,-5.314238667488098145e-01,-1.364751905202865601e-01,1.531963199377059937e-01,-1.571609973907470703e-01,1.203888431191444397e-01,-4.341892004013061523e-01,9.904786944389343262e-02,4.005592688918113708e-02
-9.472919106483459473e-01,-2.167915999889373779e-01,8.242954015731811523e-01,-6.080897524952888489e-03,2.753277774900197983e-03,8.999972343444824219e-01,4.358445405960083008e-01,-2.661389410495758057e-01,2.122130990028381348e-01,5.274754166603088379e-01,5.365592241287231445e-01,-8.252032101154327393e-02,-3.065929934382438660e-02,-1.751273125410079956e-02,-4.659612476825714111e-02,-5.655071735382080078e-01,1.776020824909210205e-01,-1.463038176298141479e-01,3.778999298810958862e-02,-4.439835250377655029e-02,2.443420588970184326e-01,1.697926968336105347e-01,-1.878297775983810425e-01,-5.337722301483154297e-01,-1.376091688871383667e-01,1.539239436388015747e-01,-1.530227065086364746e-01,1.216030642390251160e-01,-4.351596534252166748e-01,9.997350722551345825e-02,3.934887424111366272e-02
-9.494848251342773438e-01,-2.172208130359649658e-01,8.236477971076965332e-01,-5.960656795650720596e-03,1.956266118213534355e-03,9.020852446556091309e-01,4.315122365951538086e-01,-2.371799945831298828e-01,1.955143213272094727e-01,5.331807136535644531e-01,4.915941357612609863e-01,-1.130051091313362122e-01,-3.818064182996749878e-02,-1.589243486523628235e-02,-4.948951303958892822e-02,-5.704481005668640137e-01,1.831670999526977539e-01,-1.494621187448501587e-01,4.154293984174728394e-02,-4.091479256749153137e-02,2.436125129461288452e-01,1.717660278081893921e-01,-1.891980171203613281e-01,-5.366090536117553711e-01,-1.394086480140686035e-01,1.546580642461776733e-01,-1.492345035076141357e-01,1.222317740321159363e-01,-4.362062811851501465e-01,1.004517525434494019e-01,3.816814348101615906e-02
-9.517871737480163574e-01,-2.176021784543991089e-01,8.230529427528381348e-01,-5.672691855579614639e-03,1.783366198651492596e-03,9.040746688842773438e-01,4.273331463336944580e-01,-2.143352776765823364e-01,1.781226992607116699e-01,5.299804806709289551e-01,4.534460902214050293e-01,-1.397181898355484009e-01,-2.922797948122024536e-02,-1.517531089484691620e-02,-5.457692220807075500e-02,-5.755308270454406738e-01,1.907000392675399780e-01,-1.534216403961181641e-01,4.570915922522544861e-02,-3.729726374149322510e-02,2.431840747594833374e-01,1.731952875852584839e-01,-1.913024187088012695e-01,-5.392695069313049316e-01,-1.415035724639892578e-01,1.552462875843048096e-01,-1.462349146604537964e-01,1.220522001385688782e-01,-4.378232657909393311e-01,1.003375723958015442e-01,3.660439327359199524e-02
-9.539830088615417480e-01,-2.180674076080322266e-01,8.225715756416320801e-01,-5.937853362411260605e-03,2.214414998888969421e-03,9.072968363761901855e-01,4.204429984092712402e-01,-1.976067721843719482e-01,1.613498479127883911e-01,5.263351202011108398e-01,4.198237061500549316e-01,-1.589382737874984741e-01,-2.543439716100692749e-02,-1.576772332191467285e-02,-5.968128144741058350e-02,-5.803082585334777832e-01,1.983167082071304321e-01,-1.578179597854614258e-01,4.951229691505432129e-02,-3.861170634627342224e-02,2.424498349428176880e-01,1.742741465568542480e-01,-1.939812153577804565e-01,-5.427842140197753906e-01,-1.438631266355514526e-01,1.556964814662933350e-01,-1.438972949981689453e-01,1.210815459489822388e-01,-4.396801888942718506e-01,9.987073391675949097e-02,3.439006209373474121e-02
-9.558302760124206543e-01,-2.185076624155044556e-01,8.221970200538635254e-01,-5.610199645161628723e-03,3.473719116300344467e-03,9.107450246810913086e-01,4.129164814949035645e-01,-1.847681850194931030e-01,1.451148539781570435e-01,5.195741057395935059e-01,3.910933434963226318e-01,-1.651031970977783203e-01,-2.551298961043357849e-02,-1.796614378690719604e-02,-6.682852655649185181e-02,-5.804665088653564453e-01,2.093403637409210205e-01,-1.639391928911209106e-01,5.246589332818984985e-02,-4.130410775542259216e-02,2.416023612022399902e-01,1.749958395957946777e-01,-1.972469985485076904e-01,-5.464118719100952148e-01,-1.463179588317871094e-01,1.558941751718521118e-01,-1.422362923622131348e-01,1.190210282802581787e-01,-4.416553378105163574e-01,9.868963807821273804e-02,3.163402527570724487e-02
-9.576664566993713379e-01,-2.188832461833953857e-01,8.221364021301269531e-01,-5.331070162355899811e-03,4.824401810765266418e-03,9.136718511581420898e-01,4.063890576362609863e-01,-1.748432815074920654e-01,1.299787759780883789e-01,5.106592774391174316e-01,3.653017580509185791e-01,-1.653671562671661377e-01,-2.360442653298377991e-02,-2.371888607740402222e-02,-7.481907308101654053e-02,-5.795807242393493652e-01,2.255143374204635620e-01,-1.718605458736419678e-01,4.094865918159484863e-02,-4.110793024301528931e-02,2.408701181411743164e-01,1.756148487329483032e-01,-2.007742673158645630e-01,-5.490046143531799316e-01,-1.483697593212127686e-01,1.559881567955017090e-01,-1.410763859748840332e-01,1.163239851593971252e-01,-4.430743455886840820e-01,9.755561500787734985e-02,2.895707264542579651e-02
-9.592434763908386230e-01,-2.194110006093978882e-01,8.223564624786376953e-01,-4.379279445856809616e-03,6.883831229060888290e-03,9.166097044944763184e-01,3.997000157833099365e-01,-1.663718670606613159e-01,1.132282391190528870e-01,5.024572014808654785e-01,3.422614634037017822e-01,-1.619435697793960571e-01,-9.322987869381904602e-03,-3.239444643259048462e-02,-8.860272169113159180e-02,-5.798271894454956055e-01,2.483024001121520996e-01,-1.640279591083526611e-01,4.116404429078102112e-02,-4.194257035851478577e-02,2.400196492671966553e-01,1.751262992620468140e-01,-2.048874944448471069e-01,-5.514951944351196289e-01,-1.500528901815414429e-01,1.558597683906555176e-01,-1.411859095096588135e-01,1.125700920820236206e-01,-4.440479874610900879e-01,9.618964046239852905e-02,2.617534808814525604e-02
-9.606915712356567383e-01,-2.200139462947845459e-01,8.229302167892456055e-01,-2.935989061370491982e-03,9.018850512802600861e-03,9.195845723152160645e-01,3.927776813507080078e-01,-1.575114578008651733e-01,9.663959592580795288e-02,4.925141036510467529e-01,3.198980093002319336e-01,-1.531214863061904907e-01,1.136108185164630413e-04,-4.350768029689788818e-02,-1.059269309043884277e-01,-5.800151228904724121e-01,2.785217761993408203e-01,-1.521964967250823975e-01,4.592098295688629150e-02,-4.234043881297111511e-02,2.389991432428359985e-01,1.739819943904876709e-01,-2.094995826482772827e-01,-5.538689494132995605e-01,-1.518127024173736572e-01,1.555414646863937378e-01,-1.420896947383880615e-01,1.076912060379981995e-01,-4.445818066596984863e-01,9.423783421516418457e-02,2.320146374404430389e-02
-9.618253111839294434e-01,-2.206732779741287231e-01,8.238189816474914551e-01,-2.097791759297251701e-03,9.243047796189785004e-03,9.223762750625610352e-01,3.861763179302215576e-01,-1.522278636693954468e-01,8.791599422693252563e-02,4.807738959789276123e-01,3.060492575168609619e-01,-1.453391313552856445e-01,-1.693082274869084358e-03,-5.459779500961303711e-02,-1.178960502147674561e-01,-5.826430916786193848e-01,3.094449639320373535e-01,-1.472650319337844849e-01,3.145739808678627014e-02,-3.843817859888076782e-02,2.380613833665847778e-01,1.735527068376541138e-01,-2.134583294391632080e-01,-5.549412965774536133e-01,-1.530312448740005493e-01,1.554631888866424561e-01,-1.423329114913940430e-01,1.031230315566062927e-01,-4.444161057472229004e-01,9.280738979578018188e-02,2.069389447569847107e-02
-9.630759954452514648e-01,-2.213935703039169312e-01,8.246142268180847168e-01,-1.205116161145269871e-03,9.120242670178413391e-03,9.250832200050354004e-01,3.796529769897460938e-01,-1.474611759185791016e-01,8.074535429477691650e-02,4.708963632583618164e-01,2.941125929355621338e-01,-1.373604387044906616e-01,-4.743913654237985611e-03,-7.012213766574859619e-02,-1.332088559865951538e-01,-5.838221311569213867e-01,3.498200178146362305e-01,-1.343954354524612427e-01,3.217575699090957642e-02,-3.923070058226585388e-02,2.372432947158813477e-01,1.732136905193328857e-01,-2.164755761623382568e-01,-5.556426048278808594e-01,-1.539175957441329956e-01,1.553669720888137817e-01,-1.425155848264694214e-01,9.927953779697418213e-02,-4.441952407360076904e-01,9.159260988235473633e-02,1.900744996964931488e-02
-9.644004106521606445e-01,-2.222927957773208618e-01,8.254041075706481934e-01,-7.328002247959375381e-04,8.400251157581806183e-03,9.280098080635070801e-01,3.724602460861206055e-01,-1.430992186069488525e-01,7.548052072525024414e-02,4.626673758029937744e-01,2.830304205417633057e-01,-1.299308091402053833e-01,-8.163946680724620819e-03,-9.035561233758926392e-02,-1.508567780256271362e-01,-5.839740037918090820e-01,3.986116051673889160e-01,-1.152375862002372742e-01,2.980840764939785004e-02,-4.302510991692543030e-02,2.363735288381576538e-01,1.730533689260482788e-01,-2.197309136390686035e-01,-5.564539432525634766e-01,-1.550579965114593506e-01,1.551363617181777954e-01,-1.423854231834411621e-01,9.485328942537307739e-02,-4.438590407371520996e-01,8.988473564386367798e-02,1.725594140589237213e-02
-9.658696651458740234e-01,-2.233090996742248535e-01,8.261883258819580078e-01,-6.965929060243070126e-04,7.578087039291858673e-03,9.310057163238525391e-01,3.649252653121948242e-01,-1.390850692987442017e-01,7.067546248435974121e-02,4.543592035770416260e-01,2.718722522258758545e-01,-1.239713579416275024e-01,-1.065733563154935837e-02,-1.131181418895721436e-01,-1.692422628402709961e-01,-5.820981264114379883e-01,4.483962357044219971e-01,-8.982796221971511841e-02,2.893684618175029755e-02,-4.765346273779869080e-02,2.354390472173690796e-01,1.729635596275329590e-01,-2.231344431638717651e-01,-5.573462247848510742e-01,-1.562772989273071289e-01,1.546755135059356689e-01,-1.420367807149887085e-01,9.002281725406646729e-02,-4.436256885528564453e-01,8.790445327758789062e-02,1.544878352433443069e-02
-9.671516418457031250e-01,-2.244700640439987183e-01,8.268867731094360352e-01,-7.767702336423099041e-04,6.497969385236501694e-03,9.337955117225646973e-01,3.577472865581512451e-01,-1.368383020162582397e-01,6.701806187629699707e-02,4.468930065631866455e-01,2.621573507785797119e-01,-1.186436563730239868e-01,-1.082220301032066345e-02,-1.383136212825775146e-01,-1.885402500629425049e-01,-5.793310403823852539e-01,5.000321865081787109e-01,-5.916652455925941467e-02,2.528114989399909973e-02,-5.292787775397300720e-02,2.344721555709838867e-01,1.730060577392578125e-01,-2.265425771474838257e-01,-5.582338571548461914e-01,-1.574910283088684082e-01,1.540936827659606934e-01,-1.413915306329727173e-01,8.512801676988601685e-02,-4.434410333633422852e-01,8.590803295373916626e-02,1.362222153693437576e-02
-9.684616327285766602e-01,-2.256489694118499756e-01,8.275996446609497070e-01,-1.205284963361918926e-03,4.965556319802999496e-03,9.366260170936584473e-01,3.502935469150543213e-01,-1.338441520929336548e-01,6.435137242078781128e-02,4.392734766006469727e-01,2.525977492332458496e-01,-1.144934296607971191e-01,-1.031054370105266571e-02,-1.654302924871444702e-01,-2.080136537551879883e-01,-5.748059153556823730e-01,5.526322126388549805e-01,-2.479912154376506805e-02,1.303021889179944992e-02,-5.903432890772819519e-02,2.334439605474472046e-01,1.735540926456451416e-01,-2.298354208469390869e-01,-5.591254234313964844e-01,-1.587718874216079712e-01,1.534269005060195923e-01,-1.400617957115173340e-01,8.052364736795425415e-02,-4.433978199958801270e-01,8.396825939416885376e-02,1.183791551738977432e-02
-9.697380065917968750e-01,-2.268098592758178711e-01,8.283745646476745605e-01,-1.696356805041432381e-03,3.137061139568686485e-03,9.394527673721313477e-01,3.426598310470581055e-01,-1.317366808652877808e-01,6.253107637166976929e-02,4.309988319873809814e-01,2.432885915040969849e-01,-1.098229959607124329e-01,-1.091650314629077911e-02,-1.944845169782638550e-01,-2.271642833948135376e-01,-5.672357082366943359e-01,6.052322387695312500e-01,1.056957524269819260e-02,-7.076999172568321228e-03,-6.588061898946762085e-02,2.325073778629302979e-01,1.748260110616683960e-01,-2.330252677202224731e-01,-5.598800778388977051e-01,-1.601742655038833618e-01,1.526914238929748535e-01,-1.378986686468124390e-01,7.640303671360015869e-02,-4.435546994209289551e-01,8.216047286987304688e-02,1.011548191308975220e-02
-9.709061384201049805e-01,-2.279772460460662842e-01,8.289921879768371582e-01,-1.853644847869873047e-03,1.088304095901548862e-03,9.422482252120971680e-01,3.349083960056304932e-01,-1.293209493160247803e-01,6.113531813025474548e-02,4.215330183506011963e-01,2.349247634410858154e-01,-1.063854023814201355e-01,-1.098954491317272186e-02,-2.247246950864791870e-01,-2.457396388053894043e-01,-5.557376146316528320e-01,6.578322052955627441e-01,4.354414716362953186e-02,-3.341301903128623962e-02,-7.333861291408538818e-02,2.316246479749679565e-01,1.768079698085784912e-01,-2.361524552106857300e-01,-5.605983734130859375e-01,-1.617011278867721558e-01,1.519363969564437866e-01,-1.349960267543792725e-01,7.290263473987579346e-02,-4.438998103141784668e-01,8.060879260301589966e-02,8.442417718470096588e-03
-9.720655083656311035e-01,-2.290419787168502808e-01,8.293930888175964355e-01,-1.970449695363640785e-03,-9.701913804747164249e-04,9.449629187583923340e-01,3.271700441837310791e-01,-1.272961348295211792e-01,6.005346029996871948e-02,4.111953973770141602e-01,2.278005331754684448e-01,-1.042056530714035034e-01,-1.052338909357786179e-02,-2.568636536598205566e-01,-2.637564539909362793e-01,-5.406547784805297852e-01,7.104322314262390137e-01,7.195678353309631348e-02,-6.331201642751693726e-02,-8.062673360109329224e-02,2.307884395122528076e-01,1.794612109661102295e-01,-2.392810285091400146e-01,-5.613364577293395996e-01,-1.633816510438919067e-01,1.512180864810943604e-01,-1.316152811050415039e-01,7.024793326854705811e-02,-4.444413483142852783e-01,7.952684909105300903e-02,6.822929251939058304e-03
-9.731034636497497559e-01,-2.299261540174484253e-01,8.296307325363159180e-01,-1.979336841031908989e-03,-2.520991489291191101e-03,9.476318359375000000e-01,3.193486928939819336e-01,-1.259072870016098022e-01,5.821910873055458069e-02,4.002624452114105225e-01,2.217521071434020996e-01,-1.028595268726348877e-01,-9.597861208021640778e-03,-2.909061014652252197e-01,-2.810499966144561768e-01,-5.213243365287780762e-01,7.630321979522705078e-01,9.345133602619171143e-02,-9.017454832792282104e-02,-8.775947242975234985e-02,2.299125045537948608e-01,1.825829893350601196e-01,-2.425344586372375488e-01,-5.622391700744628906e-01,-1.652106195688247681e-01,1.505022644996643066e-01,-1.281382739543914795e-01,6.846147030591964722e-02,-4.452427625656127930e-01,7.906375825405120850e-02,5.213646683841943741e-03
-9.740203619003295898e-01,-2.305775880813598633e-01,8.296661376953125000e-01,-1.923658186569809914e-03,-3.286495339125394821e-03,9.501859545707702637e-01,3.116602599620819092e-01,-1.251872628927230835e-01,5.501538142561912537e-02,3.882214128971099854e-01,2.162876725196838379e-01,-1.019750386476516724e-01,-8.012731559574604034e-03,-3.270884752273559570e-01,-2.975206971168518066e-01,-4.971787631511688232e-01,8.156322240829467773e-01,1.036189720034599304e-01,-1.052973493933677673e-01,-9.378506988286972046e-02,2.289548367261886597e-01,1.858282089233398438e-01,-2.460276931524276733e-01,-5.634170174598693848e-01,-1.671289801597595215e-01,1.497492641210556030e-01,-1.250615566968917847e-01,6.758906692266464233e-02,-4.464031159877777100e-01,7.945174723863601685e-02,3.570204367861151695e-03
-9.747746586799621582e-01,-2.312838286161422729e-01,8.294257521629333496e-01,-1.486227498389780521e-03,-3.492519492283463478e-03,9.524720311164855957e-01,3.046024739742279053e-01,-1.244271621108055115e-01,5.065546557307243347e-02,3.763402700424194336e-01,2.116176337003707886e-01,-1.018791049718856812e-01,-6.240154150873422623e-03,-3.645237088203430176e-01,-3.131788074970245361e-01,-4.697344303131103516e-01,8.682321906089782715e-01,9.888963401317596436e-02,-1.075964123010635376e-01,-9.837778657674789429e-02,2.279133647680282593e-01,1.890346258878707886e-01,-2.497706711292266846e-01,-5.648699998855590820e-01,-1.691178083419799805e-01,1.489410549402236938e-01,-1.227501779794692993e-01,6.762060523033142090e-02,-4.479843676090240479e-01,8.082005381584167480e-02,1.886588870547711849e-03
-9.755549430847167969e-01,-2.315895855426788330e-01,8.292419910430908203e-01,-9.686081903055310249e-04,-3.367910394445061684e-03,9.545542001724243164e-01,2.980166971683502197e-01,-1.236605718731880188e-01,4.630704224109649658e-02,3.645154833793640137e-01,2.080857008695602417e-01,-1.012905538082122803e-01,-4.400950856506824493e-03,-4.026966691017150879e-01,-3.275107145309448242e-01,-4.406179189682006836e-01,9.208322167396545410e-01,8.473209291696548462e-02,-1.075264737010002136e-01,-1.013586074113845825e-01,2.268927395343780518e-01,1.923810094594955444e-01,-2.534100115299224854e-01,-5.663039088249206543e-01,-1.710488796234130859e-01,1.482517570257186890e-01,-1.210691928863525391e-01,6.848907470703125000e-02,-4.497584700584411621e-01,8.293295651674270630e-02,2.238559682155027986e-04
-9.763292074203491211e-01,-2.316226363182067871e-01,8.290910124778747559e-01,-2.643970947246998549e-04,-3.233715426176786423e-03,9.564633369445800781e-01,2.918344736099243164e-01,-1.227090731263160706e-01,4.245444759726524353e-02,3.530905246734619141e-01,2.056007087230682373e-01,-1.003969535231590271e-01,-2.857183804735541344e-03,-4.412429928779602051e-01,-3.408063948154449463e-01,-4.113292694091796875e-01,9.734322428703308105e-01,6.996548175811767578e-02,-1.147141829133033752e-01,-1.031958386301994324e-01,2.259692847728729248e-01,1.961680501699447632e-01,-2.566423416137695312e-01,-5.674850344657897949e-01,-1.728408038616180420e-01,1.478099226951599121e-01,-1.196153759956359863e-01,6.998367607593536377e-02,-4.514577686786651611e-01,8.548168092966079712e-02,-1.392388367094099522e-03
-9.770985245704650879e-01,-2.314155548810958862e-01,8.289573192596435547e-01,1.673312071943655610e-04,-2.703744918107986450e-03,9.581630825996398926e-01,2.862099707126617432e-01,-1.221794560551643372e-01,3.837210312485694885e-02,3.422354161739349365e-01,2.030408978462219238e-01,-9.904131293296813965e-02,-1.515493495389819145e-03,-4.811578094959259033e-01,-3.543521761894226074e-01,-3.835342526435852051e-01,1.026032209396362305e+00,5.331401526927947998e-02,-1.238261908292770386e-01,-1.038730219006538391e-01,2.250244319438934326e-01,2.003578990697860718e-01,-2.593668103218078613e-01,-5.685133337974548340e-01,-1.743995845317840576e-01,1.474517881870269775e-01,-1.183353587985038757e-01,7.181881368160247803e-02,-4.531614482402801514e-01,8.831585198640823364e-02,-3.000652883201837540e-03
-9.778303503990173340e-01,-2.311312407255172729e-01,8.285641670227050781e-01,6.377138779498636723e-04,-9.393385844305157661e-04,9.598281979560852051e-01,2.805861234664916992e-01,-1.221446171402931213e-01,3.185941651463508606e-02,3.320958316326141357e-01,2.004798203706741333e-01,-9.753770381212234497e-02,-1.421692286385223269e-04,-5.228695869445800781e-01,-3.695800304412841797e-01,-3.548584580421447754e-01,1.078632235527038574e+00,3.186967968940734863e-02,-1.271309703588485718e-01,-1.049234420061111450e-01,2.237794548273086548e-01,2.039828747510910034e-01,-2.616952657699584961e-01,-5.697914958000183105e-01,-1.754623800516128540e-01,1.469777226448059082e-01,-1.181830763816833496e-01,7.366480678319931030e-02,-4.550655782222747803e-01,9.166396409273147583e-02,-4.647379741072654724e-03
-9.784210920333862305e-01,-2.306867986917495728e-01,8.275256156921386719e-01,1.080961548723280430e-03,4.648476373404264450e-03,9.616726636886596680e-01,2.741585075855255127e-01,-1.238893643021583557e-01,1.710999198257923126e-02,3.213953971862792969e-01,1.966152042150497437e-01,-9.521688520908355713e-02,2.102116122841835022e-03,-5.707877874374389648e-01,-3.910536170005798340e-01,-3.202207982540130615e-01,1.131232261657714844e+00,7.545859087258577347e-03,-1.295887231826782227e-01,-1.076340302824974060e-01,2.217629551887512207e-01,2.038407027721405029e-01,-2.641321718692779541e-01,-5.723551511764526367e-01,-1.751867383718490601e-01,1.458650827407836914e-01,-1.225935965776443481e-01,7.472112029790878296e-02,-4.579476416110992432e-01,9.632866084575653076e-02,-6.515700370073318481e-03
-9.792025089263916016e-01,-2.300343364477157593e-01,8.268032073974609375e-01,1.021367846988141537e-03,9.275742806494235992e-03,9.634408950805664062e-01,2.677583098411560059e-01,-1.246918290853500366e-01,4.533832892775535583e-03,3.110900819301605225e-01,1.910271048545837402e-01,-9.220626205205917358e-02,4.036998376250267029e-03,-6.143444180488586426e-01,-4.067620635032653809e-01,-2.874386012554168701e-01,1.174574613571166992e+00,-1.477581448853015900e-02,-1.327560544013977051e-01,-1.101278513669967651e-01,2.193246930837631226e-01,2.016523927450180054e-01,-2.660226523876190186e-01,-5.750890970230102539e-01,-1.736884862184524536e-01,1.445491760969161987e-01,-1.293491572141647339e-01,7.493201643228530884e-02,-4.614917337894439697e-01,1.015071347355842590e-01,-8.571410551667213440e-03
-9.800802469253540039e-01,-2.294127643108367920e-01,8.271795511245727539e-01,4.731082299258559942e-05,9.451193735003471375e-03,9.647971987724304199e-01,2.628251314163208008e-01,-1.239283010363578796e-01,2.308462746441364288e-03,3.031543791294097900e-01,1.848775148391723633e-01,-8.909707516431808472e-02,4.672080744057893753e-03,-6.423519253730773926e-01,-4.068690240383148193e-01,-2.643006443977355957e-01,1.196975946426391602e+00,-2.803583815693855286e-02,-1.390332877635955811e-01,-1.096651181578636169e-01,2.169761955738067627e-01,2.021703571081161499e-01,-2.662619054317474365e-01,-5.761049389839172363e-01,-1.718962341547012329e-01,1.438356190919876099e-01,-1.328443139791488647e-01,7.494022697210311890e-02,-4.645749032497406006e-01,1.055953577160835266e-01,-1.067389827221632004e-02
-9.806575775146484375e-01,-2.287740111351013184e-01,8.274946808815002441e-01,-4.659711266867816448e-04,9.056607261300086975e-03,9.659432768821716309e-01,2.585950195789337158e-01,-1.228713318705558777e-01,1.894473214633762836e-03,2.964707612991333008e-01,1.804517358541488647e-01,-8.650715649127960205e-02,4.857943858951330185e-03,-6.666498184204101562e-01,-4.034363031387329102e-01,-2.417702525854110718e-01,1.215399980545043945e+00,-4.037001356482505798e-02,-1.451140046119689941e-01,-1.094333603978157043e-01,2.147295176982879639e-01,2.042195349931716919e-01,-2.651025950908660889e-01,-5.758758187294006348e-01,-1.695826351642608643e-01,1.433826088905334473e-01,-1.340378373861312866e-01,7.475235313177108765e-02,-4.672646522521972656e-01,1.087086871266365051e-01,-1.265542209148406982e-02
-9.817661046981811523e-01,-2.276196926832199097e-01,8.281203508377075195e-01,-1.856373040936887264e-03,8.103974163532257080e-03,9.672083258628845215e-01,2.538483440876007080e-01,-1.227701902389526367e-01,3.393699647858738899e-03,2.892190515995025635e-01,1.763419955968856812e-01,-8.411573618650436401e-02,4.540714435279369354e-03,-6.870892643928527832e-01,-3.958491384983062744e-01,-2.210567593574523926e-01,1.228363752365112305e+00,-5.190454423427581787e-02,-1.507069021463394165e-01,-1.070016250014305115e-01,2.123873084783554077e-01,2.068864405155181885e-01,-2.629312574863433838e-01,-5.751449465751647949e-01,-1.668427288532257080e-01,1.428994089365005493e-01,-1.339494138956069946e-01,7.436740398406982422e-02,-4.697061777114868164e-01,1.109978854656219482e-01,-1.445830706506967545e-02
-9.825072884559631348e-01,-2.266108542680740356e-01,8.285192847251892090e-01,-2.885140245780348778e-03,7.215291261672973633e-03,9.681609869003295898e-01,2.502078115940093994e-01,-1.229457035660743713e-01,5.206144414842128754e-03,2.831312716007232666e-01,1.735835224390029907e-01,-8.174312859773635864e-02,4.033753648400306702e-03,-7.073521614074707031e-01,-3.852584958076477051e-01,-1.986049264669418335e-01,1.239639282226562500e+00,-6.466744095087051392e-02,-1.537702083587646484e-01,-1.025073677301406860e-01,2.096238881349563599e-01,2.106003314256668091e-01,-2.592232227325439453e-01,-5.735983252525329590e-01,-1.627025753259658813e-01,1.419535130262374878e-01,-1.326966732740402222e-01,7.360585778951644897e-02,-4.728345870971679688e-01,1.129428148269653320e-01,-1.651133969426155090e-02
-9.831417202949523926e-01,-2.256055474281311035e-01,8.288193941116333008e-01,-3.145206021144986153e-03,6.225444842129945755e-03,9.691021442413330078e-01,2.465610057115554810e-01,-1.227555796504020691e-01,7.363491225987672806e-03,2.773094475269317627e-01,1.734993606805801392e-01,-8.106290549039840698e-02,3.495458047837018967e-03,-7.225599884986877441e-01,-3.738807141780853271e-01,-1.776422262191772461e-01,1.246094465255737305e+00,-7.374300062656402588e-02,-1.551274359226226807e-01,-9.774127602577209473e-02,2.068427950143814087e-01,2.146480530500411987e-01,-2.551039159297943115e-01,-5.714024901390075684e-01,-1.579000800848007202e-01,1.412101984024047852e-01,-1.308299005031585693e-01,7.255475968122482300e-02,-4.757298231124877930e-01,1.146718263626098633e-01,-1.872746460139751434e-02
-9.838256835937500000e-01,-2.246339768171310425e-01,8.290817141532897949e-01,-3.047886071726679802e-03,5.128641612827777863e-03,9.700521230697631836e-01,2.428234964609146118e-01,-1.226409077644348145e-01,9.567472152411937714e-03,2.711116373538970947e-01,1.747367233037948608e-01,-8.101222664117813110e-02,3.068306948989629745e-03,-7.335402965545654297e-01,-3.615992963314056396e-01,-1.584660261869430542e-01,1.248666048049926758e+00,-8.283480256795883179e-02,-1.516355276107788086e-01,-9.253737330436706543e-02,2.027027457952499390e-01,2.199448496103286743e-01,-2.511130571365356445e-01,-5.672737956047058105e-01,-1.489128768444061279e-01,1.414006501436233521e-01,-1.278800368309020996e-01,7.057283818721771240e-02,-4.793338477611541748e-01,1.183545142412185669e-01,-2.202533930540084839e-02
-9.844514131546020508e-01,-2.234513610601425171e-01,8.292695283889770508e-01,-2.813823986798524857e-03,4.101722035557031631e-03,9.710812568664550781e-01,2.386973798274993896e-01,-1.222124323248863220e-01,1.175334677100181580e-02,2.637895345687866211e-01,1.760614216327667236e-01,-8.125976473093032837e-02,2.709969878196716309e-03,-7.414579987525939941e-01,-3.492952585220336914e-01,-1.414065808057785034e-01,1.247727870941162109e+00,-9.115231037139892578e-02,-1.484140008687973022e-01,-8.860518783330917358e-02,1.996155530214309692e-01,2.245271652936935425e-01,-2.489276677370071411e-01,-5.638357400894165039e-01,-1.439677327871322632e-01,1.419497430324554443e-01,-1.252609491348266602e-01,6.911446154117584229e-02,-4.814083576202392578e-01,1.214709430932998657e-01,-2.482203580439090729e-02
-9.851428270339965820e-01,-2.221705019474029541e-01,8.294958472251892090e-01,-2.456804737448692322e-03,3.144229995086789131e-03,9.721844792366027832e-01,2.341823279857635498e-01,-1.218016892671585083e-01,1.366219297051429749e-02,2.558888196945190430e-01,1.775248050689697266e-01,-8.133792132139205933e-02,2.195142908021807671e-03,-7.454161643981933594e-01,-3.373827636241912842e-01,-1.270014941692352295e-01,1.242945313453674316e+00,-9.838297218084335327e-02,-1.447902321815490723e-01,-8.395200222730636597e-02,1.971934586763381958e-01,2.287130206823348999e-01,-2.479208260774612427e-01,-5.609590411186218262e-01,-1.410045027732849121e-01,1.428025811910629272e-01,-1.229218095541000366e-01,6.827030330896377563e-02,-4.829940795898437500e-01,1.246911510825157166e-01,-2.731622755527496338e-02
-9.858136177062988281e-01,-2.207490801811218262e-01,8.296279907226562500e-01,-2.550176577642560005e-03,2.416686154901981354e-03,9.733389616012573242e-01,2.293444275856018066e-01,-1.220815330743789673e-01,1.533529441803693771e-02,2.471291720867156982e-01,1.784616410732269287e-01,-8.161500096321105957e-02,1.366976764984428883e-03,-7.480194568634033203e-01,-3.254662156105041504e-01,-1.140357181429862976e-01,1.235188364982604980e+00,-1.052574887871742249e-01,-1.409389525651931763e-01,-8.062828332185745239e-02,1.952441781759262085e-01,2.326154857873916626e-01,-2.479526996612548828e-01,-5.586773753166198730e-01,-1.395955830812454224e-01,1.438587158918380737e-01,-1.208546087145805359e-01,6.804317235946655273e-02,-4.847657978534698486e-01,1.281931549310684204e-01,-2.982796542346477509e-02
-9.864209294319152832e-01,-2.192675322294235229e-01,8.297530412673950195e-01,-2.915770513936877251e-03,1.830074819736182690e-03,9.745085239410400391e-01,2.243241220712661743e-01,-1.239145696163177490e-01,1.695728674530982971e-02,2.378023862838745117e-01,1.798440963029861450e-01,-8.157511800527572632e-02,6.323629640974104404e-04,-7.486392259597778320e-01,-3.135086297988891602e-01,-1.027696877717971802e-01,1.223935723304748535e+00,-1.119099110364913940e-01,-1.364383846521377563e-01,-7.780805975198745728e-02,1.935200989246368408e-01,2.362640798091888428e-01,-2.488218992948532104e-01,-5.571543574333190918e-01,-1.394230276346206665e-01,1.451404988765716553e-01,-1.190702468156814575e-01,6.839691102504730225e-02,-4.865657687187194824e-01,1.321162134408950806e-01,-3.241145983338356018e-02
-9.870369434356689453e-01,-2.178102582693099976e-01,8.298068642616271973e-01,-3.610980696976184845e-03,1.617961563169956207e-03,9.756789803504943848e-01,2.191686332225799561e-01,-1.258770674467086792e-01,1.779182627797126770e-02,2.283869385719299316e-01,1.806864440441131592e-01,-8.156203478574752808e-02,8.422414975939318538e-05,-7.484545707702636719e-01,-3.015008270740509033e-01,-9.109473228454589844e-02,1.209994912147521973e+00,-1.181382611393928528e-01,-1.288762241601943970e-01,-7.581922411918640137e-02,1.919216066598892212e-01,2.396073639392852783e-01,-2.502739429473876953e-01,-5.563375353813171387e-01,-1.399963647127151489e-01,1.464884728193283081e-01,-1.177419498562812805e-01,6.922251731157302856e-02,-4.886351823806762695e-01,1.366400122642517090e-01,-3.493749350309371948e-02
-9.876518249511718750e-01,-2.161761224269866943e-01,8.297951221466064453e-01,-4.079663194715976715e-03,1.429859315976500511e-03,9.768792986869812012e-01,2.137478291988372803e-01,-1.272069215774536133e-01,1.868328824639320374e-02,2.188149392604827881e-01,1.816637516021728516e-01,-8.186383545398712158e-02,-1.107790274545550346e-03,-7.455157637596130371e-01,-2.892642319202423096e-01,-8.026022464036941528e-02,1.193138957023620605e+00,-1.235209330916404724e-01,-1.246925592422485352e-01,-7.356501370668411255e-02,1.905279755592346191e-01,2.426349073648452759e-01,-2.522176504135131836e-01,-5.557659268379211426e-01,-1.410295069217681885e-01,1.479149907827377319e-01,-1.167429015040397644e-01,7.023918628692626953e-02,-4.908269345760345459e-01,1.411659121513366699e-01,-3.732403740286827087e-02
-9.883055090904235840e-01,-2.146028876304626465e-01,8.297830820083618164e-01,-4.542480222880840302e-03,1.507432083599269390e-03,9.780598282814025879e-01,2.082692086696624756e-01,-1.292635649442672729e-01,1.882865466177463531e-02,2.088305503129959106e-01,1.825468391180038452e-01,-8.157430589199066162e-02,-1.673878054134547710e-03,-7.405567169189453125e-01,-2.759967744350433350e-01,-6.783770769834518433e-02,1.172439336776733398e+00,-1.281837821006774902e-01,-1.168652176856994629e-01,-7.195608317852020264e-02,1.891182363033294678e-01,2.452679872512817383e-01,-2.542995214462280273e-01,-5.557471513748168945e-01,-1.419174075126647949e-01,1.493362933397293091e-01,-1.161368489265441895e-01,7.118924707174301147e-02,-4.930759966373443604e-01,1.454300731420516968e-01,-3.955083712935447693e-02
-9.888715147972106934e-01,-2.128505110740661621e-01,8.297565579414367676e-01,-4.706799518316984177e-03,1.549853826873004436e-03,9.792336225509643555e-01,2.026744633913040161e-01,-1.324522644281387329e-01,1.935074292123317719e-02,1.986381262540817261e-01,1.849640011787414551e-01,-8.111118525266647339e-02,-2.561723114922642708e-03,-7.320935726165771484e-01,-2.611165642738342285e-01,-5.454933643341064453e-02,1.148131251335144043e+00,-1.303488314151763916e-01,-1.071999371051788330e-01,-7.044294476509094238e-02,1.878893524408340454e-01,2.474117428064346313e-01,-2.563856840133666992e-01,-5.556375384330749512e-01,-1.423184722661972046e-01,1.509245336055755615e-01,-1.159080490469932556e-01,7.204012572765350342e-02,-4.947001636028289795e-01,1.495770215988159180e-01,-4.184283316135406494e-02
-9.896215796470642090e-01,-2.106627374887466431e-01,8.297174572944641113e-01,-5.460360087454319000e-03,1.661846530623733997e-03,9.805132150650024414e-01,1.963701397180557251e-01,-1.345206797122955322e-01,2.025623433291912079e-02,1.879332810640335083e-01,1.863004118204116821e-01,-8.162233978509902954e-02,-4.393367096781730652e-03,-7.211079597473144531e-01,-2.450612634420394897e-01,-4.142154753208160400e-02,1.119330406188964844e+00,-1.325564384460449219e-01,-9.203168004751205444e-02,-6.874711811542510986e-02,1.865977793931961060e-01,2.490763366222381592e-01,-2.583981156349182129e-01,-5.558370351791381836e-01,-1.421336084604263306e-01,1.524994373321533203e-01,-1.158690825104713440e-01,7.242316752672195435e-02,-4.958424866199493408e-01,1.529279798269271851e-01,-4.410610720515251160e-02
-9.903033971786499023e-01,-2.084669619798660278e-01,8.296440243721008301e-01,-5.918464157730340958e-03,1.637388253584504128e-03,9.817982316017150879e-01,1.898276060819625854e-01,-1.370569020509719849e-01,2.129042334854602814e-02,1.763097941875457764e-01,1.882520467042922974e-01,-8.182341605424880981e-02,-6.088607478886842728e-03,-7.065023183822631836e-01,-2.273264825344085693e-01,-2.656255662441253662e-02,1.085972547531127930e+00,-1.322075873613357544e-01,-7.365047931671142578e-02,-6.761919707059860229e-02,1.853229254484176636e-01,2.502999603748321533e-01,-2.604037225246429443e-01,-5.560429692268371582e-01,-1.412378847599029541e-01,1.541166901588439941e-01,-1.160271018743515015e-01,7.228248566389083862e-02,-4.965198636054992676e-01,1.558303087949752808e-01,-4.663005843758583069e-02
-9.908869862556457520e-01,-2.064339071512222290e-01,8.295391798019409180e-01,-5.975694861263036728e-03,1.618767739273607731e-03,9.830420613288879395e-01,1.832755506038665771e-01,-1.392190158367156982e-01,2.192604728043079376e-02,1.642937809228897095e-01,1.905902624130249023e-01,-8.198462426662445068e-02,-7.624234538525342941e-03,-6.890300512313842773e-01,-2.074814289808273315e-01,-7.801095955073833466e-03,1.048740029335021973e+00,-1.312882900238037109e-01,-5.171096697449684143e-02,-6.740371137857437134e-02,1.841946989297866821e-01,2.510300278663635254e-01,-2.621380686759948730e-01,-5.556404590606689453e-01,-1.391261965036392212e-01,1.557615399360656738e-01,-1.162388175725936890e-01,7.153975963592529297e-02,-4.963558018207550049e-01,1.577326655387878418e-01,-4.936899989843368530e-02
-9.914708137512207031e-01,-2.042825073003768921e-01,8.293850421905517578e-01,-6.041693966835737228e-03,1.763068954460322857e-03,9.842567443847656250e-01,1.766326725482940674e-01,-1.415521651506423950e-01,2.234306745231151581e-02,1.519199460744857788e-01,1.930412650108337402e-01,-8.203525841236114502e-02,-9.035720489919185638e-03,-6.692351102828979492e-01,-1.864455938339233398e-01,1.476653758436441422e-02,1.007652997970581055e+00,-1.272100359201431274e-01,-2.154683694243431091e-02,-6.738092750310897827e-02,1.829445958137512207e-01,2.513731122016906738e-01,-2.639817595481872559e-01,-5.544595718383789062e-01,-1.349203884601593018e-01,1.572805047035217285e-01,-1.164603456854820251e-01,6.996300816535949707e-02,-4.957437217235565186e-01,1.585780084133148193e-01,-5.221547931432723999e-02
-9.921578168869018555e-01,-2.019603252410888672e-01,8.291965723037719727e-01,-6.104570813477039337e-03,2.117325784638524055e-03,9.854285717010498047e-01,1.699668318033218384e-01,-1.438058912754058838e-01,2.246464416384696960e-02,1.395967006683349609e-01,1.955461204051971436e-01,-8.224617689847946167e-02,-1.098016556352376938e-02,-6.469131708145141602e-01,-1.652805805206298828e-01,3.892965987324714661e-02,9.631490111351013184e-01,-1.237045526504516602e-01,5.095615517348051071e-03,-6.678662449121475220e-02,1.818076223134994507e-01,2.511849701404571533e-01,-2.656612098217010498e-01,-5.534400939941406250e-01,-1.307861804962158203e-01,1.585349887609481812e-01,-1.168914958834648132e-01,6.807063519954681396e-02,-4.949466586112976074e-01,1.583122611045837402e-01,-5.477647483348846436e-02
-9.929021000862121582e-01,-1.997838318347930908e-01,8.288339972496032715e-01,-6.143399514257907867e-03,2.666488057002425194e-03,9.865266680717468262e-01,1.634635180234909058e-01,-1.467709392309188843e-01,2.201006747782230377e-02,1.271804273128509521e-01,1.993678063154220581e-01,-8.306474983692169189e-02,-1.242357306182384491e-02,-6.227326989173889160e-01,-1.458074748516082764e-01,6.397831439971923828e-02,9.162080883979797363e-01,-1.205844134092330933e-01,3.638476505875587463e-02,-6.587385386228561401e-02,1.807756572961807251e-01,2.504515051841735840e-01,-2.672025561332702637e-01,-5.527501106262207031e-01,-1.265530735254287720e-01,1.596217900514602661e-01,-1.175804883241653442e-01,6.593595445156097412e-02,-4.936463534832000732e-01,1.576957851648330688e-01,-5.698224902153015137e-02
-9.931331276893615723e-01,-1.972396671772003174e-01,8.282690644264221191e-01,-4.697472788393497467e-03,3.265734296292066574e-03,9.874907135963439941e-01,1.575734168291091919e-01,-1.477994620800018311e-01,2.217070572078227997e-02,1.168066412210464478e-01,2.051609009504318237e-01,-8.463393151760101318e-02,-1.482470426708459854e-02,-5.944749712944030762e-01,-1.277808248996734619e-01,8.866300433874130249e-02,8.669738173484802246e-01,-1.169547811150550842e-01,6.572217494249343872e-02,-6.546997278928756714e-02,1.803180426359176636e-01,2.491735666990280151e-01,-2.686397731304168701e-01,-5.501936078071594238e-01,-1.219514161348342896e-01,1.607557088136672974e-01,-1.184904053807258606e-01,6.388661265373229980e-02,-4.911111891269683838e-01,1.579655408859252930e-01,-5.865160748362541199e-02
-9.937601089477539062e-01,-1.947924643754959106e-01,8.276987075805664062e-01,-4.139163065701723099e-03,4.365977831184864044e-03,9.883708357810974121e-01,1.519438326358795166e-01,-1.496084183454513550e-01,2.118662931025028229e-02,1.069088503718376160e-01,2.095762342214584351e-01,-8.602724969387054443e-02,-1.727172359824180603e-02,-5.669341087341308594e-01,-1.130118370056152344e-01,1.124853044748306274e-01,8.159379363059997559e-01,-1.126929894089698792e-01,9.327299892902374268e-02,-6.437721103429794312e-02,1.801773309707641602e-01,2.474791854619979858e-01,-2.701007723808288574e-01,-5.473224520683288574e-01,-1.179851442575454712e-01,1.615681052207946777e-01,-1.196980103850364685e-01,6.174240633845329285e-02,-4.896675646305084229e-01,1.583478897809982300e-01,-5.969199165701866150e-02
-9.945691823959350586e-01,-1.921191066503524780e-01,8.272244930267333984e-01,-3.894676920026540756e-03,5.176776088774204254e-03,9.892435669898986816e-01,1.461341381072998047e-01,-1.519174426794052124e-01,2.114856988191604614e-02,9.688591212034225464e-02,2.142004668712615967e-01,-8.772992342710494995e-02,-1.973153464496135712e-02,-5.375697612762451172e-01,-1.005218848586082458e-01,1.323802471160888672e-01,7.627485990524291992e-01,-1.100080162286758423e-01,1.152635961771011353e-01,-6.288395076990127563e-02,1.801000684499740601e-01,2.453532069921493530e-01,-2.716435194015502930e-01,-5.456734895706176758e-01,-1.150992214679718018e-01,1.622766405344009399e-01,-1.211424246430397034e-01,5.977389588952064514e-02,-4.889350533485412598e-01,1.589578837156295776e-01,-6.051885709166526794e-02
-9.953232407569885254e-01,-1.894429028034210205e-01,8.266469836235046387e-01,-3.819095436483621597e-03,6.102975923568010330e-03,9.901573061943054199e-01,1.397737562656402588e-01,-1.500501036643981934e-01,2.072968333959579468e-02,8.687984943389892578e-02,2.160577327013015747e-01,-9.074627608060836792e-02,-2.231327071785926819e-02,-5.074567794799804688e-01,-9.136031568050384521e-02,1.494545638561248779e-01,7.082395553588867188e-01,-1.076862588524818420e-01,1.293918788433074951e-01,-6.193022802472114563e-02,1.802182048559188843e-01,2.429704070091247559e-01,-2.733044624328613281e-01,-5.446214675903320312e-01,-1.126979142427444458e-01,1.629124730825424194e-01,-1.227383613586425781e-01,5.809465050697326660e-02,-4.893838763236999512e-01,1.603552103042602539e-01,-6.113404780626296997e-02
-9.960397481918334961e-01,-1.867401301860809326e-01,8.261247277259826660e-01,-2.913781907409429550e-03,7.094045169651508331e-03,9.909332394599914551e-01,1.341359466314315796e-01,-1.537222862243652344e-01,2.029307745397090912e-02,7.685144990682601929e-02,2.220188528299331665e-01,-9.110134840011596680e-02,-2.459417469799518585e-02,-4.757100641727447510e-01,-8.464333415031433105e-02,1.645882725715637207e-01,6.532486677169799805e-01,-1.022407561540603638e-01,1.396455466747283936e-01,-6.080478802323341370e-02,1.807248145341873169e-01,2.401261031627655029e-01,-2.749705612659454346e-01,-5.428164601325988770e-01,-1.102551743388175964e-01,1.637836545705795288e-01,-1.245533376932144165e-01,5.673690885305404663e-02,-4.896198809146881104e-01,1.619613617658615112e-01,-6.133821979165077209e-02
-9.967341423034667969e-01,-1.839963644742965698e-01,8.255283832550048828e-01,-1.811715541407465935e-03,7.880537770688533783e-03,9.916642308235168457e-01,1.285948753356933594e-01,-1.590450555086135864e-01,2.039834484457969666e-02,6.616532802581787109e-02,2.318664342164993286e-01,-9.318090975284576416e-02,-2.687507495284080505e-02,-4.429087042808532715e-01,-7.950737327337265015e-02,1.766188442707061768e-01,5.969411730766296387e-01,-9.310742467641830444e-02,1.457271575927734375e-01,-5.943512916564941406e-02,1.815684437751770020e-01,2.369437366724014282e-01,-2.765881121158599854e-01,-5.402014851570129395e-01,-1.078139171004295349e-01,1.648773849010467529e-01,-1.265593469142913818e-01,5.588041990995407104e-02,-4.898015856742858887e-01,1.644907295703887939e-01,-6.097270175814628601e-02
-9.974418282508850098e-01,-1.810592859983444214e-01,8.249046206474304199e-01,-1.249900553375482559e-03,8.717405609786510468e-03,9.924566149711608887e-01,1.222798302769660950e-01,-1.606446802616119385e-01,2.051274292171001434e-02,5.536413192749023438e-02,2.381693571805953979e-01,-9.652593731880187988e-02,-3.004406951367855072e-02,-4.102229475975036621e-01,-7.626674324274063110e-02,1.855871230363845825e-01,5.397629737854003906e-01,-8.205611258745193481e-02,1.494313329458236694e-01,-5.903873592615127563e-02,1.824511736631393433e-01,2.336460947990417480e-01,-2.779999673366546631e-01,-5.387709140777587891e-01,-1.051197871565818787e-01,1.659918278455734253e-01,-1.285248845815658569e-01,5.538029223680496216e-02,-4.909181594848632812e-01,1.668041050434112549e-01,-6.039330363273620605e-02
-9.981740117073059082e-01,-1.781895756721496582e-01,8.242764472961425781e-01,-3.192492877133190632e-04,9.672351181507110596e-03,9.931796789169311523e-01,1.161913871765136719e-01,-1.623753756284713745e-01,2.001878432929515839e-02,4.412829875946044922e-02,2.438665777444839478e-01,-9.853375703096389771e-02,-3.318860754370689392e-02,-3.773849308490753174e-01,-7.421262562274932861e-02,1.934527754783630371e-01,4.831559360027313232e-01,-6.022898480296134949e-02,1.504930853843688965e-01,-5.893966183066368103e-02,1.836611181497573853e-01,2.302078455686569214e-01,-2.792910337448120117e-01,-5.363519787788391113e-01,-1.026803702116012573e-01,1.672886013984680176e-01,-1.306188106536865234e-01,5.537987127900123596e-02,-4.919253289699554443e-01,1.698946505784988403e-01,-5.940051376819610596e-02
-9.987671971321105957e-01,-1.752232313156127930e-01,8.236970901489257812e-01,5.939795519225299358e-04,1.041963975876569748e-02,9.938887953758239746e-01,1.098917126655578613e-01,-1.660690009593963623e-01,2.009235881268978119e-02,3.215660527348518372e-02,2.514158189296722412e-01,-1.004188135266304016e-01,-3.652236238121986389e-02,-3.466589152812957764e-01,-7.183653116226196289e-02,1.979715228080749512e-01,4.311645627021789551e-01,-3.728016465902328491e-02,1.365006119012832642e-01,-5.802538618445396423e-02,1.851196885108947754e-01,2.268639951944351196e-01,-2.805314958095550537e-01,-5.338702201843261719e-01,-1.006783694028854370e-01,1.686850786209106445e-01,-1.325127184391021729e-01,5.567235127091407776e-02,-4.928537607192993164e-01,1.729388982057571411e-01,-5.822329968214035034e-02
-9.991462230682373047e-01,-1.723724156618118286e-01,8.233482241630554199e-01,1.203006948344409466e-03,9.852992370724678040e-03,9.944379925727844238e-01,1.048550754785537720e-01,-1.714224070310592651e-01,2.336928993463516235e-02,2.135972492396831512e-02,2.614631354808807373e-01,-1.035306155681610107e-01,-4.032075032591819763e-02,-3.233410418033599854e-01,-6.818871200084686279e-02,1.934908926486968994e-01,3.983820378780364990e-01,-4.167246818542480469e-02,9.753679484128952026e-02,-5.458100512623786926e-02,1.867409944534301758e-01,2.243044525384902954e-01,-2.813902199268341064e-01,-5.316234827041625977e-01,-9.936397522687911987e-02,1.699892729520797729e-01,-1.333723068237304688e-01,5.637511983513832092e-02,-4.937328696250915527e-01,1.742712706327438354e-01,-5.714592337608337402e-02
-9.994168281555175781e-01,-1.695058196783065796e-01,8.229234218597412109e-01,1.293886336497962475e-03,9.534576907753944397e-03,9.947687387466430664e-01,1.016983017325401306e-01,-1.770029813051223755e-01,2.689626067876815796e-02,1.361871045082807541e-02,2.713990211486816406e-01,-1.072020307183265686e-01,-4.410961642861366272e-02,-3.011500537395477295e-01,-6.803136318922042847e-02,1.746655255556106567e-01,3.699547648429870605e-01,-6.221380084753036499e-02,8.040154725313186646e-02,-4.733565077185630798e-02,1.882496029138565063e-01,2.217735499143600464e-01,-2.821438312530517578e-01,-5.296682715415954590e-01,-9.853989630937576294e-02,1.710926890373229980e-01,-1.342479884624481201e-01,5.728337913751602173e-02,-4.955945014953613281e-01,1.757330447435379028e-01,-5.600650981068611145e-02
-9.995495080947875977e-01,-1.664801239967346191e-01,8.226940035820007324e-01,1.406307797878980637e-03,8.897924795746803284e-03,9.952706098556518555e-01,9.672236442565917969e-02,-1.857300400733947754e-01,3.073269315063953400e-02,2.468465128913521767e-03,2.848356366157531738e-01,-1.084401309490203857e-01,-4.791075736284255981e-02,-2.823371589183807373e-01,-6.745911389589309692e-02,1.535322070121765137e-01,3.507564067840576172e-01,-7.895305752754211426e-02,6.246569752693176270e-02,-4.342447221279144287e-02,1.897512078285217285e-01,2.194681614637374878e-01,-2.827437520027160645e-01,-5.274536013603210449e-01,-9.798601269721984863e-02,1.722272485494613647e-01,-1.348336338996887207e-01,5.818813666701316833e-02,-4.972129762172698975e-01,1.764658391475677490e-01,-5.456060543656349182e-02
-9.996200203895568848e-01,-1.636530160903930664e-01,8.224766254425048828e-01,1.301673823036253452e-03,7.957689464092254639e-03,9.958068132400512695e-01,9.112527966499328613e-02,-1.965803503990173340e-01,3.439887613058090210e-02,-1.100138761103153229e-02,3.001554310321807861e-01,-1.097561791539192200e-01,-5.127276107668876648e-02,-2.679923772811889648e-01,-6.668374687433242798e-02,1.332981288433074951e-01,3.361963629722595215e-01,-8.822510391473770142e-02,4.831213876605033875e-02,-4.157559573650360107e-02,1.910568177700042725e-01,2.174981236457824707e-01,-2.830600142478942871e-01,-5.251222848892211914e-01,-9.805253148078918457e-02,1.731425076723098755e-01,-1.350537389516830444e-01,5.931409820914268494e-02,-4.997092187404632568e-01,1.766994893550872803e-01,-5.264100804924964905e-02
-9.995602965354919434e-01,-1.607299298048019409e-01,8.224501013755798340e-01,7.562714163213968277e-04,7.805425673723220825e-03,9.962303638458251953e-01,8.639165759086608887e-02,-2.098692953586578369e-01,3.672846406698226929e-02,-2.388457395136356354e-02,3.177014887332916260e-01,-1.064880415797233582e-01,-5.401589721441268921e-02,-2.577653527259826660e-01,-6.816109269857406616e-02,1.161477342247962952e-01,3.224146068096160889e-01,-8.629544824361801147e-02,5.443543940782546997e-02,-3.881195932626724243e-02,1.919434666633605957e-01,2.155257612466812134e-01,-2.829322814941406250e-01,-5.238374471664428711e-01,-9.812627732753753662e-02,1.737660616636276245e-01,-1.355400383472442627e-01,6.049057096242904663e-02,-5.020332336425781250e-01,1.769077926874160767e-01,-5.070634186267852783e-02
-9.993924498558044434e-01,-1.578430682420730591e-01,8.226697444915771484e-01,2.065916633000597358e-04,7.796877063810825348e-03,9.966527223587036133e-01,8.137878775596618652e-02,-2.272695600986480713e-01,3.807129710912704468e-02,-3.888127580285072327e-02,3.410223424434661865e-01,-9.980127215385437012e-02,-5.594797432422637939e-02,-2.493230402469635010e-01,-6.962907314300537109e-02,1.022527962923049927e-01,3.086932003498077393e-01,-7.476918399333953857e-02,6.722319126129150391e-02,-3.628311678767204285e-02,1.926463246345520020e-01,2.138233482837677002e-01,-2.825056910514831543e-01,-5.229113698005676270e-01,-9.796026349067687988e-02,1.737527549266815186e-01,-1.360706835985183716e-01,6.165485456585884094e-02,-5.038715600967407227e-01,1.772059202194213867e-01,-4.905532300472259521e-02
-9.989296793937683105e-01,-1.553896218538284302e-01,8.229212164878845215e-01,-3.541899495758116245e-04,6.875732913613319397e-03,9.970505237579345703e-01,7.643834501504898071e-02,-2.452563345432281494e-01,3.996577486395835876e-02,-5.524649098515510559e-02,3.642813265323638916e-01,-9.373193234205245972e-02,-5.724726617336273193e-02,-2.428956329822540283e-01,-6.762329488992691040e-02,8.885172009468078613e-02,2.992278933525085449e-01,-6.870122998952865601e-02,6.518699973821640015e-02,-3.490025177597999573e-02,1.932196319103240967e-01,2.123314142227172852e-01,-2.813839316368103027e-01,-5.214977264404296875e-01,-9.769335389137268066e-02,1.736554652452468872e-01,-1.360839605331420898e-01,6.332937628030776978e-02,-5.061907172203063965e-01,1.772316098213195801e-01,-4.678923264145851135e-02
-9.981716871261596680e-01,-1.530069261789321899e-01,8.231812119483947754e-01,-6.841546855866909027e-04,5.438433960080146790e-03,9.973972439765930176e-01,7.189325988292694092e-02,-2.636138498783111572e-01,4.274556413292884827e-02,-6.964972615242004395e-02,3.883520364761352539e-01,-8.744549751281738281e-02,-5.825597420334815979e-02,-2.360101193189620972e-01,-6.461282819509506226e-02,7.385490834712982178e-02,2.905369102954864502e-01,-6.916239112615585327e-02,6.180972978472709656e-02,-3.288512676954269409e-02,1.936231702566146851e-01,2.110808193683624268e-01,-2.793471515178680420e-01,-5.196251273155212402e-01,-9.699453413486480713e-02,1.736769527196884155e-01,-1.358689963817596436e-01,6.577240675687789917e-02,-5.081242322921752930e-01,1.776853650808334351e-01,-4.386766627430915833e-02
-9.973720312118530273e-01,-1.503697484731674194e-01,8.236045837402343750e-01,-1.025420730002224445e-03,4.254836123436689377e-03,9.977936148643493652e-01,6.624779105186462402e-02,-2.847079932689666748e-01,4.453233629465103149e-02,-7.597225904464721680e-02,4.157751798629760742e-01,-7.930153608322143555e-02,-5.346156656742095947e-02,-2.301374971866607666e-01,-6.196315586566925049e-02,5.748478695750236511e-02,2.843358516693115234e-01,-7.245733588933944702e-02,5.425152555108070374e-02,-3.375740349292755127e-02,1.938684433698654175e-01,2.097999155521392822e-01,-2.763315141201019287e-01,-5.175791978836059570e-01,-9.536644071340560913e-02,1.736111640930175781e-01,-1.354271620512008667e-01,6.886384636163711548e-02,-5.098136067390441895e-01,1.784601062536239624e-01,-4.067269340157508850e-02
-9.965650439262390137e-01,-1.475795209407806396e-01,8.240320086479187012e-01,-1.658964552916586399e-03,3.859965829178690910e-03,9.981213212013244629e-01,6.112424656748771667e-02,-3.069321811199188232e-01,4.576807469129562378e-02,-8.194962143898010254e-02,4.448041617870330811e-01,-7.005503028631210327e-02,-5.388554930686950684e-02,-2.248810380697250366e-01,-6.105719506740570068e-02,4.152297973632812500e-02,2.760770916938781738e-01,-6.932893395423889160e-02,5.566897615790367126e-02,-3.296195343136787415e-02,1.939221918582916260e-01,2.081166803836822510e-01,-2.724448144435882568e-01,-5.155513882637023926e-01,-9.279067814350128174e-02,1.733506172895431519e-01,-1.351519227027893066e-01,7.284042239189147949e-02,-5.115737318992614746e-01,1.799100786447525024e-01,-3.687758743762969971e-02
-9.956225156784057617e-01,-1.447051614522933960e-01,8.245118260383605957e-01,-2.944869454950094223e-03,3.626626450568437576e-03,9.984231591224670410e-01,5.594035610556602478e-02,-3.321492075920104980e-01,4.711217805743217468e-02,-8.838120847940444946e-02,4.740417003631591797e-01,-5.347804725170135498e-02,-5.835078656673431396e-02,-2.205774635076522827e-01,-5.958778783679008484e-02,2.663818933069705963e-02,2.666544318199157715e-01,-6.669753789901733398e-02,5.114228650927543640e-02,-3.212661296129226685e-02,1.936866044998168945e-01,2.060867100954055786e-01,-2.679953873157501221e-01,-5.141611695289611816e-01,-8.947555720806121826e-02,1.726505607366561890e-01,-1.349512189626693726e-01,7.756935060024261475e-02,-5.138034224510192871e-01,1.819580495357513428e-01,-3.279878944158554077e-02
-9.945444464683532715e-01,-1.417022496461868286e-01,8.249015212059020996e-01,-3.403799841180443764e-03,3.511329181492328644e-03,9.987357854843139648e-01,5.002938210964202881e-02,-3.579370081424713135e-01,4.784616082906723022e-02,-9.493752568960189819e-02,5.057829618453979492e-01,-3.343154489994049072e-02,-6.182950735092163086e-02,-2.161735445261001587e-01,-5.827432498335838318e-02,1.160270627588033676e-02,2.594769299030303955e-01,-5.973667651414871216e-02,4.720981791615486145e-02,-3.164445608854293823e-02,1.935439258813858032e-01,2.035399079322814941e-01,-2.635138332843780518e-01,-5.130876302719116211e-01,-8.587216585874557495e-02,1.717327982187271118e-01,-1.350430995225906372e-01,8.259867131710052490e-02,-5.159995555877685547e-01,1.841827034950256348e-01,-2.873137965798377991e-02
-9.936135411262512207e-01,-1.386079937219619751e-01,8.253015875816345215e-01,-4.342563915997743607e-03,3.296339418739080429e-03,9.990268349647521973e-01,4.376853257417678833e-02,-3.859025239944458008e-01,4.889098927378654480e-02,-1.021916940808296204e-01,5.371115207672119141e-01,-8.899689652025699615e-03,-6.626363098621368408e-02,-2.120238095521926880e-01,-5.653159320354461670e-02,-3.827072912827134132e-03,2.519324719905853271e-01,-5.478354543447494507e-02,4.345792531967163086e-02,-3.128844499588012695e-02,1.934232711791992188e-01,2.005351930856704712e-01,-2.592807114124298096e-01,-5.126667022705078125e-01,-8.220802992582321167e-02,1.704640388488769531e-01,-1.354990750551223755e-01,8.795797079801559448e-02,-5.185375213623046875e-01,1.865981072187423706e-01,-2.470210194587707520e-02
-9.927701354026794434e-01,-1.355149000883102417e-01,8.257480263710021973e-01,-5.832844879478216171e-03,2.933942247182130814e-03,9.993120431900024414e-01,3.650755435228347778e-02,-4.157317578792572021e-01,5.002123862504959106e-02,-1.068637967109680176e-01,5.688224434852600098e-01,1.660168543457984924e-02,-7.544584572315216064e-02,-2.079414278268814087e-01,-5.451401695609092712e-02,-2.030480094254016876e-02,2.436761111021041870e-01,-5.170349776744842529e-02,3.968431428074836731e-02,-3.250237181782722473e-02,1.933177411556243896e-01,1.974350064992904663e-01,-2.557576000690460205e-01,-5.130257010459899902e-01,-7.919140160083770752e-02,1.687229722738265991e-01,-1.361915618181228638e-01,9.339686483144760132e-02,-5.216591954231262207e-01,1.888778656721115112e-01,-2.097379975020885468e-02
-9.919831156730651855e-01,-1.324634999036788940e-01,8.261494040489196777e-01,-7.353011984378099442e-03,2.257859334349632263e-03,9.995679855346679688e-01,2.836659923195838928e-02,-4.453406035900115967e-01,5.236773565411567688e-02,-1.072848662734031677e-01,5.992032289505004883e-01,4.041267931461334229e-02,-9.254184365272521973e-02,-2.031515985727310181e-01,-5.196873471140861511e-02,-3.793809935450553894e-02,2.346825450658798218e-01,-4.946767911314964294e-02,3.594154492020606995e-02,-3.542922809720039368e-02,1.933879703283309937e-01,1.945705562829971313e-01,-2.534414827823638916e-01,-5.140565037727355957e-01,-7.747371494770050049e-02,1.665398031473159790e-01,-1.371160000562667847e-01,9.875638037919998169e-02,-5.253201723098754883e-01,1.909543126821517944e-01,-1.754612289369106293e-02
-9.913285374641418457e-01,-1.294812411069869995e-01,8.266054987907409668e-01,-8.997022174298763275e-03,1.423684298060834408e-03,9.997599720954895020e-01,1.992613635957241058e-02,-4.740933477878570557e-01,5.645987018942832947e-02,-1.027291193604469299e-01,6.280188560485839844e-01,5.999803915619850159e-02,-1.146605536341667175e-01,-1.972496062517166138e-01,-4.909981414675712585e-02,-5.670270323753356934e-02,2.240426242351531982e-01,-4.855263978242874146e-02,3.222672268748283386e-02,-3.940104693174362183e-02,1.936683654785156250e-01,1.921374350786209106e-01,-2.523764073848724365e-01,-5.156216025352478027e-01,-7.722979784011840820e-02,1.638639867305755615e-01,-1.382106840610504150e-01,1.038859561085700989e-01,-5.296636819839477539e-01,1.925773620605468750e-01,-1.434823498129844666e-02
-9.908227324485778809e-01,-1.265634745359420776e-01,8.271397352218627930e-01,-1.076188310980796814e-02,6.030022050254046917e-04,9.998799562454223633e-01,1.112981140613555908e-02,-5.023321509361267090e-01,6.236731261014938354e-02,-9.267453849315643311e-02,6.565153002738952637e-01,7.406627386808395386e-02,-1.382572501897811890e-01,-1.901862174272537231e-01,-4.621181264519691467e-02,-7.608412951231002808e-02,2.112855911254882812e-01,-4.790564998984336853e-02,2.868577837944030762e-02,-4.409887641668319702e-02,1.941914707422256470e-01,1.902583539485931396e-01,-2.526161968708038330e-01,-5.175372362136840820e-01,-7.865127921104431152e-02,1.610318571329116821e-01,-1.394814550876617432e-01,1.086746826767921448e-01,-5.340906977653503418e-01,1.936479359865188599e-01,-1.146153826266527176e-02
-9.904167056083679199e-01,-1.236832663416862488e-01,8.275545835494995117e-01,-1.223417371511459351e-02,-1.005974263534881175e-04,9.999224543571472168e-01,2.330625196918845177e-03,-5.302788019180297852e-01,6.995099782943725586e-02,-7.809951156377792358e-02,6.871501207351684570e-01,7.941787689924240112e-02,-1.462914049625396729e-01,-1.832059770822525024e-01,-4.337781667709350586e-02,-9.469666332006454468e-02,1.994621157646179199e-01,-4.645589366555213928e-02,2.534606307744979858e-02,-4.930444061756134033e-02,1.951026022434234619e-01,1.888929605484008789e-01,-2.541786730289459229e-01,-5.196080803871154785e-01,-8.205179125070571899e-02,1.580140888690948486e-01,-1.411257237195968628e-01,1.129848062992095947e-01,-5.386458039283752441e-01,1.940044015645980835e-01,-8.761541917920112610e-03
-9.900338053703308105e-01,-1.209842190146446228e-01,8.279051780700683594e-01,-1.340165734291076660e-02,-5.945634329691529274e-04,9.998928904533386230e-01,-5.851846653968095779e-03,-5.566942095756530762e-01,7.865729182958602905e-02,-6.096274405717849731e-02,7.185099124908447266e-01,7.238870859146118164e-02,-1.390850543975830078e-01,-1.770215332508087158e-01,-4.082778468728065491e-02,-1.111711785197257996e-01,1.892643868923187256e-01,-4.442178830504417419e-02,2.234282903373241425e-02,-5.391126871109008789e-02,1.964493840932846069e-01,1.880438029766082764e-01,-2.567057609558105469e-01,-5.215557813644409180e-01,-8.719844371080398560e-02,1.549838930368423462e-01,-1.431664824485778809e-01,1.168427392840385437e-01,-5.429875254631042480e-01,1.936157941818237305e-01,-6.221951916813850403e-03
-9.897128939628601074e-01,-1.184431090950965881e-01,8.282352685928344727e-01,-1.417074538767337799e-02,-7.617604569531977177e-04,9.998133182525634766e-01,-1.311092264950275421e-02,-5.803068280220031738e-01,8.831724524497985840e-02,-4.168289527297019958e-02,7.490602731704711914e-01,5.745440348982810974e-02,-1.245782524347305298e-01,-1.713427454233169556e-01,-3.885801136493682861e-02,-1.255696713924407959e-01,1.807573735713958740e-01,-4.262312501668930054e-02,1.961553841829299927e-02,-5.726720765233039856e-02,1.981414705514907837e-01,1.876784265041351318e-01,-2.596992552280426025e-01,-5.231403708457946777e-01,-9.352178871631622314e-02,1.520356535911560059e-01,-1.454561948776245117e-01,1.201077923178672791e-01,-5.467914342880249023e-01,1.923433840274810791e-01,-3.849361557513475418e-03
-9.894443750381469727e-01,-1.159974262118339539e-01,8.286132812500000000e-01,-1.468682847917079926e-02,-6.660554208792746067e-04,9.996984601020812988e-01,-1.966807246208190918e-02,-6.012892723083496094e-01,9.866450726985931396e-02,-2.155859768390655518e-02,7.785823941230773926e-01,3.987737745046615601e-02,-1.058400347828865051e-01,-1.659713536500930786e-01,-3.732804581522941589e-02,-1.385599672794342041e-01,1.732368469238281250e-01,-4.156219214200973511e-02,1.702392287552356720e-02,-5.896918848156929016e-02,2.002167999744415283e-01,1.875823587179183960e-01,-2.628040015697479248e-01,-5.240570902824401855e-01,-1.003791391849517822e-01,1.491454690694808960e-01,-1.479949206113815308e-01,1.226811408996582031e-01,-5.499286055564880371e-01,1.902820765972137451e-01,-1.698764041066169739e-03
-9.890820384025573730e-01,-1.136147826910018921e-01,8.289947509765625000e-01,-1.488415524363517761e-02,-1.745305053191259503e-04,9.995577335357666016e-01,-2.574529685080051422e-02,-6.193226575851440430e-01,1.093416586518287659e-01,-2.969187044072896242e-04,8.066076040267944336e-01,2.246553823351860046e-02,-8.623556047677993774e-02,-1.610964834690093994e-01,-3.659501299262046814e-02,-1.502227783203125000e-01,1.675094366073608398e-01,-4.053450748324394226e-02,1.457088626921176910e-02,-6.006178259849548340e-02,2.026227116584777832e-01,1.874172091484069824e-01,-2.655424177646636963e-01,-5.241363644599914551e-01,-1.069293096661567688e-01,1.463001519441604614e-01,-1.507256329059600830e-01,1.244755238294601440e-01,-5.522529482841491699e-01,1.875073015689849854e-01,1.925644755829125643e-04
-9.890503883361816406e-01,-1.113654896616935730e-01,8.294499516487121582e-01,-1.526369154453277588e-02,7.820510072633624077e-04,9.993825554847717285e-01,-3.163759782910346985e-02,-6.344909667968750000e-01,1.193729490041732788e-01,2.184041216969490051e-02,8.326990008354187012e-01,3.942924086004495621e-03,-6.726384907960891724e-02,-1.575399786233901978e-01,-3.725473210215568542e-02,-1.622491478919982910e-01,1.636805236339569092e-01,-4.053791612386703491e-02,1.244771573692560196e-02,-5.971176549792289734e-02,2.050948292016983032e-01,1.869946569204330444e-01,-2.674635648727416992e-01,-5.234780311584472656e-01,-1.124846860766410828e-01,1.433225870132446289e-01,-1.536562293767929077e-01,1.254965811967849731e-01,-5.540952086448669434e-01,1.841548979282379150e-01,1.784697407856583595e-03
-9.889712929725646973e-01,-1.090776845812797546e-01,8.299328684806823730e-01,-1.559713669121265411e-02,1.992544392123818398e-03,9.991725087165832520e-01,-3.751059994101524353e-02,-6.470285654067993164e-01,1.291610151529312134e-01,4.401683434844017029e-02,8.562380671501159668e-01,-1.457266043871641159e-02,-4.735163599252700806e-02,-1.548111736774444580e-01,-3.843793645501136780e-02,-1.737093478441238403e-01,1.612030863761901855e-01,-4.062353819608688354e-02,1.034718286246061325e-02,-5.973706766963005066e-02,2.074279487133026123e-01,1.860033720731735229e-01,-2.684314250946044922e-01,-5.224709510803222656e-01,-1.166238784790039062e-01,1.402558833360671997e-01,-1.568037718534469604e-01,1.257417500019073486e-01,-5.554088950157165527e-01,1.802780330181121826e-01,3.039566567167639732e-03
-9.889763593673706055e-01,-1.070100069046020508e-01,8.304373025894165039e-01,-1.583754457533359528e-02,3.613542998209595680e-03,9.989345073699951172e-01,-4.319629073143005371e-02,-6.567475795745849609e-01,1.378066986799240112e-01,6.585216522216796875e-02,8.780860304832458496e-01,-3.185680136084556580e-02,-2.994208224117755890e-02,-1.526307612657546997e-01,-4.093602299690246582e-02,-1.850107014179229736e-01,1.601215302944183350e-01,-4.096803441643714905e-02,8.653971366584300995e-03,-5.896673351526260376e-02,2.096459418535232544e-01,1.843616366386413574e-01,-2.684357762336730957e-01,-5.210821032524108887e-01,-1.192112490534782410e-01,1.370987147092819214e-01,-1.601938158273696899e-01,1.252767443656921387e-01,-5.563203096389770508e-01,1.759413182735443115e-01,3.935025539249181747e-03
-9.889906048774719238e-01,-1.050131246447563171e-01,8.309292793273925781e-01,-1.626015268266201019e-02,5.226542707532644272e-03,9.986788034439086914e-01,-4.846561700105667114e-02,-6.650094389915466309e-01,1.462960839271545410e-01,8.642999082803726196e-02,8.988299965858459473e-01,-4.741463065147399902e-02,-1.199813652783632278e-02,-1.511832028627395630e-01,-4.342617094516754150e-02,-1.954807043075561523e-01,1.595057696104049683e-01,-4.161258414387702942e-02,7.062419317662715912e-03,-5.823960527777671814e-02,2.117187678813934326e-01,1.820631176233291626e-01,-2.675172984600067139e-01,-5.193639397621154785e-01,-1.201757490634918213e-01,1.339447796344757080e-01,-1.638822406530380249e-01,1.243818998336791992e-01,-5.568811893463134766e-01,1.715206205844879150e-01,4.459792282432317734e-03
-9.890012741088867188e-01,-1.030586287379264832e-01,8.313599228858947754e-01,-1.665267534554004669e-02,6.715296767652034760e-03,9.984148144721984863e-01,-5.334226787090301514e-02,-6.717692017555236816e-01,1.543341875076293945e-01,1.045423075556755066e-01,9.185324311256408691e-01,-6.208685413002967834e-02,4.846793133765459061e-03,-1.499971747398376465e-01,-4.559471458196640015e-02,-2.051808685064315796e-01,1.593994200229644775e-01,-4.345224797725677490e-02,5.422531161457300186e-03,-5.684502050280570984e-02,2.135726362466812134e-01,1.790811270475387573e-01,-2.657814621925354004e-01,-5.175330042839050293e-01,-1.195919513702392578e-01,1.308517754077911377e-01,-1.676597595214843750e-01,1.232151165604591370e-01,-5.571901798248291016e-01,1.669589430093765259e-01,4.706358071416616440e-03
-9.889812469482421875e-01,-1.013091281056404114e-01,8.317577838897705078e-01,-1.685856468975543976e-02,8.096969686448574066e-03,9.981496930122375488e-01,-5.785728245973587036e-02,-6.767190098762512207e-01,1.617423593997955322e-01,1.210775375366210938e-01,9.369663596153259277e-01,-7.611417770385742188e-02,2.095309644937515259e-02,-1.487639397382736206e-01,-4.773788899183273315e-02,-2.141446918249130249e-01,1.597933620214462280e-01,-4.552598670125007629e-02,3.966635093092918396e-03,-5.548300221562385559e-02,2.152434140443801880e-01,1.757262349128723145e-01,-2.634979486465454102e-01,-5.156162977218627930e-01,-1.178992763161659241e-01,1.278651356697082520e-01,-1.714813113212585449e-01,1.220204532146453857e-01,-5.573708415031433105e-01,1.624617725610733032e-01,4.766887053847312927e-03
-9.891862869262695312e-01,-9.953943639993667603e-02,8.320686817169189453e-01,-1.753537543118000031e-02,9.348879568278789520e-03,9.978696107864379883e-01,-6.213990226387977600e-02,-6.806284189224243164e-01,1.682607680559158325e-01,1.349342614412307739e-01,9.533965587615966797e-01,-8.996563404798507690e-02,3.468365594744682312e-02,-1.483554542064666748e-01,-4.951017722487449646e-02,-2.229772210121154785e-01,1.600266396999359131e-01,-4.761856421828269958e-02,2.452380955219268799e-03,-5.343542248010635376e-02,2.167272567749023438e-01,1.722339689731597900e-01,-2.610923945903778076e-01,-5.138111114501953125e-01,-1.156668886542320251e-01,1.250852644443511963e-01,-1.752748042345046997e-01,1.211242750287055969e-01,-5.574876070022583008e-01,1.582718491554260254e-01,4.646148532629013062e-03
-9.892932772636413574e-01,-9.787849336862564087e-02,8.322861194610595703e-01,-1.796730607748031616e-02,1.023548841476440430e-02,9.975671768188476562e-01,-6.657438725233078003e-02,-6.837101578712463379e-01,1.748818755149841309e-01,1.475802659988403320e-01,9.691168665885925293e-01,-1.016483455896377563e-01,4.590440541505813599e-02,-1.472524255514144897e-01,-5.058191344141960144e-02,-2.318953722715377808e-01,1.598784774541854858e-01,-4.952542111277580261e-02,1.030376413837075233e-03,-5.154603347182273865e-02,2.180026024580001831e-01,1.688400804996490479e-01,-2.588235735893249512e-01,-5.122529268264770508e-01,-1.133934333920478821e-01,1.226229518651962280e-01,-1.790307462215423584e-01,1.206344142556190491e-01,-5.574188232421875000e-01,1.546080559492111206e-01,4.414679482579231262e-03
-9.894408583641052246e-01,-9.630524367094039917e-02,8.324380517005920410e-01,-1.838007941842079163e-02,1.079277880489826202e-02,9.972490072250366211e-01,-7.099349051713943481e-02,-6.855875849723815918e-01,1.811667382717132568e-01,1.580348312854766846e-01,9.832609295845031738e-01,-1.131862178444862366e-01,5.420597270131111145e-02,-1.460659801959991455e-01,-5.101647973060607910e-02,-2.409042418003082275e-01,1.596339941024780273e-01,-5.136480182409286499e-02,-3.316756337881088257e-04,-4.953299090266227722e-02,2.192005366086959839e-01,1.658058762550354004e-01,-2.569229900836944580e-01,-5.107980370521545410e-01,-1.115651801228523254e-01,1.204802691936492920e-01,-1.826950460672378540e-01,1.207302734255790710e-01,-5.572389364242553711e-01,1.515934765338897705e-01,4.074056632816791534e-03
-9.895929098129272461e-01,-9.486559033393859863e-02,8.325303196907043457e-01,-1.888639479875564575e-02,1.110374927520751953e-02,9.969033598899841309e-01,-7.552250474691390991e-02,-6.860406398773193359e-01,1.872321367263793945e-01,1.678203046321868896e-01,9.951832890510559082e-01,-1.231662333011627197e-01,6.389084458351135254e-02,-1.448411643505096436e-01,-5.112903192639350891e-02,-2.503052651882171631e-01,1.590126007795333862e-01,-5.304250866174697876e-02,-1.504758023656904697e-03,-4.744537919759750366e-02,2.202450484037399292e-01,1.632394939661026001e-01,-2.554084360599517822e-01,-5.095946192741394043e-01,-1.103468090295791626e-01,1.186951622366905212e-01,-1.862322986125946045e-01,1.214351579546928406e-01,-5.569714903831481934e-01,1.492910385131835938e-01,3.655625740066170692e-03
-9.898409247398376465e-01,-9.344458580017089844e-02,8.325505256652832031e-01,-1.911238580942153931e-02,1.107945851981639862e-02,9.965022206306457520e-01,-8.059300482273101807e-02,-6.848894357681274414e-01,1.934631168842315674e-01,1.767128109931945801e-01,1.005506515502929688e+00,-1.335677355527877808e-01,7.158232480287551880e-02,-1.425228267908096313e-01,-5.066015571355819702e-02,-2.611951828002929688e-01,1.582739502191543579e-01,-5.500204116106033325e-02,-2.557730302214622498e-03,-4.561643302440643311e-02,2.211199253797531128e-01,1.612575650215148926e-01,-2.544707357883453369e-01,-5.087311863899230957e-01,-1.100845560431480408e-01,1.172746494412422180e-01,-1.895781308412551880e-01,1.225928813219070435e-01,-5.565474033355712891e-01,1.475574523210525513e-01,3.097676206380128860e-03
-9.901050925254821777e-01,-9.204214066267013550e-02,8.325362205505371094e-01,-1.946853287518024445e-02,1.102622877806425095e-02,9.960359930992126465e-01,-8.609150350093841553e-02,-6.826917529106140137e-01,1.991435140371322632e-01,1.853882372379302979e-01,1.013434529304504395e+00,-1.419111788272857666e-01,7.820429652929306030e-02,-1.404233425855636597e-01,-5.019542574882507324e-02,-2.724182903766632080e-01,1.576166599988937378e-01,-5.710412561893463135e-02,-3.534455783665180206e-03,-4.406797140836715698e-02,2.218727767467498779e-01,1.598578244447708130e-01,-2.540928721427917480e-01,-5.081417560577392578e-01,-1.107093244791030884e-01,1.162026673555374146e-01,-1.926433891057968140e-01,1.241107434034347534e-01,-5.559563636779785156e-01,1.462237983942031860e-01,2.388992113992571831e-03
-9.905453324317932129e-01,-9.071053564548492432e-02,8.324452042579650879e-01,-2.013426646590232849e-02,1.059608999639749527e-02,9.955052137374877930e-01,-9.193324297666549683e-02,-6.795825362205505371e-01,2.053504139184951782e-01,1.941569596529006958e-01,1.019610762596130371e+00,-1.522855609655380249e-01,8.576057851314544678e-02,-1.385085433721542358e-01,-4.915609583258628845e-02,-2.846261560916900635e-01,1.567943692207336426e-01,-5.945162847638130188e-02,-4.316332750022411346e-03,-4.321478307247161865e-02,2.224551439285278320e-01,1.589506864547729492e-01,-2.541504204273223877e-01,-5.078840255737304688e-01,-1.119795590639114380e-01,1.154264956712722778e-01,-1.954094320535659790e-01,1.257695853710174561e-01,-5.551566481590270996e-01,1.451529413461685181e-01,1.601522439159452915e-03
-9.908815622329711914e-01,-8.945895731449127197e-02,8.323048949241638184e-01,-2.031901292502880096e-02,9.910806082189083099e-03,9.949234127998352051e-01,-9.806291013956069946e-02,-6.744623184204101562e-01,2.121773660182952881e-01,2.036461830139160156e-01,1.023786187171936035e+00,-1.617346853017807007e-01,9.536416083574295044e-02,-1.353689134120941162e-01,-4.753235727548599243e-02,-2.973822951316833496e-01,1.555543392896652222e-01,-6.165895238518714905e-02,-5.016134586185216904e-03,-4.280447587370872498e-02,2.229328900575637817e-01,1.585083901882171631e-01,-2.544638514518737793e-01,-5.077815055847167969e-01,-1.137232556939125061e-01,1.149396151304244995e-01,-1.977981030941009521e-01,1.275267302989959717e-01,-5.540773272514343262e-01,1.442390680313110352e-01,6.783806602470576763e-04
-9.913803935050964355e-01,-8.828622847795486450e-02,8.321107029914855957e-01,-2.013528719544410706e-02,9.175396524369716644e-03,9.942387938499450684e-01,-1.048790067434310913e-01,-6.665753722190856934e-01,2.190700471401214600e-01,2.142012715339660645e-01,1.025704979896545410e+00,-1.731878519058227539e-01,1.042751893401145935e-01,-1.312801241874694824e-01,-4.609578847885131836e-02,-3.114344775676727295e-01,1.548339128494262695e-01,-6.439254432916641235e-02,-5.404355935752391815e-03,-4.276404529809951782e-02,2.233196347951889038e-01,1.584768593311309814e-01,-2.548328042030334473e-01,-5.076586604118347168e-01,-1.156284064054489136e-01,1.147996261715888977e-01,-1.996410340070724487e-01,1.290775388479232788e-01,-5.526043772697448730e-01,1.431075036525726318e-01,-3.756788210012018681e-04
-9.918764233589172363e-01,-8.734479546546936035e-02,8.319616913795471191e-01,-2.026068791747093201e-02,8.350635878741741180e-03,9.935032129287719727e-01,-1.116740033030509949e-01,-6.568385362625122070e-01,2.262001931667327881e-01,2.268281579017639160e-01,1.024130225181579590e+00,-1.830265074968338013e-01,1.133233383297920227e-01,-1.276071816682815552e-01,-4.474325478076934814e-02,-3.256458938121795654e-01,1.537715047597885132e-01,-6.701589375734329224e-02,-5.423078313469886780e-03,-4.361931607127189636e-02,2.235108464956283569e-01,1.587920039892196655e-01,-2.551587820053100586e-01,-5.076867341995239258e-01,-1.175708398222923279e-01,1.149483323097229004e-01,-2.009852826595306396e-01,1.304590553045272827e-01,-5.506767034530639648e-01,1.418257951736450195e-01,-1.553538604639470577e-03
-9.924013614654541016e-01,-8.655169606208801270e-02,8.317592144012451172e-01,-1.986571215093135834e-02,7.356479298323392868e-03,9.926811456680297852e-01,-1.188922449946403503e-01,-6.446107029914855957e-01,2.335267215967178345e-01,2.408494502305984497e-01,1.020736098289489746e+00,-1.933009773492813110e-01,1.225292757153511047e-01,-1.217688843607902527e-01,-4.262178763747215271e-02,-3.402091860771179199e-01,1.506927162408828735e-01,-6.882604211568832397e-02,-5.255291238427162170e-03,-4.524000734090805054e-02,2.237516492605209351e-01,1.593532264232635498e-01,-2.551472783088684082e-01,-5.077762603759765625e-01,-1.207954362034797668e-01,1.148929819464683533e-01,-2.021793425083160400e-01,1.323764771223068237e-01,-5.470519065856933594e-01,1.389141678810119629e-01,-3.374672727659344673e-03
-9.929351806640625000e-01,-8.578414469957351685e-02,8.316047191619873047e-01,-1.968168094754219055e-02,6.279836408793926239e-03,9.917853474617004395e-01,-1.262338161468505859e-01,-6.303829550743103027e-01,2.405522614717483521e-01,2.564671635627746582e-01,1.013677477836608887e+00,-2.024222910404205322e-01,1.289273649454116821e-01,-1.146392747759819031e-01,-3.986820578575134277e-02,-3.545332252979278564e-01,1.453779190778732300e-01,-7.011957466602325439e-02,-4.855537321418523788e-03,-4.636361822485923767e-02,2.237440943717956543e-01,1.603139787912368774e-01,-2.549754977226257324e-01,-5.078477859497070312e-01,-1.228761300444602966e-01,1.150606274604797363e-01,-2.025059610605239868e-01,1.336699277162551880e-01,-5.439930558204650879e-01,1.363833099603652954e-01,-5.068655591458082199e-03
-9.934829473495483398e-01,-8.508658409118652344e-02,8.314567208290100098e-01,-1.938557624816894531e-02,5.291805136948823929e-03,9.908601045608520508e-01,-1.333882361650466919e-01,-6.138150095939636230e-01,2.470170259475708008e-01,2.732713818550109863e-01,1.003481388092041016e+00,-2.108070850372314453e-01,1.361928135156631470e-01,-1.078139394521713257e-01,-3.739508241415023804e-02,-3.691773712635040283e-01,1.405326724052429199e-01,-7.124432921409606934e-02,-4.333129618316888809e-03,-4.770544171333312988e-02,2.234541177749633789e-01,1.615129709243774414e-01,-2.546605765819549561e-01,-5.081211328506469727e-01,-1.243983581662178040e-01,1.154804527759552002e-01,-2.021951675415039062e-01,1.343896538019180298e-01,-5.409446358680725098e-01,1.338492184877395630e-01,-6.703272927552461624e-03
-9.940375089645385742e-01,-8.441901206970214844e-02,8.313827514648437500e-01,-1.803420670330524445e-02,4.533667583018541336e-03,9.897586703300476074e-01,-1.415342092514038086e-01,-5.915910005569458008e-01,2.518014609813690186e-01,2.920332551002502441e-01,9.878683686256408691e-01,-2.187675833702087402e-01,1.436916738748550415e-01,-9.691811352968215942e-02,-3.420946374535560608e-02,-3.868713378906250000e-01,1.307862848043441772e-01,-6.961818039417266846e-02,-3.920203074812889099e-03,-5.045137181878089905e-02,2.229444235563278198e-01,1.634214073419570923e-01,-2.540957927703857422e-01,-5.080357193946838379e-01,-1.277681887149810791e-01,1.162763610482215881e-01,-2.007744312286376953e-01,1.346402317285537720e-01,-5.318973064422607422e-01,1.269474178552627563e-01,-1.010719966143369675e-02
-9.946488142013549805e-01,-8.391204476356506348e-02,8.312492370605468750e-01,-1.701511256396770477e-02,3.570049535483121872e-03,9.886488914489746094e-01,-1.492352485656738281e-01,-5.693753957748413086e-01,2.562742531299591064e-01,3.108923435211181641e-01,9.702004790306091309e-01,-2.249379903078079224e-01,1.480116695165634155e-01,-8.597527444362640381e-02,-3.064371645450592041e-02,-4.037441313266754150e-01,1.211931109428405762e-01,-6.937038898468017578e-02,-3.023427911102771759e-03,-5.199949070811271667e-02,2.222859859466552734e-01,1.653925329446792603e-01,-2.533371448516845703e-01,-5.081627368927001953e-01,-1.298241019248962402e-01,1.170458570122718811e-01,-1.988734006881713867e-01,1.347037404775619507e-01,-5.256939530372619629e-01,1.220103502273559570e-01,-1.354527194052934647e-02
-9.953007698059082031e-01,-8.343195915222167969e-02,8.311681151390075684e-01,-1.644537597894668579e-02,2.892402466386556625e-03,9.874306321144104004e-01,-1.571683734655380249e-01,-5.459489226341247559e-01,2.586623728275299072e-01,3.304947912693023682e-01,9.488123655319213867e-01,-2.298796921968460083e-01,1.481841355562210083e-01,-7.663881778717041016e-02,-2.787290699779987335e-02,-4.200502932071685791e-01,1.127851456403732300e-01,-6.904622167348861694e-02,-1.966296462342143059e-03,-5.358158051967620850e-02,2.214192301034927368e-01,1.673167794942855835e-01,-2.526920735836029053e-01,-5.093566179275512695e-01,-1.314034461975097656e-01,1.178824305534362793e-01,-1.965142935514450073e-01,1.343263089656829834e-01,-5.204402804374694824e-01,1.173255294561386108e-01,-1.690606959164142609e-02
-9.959675669670104980e-01,-8.310507982969284058e-02,8.310626149177551270e-01,-1.572997309267520905e-02,1.889519277028739452e-03,9.861354231834411621e-01,-1.651844233274459839e-01,-5.209652185440063477e-01,2.606862187385559082e-01,3.509221374988555908e-01,9.241489768028259277e-01,-2.330997288227081299e-01,1.480920165777206421e-01,-6.726125627756118774e-02,-2.360625751316547394e-02,-4.365710318088531494e-01,1.017188876867294312e-01,-6.778433173894882202e-02,-1.571310451254248619e-03,-5.533102899789810181e-02,2.204490154981613159e-01,1.693537831306457520e-01,-2.522359490394592285e-01,-5.109616518020629883e-01,-1.329501569271087646e-01,1.187978610396385193e-01,-1.937087923288345337e-01,1.336500048637390137e-01,-5.157286524772644043e-01,1.131642609834671021e-01,-2.029881812632083893e-02
-9.965783357620239258e-01,-8.281856775283813477e-02,8.309267759323120117e-01,-1.510218996554613113e-02,6.934473058208823204e-04,9.847815632820129395e-01,-1.731379628181457520e-01,-4.954910576343536377e-01,2.620434463024139404e-01,3.717662394046783447e-01,8.969159126281738281e-01,-2.352572977542877197e-01,1.461248695850372314e-01,-5.475709959864616394e-02,-1.853217370808124542e-02,-4.531434774398803711e-01,9.071320295333862305e-02,-6.910384446382522583e-02,-2.421188401058316231e-03,-5.652184784412384033e-02,2.193906903266906738e-01,1.714732199907302856e-01,-2.520050108432769775e-01,-5.129042863845825195e-01,-1.343923956155776978e-01,1.198433488607406616e-01,-1.904903352260589600e-01,1.328416913747787476e-01,-5.114064216613769531e-01,1.095806732773780823e-01,-2.375404536724090576e-02
-9.971930980682373047e-01,-8.273894339799880981e-02,8.307878971099853516e-01,-1.398927997797727585e-02,-3.532909031491726637e-04,9.833318591117858887e-01,-1.812804043292999268e-01,-4.680089056491851807e-01,2.612460553646087646e-01,3.916653990745544434e-01,8.666144013404846191e-01,-2.349250614643096924e-01,1.431504786014556885e-01,-4.799382388591766357e-02,-1.587209291756153107e-02,-4.688062071800231934e-01,8.767471462488174438e-02,-6.857094168663024902e-02,-3.519062651321291924e-03,-5.844786018133163452e-02,2.183308452367782593e-01,1.734902858734130859e-01,-2.521068453788757324e-01,-5.151862502098083496e-01,-1.356957703828811646e-01,1.211175546050071716e-01,-1.870055645704269409e-01,1.320273578166961670e-01,-5.071957707405090332e-01,1.067469194531440735e-01,-2.722715772688388824e-02
-9.978433847427368164e-01,-8.273137360811233521e-02,8.305613398551940918e-01,-1.312290504574775696e-02,-1.048138947226107121e-03,9.817954897880554199e-01,-1.894843131303787231e-01,-4.395443499088287354e-01,2.580838799476623535e-01,4.120617508888244629e-01,8.325336575508117676e-01,-2.316834926605224609e-01,1.361840963363647461e-01,-4.155528172850608826e-02,-1.471678260713815689e-02,-4.845146238803863525e-01,8.757081627845764160e-02,-7.153302431106567383e-02,-2.340072300285100937e-03,-6.011147424578666687e-02,2.172703593969345093e-01,1.755048632621765137e-01,-2.528019547462463379e-01,-5.176420807838439941e-01,-1.379928290843963623e-01,1.225184723734855652e-01,-1.834719628095626831e-01,1.311661005020141602e-01,-5.033925771713256836e-01,1.044936180114746094e-01,-3.067336045205593109e-02
-9.984216690063476562e-01,-8.289528638124465942e-02,8.303393125534057617e-01,-1.254218351095914841e-02,-1.792635070160031319e-03,9.801776409149169922e-01,-1.977152526378631592e-01,-4.113334417343139648e-01,2.530076801776885986e-01,4.313237667083740234e-01,7.955395579338073730e-01,-2.257869392633438110e-01,1.266722232103347778e-01,-3.819743543863296509e-02,-1.421865448355674744e-02,-4.984198510646820068e-01,8.950854092836380005e-02,-7.411167770624160767e-02,-1.579359290190041065e-03,-6.174452602863311768e-02,2.159069329500198364e-01,1.774823516607284546e-01,-2.539888322353363037e-01,-5.205515027046203613e-01,-1.402059048414230347e-01,1.241414472460746765e-01,-1.798592656850814819e-01,1.303646564483642578e-01,-5.006784796714782715e-01,1.030158251523971558e-01,-3.389167413115501404e-02
-9.989882111549377441e-01,-8.328773826360702515e-02,8.300648331642150879e-01,-1.184551976621150970e-02,-2.686795080080628395e-03,9.784674644470214844e-01,-2.060432881116867065e-01,-3.823599517345428467e-01,2.470958232879638672e-01,4.511949419975280762e-01,7.560879588127136230e-01,-2.173167914152145386e-01,1.132390424609184265e-01,-3.500591218471527100e-02,-1.415782421827316284e-02,-5.138581991195678711e-01,9.326168149709701538e-02,-7.737389951944351196e-02,1.817074080463498831e-04,-6.283525377511978149e-02,2.145141214132308960e-01,1.794251799583435059e-01,-2.555370628833770752e-01,-5.238523483276367188e-01,-1.426559090614318848e-01,1.257633566856384277e-01,-1.759202778339385986e-01,1.293956786394119263e-01,-4.982771277427673340e-01,1.010399311780929565e-01,-3.729067742824554443e-02
-9.995383024215698242e-01,-8.379614353179931641e-02,8.297664523124694824e-01,-1.143971737474203110e-02,-3.789688227698206902e-03,9.766591191291809082e-01,-2.144569158554077148e-01,-3.541982471942901611e-01,2.404121607542037964e-01,4.707977175712585449e-01,7.143354415893554688e-01,-2.033374160528182983e-01,9.683931618928909302e-02,-3.168787434697151184e-02,-1.363791432231664658e-02,-5.285305976867675781e-01,9.637058526277542114e-02,-8.012303709983825684e-02,1.293208333663642406e-03,-6.441895663738250732e-02,2.131125181913375854e-01,1.815157681703567505e-01,-2.574568986892700195e-01,-5.273162722587585449e-01,-1.452409774065017700e-01,1.274255812168121338e-01,-1.716634929180145264e-01,1.285277009010314941e-01,-4.962937831878662109e-01,9.930478036403656006e-02,-4.064983874559402466e-02
-9.999677538871765137e-01,-8.451330661773681641e-02,8.293660283088684082e-01,-1.073533762246370316e-02,-4.750523716211318970e-03,9.748164415359497070e-01,-2.226995825767517090e-01,-3.255886137485504150e-01,2.326366007328033447e-01,4.902411997318267822e-01,6.714286208152770996e-01,-1.856477260589599609e-01,8.100190013647079468e-02,-2.854851633310317993e-02,-1.384094730019569397e-02,-5.431966185569763184e-01,1.002572849392890930e-01,-8.301898837089538574e-02,2.949490444734692574e-03,-6.536334007978439331e-02,2.116967886686325073e-01,1.836937069892883301e-01,-2.596372663974761963e-01,-5.308275222778320312e-01,-1.476894915103912354e-01,1.292040348052978516e-01,-1.671781092882156372e-01,1.276994496583938599e-01,-4.944853484630584717e-01,9.777911007404327393e-02,-4.397566616535186768e-02
-1.000290393829345703e+00,-8.541117608547210693e-02,8.289251327514648438e-01,-1.038881111890077591e-02,-5.603388883173465729e-03,9.728890657424926758e-01,-2.309708744287490845e-01,-2.973863184452056885e-01,2.234821319580078125e-01,5.097476840019226074e-01,6.259489059448242188e-01,-1.599660664796829224e-01,6.244294717907905579e-02,-2.589207328855991364e-02,-1.464289799332618713e-02,-5.570926070213317871e-01,1.042344048619270325e-01,-8.690616488456726074e-02,5.890168249607086182e-03,-6.603022664785385132e-02,2.101493030786514282e-01,1.858780235052108765e-01,-2.619941234588623047e-01,-5.345592498779296875e-01,-1.498343646526336670e-01,1.309227049350738525e-01,-1.626252681016921997e-01,1.268644481897354126e-01,-4.933961331844329834e-01,9.651137143373489380e-02,-4.723244532942771912e-02
-1.000644326210021973e+00,-8.643043786287307739e-02,8.285355567932128906e-01,-1.007036957889795303e-02,-6.577816791832447052e-03,9.709125161170959473e-01,-2.391321659088134766e-01,-2.695980370044708252e-01,2.138736993074417114e-01,5.288987159729003906e-01,5.787290334701538086e-01,-1.252525448799133301e-01,4.341945052146911621e-02,-2.437729761004447937e-02,-1.571960374712944031e-02,-5.704140663146972656e-01,1.095660626888275146e-01,-9.005825966596603394e-02,8.698993362486362457e-03,-6.682489067316055298e-02,2.083344310522079468e-01,1.880955547094345093e-01,-2.645595967769622803e-01,-5.392585396766662598e-01,-1.522543281316757202e-01,1.327338367700576782e-01,-1.579055935144424438e-01,1.260112524032592773e-01,-4.924111366271972656e-01,9.548070281744003296e-02,-5.050037056207656860e-02
-1.000932693481445312e+00,-8.761724829673767090e-02,8.280425071716308594e-01,-1.014361064881086349e-02,-7.830922491848468781e-03,9.687614440917968750e-01,-2.476631253957748413e-01,-2.426831275224685669e-01,2.042516469955444336e-01,5.487734675407409668e-01,5.301746726036071777e-01,-9.128203988075256348e-02,6.438816431909799576e-03,-2.315562032163143158e-02,-1.666619442403316498e-02,-5.837461948394775391e-01,1.151838377118110657e-01,-9.417862445116043091e-02,1.217422913759946823e-02,-6.851585209369659424e-02,2.064411938190460205e-01,1.906339824199676514e-01,-2.669586241245269775e-01,-5.430528521537780762e-01,-1.543365418910980225e-01,1.343163847923278809e-01,-1.530065834522247314e-01,1.252366155385971069e-01,-4.923082888126373291e-01,9.492424875497817993e-02,-5.348145216703414917e-02
-1.000849366188049316e+00,-8.898977935314178467e-02,8.274021744728088379e-01,-1.018322445452213287e-02,-9.622623212635517120e-03,9.666199088096618652e-01,-2.558312118053436279e-01,-2.212244272232055664e-01,1.969842612743377686e-01,5.640501976013183594e-01,4.920958578586578369e-01,-1.020129323005676270e-01,-3.759026527404785156e-02,-2.236930467188358307e-02,-1.632650196552276611e-02,-5.946214795112609863e-01,1.193669959902763367e-01,-9.672248363494873047e-02,1.502239890396595001e-02,-6.845135986804962158e-02,2.048605680465698242e-01,1.927819550037384033e-01,-2.688049972057342529e-01,-5.452135801315307617e-01,-1.551797091960906982e-01,1.354650855064392090e-01,-1.491348594427108765e-01,1.244961172342300415e-01,-4.926720559597015381e-01,9.486868977546691895e-02,-5.560245364904403687e-02
-1.000479459762573242e+00,-9.052360057830810547e-02,8.268905878067016602e-01,-9.300468489527702332e-03,-1.012521237134933472e-02,9.645422101020812988e-01,-2.635703384876251221e-01,-1.947292536497116089e-01,1.816047281026840210e-01,5.724219679832458496e-01,4.457509815692901611e-01,-1.209574416279792786e-01,-5.270801112055778503e-02,-2.079015970230102539e-02,-2.060610428452491760e-02,-6.074749827384948730e-01,1.295881271362304688e-01,-1.022049859166145325e-01,1.975458115339279175e-02,-6.689863651990890503e-02,2.024722695350646973e-01,1.952387988567352295e-01,-2.714604437351226807e-01,-5.496149063110351562e-01,-1.575509309768676758e-01,1.372023373842239380e-01,-1.442606151103973389e-01,1.235979869961738586e-01,-4.924486577510833740e-01,9.397310763597488403e-02,-5.831449106335639954e-02
-1.000134587287902832e+00,-9.216057509183883667e-02,8.265670537948608398e-01,-8.385693654417991638e-03,-9.667231701314449310e-03,9.626406431198120117e-01,-2.704796195030212402e-01,-1.751864254474639893e-01,1.660476326942443848e-01,5.661585927009582520e-01,4.098829329013824463e-01,-1.331923902034759521e-01,-4.870454221963882446e-02,-2.275243774056434631e-02,-2.739140391349792480e-02,-6.127784252166748047e-01,1.429452598094940186e-01,-1.065663844347000122e-01,2.239173650741577148e-02,-6.382346898317337036e-02,2.003972977399826050e-01,1.970870941877365112e-01,-2.748007476329803467e-01,-5.536530613899230957e-01,-1.599006205797195435e-01,1.392929404973983765e-01,-1.399729400873184204e-01,1.225345507264137268e-01,-4.919407367706298828e-01,9.383848309516906738e-02,-6.145939975976943970e-02
-9.996892213821411133e-01,-9.381757676601409912e-02,8.262524604797363281e-01,-8.123787119984626770e-03,-9.558766148984432220e-03,9.600555300712585449e-01,-2.795282900333404541e-01,-1.610271632671356201e-01,1.512783467769622803e-01,5.582151412963867188e-01,3.774642348289489746e-01,-1.421077847480773926e-01,-4.727524518966674805e-02,-2.635152824223041534e-02,-3.445465862751007080e-02,-6.163474917411804199e-01,1.590900868177413940e-01,-1.114515885710716248e-01,2.581549249589443207e-02,-6.428510695695877075e-02,1.982067525386810303e-01,1.985559761524200439e-01,-2.785161137580871582e-01,-5.577186346054077148e-01,-1.621327102184295654e-01,1.413224637508392334e-01,-1.361685097217559814e-01,1.209814772009849548e-01,-4.919169247150421143e-01,9.366544336080551147e-02,-6.480389088392257690e-02
-9.990264773368835449e-01,-9.543114155530929565e-02,8.260222077369689941e-01,-7.814568467438220978e-03,-9.734924882650375366e-03,9.575411081314086914e-01,-2.880263328552246094e-01,-1.509300768375396729e-01,1.398465931415557861e-01,5.501482486724853516e-01,3.537485599517822266e-01,-1.499213874340057373e-01,-4.569880664348602295e-02,-3.152837231755256653e-02,-4.206118732690811157e-02,-6.208761334419250488e-01,1.774381846189498901e-01,-1.138435080647468567e-01,2.991593256592750549e-02,-6.289763748645782471e-02,1.960033178329467773e-01,1.996524184942245483e-01,-2.822570502758026123e-01,-5.609319806098937988e-01,-1.638653129339218140e-01,1.432056128978729248e-01,-1.329935938119888306e-01,1.190771833062171936e-01,-4.921241998672485352e-01,9.349001199007034302e-02,-6.785771995782852173e-02
-9.984055161476135254e-01,-9.691619127988815308e-02,8.260346055030822754e-01,-8.186998777091503143e-03,-8.893312886357307434e-03,9.550288319587707520e-01,-2.962664663791656494e-01,-1.436803936958312988e-01,1.264661252498626709e-01,5.372718572616577148e-01,3.305999636650085449e-01,-1.482891291379928589e-01,-4.499352350831031799e-02,-3.844805434346199036e-02,-5.296289175748825073e-02,-6.242001652717590332e-01,1.987997144460678101e-01,-1.168136224150657654e-01,3.453969955444335938e-02,-6.069499254226684570e-02,1.936109215021133423e-01,2.005506306886672974e-01,-2.864115536212921143e-01,-5.642957687377929688e-01,-1.658871024847030640e-01,1.450368314981460571e-01,-1.302277445793151855e-01,1.169362589716911316e-01,-4.922312796115875244e-01,9.358213841915130615e-02,-7.086686789989471436e-02
-9.974585771560668945e-01,-9.836973994970321655e-02,8.261625766754150391e-01,-8.441729471087455750e-03,-7.849535904824733734e-03,9.522994756698608398e-01,-3.049472272396087646e-01,-1.391138434410095215e-01,1.127025038003921509e-01,5.222362279891967773e-01,3.106535077095031738e-01,-1.437034904956817627e-01,-3.621137514710426331e-02,-4.853352904319763184e-02,-6.665962934494018555e-02,-6.259743571281433105e-01,2.265642583370208740e-01,-1.181394457817077637e-01,3.835985809564590454e-02,-6.015363335609436035e-02,1.910735517740249634e-01,2.009486705064773560e-01,-2.909077107906341553e-01,-5.677553415298461914e-01,-1.677129715681076050e-01,1.466892659664154053e-01,-1.280117332935333252e-01,1.143773496150970459e-01,-4.923542141914367676e-01,9.368114173412322998e-02,-7.380160689353942871e-02
-9.964033961296081543e-01,-9.980063140392303467e-02,8.266673684120178223e-01,-8.679520338773727417e-03,-6.829000543802976608e-03,9.494104385375976562e-01,-3.138436675071716309e-01,-1.360798627138137817e-01,9.932741522789001465e-02,5.047640800476074219e-01,2.933780252933502197e-01,-1.371048688888549805e-01,-2.456384524703025818e-02,-6.224277243018150330e-02,-8.313884586095809937e-02,-6.262108087539672852e-01,2.617020606994628906e-01,-1.160976886749267578e-01,3.898164629936218262e-02,-5.995443463325500488e-02,1.883679032325744629e-01,2.010633796453475952e-01,-2.956555485725402832e-01,-5.710941553115844727e-01,-1.694772392511367798e-01,1.481863260269165039e-01,-1.261082440614700317e-01,1.114244759082794189e-01,-4.923499524593353271e-01,9.358237683773040771e-02,-7.669194042682647705e-02
-9.952976703643798828e-01,-1.011588796973228455e-01,8.272395133972167969e-01,-8.691463619470596313e-03,-6.379179190844297409e-03,9.464321732521057129e-01,-3.227226436138153076e-01,-1.334836632013320923e-01,8.816146105527877808e-02,4.852609336376190186e-01,2.773855030536651611e-01,-1.300036758184432983e-01,-1.982527412474155426e-02,-8.273417502641677856e-02,-1.027484014630317688e-01,-6.245616674423217773e-01,3.107286393642425537e-01,-1.153947710990905762e-01,2.827328816056251526e-02,-6.073261052370071411e-02,1.859283894300460815e-01,2.014604806900024414e-01,-2.993884980678558350e-01,-5.732232928276062012e-01,-1.709187179803848267e-01,1.493243724107742310e-01,-1.241997852921485901e-01,1.091156378388404846e-01,-4.922382533550262451e-01,9.311987459659576416e-02,-7.867074012756347656e-02
-9.940533041954040527e-01,-1.024269238114356995e-01,8.280210494995117188e-01,-8.193943649530410767e-03,-6.832620128989219666e-03,9.439377784729003906e-01,-3.299510478973388672e-01,-1.324787288904190063e-01,8.221274614334106445e-02,4.698760807514190674e-01,2.678598463535308838e-01,-1.242300942540168762e-01,-2.011675015091896057e-02,-1.005176454782485962e-01,-1.179811581969261169e-01,-6.210712194442749023e-01,3.513302505016326904e-01,-1.028217077255249023e-01,1.895704120397567749e-02,-5.927000939846038818e-02,1.838429868221282959e-01,2.016828209161758423e-01,-3.028914034366607666e-01,-5.747969746589660645e-01,-1.719713658094406128e-01,1.501312106847763062e-01,-1.226026117801666260e-01,1.068117097020149231e-01,-4.923576116561889648e-01,9.284777939319610596e-02,-8.038784563541412354e-02
-9.928110837936401367e-01,-1.037600040435791016e-01,8.288695216178894043e-01,-7.641143165528774261e-03,-7.866611704230308533e-03,9.412178397178649902e-01,-3.376221954822540283e-01,-1.314810663461685181e-01,7.800285518169403076e-02,4.561008810997009277e-01,2.590366601943969727e-01,-1.179299652576446533e-01,-2.139715477824211121e-02,-1.241189166903495789e-01,-1.361000239849090576e-01,-6.181984543800354004e-01,4.014897644519805908e-01,-7.898180186748504639e-02,1.164004392921924591e-02,-5.923385545611381531e-02,1.819363981485366821e-01,2.022096812725067139e-01,-3.061411380767822266e-01,-5.760493278503417969e-01,-1.730033904314041138e-01,1.508386880159378052e-01,-1.207354068756103516e-01,1.047009080648422241e-01,-4.923846125602722168e-01,9.248270094394683838e-02,-8.181733638048171997e-02
-9.914569258689880371e-01,-1.050350442528724670e-01,8.296721577644348145e-01,-7.224033121019601822e-03,-9.022916667163372040e-03,9.382752776145935059e-01,-3.456962406635284424e-01,-1.315974891185760498e-01,7.450556010007858276e-02,4.436131715774536133e-01,2.506723403930664062e-01,-1.119169667363166809e-01,-2.251782640814781189e-02,-1.502038091421127319e-01,-1.560925096273422241e-01,-6.149388551712036133e-01,4.536582231521606445e-01,-4.678859189152717590e-02,7.101834635250270367e-04,-6.112829968333244324e-02,1.800348311662673950e-01,2.028834968805313110e-01,-3.093386590480804443e-01,-5.772668123245239258e-01,-1.741032898426055908e-01,1.514521539211273193e-01,-1.186505705118179321e-01,1.027013137936592102e-01,-4.923470318317413330e-01,9.203968942165374756e-02,-8.305931836366653442e-02
-9.900600314140319824e-01,-1.063742116093635559e-01,8.305258154869079590e-01,-6.704447325319051743e-03,-1.071299426257610321e-02,9.350972175598144531e-01,-3.541658818721771240e-01,-1.316713988780975342e-01,7.233408093452453613e-02,4.320958852767944336e-01,2.426393032073974609e-01,-1.066430136561393738e-01,-2.376856841146945953e-02,-1.779252141714096069e-01,-1.765252351760864258e-01,-6.110346317291259766e-01,5.062582492828369141e-01,-8.389629423618316650e-03,-1.403004582971334457e-02,-6.456919014453887939e-02,1.781331300735473633e-01,2.037947624921798706e-01,-3.124305903911590576e-01,-5.784367918968200684e-01,-1.752432435750961304e-01,1.519606113433837891e-01,-1.162223741412162781e-01,1.009867116808891296e-01,-4.923188984394073486e-01,9.161359071731567383e-02,-8.413279801607131958e-02
-9.886353611946105957e-01,-1.074822023510932922e-01,8.312269449234008789e-01,-5.868635606020689011e-03,-1.290349289774894714e-02,9.316176772117614746e-01,-3.631632626056671143e-01,-1.324333548545837402e-01,7.186374068260192871e-02,4.206696450710296631e-01,2.356778532266616821e-01,-1.020444035530090332e-01,-2.429288811981678009e-02,-2.069273591041564941e-01,-1.963085830211639404e-01,-6.039381027221679688e-01,5.588582158088684082e-01,3.241784125566482544e-02,-3.557246923446655273e-02,-7.034599781036376953e-02,1.763176769018173218e-01,2.051729261875152588e-01,-3.155137896537780762e-01,-5.794489383697509766e-01,-1.765319257974624634e-01,1.523555219173431396e-01,-1.132567524909973145e-01,9.962999075651168823e-02,-4.923698306083679199e-01,9.120275080204010010e-02,-8.507279306650161743e-02
-9.872506856918334961e-01,-1.086189672350883484e-01,8.318312168121337891e-01,-4.659777507185935974e-03,-1.554281823337078094e-02,9.279012084007263184e-01,-3.724728822708129883e-01,-1.339153498411178589e-01,7.273880392313003540e-02,4.077551960945129395e-01,2.305425703525543213e-01,-9.880901873111724854e-02,-2.333069965243339539e-02,-2.374744564294815063e-01,-2.152841836214065552e-01,-5.933865904808044434e-01,6.114582419395446777e-01,7.336026430130004883e-02,-6.345722079277038574e-02,-7.643117755651473999e-02,1.746099144220352173e-01,2.070357948541641235e-01,-3.185606300830841064e-01,-5.803233981132507324e-01,-1.779395639896392822e-01,1.526389867067337036e-01,-1.097828745841979980e-01,9.874919056892395020e-02,-4.925410747528076172e-01,9.088797867298126221e-02,-8.586957305669784546e-02
-9.859250783920288086e-01,-1.095301508903503418e-01,8.321970701217651367e-01,-3.546429798007011414e-03,-1.833362318575382233e-02,9.238500595092773438e-01,-3.822987973690032959e-01,-1.339584589004516602e-01,7.391674816608428955e-02,3.935598433017730713e-01,2.257393896579742432e-01,-9.801975637674331665e-02,-2.350682951509952545e-02,-2.707297503948211670e-01,-2.333056330680847168e-01,-5.783673524856567383e-01,6.640582084655761719e-01,1.101283207535743713e-01,-9.466301649808883667e-02,-8.373357355594635010e-02,1.729236990213394165e-01,2.094261646270751953e-01,-3.216926753520965576e-01,-5.811781287193298340e-01,-1.795329153537750244e-01,1.527689099311828613e-01,-1.058363094925880432e-01,9.834695607423782349e-02,-4.928805530071258545e-01,9.071534872055053711e-02,-8.656356483697891235e-02
-9.847362637519836426e-01,-1.102906093001365662e-01,8.325064778327941895e-01,-1.907778205350041389e-03,-2.041648142039775848e-02,9.197546839714050293e-01,-3.919577002525329590e-01,-1.379134505987167358e-01,7.492025196552276611e-02,3.784571290016174316e-01,2.234861999750137329e-01,-9.598878026008605957e-02,-2.302272617816925049e-02,-3.047061264514923096e-01,-2.508713901042938232e-01,-5.583836436271667480e-01,7.166582345962524414e-01,1.423104554414749146e-01,-1.283280104398727417e-01,-9.044454246759414673e-02,1.713660359382629395e-01,2.122736424207687378e-01,-3.250203728675842285e-01,-5.819571018218994141e-01,-1.813302338123321533e-01,1.528324931859970093e-01,-1.016198322176933289e-01,9.845487028360366821e-02,-4.933244884014129639e-01,9.078428149223327637e-02,-8.715954422950744629e-02
-9.837551712989807129e-01,-1.108208298683166504e-01,8.326098918914794922e-01,-9.144833311438560486e-04,-2.205478213727474213e-02,9.156199097633361816e-01,-4.014385640621185303e-01,-1.416389644145965576e-01,7.478006184101104736e-02,3.625153899192810059e-01,2.226552218198776245e-01,-9.553018957376480103e-02,-2.150854468345642090e-02,-3.407889902591705322e-01,-2.675060927867889404e-01,-5.347259640693664551e-01,7.692582607269287109e-01,1.610504835844039917e-01,-1.525380760431289673e-01,-9.637942910194396973e-02,1.696548759937286377e-01,2.153266817331314087e-01,-3.287881314754486084e-01,-5.829944014549255371e-01,-1.833509653806686401e-01,1.526005417108535767e-01,-9.747758507728576660e-02,9.902605414390563965e-02,-4.941346049308776855e-01,9.128547459840774536e-02,-8.772064000368118286e-02
-9.829633831977844238e-01,-1.113374307751655579e-01,8.325795531272888184e-01,-2.991926448885351419e-04,-2.297606877982616425e-02,9.116880297660827637e-01,-4.102400839328765869e-01,-1.461047083139419556e-01,7.324236631393432617e-02,3.464756608009338379e-01,2.231384366750717163e-01,-9.503641724586486816e-02,-1.946398429572582245e-02,-3.775712549686431885e-01,-2.835299372673034668e-01,-5.084877014160156250e-01,8.218582272529602051e-01,1.582732647657394409e-01,-1.660656481981277466e-01,-1.003096029162406921e-01,1.677372902631759644e-01,2.183871716260910034e-01,-3.330538570880889893e-01,-5.843977332115173340e-01,-1.856026351451873779e-01,1.520124375820159912e-01,-9.383577853441238403e-02,9.996765106916427612e-02,-4.953954219818115234e-01,9.231682866811752319e-02,-8.825250715017318726e-02
-9.823850393295288086e-01,-1.116585806012153625e-01,8.325260281562805176e-01,2.183160249842330813e-04,-2.346002869307994843e-02,9.080960154533386230e-01,-4.181042611598968506e-01,-1.499268710613250732e-01,7.134329527616500854e-02,3.317049741744995117e-01,2.241553068161010742e-01,-9.432247281074523926e-02,-1.777668856084346771e-02,-4.144310653209686279e-01,-2.987351715564727783e-01,-4.819787442684173584e-01,8.744582533836364746e-01,1.418716609477996826e-01,-1.738744676113128662e-01,-1.019335016608238220e-01,1.658033728599548340e-01,2.214948236942291260e-01,-3.376491069793701172e-01,-5.859316587448120117e-01,-1.880041956901550293e-01,1.511943340301513672e-01,-9.077695757150650024e-02,1.012158393859863281e-01,-4.969731569290161133e-01,9.381107985973358154e-02,-8.875881880521774292e-02
-9.819796681404113770e-01,-1.121681109070777893e-01,8.325626254081726074e-01,8.275596774183213711e-04,-2.392380684614181519e-02,9.046376347541809082e-01,-4.255087673664093018e-01,-1.531000286340713501e-01,6.940914690494537354e-02,3.166362643241882324e-01,2.251478880643844604e-01,-9.340179711580276489e-02,-1.598309911787509918e-02,-4.514784812927246094e-01,-3.126681745052337646e-01,-4.547442793846130371e-01,9.270582199096679688e-01,1.214841976761817932e-01,-1.825370043516159058e-01,-1.022047847509384155e-01,1.639909446239471436e-01,2.248867452144622803e-01,-3.423097133636474609e-01,-5.873137116432189941e-01,-1.905030459165573120e-01,1.502955108880996704e-01,-8.811527490615844727e-02,1.026519313454627991e-01,-4.986632764339447021e-01,9.553286433219909668e-02,-8.924682438373565674e-02
-9.816500544548034668e-01,-1.126528978347778320e-01,8.325468897819519043e-01,1.607566373422741890e-03,-2.388972975313663483e-02,9.010711908340454102e-01,-4.330097436904907227e-01,-1.554425060749053955e-01,6.650337576866149902e-02,3.005173504352569580e-01,2.260487079620361328e-01,-9.227631241083145142e-02,-1.394811831414699554e-02,-4.886250495910644531e-01,-3.257122337818145752e-01,-4.251886606216430664e-01,9.796582460403442383e-01,9.723737835884094238e-02,-1.855116188526153564e-01,-1.030331850051879883e-01,1.623011231422424316e-01,2.285739630460739136e-01,-3.470776975154876709e-01,-5.885109901428222656e-01,-1.931353211402893066e-01,1.493446528911590576e-01,-8.572956174612045288e-02,1.040794700384140015e-01,-5.004273653030395508e-01,9.732405841350555420e-02,-8.973095566034317017e-02
-9.814695715904235840e-01,-1.131837964057922363e-01,8.324561119079589844e-01,2.609164454042911530e-03,-2.328799106180667877e-02,8.974614143371582031e-01,-4.404700994491577148e-01,-1.562792807817459106e-01,6.264673918485641479e-02,2.843162119388580322e-01,2.265079617500305176e-01,-9.093654900789260864e-02,-1.201256830245256424e-02,-5.254005789756774902e-01,-3.379733562469482422e-01,-3.939726948738098145e-01,1.032258272171020508e+00,6.978274881839752197e-02,-1.878167390823364258e-01,-1.046239435672760010e-01,1.607809364795684814e-01,2.325703352689743042e-01,-3.516795933246612549e-01,-5.893645286560058594e-01,-1.957162171602249146e-01,1.485220342874526978e-01,-8.352112025022506714e-02,1.055087149143218994e-01,-5.020524263381958008e-01,9.917026013135910034e-02,-9.020312875509262085e-02
-9.815444350242614746e-01,-1.138720214366912842e-01,8.323089480400085449e-01,3.317694878205657005e-03,-2.226270921528339386e-02,8.938566446304321289e-01,-4.477875232696533203e-01,-1.559188365936279297e-01,5.778369680047035217e-02,2.688522636890411377e-01,2.258080989122390747e-01,-8.951845020055770874e-02,-1.020606048405170441e-02,-5.631969571113586426e-01,-3.493602573871612549e-01,-3.618522882461547852e-01,1.084858179092407227e+00,4.005118086934089661e-02,-1.899594068527221680e-01,-1.068510115146636963e-01,1.595062017440795898e-01,2.368290871381759644e-01,-3.559320569038391113e-01,-5.897462368011474609e-01,-1.981071382761001587e-01,1.478543728590011597e-01,-8.137540519237518311e-02,1.068242341279983521e-01,-5.034809112548828125e-01,1.009567230939865112e-01,-9.064061194658279419e-02
-9.818079471588134766e-01,-1.147326305508613586e-01,8.322311043739318848e-01,3.927796147763729095e-03,-2.117344550788402557e-02,8.899490237236022949e-01,-4.555512964725494385e-01,-1.546778529882431030e-01,5.246372148394584656e-02,2.533537745475769043e-01,2.236905544996261597e-01,-8.761380612850189209e-02,-8.343391120433807373e-03,-6.018913984298706055e-01,-3.584892749786376953e-01,-3.269102275371551514e-01,1.137458205223083496e+00,9.912459179759025574e-03,-1.921114027500152588e-01,-1.110101193189620972e-01,1.584634035825729370e-01,2.412524223327636719e-01,-3.596541285514831543e-01,-5.896519422531127930e-01,-2.002113312482833862e-01,1.472794264554977417e-01,-7.923091202974319458e-02,1.079558655619621277e-01,-5.047530531883239746e-01,1.025740802288055420e-01,-9.103392809629440308e-02
-9.821690917015075684e-01,-1.154962182044982910e-01,8.319162726402282715e-01,4.290502518415451050e-03,-1.964869163930416107e-02,8.859263658523559570e-01,-4.633896350860595703e-01,-1.530089229345321655e-01,4.630691930651664734e-02,2.385470867156982422e-01,2.210212349891662598e-01,-8.528181910514831543e-02,-6.587746553122997284e-03,-6.418743729591369629e-01,-3.656957745552062988e-01,-2.897872626781463623e-01,1.190058231353759766e+00,-2.102975919842720032e-02,-1.940605342388153076e-01,-1.156767308712005615e-01,1.575534939765930176e-01,2.457581758499145508e-01,-3.627534508705139160e-01,-5.891435146331787109e-01,-2.019514590501785278e-01,1.467594802379608154e-01,-7.706437259912490845e-02,1.089172437787055969e-01,-5.059377551078796387e-01,1.040828078985214233e-01,-9.134948998689651489e-02
-9.828246235847473145e-01,-1.162746250629425049e-01,8.308217525482177734e-01,9.461076115258038044e-04,-1.456472463905811310e-02,8.814179897308349609e-01,-4.721115529537200928e-01,-1.535471528768539429e-01,2.911407127976417542e-02,2.228097766637802124e-01,2.163511663675308228e-01,-8.185494691133499146e-02,-3.941995557397603989e-03,-6.911685466766357422e-01,-3.787239193916320801e-01,-2.425033003091812134e-01,1.242658257484436035e+00,-5.137346312403678894e-02,-1.938308626413345337e-01,-1.232887655496597290e-01,1.559800505638122559e-01,2.461313903331756592e-01,-3.658819794654846191e-01,-5.898714065551757812e-01,-2.023834884166717529e-01,1.453792154788970947e-01,-7.949108630418777466e-02,1.090559214353561401e-01,-5.080648660659790039e-01,1.067744120955467224e-01,-9.160562604665756226e-02
-9.836646914482116699e-01,-1.169475987553596497e-01,8.297034502029418945e-01,-3.063973505049943924e-03,-9.179209358990192413e-03,8.769344091415405273e-01,-4.805126786231994629e-01,-1.537546962499618530e-01,1.097938604652881622e-02,2.084993124008178711e-01,2.100625336170196533e-01,-7.714446634054183960e-02,-1.359277172014117241e-03,-7.383419275283813477e-01,-3.864780068397521973e-01,-1.929948329925537109e-01,1.286036133766174316e+00,-7.607408612966537476e-02,-1.920275241136550903e-01,-1.295535564422607422e-01,1.536559760570526123e-01,2.423111200332641602e-01,-3.687029480934143066e-01,-5.913860201835632324e-01,-2.012654393911361694e-01,1.431457102298736572e-01,-8.663267642259597778e-02,1.083927378058433533e-01,-5.116397142410278320e-01,1.109186559915542603e-01,-9.175896644592285156e-02
-9.843849539756774902e-01,-1.177428141236305237e-01,8.300373554229736328e-01,-4.666579421609640121e-03,-9.431710466742515564e-03,8.746758103370666504e-01,-4.845941066741943359e-01,-1.525907963514328003e-01,7.836466655135154724e-03,2.026068419218063354e-01,2.021252363920211792e-01,-7.208969444036483765e-02,-9.526376379653811455e-04,-7.686251401901245117e-01,-3.700867891311645508e-01,-1.537070274353027344e-01,1.303871154785156250e+00,-8.483283966779708862e-02,-1.913519799709320068e-01,-1.259833872318267822e-01,1.510340422391891479e-01,2.420428246259689331e-01,-3.695771694183349609e-01,-5.899827480316162109e-01,-1.999952942132949829e-01,1.411120891571044922e-01,-9.041440486907958984e-02,1.088431626558303833e-01,-5.161775946617126465e-01,1.154853701591491699e-01,-9.156678617000579834e-02
-9.852547049522399902e-01,-1.185081899166107178e-01,8.304595351219177246e-01,-4.848636686801910400e-03,-1.017090771347284317e-02,8.733451366424560547e-01,-4.869715869426727295e-01,-1.503750681877136230e-01,8.455164730548858643e-03,2.006779015064239502e-01,1.971819102764129639e-01,-6.935025751590728760e-02,-1.424561953172087669e-03,-7.901512980461120605e-01,-3.487035334110260010e-01,-1.186892986297607422e-01,1.314120531082153320e+00,-9.011020511388778687e-02,-1.905946582555770874e-01,-1.177612468600273132e-01,1.480075716972351074e-01,2.434266507625579834e-01,-3.688250482082366943e-01,-5.871136784553527832e-01,-1.981397718191146851e-01,1.395708173513412476e-01,-9.187932312488555908e-02,1.099210083484649658e-01,-5.207389593124389648e-01,1.201615482568740845e-01,-9.090714156627655029e-02
-9.861634373664855957e-01,-1.192169487476348877e-01,8.309039473533630371e-01,-4.136803094297647476e-03,-1.090269349515438080e-02,8.718193173408508301e-01,-4.896887242794036865e-01,-1.477566510438919067e-01,1.036532036960124969e-02,1.984481066465377808e-01,1.943571269512176514e-01,-6.753540784120559692e-02,-2.208546269685029984e-03,-8.041961789131164551e-01,-3.248963654041290283e-01,-8.677759021520614624e-02,1.318932890892028809e+00,-9.296751767396926880e-02,-1.826967298984527588e-01,-1.090534999966621399e-01,1.448147296905517578e-01,2.451701462268829346e-01,-3.670744001865386963e-01,-5.836486816406250000e-01,-1.955851316452026367e-01,1.385621577501296997e-01,-9.223241358995437622e-02,1.112280935049057007e-01,-5.248896479606628418e-01,1.248688250780105591e-01,-8.984163403511047363e-02
-9.871858954429626465e-01,-1.199431866407394409e-01,8.312879800796508789e-01,-3.475938690826296806e-03,-1.168035063892602921e-02,8.700118660926818848e-01,-4.928801357746124268e-01,-1.462855339050292969e-01,1.240991614758968353e-02,1.946843713521957397e-01,1.929654926061630249e-01,-6.638241559267044067e-02,-2.932120347395539284e-03,-8.133459091186523438e-01,-2.994330525398254395e-01,-5.681964382529258728e-02,1.319306373596191406e+00,-9.632935374975204468e-02,-1.717706471681594849e-01,-1.002923771739006042e-01,1.396843343973159790e-01,2.469523251056671143e-01,-3.652655482292175293e-01,-5.769324898719787598e-01,-1.901682913303375244e-01,1.388474553823471069e-01,-9.175533056259155273e-02,1.120757460594177246e-01,-5.307374596595764160e-01,1.336462795734405518e-01,-8.781872689723968506e-02
-9.883256554603576660e-01,-1.206155866384506226e-01,8.315253853797912598e-01,-2.512576524168252945e-03,-1.221599057316780090e-02,8.676704168319702148e-01,-4.969834089279174805e-01,-1.444971114397048950e-01,1.431268826127052307e-02,1.888854354619979858e-01,1.927192956209182739e-01,-6.611946225166320801e-02,-3.917637281119823456e-03,-8.180177211761474609e-01,-2.753833830356597900e-01,-2.975783683359622955e-02,1.316395282745361328e+00,-1.009596213698387146e-01,-1.595479398965835571e-01,-9.405110031366348267e-02,1.358719468116760254e-01,2.481428086757659912e-01,-3.640516996383666992e-01,-5.718933343887329102e-01,-1.859206855297088623e-01,1.395019739866256714e-01,-9.116552770137786865e-02,1.127136275172233582e-01,-5.342865586280822754e-01,1.397923380136489868e-01,-8.565020561218261719e-02
-9.894649982452392578e-01,-1.213767081499099731e-01,8.317008018493652344e-01,-2.356016077101230621e-03,-1.280989870429039001e-02,8.651853799819946289e-01,-5.012829899787902832e-01,-1.420571058988571167e-01,1.489970367401838303e-02,1.813817918300628662e-01,1.904038041830062866e-01,-6.602849066257476807e-02,-4.929380957037210464e-03,-8.207220435142517090e-01,-2.531579136848449707e-01,-5.593041889369487762e-03,1.309347271919250488e+00,-1.053399220108985901e-01,-1.460240185260772705e-01,-8.778242766857147217e-02,1.328473091125488281e-01,2.490590363740921021e-01,-3.633963763713836670e-01,-5.683098435401916504e-01,-1.824956834316253662e-01,1.400198489427566528e-01,-9.089470654726028442e-02,1.132980808615684509e-01,-5.376400351524353027e-01,1.450894027948379517e-01,-8.347418159246444702e-02
-9.908136725425720215e-01,-1.219561174511909485e-01,8.317663073539733887e-01,-1.732591423206031322e-03,-1.264334656298160553e-02,8.624891042709350586e-01,-5.059146881103515625e-01,-1.405788213014602661e-01,1.496118213981389999e-02,1.730527281761169434e-01,1.895890831947326660e-01,-6.505829095840454102e-02,-5.870870780199766159e-03,-8.194389343261718750e-01,-2.331070452928543091e-01,1.613377407193183899e-02,1.300079464912414551e+00,-1.096561402082443237e-01,-1.339838951826095581e-01,-8.224170655012130737e-02,1.307574957609176636e-01,2.498675733804702759e-01,-3.636793196201324463e-01,-5.652480721473693848e-01,-1.804054975509643555e-01,1.407471597194671631e-01,-9.112691879272460938e-02,1.137535050511360168e-01,-5.402873158454895020e-01,1.500170081853866577e-01,-8.135906606912612915e-02
-9.921964406967163086e-01,-1.225584372878074646e-01,8.317432999610900879e-01,-1.611753017641603947e-03,-1.235374435782432556e-02,8.594263792037963867e-01,-5.111076831817626953e-01,-1.399921923875808716e-01,1.398314442485570908e-02,1.630189865827560425e-01,1.886583864688873291e-01,-6.405789405107498169e-02,-6.584140472114086151e-03,-8.156638741493225098e-01,-2.148990184068679810e-01,3.609518706798553467e-02,1.286986589431762695e+00,-1.134733706712722778e-01,-1.199812144041061401e-01,-7.735143601894378662e-02,1.292332559823989868e-01,2.504868507385253906e-01,-3.649491071701049805e-01,-5.633299350738525391e-01,-1.796244531869888306e-01,1.415737718343734741e-01,-9.180340915918350220e-02,1.135793700814247131e-01,-5.425066351890563965e-01,1.538120508193969727e-01,-7.934442907571792603e-02
-9.936867952346801758e-01,-1.232200264930725098e-01,8.317165970802307129e-01,-1.659008208662271500e-03,-1.214867923408746719e-02,8.561720848083496094e-01,-5.165452957153320312e-01,-1.414818465709686279e-01,1.317776180803775787e-02,1.525795161724090576e-01,1.892033815383911133e-01,-6.292949616909027100e-02,-7.467287592589855194e-03,-8.095465898513793945e-01,-1.975157707929611206e-01,5.437291413545608521e-02,1.270693063735961914e+00,-1.183530017733573914e-01,-1.089540645480155945e-01,-7.360308617353439331e-02,1.281646490097045898e-01,2.509334087371826172e-01,-3.670063316822052002e-01,-5.623320937156677246e-01,-1.797701865434646606e-01,1.425901204347610474e-01,-9.291025996208190918e-02,1.129916086792945862e-01,-5.441572070121765137e-01,1.569758653640747070e-01,-7.746113836765289307e-02
-9.951773285865783691e-01,-1.239062622189521790e-01,8.315787315368652344e-01,-1.966621261090040207e-03,-1.171720866113901138e-02,8.525760769844055176e-01,-5.224680304527282715e-01,-1.421025544404983521e-01,1.132400054484605789e-02,1.403364390134811401e-01,1.891598403453826904e-01,-6.222636625170707703e-02,-8.363013155758380890e-03,-8.015615940093994141e-01,-1.814934462308883667e-01,7.215212285518646240e-02,1.251905441284179688e+00,-1.238453760743141174e-01,-9.792461246252059937e-02,-6.994549185037612915e-02,1.274617016315460205e-01,2.513273060321807861e-01,-3.700003325939178467e-01,-5.620691776275634766e-01,-1.813791692256927490e-01,1.436791718006134033e-01,-9.426629543304443359e-02,1.116726025938987732e-01,-5.455877780914306641e-01,1.587463915348052979e-01,-7.580049335956573486e-02
-9.967591166496276855e-01,-1.245945766568183899e-01,8.314656615257263184e-01,-2.208043122664093971e-03,-1.142914034426212311e-02,8.489351868629455566e-01,-5.283688306808471680e-01,-1.423316895961761475e-01,1.005069818347692490e-02,1.286042034626007080e-01,1.889773160219192505e-01,-6.182014197111129761e-02,-1.022789627313613892e-02,-7.905591130256652832e-01,-1.666797399520874023e-01,8.690083771944046021e-02,1.229157447814941406e+00,-1.303526014089584351e-01,-8.325203508138656616e-02,-6.664289534091949463e-02,1.270912140607833862e-01,2.515892982482910156e-01,-3.735365271568298340e-01,-5.620403885841369629e-01,-1.837691515684127808e-01,1.449488401412963867e-01,-9.600959718227386475e-02,1.098460853099822998e-01,-5.463395118713378906e-01,1.599893718957901001e-01,-7.454229891300201416e-02
-9.984576106071472168e-01,-1.253195554018020630e-01,8.313370347023010254e-01,-2.777194371446967125e-03,-1.131491828709840775e-02,8.450626134872436523e-01,-5.345404744148254395e-01,-1.442200392484664917e-01,8.803722448647022247e-03,1.160560548305511475e-01,1.892097890377044678e-01,-6.121960654854774475e-02,-1.266226917505264282e-02,-7.777570486068725586e-01,-1.515939831733703613e-01,1.024605557322502136e-01,1.203093290328979492e+00,-1.372663080692291260e-01,-7.186279445886611938e-02,-6.437577307224273682e-02,1.267831772565841675e-01,2.516300082206726074e-01,-3.771549761295318604e-01,-5.624968409538269043e-01,-1.861379742622375488e-01,1.461696326732635498e-01,-9.800001233816146851e-02,1.074106469750404358e-01,-5.468875169754028320e-01,1.604790687561035156e-01,-7.349023222923278809e-02
-1.000323653221130371e+00,-1.260643303394317627e-01,8.311719894409179688e-01,-3.391896607354283333e-03,-1.118636876344680786e-02,8.409980535507202148e-01,-5.409118533134460449e-01,-1.461496949195861816e-01,7.748692762106657028e-03,1.036617606878280640e-01,1.900403201580047607e-01,-6.105381622910499573e-02,-1.504474319517612457e-02,-7.621310949325561523e-01,-1.377859860658645630e-01,1.161839663982391357e-01,1.173337340354919434e+00,-1.454821676015853882e-01,-5.817139148712158203e-02,-6.170336902141571045e-02,1.263941824436187744e-01,2.514002323150634766e-01,-3.804502189159393311e-01,-5.632692575454711914e-01,-1.877501308917999268e-01,1.474382430315017700e-01,-1.002641916275024414e-01,1.045327186584472656e-01,-5.468571186065673828e-01,1.606014072895050049e-01,-7.285588234663009644e-02
-1.002052664756774902e+00,-1.267624944448471069e-01,8.309769034385681152e-01,-3.688807366415858269e-03,-1.100334152579307556e-02,8.369683027267456055e-01,-5.471283197402954102e-01,-1.463113725185394287e-01,6.810792256146669388e-03,9.156695008277893066e-02,1.900667995214462280e-01,-6.146740168333053589e-02,-1.717882417142391205e-02,-7.438058853149414062e-01,-1.249297037720680237e-01,1.288270652294158936e-01,1.139997124671936035e+00,-1.535322964191436768e-01,-4.352020844817161560e-02,-5.938280373811721802e-02,1.260551512241363525e-01,2.509072124958038330e-01,-3.832574784755706787e-01,-5.636706948280334473e-01,-1.884091049432754517e-01,1.488029211759567261e-01,-1.026346758008003235e-01,1.014576330780982971e-01,-5.461996197700500488e-01,1.605785042047500610e-01,-7.259749621152877808e-02
-1.004189133644104004e+00,-1.275733560323715210e-01,8.307989239692687988e-01,-3.746021771803498268e-03,-1.083201076835393906e-02,8.325342535972595215e-01,-5.538550615310668945e-01,-1.466773003339767456e-01,6.818139459937810898e-03,7.854414731264114380e-02,1.905099749565124512e-01,-6.207198649644851685e-02,-2.086759358644485474e-02,-7.219716310501098633e-01,-1.136461421847343445e-01,1.384924054145812988e-01,1.102869868278503418e+00,-1.608198732137680054e-01,-2.948513068258762360e-02,-5.677085369825363159e-02,1.255731135606765747e-01,2.500512301921844482e-01,-3.854378759860992432e-01,-5.639706254005432129e-01,-1.876969337463378906e-01,1.503300368785858154e-01,-1.050307899713516235e-01,9.797427803277969360e-02,-5.445512533187866211e-01,1.599297374486923218e-01,-7.275209575891494751e-02
-1.006243467330932617e+00,-1.283457875251770020e-01,8.305322527885437012e-01,-4.051989410072565079e-03,-1.034001354128122330e-02,8.281816244125366211e-01,-5.603497624397277832e-01,-1.485213935375213623e-01,5.804728716611862183e-03,6.585105508565902710e-02,1.915024966001510620e-01,-6.145140156149864197e-02,-2.432249858975410461e-02,-6.993654370307922363e-01,-1.042895242571830750e-01,1.480792611837387085e-01,1.063389420509338379e+00,-1.674071103334426880e-01,-1.661440357565879822e-02,-5.518775433301925659e-02,1.249105110764503479e-01,2.488082051277160645e-01,-3.869823515415191650e-01,-5.635437965393066406e-01,-1.839093267917633057e-01,1.518027782440185547e-01,-1.073682904243469238e-01,9.400241076946258545e-02,-5.419740080833435059e-01,1.581061035394668579e-01,-7.317167520523071289e-02
-1.008393406867980957e+00,-1.292491704225540161e-01,8.302997946739196777e-01,-4.485080949962139130e-03,-1.012322772294282913e-02,8.235442042350769043e-01,-5.671440362930297852e-01,-1.480609327554702759e-01,5.139999091625213623e-03,5.358133837580680847e-02,1.912542283535003662e-01,-6.267472356557846069e-02,-2.791230753064155579e-02,-6.743918061256408691e-01,-9.653982520103454590e-02,1.547266393899917603e-01,1.019798278808593750e+00,-1.756674498319625854e-01,-3.301228163763880730e-03,-5.379652976989746094e-02,1.241339296102523804e-01,2.472002357244491577e-01,-3.877439200878143311e-01,-5.627645850181579590e-01,-1.788832098245620728e-01,1.531980037689208984e-01,-1.098134964704513550e-01,9.019866585731506348e-02,-5.391794443130493164e-01,1.570241600275039673e-01,-7.378920912742614746e-02
-1.010678648948669434e+00,-1.301967501640319824e-01,8.299134373664855957e-01,-4.747250117361545563e-03,-9.654822759330272675e-03,8.189709782600402832e-01,-5.737341046333312988e-01,-1.513210386037826538e-01,4.542335402220487595e-03,4.076223447918891907e-02,1.947524547576904297e-01,-6.313462555408477783e-02,-3.161580488085746765e-02,-6.474552154541015625e-01,-9.047061204910278320e-02,1.596213281154632568e-01,9.735297560691833496e-01,-1.836423128843307495e-01,8.074653334915637970e-03,-5.208323150873184204e-02,1.233040690422058105e-01,2.451036870479583740e-01,-3.877660632133483887e-01,-5.617997050285339355e-01,-1.724631190299987793e-01,1.546235680580139160e-01,-1.122989952564239502e-01,8.651103079319000244e-02,-5.359175801277160645e-01,1.563084423542022705e-01,-7.437540590763092041e-02
-1.012952327728271484e+00,-1.313447505235671997e-01,8.295505046844482422e-01,-5.279371980577707291e-03,-9.444392286241054535e-03,8.142273426055908203e-01,-5.804453492164611816e-01,-1.511131823062896729e-01,3.747107461094856262e-03,2.759359218180179596e-02,1.958352923393249512e-01,-6.526938825845718384e-02,-3.563897684216499329e-02,-6.193614602088928223e-01,-8.600146323442459106e-02,1.624405831098556519e-01,9.238881468772888184e-01,-1.893317252397537231e-01,1.744214259088039398e-02,-5.115679278969764709e-02,1.224171668291091919e-01,2.427625656127929688e-01,-3.872745633125305176e-01,-5.606896281242370605e-01,-1.658940762281417847e-01,1.559529900550842285e-01,-1.147084385156631470e-01,8.294696360826492310e-02,-5.326086878776550293e-01,1.559527069330215454e-01,-7.487402111291885376e-02
-1.015349388122558594e+00,-1.325459778308868408e-01,8.292267918586730957e-01,-5.565654952079057693e-03,-9.122251532971858978e-03,8.092206716537475586e-01,-5.874076485633850098e-01,-1.508071571588516235e-01,3.167264861986041069e-03,1.430988963693380356e-02,1.969225555658340454e-01,-6.667525321245193481e-02,-3.805415704846382141e-02,-5.884689092636108398e-01,-8.297912776470184326e-02,1.626149564981460571e-01,8.703858852386474609e-01,-1.941520124673843384e-01,2.379363961517810822e-02,-5.026939138770103455e-02,1.216006129980087280e-01,2.401762157678604126e-01,-3.866141438484191895e-01,-5.596404671669006348e-01,-1.604284197092056274e-01,1.573616266250610352e-01,-1.168812587857246399e-01,7.951301336288452148e-02,-5.285701155662536621e-01,1.553382277488708496e-01,-7.533542811870574951e-02
-1.017602920532226562e+00,-1.336056739091873169e-01,8.288908600807189941e-01,-5.785519722849130630e-03,-8.604936301708221436e-03,8.042802810668945312e-01,-5.941596627235412598e-01,-1.522092074155807495e-01,2.155391499400138855e-03,6.087886285968124866e-04,1.991663575172424316e-01,-6.719732284545898438e-02,-4.083611816167831421e-02,-5.563614368438720703e-01,-8.083622902631759644e-02,1.616534441709518433e-01,8.137084841728210449e-01,-1.949904859066009521e-01,2.970113977789878845e-02,-4.998608678579330444e-02,1.209755167365074158e-01,2.374744713306427002e-01,-3.857274055480957031e-01,-5.577654838562011719e-01,-1.560412645339965820e-01,1.587633788585662842e-01,-1.188041567802429199e-01,7.647908478975296021e-02,-5.244317650794982910e-01,1.549476981163024902e-01,-7.567440718412399292e-02
-1.020194172859191895e+00,-1.349373012781143188e-01,8.285564184188842773e-01,-6.216476205736398697e-03,-8.131905458867549896e-03,7.987970113754272461e-01,-6.015135645866394043e-01,-1.509985923767089844e-01,1.096250372938811779e-03,-1.374104898422956467e-02,1.997925043106079102e-01,-6.942155957221984863e-02,-4.387003183364868164e-02,-5.223353505134582520e-01,-7.951250672340393066e-02,1.588535755872726440e-01,7.542328238487243652e-01,-1.952379345893859863e-01,3.062643483281135559e-02,-5.013906583189964294e-02,1.204828694462776184e-01,2.346715033054351807e-01,-3.849272727966308594e-01,-5.563204288482666016e-01,-1.530599743127822876e-01,1.601602882146835327e-01,-1.204603090882301331e-01,7.376415282487869263e-02,-5.203850865364074707e-01,1.545073837041854858e-01,-7.591147720813751221e-02
-1.022735238075256348e+00,-1.362658292055130005e-01,8.282638788223266602e-01,-6.355613935738801956e-03,-7.001246791332960129e-03,7.935453057289123535e-01,-6.084376573562622070e-01,-1.567241698503494263e-01,-7.179389940574765205e-04,-2.891313470900058746e-02,2.053840905427932739e-01,-6.838396191596984863e-02,-4.638952761888504028e-02,-4.858575463294982910e-01,-7.865431159734725952e-02,1.562127918004989624e-01,6.915783882141113281e-01,-1.900363862514495850e-01,3.574995324015617371e-02,-5.036770924925804138e-02,1.205173283815383911e-01,2.315092682838439941e-01,-3.844230771064758301e-01,-5.540367960929870605e-01,-1.513517200946807861e-01,1.615617126226425171e-01,-1.221580877900123596e-01,7.133325189352035522e-02,-5.161212086677551270e-01,1.545304208993911743e-01,-7.596477121114730835e-02
-1.025265336036682129e+00,-1.377919465303421021e-01,8.278974890708923340e-01,-7.047745864838361740e-03,-6.270113401114940643e-03,7.878999710083007812e-01,-6.157309412956237793e-01,-1.553217172622680664e-01,-2.795558422803878784e-03,-4.390897229313850403e-02,2.059508860111236572e-01,-7.051237672567367554e-02,-4.883645474910736084e-02,-4.499218761920928955e-01,-7.793673127889633179e-02,1.529510170221328735e-01,6.271199584007263184e-01,-1.785375624895095825e-01,3.914720937609672546e-02,-5.228000879287719727e-02,1.206774190068244934e-01,2.280879616737365723e-01,-3.838446140289306641e-01,-5.523114800453186035e-01,-1.497244089841842651e-01,1.628274917602539062e-01,-1.235664561390876770e-01,6.924475729465484619e-02,-5.123108625411987305e-01,1.543526351451873779e-01,-7.593567669391632080e-02
-1.027665376663208008e+00,-1.390409618616104126e-01,8.274396061897277832e-01,-7.654069457203149796e-03,-4.704334307461977005e-03,7.824697494506835938e-01,-6.226237416267395020e-01,-1.558762639760971069e-01,-6.047835573554039001e-03,-5.808264017105102539e-02,2.070152759552001953e-01,-7.028890401124954224e-02,-5.124928802251815796e-02,-4.131913185119628906e-01,-7.790477573871612549e-02,1.506911367177963257e-01,5.615685582160949707e-01,-1.567327827215194702e-01,4.581175744533538818e-02,-5.390937253832817078e-02,1.212245747447013855e-01,2.243486493825912476e-01,-3.833253681659698486e-01,-5.504971146583557129e-01,-1.488245278596878052e-01,1.641284078359603882e-01,-1.252038925886154175e-01,6.781878322362899780e-02,-5.083456039428710938e-01,1.557120233774185181e-01,-7.561271637678146362e-02
-1.030527353286743164e+00,-1.406736671924591064e-01,8.270260095596313477e-01,-8.487884886562824249e-03,-3.138767089694738388e-03,7.765904068946838379e-01,-6.299408078193664551e-01,-1.563374698162078857e-01,-9.088580496609210968e-03,-7.260385155677795410e-02,2.078690230846405029e-01,-7.018485665321350098e-02,-5.452052876353263855e-02,-3.755101561546325684e-01,-7.783066481351852417e-02,1.472672075033187866e-01,4.947522580623626709e-01,-1.226173043251037598e-01,5.284567177295684814e-02,-5.507732182741165161e-02,1.221416071057319641e-01,2.201730459928512573e-01,-3.830285668373107910e-01,-5.485628247261047363e-01,-1.487750411033630371e-01,1.654277294874191284e-01,-1.269204765558242798e-01,6.668150424957275391e-02,-5.045230388641357422e-01,1.566737443208694458e-01,-7.522948086261749268e-02
-1.033302545547485352e+00,-1.423060297966003418e-01,8.264587521553039551e-01,-9.866639971733093262e-03,-1.155804493464529514e-03,7.705677747726440430e-01,-6.372806429862976074e-01,-1.548803001642227173e-01,-1.350946072489023209e-02,-8.648503571748733521e-02,2.063905447721481323e-01,-7.000784575939178467e-02,-5.806445702910423279e-02,-3.387158811092376709e-01,-7.845842838287353516e-02,1.444661617279052734e-01,4.276388883590698242e-01,-7.094816863536834717e-02,6.897733360528945923e-02,-5.759609863162040710e-02,1.234269812703132629e-01,2.153797447681427002e-01,-3.829625844955444336e-01,-5.470592975616455078e-01,-1.485103517770767212e-01,1.666959077119827271e-01,-1.290786862373352051e-01,6.600411981344223022e-02,-5.011048316955566406e-01,1.589505076408386230e-01,-7.483942061662673950e-02
-1.036289095878601074e+00,-1.439470350742340088e-01,8.260644078254699707e-01,-1.020905096083879471e-02,5.619134753942489624e-04,7.651665210723876953e-01,-6.437512040138244629e-01,-1.521549224853515625e-01,-1.503247488290071487e-02,-9.733225405216217041e-02,2.054487764835357666e-01,-7.039079070091247559e-02,-6.270103156566619873e-02,-3.060534000396728516e-01,-7.814224809408187866e-02,1.345251202583312988e-01,3.770532011985778809e-01,-4.559398815035820007e-02,6.281794607639312744e-02,-5.672765895724296570e-02,1.251712888479232788e-01,2.108988314867019653e-01,-3.832682073116302490e-01,-5.446243882179260254e-01,-1.492308080196380615e-01,1.681051254272460938e-01,-1.307536959648132324e-01,6.562890857458114624e-02,-4.976899027824401855e-01,1.603627055883407593e-01,-7.451604306697845459e-02
-1.038976192474365234e+00,-1.452749818563461304e-01,8.258565068244934082e-01,-1.010019890964031219e-02,1.456430763937532902e-03,7.620294094085693359e-01,-6.474620103836059570e-01,-1.492263972759246826e-01,-1.375846192240715027e-02,-1.025619581341743469e-01,2.047734856605529785e-01,-7.167726010084152222e-02,-6.703571230173110962e-02,-2.835481464862823486e-01,-8.042068779468536377e-02,1.102095320820808411e-01,3.506366014480590820e-01,-6.707294285297393799e-02,3.443311899900436401e-02,-5.078005790710449219e-02,1.272470057010650635e-01,2.069281637668609619e-01,-3.834282755851745605e-01,-5.417466163635253906e-01,-1.489417105913162231e-01,1.696484535932540894e-01,-1.317935585975646973e-01,6.572671234607696533e-02,-4.942370057106018066e-01,1.616024225950241089e-01,-7.364639639854431152e-02
-1.041984200477600098e+00,-1.461249440908432007e-01,8.254031538963317871e-01,-8.753208443522453308e-03,3.953640349209308624e-03,7.580880522727966309e-01,-6.520814895629882812e-01,-1.431038826704025269e-01,-1.268460880964994431e-02,-1.078604534268379211e-01,2.046107202768325806e-01,-7.305434346199035645e-02,-7.231983542442321777e-02,-2.562231719493865967e-01,-8.437313139438629150e-02,8.504366874694824219e-02,3.270691037178039551e-01,-8.383346349000930786e-02,2.264499478042125702e-02,-4.792013764381408691e-02,1.300384253263473511e-01,2.028119117021560669e-01,-3.837323188781738281e-01,-5.365058779716491699e-01,-1.487173736095428467e-01,1.714965254068374634e-01,-1.332858353853225708e-01,6.619454920291900635e-02,-4.900031983852386475e-01,1.642757505178451538e-01,-7.240389287471771240e-02
-1.045211791992187500e+00,-1.472595483064651489e-01,8.251680731773376465e-01,-8.931589312851428986e-03,4.310336895287036896e-03,7.534393072128295898e-01,-6.574426293373107910e-01,-1.418764144182205200e-01,-1.054433826357126236e-02,-1.167735606431961060e-01,2.032446712255477905e-01,-7.400118559598922729e-02,-7.911625504493713379e-02,-2.363585680723190308e-01,-8.786556869745254517e-02,6.332290172576904297e-02,3.079208135604858398e-01,-9.256293624639511108e-02,2.820739708840847015e-02,-4.743554070591926575e-02,1.328304260969161987e-01,1.984794288873672485e-01,-3.841229081153869629e-01,-5.325037837028503418e-01,-1.489003449678421021e-01,1.732066869735717773e-01,-1.350215524435043335e-01,6.689444929361343384e-02,-4.883521795272827148e-01,1.662363409996032715e-01,-7.060381025075912476e-02
-1.048551917076110840e+00,-1.484593898057937622e-01,8.248072266578674316e-01,-9.773933328688144684e-03,4.244837909936904907e-03,7.490484118461608887e-01,-6.624295711517333984e-01,-1.449194103479385376e-01,-8.878204971551895142e-03,-1.266948133707046509e-01,2.063479274511337280e-01,-7.640057802200317383e-02,-8.390294015407562256e-02,-2.196491360664367676e-01,-9.306784719228744507e-02,4.372805356979370117e-02,2.864740490913391113e-01,-8.065530657768249512e-02,6.897397339344024658e-02,-4.725651443004608154e-02,1.354061663150787354e-01,1.938631236553192139e-01,-3.843535482883453369e-01,-5.298556089401245117e-01,-1.490933895111083984e-01,1.745326370000839233e-01,-1.375643759965896606e-01,6.775646656751632690e-02,-4.888696968555450439e-01,1.675467640161514282e-01,-6.845780462026596069e-02
-1.051128983497619629e+00,-1.495271623134613037e-01,8.246011137962341309e-01,-9.113601408898830414e-03,3.324105171486735344e-03,7.461798191070556641e-01,-6.656737923622131348e-01,-1.510782092809677124e-01,-4.401764832437038422e-03,-1.331037580966949463e-01,2.172107547521591187e-01,-8.192479610443115234e-02,-8.763026446104049683e-02,-2.118317633867263794e-01,-9.107928723096847534e-02,2.752324193716049194e-02,2.808362543582916260e-01,-8.072536438703536987e-02,7.240510731935501099e-02,-4.501477256417274475e-02,1.373202055692672729e-01,1.912953108549118042e-01,-3.838838040828704834e-01,-5.278456211090087891e-01,-1.490726023912429810e-01,1.755407005548477173e-01,-1.386738419532775879e-01,6.888647377490997314e-02,-4.891922473907470703e-01,1.679474860429763794e-01,-6.688223034143447876e-02
-1.053087115287780762e+00,-1.506223082542419434e-01,8.248196244239807129e-01,-7.943922653794288635e-03,1.491155475378036499e-03,7.432823181152343750e-01,-6.689290404319763184e-01,-1.574871242046356201e-01,8.728749817237257957e-04,-1.418244987726211548e-01,2.279767990112304688e-01,-8.909589797258377075e-02,-8.980765938758850098e-02,-2.007296085357666016e-01,-8.727602660655975342e-02,9.955794550478458405e-03,2.680532932281494141e-01,-7.843216508626937866e-02,7.061840593814849854e-02,-4.498317465186119080e-02,1.393711715936660767e-01,1.883949786424636841e-01,-3.818075656890869141e-01,-5.193228721618652344e-01,-1.489017456769943237e-01,1.769507527351379395e-01,-1.391236633062362671e-01,7.144271582365036011e-02,-4.898675978183746338e-01,1.684544533491134644e-01,-6.256415694952011108e-02
-1.054889798164367676e+00,-1.514943838119506836e-01,8.253659009933471680e-01,-6.177368108183145523e-03,3.137625753879547119e-04,7.413319349288940430e-01,-6.711100339889526367e-01,-1.587334424257278442e-01,6.368200294673442841e-03,-1.479737162590026855e-01,2.327259331941604614e-01,-9.228418022394180298e-02,-8.976862579584121704e-02,-1.867504715919494629e-01,-8.275073766708374023e-02,-7.134906016290187836e-03,2.521372139453887939e-01,-7.414492964744567871e-02,6.346941739320755005e-02,-4.350946098566055298e-02,1.411593109369277954e-01,1.865031719207763672e-01,-3.783356249332427979e-01,-5.092202425003051758e-01,-1.473134607076644897e-01,1.780169010162353516e-01,-1.386611759662628174e-01,7.482543587684631348e-02,-4.893090724945068359e-01,1.684042513370513916e-01,-5.613509565591812134e-02
-1.056753635406494141e+00,-1.523015648126602173e-01,8.261763453483581543e-01,-4.013637080788612366e-03,-3.295548958703875542e-04,7.396686673164367676e-01,-6.729591488838195801e-01,-1.574345380067825317e-01,1.217799633741378784e-02,-1.520651578903198242e-01,2.353056967258453369e-01,-9.142247587442398071e-02,-8.996491879224777222e-02,-1.737683862447738647e-01,-7.753567397594451904e-02,-2.404166571795940399e-02,2.420270740985870361e-01,-8.241903781890869141e-02,4.822342470288276672e-02,-4.135687649250030518e-02,1.428202390670776367e-01,1.850370317697525024e-01,-3.734762370586395264e-01,-4.980620741844177246e-01,-1.431154310703277588e-01,1.788727492094039917e-01,-1.374289244413375854e-01,7.925162464380264282e-02,-4.856633245944976807e-01,1.692282259464263916e-01,-4.875564202666282654e-02
-1.058720111846923828e+00,-1.531224846839904785e-01,8.268401026725769043e-01,-2.596769016236066818e-03,-5.240750033408403397e-04,7.381836175918579102e-01,-6.745946407318115234e-01,-1.561531424522399902e-01,1.611229777336120605e-02,-1.562682092189788818e-01,2.373885363340377808e-01,-8.941292762756347656e-02,-8.955981582403182983e-02,-1.623432785272598267e-01,-7.529442757368087769e-02,-3.878857940435409546e-02,2.307644933462142944e-01,-7.615514099597930908e-02,5.248675495386123657e-02,-3.965154662728309631e-02,1.443538367748260498e-01,1.829067170619964600e-01,-3.675460219383239746e-01,-4.868281781673431396e-01,-1.369996368885040283e-01,1.790381669998168945e-01,-1.364096403121948242e-01,8.434288948774337769e-02,-4.822465479373931885e-01,1.707288622856140137e-01,-4.077398404479026794e-02
-1.060707330703735352e+00,-1.538648307323455811e-01,8.274771571159362793e-01,-1.256113755516707897e-03,-5.518596153706312180e-04,7.365491390228271484e-01,-6.763826608657836914e-01,-1.550770699977874756e-01,1.961038075387477875e-02,-1.605610847473144531e-01,2.396659106016159058e-01,-8.735237270593643188e-02,-8.865917474031448364e-02,-1.494357287883758545e-01,-7.242746651172637939e-02,-5.231485515832901001e-02,2.168885171413421631e-01,-6.941135227680206299e-02,5.440900102257728577e-02,-3.833850100636482239e-02,1.458972692489624023e-01,1.802040636539459229e-01,-3.609214127063751221e-01,-4.754408299922943115e-01,-1.305527687072753906e-01,1.785150915384292603e-01,-1.353173404932022095e-01,8.983071148395538330e-02,-4.789495468139648438e-01,1.719088554382324219e-01,-3.273240849375724792e-02
-1.062859416007995605e+00,-1.545566469430923462e-01,8.280920386314392090e-01,-4.760293813887983561e-04,-3.586150123737752438e-04,7.345815896987915039e-01,-6.785200834274291992e-01,-1.545453518629074097e-01,2.203552611172199249e-02,-1.650833636522293091e-01,2.414021044969558716e-01,-8.403395116329193115e-02,-8.711786568164825439e-02,-1.358710080385208130e-01,-6.969764828681945801e-02,-6.448080390691757202e-02,2.011811882257461548e-01,-6.425122916698455811e-02,5.344096198678016663e-02,-3.764455392956733704e-02,1.474601924419403076e-01,1.767741441726684570e-01,-3.537205457687377930e-01,-4.655993878841400146e-01,-1.230366900563240051e-01,1.773280203342437744e-01,-1.343639492988586426e-01,9.563057124614715576e-02,-4.770160615444183350e-01,1.736183166503906250e-01,-2.543559297919273376e-02
-1.065242767333984375e+00,-1.553191542625427246e-01,8.285356163978576660e-01,9.888138447422534227e-05,1.801116741262376308e-04,7.311969399452209473e-01,-6.821663379669189453e-01,-1.553471833467483521e-01,2.329589426517486572e-02,-1.604327559471130371e-01,2.446343302726745605e-01,-7.937916368246078491e-02,-8.040197193622589111e-02,-1.223299279808998108e-01,-6.772089004516601562e-02,-7.905521243810653687e-02,1.877973079681396484e-01,-6.232398003339767456e-02,5.064144730567932129e-02,-4.039201140403747559e-02,1.493294239044189453e-01,1.724798679351806641e-01,-3.465389311313629150e-01,-4.579296410083770752e-01,-1.166504621505737305e-01,1.756986975669860840e-01,-1.338829845190048218e-01,1.014044284820556641e-01,-4.758860170841217041e-01,1.753987818956375122e-01,-1.938652247190475464e-02
-1.067656159400939941e+00,-1.560747027397155762e-01,8.289295434951782227e-01,7.135980558814480901e-05,1.028528902679681778e-03,7.281753420829772949e-01,-6.853901147842407227e-01,-1.560615897178649902e-01,2.420542389154434204e-02,-1.565719693899154663e-01,2.490529119968414307e-01,-8.060411363840103149e-02,-7.294881343841552734e-02,-1.111003756523132324e-01,-6.698562204837799072e-02,-9.293150156736373901e-02,1.770732551813125610e-01,-6.173435598611831665e-02,4.841946065425872803e-02,-4.160452261567115784e-02,1.516362130641937256e-01,1.671087592840194702e-01,-3.396792411804199219e-01,-4.528091251850128174e-01,-1.101004928350448608e-01,1.735410094261169434e-01,-1.339731961488723755e-01,1.066430136561393738e-01,-4.770336747169494629e-01,1.745610684156417847e-01,-1.424838602542877197e-02
-1.070081353187561035e+00,-1.568674892187118530e-01,8.291940689086914062e-01,4.669504123739898205e-04,1.339695998467504978e-03,7.247108221054077148e-01,-6.890516877174377441e-01,-1.568506360054016113e-01,2.727544680237770081e-02,-1.516383886337280273e-01,2.509675323963165283e-01,-7.896127551794052124e-02,-7.256922125816345215e-02,-1.004467681050300598e-01,-6.485524028539657593e-02,-1.088399142026901245e-01,1.677242666482925415e-01,-6.119680404663085938e-02,4.512094706296920776e-02,-4.237214103341102600e-02,1.546680033206939697e-01,1.614885330200195312e-01,-3.341272473335266113e-01,-4.494456350803375244e-01,-1.066164523363113403e-01,1.711921840906143188e-01,-1.343522220849990845e-01,1.111629605293273926e-01,-4.793344140052795410e-01,1.731866896152496338e-01,-1.056078448891639709e-02
-1.072350621223449707e+00,-1.576952934265136719e-01,8.293725252151489258e-01,1.217480748891830444e-03,1.275900984182953835e-03,7.207280993461608887e-01,-6.932156085968017578e-01,-1.579421460628509521e-01,3.151996433734893799e-02,-1.434434205293655396e-01,2.528293430805206299e-01,-7.747568935155868530e-02,-7.412744313478469849e-02,-8.788835257291793823e-02,-6.161592900753021240e-02,-1.257413625717163086e-01,1.553835868835449219e-01,-5.951603874564170837e-02,4.263213649392127991e-02,-4.450590908527374268e-02,1.581674367189407349e-01,1.559167802333831787e-01,-3.302418589591979980e-01,-4.476193785667419434e-01,-1.062711104750633240e-01,1.686740070581436157e-01,-1.351134479045867920e-01,1.149868145585060120e-01,-4.829515814781188965e-01,1.705561727285385132e-01,-8.085314184427261353e-03
-1.074657678604125977e+00,-1.585054397583007812e-01,8.294687271118164062e-01,1.924559473991394043e-03,1.176602905616164207e-03,7.164075374603271484e-01,-6.976783871650695801e-01,-1.590607315301895142e-01,3.614509850740432739e-02,-1.322119235992431641e-01,2.544327974319458008e-01,-7.726443558931350708e-02,-7.533575594425201416e-02,-7.485201209783554077e-02,-5.798881873488426208e-02,-1.419125944375991821e-01,1.419405788183212280e-01,-5.754341185092926025e-02,4.110079631209373474e-02,-4.814890772104263306e-02,1.622748523950576782e-01,1.508595496416091919e-01,-3.284116685390472412e-01,-4.466910064220428467e-01,-1.099447011947631836e-01,1.661768257617950439e-01,-1.363663971424102783e-01,1.181274726986885071e-01,-4.874685406684875488e-01,1.672482490539550781e-01,-6.592942867428064346e-03
-1.076771020889282227e+00,-1.592484116554260254e-01,8.294758796691894531e-01,2.654883777722716331e-03,9.513793629594147205e-04,7.121123671531677246e-01,-7.020598053932189941e-01,-1.605939865112304688e-01,4.091835394501686096e-02,-1.177135258913040161e-01,2.566309571266174316e-01,-7.717715203762054443e-02,-7.577029615640640259e-02,-6.243715807795524597e-02,-5.419357493519783020e-02,-1.561921685934066772e-01,1.288281828165054321e-01,-5.494097620248794556e-02,4.246559366583824158e-02,-5.216471478343009949e-02,1.659806519746780396e-01,1.473264843225479126e-01,-3.291974067687988281e-01,-4.465400874614715576e-01,-1.144075617194175720e-01,1.636636257171630859e-01,-1.375243663787841797e-01,1.199844628572463989e-01,-4.913147985935211182e-01,1.652878075838088989e-01,-5.953573156148195267e-03
-1.078700065612792969e+00,-1.600577682256698608e-01,8.294889926910400391e-01,3.047349862754344940e-03,1.054628286510705948e-03,7.084746956825256348e-01,-7.057288289070129395e-01,-1.616683602333068848e-01,4.439776390790939331e-02,-1.040375009179115295e-01,2.583511173725128174e-01,-7.670260965824127197e-02,-7.249704003334045410e-02,-5.162711814045906067e-02,-5.110568180680274963e-02,-1.686606556177139282e-01,1.175862103700637817e-01,-5.328220129013061523e-02,4.247171431779861450e-02,-5.496491491794586182e-02,1.703091263771057129e-01,1.440851688385009766e-01,-3.318013846874237061e-01,-4.471641182899475098e-01,-1.225392296910285950e-01,1.610856354236602783e-01,-1.392064839601516724e-01,1.214361190795898438e-01,-4.961605966091156006e-01,1.621468812227249146e-01,-5.741294473409652710e-03
-1.080471038818359375e+00,-1.609058380126953125e-01,8.294746875762939453e-01,3.151328768581151962e-03,1.060012844391167164e-03,7.055537700653076172e-01,-7.086485624313354492e-01,-1.624140590429306030e-01,4.716393724083900452e-02,-9.317950159311294556e-02,2.592485845088958740e-01,-7.530929148197174072e-02,-6.690242886543273926e-02,-4.312116652727127075e-02,-4.826677218079566956e-02,-1.781627684831619263e-01,1.083347797393798828e-01,-5.223418027162551880e-02,4.175419732928276062e-02,-5.644598975777626038e-02,1.750608682632446289e-01,1.414130926132202148e-01,-3.356050848960876465e-01,-4.482849240303039551e-01,-1.335435360670089722e-01,1.586607992649078369e-01,-1.413653641939163208e-01,1.222462505102157593e-01,-5.013117790222167969e-01,1.577063202857971191e-01,-5.780991632491350174e-03
-1.081908702850341797e+00,-1.617098152637481689e-01,8.293578028678894043e-01,3.318475792184472084e-03,8.328080293722450733e-04,7.034035921096801758e-01,-7.107824087142944336e-01,-1.629665493965148926e-01,4.928216338157653809e-02,-8.622814714908599854e-02,2.604156434535980225e-01,-7.731038331985473633e-02,-6.011160835623741150e-02,-3.716878220438957214e-02,-4.550260305404663086e-02,-1.850051432847976685e-01,1.021879091858863831e-01,-5.213674902915954590e-02,4.096810147166252136e-02,-5.611830949783325195e-02,1.796414554119110107e-01,1.394184082746505737e-01,-3.392451107501983643e-01,-4.493627250194549561e-01,-1.439370065927505493e-01,1.567084938287734985e-01,-1.439288407564163208e-01,1.225795373320579529e-01,-5.053330659866333008e-01,1.534207761287689209e-01,-6.025684066116809845e-03
-1.083105802536010742e+00,-1.626030057668685913e-01,8.292587995529174805e-01,3.416243474930524826e-03,4.583668487612158060e-04,7.016463875770568848e-01,-7.125170230865478516e-01,-1.632626652717590332e-01,5.080244690179824829e-02,-8.416178077459335327e-02,2.612304389476776123e-01,-7.940089702606201172e-02,-5.639576911926269531e-02,-3.207772970199584961e-02,-4.284378886222839355e-02,-1.909292489290237427e-01,9.656979888677597046e-02,-5.200859159231185913e-02,4.002662748098373413e-02,-5.465327948331832886e-02,1.838808655738830566e-01,1.383678913116455078e-01,-3.429210782051086426e-01,-4.503202438354492188e-01,-1.545132845640182495e-01,1.546939313411712646e-01,-1.465084254741668701e-01,1.222248375415802002e-01,-5.091169476509094238e-01,1.488646268844604492e-01,-6.523956079035997391e-03
-1.084337472915649414e+00,-1.635235548019409180e-01,8.291718959808349609e-01,3.061003750190138817e-03,2.697260242712218314e-05,7.000147104263305664e-01,-7.141218781471252441e-01,-1.637836098670959473e-01,5.164334550499916077e-02,-8.601783961057662964e-02,2.610605359077453613e-01,-8.142413198947906494e-02,-5.521386861801147461e-02,-2.845198474824428558e-02,-4.079026728868484497e-02,-1.960312128067016602e-01,9.213406592607498169e-02,-5.239258334040641785e-02,3.942355513572692871e-02,-5.279184877872467041e-02,1.874535381793975830e-01,1.379298269748687744e-01,-3.461183011531829834e-01,-4.515057504177093506e-01,-1.643534004688262939e-01,1.524336040019989014e-01,-1.490001678466796875e-01,1.209177747368812561e-01,-5.129020214080810547e-01,1.436966359615325928e-01,-7.283698301762342453e-03
-1.085585355758666992e+00,-1.644545495510101318e-01,8.290675878524780273e-01,2.620759187266230583e-03,-5.052753258496522903e-04,6.981739401817321777e-01,-7.159232497215270996e-01,-1.650352776050567627e-01,5.266949161887168884e-02,-8.954456448554992676e-02,2.609504759311676025e-01,-8.237401396036148071e-02,-5.597618594765663147e-02,-2.614819072186946869e-02,-3.890757262706756592e-02,-2.012605220079421997e-01,8.971738070249557495e-02,-5.368252471089363098e-02,3.868191689252853394e-02,-5.130758881568908691e-02,1.904349029064178467e-01,1.378409713506698608e-01,-3.485474288463592529e-01,-4.524681568145751953e-01,-1.728698015213012695e-01,1.501329541206359863e-01,-1.513824015855789185e-01,1.187251731753349304e-01,-5.161216259002685547e-01,1.378809958696365356e-01,-8.405406959354877472e-03
-1.086596608161926270e+00,-1.652411073446273804e-01,8.289695978164672852e-01,2.487577265128493309e-03,-7.936502224765717983e-04,6.966087222099304199e-01,-7.174465060234069824e-01,-1.658851653337478638e-01,5.339533835649490356e-02,-9.459847956895828247e-02,2.613053917884826660e-01,-8.333925902843475342e-02,-5.702576413750648499e-02,-2.407057210803031921e-02,-3.738278895616531372e-02,-2.063494920730590820e-01,8.848050236701965332e-02,-5.514443665742874146e-02,3.780625015497207642e-02,-4.993868991732597351e-02,1.929006725549697876e-01,1.377218067646026611e-01,-3.496937155723571777e-01,-4.528796672821044922e-01,-1.791800260543823242e-01,1.479754894971847534e-01,-1.536319851875305176e-01,1.158831566572189331e-01,-5.183241963386535645e-01,1.316694915294647217e-01,-9.848301298916339874e-03
-1.087635159492492676e+00,-1.659364849328994751e-01,8.288727402687072754e-01,2.395329531282186508e-03,-8.603517781011760235e-04,6.949208378791809082e-01,-7.190817594528198242e-01,-1.661943346261978149e-01,5.392565950751304626e-02,-1.000818163156509399e-01,2.611393928527832031e-01,-8.413504809141159058e-02,-5.847807601094245911e-02,-2.167669497430324554e-02,-3.615254163742065430e-02,-2.116542160511016846e-01,8.751492202281951904e-02,-5.681835487484931946e-02,3.699499741196632385e-02,-4.818744957447052002e-02,1.948255896568298340e-01,1.372999250888824463e-01,-3.493815958499908447e-01,-4.527813792228698730e-01,-1.826675087213516235e-01,1.459090262651443481e-01,-1.557745784521102905e-01,1.125469654798507690e-01,-5.196367502212524414e-01,1.254408508539199829e-01,-1.161910593509674072e-02
-1.088637471199035645e+00,-1.665206998586654663e-01,8.287412524223327637e-01,2.675691852346062660e-03,-9.622597135603427887e-04,6.931703686714172363e-01,-7.207681536674499512e-01,-1.662905663251876831e-01,5.518953129649162292e-02,-1.060978323221206665e-01,2.609541118144989014e-01,-8.442861586809158325e-02,-6.200248003005981445e-02,-1.899760589003562927e-02,-3.435027971863746643e-02,-2.170182764530181885e-01,8.683811128139495850e-02,-5.864519253373146057e-02,3.622819483280181885e-02,-4.795701429247856140e-02,1.963866055011749268e-01,1.364585608243942261e-01,-3.473204374313354492e-01,-4.515765607357025146e-01,-1.828773915767669678e-01,1.438677906990051270e-01,-1.578048318624496460e-01,1.083503067493438721e-01,-5.197435021400451660e-01,1.175467669963836670e-01,-1.415843050926923752e-02
-1.089592218399047852e+00,-1.670905947685241699e-01,8.286560773849487305e-01,2.767266007140278816e-03,-8.956791134551167488e-04,6.916645765304565430e-01,-7.222130298614501953e-01,-1.661436855792999268e-01,5.593215674161911011e-02,-1.114814430475234985e-01,2.605565190315246582e-01,-8.455973118543624878e-02,-6.469521671533584595e-02,-1.705778762698173523e-02,-3.321709483861923218e-02,-2.219015806913375854e-01,8.687398582696914673e-02,-6.046423688530921936e-02,3.544125705957412720e-02,-4.749039933085441589e-02,1.971503198146820068e-01,1.349855810403823853e-01,-3.431873023509979248e-01,-4.495476186275482178e-01,-1.769776195287704468e-01,1.413207799196243286e-01,-1.607542783021926880e-01,1.045964956283569336e-01,-5.175259113311767578e-01,1.047718822956085205e-01,-1.802658475935459137e-02
-1.090526938438415527e+00,-1.676384210586547852e-01,8.285603523254394531e-01,2.897725906223058701e-03,-1.103529008105397224e-03,6.903614997863769531e-01,-7.234579324722290039e-01,-1.660341173410415649e-01,5.730785429477691650e-02,-1.163473576307296753e-01,2.596238553524017334e-01,-8.413268625736236572e-02,-6.873866170644760132e-02,-1.456454023718833923e-02,-3.137649223208427429e-02,-2.258923202753067017e-01,8.551748096942901611e-02,-6.184068322181701660e-02,3.466834500432014465e-02,-4.731545969843864441e-02,1.971163153648376465e-01,1.333407014608383179e-01,-3.382691144943237305e-01,-4.487999677658081055e-01,-1.674096435308456421e-01,1.390693187713623047e-01,-1.627783626317977905e-01,1.017275527119636536e-01,-5.139636993408203125e-01,9.933130443096160889e-02,-2.160832658410072327e-02
-1.091408610343933105e+00,-1.682481765747070312e-01,8.285388350486755371e-01,2.920453436672687531e-03,-1.239548670127987862e-03,6.892084479331970215e-01,-7.245561480522155762e-01,-1.656735986471176147e-01,5.844480916857719421e-02,-1.195948123931884766e-01,2.585370838642120361e-01,-8.362469077110290527e-02,-7.124763727188110352e-02,-1.363229472190141678e-02,-3.006758727133274078e-02,-2.295319139957427979e-01,8.559527248144149780e-02,-6.322967261075973511e-02,3.406253084540367126e-02,-4.775686189532279968e-02,1.966291666030883789e-01,1.316154748201370239e-01,-3.330112695693969727e-01,-4.488604366779327393e-01,-1.579936742782592773e-01,1.368784010410308838e-01,-1.642210185527801514e-01,9.952148795127868652e-02,-5.108131170272827148e-01,9.680735319852828979e-02,-2.430090680718421936e-02
-1.092167019844055176e+00,-1.687314808368682861e-01,8.285325169563293457e-01,2.808189252391457558e-03,-1.306906924583017826e-03,6.883301138877868652e-01,-7.253909707069396973e-01,-1.652473062276840210e-01,5.923013389110565186e-02,-1.224544346332550049e-01,2.571911215782165527e-01,-8.297440409660339355e-02,-7.368949800729751587e-02,-1.257048267871141434e-02,-2.913252077996730804e-02,-2.321991324424743652e-01,8.539849519729614258e-02,-6.451074033975601196e-02,3.347758203744888306e-02,-4.740621894598007202e-02,1.958479732275009155e-01,1.298355609178543091e-01,-3.277011513710021973e-01,-4.502565860748291016e-01,-1.517619788646697998e-01,1.349100917577743530e-01,-1.650884449481964111e-01,9.792698174715042114e-02,-5.087758302688598633e-01,9.535021334886550903e-02,-2.620077691972255707e-02
-1.092822432518005371e+00,-1.692238599061965942e-01,8.285353183746337891e-01,2.505762502551078796e-03,-1.256020506843924522e-03,6.874626874923706055e-01,-7.262142896652221680e-01,-1.646132767200469971e-01,5.929315835237503052e-02,-1.246297359466552734e-01,2.554132938385009766e-01,-8.213719725608825684e-02,-7.472332566976547241e-02,-1.207328587770462036e-02,-2.891343459486961365e-02,-2.347820848226547241e-01,8.591967821121215820e-02,-6.590309739112854004e-02,3.281635046005249023e-02,-4.713825508952140808e-02,1.948912888765335083e-01,1.282696425914764404e-01,-3.226901590824127197e-01,-4.530479609966278076e-01,-1.469830125570297241e-01,1.329011023044586182e-01,-1.656256467103958130e-01,9.691589325666427612e-02,-5.066108703613281250e-01,9.406124055385589600e-02,-2.761366590857505798e-02
-1.093305468559265137e+00,-1.697180867195129395e-01,8.285577893257141113e-01,2.031922107562422752e-03,-1.315027941018342972e-03,6.867713332176208496e-01,-7.268695235252380371e-01,-1.639246046543121338e-01,5.905615538358688354e-02,-1.257735043764114380e-01,2.530370652675628662e-01,-8.126329630613327026e-02,-7.435757666826248169e-02,-1.107464358210563660e-02,-2.885947003960609436e-02,-2.369277775287628174e-01,8.515323698520660400e-02,-6.683768332004547119e-02,3.249300271272659302e-02,-4.740201681852340698e-02,1.939467787742614746e-01,1.269258111715316772e-01,-3.183943331241607666e-01,-4.571075737476348877e-01,-1.446742713451385498e-01,1.308220326900482178e-01,-1.662033051252365112e-01,9.671566635370254517e-02,-5.048921704292297363e-01,9.474240243434906006e-02,-2.861602418124675751e-02
-1.093749046325683594e+00,-1.702813506126403809e-01,8.285731077194213867e-01,1.471612486056983471e-03,-1.217464799992740154e-03,6.860822439193725586e-01,-7.275214791297912598e-01,-1.627686023712158203e-01,5.836526677012443542e-02,-1.267303973436355591e-01,2.503810226917266846e-01,-8.038325607776641846e-02,-7.378447800874710083e-02,-1.055076532065868378e-02,-2.930269017815589905e-02,-2.388777434825897217e-01,8.489755541086196899e-02,-6.758735328912734985e-02,3.217721357941627502e-02,-4.672369733452796936e-02,1.929628551006317139e-01,1.259702146053314209e-01,-3.157182931900024414e-01,-4.598070383071899414e-01,-1.447397470474243164e-01,1.291826218366622925e-01,-1.668610125780105591e-01,9.748400002717971802e-02,-5.046624541282653809e-01,9.703155606985092163e-02,-2.905394881963729858e-02
-1.094065070152282715e+00,-1.707439869642257690e-01,8.285955786705017090e-01,1.024012686684727669e-03,-1.243046950548887253e-03,6.855409145355224609e-01,-7.280323505401611328e-01,-1.614867448806762695e-01,5.801352113485336304e-02,-1.275279521942138672e-01,2.473130077123641968e-01,-7.946553826332092285e-02,-7.342084497213363647e-02,-1.007859967648983002e-02,-2.960485778748989105e-02,-2.406922578811645508e-01,8.483648300170898438e-02,-6.849525868892669678e-02,3.195954114198684692e-02,-4.667003080248832703e-02,1.919151693582534790e-01,1.252080351114273071e-01,-3.136734664440155029e-01,-4.634083211421966553e-01,-1.462114304304122925e-01,1.274005323648452759e-01,-1.673724353313446045e-01,9.875187277793884277e-02,-5.047621130943298340e-01,1.001840904355049133e-01,-2.930388599634170532e-02
-1.094342708587646484e+00,-1.712763160467147827e-01,8.286100625991821289e-01,4.806150973308831453e-04,-1.275272807106375694e-03,6.848879456520080566e-01,-7.286471128463745117e-01,-1.601309627294540405e-01,5.744109302759170532e-02,-1.286630481481552124e-01,2.439060956239700317e-01,-7.846355438232421875e-02,-7.327073812484741211e-02,-9.968307800590991974e-03,-3.006703220307826996e-02,-2.426652461290359497e-01,8.516806364059448242e-02,-6.950472295284271240e-02,3.186620026826858521e-02,-4.658003151416778564e-02,1.909109055995941162e-01,1.247192025184631348e-01,-3.122733831405639648e-01,-4.675380289554595947e-01,-1.490491032600402832e-01,1.256031990051269531e-01,-1.675580441951751709e-01,1.002883687615394592e-01,-5.050226449966430664e-01,1.034300848841667175e-01,-2.943422831594944000e-02
-1.094590306282043457e+00,-1.718028038740158081e-01,8.286309242248535156e-01,-1.347107317997142673e-04,-1.372820814140141010e-03,6.841637492179870605e-01,-7.293271422386169434e-01,-1.591579616069793701e-01,5.681479349732398987e-02,-1.293116956949234009e-01,2.406215667724609375e-01,-7.717996835708618164e-02,-7.242183387279510498e-02,-9.606866165995597839e-03,-3.063008189201354980e-02,-2.449010312557220459e-01,8.523190766572952271e-02,-7.068222016096115112e-02,3.177552670240402222e-02,-4.670852050185203552e-02,1.900374442338943481e-01,1.243662908673286438e-01,-3.112784624099731445e-01,-4.717808067798614502e-01,-1.526298969984054565e-01,1.237704232335090637e-01,-1.675165444612503052e-01,1.019369140267372131e-01,-5.054618120193481445e-01,1.065474748611450195e-01,-2.958795055747032166e-02
-1.094786405563354492e+00,-1.723130047321319580e-01,8.286582827568054199e-01,-7.812554831616580486e-04,-1.542821875773370266e-03,6.834523677825927734e-01,-7.299930453300476074e-01,-1.582974344491958618e-01,5.629275739192962646e-02,-1.299351900815963745e-01,2.372189909219741821e-01,-7.589714229106903076e-02,-7.185167819261550903e-02,-1.090362668037414551e-02,-3.129168972373008728e-02,-2.473055720329284668e-01,8.608042448759078979e-02,-7.106888294219970703e-02,3.115631453692913055e-02,-4.665151610970497131e-02,1.893344670534133911e-01,1.241830214858055115e-01,-3.106929659843444824e-01,-4.759281873703002930e-01,-1.566894501447677612e-01,1.219645887613296509e-01,-1.672741472721099854e-01,1.036467403173446655e-01,-5.059053897857666016e-01,1.095207408070564270e-01,-2.974688075482845306e-02
-1.094965219497680664e+00,-1.727680861949920654e-01,8.286766409873962402e-01,-1.390801393426954746e-03,-1.732935896143317223e-03,6.828259229660034180e-01,-7.305777668952941895e-01,-1.574891954660415649e-01,5.589643493294715881e-02,-1.304236352443695068e-01,2.339068353176116943e-01,-7.491275668144226074e-02,-7.208014279603958130e-02,-1.066573243588209152e-02,-3.182275593280792236e-02,-2.498087882995605469e-01,8.649597316980361938e-02,-7.248622179031372070e-02,3.079674951732158661e-02,-4.641381651163101196e-02,1.887652128934860229e-01,1.240497529506683350e-01,-3.102099001407623291e-01,-4.797714650630950928e-01,-1.605315506458282471e-01,1.201090365648269653e-01,-1.669336259365081787e-01,1.052873134613037109e-01,-5.064879655838012695e-01,1.122495606541633606e-01,-2.989686094224452972e-02
-1.095080614089965820e+00,-1.732928305864334106e-01,8.286953568458557129e-01,-2.008103532716631889e-03,-2.014027675613760948e-03,6.821916699409484863e-01,-7.311678528785705566e-01,-1.566881984472274780e-01,5.554152652621269226e-02,-1.312219053506851196e-01,2.305952459573745728e-01,-7.426775246858596802e-02,-7.264045625925064087e-02,-1.114767417311668396e-02,-3.227141872048377991e-02,-2.519405186176300049e-01,8.648917078971862793e-02,-7.305546849966049194e-02,3.086333535611629486e-02,-4.649376869201660156e-02,1.882423609495162964e-01,1.239631101489067078e-01,-3.096944093704223633e-01,-4.833195805549621582e-01,-1.638890802860260010e-01,1.182505860924720764e-01,-1.663445532321929932e-01,1.067544370889663696e-01,-5.070453882217407227e-01,1.144445091485977173e-01,-3.004877455532550812e-02
-1.095178246498107910e+00,-1.737576872110366821e-01,8.287050724029541016e-01,-2.467226237058639526e-03,-2.306903712451457977e-03,6.815412044525146484e-01,-7.317719459533691406e-01,-1.562166363000869751e-01,5.542375147342681885e-02,-1.320107132196426392e-01,2.280721366405487061e-01,-7.396797835826873779e-02,-7.321775704622268677e-02,-1.172274257987737656e-02,-3.250648081302642822e-02,-2.539753615856170654e-01,8.684066683053970337e-02,-7.371812313795089722e-02,3.073843196034431458e-02,-4.641749709844589233e-02,1.877643167972564697e-01,1.239046901464462280e-01,-3.091072142124176025e-01,-4.863826930522918701e-01,-1.667489856481552124e-01,1.164775565266609192e-01,-1.656722575426101685e-01,1.080539822578430176e-01,-5.073545575141906738e-01,1.162680760025978088e-01,-3.024894930422306061e-02
-1.095250248908996582e+00,-1.741965562105178833e-01,8.286529779434204102e-01,-2.918448997661471367e-03,-2.804065588861703873e-03,6.809793710708618164e-01,-7.322914004325866699e-01,-1.562366485595703125e-01,5.568786337971687317e-02,-1.325897276401519775e-01,2.257898896932601929e-01,-7.319724559783935547e-02,-7.562016695737838745e-02,-1.162346918135881424e-02,-3.241410106420516968e-02,-2.558877766132354736e-01,8.678169548511505127e-02,-7.493704557418823242e-02,3.068605996668338776e-02,-4.648756608366966248e-02,1.872386932373046875e-01,1.239790543913841248e-01,-3.085196614265441895e-01,-4.890191555023193359e-01,-1.694100499153137207e-01,1.147202253341674805e-01,-1.649125367403030396e-01,1.093113943934440613e-01,-5.075911283493041992e-01,1.180319637060165405e-01,-3.052234835922718048e-02
-1.095298886299133301e+00,-1.746933460235595703e-01,8.285803198814392090e-01,-3.252532798796892166e-03,-3.320141928270459175e-03,6.804220080375671387e-01,-7.328057885169982910e-01,-1.561067104339599609e-01,5.617260560393333435e-02,-1.329803913831710815e-01,2.236706167459487915e-01,-7.269953191280364990e-02,-7.851424813270568848e-02,-1.138021051883697510e-02,-3.201793879270553589e-02,-2.575658857822418213e-01,8.616103231906890869e-02,-7.574893534183502197e-02,3.070880100131034851e-02,-4.686862975358963013e-02,1.865840852260589600e-01,1.242346987128257751e-01,-3.078502416610717773e-01,-4.913020431995391846e-01,-1.718655079603195190e-01,1.129481419920921326e-01,-1.638549864292144775e-01,1.102482229471206665e-01,-5.077581405639648438e-01,1.189378201961517334e-01,-3.077795356512069702e-02
-1.095300555229187012e+00,-1.751115620136260986e-01,8.284753561019897461e-01,-3.233419731259346008e-03,-3.641646821051836014e-03,6.798499226570129395e-01,-7.333351373672485352e-01,-1.554673761129379272e-01,5.682127922773361206e-02,-1.338399350643157959e-01,2.221068888902664185e-01,-7.395429164171218872e-02,-7.949957251548767090e-02,-1.143177878111600876e-02,-3.154617920517921448e-02,-2.590910792350769043e-01,8.619388937950134277e-02,-7.607683539390563965e-02,3.067175857722759247e-02,-4.713663458824157715e-02,1.859204024076461792e-01,1.245964244008064270e-01,-3.070835173130035400e-01,-4.929179847240447998e-01,-1.740730106830596924e-01,1.113506332039833069e-01,-1.627110391855239868e-01,1.109892576932907104e-01,-5.074369907379150391e-01,1.193645298480987549e-01,-3.104249760508537292e-02
-1.095303177833557129e+00,-1.755448281764984131e-01,8.283948898315429688e-01,-3.289039013907313347e-03,-3.885870566591620445e-03,6.792778372764587402e-01,-7.338635921478271484e-01,-1.546391099691390991e-01,5.727355182170867920e-02,-1.345480382442474365e-01,2.202627658843994141e-01,-7.469011843204498291e-02,-8.062992244958877563e-02,-1.194130629301071167e-02,-3.142296895384788513e-02,-2.604734599590301514e-01,8.718061447143554688e-02,-7.689984142780303955e-02,3.066836483776569366e-02,-4.751306772232055664e-02,1.850662678480148315e-01,1.250894516706466675e-01,-3.060546517372131348e-01,-4.943107068538665771e-01,-1.755979210138320923e-01,1.099082455039024353e-01,-1.615139693021774292e-01,1.116498261690139771e-01,-5.066588521003723145e-01,1.196325942873954773e-01,-3.133950009942054749e-02
-1.095305204391479492e+00,-1.759694665670394897e-01,8.283111453056335449e-01,-3.392301499843597412e-03,-4.074381664395332336e-03,6.787536144256591797e-01,-7.343469262123107910e-01,-1.542821526527404785e-01,5.749044567346572876e-02,-1.349001228809356689e-01,2.193504124879837036e-01,-7.523088902235031128e-02,-8.139535784721374512e-02,-1.155892014503479004e-02,-3.133852034807205200e-02,-2.619276046752929688e-01,8.734938502311706543e-02,-7.786049693822860718e-02,3.074533678591251373e-02,-4.775884747505187988e-02,1.840196102857589722e-01,1.257202029228210449e-01,-3.046820461750030518e-01,-4.955507814884185791e-01,-1.762452274560928345e-01,1.085003092885017395e-01,-1.602886021137237549e-01,1.120663881301879883e-01,-5.055088996887207031e-01,1.197111681103706360e-01,-3.165929019451141357e-02
-1.095299720764160156e+00,-1.764460653066635132e-01,8.282415866851806641e-01,-3.589795436710119247e-03,-4.290143959224224091e-03,6.782102584838867188e-01,-7.348465919494628906e-01,-1.535175740718841553e-01,5.759152770042419434e-02,-1.353756040334701538e-01,2.175325155258178711e-01,-7.580398768186569214e-02,-8.183642476797103882e-02,-1.139052677899599075e-02,-3.138640895485877991e-02,-2.636273801326751709e-01,8.775270730257034302e-02,-7.893911749124526978e-02,3.084581717848777771e-02,-4.817280918359756470e-02,1.827395707368850708e-01,1.267977654933929443e-01,-3.029608130455017090e-01,-4.972490072250366211e-01,-1.769140809774398804e-01,1.065355688333511353e-01,-1.587002724409103394e-01,1.123603731393814087e-01,-5.025018453598022461e-01,1.196768879890441895e-01,-3.224670514464378357e-02
-1.095286369323730469e+00,-1.770454496145248413e-01,8.281970620155334473e-01,-3.915346227586269379e-03,-4.513835534453392029e-03,6.776897907257080078e-01,-7.353236079216003418e-01,-1.525865048170089722e-01,5.749897658824920654e-02,-1.360153257846832275e-01,2.153816372156143188e-01,-7.626924663782119751e-02,-8.172108978033065796e-02,-1.102629397064447403e-02,-3.153518214821815491e-02,-2.650849521160125732e-01,8.768140524625778198e-02,-7.991973310708999634e-02,3.092292509973049164e-02,-4.859121516346931458e-02,1.814154386520385742e-01,1.280248612165451050e-01,-3.016092479228973389e-01,-4.984853267669677734e-01,-1.775291264057159424e-01,1.045880913734436035e-01,-1.570899784564971924e-01,1.124518960714340210e-01,-4.998119473457336426e-01,1.195600330829620361e-01,-3.305234014987945557e-02
-1.095225095748901367e+00,-1.775168776512145996e-01,8.281612396240234375e-01,-4.227625671774148941e-03,-4.764852114021778107e-03,6.772192716598510742e-01,-7.357537150382995605e-01,-1.514368206262588501e-01,5.751194059848785400e-02,-1.359328180551528931e-01,2.125305682420730591e-01,-7.635544240474700928e-02,-8.196533471345901489e-02,-1.060955040156841278e-02,-3.166288137435913086e-02,-2.665417194366455078e-01,8.706911653280258179e-02,-8.047292381525039673e-02,3.099362924695014954e-02,-4.937337711453437805e-02,1.800125241279602051e-01,1.293189674615859985e-01,-3.005003929138183594e-01,-4.996889531612396240e-01,-1.779713034629821777e-01,1.026124209165573120e-01,-1.555535793304443359e-01,1.124537289142608643e-01,-4.974936842918395996e-01,1.196735501289367676e-01,-3.396066650748252869e-02
-1.095194458961486816e+00,-1.780672669410705566e-01,8.281329870223999023e-01,-4.523567855358123779e-03,-4.882115405052900314e-03,6.768777370452880859e-01,-7.360653877258300781e-01,-1.500617414712905884e-01,5.734505876898765564e-02,-1.359495967626571655e-01,2.100454270839691162e-01,-7.630967348814010620e-02,-8.182560652494430542e-02,-1.041215658187866211e-02,-3.210087120532989502e-02,-2.678512930870056152e-01,8.743324130773544312e-02,-8.150059729814529419e-02,3.102655522525310516e-02,-4.985838010907173157e-02,1.785999387502670288e-01,1.306391060352325439e-01,-2.996087372303009033e-01,-5.007581710815429688e-01,-1.783356666564941406e-01,1.007426455616950989e-01,-1.539645344018936157e-01,1.123809292912483215e-01,-4.951771795749664307e-01,1.197763606905937195e-01,-3.479002416133880615e-02
-1.095098495483398438e+00,-1.785697340965270996e-01,8.281201124191284180e-01,-4.888164810836315155e-03,-5.049496423453092575e-03,6.765488982200622559e-01,-7.363641858100891113e-01,-1.489590704441070557e-01,5.706815794110298157e-02,-1.358410120010375977e-01,2.076510936021804810e-01,-7.634573429822921753e-02,-8.152542263269424438e-02,-1.077687647193670273e-02,-3.262129798531532288e-02,-2.691018581390380859e-01,8.838698267936706543e-02,-8.275221288204193115e-02,3.109897673130035400e-02,-5.037863180041313171e-02,1.772938817739486694e-01,1.319375783205032349e-01,-2.990315556526184082e-01,-5.014129877090454102e-01,-1.786012649536132812e-01,9.889621287584304810e-02,-1.524365395307540894e-01,1.120898276567459106e-01,-4.929298460483551025e-01,1.198288500308990479e-01,-3.554388135671615601e-02
-1.095035433769226074e+00,-1.791043281555175781e-01,8.281202316284179688e-01,-5.309466738253831863e-03,-5.298494827002286911e-03,6.762725710868835449e-01,-7.366132736206054688e-01,-1.477007865905761719e-01,5.690712481737136841e-02,-1.355902254581451416e-01,2.046998590230941772e-01,-7.617778331041336060e-02,-8.140671998262405396e-02,-1.061372365802526474e-02,-3.289326652884483337e-02,-2.699630260467529297e-01,8.788334578275680542e-02,-8.326065540313720703e-02,3.116812929511070251e-02,-5.087390542030334473e-02,1.759695708751678467e-01,1.332449465990066528e-01,-2.986022830009460449e-01,-5.020575523376464844e-01,-1.787440627813339233e-01,9.706475585699081421e-02,-1.509716212749481201e-01,1.116535142064094543e-01,-4.907418787479400635e-01,1.199861913919448853e-01,-3.630207106471061707e-02
-1.094939351081848145e+00,-1.796475946903228760e-01,8.281241655349731445e-01,-5.628810264170169830e-03,-5.389818456023931503e-03,6.760544776916503906e-01,-7.368103861808776855e-01,-1.458704173564910889e-01,5.675370991230010986e-02,-1.347111165523529053e-01,2.016052305698394775e-01,-7.590632885694503784e-02,-8.136483281850814819e-02,-1.032254286110401154e-02,-3.340994939208030701e-02,-2.712159454822540283e-01,8.797928690910339355e-02,-8.402280509471893311e-02,3.120737522840499878e-02,-5.126578733325004578e-02,1.745420247316360474e-01,1.345748454332351685e-01,-2.981586754322052002e-01,-5.031087398529052734e-01,-1.786373853683471680e-01,9.535058587789535522e-02,-1.495231688022613525e-01,1.111904680728912354e-01,-4.883386790752410889e-01,1.202458068728446960e-01,-3.699175640940666199e-02
-1.094899296760559082e+00,-1.801810860633850098e-01,8.281351327896118164e-01,-6.071336101740598679e-03,-5.681529175490140915e-03,6.758780479431152344e-01,-7.369665503501892090e-01,-1.444102525711059570e-01,5.674965679645538330e-02,-1.340454816818237305e-01,1.982015371322631836e-01,-7.550017535686492920e-02,-8.128774911165237427e-02,-1.055059581995010376e-02,-3.372763469815254211e-02,-2.720603346824645996e-01,8.795093744993209839e-02,-8.468457311391830444e-02,3.132577240467071533e-02,-5.166110023856163025e-02,1.731150299310684204e-01,1.359426826238632202e-01,-2.977278530597686768e-01,-5.039274692535400391e-01,-1.784092634916305542e-01,9.370397031307220459e-02,-1.480638384819030762e-01,1.107336431741714478e-01,-4.859653711318969727e-01,1.204897612333297729e-01,-3.783877566456794739e-02
-1.094803452491760254e+00,-1.806445717811584473e-01,8.281401395797729492e-01,-6.372659932821989059e-03,-5.798780824989080429e-03,6.757240295410156250e-01,-7.371042966842651367e-01,-1.428165584802627563e-01,5.668178945779800415e-02,-1.329503804445266724e-01,1.953624635934829712e-01,-7.521349936723709106e-02,-8.125993609428405762e-02,-1.042564585804939270e-02,-3.416183590888977051e-02,-2.729007899761199951e-01,8.799952268600463867e-02,-8.533452451229095459e-02,3.155034780502319336e-02,-5.213950574398040771e-02,1.716291904449462891e-01,1.373861581087112427e-01,-2.972195446491241455e-01,-5.047321319580078125e-01,-1.780720353126525879e-01,9.222026914358139038e-02,-1.465723365545272827e-01,1.103902533650398254e-01,-4.834139347076416016e-01,1.208722814917564392e-01,-3.873607143759727478e-02
-1.094690680503845215e+00,-1.810414642095565796e-01,8.281383514404296875e-01,-6.666662171483039856e-03,-5.940315313637256622e-03,6.756422519683837891e-01,-7.371755838394165039e-01,-1.414465755224227905e-01,5.664066970348358154e-02,-1.317901611328125000e-01,1.927456259727478027e-01,-7.498347014188766479e-02,-8.119811117649078369e-02,-1.066564675420522690e-02,-3.463302180171012878e-02,-2.734908759593963623e-01,8.842592686414718628e-02,-8.610436320304870605e-02,3.162759542465209961e-02,-5.255824327468872070e-02,1.701954603195190430e-01,1.388587355613708496e-01,-2.966526448726654053e-01,-5.051912665367126465e-01,-1.775714159011840820e-01,9.083770215511322021e-02,-1.451525390148162842e-01,1.101355254650115967e-01,-4.809460043907165527e-01,1.213127300143241882e-01,-3.957821801304817200e-02
-1.094577908515930176e+00,-1.814815998077392578e-01,8.281471729278564453e-01,-6.986421067267656326e-03,-6.117457989603281021e-03,6.757327914237976074e-01,-7.370881438255310059e-01,-1.398870646953582764e-01,5.661999434232711792e-02,-1.305705308914184570e-01,1.898923367261886597e-01,-7.464960217475891113e-02,-8.102796971797943115e-02,-1.077976450324058533e-02,-3.501187637448310852e-02,-2.737969160079956055e-01,8.836945891380310059e-02,-8.655880391597747803e-02,3.167254850268363953e-02,-5.286749079823493958e-02,1.688251346349716187e-01,1.403070092201232910e-01,-2.959782779216766357e-01,-5.053897500038146973e-01,-1.768565326929092407e-01,8.958993852138519287e-02,-1.437899023294448853e-01,1.100467368960380554e-01,-4.785636365413665771e-01,1.218996345996856689e-01,-4.030341655015945435e-02
-1.094442009925842285e+00,-1.817752718925476074e-01,8.281569480895996094e-01,-7.228533737361431122e-03,-6.237221881747245789e-03,6.758285164833068848e-01,-7.369970679283142090e-01,-1.382257640361785889e-01,5.668357014656066895e-02,-1.288460493087768555e-01,1.869319230318069458e-01,-7.427974790334701538e-02,-8.101542294025421143e-02,-1.067775767296552658e-02,-3.531305491924285889e-02,-2.738712430000305176e-01,8.787792176008224487e-02,-8.661152422428131104e-02,3.179734572768211365e-02,-5.339461192488670349e-02,1.675139814615249634e-01,1.417955607175827026e-01,-2.952369749546051025e-01,-5.054057240486145020e-01,-1.758954077959060669e-01,8.851668238639831543e-02,-1.426015794277191162e-01,1.101826131343841553e-01,-4.759390056133270264e-01,1.227551326155662537e-01,-4.094744473695755005e-02
-1.094248890876770020e+00,-1.821095198392868042e-01,8.281706571578979492e-01,-7.644907571375370026e-03,-6.467734463512897491e-03,6.761155128479003906e-01,-7.367275953292846680e-01,-1.368952393531799316e-01,5.647844821214675903e-02,-1.274293661117553711e-01,1.840408146381378174e-01,-7.377997040748596191e-02,-8.085063099861145020e-02,-1.118074916303157806e-02,-3.585705533623695374e-02,-2.735641002655029297e-01,8.760474622249603271e-02,-8.672155439853668213e-02,3.207623213529586792e-02,-5.350493267178535461e-02,1.661951988935470581e-01,1.433534920215606689e-01,-2.942832410335540771e-01,-5.054009556770324707e-01,-1.744020730257034302e-01,8.745279163122177124e-02,-1.414476633071899414e-01,1.103998869657516479e-01,-4.737155139446258545e-01,1.237964928150177002e-01,-4.159295931458473206e-02
-1.094143509864807129e+00,-1.824699342250823975e-01,8.281790018081665039e-01,-7.937490940093994141e-03,-6.611876189708709717e-03,6.763923168182373047e-01,-7.364690899848937988e-01,-1.354542672634124756e-01,5.647575110197067261e-02,-1.259548813104629517e-01,1.815509051084518433e-01,-7.342325896024703979e-02,-8.065021038055419922e-02,-1.156676746904850006e-02,-3.623041883111000061e-02,-2.731137275695800781e-01,8.778021484613418579e-02,-8.700662106275558472e-02,3.231648355722427368e-02,-5.372510105371475220e-02,1.649175733327865601e-01,1.449283212423324585e-01,-2.930313050746917725e-01,-5.049110054969787598e-01,-1.721883416175842285e-01,8.651754260063171387e-02,-1.404070109128952026e-01,1.107214093208312988e-01,-4.713084697723388672e-01,1.250875592231750488e-01,-4.210361465811729431e-02
-1.093990206718444824e+00,-1.827980130910873413e-01,8.281848430633544922e-01,-8.207257837057113647e-03,-6.737802643328905106e-03,6.766867041587829590e-01,-7.361944913864135742e-01,-1.340043097734451294e-01,5.638515204191207886e-02,-1.245499551296234131e-01,1.791289597749710083e-01,-7.310240715742111206e-02,-8.036197721958160400e-02,-1.227182429283857346e-02,-3.678464516997337341e-02,-2.726756632328033447e-01,8.860372751951217651e-02,-8.758269995450973511e-02,3.254688903689384460e-02,-5.385917797684669495e-02,1.637069582939147949e-01,1.464451551437377930e-01,-2.917559742927551270e-01,-5.042236447334289551e-01,-1.700500249862670898e-01,8.561260253190994263e-02,-1.394768059253692627e-01,1.109834760427474976e-01,-4.691345989704132080e-01,1.263529807329177856e-01,-4.249196499586105347e-02
-1.093867897987365723e+00,-1.831391900777816772e-01,8.281932473182678223e-01,-8.460105396807193756e-03,-6.878151092678308487e-03,6.769289374351501465e-01,-7.359675765037536621e-01,-1.328317373991012573e-01,5.631909519433975220e-02,-1.233965754508972168e-01,1.771775782108306885e-01,-7.291769981384277344e-02,-8.012353628873825073e-02,-1.386239659041166306e-02,-3.727362304925918579e-02,-2.718932032585144043e-01,8.974052965641021729e-02,-8.769674599170684814e-02,3.254431858658790588e-02,-5.411383509635925293e-02,1.624907702207565308e-01,1.479420214891433716e-01,-2.903240621089935303e-01,-5.035331249237060547e-01,-1.676588356494903564e-01,8.477461338043212891e-02,-1.385470032691955566e-01,1.111932173371315002e-01,-4.671286046504974365e-01,1.274269521236419678e-01,-4.272576794028282166e-02
-1.093721270561218262e+00,-1.833975017070770264e-01,8.282019495964050293e-01,-8.669557981193065643e-03,-7.051186170428991318e-03,6.773018836975097656e-01,-7.356203198432922363e-01,-1.318563371896743774e-01,5.630971118807792664e-02,-1.222067549824714661e-01,1.755090355873107910e-01,-7.282283902168273926e-02,-7.982174307107925415e-02,-1.548410858958959579e-02,-3.767398372292518616e-02,-2.710142135620117188e-01,9.073144197463989258e-02,-8.764753490686416626e-02,3.249780461192131042e-02,-5.440546572208404541e-02,1.613560467958450317e-01,1.493731141090393066e-01,-2.888160943984985352e-01,-5.028157234191894531e-01,-1.650794595479965210e-01,8.406648784875869751e-02,-1.376173645257949829e-01,1.113475784659385681e-01,-4.648017287254333496e-01,1.286550015211105347e-01,-4.283837974071502686e-02
-1.093546867370605469e+00,-1.836138516664505005e-01,8.282111883163452148e-01,-9.245057590305805206e-03,-7.383710239082574844e-03,6.778718233108520508e-01,-7.350848913192749023e-01,-1.317178308963775635e-01,5.594838783144950867e-02,-1.207393631339073181e-01,1.739514023065567017e-01,-7.262688875198364258e-02,-7.948104292154312134e-02,-1.258167903870344162e-02,-3.793353587388992310e-02,-2.705424427986145020e-01,8.837943524122238159e-02,-8.939889073371887207e-02,3.309451043605804443e-02,-5.363390967249870300e-02,1.601679176092147827e-01,1.507743149995803833e-01,-2.871599495410919189e-01,-5.023899674415588379e-01,-1.622938662767410278e-01,8.335467427968978882e-02,-1.367890238761901855e-01,1.114669665694236755e-01,-4.627823531627655029e-01,1.298024952411651611e-01,-4.292198270559310913e-02
-1.093367457389831543e+00,-1.838512718677520752e-01,8.282200694084167480e-01,-9.313693270087242126e-03,-7.376424502581357956e-03,6.782047748565673828e-01,-7.347769141197204590e-01,-1.306830942630767822e-01,5.579122900962829590e-02,-1.197203621268272400e-01,1.729817092418670654e-01,-7.273443043231964111e-02,-7.913078367710113525e-02,-1.365466509014368057e-02,-3.826732933521270752e-02,-2.695716023445129395e-01,8.857238292694091797e-02,-8.873564004898071289e-02,3.298912569880485535e-02,-5.401359125971794128e-02,1.591041088104248047e-01,1.522248983383178711e-01,-2.853724658489227295e-01,-5.015898346900939941e-01,-1.593019366264343262e-01,8.274757117033004761e-02,-1.360768675804138184e-01,1.115403100848197937e-01,-4.605553150177001953e-01,1.309147924184799194e-01,-4.295583069324493408e-02
-1.093165397644042969e+00,-1.840613931417465210e-01,8.282281160354614258e-01,-9.585374966263771057e-03,-7.526013534516096115e-03,6.787201166152954102e-01,-7.342959046363830566e-01,-1.300054490566253662e-01,5.556296184659004211e-02,-1.183715909719467163e-01,1.718225777149200439e-01,-7.271099835634231567e-02,-7.876746356487274170e-02,-1.344038173556327820e-02,-3.859793394804000854e-02,-2.685818970203399658e-01,8.785846829414367676e-02,-8.878158032894134521e-02,3.326259925961494446e-02,-5.410911142826080322e-02,1.581389158964157104e-01,1.536214500665664673e-01,-2.836790680885314941e-01,-5.007846355438232422e-01,-1.567730307579040527e-01,8.223243802785873413e-02,-1.354032903909683228e-01,1.115381345152854919e-01,-4.581057727336883545e-01,1.317161023616790771e-01,-4.294393211603164673e-02
-1.092962265014648438e+00,-1.843199580907821655e-01,8.282330036163330078e-01,-9.810959920287132263e-03,-7.642460521310567856e-03,6.793003082275390625e-01,-7.337549924850463867e-01,-1.291099190711975098e-01,5.539051815867424011e-02,-1.167420372366905212e-01,1.706733852624893188e-01,-7.275686413049697876e-02,-7.842592895030975342e-02,-1.374343503266572952e-02,-3.900817036628723145e-02,-2.673735320568084717e-01,8.786267042160034180e-02,-8.894729614257812500e-02,3.344944491982460022e-02,-5.423589050769805908e-02,1.572923213243484497e-01,1.549051702022552490e-01,-2.819943130016326904e-01,-5.000439882278442383e-01,-1.545396447181701660e-01,8.178117126226425171e-02,-1.347766667604446411e-01,1.114623248577117920e-01,-4.554754793643951416e-01,1.322354972362518311e-01,-4.275928810238838196e-02
-1.092749118804931641e+00,-1.845185011625289917e-01,8.282415270805358887e-01,-9.901335462927818298e-03,-7.686994969844818115e-03,6.798186898231506348e-01,-7.332730889320373535e-01,-1.280761659145355225e-01,5.529928207397460938e-02,-1.151832044124603271e-01,1.696231216192245483e-01,-7.274645566940307617e-02,-7.806311547756195068e-02,-1.593374274671077728e-02,-3.949632123112678528e-02,-2.659652829170227051e-01,8.898343890905380249e-02,-8.816916495561599731e-02,3.329775109887123108e-02,-5.438622832298278809e-02,1.565521955490112305e-01,1.560403108596801758e-01,-2.802616953849792480e-01,-4.993765950202941895e-01,-1.526668071746826172e-01,8.138331770896911621e-02,-1.341950148344039917e-01,1.114055141806602478e-01,-4.530087113380432129e-01,1.327510476112365723e-01,-4.252984747290611267e-02
-1.092546224594116211e+00,-1.847226023674011230e-01,8.282461762428283691e-01,-1.034916751086711884e-02,-8.053466677665710449e-03,6.805296540260314941e-01,-7.326031923294067383e-01,-1.279456764459609985e-01,5.518646538257598877e-02,-1.132713183760643005e-01,1.684853434562683105e-01,-7.266406714916229248e-02,-7.783927768468856812e-02,-1.566796191036701202e-02,-3.984607011079788208e-02,-2.647799253463745117e-01,8.858176320791244507e-02,-8.892399072647094727e-02,3.393405303359031677e-02,-5.397470295429229736e-02,1.558348983526229858e-01,1.570865958929061890e-01,-2.784452438354492188e-01,-4.989839196205139160e-01,-1.505589485168457031e-01,8.104663342237472534e-02,-1.336992532014846802e-01,1.113187149167060852e-01,-4.503440260887145996e-01,1.328998655080795288e-01,-4.225542768836021423e-02
-1.092350482940673828e+00,-1.848665922880172729e-01,8.282561898231506348e-01,-1.059965416789054871e-02,-8.292527869343757629e-03,6.811544895172119141e-01,-7.320160269737243652e-01,-1.276821643114089966e-01,5.519163608551025391e-02,-1.116166189312934875e-01,1.677163541316986084e-01,-7.261261343955993652e-02,-7.758265733718872070e-02,-1.560598239302635193e-02,-3.993941098451614380e-02,-2.639111280441284180e-01,8.746188133955001831e-02,-8.839720487594604492e-02,3.431962803006172180e-02,-5.375983193516731262e-02,1.552260667085647583e-01,1.580781191587448120e-01,-2.765774726867675781e-01,-4.983812570571899414e-01,-1.485550850629806519e-01,8.074814826250076294e-02,-1.331951767206192017e-01,1.112216711044311523e-01,-4.477167427539825439e-01,1.329583376646041870e-01,-4.192769154906272888e-02
-1.092121601104736328e+00,-1.849926561117172241e-01,8.282634615898132324e-01,-1.077507436275482178e-02,-8.469383232295513153e-03,6.816664338111877441e-01,-7.315347194671630859e-01,-1.272926628589630127e-01,5.505607277154922485e-02,-1.102556958794593811e-01,1.669720709323883057e-01,-7.243892550468444824e-02,-7.728858292102813721e-02,-1.804941333830356598e-02,-4.045650362968444824e-02,-2.627441287040710449e-01,8.874868601560592651e-02,-8.766502141952514648e-02,3.436283767223358154e-02,-5.382296442985534668e-02,1.547386497259140015e-01,1.589930057525634766e-01,-2.746461033821105957e-01,-4.976146221160888672e-01,-1.464059948921203613e-01,8.052343875169754028e-02,-1.327007114887237549e-01,1.111323833465576172e-01,-4.450328648090362549e-01,1.329786181449890137e-01,-4.154566302895545959e-02
-1.091909885406494141e+00,-1.851852834224700928e-01,8.282643556594848633e-01,-1.109649427235126495e-02,-8.730707690119743347e-03,6.823162436485290527e-01,-7.309207916259765625e-01,-1.270419061183929443e-01,5.482916906476020813e-02,-1.084919944405555725e-01,1.661190837621688843e-01,-7.231166213750839233e-02,-7.695097476243972778e-02,-1.900549978017807007e-02,-4.104134440422058105e-02,-2.613476812839508057e-01,8.962863683700561523e-02,-8.821217715740203857e-02,3.480539843440055847e-02,-5.370845645666122437e-02,1.543558239936828613e-01,1.598192602396011353e-01,-2.727710604667663574e-01,-4.967908859252929688e-01,-1.442698240280151367e-01,8.037416636943817139e-02,-1.323948055505752563e-01,1.110854819416999817e-01,-4.418400526046752930e-01,1.328377276659011841e-01,-4.110439494252204895e-02
-1.091705083847045898e+00,-1.853044629096984863e-01,8.282976150512695312e-01,-1.130421925336122513e-02,-8.819705806672573090e-03,6.828145980834960938e-01,-7.304510474205017090e-01,-1.265079528093338013e-01,5.465431511402130127e-02,-1.070372462272644043e-01,1.652390807867050171e-01,-7.215137034654617310e-02,-7.662165164947509766e-02,-2.125059440732002258e-02,-4.152270779013633728e-02,-2.598256170749664307e-01,9.052502363920211792e-02,-8.726402372121810913e-02,3.485320881009101868e-02,-5.351098254323005676e-02,1.540580689907073975e-01,1.605900824069976807e-01,-2.709540426731109619e-01,-4.961309731006622314e-01,-1.422996222972869873e-01,8.020877093076705933e-02,-1.321176290512084961e-01,1.111530363559722900e-01,-4.390434324741363525e-01,1.326722651720046997e-01,-4.071743041276931763e-02
-1.091452836990356445e+00,-1.853983104228973389e-01,8.283162117004394531e-01,-1.160319149494171143e-02,-8.984451182186603546e-03,6.834497451782226562e-01,-7.298500537872314453e-01,-1.261747181415557861e-01,5.437455326318740845e-02,-1.052344441413879395e-01,1.643569320440292358e-01,-7.202085852622985840e-02,-7.622373849153518677e-02,-2.283424697816371918e-02,-4.224180057644844055e-02,-2.582873702049255371e-01,9.186706691980361938e-02,-8.758711069822311401e-02,3.521857410669326782e-02,-5.325510725378990173e-02,1.539104431867599487e-01,1.612547487020492554e-01,-2.692151963710784912e-01,-4.955060780048370361e-01,-1.402399390935897827e-01,8.015133440494537354e-02,-1.318814605474472046e-01,1.113617196679115295e-01,-4.359183907508850098e-01,1.324851661920547485e-01,-4.038288816809654236e-02
-1.091216444969177246e+00,-1.855348646640777588e-01,8.283469676971435547e-01,-1.194160804152488708e-02,-9.227689355611801147e-03,6.841691732406616211e-01,-7.291672229766845703e-01,-1.259146779775619507e-01,5.418156459927558899e-02,-1.034208908677101135e-01,1.634682267904281616e-01,-7.196058332920074463e-02,-7.592131197452545166e-02,-2.282561734318733215e-02,-4.259472712874412537e-02,-2.569400668144226074e-01,9.127250313758850098e-02,-8.769062161445617676e-02,3.567242249846458435e-02,-5.278869718313217163e-02,1.538522094488143921e-01,1.618614941835403442e-01,-2.674722075462341309e-01,-4.949443638324737549e-01,-1.380869001150131226e-01,7.999821752309799194e-02,-1.317646354436874390e-01,1.116505190730094910e-01,-4.336373507976531982e-01,1.324494481086730957e-01,-3.993067145347595215e-02
-1.090963721275329590e+00,-1.856292337179183960e-01,8.283810019493103027e-01,-1.214632857590913773e-02,-9.334012866020202637e-03,6.847751736640930176e-01,-7.285934090614318848e-01,-1.253439188003540039e-01,5.389395356178283691e-02,-1.018442362546920776e-01,1.625927239656448364e-01,-7.179816067218780518e-02,-7.560376822948455811e-02,-2.421271800994873047e-02,-4.308157786726951599e-02,-2.554503679275512695e-01,9.150554984807968140e-02,-8.702348917722702026e-02,3.576067835092544556e-02,-5.267295613884925842e-02,1.539767235517501831e-01,1.624309718608856201e-01,-2.657916843891143799e-01,-4.942910075187683105e-01,-1.360394209623336792e-01,7.995514571666717529e-02,-1.317083537578582764e-01,1.120154038071632385e-01,-4.312519133090972900e-01,1.324408650398254395e-01,-3.948813676834106445e-02
-1.090726971626281738e+00,-1.857689917087554932e-01,8.284215331077575684e-01,-1.245500054210424423e-02,-9.540916420519351959e-03,6.854445338249206543e-01,-7.279557585716247559e-01,-1.249571368098258972e-01,5.365175753831863403e-02,-1.001197919249534607e-01,1.615880876779556274e-01,-7.156001776456832886e-02,-7.531891018152236938e-02,-2.500195056200027466e-02,-4.350458830595016479e-02,-2.537986934185028076e-01,9.143444150686264038e-02,-8.684711903333663940e-02,3.600475564599037170e-02,-5.249538272619247437e-02,1.541599482297897339e-01,1.629353910684585571e-01,-2.641111612319946289e-01,-4.938141405582427979e-01,-1.341109871864318848e-01,7.986661046743392944e-02,-1.317721605300903320e-01,1.124257296323776245e-01,-4.293958842754364014e-01,1.325219720602035522e-01,-3.899130225181579590e-02
-1.090458035469055176e+00,-1.858205348253250122e-01,8.284494876861572266e-01,-1.262480858713388443e-02,-9.587103500962257385e-03,6.860838532447814941e-01,-7.273497581481933594e-01,-1.243208870291709900e-01,5.333892256021499634e-02,-9.835416078567504883e-02,1.607637554407119751e-01,-7.142337411642074585e-02,-7.491753250360488892e-02,-2.660307101905345917e-02,-4.419983178377151489e-02,-2.521091699600219727e-01,9.263772517442703247e-02,-8.676918596029281616e-02,3.623502701520919800e-02,-5.243726074695587158e-02,1.544126421213150024e-01,1.634143590927124023e-01,-2.623881399631500244e-01,-4.932971298694610596e-01,-1.323376148939132690e-01,7.987676560878753662e-02,-1.319534033536911011e-01,1.129559725522994995e-01,-4.276446700096130371e-01,1.327146589756011963e-01,-3.834728896617889404e-02
-1.090245127677917480e+00,-1.859113425016403198e-01,8.284806609153747559e-01,-1.287432853132486343e-02,-9.794180281460285187e-03,6.866587400436401367e-01,-7.267999053001403809e-01,-1.239434778690338135e-01,5.318372696638107300e-02,-9.670945256948471069e-02,1.597122550010681152e-01,-7.116416841745376587e-02,-7.463034987449645996e-02,-2.782862633466720581e-02,-4.461334645748138428e-02,-2.505787014961242676e-01,9.313632547855377197e-02,-8.660740405321121216e-02,3.646181523799896240e-02,-5.220443382859230042e-02,1.548200994729995728e-01,1.638039350509643555e-01,-2.607632279396057129e-01,-4.925975501537322998e-01,-1.306846290826797485e-01,7.998730987310409546e-02,-1.322400122880935669e-01,1.134776175022125244e-01,-4.255697131156921387e-01,1.326783448457717896e-01,-3.766091912984848022e-02
-1.090017199516296387e+00,-1.860309839248657227e-01,8.285031318664550781e-01,-1.315317396074533463e-02,-9.970601648092269897e-03,6.872578263282775879e-01,-7.262260317802429199e-01,-1.233866736292839050e-01,5.298195406794548035e-02,-9.514429420232772827e-02,1.584938019514083862e-01,-7.091241329908370972e-02,-7.427548617124557495e-02,-2.885687910020351410e-02,-4.506514221429824829e-02,-2.491435110569000244e-01,9.352906048297882080e-02,-8.646560460329055786e-02,3.688264638185501099e-02,-5.198609828948974609e-02,1.552856266498565674e-01,1.641006618738174438e-01,-2.591900229454040527e-01,-4.919517636299133301e-01,-1.291097104549407959e-01,8.008844405412673950e-02,-1.326113045215606689e-01,1.139042228460311890e-01,-4.236620664596557617e-01,1.326300650835037231e-01,-3.702171519398689270e-02
-1.089821457862854004e+00,-1.861101835966110229e-01,8.285175561904907227e-01,-1.335333846509456635e-02,-1.012251432985067368e-02,6.877830624580383301e-01,-7.257229089736938477e-01,-1.228729709982872009e-01,5.281457677483558655e-02,-9.360209852457046509e-02,1.573906391859054565e-01,-7.072160392999649048e-02,-7.405272871255874634e-02,-2.932638116180896759e-02,-4.543980211019515991e-02,-2.481214106082916260e-01,9.356334060430526733e-02,-8.650904893875122070e-02,3.710436448454856873e-02,-5.165833607316017151e-02,1.557833254337310791e-01,1.643842011690139771e-01,-2.576820254325866699e-01,-4.914176166057586670e-01,-1.276976019144058228e-01,8.023283630609512329e-02,-1.330440640449523926e-01,1.142263114452362061e-01,-4.216087758541107178e-01,1.324464082717895508e-01,-3.648788481950759888e-02
-1.089633584022521973e+00,-1.862098574638366699e-01,8.285447955131530762e-01,-1.354409940540790558e-02,-1.029554754495620728e-02,6.882050037384033203e-01,-7.253167629241943359e-01,-1.224502995610237122e-01,5.279348418116569519e-02,-9.211943298578262329e-02,1.564275175333023071e-01,-7.065773755311965942e-02,-7.384616136550903320e-02,-3.015901334583759308e-02,-4.559252411127090454e-02,-2.469694018363952637e-01,9.315639734268188477e-02,-8.584494143724441528e-02,3.717494010925292969e-02,-5.160255730152130127e-02,1.563484221696853638e-01,1.647196114063262939e-01,-2.562548816204071045e-01,-4.907444119453430176e-01,-1.264835745096206665e-01,8.042924851179122925e-02,-1.334958076477050781e-01,1.144739463925361633e-01,-4.193443357944488525e-01,1.320486962795257568e-01,-3.598706424236297607e-02
-1.089406728744506836e+00,-1.862700432538986206e-01,8.285595178604125977e-01,-1.380790676921606064e-02,-1.044004224240779877e-02,6.886442899703979492e-01,-7.248926758766174316e-01,-1.222256496548652649e-01,5.248756706714630127e-02,-9.078689664602279663e-02,1.556029915809631348e-01,-7.048421353101730347e-02,-7.361279428005218506e-02,-3.058079816401004791e-02,-4.605470597743988037e-02,-2.460032105445861816e-01,9.321148693561553955e-02,-8.596665412187576294e-02,3.747102245688438416e-02,-5.128443241119384766e-02,1.569133549928665161e-01,1.650558412075042725e-01,-2.549288570880889893e-01,-4.902922511100769043e-01,-1.254138797521591187e-01,8.062221854925155640e-02,-1.340923756361007690e-01,1.147516220808029175e-01,-4.173622429370880127e-01,1.314883083105087280e-01,-3.560999780893325806e-02
-1.089154839515686035e+00,-1.863755285739898682e-01,8.285785913467407227e-01,-1.410106755793094635e-02,-1.073439884930849075e-02,6.890234947204589844e-01,-7.245222926139831543e-01,-1.223193854093551636e-01,5.219454318284988403e-02,-8.948542177677154541e-02,1.548451930284500122e-01,-7.034092396497726440e-02,-7.336430251598358154e-02,-3.155563399195671082e-02,-4.652967676520347595e-02,-2.449534237384796143e-01,9.306390583515167236e-02,-8.576180785894393921e-02,3.764887154102325439e-02,-5.118166282773017883e-02,1.575677394866943359e-01,1.653701663017272949e-01,-2.537178993225097656e-01,-4.897586107254028320e-01,-1.243344545364379883e-01,8.080890029668807983e-02,-1.348666548728942871e-01,1.148836687207221985e-01,-4.151605963706970215e-01,1.306517571210861206e-01,-3.527642786502838135e-02
-1.088958501815795898e+00,-1.864325851202011108e-01,8.285917043685913086e-01,-1.436926424503326416e-02,-1.085882913321256638e-02,6.893566846847534180e-01,-7.241981625556945801e-01,-1.223964244127273560e-01,5.202470347285270691e-02,-8.833173662424087524e-02,1.543376743793487549e-01,-7.023049145936965942e-02,-7.322429120540618896e-02,-3.264746069908142090e-02,-4.686795547604560852e-02,-2.440667450428009033e-01,9.336582571268081665e-02,-8.534421026706695557e-02,3.800047188997268677e-02,-5.101005360484123230e-02,1.582621484994888306e-01,1.656485348939895630e-01,-2.525518238544464111e-01,-4.890705943107604980e-01,-1.232083365321159363e-01,8.094206452369689941e-02,-1.356485188007354736e-01,1.148913875222206116e-01,-4.132173061370849609e-01,1.296659559011459351e-01,-3.486863523721694946e-02
-1.088746547698974609e+00,-1.864743679761886597e-01,8.285948038101196289e-01,-1.456368435174226761e-02,-1.101508643478155136e-02,6.896703243255615234e-01,-7.238932251930236816e-01,-1.223427578806877136e-01,5.170648172497749329e-02,-8.749671280384063721e-02,1.538285017013549805e-01,-7.015170902013778687e-02,-7.298076897859573364e-02,-3.401688113808631897e-02,-4.726858809590339661e-02,-2.429387867450714111e-01,9.403553605079650879e-02,-8.511660248041152954e-02,3.828222677111625671e-02,-5.093175172805786133e-02,1.589703261852264404e-01,1.659447401762008667e-01,-2.514382898807525635e-01,-4.883229732513427734e-01,-1.221213564276695251e-01,8.117554336786270142e-02,-1.364906728267669678e-01,1.148758381605148315e-01,-4.107873141765594482e-01,1.286499500274658203e-01,-3.444055095314979553e-02
-1.088534951210021973e+00,-1.865015476942062378e-01,8.285965919494628906e-01,-1.478501502424478531e-02,-1.114443410187959671e-02,6.899851560592651367e-01,-7.235866785049438477e-01,-1.223207712173461914e-01,5.146964266896247864e-02,-8.631357550621032715e-02,1.534875184297561646e-01,-7.018751651048660278e-02,-7.279581576585769653e-02,-3.468990325927734375e-02,-4.772255197167396545e-02,-2.420098781585693359e-01,9.443151950836181641e-02,-8.533802628517150879e-02,3.856067359447479248e-02,-5.086858570575714111e-02,1.596194952726364136e-01,1.662339419126510620e-01,-2.502456307411193848e-01,-4.877902269363403320e-01,-1.210391223430633545e-01,8.133583515882492065e-02,-1.373637765645980835e-01,1.148807629942893982e-01,-4.089876711368560791e-01,1.277436763048171997e-01,-3.415258973836898804e-02
-1.088356137275695801e+00,-1.865292042493820190e-01,8.286071419715881348e-01,-1.491866912692785263e-02,-1.118967588990926743e-02,6.902104616165161133e-01,-7.233683466911315918e-01,-1.222174018621444702e-01,5.119379237294197083e-02,-8.555681258440017700e-02,1.530852615833282471e-01,-7.012144476175308228e-02,-7.270261645317077637e-02,-3.514799103140830994e-02,-4.816403985023498535e-02,-2.415155023336410522e-01,9.456758946180343628e-02,-8.527684956789016724e-02,3.876604884862899780e-02,-5.056530237197875977e-02,1.602544188499450684e-01,1.665261089801788330e-01,-2.492332458496093750e-01,-4.874071180820465088e-01,-1.204924732446670532e-01,8.152987062931060791e-02,-1.381578743457794189e-01,1.148887053132057190e-01,-4.077077805995941162e-01,1.270914524793624878e-01,-3.394808620214462280e-02
-1.088136434555053711e+00,-1.865571886301040649e-01,8.286112546920776367e-01,-1.504911761730909348e-02,-1.118506211787462234e-02,6.904423236846923828e-01,-7.231444120407104492e-01,-1.219099685549736023e-01,5.080845952033996582e-02,-8.479193598031997681e-02,1.524926722049713135e-01,-6.998691707849502563e-02,-7.256557047367095947e-02,-3.557969257235527039e-02,-4.861508309841156006e-02,-2.405648678541183472e-01,9.447752684354782104e-02,-8.492853492498397827e-02,3.897181898355484009e-02,-5.063909664750099182e-02,1.609572619199752808e-01,1.667756885290145874e-01,-2.480976134538650513e-01,-4.867355823516845703e-01,-1.196072697639465332e-01,8.183475583791732788e-02,-1.390521526336669922e-01,1.146458387374877930e-01,-4.056168198585510254e-01,1.259777396917343140e-01,-3.379853814840316772e-02
-1.087932586669921875e+00,-1.865858733654022217e-01,8.286167383193969727e-01,-1.520349364727735519e-02,-1.124255266040563583e-02,6.907048225402832031e-01,-7.228896021842956543e-01,-1.218283176422119141e-01,5.050508677959442139e-02,-8.423551917076110840e-02,1.519925296306610107e-01,-6.985630095005035400e-02,-7.231876999139785767e-02,-3.559766709804534912e-02,-4.899361357092857361e-02,-2.400035709142684937e-01,9.417321532964706421e-02,-8.481732010841369629e-02,3.927450627088546753e-02,-5.019886419177055359e-02,1.616591960191726685e-01,1.669403016567230225e-01,-2.469267696142196655e-01,-4.861522614955902100e-01,-1.188286542892456055e-01,8.210542798042297363e-02,-1.400126069784164429e-01,1.143653169274330139e-01,-4.038148820400238037e-01,1.249714642763137817e-01,-3.358890488743782043e-02
-1.087745428085327148e+00,-1.866159141063690186e-01,8.286221623420715332e-01,-1.531770359724760056e-02,-1.126519683748483658e-02,6.908641457557678223e-01,-7.227345108985900879e-01,-1.215492859482765198e-01,5.015188083052635193e-02,-8.380673825740814209e-02,1.515635102987289429e-01,-6.977763772010803223e-02,-7.223585247993469238e-02,-3.652153164148330688e-02,-4.953106492757797241e-02,-2.394070178270339966e-01,9.536553174257278442e-02,-8.518029004335403442e-02,3.953795880079269409e-02,-5.033053085207939148e-02,1.622902899980545044e-01,1.671004742383956909e-01,-2.460268735885620117e-01,-4.856841862201690674e-01,-1.184824034571647644e-01,8.245085924863815308e-02,-1.408532857894897461e-01,1.141330376267433167e-01,-4.028332233428955078e-01,1.245685815811157227e-01,-3.346341848373413086e-02
-1.087582349777221680e+00,-1.866340339183807373e-01,8.286269903182983398e-01,-1.548761688172817230e-02,-1.131396181881427765e-02,6.910874247550964355e-01,-7.225166559219360352e-01,-1.213609501719474792e-01,4.977560415863990784e-02,-8.314395695924758911e-02,1.509468555450439453e-01,-6.958777457475662231e-02,-7.213228195905685425e-02,-3.664520382881164551e-02,-4.986670613288879395e-02,-2.389512807130813599e-01,9.480006247758865356e-02,-8.485344797372817993e-02,3.970861062407493591e-02,-5.013398826122283936e-02,1.630718857049942017e-01,1.672705411911010742e-01,-2.448361515998840332e-01,-4.848178923130035400e-01,-1.176650226116180420e-01,8.278547227382659912e-02,-1.419368833303451538e-01,1.138413324952125549e-01,-4.009607136249542236e-01,1.236089542508125305e-01,-3.321228921413421631e-02
-1.087378501892089844e+00,-1.866377294063568115e-01,8.286272287368774414e-01,-1.554154977202415466e-02,-1.129584480077028275e-02,6.912297010421752930e-01,-7.223796844482421875e-01,-1.209733039140701294e-01,4.948803782463073730e-02,-8.249718695878982544e-02,1.504684686660766602e-01,-6.946045905351638794e-02,-7.207669317722320557e-02,-3.723571449518203735e-02,-5.033672973513603210e-02,-2.387442886829376221e-01,9.532418102025985718e-02,-8.472894132137298584e-02,3.986786678433418274e-02,-5.017986893653869629e-02,1.637029051780700684e-01,1.673882752656936646e-01,-2.439686805009841919e-01,-4.845055937767028809e-01,-1.173342391848564148e-01,8.316148072481155396e-02,-1.427970975637435913e-01,1.135544553399085999e-01,-3.999806940555572510e-01,1.231900602579116821e-01,-3.308391571044921875e-02
-1.087248086929321289e+00,-1.866391450166702271e-01,8.286285400390625000e-01,-1.567186042666435242e-02,-1.135632023215293884e-02,6.913437247276306152e-01,-7.222667336463928223e-01,-1.207922920584678650e-01,4.929724335670471191e-02,-8.191628009080886841e-02,1.498599052429199219e-01,-6.929271668195724487e-02,-7.205583900213241577e-02,-3.763763979077339172e-02,-5.067383497953414917e-02,-2.384993433952331543e-01,9.568072110414505005e-02,-8.491491526365280151e-02,4.005380347371101379e-02,-5.009479075670242310e-02,1.643940359354019165e-01,1.674690097570419312e-01,-2.431025356054306030e-01,-4.841484129428863525e-01,-1.169262230396270752e-01,8.349385112524032593e-02,-1.438043117523193359e-01,1.131640523672103882e-01,-3.990663290023803711e-01,1.227576211094856262e-01,-3.295740112662315369e-02
-1.087101817131042480e+00,-1.866400539875030518e-01,8.286399841308593750e-01,-1.576793566346168518e-02,-1.138403452932834625e-02,6.914628148078918457e-01,-7.221502065658569336e-01,-1.205496862530708313e-01,4.907201230525970459e-02,-8.132748305797576904e-02,1.493214070796966553e-01,-6.912025064229965210e-02,-7.195408642292022705e-02,-3.785594180226325989e-02,-5.098911374807357788e-02,-2.380398958921432495e-01,9.567437320947647095e-02,-8.486993610858917236e-02,4.010377824306488037e-02,-5.005858838558197021e-02,1.651986092329025269e-01,1.674983352422714233e-01,-2.420550137758255005e-01,-4.838449954986572266e-01,-1.162832304835319519e-01,8.381940424442291260e-02,-1.448507010936737061e-01,1.127220466732978821e-01,-3.978252410888671875e-01,1.221820414066314697e-01,-3.279430419206619263e-02
-1.086955070495605469e+00,-1.866399198770523071e-01,8.286446332931518555e-01,-1.583707146346569061e-02,-1.139586418867111206e-02,6.915950179100036621e-01,-7.220219373703002930e-01,-1.202786117792129517e-01,4.884086549282073975e-02,-8.082464337348937988e-02,1.488080322742462158e-01,-6.898252665996551514e-02,-7.184188812971115112e-02,-3.813016042113304138e-02,-5.122343450784683228e-02,-2.375142425298690796e-01,9.555687010288238525e-02,-8.467160165309906006e-02,4.010532423853874207e-02,-4.999986663460731506e-02,1.659946739673614502e-01,1.675025671720504761e-01,-2.410481870174407959e-01,-4.835997223854064941e-01,-1.157140657305717468e-01,8.423426002264022827e-02,-1.458280384540557861e-01,1.122958511114120483e-01,-3.966622054576873779e-01,1.218697503209114075e-01,-3.262191638350486755e-02
-1.086792111396789551e+00,-1.866387277841567993e-01,8.286452889442443848e-01,-1.593681238591670990e-02,-1.139537524431943893e-02,6.916862726211547852e-01,-7.219322919845581055e-01,-1.201107576489448547e-01,4.853823035955429077e-02,-8.041291683912277222e-02,1.483959704637527466e-01,-6.885775178670883179e-02,-7.176651060581207275e-02,-3.859162703156471252e-02,-5.161579325795173645e-02,-2.369820326566696167e-01,9.603764116764068604e-02,-8.484844118356704712e-02,4.026167094707489014e-02,-4.993870854377746582e-02,1.667093634605407715e-01,1.675098389387130737e-01,-2.402133941650390625e-01,-4.833124279975891113e-01,-1.152705624699592590e-01,8.474027365446090698e-02,-1.467185169458389282e-01,1.118942350149154663e-01,-3.957078158855438232e-01,1.217108219861984253e-01,-3.250154852867126465e-02
-1.086661458015441895e+00,-1.866370439529418945e-01,8.286473155021667480e-01,-1.602684706449508667e-02,-1.141595933586359024e-02,6.918310523033142090e-01,-7.217912077903747559e-01,-1.199715360999107361e-01,4.833330214023590088e-02,-7.982789725065231323e-02,1.480119824409484863e-01,-6.871771812438964844e-02,-7.174940407276153564e-02,-3.890651091933250427e-02,-5.189692229032516479e-02,-2.366668879985809326e-01,9.606393426656723022e-02,-8.474067598581314087e-02,4.032041504979133606e-02,-4.974573850631713867e-02,1.674482077360153198e-01,1.675461679697036743e-01,-2.393458932638168335e-01,-4.830395281314849854e-01,-1.147556155920028687e-01,8.520335704088211060e-02,-1.477091908454895020e-01,1.114586666226387024e-01,-3.948524296283721924e-01,1.215087398886680603e-01,-3.238826990127563477e-02
-1.086482524871826172e+00,-1.866349726915359497e-01,8.286538720130920410e-01,-1.607118174433708191e-02,-1.140495203435420990e-02,6.919633150100708008e-01,-7.216636538505554199e-01,-1.197459027171134949e-01,4.812785238027572632e-02,-7.924681901931762695e-02,1.476612836122512817e-01,-6.873439997434616089e-02,-7.178302854299545288e-02,-3.909128159284591675e-02,-5.222603306174278259e-02,-2.362276464700698853e-01,9.638519585132598877e-02,-8.479866385459899902e-02,4.054262861609458923e-02,-4.972819238901138306e-02,1.681693494319915771e-01,1.675951033830642700e-01,-2.384863644838333130e-01,-4.828500747680664062e-01,-1.142472028732299805e-01,8.562900871038436890e-02,-1.486950963735580444e-01,1.110255420207977295e-01,-3.941589295864105225e-01,1.212873458862304688e-01,-3.227253258228302002e-02
-1.086368203163146973e+00,-1.866335272789001465e-01,8.286519050598144531e-01,-1.607263833284378052e-02,-1.133805047720670700e-02,6.920003890991210938e-01,-7.216291427612304688e-01,-1.196142584085464478e-01,4.794203490018844604e-02,-7.870360463857650757e-02,1.475012600421905518e-01,-6.872531026601791382e-02,-7.183583080768585205e-02,-3.929281979799270630e-02,-5.235517024993896484e-02,-2.357500195503234863e-01,9.652972966432571411e-02,-8.480878919363021851e-02,4.067745432257652283e-02,-4.968533292412757874e-02,1.688938736915588379e-01,1.676278561353683472e-01,-2.376132607460021973e-01,-4.826827347278594971e-01,-1.137455925345420837e-01,8.607120811939239502e-02,-1.496366262435913086e-01,1.105772480368614197e-01,-3.934865593910217285e-01,1.210454478859901428e-01,-3.215042501688003540e-02
-1.086230039596557617e+00,-1.866317987442016602e-01,8.286520242691040039e-01,-1.608971133828163147e-02,-1.131592877209186554e-02,6.921381950378417969e-01,-7.214969396591186523e-01,-1.193577498197555542e-01,4.776463657617568970e-02,-7.839202880859375000e-02,1.472844183444976807e-01,-6.874271482229232788e-02,-7.182547450065612793e-02,-3.944875672459602356e-02,-5.259687080979347229e-02,-2.351781278848648071e-01,9.670704603195190430e-02,-8.487512171268463135e-02,4.070578143000602722e-02,-4.965277761220932007e-02,1.696433722972869873e-01,1.677070111036300659e-01,-2.367725372314453125e-01,-4.825149178504943848e-01,-1.133011281490325928e-01,8.654047548770904541e-02,-1.505725234746932983e-01,1.101146712899208069e-01,-3.928574919700622559e-01,1.207613945007324219e-01,-3.202474489808082581e-02
-1.086092114448547363e+00,-1.866316497325897217e-01,8.286557197570800781e-01,-1.616642065346240997e-02,-1.137620303779840469e-02,6.921856403350830078e-01,-7.214487195014953613e-01,-1.194286644458770752e-01,4.756190255284309387e-02,-7.776299864053726196e-02,1.470825821161270142e-01,-6.880037486553192139e-02,-7.195886969566345215e-02,-3.949659690260887146e-02,-5.289159342646598816e-02,-2.346572130918502808e-01,9.636797010898590088e-02,-8.477046340703964233e-02,4.073249921202659607e-02,-4.977247864007949829e-02,1.703815311193466187e-01,1.678604185581207275e-01,-2.359513044357299805e-01,-4.823812544345855713e-01,-1.128962561488151550e-01,8.706546574831008911e-02,-1.514529138803482056e-01,1.096409335732460022e-01,-3.921979963779449463e-01,1.204205751419067383e-01,-3.192266076803207397e-02
-1.085993885993957520e+00,-1.866303980350494385e-01,8.286590576171875000e-01,-1.622700504958629608e-02,-1.137309987097978592e-02,6.922857165336608887e-01,-7.213513851165771484e-01,-1.193762347102165222e-01,4.741821438074111938e-02,-7.755082845687866211e-02,1.469238400459289551e-01,-6.873207539319992065e-02,-7.188508659601211548e-02,-3.982470557093620300e-02,-5.307047814130783081e-02,-2.341201454401016235e-01,9.640917927026748657e-02,-8.460851758718490601e-02,4.069663584232330322e-02,-4.958900809288024902e-02,1.711401343345642090e-01,1.679722964763641357e-01,-2.351174950599670410e-01,-4.822148978710174561e-01,-1.124461442232131958e-01,8.762235939502716064e-02,-1.523419469594955444e-01,1.092144399881362915e-01,-3.915121853351593018e-01,1.200984567403793335e-01,-3.183533623814582825e-02
-1.085896372795104980e+00,-1.866230964660644531e-01,8.286700844764709473e-01,-1.629292778670787811e-02,-1.141647435724735260e-02,6.923587918281555176e-01,-7.212790250778198242e-01,-1.193033903837203979e-01,4.728335142135620117e-02,-7.718288153409957886e-02,1.466044187545776367e-01,-6.869981437921524048e-02,-7.193388044834136963e-02,-4.005424305796623230e-02,-5.333972722291946411e-02,-2.336963415145874023e-01,9.649441391229629517e-02,-8.456728607416152954e-02,4.063969850540161133e-02,-4.955826327204704285e-02,1.719432473182678223e-01,1.681176871061325073e-01,-2.343697249889373779e-01,-4.820316433906555176e-01,-1.120105460286140442e-01,8.815710246562957764e-02,-1.531391590833663940e-01,1.088022813200950623e-01,-3.909151554107666016e-01,1.197612285614013672e-01,-3.174935281276702881e-02
-1.085790395736694336e+00,-1.865874230861663818e-01,8.286696076393127441e-01,-1.633211039006710052e-02,-1.140687894076108932e-02,6.924624443054199219e-01,-7.211788296699523926e-01,-1.190586835145950317e-01,4.711107164621353149e-02,-7.688484340906143188e-02,1.462179124355316162e-01,-6.859856843948364258e-02,-7.191979885101318359e-02,-4.031108319759368896e-02,-5.348052829504013062e-02,-2.331162095069885254e-01,9.679272770881652832e-02,-8.456890285015106201e-02,4.063263162970542908e-02,-4.950677976012229919e-02,1.727211028337478638e-01,1.682302951812744141e-01,-2.336132377386093140e-01,-4.819368124008178711e-01,-1.115287914872169495e-01,8.872497826814651489e-02,-1.539165675640106201e-01,1.084522604942321777e-01,-3.903104364871978760e-01,1.194165721535682678e-01,-3.165332973003387451e-02
-1.085684657096862793e+00,-1.865418851375579834e-01,8.286726474761962891e-01,-1.638522930443286896e-02,-1.143598742783069611e-02,6.926426887512207031e-01,-7.210040688514709473e-01,-1.188935637474060059e-01,4.697775840759277344e-02,-7.647956162691116333e-02,1.459098905324935913e-01,-6.850329041481018066e-02,-7.190646976232528687e-02,-4.026438295841217041e-02,-5.362446233630180359e-02,-2.326076328754425049e-01,9.634713828563690186e-02,-8.442586660385131836e-02,4.075733572244644165e-02,-4.941397160291671753e-02,1.735218316316604614e-01,1.683622747659683228e-01,-2.328915148973464966e-01,-4.818214476108551025e-01,-1.110383123159408569e-01,8.923967182636260986e-02,-1.546794772148132324e-01,1.081669256091117859e-01,-3.899121880531311035e-01,1.190941333770751953e-01,-3.154059499502182007e-02
-1.085602760314941406e+00,-1.865085214376449585e-01,8.286746144294738770e-01,-1.639971882104873657e-02,-1.142852567136287689e-02,6.927525401115417480e-01,-7.208983302116394043e-01,-1.186899095773696899e-01,4.687488451600074768e-02,-7.602109760046005249e-02,1.456629633903503418e-01,-6.851381808519363403e-02,-7.197111099958419800e-02,-4.050135985016822815e-02,-5.374401435256004333e-02,-2.321383804082870483e-01,9.636180102825164795e-02,-8.429186791181564331e-02,4.071376845240592957e-02,-4.936818778514862061e-02,1.743254661560058594e-01,1.685357987880706787e-01,-2.321413457393646240e-01,-4.816583693027496338e-01,-1.105347573757171631e-01,8.978756517171859741e-02,-1.553427577018737793e-01,1.079048588871955872e-01,-3.895038366317749023e-01,1.187477484345436096e-01,-3.141568228602409363e-02
-1.085488557815551758e+00,-1.864809393882751465e-01,8.286775946617126465e-01,-1.640732586383819580e-02,-1.142180245369672775e-02,6.929631829261779785e-01,-7.206957340240478516e-01,-1.185544878244400024e-01,4.677978530526161194e-02,-7.558153569698333740e-02,1.453647911548614502e-01,-6.841826438903808594e-02,-7.200659066438674927e-02,-4.078893363475799561e-02,-5.389818921685218811e-02,-2.315844744443893433e-01,9.625240415334701538e-02,-8.405639976263046265e-02,4.072746634483337402e-02,-4.929822683334350586e-02,1.751077175140380859e-01,1.687658280134201050e-01,-2.313954085111618042e-01,-4.815184175968170166e-01,-1.100422814488410950e-01,9.033054858446121216e-02,-1.560045778751373291e-01,1.076807975769042969e-01,-3.891213536262512207e-01,1.184209361672401428e-01,-3.126874938607215881e-02
-1.085422754287719727e+00,-1.864587664604187012e-01,8.286851048469543457e-01,-1.643107831478118896e-02,-1.141677144914865494e-02,6.931196451187133789e-01,-7.205448150634765625e-01,-1.183324605226516724e-01,4.672266915440559387e-02,-7.512024044990539551e-02,1.451650559902191162e-01,-6.840717047452926636e-02,-7.201453298330307007e-02,-4.104354605078697205e-02,-5.405113846063613892e-02,-2.310711294412612915e-01,9.679131954908370972e-02,-8.431513607501983643e-02,4.059061780571937561e-02,-4.918020591139793396e-02,1.758566796779632568e-01,1.689963340759277344e-01,-2.306287586688995361e-01,-4.813912510871887207e-01,-1.095228567719459534e-01,9.084034711122512817e-02,-1.566711813211441040e-01,1.075135469436645508e-01,-3.888397216796875000e-01,1.181125640869140625e-01,-3.112644329667091370e-02
-1.085357546806335449e+00,-1.864365339279174805e-01,8.286859989166259766e-01,-1.643955707550048828e-02,-1.140525564551353455e-02,6.932907104492187500e-01,-7.203801870346069336e-01,-1.181675866246223450e-01,4.663821682333946228e-02,-7.474236935377120972e-02,1.449000388383865356e-01,-6.836908310651779175e-02,-7.200720161199569702e-02,-4.135081171989440918e-02,-5.419024080038070679e-02,-2.305507510900497437e-01,9.701348841190338135e-02,-8.431369066238403320e-02,4.056487977504730225e-02,-4.908966645598411560e-02,1.766000986099243164e-01,1.692328304052352905e-01,-2.298659682273864746e-01,-4.812272489070892334e-01,-1.090177968144416809e-01,9.132514148950576782e-02,-1.573206782341003418e-01,1.073610931634902954e-01,-3.885956108570098877e-01,1.178176701068878174e-01,-3.100482933223247528e-02
-1.085300326347351074e+00,-1.864008903503417969e-01,8.286877870559692383e-01,-1.645707525312900543e-02,-1.140824146568775177e-02,6.934457421302795410e-01,-7.202305197715759277e-01,-1.180014908313751221e-01,4.658843949437141418e-02,-7.428681850433349609e-02,1.446687430143356323e-01,-6.832528114318847656e-02,-7.199579477310180664e-02,-4.151236265897750854e-02,-5.429832264780998230e-02,-2.301477342844009399e-01,9.693550318479537964e-02,-8.416032046079635620e-02,4.059693589806556702e-02,-4.890774190425872803e-02,1.773283481597900391e-01,1.694554686546325684e-01,-2.290870249271392822e-01,-4.810369014739990234e-01,-1.085107699036598206e-01,9.174613654613494873e-02,-1.579698622226715088e-01,1.072159558534622192e-01,-3.884775042533874512e-01,1.175767630338668823e-01,-3.087836131453514099e-02
-1.085235118865966797e+00,-1.863588541746139526e-01,8.286898732185363770e-01,-1.646574959158897400e-02,-1.140580326318740845e-02,6.936190724372863770e-01,-7.200634479522705078e-01,-1.177957057952880859e-01,4.657171666622161865e-02,-7.378923147916793823e-02,1.444036066532135010e-01,-6.831241399049758911e-02,-7.198742032051086426e-02,-4.161197319626808167e-02,-5.436317995190620422e-02,-2.297551035881042480e-01,9.677236527204513550e-02,-8.388429880142211914e-02,4.062222689390182495e-02,-4.879520460963249207e-02,1.780454814434051514e-01,1.696560680866241455e-01,-2.283249646425247192e-01,-4.808731675148010254e-01,-1.080284863710403442e-01,9.211464226245880127e-02,-1.586263626813888550e-01,1.070939898490905762e-01,-3.884516358375549316e-01,1.173832938075065613e-01,-3.070783056318759918e-02
-1.085185885429382324e+00,-1.863260120153427124e-01,8.286911249160766602e-01,-1.645168848335742950e-02,-1.138649974018335342e-02,6.937738060951232910e-01,-7.199149727821350098e-01,-1.175491437315940857e-01,4.652759060263633728e-02,-7.331731170415878296e-02,1.441499143838882446e-01,-6.832496821880340576e-02,-7.199983298778533936e-02,-4.189484193921089172e-02,-5.447511747479438782e-02,-2.293084412813186646e-01,9.701841324567794800e-02,-8.392643183469772339e-02,4.052457958459854126e-02,-4.876884818077087402e-02,1.787547171115875244e-01,1.698403507471084595e-01,-2.275773286819458008e-01,-4.807097315788269043e-01,-1.075782254338264465e-01,9.243742376565933228e-02,-1.592466086149215698e-01,1.069734394550323486e-01,-3.884886503219604492e-01,1.171723157167434692e-01,-3.045719116926193237e-02
-1.085136771202087402e+00,-1.862780749797821045e-01,8.287009000778198242e-01,-1.647299714386463165e-02,-1.138356048613786697e-02,6.939552426338195801e-01,-7.197396159172058105e-01,-1.173711642622947693e-01,4.651272296905517578e-02,-7.278323918581008911e-02,1.439218223094940186e-01,-6.831514835357666016e-02,-7.202064990997314453e-02,-4.199114069342613220e-02,-5.454424768686294556e-02,-2.289534658193588257e-01,9.685412794351577759e-02,-8.377762883901596069e-02,4.058045893907546997e-02,-4.863422736525535583e-02,1.794369369745254517e-01,1.700247079133987427e-01,-2.268254458904266357e-01,-4.805587828159332275e-01,-1.071493029594421387e-01,9.278425574302673340e-02,-1.597668528556823730e-01,1.068974956870079041e-01,-3.884309828281402588e-01,1.169765070080757141e-01,-3.016742318868637085e-02
-1.085095524787902832e+00,-1.861829608678817749e-01,8.287006616592407227e-01,-1.645095273852348328e-02,-1.135046314448118210e-02,6.941568851470947266e-01,-7.195461988449096680e-01,-1.171660274267196655e-01,4.652021452784538269e-02,-7.225814461708068848e-02,1.438316255807876587e-01,-6.826540082693099976e-02,-7.206210494041442871e-02,-4.232227057218551636e-02,-5.462902039289474487e-02,-2.282858639955520630e-01,9.724766016006469727e-02,-8.379362523555755615e-02,4.043387249112129211e-02,-4.864675924181938171e-02,1.801190823316574097e-01,1.702088564634323120e-01,-2.260529398918151855e-01,-4.803676307201385498e-01,-1.067195311188697815e-01,9.304773062467575073e-02,-1.602810621261596680e-01,1.068144738674163818e-01,-3.884885013103485107e-01,1.167902946472167969e-01,-2.979597449302673340e-02
-1.085054755210876465e+00,-1.861139237880706787e-01,8.287013173103332520e-01,-1.645281165838241577e-02,-1.134697999805212021e-02,6.943666338920593262e-01,-7.193438410758972168e-01,-1.170388385653495789e-01,4.648487642407417297e-02,-7.166163623332977295e-02,1.436745673418045044e-01,-6.828097999095916748e-02,-7.212694734334945679e-02,-4.251898452639579773e-02,-5.468517541885375977e-02,-2.276348918676376343e-01,9.720481187105178833e-02,-8.369003981351852417e-02,4.043130204081535339e-02,-4.855531826615333557e-02,1.807704120874404907e-01,1.703930944204330444e-01,-2.252783328294754028e-01,-4.802323281764984131e-01,-1.062982901930809021e-01,9.324362128973007202e-02,-1.607705354690551758e-01,1.067367419600486755e-01,-3.886342048645019531e-01,1.166073456406593323e-01,-2.938805148005485535e-02
-1.085021734237670898e+00,-1.860650181770324707e-01,8.287025690078735352e-01,-1.643062010407447815e-02,-1.132529135793447495e-02,6.945690512657165527e-01,-7.191492319107055664e-01,-1.169265285134315491e-01,4.646133631467819214e-02,-7.116150856018066406e-02,1.434802263975143433e-01,-6.831248849630355835e-02,-7.217400521039962769e-02,-4.292455688118934631e-02,-5.481458082795143127e-02,-2.270459532737731934e-01,9.757335484027862549e-02,-8.378908783197402954e-02,4.031125828623771667e-02,-4.838008061051368713e-02,1.814341247081756592e-01,1.705525666475296021e-01,-2.245297878980636597e-01,-4.800671935081481934e-01,-1.058855503797531128e-01,9.341660887002944946e-02,-1.612140834331512451e-01,1.066817790269851685e-01,-3.887851536273956299e-01,1.164314299821853638e-01,-2.897408790886402130e-02
-1.084980726242065430e+00,-1.859909296035766602e-01,8.287038803100585938e-01,-1.644811220467090607e-02,-1.133343949913978577e-02,6.947619915008544922e-01,-7.189623117446899414e-01,-1.168482601642608643e-01,4.647517576813697815e-02,-7.064528018236160278e-02,1.433447897434234619e-01,-6.833187490701675415e-02,-7.223816961050033569e-02,-4.306119307875633240e-02,-5.488252267241477966e-02,-2.265665680170059204e-01,9.743259847164154053e-02,-8.372843265533447266e-02,4.035318270325660706e-02,-4.822860658168792725e-02,1.820711046457290649e-01,1.706901341676712036e-01,-2.238209545612335205e-01,-4.800230264663696289e-01,-1.054888367652893066e-01,9.354672580957412720e-02,-1.616298705339431763e-01,1.066420301795005798e-01,-3.889879286289215088e-01,1.162530854344367981e-01,-2.854904532432556152e-02
-1.084955692291259766e+00,-1.858990937471389771e-01,8.287118077278137207e-01,-1.641342043876647949e-02,-1.130126323550939560e-02,6.949282288551330566e-01,-7.188029289245605469e-01,-1.166885867714881897e-01,4.649847000837326050e-02,-7.021960616111755371e-02,1.433103084564208984e-01,-6.834372133016586304e-02,-7.231723517179489136e-02,-4.355284571647644043e-02,-5.492947623133659363e-02,-2.260236889123916626e-01,9.784671664237976074e-02,-8.372103422880172729e-02,4.021945968270301819e-02,-4.824519529938697815e-02,1.827094554901123047e-01,1.707967668771743774e-01,-2.231419980525970459e-01,-4.800047576427459717e-01,-1.051138415932655334e-01,9.367052465677261353e-02,-1.620067805051803589e-01,1.065822094678878784e-01,-3.891662955284118652e-01,1.160409227013587952e-01,-2.818966843187808990e-02
-1.084947347640991211e+00,-1.858066916465759277e-01,8.287117481231689453e-01,-1.640977337956428528e-02,-1.128509826958179474e-02,6.950742602348327637e-01,-7.186620831489562988e-01,-1.167046129703521729e-01,4.649998620152473450e-02,-6.986846774816513062e-02,1.433104872703552246e-01,-6.833105534315109253e-02,-7.241646945476531982e-02,-4.338049516081809998e-02,-5.487198382616043091e-02,-2.257363498210906982e-01,9.732872247695922852e-02,-8.345067501068115234e-02,4.036365449428558350e-02,-4.797115921974182129e-02,1.832963377237319946e-01,1.708983331918716431e-01,-2.225101739168167114e-01,-4.800873994827270508e-01,-1.048196777701377869e-01,9.376712888479232788e-02,-1.623417586088180542e-01,1.065258979797363281e-01,-3.893743455410003662e-01,1.157756149768829346e-01,-2.784709818661212921e-02
-1.084938645362854004e+00,-1.857238113880157471e-01,8.287110328674316406e-01,-1.634490303695201874e-02,-1.123432442545890808e-02,6.951181292533874512e-01,-7.186219096183776855e-01,-1.166348904371261597e-01,4.652342945337295532e-02,-6.975155323743820190e-02,1.433734893798828125e-01,-6.837175786495208740e-02,-7.254838943481445312e-02,-4.367039352655410767e-02,-5.489030480384826660e-02,-2.255598902702331543e-01,9.775479882955551147e-02,-8.346966654062271118e-02,4.020389541983604431e-02,-4.776841029524803162e-02,1.838963478803634644e-01,1.710119545459747314e-01,-2.219664305448532104e-01,-4.801211953163146973e-01,-1.046513468027114868e-01,9.389570355415344238e-02,-1.626484692096710205e-01,1.064835786819458008e-01,-3.894801735877990723e-01,1.154753789305686951e-01,-2.752385102212429047e-02
-1.084930300712585449e+00,-1.856130510568618774e-01,8.286991715431213379e-01,-1.626848615705966949e-02,-1.115859486162662506e-02,6.951521635055541992e-01,-7.185918688774108887e-01,-1.166241094470024109e-01,4.650804772973060608e-02,-6.971503794193267822e-02,1.435481011867523193e-01,-6.836058199405670166e-02,-7.269912958145141602e-02,-4.381608590483665466e-02,-5.492193624377250671e-02,-2.254198193550109863e-01,9.812790155410766602e-02,-8.357012271881103516e-02,4.014449566602706909e-02,-4.766114056110382080e-02,1.844308525323867798e-01,1.711101233959197998e-01,-2.214995920658111572e-01,-4.802669584751129150e-01,-1.045897826552391052e-01,9.403443336486816406e-02,-1.629391759634017944e-01,1.064783260226249695e-01,-3.895327448844909668e-01,1.151638552546501160e-01,-2.725551091134548187e-02
-1.084930181503295898e+00,-1.855058223009109497e-01,8.286969661712646484e-01,-1.621492020785808563e-02,-1.110091060400009155e-02,6.951886415481567383e-01,-7.185587286949157715e-01,-1.167145669460296631e-01,4.649510607123374939e-02,-6.971707195043563843e-02,1.437679380178451538e-01,-6.837003678083419800e-02,-7.282152771949768066e-02,-4.344672337174415588e-02,-5.488007888197898865e-02,-2.254284471273422241e-01,9.779835492372512817e-02,-8.351634442806243896e-02,4.023760557174682617e-02,-4.764598608016967773e-02,1.849443167448043823e-01,1.712145209312438965e-01,-2.211061269044876099e-01,-4.804104864597320557e-01,-1.046341657638549805e-01,9.416206181049346924e-02,-1.632061302661895752e-01,1.065065935254096985e-01,-3.895844221115112305e-01,1.148170009255409241e-01,-2.711683511734008789e-02
-1.084921598434448242e+00,-1.853869855403900146e-01,8.286942839622497559e-01,-1.609529741108417511e-02,-1.099740900099277496e-02,6.951843500137329102e-01,-7.185671329498291016e-01,-1.167257204651832581e-01,4.650511220097541809e-02,-6.989576667547225952e-02,1.441558599472045898e-01,-6.848806887865066528e-02,-7.292818278074264526e-02,-4.347688704729080200e-02,-5.486893653869628906e-02,-2.255733311176300049e-01,9.796199202537536621e-02,-8.344071358442306519e-02,4.017487168312072754e-02,-4.756799712777137756e-02,1.854265332221984863e-01,1.713195741176605225e-01,-2.207586616277694702e-01,-4.805639982223510742e-01,-1.047321185469627380e-01,9.428885579109191895e-02,-1.634461730718612671e-01,1.065804958343505859e-01,-3.896425366401672363e-01,1.144491434097290039e-01,-2.704339288175106049e-02
-1.084921360015869141e+00,-1.852780282497406006e-01,8.286844491958618164e-01,-1.605469547212123871e-02,-1.096363924443721771e-02,6.952224373817443848e-01,-7.185317277908325195e-01,-1.170130446553230286e-01,4.650436714291572571e-02,-7.007796317338943481e-02,1.446369141340255737e-01,-6.865994632244110107e-02,-7.306361198425292969e-02,-4.321574419736862183e-02,-5.480507761240005493e-02,-2.257115542888641357e-01,9.755709022283554077e-02,-8.331606537103652954e-02,4.027673229575157166e-02,-4.753284528851509094e-02,1.858774572610855103e-01,1.714249700307846069e-01,-2.204624265432357788e-01,-4.807495474815368652e-01,-1.048788279294967651e-01,9.436012804508209229e-02,-1.636655181646347046e-01,1.066860854625701904e-01,-3.898217082023620605e-01,1.140873655676841736e-01,-2.701808325946331024e-02
-1.084920763969421387e+00,-1.851730197668075562e-01,8.286823630332946777e-01,-1.595815271139144897e-02,-1.088045537471771240e-02,6.952337026596069336e-01,-7.185242176055908203e-01,-1.172200217843055725e-01,4.657119512557983398e-02,-7.032504677772521973e-02,1.452600657939910889e-01,-6.889630109071731567e-02,-7.313193380832672119e-02,-4.336421936750411987e-02,-5.483650788664817810e-02,-2.256484925746917725e-01,9.791364520788192749e-02,-8.345523476600646973e-02,4.012143239378929138e-02,-4.762253165245056152e-02,1.862962990999221802e-01,1.715125590562820435e-01,-2.201910912990570068e-01,-4.809586107730865479e-01,-1.050328835844993591e-01,9.442461282014846802e-02,-1.638732105493545532e-01,1.068312078714370728e-01,-3.900231122970581055e-01,1.137480661273002625e-01,-2.703202515840530396e-02
-1.084912657737731934e+00,-1.850599795579910278e-01,8.286730647087097168e-01,-1.592436246573925018e-02,-1.085029356181621552e-02,6.952770948410034180e-01,-7.184834480285644531e-01,-1.175012439489364624e-01,4.661847278475761414e-02,-7.044526189565658569e-02,1.457429230213165283e-01,-6.906494498252868652e-02,-7.318152487277984619e-02,-4.324671998620033264e-02,-5.477026849985122681e-02,-2.255219668149948120e-01,9.754650294780731201e-02,-8.330678194761276245e-02,4.021539539098739624e-02,-4.764414206147193909e-02,1.866576075553894043e-01,1.715825647115707397e-01,-2.199405580759048462e-01,-4.812365472316741943e-01,-1.051890999078750610e-01,9.442865848541259766e-02,-1.640749722719192505e-01,1.070106029510498047e-01,-3.903559446334838867e-01,1.134422942996025085e-01,-2.703531458973884583e-02
-1.084912419319152832e+00,-1.849697083234786987e-01,8.286719918251037598e-01,-1.586018875241279602e-02,-1.081279013305902481e-02,6.953356862068176270e-01,-7.184287309646606445e-01,-1.176327988505363464e-01,4.665769636631011963e-02,-7.045416533946990967e-02,1.461018472909927368e-01,-6.915954500436782837e-02,-7.327056676149368286e-02,-4.312797263264656067e-02,-5.470785126090049744e-02,-2.255062609910964966e-01,9.728924930095672607e-02,-8.315616846084594727e-02,4.022037982940673828e-02,-4.755712673068046570e-02,1.870109885931015015e-01,1.716404408216476440e-01,-2.197234928607940674e-01,-4.815009236335754395e-01,-1.053521633148193359e-01,9.442303329706192017e-02,-1.642612516880035400e-01,1.072030067443847656e-01,-3.906948864459991455e-01,1.131584495306015015e-01,-2.703802846372127533e-02
-1.084904193878173828e+00,-1.848613470792770386e-01,8.286689519882202148e-01,-1.578550226986408234e-02,-1.076242234557867050e-02,6.953465938568115234e-01,-7.184205651283264160e-01,-1.176515519618988037e-01,4.666069895029067993e-02,-7.044471800327301025e-02,1.464060395956039429e-01,-6.921018660068511963e-02,-7.339910417795181274e-02,-4.297575727105140686e-02,-5.467966943979263306e-02,-2.255560457706451416e-01,9.725812822580337524e-02,-8.310894668102264404e-02,4.018979147076606750e-02,-4.747067764401435852e-02,1.872963309288024902e-01,1.717154979705810547e-01,-2.195104509592056274e-01,-4.818654060363769531e-01,-1.055269166827201843e-01,9.439283609390258789e-02,-1.644521057605743408e-01,1.073885783553123474e-01,-3.910585641860961914e-01,1.129020303487777710e-01,-2.703701891005039215e-02
-1.084903717041015625e+00,-1.847842484712600708e-01,8.286581039428710938e-01,-1.570727489888668060e-02,-1.068747229874134064e-02,6.954171061515808105e-01,-7.183551788330078125e-01,-1.176558360457420349e-01,4.666991159319877625e-02,-7.038220018148422241e-02,1.465535312891006470e-01,-6.925357878208160400e-02,-7.349118590354919434e-02,-4.314599186182022095e-02,-5.473420396447181702e-02,-2.254483997821807861e-01,9.775815904140472412e-02,-8.336424827575683594e-02,4.006168991327285767e-02,-4.752308130264282227e-02,1.875559687614440918e-01,1.717549562454223633e-01,-2.193054258823394775e-01,-4.823061227798461914e-01,-1.056582331657409668e-01,9.436902403831481934e-02,-1.646551191806793213e-01,1.075847521424293518e-01,-3.913905918598175049e-01,1.127013191580772400e-01,-2.700296416878700256e-02
-1.084895491600036621e+00,-1.847212910652160645e-01,8.286551833152770996e-01,-1.564684323966503143e-02,-1.063155103474855423e-02,6.954433321952819824e-01,-7.183319330215454102e-01,-1.176102533936500549e-01,4.667291045188903809e-02,-7.035225629806518555e-02,1.466619074344635010e-01,-6.930523365736007690e-02,-7.356469333171844482e-02,-4.321112111210823059e-02,-5.478337034583091736e-02,-2.254118621349334717e-01,9.800706058740615845e-02,-8.342109620571136475e-02,4.003821313381195068e-02,-4.743144661188125610e-02,1.878035813570022583e-01,1.717837303876876831e-01,-2.190993130207061768e-01,-4.827588498592376709e-01,-1.057655513286590576e-01,9.433273971080780029e-02,-1.648587286472320557e-01,1.077885404229164124e-01,-3.917392790317535400e-01,1.125272884964942932e-01,-2.697693370282649994e-02
-1.084887146949768066e+00,-1.846642196178436279e-01,8.286520838737487793e-01,-1.556697487831115723e-02,-1.055524032562971115e-02,6.954489350318908691e-01,-7.183293700218200684e-01,-1.174641549587249756e-01,4.667830839753150940e-02,-7.032887637615203857e-02,1.467557698488235474e-01,-6.935907155275344849e-02,-7.362594455480575562e-02,-4.331199452280998230e-02,-5.482807382941246033e-02,-2.253242433071136475e-01,9.836213290691375732e-02,-8.346669375896453857e-02,3.997377678751945496e-02,-4.744863137602806091e-02,1.880436390638351440e-01,1.717963069677352905e-01,-2.188950777053833008e-01,-4.832064509391784668e-01,-1.058699041604995728e-01,9.428614377975463867e-02,-1.650639474391937256e-01,1.079821512103080750e-01,-3.920918405055999756e-01,1.123571768403053284e-01,-2.698731608688831329e-02
-1.084878921508789062e+00,-1.846043765544891357e-01,8.286425471305847168e-01,-1.551232207566499710e-02,-1.050149556249380112e-02,6.954980492591857910e-01,-7.182837128639221191e-01,-1.174386888742446899e-01,4.669244959950447083e-02,-7.025580853223800659e-02,1.468609571456909180e-01,-6.936804950237274170e-02,-7.370661944150924683e-02,-4.301655292510986328e-02,-5.478429794311523438e-02,-2.253752946853637695e-01,9.798962622880935669e-02,-8.329914510250091553e-02,4.009089991450309753e-02,-4.735600203275680542e-02,1.882692426443099976e-01,1.717833727598190308e-01,-2.186847776174545288e-01,-4.836567342281341553e-01,-1.059473156929016113e-01,9.422612190246582031e-02,-1.652816832065582275e-01,1.081582158803939819e-01,-3.924326002597808838e-01,1.122048646211624146e-01,-2.696211822330951691e-02
-1.084878921508789062e+00,-1.845466792583465576e-01,8.286416530609130859e-01,-1.544923149049282074e-02,-1.045054011046886444e-02,6.955161690711975098e-01,-7.182682752609252930e-01,-1.174054741859436035e-01,4.674783349037170410e-02,-7.020995765924453735e-02,1.469223797321319580e-01,-6.942018866539001465e-02,-7.376468181610107422e-02,-4.280047118663787842e-02,-5.474184453487396240e-02,-2.254410982131958008e-01,9.785517305135726929e-02,-8.322332054376602173e-02,4.010336846113204956e-02,-4.732275009155273438e-02,1.885188370943069458e-01,1.717534512281417847e-01,-2.185069620609283447e-01,-4.840458035469055176e-01,-1.060396209359169006e-01,9.420721977949142456e-02,-1.655479818582534790e-01,1.083503067493438721e-01,-3.926436007022857666e-01,1.121139675378799438e-01,-2.693758904933929443e-02
-1.084870934486389160e+00,-1.844926178455352783e-01,8.286336064338684082e-01,-1.539296284317970276e-02,-1.040523685514926910e-02,6.954870223999023438e-01,-7.182983756065368652e-01,-1.173767969012260437e-01,4.679264500737190247e-02,-7.015492022037506104e-02,1.469533145427703857e-01,-6.947664916515350342e-02,-7.380770891904830933e-02,-4.266262799501419067e-02,-5.468643456697463989e-02,-2.253565192222595215e-01,9.760265052318572998e-02,-8.299867808818817139e-02,4.016714170575141907e-02,-4.742828011512756348e-02,1.887629926204681396e-01,1.717155575752258301e-01,-2.183730602264404297e-01,-4.844561219215393066e-01,-1.061436086893081665e-01,9.418078511953353882e-02,-1.658247113227844238e-01,1.085237488150596619e-01,-3.928235173225402832e-01,1.120346412062644958e-01,-2.690505795180797577e-02
-1.084862947463989258e+00,-1.844326108694076538e-01,8.286321759223937988e-01,-1.535196136683225632e-02,-1.038272585719823837e-02,6.955329775810241699e-01,-7.182551026344299316e-01,-1.173217147588729858e-01,4.683385789394378662e-02,-7.004301995038986206e-02,1.471073180437088013e-01,-6.953869014978408813e-02,-7.386682927608489990e-02,-4.232466965913772583e-02,-5.461494624614715576e-02,-2.255366146564483643e-01,9.722270816564559937e-02,-8.286551386117935181e-02,4.027803242206573486e-02,-4.730818048119544983e-02,1.889893710613250732e-01,1.716431081295013428e-01,-2.182441502809524536e-01,-4.848923087120056152e-01,-1.062031388282775879e-01,9.413176029920578003e-02,-1.661323457956314087e-01,1.086947545409202576e-01,-3.930270671844482422e-01,1.119835227727890015e-01,-2.682664431631565094e-02
-1.084854841232299805e+00,-1.843945086002349854e-01,8.286303877830505371e-01,-1.528961583971977234e-02,-1.033911574631929398e-02,6.955476999282836914e-01,-7.182427644729614258e-01,-1.171845942735671997e-01,4.687028378248214722e-02,-7.001344114542007446e-02,1.471793651580810547e-01,-6.965906918048858643e-02,-7.389660179615020752e-02,-4.235810413956642151e-02,-5.463112890720367432e-02,-2.257089018821716309e-01,9.741524606943130493e-02,-8.289469033479690552e-02,4.029283300042152405e-02,-4.727283120155334473e-02,1.892212033271789551e-01,1.715528815984725952e-01,-2.181328684091567993e-01,-4.853031039237976074e-01,-1.062506213784217834e-01,9.408773481845855713e-02,-1.664618104696273804e-01,1.088590696454048157e-01,-3.932045400142669678e-01,1.119551733136177063e-01,-2.673465199768543243e-02
-1.084855079650878906e+00,-1.843507289886474609e-01,8.286178112030029297e-01,-1.521346531808376312e-02,-1.026160735636949539e-02,6.955572366714477539e-01,-7.182362675666809082e-01,-1.170213744044303894e-01,4.686697572469711304e-02,-7.001921534538269043e-02,1.472259014844894409e-01,-6.974963098764419556e-02,-7.391212880611419678e-02,-4.234084114432334900e-02,-5.469369888305664062e-02,-2.258268147706985474e-01,9.784299880266189575e-02,-8.314265310764312744e-02,4.035323113203048706e-02,-4.724804311990737915e-02,1.894568204879760742e-01,1.714310348033905029e-01,-2.180303931236267090e-01,-4.856746792793273926e-01,-1.062719821929931641e-01,9.405808150768280029e-02,-1.668295860290527344e-01,1.090169996023178101e-01,-3.933263421058654785e-01,1.119518503546714783e-01,-2.662601508200168610e-02
-1.084846735000610352e+00,-1.843209564685821533e-01,8.286154270172119141e-01,-1.515902578830718994e-02,-1.020887121558189392e-02,6.955444812774658203e-01,-7.182505130767822266e-01,-1.169166937470436096e-01,4.685738682746887207e-02,-7.008690387010574341e-02,1.472761183977127075e-01,-6.978960335254669189e-02,-7.392720133066177368e-02,-4.254294559359550476e-02,-5.475692078471183777e-02,-2.258193492889404297e-01,9.823429584503173828e-02,-8.324210345745086670e-02,4.036232829093933105e-02,-4.728130996227264404e-02,1.897189617156982422e-01,1.713142991065979004e-01,-2.179356962442398071e-01,-4.859597384929656982e-01,-1.062768995761871338e-01,9.410657733678817749e-02,-1.671827733516693115e-01,1.092042699456214905e-01,-3.932640850543975830e-01,1.119765490293502808e-01,-2.655443735420703888e-02
-1.084838747978210449e+00,-1.842911541461944580e-01,8.286064267158508301e-01,-1.513602957129478455e-02,-1.019249763339757919e-02,6.955395936965942383e-01,-7.182559967041015625e-01,-1.169201657176017761e-01,4.682277143001556396e-02,-7.004994153976440430e-02,1.473109871149063110e-01,-6.983239948749542236e-02,-7.396447658538818359e-02,-4.233076423406600952e-02,-5.471699312329292297e-02,-2.258189320564270020e-01,9.784310311079025269e-02,-8.315832912921905518e-02,4.051469638943672180e-02,-4.729627072811126709e-02,1.899485588073730469e-01,1.712052971124649048e-01,-2.178483307361602783e-01,-4.863038659095764160e-01,-1.062625572085380554e-01,9.414388984441757202e-02,-1.675205975770950317e-01,1.094017922878265381e-01,-3.932156860828399658e-01,1.119968369603157043e-01,-2.650238573551177979e-02
-1.084830522537231445e+00,-1.842485517263412476e-01,8.286073207855224609e-01,-1.509250514209270477e-02,-1.016447506844997406e-02,6.955497860908508301e-01,-7.182474732398986816e-01,-1.168742850422859192e-01,4.684185609221458435e-02,-7.012166082859039307e-02,1.473097056150436401e-01,-6.988786160945892334e-02,-7.395900785923004150e-02,-4.228663071990013123e-02,-5.470196157693862915e-02,-2.258155643939971924e-01,9.772858768701553345e-02,-8.307630568742752075e-02,4.052038490772247314e-02,-4.726283624768257141e-02,1.901612728834152222e-01,1.711066067218780518e-01,-2.177516818046569824e-01,-4.866654574871063232e-01,-1.062177047133445740e-01,9.418186545372009277e-02,-1.678637713193893433e-01,1.096071526408195496e-01,-3.931683897972106934e-01,1.120280250906944275e-01,-2.645599097013473511e-02
-1.084822416305541992e+00,-1.842022985219955444e-01,8.286068439483642578e-01,-1.506182458251714706e-02,-1.014426350593566895e-02,6.955566406250000000e-01,-7.182417511940002441e-01,-1.168298646807670593e-01,4.684605076909065247e-02,-7.020708918571472168e-02,1.473108828067779541e-01,-6.993276625871658325e-02,-7.395461201667785645e-02,-4.234126955270767212e-02,-5.474081635475158691e-02,-2.258105576038360596e-01,9.795184433460235596e-02,-8.319619297981262207e-02,4.047071933746337891e-02,-4.723823070526123047e-02,1.903538107872009277e-01,1.710136830806732178e-01,-2.176575958728790283e-01,-4.870536923408508301e-01,-1.061630994081497192e-01,9.422150999307632446e-02,-1.681992411613464355e-01,1.098357215523719788e-01,-3.931423425674438477e-01,1.120877712965011597e-01,-2.642421051859855652e-02
-1.084814548492431641e+00,-1.841606348752975464e-01,8.285979032516479492e-01,-1.500844769179821014e-02,-1.009815558791160583e-02,6.955487728118896484e-01,-7.182511091232299805e-01,-1.168335005640983582e-01,4.685781896114349365e-02,-7.017683982849121094e-02,1.473091989755630493e-01,-6.996088474988937378e-02,-7.395183295011520386e-02,-4.225888475775718689e-02,-5.475780367851257324e-02,-2.258295118808746338e-01,9.794105589389801025e-02,-8.321157097816467285e-02,4.050559177994728088e-02,-4.725664854049682617e-02,1.905393153429031372e-01,1.709294766187667847e-01,-2.175631523132324219e-01,-4.874356091022491455e-01,-1.061098352074623108e-01,9.419947117567062378e-02,-1.685841679573059082e-01,1.100343093276023865e-01,-3.932373821735382080e-01,1.121568456292152405e-01,-2.637202292680740356e-02
-1.084781885147094727e+00,-1.841251999139785767e-01,8.285983800888061523e-01,-1.496983785182237625e-02,-1.007997058331966400e-02,6.955224871635437012e-01,-7.182776331901550293e-01,-1.168243587017059326e-01,4.688720405101776123e-02,-7.010314613580703735e-02,1.473160535097122192e-01,-6.999260187149047852e-02,-7.396101206541061401e-02,-4.223317280411720276e-02,-5.474595353007316589e-02,-2.257920801639556885e-01,9.773863852024078369e-02,-8.298547565937042236e-02,4.055410996079444885e-02,-4.732714965939521790e-02,1.907302439212799072e-01,1.708459705114364624e-01,-2.174686938524246216e-01,-4.877911508083343506e-01,-1.060373410582542419e-01,9.419748187065124512e-02,-1.689551919698715210e-01,1.102205216884613037e-01,-3.932981193065643311e-01,1.122150495648384094e-01,-2.629976533353328705e-02
-1.084733366966247559e+00,-1.840801537036895752e-01,8.285989165306091309e-01,-1.495133060961961746e-02,-1.008715573698282242e-02,6.955232620239257812e-01,-7.182772159576416016e-01,-1.168444827198982239e-01,4.690874740481376648e-02,-7.000200450420379639e-02,1.473132669925689697e-01,-7.004529982805252075e-02,-7.398404181003570557e-02,-4.199242591857910156e-02,-5.474868044257164001e-02,-2.257638424634933472e-01,9.752092510461807251e-02,-8.295080065727233887e-02,4.058958590030670166e-02,-4.733030870556831360e-02,1.909367740154266357e-01,1.707655191421508789e-01,-2.173764705657958984e-01,-4.880890548229217529e-01,-1.059583574533462524e-01,9.419493377208709717e-02,-1.693479120731353760e-01,1.103813350200653076e-01,-3.933499455451965332e-01,1.122605279088020325e-01,-2.622244693338871002e-02
-1.084684491157531738e+00,-1.840297728776931763e-01,8.285908102989196777e-01,-1.492330711334943771e-02,-1.007992587983608246e-02,6.955647468566894531e-01,-7.182376384735107422e-01,-1.168352439999580383e-01,4.694455489516258240e-02,-6.987877190113067627e-02,1.473373770713806152e-01,-7.009305059909820557e-02,-7.398762553930282593e-02,-4.184099286794662476e-02,-5.476451292634010315e-02,-2.257440239191055298e-01,9.743507206439971924e-02,-8.289596438407897949e-02,4.059030115604400635e-02,-4.735089838504791260e-02,1.911355257034301758e-01,1.706755161285400391e-01,-2.172753810882568359e-01,-4.883853495121002197e-01,-1.058751642704010010e-01,9.422686696052551270e-02,-1.697306185960769653e-01,1.105482205748558044e-01,-3.933192491531372070e-01,1.123158261179924011e-01,-2.616189792752265930e-02
-1.084643840789794922e+00,-1.839947998523712158e-01,8.285908102989196777e-01,-1.488834060728549957e-02,-1.007380709052085876e-02,6.955738663673400879e-01,-7.182296514511108398e-01,-1.167990043759346008e-01,4.695867002010345459e-02,-6.970289349555969238e-02,1.473553329706192017e-01,-7.017187029123306274e-02,-7.402551919221878052e-02,-4.176829382777214050e-02,-5.476512759923934937e-02,-2.256981134414672852e-01,9.735785424709320068e-02,-8.289998024702072144e-02,4.057945683598518372e-02,-4.739229008555412292e-02,1.913336068391799927e-01,1.705893278121948242e-01,-2.171713262796401978e-01,-4.886590242385864258e-01,-1.057938933372497559e-01,9.427212178707122803e-02,-1.700999438762664795e-01,1.107305362820625305e-01,-3.932532072067260742e-01,1.123925223946571350e-01,-2.610637620091438293e-02
-1.084611535072326660e+00,-1.839646100997924805e-01,8.285897970199584961e-01,-1.485508866608142853e-02,-1.006905641406774521e-02,6.955975890159606934e-01,-7.182074189186096191e-01,-1.166537180542945862e-01,4.698993638157844543e-02,-6.954535841941833496e-02,1.474136412143707275e-01,-7.023154199123382568e-02,-7.404647767543792725e-02,-4.177621006965637207e-02,-5.475931242108345032e-02,-2.256376445293426514e-01,9.739236533641815186e-02,-8.289565145969390869e-02,4.056339710950851440e-02,-4.741191118955612183e-02,1.915415525436401367e-01,1.705051511526107788e-01,-2.170528322458267212e-01,-4.888764321804046631e-01,-1.057194769382476807e-01,9.428536146879196167e-02,-1.704898178577423096e-01,1.108975484967231750e-01,-3.932398557662963867e-01,1.124749705195426941e-01,-2.605240605771541595e-02
-1.084570765495300293e+00,-1.839354038238525391e-01,8.285793662071228027e-01,-1.481456495821475983e-02,-1.004733424633741379e-02,6.956309676170349121e-01,-7.181762456893920898e-01,-1.165601164102554321e-01,4.698966816067695618e-02,-6.939411908388137817e-02,1.474096477031707764e-01,-7.025887817144393921e-02,-7.406550645828247070e-02,-4.188838228583335876e-02,-5.474112927913665771e-02,-2.254869490861892700e-01,9.766107052564620972e-02,-8.282996714115142822e-02,4.055656865239143372e-02,-4.746194183826446533e-02,1.917509883642196655e-01,1.703708320856094360e-01,-2.169052064418792725e-01,-4.890687465667724609e-01,-1.056371778249740601e-01,9.428346157073974609e-02,-1.709084510803222656e-01,1.110453903675079346e-01,-3.932528197765350342e-01,1.125577315688133240e-01,-2.605379745364189148e-02
-1.084521770477294922e+00,-1.839035898447036743e-01,8.285781741142272949e-01,-1.478492841124534607e-02,-1.003299467265605927e-02,6.956825256347656250e-01,-7.181271314620971680e-01,-1.165090873837471008e-01,4.701544716954231262e-02,-6.931792944669723511e-02,1.474130749702453613e-01,-7.025051116943359375e-02,-7.404950261116027832e-02,-4.199153929948806763e-02,-5.474873259663581848e-02,-2.252713441848754883e-01,9.786048531532287598e-02,-8.282934874296188354e-02,4.055955633521080017e-02,-4.743793979287147522e-02,1.919856220483779907e-01,1.701993048191070557e-01,-2.167417705059051514e-01,-4.891879558563232422e-01,-1.055773124098777771e-01,9.430258721113204956e-02,-1.713699400424957275e-01,1.112036854028701782e-01,-3.932243883609771729e-01,1.126814559102058411e-01,-2.604583092033863068e-02
-1.084481120109558105e+00,-1.838672757148742676e-01,8.285703063011169434e-01,-1.476247329264879227e-02,-1.003065239638090134e-02,6.957376003265380859e-01,-7.180742621421813965e-01,-1.164814233779907227e-01,4.702256247401237488e-02,-6.915453076362609863e-02,1.474194824695587158e-01,-7.028231024742126465e-02,-7.406214624643325806e-02,-4.169284552335739136e-02,-5.463797971606254578e-02,-2.251071035861968994e-01,9.723795205354690552e-02,-8.252684772014617920e-02,4.075517505407333374e-02,-4.740203917026519775e-02,1.922264099121093750e-01,1.700012534856796265e-01,-2.165618389844894409e-01,-4.892827570438385010e-01,-1.055447086691856384e-01,9.431082010269165039e-02,-1.718039959669113159e-01,1.113632693886756897e-01,-3.932255804538726807e-01,1.127907708287239075e-01,-2.600445225834846497e-02
-1.084432363510131836e+00,-1.838314980268478394e-01,8.285610675811767578e-01,-1.468232739716768265e-02,-9.993928484618663788e-03,6.957936286926269531e-01,-7.180221080780029297e-01,-1.163496449589729309e-01,4.707129299640655518e-02,-6.896325945854187012e-02,1.474819928407669067e-01,-7.034195214509963989e-02,-7.406269013881683350e-02,-4.159500077366828918e-02,-5.459546670317649841e-02,-2.250657975673675537e-01,9.721763432025909424e-02,-8.242858201265335083e-02,4.079238325357437134e-02,-4.737288132309913635e-02,1.924930363893508911e-01,1.698106527328491211e-01,-2.163878083229064941e-01,-4.893092215061187744e-01,-1.055510267615318298e-01,9.431342780590057373e-02,-1.722738295793533325e-01,1.115320324897766113e-01,-3.932397663593292236e-01,1.129314750432968140e-01,-2.599951252341270447e-02
-1.084383368492126465e+00,-1.837958246469497681e-01,8.285573720932006836e-01,-1.460072863847017288e-02,-9.943249635398387909e-03,6.958404183387756348e-01,-7.179791331291198730e-01,-1.161428615450859070e-01,4.710037261247634888e-02,-6.883977353572845459e-02,1.475410014390945435e-01,-7.040330767631530762e-02,-7.404830306768417358e-02,-4.189618304371833801e-02,-5.466173216700553894e-02,-2.249131351709365845e-01,9.789621829986572266e-02,-8.261819183826446533e-02,4.080607742071151733e-02,-4.741597920656204224e-02,1.927779614925384521e-01,1.696395426988601685e-01,-2.162219882011413574e-01,-4.892618358135223389e-01,-1.055836752057075500e-01,9.432253241539001465e-02,-1.727333515882492065e-01,1.117130219936370850e-01,-3.932355344295501709e-01,1.130873933434486389e-01,-2.600259147584438324e-02
-1.084342598915100098e+00,-1.837519556283950806e-01,8.285472989082336426e-01,-1.457769423723220825e-02,-9.943168610334396362e-03,6.959275007247924805e-01,-7.178952097892761230e-01,-1.161195635795593262e-01,4.710314422845840454e-02,-6.860961765050888062e-02,1.475146561861038208e-01,-7.045812904834747314e-02,-7.404149323701858521e-02,-4.166902601718902588e-02,-5.460579320788383484e-02,-2.246617525815963745e-01,9.760841727256774902e-02,-8.248916268348693848e-02,4.100652411580085754e-02,-4.748408868908882141e-02,1.930508017539978027e-01,1.695019900798797607e-01,-2.160691916942596436e-01,-4.892167150974273682e-01,-1.056481525301933289e-01,9.432802349328994751e-02,-1.732205748558044434e-01,1.119169443845748901e-01,-3.932330608367919922e-01,1.133031621575355530e-01,-2.602991461753845215e-02
-1.084309935569763184e+00,-1.837284266948699951e-01,8.285390138626098633e-01,-1.450893469154834747e-02,-9.930668398737907410e-03,6.959995627403259277e-01,-7.178269028663635254e-01,-1.159900054335594177e-01,4.716020449995994568e-02,-6.841275095939636230e-02,1.475580334663391113e-01,-7.060509175062179565e-02,-7.403661310672760010e-02,-4.153510183095932007e-02,-5.452409014105796814e-02,-2.244463413953781128e-01,9.738501906394958496e-02,-8.231446146965026855e-02,4.106090590357780457e-02,-4.748824983835220337e-02,1.933423578739166260e-01,1.693839430809020996e-01,-2.159442901611328125e-01,-4.891260862350463867e-01,-1.057282760739326477e-01,9.434647858142852783e-02,-1.736874431371688843e-01,1.121293827891349792e-01,-3.932150006294250488e-01,1.135142669081687927e-01,-2.610429376363754272e-02
-1.084269285202026367e+00,-1.837165951728820801e-01,8.285399079322814941e-01,-1.441689766943454742e-02,-9.907042607665061951e-03,6.960787773132324219e-01,-7.177522778511047363e-01,-1.159113720059394836e-01,4.721995443105697632e-02,-6.824138015508651733e-02,1.475721746683120728e-01,-7.076654583215713501e-02,-7.402869313955307007e-02,-4.142862558364868164e-02,-5.444910749793052673e-02,-2.241356521844863892e-01,9.711252897977828979e-02,-8.210673183202743530e-02,4.108596965670585632e-02,-4.753838479518890381e-02,1.936273574829101562e-01,1.692858785390853882e-01,-2.158340662717819214e-01,-4.890470504760742188e-01,-1.058250665664672852e-01,9.438456594944000244e-02,-1.741427630186080933e-01,1.123375371098518372e-01,-3.931564986705780029e-01,1.137109324336051941e-01,-2.622267417609691620e-02
-1.084228515625000000e+00,-1.837125271558761597e-01,8.285313844680786133e-01,-1.432639453560113907e-02,-9.893790818750858307e-03,6.961562633514404297e-01,-7.176791429519653320e-01,-1.157642602920532227e-01,4.730445891618728638e-02,-6.797397136688232422e-02,1.476612836122512817e-01,-7.093267887830734253e-02,-7.401664555072784424e-02,-4.141242429614067078e-02,-5.435707047581672668e-02,-2.239040881395339966e-01,9.703063219785690308e-02,-8.203519135713577271e-02,4.108616337180137634e-02,-4.756087064743041992e-02,1.939142197370529175e-01,1.692005395889282227e-01,-2.157211601734161377e-01,-4.889470338821411133e-01,-1.059118956327438354e-01,9.442225843667984009e-02,-1.745874881744384766e-01,1.125578731298446655e-01,-3.931023478507995605e-01,1.139143109321594238e-01,-2.634633332490921021e-02
-1.084211707115173340e+00,-1.837084442377090454e-01,8.285207152366638184e-01,-1.422430016100406647e-02,-9.881410747766494751e-03,6.962259411811828613e-01,-7.176137566566467285e-01,-1.156442463397979736e-01,4.747395962476730347e-02,-6.783510744571685791e-02,1.478203982114791870e-01,-7.111077010631561279e-02,-7.400575280189514160e-02,-4.149702191352844238e-02,-5.420689284801483154e-02,-2.236303687095642090e-01,9.730482846498489380e-02,-8.209425210952758789e-02,4.105587303638458252e-02,-4.750227928161621094e-02,1.941864043474197388e-01,1.691032052040100098e-01,-2.155887037515640259e-01,-4.888532757759094238e-01,-1.059777587652206421e-01,9.446262568235397339e-02,-1.750562638044357300e-01,1.128076091408729553e-01,-3.930592238903045654e-01,1.141283735632896423e-01,-2.648551203310489655e-02
-1.084195852279663086e+00,-1.837046146392822266e-01,8.285120725631713867e-01,-1.415969710797071457e-02,-9.894904680550098419e-03,6.963070034980773926e-01,-7.175361514091491699e-01,-1.155513152480125427e-01,4.756974801421165466e-02,-6.763797998428344727e-02,1.479009538888931274e-01,-7.128481566905975342e-02,-7.400637120008468628e-02,-4.135842248797416687e-02,-5.416491627693176270e-02,-2.234682291746139526e-01,9.725699573755264282e-02,-8.216956257820129395e-02,4.101682454347610474e-02,-4.740969091653823853e-02,1.944773495197296143e-01,1.690203547477722168e-01,-2.154586613178253174e-01,-4.887040853500366211e-01,-1.060267388820648193e-01,9.450372308492660522e-02,-1.754990816116333008e-01,1.130792126059532166e-01,-3.930343985557556152e-01,1.143102273344993591e-01,-2.663712948560714722e-02
-1.084187507629394531e+00,-1.837022304534912109e-01,8.285130262374877930e-01,-1.404704805463552475e-02,-9.897815994918346405e-03,6.963815689086914062e-01,-7.174659967422485352e-01,-1.154552176594734192e-01,4.775124415755271912e-02,-6.747338175773620605e-02,1.480911076068878174e-01,-7.147641479969024658e-02,-7.400310784578323364e-02,-4.116086289286613464e-02,-5.407932028174400330e-02,-2.232884019613265991e-01,9.697172790765762329e-02,-8.200558274984359741e-02,4.097080603241920471e-02,-4.737893491983413696e-02,1.947622597217559814e-01,1.689599752426147461e-01,-2.153062969446182251e-01,-4.885400533676147461e-01,-1.060494557023048401e-01,9.453395009040832520e-02,-1.759318113327026367e-01,1.133649721741676331e-01,-3.930503427982330322e-01,1.144892200827598572e-01,-2.679242193698883057e-02
-1.084171175956726074e+00,-1.837001293897628784e-01,8.285037279129028320e-01,-1.393324974924325943e-02,-9.884580969810485840e-03,6.964560151100158691e-01,-7.173961400985717773e-01,-1.153189018368721008e-01,4.792229458689689636e-02,-6.723431497812271118e-02,1.482227146625518799e-01,-7.175746560096740723e-02,-7.399235665798187256e-02,-4.094883054494857788e-02,-5.399700999259948730e-02,-2.231386005878448486e-01,9.699838608503341675e-02,-8.206077665090560913e-02,4.089047014713287354e-02,-4.740170761942863464e-02,1.950245201587677002e-01,1.689216345548629761e-01,-2.151278704404830933e-01,-4.883920848369598389e-01,-1.060690730810165405e-01,9.459510445594787598e-02,-1.763317435979843140e-01,1.136435046792030334e-01,-3.930004537105560303e-01,1.146203204989433289e-01,-2.693795785307884216e-02
-1.084163427352905273e+00,-1.836982369422912598e-01,8.284934759140014648e-01,-1.383008528500795364e-02,-9.847629815340042114e-03,6.965442895889282227e-01,-7.173129320144653320e-01,-1.150883138179779053e-01,4.803017154335975647e-02,-6.696990877389907837e-02,1.483227461576461792e-01,-7.197023183107376099e-02,-7.397510856389999390e-02,-4.073894768953323364e-02,-5.388547480106353760e-02,-2.229428887367248535e-01,9.689087420701980591e-02,-8.191851526498794556e-02,4.089397564530372620e-02,-4.746337234973907471e-02,1.952987760305404663e-01,1.688841134309768677e-01,-2.149632424116134644e-01,-4.882114231586456299e-01,-1.061071157455444336e-01,9.466981887817382812e-02,-1.766869425773620605e-01,1.138989254832267761e-01,-3.929152488708496094e-01,1.146770119667053223e-01,-2.707087062299251556e-02
-1.084147095680236816e+00,-1.836971044540405273e-01,8.284941911697387695e-01,-1.372815947979688644e-02,-9.851678274571895599e-03,6.966390609741210938e-01,-7.172227501869201660e-01,-1.149239242076873779e-01,4.821941256523132324e-02,-6.668990850448608398e-02,1.483681201934814453e-01,-7.222258299589157104e-02,-7.393921166658401489e-02,-4.036610573530197144e-02,-5.377076566219329834e-02,-2.227813154458999634e-01,9.659141302108764648e-02,-8.181979507207870483e-02,4.088605940341949463e-02,-4.744299501180648804e-02,1.955636590719223022e-01,1.688365489244461060e-01,-2.147887349128723145e-01,-4.880329966545104980e-01,-1.061237901449203491e-01,9.472199529409408569e-02,-1.770600825548171997e-01,1.141449138522148132e-01,-3.928757607936859131e-01,1.147234737873077393e-01,-2.719733491539955139e-02
-1.084138870239257812e+00,-1.836965829133987427e-01,8.284839987754821777e-01,-1.363358274102210999e-02,-9.832858107984066010e-03,6.967399716377258301e-01,-7.171267867088317871e-01,-1.146671324968338013e-01,4.836264252662658691e-02,-6.643681228160858154e-02,1.484555155038833618e-01,-7.240761816501617432e-02,-7.391102612018585205e-02,-4.043238237500190735e-02,-5.365835502743721008e-02,-2.224926650524139404e-01,9.696567803621292114e-02,-8.197505027055740356e-02,4.073406383395195007e-02,-4.752382636070251465e-02,1.958333402872085571e-01,1.687853038311004639e-01,-2.146062403917312622e-01,-4.878354668617248535e-01,-1.061080843210220337e-01,9.478829056024551392e-02,-1.774236708879470825e-01,1.144163534045219421e-01,-3.928228616714477539e-01,1.147746890783309937e-01,-2.729420922696590424e-02
-1.084130525588989258e+00,-1.836961656808853149e-01,8.284744024276733398e-01,-1.356696244329214096e-02,-9.874233044683933258e-03,6.968396902084350586e-01,-7.170305848121643066e-01,-1.145200580358505249e-01,4.856514185667037964e-02,-6.604647636413574219e-02,1.484913527965545654e-01,-7.266391813755035400e-02,-7.389269024133682251e-02,-4.048157855868339539e-02,-5.350685492157936096e-02,-2.222001254558563232e-01,9.706918895244598389e-02,-8.207210898399353027e-02,4.072581604123115540e-02,-4.759981855750083923e-02,1.960962563753128052e-01,1.687398403882980347e-01,-2.144120037555694580e-01,-4.876351654529571533e-01,-1.060741022229194641e-01,9.485286474227905273e-02,-1.777679920196533203e-01,1.147009059786796570e-01,-3.927769660949707031e-01,1.147932112216949463e-01,-2.735374309122562408e-02
-1.084114432334899902e+00,-1.836967170238494873e-01,8.284676074981689453e-01,-1.352430228143930435e-02,-9.941353462636470795e-03,6.970040798187255859e-01,-7.168707251548767090e-01,-1.143559813499450684e-01,4.879012331366539001e-02,-6.574369966983795166e-02,1.485257744789123535e-01,-7.292221486568450928e-02,-7.387988269329071045e-02,-4.021795094013214111e-02,-5.324401333928108215e-02,-2.218507528305053711e-01,9.633787721395492554e-02,-8.173697441816329956e-02,4.088459536433219910e-02,-4.757222905755043030e-02,1.963585615158081055e-01,1.687101125717163086e-01,-2.142015695571899414e-01,-4.874264299869537354e-01,-1.060124337673187256e-01,9.492938965559005737e-02,-1.780647188425064087e-01,1.150165945291519165e-01,-3.926980495452880859e-01,1.147985458374023438e-01,-2.737091481685638428e-02
-1.084098100662231445e+00,-1.837246716022491455e-01,8.284602761268615723e-01,-1.344055216759443283e-02,-9.980133734643459320e-03,6.971479058265686035e-01,-7.167318463325500488e-01,-1.141629517078399658e-01,4.900740087032318115e-02,-6.543891876935958862e-02,1.485706120729446411e-01,-7.320669293403625488e-02,-7.387334108352661133e-02,-4.014487192034721375e-02,-5.302339419722557068e-02,-2.215137183666229248e-01,9.610576182603836060e-02,-8.155329525470733643e-02,4.086702316999435425e-02,-4.745163396000862122e-02,1.966232210397720337e-01,1.686967015266418457e-01,-2.139748781919479370e-01,-4.872107505798339844e-01,-1.059336960315704346e-01,9.495822340250015259e-02,-1.783491522073745728e-01,1.153014600276947021e-01,-3.927100896835327148e-01,1.147673130035400391e-01,-2.735530957579612732e-02
-1.084073781967163086e+00,-1.837434619665145874e-01,8.284522294998168945e-01,-1.337026804685592651e-02,-1.003617979586124420e-02,6.972663998603820801e-01,-7.166171073913574219e-01,-1.140558943152427673e-01,4.925022274255752563e-02,-6.503261625766754150e-02,1.486092209815979004e-01,-7.342869788408279419e-02,-7.391701638698577881e-02,-4.011163860559463501e-02,-5.277781561017036438e-02,-2.212117165327072144e-01,9.585992246866226196e-02,-8.136038482189178467e-02,4.089130461215972900e-02,-4.748285189270973206e-02,1.968948543071746826e-01,1.686788648366928101e-01,-2.137437164783477783e-01,-4.870012700557708740e-01,-1.058417856693267822e-01,9.496796131134033203e-02,-1.786212474107742310e-01,1.155327185988426208e-01,-3.927383720874786377e-01,1.146991103887557983e-01,-2.733300998806953430e-02
-1.084057569503784180e+00,-1.837594509124755859e-01,8.284412026405334473e-01,-1.329662557691335678e-02,-1.008732896298170090e-02,6.974182724952697754e-01,-7.164700031280517578e-01,-1.139042228460311890e-01,4.949102923274040222e-02,-6.469968706369400024e-02,1.486717611551284790e-01,-7.367959618568420410e-02,-7.393529266119003296e-02,-4.025182873010635376e-02,-5.263961479067802429e-02,-2.208284735679626465e-01,9.646334499120712280e-02,-8.166419714689254761e-02,4.074093699455261230e-02,-4.749713465571403503e-02,1.971781700849533081e-01,1.686684787273406982e-01,-2.135468572378158569e-01,-4.867938756942749023e-01,-1.057595908641815186e-01,9.495449066162109375e-02,-1.789414286613464355e-01,1.156925559043884277e-01,-3.927760124206542969e-01,1.145813316106796265e-01,-2.726820483803749084e-02
-1.084040999412536621e+00,-1.837769299745559692e-01,8.284316062927246094e-01,-1.325127109885215759e-02,-1.015973929315805435e-02,6.975677609443664551e-01,-7.163242101669311523e-01,-1.137456595897674561e-01,4.975474625825881958e-02,-6.436931341886520386e-02,1.487022638320922852e-01,-7.395538687705993652e-02,-7.393626123666763306e-02,-4.039648920297622681e-02,-5.244322493672370911e-02,-2.204758971929550171e-01,9.656219184398651123e-02,-8.157811313867568970e-02,4.079222679138183594e-02,-4.742713272571563721e-02,1.974763870239257812e-01,1.686854064464569092e-01,-2.134115099906921387e-01,-4.865984916687011719e-01,-1.056889072060585022e-01,9.500125795602798462e-02,-1.791917383670806885e-01,1.158562973141670227e-01,-3.926803171634674072e-01,1.144350618124008179e-01,-2.717455849051475525e-02
-1.084033131599426270e+00,-1.838006228208541870e-01,8.284212946891784668e-01,-1.323186419904232025e-02,-1.021499838680028915e-02,6.977345347404479980e-01,-7.161613106727600098e-01,-1.136127039790153503e-01,4.993827268481254578e-02,-6.397301703691482544e-02,1.487529426813125610e-01,-7.409894466400146484e-02,-7.394248992204666138e-02,-4.026620090007781982e-02,-5.226790532469749451e-02,-2.201963961124420166e-01,9.645959734916687012e-02,-8.159066736698150635e-02,4.085642099380493164e-02,-4.734374210238456726e-02,1.977696716785430908e-01,1.687154918909072876e-01,-2.133310288190841675e-01,-4.864572286605834961e-01,-1.056081578135490417e-01,9.501120448112487793e-02,-1.794037520885467529e-01,1.159614920616149902e-01,-3.926157057285308838e-01,1.142564862966537476e-01,-2.706871740520000458e-02
-1.084024548530578613e+00,-1.838416159152984619e-01,8.284118175506591797e-01,-1.315866596996784210e-02,-1.024947501718997955e-02,6.978758573532104492e-01,-7.160245180130004883e-01,-1.135193407535552979e-01,5.008128285408020020e-02,-6.371580064296722412e-02,1.487675011157989502e-01,-7.429277896881103516e-02,-7.395856082439422607e-02,-4.046097397804260254e-02,-5.209492146968841553e-02,-2.198613435029983521e-01,9.677150100469589233e-02,-8.171495795249938965e-02,4.078891128301620483e-02,-4.725162684917449951e-02,1.980385035276412964e-01,1.687562465667724609e-01,-2.132531404495239258e-01,-4.863686561584472656e-01,-1.054968088865280151e-01,9.506656974554061890e-02,-1.795795112848281860e-01,1.160888895392417908e-01,-3.924565613269805908e-01,1.141052097082138062e-01,-2.692893333733081818e-02
-1.084024667739868164e+00,-1.838823705911636353e-01,8.284044861793518066e-01,-1.313931308686733246e-02,-1.033486705273389816e-02,6.980402469635009766e-01,-7.158633470535278320e-01,-1.134519502520561218e-01,5.034803226590156555e-02,-6.331057101488113403e-02,1.488438397645950317e-01,-7.452284544706344604e-02,-7.396803796291351318e-02,-4.023831710219383240e-02,-5.195415765047073364e-02,-2.196039706468582153e-01,9.628391265869140625e-02,-8.157458156347274780e-02,4.094459116458892822e-02,-4.725579917430877686e-02,1.982247531414031982e-01,1.688138991594314575e-01,-2.131536751985549927e-01,-4.864476621150970459e-01,-1.053672879934310913e-01,9.510696679353713989e-02,-1.796618402004241943e-01,1.161718592047691345e-01,-3.922939598560333252e-01,1.139304339885711670e-01,-2.677282691001892090e-02
-1.084016680717468262e+00,-1.839116215705871582e-01,8.283954262733459473e-01,-1.310313120484352112e-02,-1.038343086838722229e-02,6.982221603393554688e-01,-7.156859040260314941e-01,-1.132773235440254211e-01,5.050679296255111694e-02,-6.289435178041458130e-02,1.489533483982086182e-01,-7.475842535495758057e-02,-7.399185746908187866e-02,-4.008625820279121399e-02,-5.172980949282646179e-02,-2.193044126033782959e-01,9.592370688915252686e-02,-8.133582770824432373e-02,4.099414497613906860e-02,-4.729652404785156250e-02,1.984026730060577393e-01,1.688652932643890381e-01,-2.130210250616073608e-01,-4.865134954452514648e-01,-1.052080094814300537e-01,9.513836354017257690e-02,-1.797198653221130371e-01,1.162565052509307861e-01,-3.921504318714141846e-01,1.138174086809158325e-01,-2.655870467424392700e-02
-1.084016680717468262e+00,-1.839185059070587158e-01,8.283883929252624512e-01,-1.305829361081123352e-02,-1.042706612497568130e-02,6.983180046081542969e-01,-7.155925631523132324e-01,-1.132096126675605774e-01,5.065727978944778442e-02,-6.265120208263397217e-02,1.490252614021301270e-01,-7.491717487573623657e-02,-7.401330769062042236e-02,-3.999201208353042603e-02,-5.151751264929771423e-02,-2.191453427076339722e-01,9.548045694828033447e-02,-8.098076283931732178e-02,4.106798022985458374e-02,-4.708824679255485535e-02,1.985911726951599121e-01,1.689125597476959229e-01,-2.128900736570358276e-01,-4.865149855613708496e-01,-1.050841808319091797e-01,9.518665075302124023e-02,-1.797405183315277100e-01,1.163202524185180664e-01,-3.919634521007537842e-01,1.137277856469154358e-01,-2.635761350393295288e-02
-1.084008097648620605e+00,-1.839454919099807739e-01,8.283802866935729980e-01,-1.301199942827224731e-02,-1.044373773038387299e-02,6.984407305717468262e-01,-7.154734134674072266e-01,-1.132149696350097656e-01,5.088991299271583557e-02,-6.249686703085899353e-02,1.491644829511642456e-01,-7.515840232372283936e-02,-7.394837588071823120e-02,-4.010965675115585327e-02,-5.145138874650001526e-02,-2.189018726348876953e-01,9.589724242687225342e-02,-8.122699707746505737e-02,4.096001014113426208e-02,-4.705379530787467957e-02,1.987723261117935181e-01,1.689448058605194092e-01,-2.127862125635147095e-01,-4.865254461765289307e-01,-1.049979105591773987e-01,9.524474292993545532e-02,-1.797804236412048340e-01,1.163902133703231812e-01,-3.917504847049713135e-01,1.136778146028518677e-01,-2.618069201707839966e-02
-1.084008336067199707e+00,-1.839764416217803955e-01,8.283627033233642578e-01,-1.297845132648944855e-02,-1.049007847905158997e-02,6.985545754432678223e-01,-7.153621912002563477e-01,-1.132264658808708191e-01,5.099886283278465271e-02,-6.232599541544914246e-02,1.493212133646011353e-01,-7.538735121488571167e-02,-7.392300665378570557e-02,-4.020213708281517029e-02,-5.129411444067955017e-02,-2.186482846736907959e-01,9.581190347671508789e-02,-8.113994449377059937e-02,4.101550206542015076e-02,-4.703130945563316345e-02,1.988770812749862671e-01,1.689851582050323486e-01,-2.126643657684326172e-01,-4.866550266742706299e-01,-1.049331352114677429e-01,9.528401494026184082e-02,-1.798182427883148193e-01,1.164479702711105347e-01,-3.915674090385437012e-01,1.136389076709747314e-01,-2.603258937597274780e-02
-1.084000229835510254e+00,-1.840071231126785278e-01,8.283554315567016602e-01,-1.296595018357038498e-02,-1.053762901574373245e-02,6.986708641052246094e-01,-7.152481079101562500e-01,-1.133090928196907043e-01,5.108373984694480896e-02,-6.213925033807754517e-02,1.493736654520034790e-01,-7.559247314929962158e-02,-7.388227432966232300e-02,-4.002188891172409058e-02,-5.113869905471801758e-02,-2.184985578060150146e-01,9.541567414999008179e-02,-8.102689683437347412e-02,4.110957682132720947e-02,-4.690618440508842468e-02,1.989224553108215332e-01,1.690039932727813721e-01,-2.124840468168258667e-01,-4.868286252021789551e-01,-1.048668771982192993e-01,9.535353630781173706e-02,-1.798601746559143066e-01,1.165439188480377197e-01,-3.913251161575317383e-01,1.136507242918014526e-01,-2.595046907663345337e-02
-1.083992004394531250e+00,-1.840391904115676880e-01,8.283481597900390625e-01,-1.292606070637702942e-02,-1.055820193141698837e-02,6.987614035606384277e-01,-7.151600718498229980e-01,-1.132806465029716492e-01,5.125968903303146362e-02,-6.208559870719909668e-02,1.495696306228637695e-01,-7.588471472263336182e-02,-7.383153587579727173e-02,-4.005265980958938599e-02,-5.105803161859512329e-02,-2.183097451925277710e-01,9.543661773204803467e-02,-8.106426149606704712e-02,4.107366502285003662e-02,-4.684455692768096924e-02,1.989548653364181519e-01,1.690015345811843872e-01,-2.122935801744461060e-01,-4.869869947433471680e-01,-1.048322170972824097e-01,9.540273249149322510e-02,-1.798731386661529541e-01,1.166339144110679626e-01,-3.911214768886566162e-01,1.136504411697387695e-01,-2.589548751711845398e-02
-1.083992004394531250e+00,-1.840673983097076416e-01,8.283372521400451660e-01,-1.288640126585960388e-02,-1.058776956051588058e-02,6.988210678100585938e-01,-7.151020765304565430e-01,-1.132866144180297852e-01,5.135341361165046692e-02,-6.182458996772766113e-02,1.497758626937866211e-01,-7.615315914154052734e-02,-7.383946329355239868e-02,-4.019629955291748047e-02,-5.097495019435882568e-02,-2.181592583656311035e-01,9.573618322610855103e-02,-8.126410841941833496e-02,4.102149233222007751e-02,-4.691506549715995789e-02,1.989444196224212646e-01,1.690217852592468262e-01,-2.121247202157974243e-01,-4.872123599052429199e-01,-1.048457026481628418e-01,9.543477743864059448e-02,-1.798975467681884766e-01,1.167270913720130920e-01,-3.909403979778289795e-01,1.136566326022148132e-01,-2.584887482225894928e-02
-1.083984136581420898e+00,-1.840947419404983521e-01,8.283289670944213867e-01,-1.287687011063098907e-02,-1.063400227576494217e-02,6.989200115203857422e-01,-7.150048017501831055e-01,-1.133246049284934998e-01,5.146676674485206604e-02,-6.163807213306427002e-02,1.498979032039642334e-01,-7.640981674194335938e-02,-7.381942868232727051e-02,-4.014506563544273376e-02,-5.085255950689315796e-02,-2.180291116237640381e-01,9.551040083169937134e-02,-8.119949698448181152e-02,4.109623283147811890e-02,-4.684405773878097534e-02,1.989011168479919434e-01,1.690300703048706055e-01,-2.119495421648025513e-01,-4.874920845031738281e-01,-1.048703044652938843e-01,9.546718001365661621e-02,-1.799110919237136841e-01,1.168070062994956970e-01,-3.907399773597717285e-01,1.136414930224418640e-01,-2.580071613192558289e-02
-1.083984255790710449e+00,-1.841224879026412964e-01,8.283203840255737305e-01,-1.284637488424777985e-02,-1.067575905472040176e-02,6.989876627922058105e-01,-7.149386405944824219e-01,-1.132945865392684937e-01,5.154987797141075134e-02,-6.149472668766975403e-02,1.500981003046035767e-01,-7.668694853782653809e-02,-7.381527125835418701e-02,-4.021758958697319031e-02,-5.072550103068351746e-02,-2.178309261798858643e-01,9.542795270681381226e-02,-8.109463751316070557e-02,4.109691083431243896e-02,-4.684526473283767700e-02,1.988842040300369263e-01,1.690496951341629028e-01,-2.118016332387924194e-01,-4.877157807350158691e-01,-1.049202606081962585e-01,9.556957334280014038e-02,-1.799135953187942505e-01,1.168992519378662109e-01,-3.903728425502777100e-01,1.136043891310691833e-01,-2.575407549738883972e-02
-1.083975911140441895e+00,-1.841607242822647095e-01,8.283188343048095703e-01,-1.280305720865726471e-02,-1.069800648838281631e-02,6.990792751312255859e-01,-7.148495316505432129e-01,-1.132723912596702576e-01,5.169120430946350098e-02,-6.129334494471549988e-02,1.502593010663986206e-01,-7.698365300893783569e-02,-7.377287000417709351e-02,-4.054433479905128479e-02,-5.075239762663841248e-02,-2.175546139478683472e-01,9.610921889543533325e-02,-8.142601698637008667e-02,4.095591232180595398e-02,-4.694747924804687500e-02,1.988374888896942139e-01,1.690165400505065918e-01,-2.116399407386779785e-01,-4.880475699901580811e-01,-1.049407497048377991e-01,9.563164412975311279e-02,-1.799268424510955811e-01,1.169863939285278320e-01,-3.900736570358276367e-01,1.135362610220909119e-01,-2.570296451449394226e-02
-1.083968281745910645e+00,-1.841998547315597534e-01,8.283198475837707520e-01,-1.281629502773284912e-02,-1.077580451965332031e-02,6.992236375808715820e-01,-7.147068977355957031e-01,-1.133527010679244995e-01,5.180131644010543823e-02,-6.099609285593032837e-02,1.503912955522537231e-01,-7.726886123418807983e-02,-7.375110685825347900e-02,-4.031018540263175964e-02,-5.064112320542335510e-02,-2.173570394515991211e-01,9.541999548673629761e-02,-8.116894960403442383e-02,4.116363823413848877e-02,-4.694021493196487427e-02,1.987942308187484741e-01,1.689627766609191895e-01,-2.114715129137039185e-01,-4.883959591388702393e-01,-1.049505397677421570e-01,9.563475847244262695e-02,-1.799059063196182251e-01,1.170353442430496216e-01,-3.898694813251495361e-01,1.134308874607086182e-01,-2.563859336078166962e-02
-1.083968400955200195e+00,-1.842380166053771973e-01,8.283209204673767090e-01,-1.276629138737916946e-02,-1.081482972949743271e-02,6.993122100830078125e-01,-7.146205306053161621e-01,-1.133135855197906494e-01,5.193689465522766113e-02,-6.077075377106666565e-02,1.506247520446777344e-01,-7.757672667503356934e-02,-7.375506311655044556e-02,-4.036637768149375916e-02,-5.054262652993202209e-02,-2.170497924089431763e-01,9.521882236003875732e-02,-8.093684911727905273e-02,4.115110263228416443e-02,-4.700072854757308960e-02,1.987655460834503174e-01,1.689034253358840942e-01,-2.112675756216049194e-01,-4.886778891086578369e-01,-1.049657762050628662e-01,9.562315046787261963e-02,-1.799159795045852661e-01,1.170620918273925781e-01,-3.896643519401550293e-01,1.133377403020858765e-01,-2.558778412640094757e-02
-1.083960413932800293e+00,-1.843001395463943481e-01,8.283208012580871582e-01,-1.275225263088941574e-02,-1.087034866213798523e-02,6.994716525077819824e-01,-7.144638299942016602e-01,-1.133747100830078125e-01,5.204544216394424438e-02,-6.037212535738945007e-02,1.508449167013168335e-01,-7.791298627853393555e-02,-7.378439605236053467e-02,-4.029963910579681396e-02,-5.053111538290977478e-02,-2.167717814445495605e-01,9.519494324922561646e-02,-8.107832819223403931e-02,4.109623655676841736e-02,-4.709674045443534851e-02,1.987536847591400146e-01,1.688163727521896362e-01,-2.110514938831329346e-01,-4.889311194419860840e-01,-1.049697250127792358e-01,9.556950628757476807e-02,-1.799631714820861816e-01,1.170641183853149414e-01,-3.895191252231597900e-01,1.132505089044570923e-01,-2.552693337202072144e-02
-1.083952307701110840e+00,-1.843444108963012695e-01,8.283181786537170410e-01,-1.272829715162515640e-02,-1.090162526816129684e-02,6.996050477027893066e-01,-7.143332362174987793e-01,-1.133954152464866638e-01,5.209482833743095398e-02,-6.004638224840164185e-02,1.510911732912063599e-01,-7.821483165025711060e-02,-7.379367947578430176e-02,-4.059438407421112061e-02,-5.046812817454338074e-02,-2.163941860198974609e-01,9.553769230842590332e-02,-8.119025081396102905e-02,4.105813428759574890e-02,-4.715871810913085938e-02,1.987505853176116943e-01,1.686819195747375488e-01,-2.108329236507415771e-01,-4.891764521598815918e-01,-1.049590632319450378e-01,9.548679739236831665e-02,-1.800588518381118774e-01,1.170453429222106934e-01,-3.894199728965759277e-01,1.131648048758506775e-01,-2.546569332480430603e-02
-1.083911657333374023e+00,-1.843874305486679077e-01,8.283180594444274902e-01,-1.274622045457363129e-02,-1.097399834543466568e-02,6.997424960136413574e-01,-7.141971588134765625e-01,-1.135076433420181274e-01,5.213706940412521362e-02,-5.974655225872993469e-02,1.513545364141464233e-01,-7.849415391683578491e-02,-7.375991344451904297e-02,-4.071839153766632080e-02,-5.040462315082550049e-02,-2.159960269927978516e-01,9.540146589279174805e-02,-8.112885802984237671e-02,4.111452773213386536e-02,-4.714421182870864868e-02,1.986993551254272461e-01,1.685127764940261841e-01,-2.105778604745864868e-01,-4.895263016223907471e-01,-1.049524396657943726e-01,9.541129320859909058e-02,-1.801429241895675659e-01,1.170037761330604553e-01,-3.892821967601776123e-01,1.130388602614402771e-01,-2.542463317513465881e-02
-1.083870887756347656e+00,-1.844627261161804199e-01,8.283179998397827148e-01,-1.274950988590717316e-02,-1.103882677853107452e-02,6.999241709709167480e-01,-7.140180468559265137e-01,-1.135111972689628601e-01,5.218417197465896606e-02,-5.937895551323890686e-02,1.515274196863174438e-01,-7.884385436773300171e-02,-7.367172092199325562e-02,-4.083491489291191101e-02,-5.034469440579414368e-02,-2.155219316482543945e-01,9.536155313253402710e-02,-8.117403835058212280e-02,4.110738262534141541e-02,-4.726952686905860901e-02,1.986837387084960938e-01,1.683816015720367432e-01,-2.103242129087448120e-01,-4.897797405719757080e-01,-1.049614921212196350e-01,9.531828016042709351e-02,-1.802289038896560669e-01,1.169503927230834961e-01,-3.891508877277374268e-01,1.129017472267150879e-01,-2.533404715359210968e-02
-1.083830237388610840e+00,-1.845384091138839722e-01,8.283159732818603516e-01,-1.274650823324918747e-02,-1.110681239515542984e-02,7.001260519027709961e-01,-7.138190865516662598e-01,-1.133812963962554932e-01,5.222521722316741943e-02,-5.885981768369674683e-02,1.516657322645187378e-01,-7.922816276550292969e-02,-7.362298667430877686e-02,-4.091253876686096191e-02,-5.029613897204399109e-02,-2.150251567363739014e-01,9.554202854633331299e-02,-8.134143054485321045e-02,4.106431826949119568e-02,-4.740398004651069641e-02,1.986967176198959351e-01,1.681961119174957275e-01,-2.100173383951187134e-01,-4.899329245090484619e-01,-1.049041599035263062e-01,9.521628171205520630e-02,-1.803263872861862183e-01,1.168843805789947510e-01,-3.890019953250885010e-01,1.127672567963600159e-01,-2.522711828351020813e-02
-1.083781599998474121e+00,-1.845638155937194824e-01,8.283167481422424316e-01,-1.270610187202692032e-02,-1.113869901746511459e-02,7.002799510955810547e-01,-7.136683464050292969e-01,-1.134648993611335754e-01,5.228315666317939758e-02,-5.837906524538993835e-02,1.519261300563812256e-01,-7.954479008913040161e-02,-7.355225831270217896e-02,-4.093859344720840454e-02,-5.021526291966438293e-02,-2.146648764610290527e-01,9.525905549526214600e-02,-8.118119090795516968e-02,4.113286733627319336e-02,-4.729098454117774963e-02,1.986996680498123169e-01,1.679754704236984253e-01,-2.096728086471557617e-01,-4.901109337806701660e-01,-1.048132479190826416e-01,9.512471407651901245e-02,-1.804386079311370850e-01,1.168085113167762756e-01,-3.888259828090667725e-01,1.126245856285095215e-01,-2.514669857919216156e-02
-1.083748817443847656e+00,-1.846169829368591309e-01,8.283181190490722656e-01,-1.268587447702884674e-02,-1.116381026804447174e-02,7.004479169845581055e-01,-7.135034799575805664e-01,-1.134926080703735352e-01,5.237809196114540100e-02,-5.791916698217391968e-02,1.521121710538864136e-01,-7.981265336275100708e-02,-7.351339608430862427e-02,-4.097706079483032227e-02,-5.010802298784255981e-02,-2.143259048461914062e-01,9.483913332223892212e-02,-8.088184148073196411e-02,4.119446873664855957e-02,-4.727108776569366455e-02,1.987213492393493652e-01,1.677571237087249756e-01,-2.093038111925125122e-01,-4.902314841747283936e-01,-1.047151610255241394e-01,9.502292424440383911e-02,-1.805623769760131836e-01,1.167325377464294434e-01,-3.886742293834686279e-01,1.124572604894638062e-01,-2.508078701794147491e-02
-1.083707928657531738e+00,-1.846663504838943481e-01,8.283166289329528809e-01,-1.264582108706235886e-02,-1.117430813610553741e-02,7.005854249000549316e-01,-7.133690118789672852e-01,-1.135253757238388062e-01,5.252742767333984375e-02,-5.737633630633354187e-02,1.525678187608718872e-01,-8.023630827665328979e-02,-7.342252880334854126e-02,-4.122085496783256531e-02,-5.012688413262367249e-02,-2.140049040317535400e-01,9.538304060697555542e-02,-8.111127465963363647e-02,4.106454178690910339e-02,-4.735755920410156250e-02,1.987769603729248047e-01,1.674882173538208008e-01,-2.089425176382064819e-01,-4.902949929237365723e-01,-1.046018153429031372e-01,9.491252154111862183e-02,-1.807175576686859131e-01,1.165784299373626709e-01,-3.884973227977752686e-01,1.122242063283920288e-01,-2.505523897707462311e-02
-1.083707809448242188e+00,-1.846662312746047974e-01,8.283159136772155762e-01,-1.262599695473909378e-02,-1.122399419546127319e-02,7.007362246513366699e-01,-7.132204174995422363e-01,-1.136680468916893005e-01,5.254297703504562378e-02,-5.704475194215774536e-02,1.527465283870697021e-01,-8.049277216196060181e-02,-7.344453036785125732e-02,-4.116855189204216003e-02,-5.003989860415458679e-02,-2.137508243322372437e-01,9.502466022968292236e-02,-8.094722032546997070e-02,4.117999598383903503e-02,-4.715452715754508972e-02,1.988257467746734619e-01,1.672167927026748657e-01,-2.085726112127304077e-01,-4.903046488761901855e-01,-1.044879555702209473e-01,9.478409588336944580e-02,-1.808594763278961182e-01,1.164194792509078979e-01,-3.883791267871856689e-01,1.119662523269653320e-01,-2.501496486365795135e-02
-1.083707690238952637e+00,-1.846663504838943481e-01,8.283155560493469238e-01,-1.261475402861833572e-02,-1.121458411216735840e-02,7.008399963378906250e-01,-7.131187915802001953e-01,-1.136776283383369446e-01,5.261328071355819702e-02,-5.671148747205734253e-02,1.530316323041915894e-01,-8.077599108219146729e-02,-7.336422055959701538e-02,-4.132292047142982483e-02,-5.001625418663024902e-02,-2.135290056467056274e-01,9.512800723314285278e-02,-8.089461177587509155e-02,4.113482311367988586e-02,-4.712998121976852417e-02,1.988509893417358398e-01,1.669600754976272583e-01,-2.081871330738067627e-01,-4.903193712234497070e-01,-1.044046059250831604e-01,9.465568512678146362e-02,-1.809710413217544556e-01,1.162630915641784668e-01,-3.882727921009063721e-01,1.116943359375000000e-01,-2.500076964497566223e-02
