-1.086169004440307617e+00,-1.558935344219207764e-01,8.283257484436035156e-01,1.822282932698726654e-02,8.912688121199607849e-03,-6.819586157798767090e-01,7.311094403266906738e-01,-1.249763742089271545e-01,4.800300672650337219e-02,2.878912724554538727e-02,1.149328500032424927e-01,-4.001275449991226196e-02,-7.616596668958663940e-02,-1.261004656553268433e-01,-7.443274557590484619e-02,-2.237186133861541748e-01,1.802558898925781250e-01,-8.351550996303558350e-02,3.901898860931396484e-02,-3.067297302186489105e-02,3.095587491989135742e-01,2.847275733947753906e-01,-8.279602229595184326e-02,-4.293810427188873291e-01,-1.240156888961791992e-01,1.826280802488327026e-01,-3.947924971580505371e-01,9.729845076799392700e-02,-2.534081637859344482e-01,1.510521024465560913e-01,-7.175957318395376205e-03
-1.086134433746337891e+00,-1.558532714843750000e-01,8.283038735389709473e-01,1.804663985967636108e-02,8.730564266443252563e-03,-6.818050146102905273e-01,7.312592267990112305e-01,-1.247034519910812378e-01,4.791823029518127441e-02,2.842085994780063629e-02,1.151946783065795898e-01,-4.005486518144607544e-02,-7.605344057083129883e-02,-1.252843439579010010e-01,-7.453037053346633911e-02,-2.242553681135177612e-01,1.800376474857330322e-01,-8.343587070703506470e-02,3.912802040576934814e-02,-3.089088201522827148e-02,3.122286200523376465e-01,2.831131219863891602e-01,-8.271957933902740479e-02,-4.333265423774719238e-01,-1.234716251492500305e-01,1.846422851085662842e-01,-3.936317861080169678e-01,9.684693813323974609e-02,-2.565519511699676514e-01,1.508794128894805908e-01,-7.062198128551244736e-03
-1.086102247238159180e+00,-1.558260619640350342e-01,8.283004164695739746e-01,1.793410070240497589e-02,8.596356026828289032e-03,-6.816295385360717773e-01,7.314271330833435059e-01,-1.245862990617752075e-01,4.780110716819763184e-02,2.798409387469291687e-02,1.154612824320793152e-01,-4.010759294033050537e-02,-7.597517222166061401e-02,-1.248302310705184937e-01,-7.464861869812011719e-02,-2.246868163347244263e-01,1.800041794776916504e-01,-8.343762904405593872e-02,3.919484466314315796e-02,-3.110890276730060577e-02,3.140078485012054443e-01,2.831254899501800537e-01,-8.263171464204788208e-02,-4.360288679599761963e-01,-1.216627955436706543e-01,1.862688809633255005e-01,-3.938175737857818604e-01,9.622100740671157837e-02,-2.590634226799011230e-01,1.498861163854598999e-01,-7.042565848678350449e-03
-1.086077809333801270e+00,-1.558088362216949463e-01,8.282966017723083496e-01,1.781946793198585510e-02,8.473245427012443542e-03,-6.814618706703186035e-01,7.315875887870788574e-01,-1.245184168219566345e-01,4.772665351629257202e-02,2.760210819542407990e-02,1.157710030674934387e-01,-4.016901925206184387e-02,-7.591141760349273682e-02,-1.243882700800895691e-01,-7.473138719797134399e-02,-2.250427156686782837e-01,1.800238192081451416e-01,-8.349739015102386475e-02,3.925264626741409302e-02,-3.131708130240440369e-02,3.152737915515899658e-01,2.837169766426086426e-01,-8.288231492042541504e-02,-4.379540383815765381e-01,-1.194143518805503845e-01,1.877399981021881104e-01,-3.943900465965270996e-01,9.572456777095794678e-02,-2.611216902732849121e-01,1.485885828733444214e-01,-7.067038677632808685e-03
-1.086061596870422363e+00,-1.558123677968978882e-01,8.282842040061950684e-01,1.771109364926815033e-02,8.366437628865242004e-03,-6.813065409660339355e-01,7.317361235618591309e-01,-1.243434026837348938e-01,4.767397046089172363e-02,2.721035480499267578e-02,1.159740760922431946e-01,-4.029963165521621704e-02,-7.585335522890090942e-02,-1.238837763667106628e-01,-7.482088357210159302e-02,-2.256251573562622070e-01,1.800013184547424316e-01,-8.360043913125991821e-02,3.933101519942283630e-02,-3.132586926221847534e-02,3.161913752555847168e-01,2.845218777656555176e-01,-8.347466588020324707e-02,-4.393931329250335693e-01,-1.170982792973518372e-01,1.890940368175506592e-01,-3.950601518154144287e-01,9.538123756647109985e-02,-2.628905475139617920e-01,1.471690982580184937e-01,-7.147100288420915604e-03
-1.086037397384643555e+00,-1.558001935482025146e-01,8.282789587974548340e-01,1.751915551722049713e-02,8.221455849707126617e-03,-6.811480522155761719e-01,7.318899035453796387e-01,-1.240919306874275208e-01,4.768919572234153748e-02,2.681837975978851318e-02,1.162517890334129333e-01,-4.042615741491317749e-02,-7.577523589134216309e-02,-1.230629310011863708e-01,-7.479397952556610107e-02,-2.262189090251922607e-01,1.797080934047698975e-01,-8.357473462820053101e-02,3.939618170261383057e-02,-3.140826895833015442e-02,3.168849050998687744e-01,2.854199111461639404e-01,-8.432242274284362793e-02,-4.404466450214385986e-01,-1.148838773369789124e-01,1.904310733079910278e-01,-3.957699537277221680e-01,9.526833146810531616e-02,-2.643948793411254883e-01,1.457771211862564087e-01,-7.290850859135389328e-03
-1.086021304130554199e+00,-1.557919979095458984e-01,8.282756805419921875e-01,1.735303178429603577e-02,8.106137625873088837e-03,-6.809887886047363281e-01,7.320433259010314941e-01,-1.238635256886482239e-01,4.771814495325088501e-02,2.645355090498924255e-02,1.164836511015892029e-01,-4.055134207010269165e-02,-7.571443170309066772e-02,-1.222497597336769104e-01,-7.474239915609359741e-02,-2.268112301826477051e-01,1.792972683906555176e-01,-8.350364118814468384e-02,3.946004435420036316e-02,-3.153487667441368103e-02,3.174131810665130615e-01,2.863720059394836426e-01,-8.532503992319107056e-02,-4.412183463573455811e-01,-1.128223836421966553e-01,1.917252689599990845e-01,-3.964683413505554199e-01,9.534420073032379150e-02,-2.657706141471862793e-01,1.444034427404403687e-01,-7.513565942645072937e-03
-1.086005210876464844e+00,-1.557796299457550049e-01,8.282644152641296387e-01,1.716707646846771240e-02,7.982384413480758667e-03,-6.808369159698486328e-01,7.321903109550476074e-01,-1.236059516668319702e-01,4.778023064136505127e-02,2.606312744319438934e-02,1.167042255401611328e-01,-4.066977649927139282e-02,-7.563143968582153320e-02,-1.213760524988174438e-01,-7.464370876550674438e-02,-2.273613959550857544e-01,1.788120120763778687e-01,-8.338171243667602539e-02,3.950414061546325684e-02,-3.166446089744567871e-02,3.178182840347290039e-01,2.873334884643554688e-01,-8.643840998411178589e-02,-4.418093860149383545e-01,-1.109332740306854248e-01,1.929070055484771729e-01,-3.971002697944641113e-01,9.547136723995208740e-02,-2.670977413654327393e-01,1.430023610591888428e-01,-7.816189900040626526e-03
-1.085981607437133789e+00,-1.557874083518981934e-01,8.282631635665893555e-01,1.704058982431888580e-02,7.875848561525344849e-03,-6.806792616844177246e-01,7.323409914970397949e-01,-1.234124302864074707e-01,4.774225875735282898e-02,2.562369219958782196e-02,1.168549582362174988e-01,-4.073318839073181152e-02,-7.553790509700775146e-02,-1.207376718521118164e-01,-7.467523217201232910e-02,-2.279531508684158325e-01,1.785564124584197998e-01,-8.335441350936889648e-02,3.957844153046607971e-02,-3.173516318202018738e-02,3.181118369102478027e-01,2.882991433143615723e-01,-8.758073300123214722e-02,-4.422796368598937988e-01,-1.091831102967262268e-01,1.940176934003829956e-01,-3.976766467094421387e-01,9.565148502588272095e-02,-2.683413028717041016e-01,1.416369527578353882e-01,-8.159168064594268799e-03
-1.085981845855712891e+00,-1.557967066764831543e-01,8.282533288002014160e-01,1.693635247647762299e-02,7.774734869599342346e-03,-6.805160045623779297e-01,7.324962019920349121e-01,-1.232780367136001587e-01,4.769921302795410156e-02,2.521991357207298279e-02,1.170191317796707153e-01,-4.078740254044532776e-02,-7.549485564231872559e-02,-1.203606799244880676e-01,-7.474268227815628052e-02,-2.284249663352966309e-01,1.786174923181533813e-01,-8.343416452407836914e-02,3.962326049804687500e-02,-3.192620724439620972e-02,3.183125555515289307e-01,2.892392277717590332e-01,-8.871355652809143066e-02,-4.426822364330291748e-01,-1.075452342629432678e-01,1.950563788414001465e-01,-3.982219696044921875e-01,9.585572779178619385e-02,-2.695254683494567871e-01,1.403422951698303223e-01,-8.531912229955196381e-03
-1.085973620414733887e+00,-1.557945460081100464e-01,8.282418251037597656e-01,1.683936268091201782e-02,7.694344036281108856e-03,-6.803839206695556641e-01,7.326219677925109863e-01,-1.231487989425659180e-01,4.768401384353637695e-02,2.490065060555934906e-02,1.171747595071792603e-01,-4.086754471063613892e-02,-7.545736432075500488e-02,-1.198948472738265991e-01,-7.478651404380798340e-02,-2.288918644189834595e-01,1.785747706890106201e-01,-8.354622870683670044e-02,3.969539701938629150e-02,-3.206212818622589111e-02,3.184328675270080566e-01,2.901635169982910156e-01,-8.980829268693923950e-02,-4.430412948131561279e-01,-1.060100272297859192e-01,1.960130631923675537e-01,-3.987250924110412598e-01,9.606267511844635010e-02,-2.707029581069946289e-01,1.391277313232421875e-01,-8.935557678341865540e-03
-1.085965633392333984e+00,-1.557978689670562744e-01,8.282395005226135254e-01,1.674195006489753723e-02,7.613210007548332214e-03,-6.802487969398498535e-01,7.327504754066467285e-01,-1.230120062828063965e-01,4.767161235213279724e-02,2.458085678517818451e-02,1.173246428370475769e-01,-4.094190895557403564e-02,-7.542642205953598022e-02,-1.195898801088333130e-01,-7.483104616403579712e-02,-2.293439656496047974e-01,1.786357760429382324e-01,-8.360816538333892822e-02,3.973085805773735046e-02,-3.217979893088340759e-02,3.185017704963684082e-01,2.910733222961425781e-01,-9.085221588611602783e-02,-4.433396756649017334e-01,-1.045754253864288330e-01,1.969092488288879395e-01,-3.991847932338714600e-01,9.626130014657974243e-02,-2.718452215194702148e-01,1.380012482404708862e-01,-9.374645538628101349e-03
-1.085949540138244629e+00,-1.557885259389877319e-01,8.282200694084167480e-01,1.662172377109527588e-02,7.511686068028211594e-03,-6.801137924194335938e-01,7.328795790672302246e-01,-1.228403151035308838e-01,4.764727130532264709e-02,2.423278428614139557e-02,1.174827292561531067e-01,-4.103951901197433472e-02,-7.534556090831756592e-02,-1.192379519343376160e-01,-7.488217949867248535e-02,-2.296767234802246094e-01,1.787945628166198730e-01,-8.374588936567306519e-02,3.978246822953224182e-02,-3.235884383320808411e-02,3.185247778892517090e-01,2.919645607471466064e-01,-9.183834493160247803e-02,-4.435936510562896729e-01,-1.032294705510139465e-01,1.977641731500625610e-01,-3.996061980724334717e-01,9.643606096506118774e-02,-2.728974819183349609e-01,1.369727253913879395e-01,-9.807562455534934998e-03
-1.085949659347534180e+00,-1.558095812797546387e-01,8.282168507575988770e-01,1.654921844601631165e-02,7.439874578267335892e-03,-6.799651384353637695e-01,7.330199480056762695e-01,-1.227804496884346008e-01,4.761021956801414490e-02,2.388516068458557129e-02,1.176542192697525024e-01,-4.110258445143699646e-02,-7.531399279832839966e-02,-1.188481003046035767e-01,-7.491943240165710449e-02,-2.299806475639343262e-01,1.788149178028106689e-01,-8.389995992183685303e-02,3.983391076326370239e-02,-3.243848681449890137e-02,3.185003399848937988e-01,2.928391396999359131e-01,-9.275516867637634277e-02,-4.438336789608001709e-01,-1.019539088010787964e-01,1.985395699739456177e-01,-3.999815881252288818e-01,9.656115621328353882e-02,-2.739405035972595215e-01,1.360230445861816406e-01,-1.022813376039266586e-02
-1.085941553115844727e+00,-1.558087915182113647e-01,8.282064199447631836e-01,1.644145697355270386e-02,7.364142686128616333e-03,-6.798375248908996582e-01,7.331414222717285156e-01,-1.227122172713279724e-01,4.762419313192367554e-02,2.354112640023231506e-02,1.178838014602661133e-01,-4.119511321187019348e-02,-7.526911795139312744e-02,-1.185393258929252625e-01,-7.490540295839309692e-02,-2.302400916814804077e-01,1.788581460714340210e-01,-8.395604044198989868e-02,3.985294327139854431e-02,-3.258444741368293762e-02,3.184541165828704834e-01,2.936848700046539307e-01,-9.362331777811050415e-02,-4.440569281578063965e-01,-1.007480770349502563e-01,1.992849856615066528e-01,-4.003172814846038818e-01,9.665419906377792358e-02,-2.748881280422210693e-01,1.351806372404098511e-01,-1.063070725649595261e-02
-1.085942029953002930e+00,-1.558328419923782349e-01,8.281953334808349609e-01,1.638469658792018890e-02,7.295307703316211700e-03,-6.797260642051696777e-01,7.332467436790466309e-01,-1.225935593247413635e-01,4.757642745971679688e-02,2.325967140495777130e-02,1.180027946829795837e-01,-4.127556830644607544e-02,-7.524507492780685425e-02,-1.182344406843185425e-01,-7.499165087938308716e-02,-2.306323498487472534e-01,1.789459884166717529e-01,-8.411835879087448120e-02,3.991121053695678711e-02,-3.263686969876289368e-02,3.183856904506683350e-01,2.945065200328826904e-01,-9.442537277936935425e-02,-4.442598819732666016e-01,-9.959450364112854004e-02,1.999653130769729614e-01,-4.006125628948211670e-01,9.669689089059829712e-02,-2.758100330829620361e-01,1.344220787286758423e-01,-1.099890843033790588e-02
-1.085941910743713379e+00,-1.558620035648345947e-01,8.281927704811096191e-01,1.630989275872707367e-02,7.225210312753915787e-03,-6.795873045921325684e-01,7.333777546882629395e-01,-1.224774122238159180e-01,4.755411297082901001e-02,2.291886694729328156e-02,1.181099191308021545e-01,-4.133670777082443237e-02,-7.521998882293701172e-02,-1.178951486945152283e-01,-7.501761615276336670e-02,-2.309484630823135376e-01,1.789720803499221802e-01,-8.423293381929397583e-02,3.994448110461235046e-02,-3.273845463991165161e-02,3.183048367500305176e-01,2.953033745288848877e-01,-9.520261734724044800e-02,-4.444725811481475830e-01,-9.850625693798065186e-02,2.006068229675292969e-01,-4.008676409721374512e-01,9.669771790504455566e-02,-2.766608893871307373e-01,1.337531954050064087e-01,-1.133125554770231247e-02
-1.085942149162292480e+00,-1.558803021907806396e-01,8.281816244125366211e-01,1.621240191161632538e-02,7.160714361816644669e-03,-6.794706583023071289e-01,7.334885597229003906e-01,-1.223458349704742432e-01,4.757338389754295349e-02,2.261023968458175659e-02,1.182641535997390747e-01,-4.144714772701263428e-02,-7.517900317907333374e-02,-1.174766421318054199e-01,-7.500172406435012817e-02,-2.313666045665740967e-01,1.788640767335891724e-01,-8.427020907402038574e-02,3.998138010501861572e-02,-3.279128670692443848e-02,3.182269632816314697e-01,2.960725128650665283e-01,-9.596487134695053101e-02,-4.446679949760437012e-01,-9.747976064682006836e-02,2.012316733598709106e-01,-4.011009037494659424e-01,9.669642895460128784e-02,-2.774548530578613281e-01,1.331873834133148193e-01,-1.162509247660636902e-02
-1.085942506790161133e+00,-1.559044122695922852e-01,8.281786441802978516e-01,1.609944924712181091e-02,7.083817385137081146e-03,-6.793348193168640137e-01,7.336176037788391113e-01,-1.222110763192176819e-01,4.760305210947990417e-02,2.227730490267276764e-02,1.184633374214172363e-01,-4.156293720006942749e-02,-7.514014840126037598e-02,-1.169017925858497620e-01,-7.493773102760314941e-02,-2.317249178886413574e-01,1.786323934793472290e-01,-8.429327607154846191e-02,4.001045227050781250e-02,-3.288597986102104187e-02,3.181462883949279785e-01,2.968063652515411377e-01,-9.669083356857299805e-02,-4.448378980159759521e-01,-9.649894386529922485e-02,2.018511295318603516e-01,-4.013099372386932373e-01,9.667611122131347656e-02,-2.781485319137573242e-01,1.326749920845031738e-01,-1.190365385264158249e-02
-1.085934758186340332e+00,-1.559199392795562744e-01,8.281770944595336914e-01,1.601795293390750885e-02,7.026792503893375397e-03,-6.792487502098083496e-01,7.336996793746948242e-01,-1.220801249146461487e-01,4.761176928877830505e-02,2.201777324080467224e-02,1.185740828514099121e-01,-4.163684323430061340e-02,-7.511886209249496460e-02,-1.164237856864929199e-01,-7.490932941436767578e-02,-2.320941686630249023e-01,1.783929467201232910e-01,-8.429380506277084351e-02,4.005172103643417358e-02,-3.297439962625503540e-02,3.180555105209350586e-01,2.974864244461059570e-01,-9.735316783189773560e-02,-4.449728131294250488e-01,-9.553979337215423584e-02,2.024247199296951294e-01,-4.015035033226013184e-01,9.662947058677673340e-02,-2.788321375846862793e-01,1.321920901536941528e-01,-1.213781815022230148e-02
-1.085935115814208984e+00,-1.559596061706542969e-01,8.281674981117248535e-01,1.594928838312625885e-02,6.979745812714099884e-03,-6.791593432426452637e-01,7.337843775749206543e-01,-1.219078376889228821e-01,4.762174934148788452e-02,2.174934558570384979e-02,1.186426132917404175e-01,-4.174381494522094727e-02,-7.508958131074905396e-02,-1.159950196743011475e-01,-7.488694041967391968e-02,-2.324851304292678833e-01,1.782011985778808594e-01,-8.432036638259887695e-02,4.008798673748970032e-02,-3.299535438418388367e-02,3.179613649845123291e-01,2.981134951114654541e-01,-9.797434508800506592e-02,-4.450816512107849121e-01,-9.462456405162811279e-02,2.030001431703567505e-01,-4.016785025596618652e-01,9.659756720066070557e-02,-2.794421315193176270e-01,1.317507028579711914e-01,-1.234254706650972366e-02
-1.085935354232788086e+00,-1.559832394123077393e-01,8.281658887863159180e-01,1.586033590137958527e-02,6.924928165972232819e-03,-6.790757775306701660e-01,7.338641285896301270e-01,-1.217804700136184692e-01,4.765894636511802673e-02,2.152244932949542999e-02,1.187680065631866455e-01,-4.183940589427947998e-02,-7.505954056978225708e-02,-1.155695915222167969e-01,-7.483729720115661621e-02,-2.328375428915023804e-01,1.780011951923370361e-01,-8.430429548025131226e-02,4.011065885424613953e-02,-3.306693583726882935e-02,3.178640007972717285e-01,2.986858189105987549e-01,-9.854082763195037842e-02,-4.451445043087005615e-01,-9.374574571847915649e-02,2.035483419895172119e-01,-4.018405675888061523e-01,9.655847400426864624e-02,-2.800148427486419678e-01,1.313340067863464355e-01,-1.253140158951282501e-02
-1.085935592651367188e+00,-1.560283452272415161e-01,8.281637430191040039e-01,1.578701846301555634e-02,6.886968389153480530e-03,-6.790170073509216309e-01,7.339204549789428711e-01,-1.216291710734367371e-01,4.770950227975845337e-02,2.138369157910346985e-02,1.188651695847511292e-01,-4.195801168680191040e-02,-7.505048066377639771e-02,-1.150311604142189026e-01,-7.476896792650222778e-02,-2.331644147634506226e-01,1.776857227087020874e-01,-8.432804048061370850e-02,4.015742242336273193e-02,-3.312001377344131470e-02,3.177702724933624268e-01,2.991952896118164062e-01,-9.906177222728729248e-02,-4.451311826705932617e-01,-9.292536973953247070e-02,2.040914148092269897e-01,-4.019814729690551758e-01,9.654597193002700806e-02,-2.805407643318176270e-01,1.309658735990524292e-01,-1.269602123647928238e-02
-1.085936069488525391e+00,-1.560684144496917725e-01,8.281629085540771484e-01,1.572050899267196655e-02,6.853638216853141785e-03,-6.789616346359252930e-01,7.339734435081481934e-01,-1.214884594082832336e-01,4.776129126548767090e-02,2.124967612326145172e-02,1.189508587121963501e-01,-4.205935075879096985e-02,-7.505736500024795532e-02,-1.146217510104179382e-01,-7.470101863145828247e-02,-2.334633618593215942e-01,1.774168312549591064e-01,-8.429622650146484375e-02,4.017736390233039856e-02,-3.317924961447715759e-02,3.176753520965576172e-01,2.996597290039062500e-01,-9.957390278577804565e-02,-4.451035559177398682e-01,-9.218012541532516479e-02,2.046085447072982788e-01,-4.021092951297760010e-01,9.653404355049133301e-02,-2.810369729995727539e-01,1.306370496749877930e-01,-1.284279301762580872e-02
-1.085936188697814941e+00,-1.561044305562973022e-01,8.281540274620056152e-01,1.565189100801944733e-02,6.815161090344190598e-03,-6.789265275001525879e-01,7.340077161788940430e-01,-1.213627979159355164e-01,4.780961200594902039e-02,2.114671841263771057e-02,1.190814971923828125e-01,-4.217616841197013855e-02,-7.505655288696289062e-02,-1.143807694315910339e-01,-7.464737445116043091e-02,-2.336246222257614136e-01,1.773044317960739136e-01,-8.425410091876983643e-02,4.017594829201698303e-02,-3.329968824982643127e-02,3.176050186157226562e-01,3.000850081443786621e-01,-1.000752002000808716e-01,-4.450256824493408203e-01,-9.148022532463073730e-02,2.050967514514923096e-01,-4.022703766822814941e-01,9.650688618421554565e-02,-2.814927399158477783e-01,1.303387284278869629e-01,-1.297293417155742645e-02
-1.085936546325683594e+00,-1.561417877674102783e-01,8.281528949737548828e-01,1.562181394547224045e-02,6.791169755160808563e-03,-6.789039969444274902e-01,7.340294122695922852e-01,-1.212785691022872925e-01,4.781920462846755981e-02,2.104089222848415375e-02,1.191619485616683960e-01,-4.229058325290679932e-02,-7.504206150770187378e-02,-1.141422986984252930e-01,-7.463521510362625122e-02,-2.337274998426437378e-01,1.772656887769699097e-01,-8.435440808534622192e-02,4.020325094461441040e-02,-3.334990143775939941e-02,3.175411224365234375e-01,3.004551231861114502e-01,-1.005552411079406738e-01,-4.449323117733001709e-01,-9.080734848976135254e-02,2.055598944425582886e-01,-4.024283885955810547e-01,9.647972881793975830e-02,-2.819399535655975342e-01,1.300746351480484009e-01,-1.308612339198589325e-02
-1.085944771766662598e+00,-1.562002301216125488e-01,8.281432390213012695e-01,1.559540908783674240e-02,6.770081352442502975e-03,-6.789026260375976562e-01,7.340314388275146484e-01,-1.211316958069801331e-01,4.783893376588821411e-02,2.100952342152595520e-02,1.192144304513931274e-01,-4.243283346295356750e-02,-7.504275441169738770e-02,-1.139728054404258728e-01,-7.462850958108901978e-02,-2.338028699159622192e-01,1.772695183753967285e-01,-8.444557338953018188e-02,4.022424668073654175e-02,-3.341841697692871094e-02,3.175142705440521240e-01,3.007977306842803955e-01,-1.010520979762077332e-01,-4.447852969169616699e-01,-9.017282724380493164e-02,2.060047090053558350e-01,-4.026013314723968506e-01,9.648028761148452759e-02,-2.823953032493591309e-01,1.298578679561614990e-01,-1.317666936665773392e-02
-1.085945010185241699e+00,-1.562417894601821899e-01,8.281342983245849609e-01,1.557795889675617218e-02,6.757676135748624802e-03,-6.788984537124633789e-01,7.340357899665832520e-01,-1.210380345582962036e-01,4.785995930433273315e-02,2.101921662688255310e-02,1.192621141672134399e-01,-4.255815967917442322e-02,-7.503181695938110352e-02,-1.138242110610008240e-01,-7.460390776395797729e-02,-2.337741106748580933e-01,1.772394925355911255e-01,-8.451743423938751221e-02,4.023774713277816772e-02,-3.352123126387596130e-02,3.175231516361236572e-01,3.011370599269866943e-01,-1.015676110982894897e-01,-4.446234405040740967e-01,-8.956103026866912842e-02,2.064443528652191162e-01,-4.027616381645202637e-01,9.650346636772155762e-02,-2.828183174133300781e-01,1.296838372945785522e-01,-1.324393134564161301e-02
-1.085945129394531250e+00,-1.562931835651397705e-01,8.281331658363342285e-01,1.556695811450481415e-02,6.746435072273015976e-03,-6.789140105247497559e-01,7.340217232704162598e-01,-1.209977045655250549e-01,4.787708073854446411e-02,2.105071954429149628e-02,1.193566992878913879e-01,-4.266473278403282166e-02,-7.503905147314071655e-02,-1.137021556496620178e-01,-7.458732277154922485e-02,-2.337569594383239746e-01,1.771811842918395996e-01,-8.454766124486923218e-02,4.024568572640419006e-02,-3.350768238306045532e-02,3.175292015075683594e-01,3.014448881149291992e-01,-1.020829752087593079e-01,-4.445035159587860107e-01,-8.895690739154815674e-02,2.068731635808944702e-01,-4.029193520545959473e-01,9.656015783548355103e-02,-2.832425534725189209e-01,1.295771598815917969e-01,-1.329023391008377075e-02
-1.085953354835510254e+00,-1.563777327537536621e-01,8.281325697898864746e-01,1.557974517345428467e-02,6.767089478671550751e-03,-6.789365410804748535e-01,7.340004444122314453e-01,-1.208855733275413513e-01,4.792381450533866882e-02,2.116674743592739105e-02,1.193679943680763245e-01,-4.283108189702033997e-02,-7.506394386291503906e-02,-1.136408150196075439e-01,-7.456278800964355469e-02,-2.338143587112426758e-01,1.771405935287475586e-01,-8.461286872625350952e-02,4.025491327047348022e-02,-3.351456671953201294e-02,3.175245225429534912e-01,3.017138540744781494e-01,-1.026218160986900330e-01,-4.444761574268341064e-01,-8.837524801492691040e-02,2.072748392820358276e-01,-4.030976295471191406e-01,9.661564230918884277e-02,-2.836365401744842529e-01,1.295255273580551147e-01,-1.329827960580587387e-02
-1.085953593254089355e+00,-1.564617305994033813e-01,8.281322717666625977e-01,1.559795346111059189e-02,6.779581308364868164e-03,-6.789962053298950195e-01,7.339447736740112305e-01,-1.207821518182754517e-01,4.795649647712707520e-02,2.134523354470729828e-02,1.193645372986793518e-01,-4.294969514012336731e-02,-7.510735094547271729e-02,-1.136292889714241028e-01,-7.454195618629455566e-02,-2.337032705545425415e-01,1.771393716335296631e-01,-8.467599004507064819e-02,4.025193676352500916e-02,-3.358322381973266602e-02,3.175384104251861572e-01,3.019376695156097412e-01,-1.031655818223953247e-01,-4.444486796855926514e-01,-8.778833597898483276e-02,2.076441198587417603e-01,-4.033017754554748535e-01,9.669487178325653076e-02,-2.840438485145568848e-01,1.295445263385772705e-01,-1.329012308269739151e-02
-1.085978150367736816e+00,-1.565096080303192139e-01,8.281229138374328613e-01,1.559111475944519043e-02,6.770751904696226120e-03,-6.790169477462768555e-01,7.339258193969726562e-01,-1.206882447004318237e-01,4.799991101026535034e-02,2.142713218927383423e-02,1.193793192505836487e-01,-4.304382577538490295e-02,-7.513851672410964966e-02,-1.135593354701995850e-01,-7.450732588768005371e-02,-2.336610108613967896e-01,1.771608591079711914e-01,-8.475086092948913574e-02,4.023449495434761047e-02,-3.350224345922470093e-02,3.175800740718841553e-01,3.021310269832611084e-01,-1.037476286292076111e-01,-4.444266855716705322e-01,-8.723855763673782349e-02,2.080257534980773926e-01,-4.035519957542419434e-01,9.680703282356262207e-02,-2.843903303146362305e-01,1.296054273843765259e-01,-1.332784257829189301e-02
-1.085994482040405273e+00,-1.565938144922256470e-01,8.281219005584716797e-01,1.559922285377979279e-02,6.785276811569929123e-03,-6.790511608123779297e-01,7.338938117027282715e-01,-1.205455288290977478e-01,4.805982112884521484e-02,2.155583538115024567e-02,1.193283051252365112e-01,-4.313357546925544739e-02,-7.519952952861785889e-02,-1.134535148739814758e-01,-7.445202767848968506e-02,-2.336493283510208130e-01,1.770802885293960571e-01,-8.481609076261520386e-02,4.022547230124473572e-02,-3.355018049478530884e-02,3.176307976245880127e-01,3.022712469100952148e-01,-1.043111309409141541e-01,-4.443549215793609619e-01,-8.668079227209091187e-02,2.084082663059234619e-01,-4.038018882274627686e-01,9.694178402423858643e-02,-2.847142219543457031e-01,1.296653747558593750e-01,-1.333050057291984558e-02
-1.086027026176452637e+00,-1.566616594791412354e-01,8.281288146972656250e-01,1.559938490390777588e-02,6.791403517127037048e-03,-6.790955066680908203e-01,7.338527441024780273e-01,-1.203950867056846619e-01,4.814268276095390320e-02,2.171518653631210327e-02,1.192680522799491882e-01,-4.318310320377349854e-02,-7.529540359973907471e-02,-1.131874173879623413e-01,-7.435549795627593994e-02,-2.336308211088180542e-01,1.768726408481597900e-01,-8.488768339157104492e-02,4.021243005990982056e-02,-3.362599015235900879e-02,3.176857233047485352e-01,3.023757338523864746e-01,-1.049032434821128845e-01,-4.443135261535644531e-01,-8.616384118795394897e-02,2.087509781122207642e-01,-4.040786623954772949e-01,9.703449904918670654e-02,-2.850059866905212402e-01,1.297230422496795654e-01,-1.333052758127450943e-02
-1.086051702499389648e+00,-1.567418873310089111e-01,8.281282782554626465e-01,1.558799762278795242e-02,6.788567639887332916e-03,-6.790915131568908691e-01,7.338566780090332031e-01,-1.202119663357734680e-01,4.821427911520004272e-02,2.177395857870578766e-02,1.192057207226753235e-01,-4.326598718762397766e-02,-7.536593079566955566e-02,-1.129866391420364380e-01,-7.427465170621871948e-02,-2.336747348308563232e-01,1.767351031303405762e-01,-8.493046462535858154e-02,4.018660262227058411e-02,-3.367472067475318909e-02,3.177663981914520264e-01,3.024849593639373779e-01,-1.055186167359352112e-01,-4.442315399646759033e-01,-8.569510281085968018e-02,2.090854346752166748e-01,-4.043387174606323242e-01,9.710873663425445557e-02,-2.852477133274078369e-01,1.297749429941177368e-01,-1.332153100520372391e-02
-1.086076140403747559e+00,-1.568281948566436768e-01,8.281283974647521973e-01,1.560846064239740372e-02,6.821177434176206589e-03,-6.791160106658935547e-01,7.338332533836364746e-01,-1.201126947999000549e-01,4.828609898686408997e-02,2.186292968690395355e-02,1.191152334213256836e-01,-4.331400990486145020e-02,-7.544592767953872681e-02,-1.128009259700775146e-01,-7.418507337570190430e-02,-2.337124496698379517e-01,1.764927655458450317e-01,-8.495667576789855957e-02,4.017701372504234314e-02,-3.376300632953643799e-02,3.178054392337799072e-01,3.025513589382171631e-01,-1.060972139239311218e-01,-4.442238807678222656e-01,-8.522909134626388550e-02,2.093922495841979980e-01,-4.046038091182708740e-01,9.713944047689437866e-02,-2.854400277137756348e-01,1.298247128725051880e-01,-1.335902139544487000e-02
-1.086117267608642578e+00,-1.568903475999832153e-01,8.281292915344238281e-01,1.562190242111682892e-02,6.841505412012338638e-03,-6.791146993637084961e-01,7.338340282440185547e-01,-1.200275942683219910e-01,4.834688827395439148e-02,2.183932624757289886e-02,1.190029829740524292e-01,-4.332675039768218994e-02,-7.551238685846328735e-02,-1.126732081174850464e-01,-7.409686595201492310e-02,-2.337416410446166992e-01,1.762965470552444458e-01,-8.494367450475692749e-02,4.014141112565994263e-02,-3.383667767047882080e-02,3.178464770317077637e-01,3.025929033756256104e-01,-1.066853255033493042e-01,-4.442095756530761719e-01,-8.482589572668075562e-02,2.096796780824661255e-01,-4.048668146133422852e-01,9.712787717580795288e-02,-2.855742573738098145e-01,1.298567950725555420e-01,-1.348314061760902405e-02
-1.086141824722290039e+00,-1.569885909557342529e-01,8.281298279762268066e-01,1.563785038888454437e-02,6.881021428853273392e-03,-6.791343092918395996e-01,7.338151931762695312e-01,-1.198610365390777588e-01,4.844531044363975525e-02,2.193269692361354828e-02,1.188466474413871765e-01,-4.340989142656326294e-02,-7.558078318834304810e-02,-1.125446930527687073e-01,-7.397159188985824585e-02,-2.336672991514205933e-01,1.761105209589004517e-01,-8.497680723667144775e-02,4.010985791683197021e-02,-3.407857567071914673e-02,3.178710639476776123e-01,3.025867640972137451e-01,-1.072203665971755981e-01,-4.441601634025573730e-01,-8.443977683782577515e-02,2.099447548389434814e-01,-4.051149785518646240e-01,9.710282087326049805e-02,-2.857146263122558594e-01,1.298928260803222656e-01,-1.362868025898933411e-02
-1.086190581321716309e+00,-1.570574194192886353e-01,8.281314373016357422e-01,1.567226834595203400e-02,6.934088654816150665e-03,-6.791618466377258301e-01,7.337884902954101562e-01,-1.198326498270034790e-01,4.853839799761772156e-02,2.194893173873424530e-02,1.187179163098335266e-01,-4.341950267553329468e-02,-7.566349953413009644e-02,-1.125018149614334106e-01,-7.383576780557632446e-02,-2.336090654134750366e-01,1.759112030267715454e-01,-8.497128635644912720e-02,4.005083441734313965e-02,-3.416056931018829346e-02,3.178737163543701172e-01,3.025680184364318848e-01,-1.077530309557914734e-01,-4.441613256931304932e-01,-8.412107825279235840e-02,2.102164030075073242e-01,-4.053350090980529785e-01,9.708987176418304443e-02,-2.858670353889465332e-01,1.299256235361099243e-01,-1.381229143589735031e-02
-1.086239457130432129e+00,-1.571641266345977783e-01,8.281407952308654785e-01,1.574667729437351227e-02,7.012785412371158600e-03,-6.792022585868835449e-01,7.337487339973449707e-01,-1.197863742709159851e-01,4.864224418997764587e-02,2.212069556117057800e-02,1.185333356261253357e-01,-4.346052184700965881e-02,-7.579235732555389404e-02,-1.124490946531295776e-01,-7.369678467512130737e-02,-2.334684133529663086e-01,1.756484806537628174e-01,-8.500608056783676147e-02,3.999835252761840820e-02,-3.436401486396789551e-02,3.178738057613372803e-01,3.025444746017456055e-01,-1.082683280110359192e-01,-4.441335499286651611e-01,-8.385431021451950073e-02,2.104764282703399658e-01,-4.055419564247131348e-01,9.708156436681747437e-02,-2.860325276851654053e-01,1.299425959587097168e-01,-1.399903185665607452e-02
-1.086312413215637207e+00,-1.572812795639038086e-01,8.281422257423400879e-01,1.580202206969261169e-02,7.087056059390306473e-03,-6.792382597923278809e-01,7.337135076522827148e-01,-1.197549179196357727e-01,4.879099875688552856e-02,2.222966402769088745e-02,1.184005439281463623e-01,-4.351982474327087402e-02,-7.594024389982223511e-02,-1.124425530433654785e-01,-7.352211326360702515e-02,-2.333792299032211304e-01,1.754977703094482422e-01,-8.507673442363739014e-02,3.990966826677322388e-02,-3.448172658681869507e-02,3.178531229496002197e-01,3.024996221065521240e-01,-1.087490543723106384e-01,-4.441314935684204102e-01,-8.362866938114166260e-02,2.107298672199249268e-01,-4.057303965091705322e-01,9.706962108612060547e-02,-2.862027883529663086e-01,1.299310177564620972e-01,-1.418819278478622437e-02
-1.086410284042358398e+00,-1.573953032493591309e-01,8.281348347663879395e-01,1.587509922683238983e-02,7.150232326239347458e-03,-6.792175173759460449e-01,7.337304949760437012e-01,-1.197322607040405273e-01,4.891295358538627625e-02,2.221176773309707642e-02,1.182356774806976318e-01,-4.353445023298263550e-02,-7.613287866115570068e-02,-1.124443784356117249e-01,-7.337822020053863525e-02,-2.333783060312271118e-01,1.754319667816162109e-01,-8.523135632276535034e-02,3.980066999793052673e-02,-3.451633825898170471e-02,3.178246319293975830e-01,3.024492859840393066e-01,-1.092102751135826111e-01,-4.440920054912567139e-01,-8.348104357719421387e-02,2.109951525926589966e-01,-4.058884978294372559e-01,9.705824404954910278e-02,-2.863472402095794678e-01,1.298756152391433716e-01,-1.439306885004043579e-02
-1.086499929428100586e+00,-1.575115025043487549e-01,8.281354308128356934e-01,1.591937057673931122e-02,7.180446758866310120e-03,-6.792152523994445801e-01,7.337313294410705566e-01,-1.196185871958732605e-01,4.899541661143302917e-02,2.199837379157543182e-02,1.180801540613174438e-01,-4.358819127082824707e-02,-7.626237720251083374e-02,-1.124739348888397217e-01,-7.327640801668167114e-02,-2.333470880985260010e-01,1.755159050226211548e-01,-8.542178571224212646e-02,3.970132023096084595e-02,-3.450981527566909790e-02,3.177990913391113281e-01,3.024134635925292969e-01,-1.097297146916389465e-01,-4.441168308258056641e-01,-8.343998342752456665e-02,2.112842500209808350e-01,-4.060340821743011475e-01,9.705765545368194580e-02,-2.864552140235900879e-01,1.297892034053802490e-01,-1.460625976324081421e-02
-1.086604952812194824e+00,-1.576198786497116089e-01,8.281275629997253418e-01,1.595667004585266113e-02,7.271367590874433517e-03,-6.791900992393493652e-01,7.337529063224792480e-01,-1.196122020483016968e-01,4.922974109649658203e-02,2.198536321520805359e-02,1.179573386907577515e-01,-4.365434497594833374e-02,-7.647579908370971680e-02,-1.124470084905624390e-01,-7.300844043493270874e-02,-2.333331257104873657e-01,1.754249632358551025e-01,-8.558297157287597656e-02,3.956601023674011230e-02,-3.465364500880241394e-02,3.177619874477386475e-01,3.023883700370788574e-01,-1.103083342313766479e-01,-4.442820250988006592e-01,-8.345345407724380493e-02,2.115719765424728394e-01,-4.061378240585327148e-01,9.701092541217803955e-02,-2.864534556865692139e-01,1.296494901180267334e-01,-1.483795046806335449e-02
-1.086686968803405762e+00,-1.577590554952621460e-01,8.281275629997253418e-01,1.601521670818328857e-02,7.322467397898435593e-03,-6.792244315147399902e-01,7.337193489074707031e-01,-1.195471361279487610e-01,4.931207373738288879e-02,2.193271182477474213e-02,1.178716719150543213e-01,-4.374331608414649963e-02,-7.663170993328094482e-02,-1.124837026000022888e-01,-7.290991395711898804e-02,-2.332526892423629761e-01,1.755487173795700073e-01,-8.585291355848312378e-02,3.949107229709625244e-02,-3.478577733039855957e-02,3.177475035190582275e-01,3.023773729801177979e-01,-1.108919009566307068e-01,-4.443992376327514648e-01,-8.345860987901687622e-02,2.118506580591201782e-01,-4.062060117721557617e-01,9.697677195072174072e-02,-2.864657342433929443e-01,1.295333206653594971e-01,-1.504341140389442444e-02
-1.086800575256347656e+00,-1.578802466392517090e-01,8.281270265579223633e-01,1.608197391033172607e-02,7.357188034802675247e-03,-6.792075634002685547e-01,7.337331175804138184e-01,-1.195231154561042786e-01,4.938367754220962524e-02,2.170467935502529144e-02,1.178152784705162048e-01,-4.379921033978462219e-02,-7.680378109216690063e-02,-1.125772818922996521e-01,-7.281295955181121826e-02,-2.332986295223236084e-01,1.756849586963653564e-01,-8.607890456914901733e-02,3.936051577329635620e-02,-3.466156870126724243e-02,3.177201449871063232e-01,3.023663759231567383e-01,-1.114537939429283142e-01,-4.445366561412811279e-01,-8.347162604331970215e-02,2.121468335390090942e-01,-4.062493741512298584e-01,9.694886952638626099e-02,-2.864700257778167725e-01,1.294041723012924194e-01,-1.521812379360198975e-02
-1.086930274963378906e+00,-1.579866707324981689e-01,8.281179666519165039e-01,1.610766723752021790e-02,7.385016884654760361e-03,-6.791689991950988770e-01,7.337679862976074219e-01,-1.194878891110420227e-01,4.952999576926231384e-02,2.139313332736492157e-02,1.177705675363540649e-01,-4.385635629296302795e-02,-7.698545604944229126e-02,-1.125369146466255188e-01,-7.259520888328552246e-02,-2.332158684730529785e-01,1.757276803255081177e-01,-8.628803491592407227e-02,3.918777406215667725e-02,-3.476927056908607483e-02,3.177010715007781982e-01,3.023929595947265625e-01,-1.120352596044540405e-01,-4.446787238121032715e-01,-8.351040631532669067e-02,2.124600857496261597e-01,-4.062880575656890869e-01,9.691835939884185791e-02,-2.864462435245513916e-01,1.292582899332046509e-01,-1.537734363228082657e-02
-1.087044358253479004e+00,-1.581218987703323364e-01,8.281155228614807129e-01,1.611982472240924835e-02,7.427606731653213501e-03,-6.791222691535949707e-01,7.338105440139770508e-01,-1.195014566183090210e-01,4.970702901482582092e-02,2.110808342695236206e-02,1.179332360625267029e-01,-4.405300319194793701e-02,-7.715966552495956421e-02,-1.122618094086647034e-01,-7.237768173217773438e-02,-2.334376424551010132e-01,1.755918711423873901e-01,-8.652555197477340698e-02,3.907974809408187866e-02,-3.476190194487571716e-02,3.176740407943725586e-01,3.024417459964752197e-01,-1.125966385006904602e-01,-4.447715878486633301e-01,-8.353889733552932739e-02,2.127976268529891968e-01,-4.062831401824951172e-01,9.687581658363342285e-02,-2.863414585590362549e-01,1.290672123432159424e-01,-1.557915098965167999e-02
-1.087174296379089355e+00,-1.582597345113754272e-01,8.281059265136718750e-01,1.610639505088329315e-02,7.474320009350776672e-03,-6.790965795516967773e-01,7.338341474533081055e-01,-1.195016652345657349e-01,4.998685047030448914e-02,2.107476256787776947e-02,1.180935874581336975e-01,-4.423947259783744812e-02,-7.737722992897033691e-02,-1.121203452348709106e-01,-7.211680710315704346e-02,-2.337140142917633057e-01,1.754905432462692261e-01,-8.664578944444656372e-02,3.893045708537101746e-02,-3.500220924615859985e-02,3.176325857639312744e-01,3.024906516075134277e-01,-1.130738630890846252e-01,-4.448123276233673096e-01,-8.350428193807601929e-02,2.131458520889282227e-01,-4.062446951866149902e-01,9.683322906494140625e-02,-2.862589061260223389e-01,1.288682222366333008e-01,-1.576135866343975067e-02
-1.087305188179016113e+00,-1.583977043628692627e-01,8.281123638153076172e-01,1.611744984984397888e-02,7.485558744519948959e-03,-6.790629029273986816e-01,7.338649630546569824e-01,-1.194241046905517578e-01,5.015403032302856445e-02,2.092115022242069244e-02,1.181741282343864441e-01,-4.437828063964843750e-02,-7.753577828407287598e-02,-1.117708310484886169e-01,-7.185843586921691895e-02,-2.337063401937484741e-01,1.752221733331680298e-01,-8.679764717817306519e-02,3.877372294664382935e-02,-3.507803753018379211e-02,3.175785243511199951e-01,3.025399744510650635e-01,-1.134672388434410095e-01,-4.447371363639831543e-01,-8.343922346830368042e-02,2.134868502616882324e-01,-4.061891436576843262e-01,9.677720069885253906e-02,-2.861715555191040039e-01,1.286568492650985718e-01,-1.599329710006713867e-02
-1.087467312812805176e+00,-1.585522890090942383e-01,8.281119465827941895e-01,1.613567955791950226e-02,7.532403338700532913e-03,-6.791179180145263672e-01,7.338131666183471680e-01,-1.193846240639686584e-01,5.045083537697792053e-02,2.097711898386478424e-02,1.183197870850563049e-01,-4.457911849021911621e-02,-7.775492966175079346e-02,-1.114977821707725525e-01,-7.151474058628082275e-02,-2.337170988321304321e-01,1.748664230108261108e-01,-8.687337487936019897e-02,3.857215121388435364e-02,-3.522370383143424988e-02,3.175132274627685547e-01,3.025993108749389648e-01,-1.137922257184982300e-01,-4.446150660514831543e-01,-8.334485441446304321e-02,2.138132899999618530e-01,-4.060980677604675293e-01,9.671870619058609009e-02,-2.861119806766510010e-01,1.284557580947875977e-01,-1.618042774498462677e-02
-1.087646126747131348e+00,-1.587576866149902344e-01,8.281118869781494141e-01,1.617348007857799530e-02,7.618186064064502716e-03,-6.791178584098815918e-01,7.338114976882934570e-01,-1.193453222513198853e-01,5.081104859709739685e-02,2.106741070747375488e-02,1.183904036879539490e-01,-4.480578750371932983e-02,-7.801985740661621094e-02,-1.112104058265686035e-01,-7.110383361577987671e-02,-2.337374240159988403e-01,1.744760423898696899e-01,-8.700426667928695679e-02,3.834924474358558655e-02,-3.537700697779655457e-02,3.174251019954681396e-01,3.026701509952545166e-01,-1.140592843294143677e-01,-4.444677829742431641e-01,-8.323709666728973389e-02,2.141260057687759399e-01,-4.059653878211975098e-01,9.664717316627502441e-02,-2.860684394836425781e-01,1.282520890235900879e-01,-1.627954654395580292e-02
-1.087785243988037109e+00,-1.589305102825164795e-01,8.281037211418151855e-01,1.622006855905056000e-02,7.676669396460056305e-03,-6.791562438011169434e-01,7.337743639945983887e-01,-1.192992478609085083e-01,5.104442313313484192e-02,2.102959714829921722e-02,1.184506937861442566e-01,-4.500928521156311035e-02,-7.815553247928619385e-02,-1.108779981732368469e-01,-7.083319872617721558e-02,-2.338445633649826050e-01,1.741493940353393555e-01,-8.720353245735168457e-02,3.820716217160224915e-02,-3.525558859109878540e-02,3.173550069332122803e-01,3.027935028076171875e-01,-1.143560484051704407e-01,-4.443187117576599121e-01,-8.317912369966506958e-02,2.144203931093215942e-01,-4.058260321617126465e-01,9.654176980257034302e-02,-2.860096395015716553e-01,1.280162036418914795e-01,-1.633252389729022980e-02
-1.088012218475341797e+00,-1.591226756572723389e-01,8.281047940254211426e-01,1.626158878207206726e-02,7.784754037857055664e-03,-6.792227029800415039e-01,7.337107658386230469e-01,-1.192772984504699707e-01,5.151013657450675964e-02,2.122737467288970947e-02,1.185329034924507141e-01,-4.527322947978973389e-02,-7.843589037656784058e-02,-1.107057482004165649e-01,-7.033686339855194092e-02,-2.338129878044128418e-01,1.737624704837799072e-01,-8.729559183120727539e-02,3.792203590273857117e-02,-3.555270656943321228e-02,3.172864317893981934e-01,3.029393553733825684e-01,-1.146669387817382812e-01,-4.442301988601684570e-01,-8.308582007884979248e-02,2.146668434143066406e-01,-4.056546092033386230e-01,9.641791135072708130e-02,-2.859817445278167725e-01,1.277914643287658691e-01,-1.629243418574333191e-02
-1.088135004043579102e+00,-1.593284904956817627e-01,8.281054496765136719e-01,1.629885286092758179e-02,7.888839580118656158e-03,-6.792865395545959473e-01,7.336496710777282715e-01,-1.192596554756164551e-01,5.180778354406356812e-02,2.123502641916275024e-02,1.186509430408477783e-01,-4.558251798152923584e-02,-7.850839942693710327e-02,-1.103218942880630493e-01,-6.996863335371017456e-02,-2.338558584451675415e-01,1.732359975576400757e-01,-8.740551024675369263e-02,3.778703510761260986e-02,-3.545715659856796265e-02,3.172484934329986572e-01,3.031459152698516846e-01,-1.150061041116714478e-01,-4.441456794738769531e-01,-8.297701179981231689e-02,2.149421721696853638e-01,-4.054288864135742188e-01,9.633697569370269775e-02,-2.859987616539001465e-01,1.276171952486038208e-01,-1.618997938930988312e-02
-1.088313937187194824e+00,-1.594692170619964600e-01,8.280994296073913574e-01,1.631124317646026611e-02,7.950689643621444702e-03,-6.793007254600524902e-01,7.336356639862060547e-01,-1.192786768078804016e-01,5.214643478393554688e-02,2.114857360720634460e-02,1.187770813703536987e-01,-4.578012973070144653e-02,-7.863631099462509155e-02,-1.101368144154548645e-01,-6.958550214767456055e-02,-2.338965982198715210e-01,1.729482710361480713e-01,-8.747384697198867798e-02,3.755476325750350952e-02,-3.551870957016944885e-02,3.171863257884979248e-01,3.033927977085113525e-01,-1.153396815061569214e-01,-4.441488981246948242e-01,-8.282929658889770508e-02,2.152308225631713867e-01,-4.051948189735412598e-01,9.626534581184387207e-02,-2.860142886638641357e-01,1.274687796831130981e-01,-1.608608476817607880e-02
-1.088525772094726562e+00,-1.597076654434204102e-01,8.280915617942810059e-01,1.638096943497657776e-02,8.035624399781227112e-03,-6.793085336685180664e-01,7.336258888244628906e-01,-1.192349046468734741e-01,5.247181653976440430e-02,2.106371894478797913e-02,1.187930628657341003e-01,-4.600083082914352417e-02,-7.883179932832717896e-02,-1.099149212241172791e-01,-6.922848522663116455e-02,-2.339471727609634399e-01,1.727840900421142578e-01,-8.780638128519058228e-02,3.733054921030998230e-02,-3.560061007738113403e-02,3.171319365501403809e-01,3.036498427391052246e-01,-1.156607195734977722e-01,-4.441440999507904053e-01,-8.264593780040740967e-02,2.155403196811676025e-01,-4.049379229545593262e-01,9.619200974702835083e-02,-2.859697043895721436e-01,1.273660808801651001e-01,-1.597394980490207672e-02
-1.088656425476074219e+00,-1.598392575979232788e-01,8.280871510505676270e-01,1.643325574696063995e-02,8.135794661939144135e-03,-6.793956756591796875e-01,7.335429787635803223e-01,-1.192672774195671082e-01,5.269921571016311646e-02,2.086241729557514191e-02,1.188036277890205383e-01,-4.614930227398872375e-02,-7.879901677370071411e-02,-1.101672351360321045e-01,-6.897913664579391479e-02,-2.337755411863327026e-01,1.728323400020599365e-01,-8.791025727987289429e-02,3.715513646602630615e-02,-3.555585816502571106e-02,3.170775473117828369e-01,3.038929998874664307e-01,-1.159377694129943848e-01,-4.441006779670715332e-01,-8.241926133632659912e-02,2.158323377370834351e-01,-4.047044813632965088e-01,9.612932801246643066e-02,-2.859347760677337646e-01,1.273456662893295288e-01,-1.590453833341598511e-02
-1.088908433914184570e+00,-1.601413935422897339e-01,8.280717730522155762e-01,1.660995557904243469e-02,8.268932811915874481e-03,-6.793529987335205078e-01,7.335770130157470703e-01,-1.193522587418556213e-01,5.297350883483886719e-02,2.059921994805335999e-02,1.187323704361915588e-01,-4.628616198897361755e-02,-7.901606708765029907e-02,-1.103343814611434937e-01,-6.869251281023025513e-02,-2.336610555648803711e-01,1.731924265623092651e-01,-8.859478682279586792e-02,3.688865527510643005e-02,-3.559765592217445374e-02,3.169671297073364258e-01,3.041399121284484863e-01,-1.161952242255210876e-01,-4.441504776477813721e-01,-8.220692723989486694e-02,2.161253541707992554e-01,-4.044946134090423584e-01,9.607174992561340332e-02,-2.858901321887969971e-01,1.273720562458038330e-01,-1.584421843290328979e-02
-1.089127779006958008e+00,-1.603726297616958618e-01,8.280708193778991699e-01,1.666230149567127228e-02,8.376398123800754547e-03,-6.793410778045654297e-01,7.335856556892395020e-01,-1.193604469299316406e-01,5.335991829633712769e-02,2.047527395188808441e-02,1.188274696469306946e-01,-4.648091271519660950e-02,-7.913804054260253906e-02,-1.103609874844551086e-01,-6.828430294990539551e-02,-2.337045073509216309e-01,1.732156425714492798e-01,-8.892428874969482422e-02,3.661034628748893738e-02,-3.556159511208534241e-02,3.168309628963470459e-01,3.043612539768218994e-01,-1.163381263613700867e-01,-4.440853893756866455e-01,-8.197472989559173584e-02,2.164254188537597656e-01,-4.042820334434509277e-01,9.604689478874206543e-02,-2.858257293701171875e-01,1.274491995573043823e-01,-1.574575901031494141e-02
-1.089371800422668457e+00,-1.606192588806152344e-01,8.280618190765380859e-01,1.672056131064891815e-02,8.472031913697719574e-03,-6.793486475944519043e-01,7.335762381553649902e-01,-1.193447634577751160e-01,5.378666147589683533e-02,2.048861049115657806e-02,1.189053207635879517e-01,-4.672027751803398132e-02,-7.940509915351867676e-02,-1.101185455918312073e-01,-6.781373918056488037e-02,-2.336353510618209839e-01,1.730416715145111084e-01,-8.929879963397979736e-02,3.632155060768127441e-02,-3.571918234229087830e-02,3.166904151439666748e-01,3.045825660228729248e-01,-1.164183095097541809e-01,-4.439271092414855957e-01,-8.176650106906890869e-02,2.166964858770370483e-01,-4.040493667125701904e-01,9.603007137775421143e-02,-2.858112454414367676e-01,1.275639086961746216e-01,-1.564615778625011444e-02
-1.089608192443847656e+00,-1.608619540929794312e-01,8.280625343322753906e-01,1.676160283386707306e-02,8.585231378674507141e-03,-6.793676018714904785e-01,7.335564494132995605e-01,-1.192838773131370544e-01,5.424111336469650269e-02,2.045628242194652557e-02,1.189647391438484192e-01,-4.698085412383079529e-02,-7.956071197986602783e-02,-1.098997071385383606e-01,-6.729885935783386230e-02,-2.336815148591995239e-01,1.727481633424758911e-01,-8.953931927680969238e-02,3.602122887969017029e-02,-3.566182777285575867e-02,3.165676295757293701e-01,3.048183321952819824e-01,-1.165170371532440186e-01,-4.437552392482757568e-01,-8.162696659564971924e-02,2.169727534055709839e-01,-4.038386344909667969e-01,9.603625535964965820e-02,-2.857914566993713379e-01,1.277327388525009155e-01,-1.559349056333303452e-02
-1.089868903160095215e+00,-1.611497402191162109e-01,8.280556201934814453e-01,1.683207228779792786e-02,8.692619390785694122e-03,-6.794157028198242188e-01,7.335089445114135742e-01,-1.191758364439010620e-01,5.466215312480926514e-02,2.028427273035049438e-02,1.188989281654357910e-01,-4.712864384055137634e-02,-7.976656407117843628e-02,-1.095175668597221375e-01,-6.676417589187622070e-02,-2.336505800485610962e-01,1.722788363695144653e-01,-8.980201929807662964e-02,3.570985049009323120e-02,-3.557070717215538025e-02,3.164539933204650879e-01,3.050611317157745361e-01,-1.166364327073097229e-01,-4.436229467391967773e-01,-8.149865269660949707e-02,2.172058224678039551e-01,-4.036643505096435547e-01,9.602200984954833984e-02,-2.857951223850250244e-01,1.279278099536895752e-01,-1.563815772533416748e-02
-1.090129494667053223e+00,-1.614109575748443604e-01,8.280579447746276855e-01,1.689175702631473541e-02,8.846621029078960419e-03,-6.794176101684570312e-01,7.335039973258972168e-01,-1.192814186215400696e-01,5.518782138824462891e-02,2.018621005117893219e-02,1.190569177269935608e-01,-4.733594506978988647e-02,-7.997634261846542358e-02,-1.091840416193008423e-01,-6.617026031017303467e-02,-2.338467985391616821e-01,1.717634946107864380e-01,-9.001669287681579590e-02,3.539732843637466431e-02,-3.547815605998039246e-02,3.163561820983886719e-01,3.053107857704162598e-01,-1.167563945055007935e-01,-4.434520006179809570e-01,-8.136136084794998169e-02,2.174368798732757568e-01,-4.035217761993408203e-01,9.601846337318420410e-02,-2.858013510704040527e-01,1.281195431947708130e-01,-1.572810113430023193e-02
-1.090398430824279785e+00,-1.616483032703399658e-01,8.280519843101501465e-01,1.692127063870429993e-02,8.963482454419136047e-03,-6.794390082359313965e-01,7.334820628166198730e-01,-1.192820295691490173e-01,5.567958205938339233e-02,1.979294791817665100e-02,1.191603094339370728e-01,-4.752729088068008423e-02,-8.007936179637908936e-02,-1.087941303849220276e-01,-6.555282324552536011e-02,-2.339292019605636597e-01,1.712362021207809448e-01,-9.018976241350173950e-02,3.505691513419151306e-02,-3.548882156610488892e-02,3.163094222545623779e-01,3.055832684040069580e-01,-1.169641166925430298e-01,-4.433165788650512695e-01,-8.124492317438125610e-02,2.176198959350585938e-01,-4.033523797988891602e-01,9.593936055898666382e-02,-2.857860922813415527e-01,1.282593458890914917e-01,-1.588089764118194580e-02
-1.090595006942749023e+00,-1.618229150772094727e-01,8.280534744262695312e-01,1.694799400866031647e-02,9.048491716384887695e-03,-6.794384121894836426e-01,7.334809899330139160e-01,-1.194441542029380798e-01,5.602973327040672302e-02,1.952730305492877960e-02,1.195221543312072754e-01,-4.774440824985504150e-02,-8.007325977087020874e-02,-1.082523912191390991e-01,-6.509790569543838501e-02,-2.342040836811065674e-01,1.705403774976730347e-01,-9.026365727186203003e-02,3.483517467975616455e-02,-3.552072122693061829e-02,3.163101077079772949e-01,3.058697283267974854e-01,-1.172272861003875732e-01,-4.431571066379547119e-01,-8.111217617988586426e-02,2.178122550249099731e-01,-4.031971693038940430e-01,9.588208049535751343e-02,-2.857768833637237549e-01,1.284173280000686646e-01,-1.606152579188346863e-02
-1.090806365013122559e+00,-1.619704514741897583e-01,8.280550241470336914e-01,1.689627021551132202e-02,9.107786230742931366e-03,-6.794314980506896973e-01,7.334878444671630859e-01,-1.195577010512351990e-01,5.644838884472846985e-02,1.912754960358142853e-02,1.199400871992111206e-01,-4.795235767960548401e-02,-8.006668090820312500e-02,-1.077451631426811218e-01,-6.453546136617660522e-02,-2.343904674053192139e-01,1.698675155639648438e-01,-9.018144756555557251e-02,3.455556184053421021e-02,-3.549619764089584351e-02,3.163045942783355713e-01,3.061095476150512695e-01,-1.174572408199310303e-01,-4.429882466793060303e-01,-8.092635869979858398e-02,2.180429548025131226e-01,-4.030437171459197998e-01,9.584353119134902954e-02,-2.856959700584411621e-01,1.285554468631744385e-01,-1.621484197676181793e-02
-1.091067194938659668e+00,-1.622670888900756836e-01,8.280646204948425293e-01,1.695819571614265442e-02,9.236196056008338928e-03,-6.793625354766845703e-01,7.335487008094787598e-01,-1.197331100702285767e-01,5.687592178583145142e-02,1.873239874839782715e-02,1.202678456902503967e-01,-4.818899929523468018e-02,-8.023904263973236084e-02,-1.072515398263931274e-01,-6.398114562034606934e-02,-2.348101884126663208e-01,1.692086011171340942e-01,-9.034361690282821655e-02,3.425526991486549377e-02,-3.542699664831161499e-02,3.162390589714050293e-01,3.063237369060516357e-01,-1.176616325974464417e-01,-4.429074525833129883e-01,-8.076339960098266602e-02,2.183154672384262085e-01,-4.028800427913665771e-01,9.587454050779342651e-02,-2.856013178825378418e-01,1.286787241697311401e-01,-1.639010757207870483e-02
-1.091343522071838379e+00,-1.624558418989181519e-01,8.280663490295410156e-01,1.697456277906894684e-02,9.339956566691398621e-03,-6.793513298034667969e-01,7.335573434829711914e-01,-1.199485883116722107e-01,5.737692862749099731e-02,1.847109384834766388e-02,1.206593438982963562e-01,-4.837014153599739075e-02,-8.035852760076522827e-02,-1.066876351833343506e-01,-6.335455924272537231e-02,-2.351310849189758301e-01,1.683739125728607178e-01,-9.034050256013870239e-02,3.392162173986434937e-02,-3.565027564764022827e-02,3.161810040473937988e-01,3.065265119075775146e-01,-1.178735792636871338e-01,-4.428332149982452393e-01,-8.063569664955139160e-02,2.185419499874114990e-01,-4.026991724967956543e-01,9.587526321411132812e-02,-2.855133712291717529e-01,1.287808716297149658e-01,-1.650485396385192871e-02
-1.091540336608886719e+00,-1.627433001995086670e-01,8.280785083770751953e-01,1.710083708167076111e-02,9.503421373665332794e-03,-6.793628931045532227e-01,7.335416078567504883e-01,-1.201534047722816467e-01,5.766386911273002625e-02,1.815374195575714111e-02,1.208494305610656738e-01,-4.852041974663734436e-02,-8.037940412759780884e-02,-1.063428670167922974e-01,-6.292446702718734741e-02,-2.353931218385696411e-01,1.676789224147796631e-01,-9.046666324138641357e-02,3.370563685894012451e-02,-3.566530346870422363e-02,3.161159455776214600e-01,3.067367076873779297e-01,-1.181367114186286926e-01,-4.428575336933135986e-01,-8.055391162633895874e-02,2.187309712171554565e-01,-4.025602638721466064e-01,9.593904763460159302e-02,-2.855771183967590332e-01,1.289620995521545410e-01,-1.664606295526027679e-02
-1.091873645782470703e+00,-1.629793196916580200e-01,8.280709385871887207e-01,1.713461242616176605e-02,9.560839273035526276e-03,-6.791635751724243164e-01,7.337246537208557129e-01,-1.203861087560653687e-01,5.808574706315994263e-02,1.751484163105487823e-02,1.212393939495086670e-01,-4.864657297730445862e-02,-8.053859323263168335e-02,-1.057261303067207336e-01,-6.235351786017417908e-02,-2.359186410903930664e-01,1.670960038900375366e-01,-9.069007635116577148e-02,3.332407027482986450e-02,-3.542625159025192261e-02,3.160511553287506104e-01,3.069520592689514160e-01,-1.184714064002037048e-01,-4.429312348365783691e-01,-8.057627081871032715e-02,2.189164459705352783e-01,-4.024303555488586426e-01,9.595612436532974243e-02,-2.856047749519348145e-01,1.290918886661529541e-01,-1.684670895338058472e-02
-1.092199802398681641e+00,-1.632286310195922852e-01,8.280717134475708008e-01,1.717025414109230042e-02,9.609407745301723480e-03,-6.789815425872802734e-01,7.338916063308715820e-01,-1.205421909689903259e-01,5.846737325191497803e-02,1.689870283007621765e-02,1.216405704617500305e-01,-4.882277920842170715e-02,-8.058156818151473999e-02,-1.050383597612380981e-01,-6.180114299058914185e-02,-2.362405955791473389e-01,1.666025817394256592e-01,-9.107372909784317017e-02,3.296891972422599792e-02,-3.556258976459503174e-02,3.159770071506500244e-01,3.071791827678680420e-01,-1.188364624977111816e-01,-4.430597126483917236e-01,-8.065053820610046387e-02,2.191616296768188477e-01,-4.023658931255340576e-01,9.603410214185714722e-02,-2.855843305587768555e-01,1.292824894189834595e-01,-1.705139689147472382e-02
-1.092476963996887207e+00,-1.633956283330917358e-01,8.280834555625915527e-01,1.723925769329071045e-02,9.661883115768432617e-03,-6.788327693939208984e-01,7.340269088745117188e-01,-1.209410727024078369e-01,5.872314050793647766e-02,1.616842299699783325e-02,1.220730617642402649e-01,-4.869699850678443909e-02,-8.061550557613372803e-02,-1.047835573554039001e-01,-6.136016175150871277e-02,-2.364561557769775391e-01,1.661264300346374512e-01,-9.113480150699615479e-02,3.259409219026565552e-02,-3.555808961391448975e-02,3.158906400203704834e-01,3.074108958244323730e-01,-1.191923171281814575e-01,-4.432123005390167236e-01,-8.074390143156051636e-02,2.193732261657714844e-01,-4.023295044898986816e-01,9.610577672719955444e-02,-2.856074571609497070e-01,1.294703036546707153e-01,-1.720398478209972382e-02
-1.092858314514160156e+00,-1.636253148317337036e-01,8.280831575393676758e-01,1.723316498100757599e-02,9.703722782433032990e-03,-6.787267327308654785e-01,7.341246008872985840e-01,-1.211316436529159546e-01,5.928564444184303284e-02,1.567088440060615540e-02,1.225881129503250122e-01,-4.877225682139396667e-02,-8.074115961790084839e-02,-1.043504253029823303e-01,-6.073895841836929321e-02,-2.369441986083984375e-01,1.658433973789215088e-01,-9.142871201038360596e-02,3.213907033205032349e-02,-3.559086844325065613e-02,3.157954216003417969e-01,3.076023161411285400e-01,-1.194861531257629395e-01,-4.432842731475830078e-01,-8.080700784921646118e-02,2.195773422718048096e-01,-4.023389518260955811e-01,9.617438167333602905e-02,-2.856344580650329590e-01,1.296707689762115479e-01,-1.735673099756240845e-02
-1.093233108520507812e+00,-1.638707369565963745e-01,8.280858397483825684e-01,1.732739433646202087e-02,9.805473499000072479e-03,-6.785270571708679199e-01,7.343055605888366699e-01,-1.215503513813018799e-01,5.974342674016952515e-02,1.505528669804334641e-02,1.230246350169181824e-01,-4.874891787767410278e-02,-8.084221929311752319e-02,-1.040108874440193176e-01,-6.016630679368972778e-02,-2.373782992362976074e-01,1.654925644397735596e-01,-9.180082380771636963e-02,3.169796988368034363e-02,-3.573587164282798767e-02,3.156312704086303711e-01,3.077605366706848145e-01,-1.197465658187866211e-01,-4.434692859649658203e-01,-8.085036277770996094e-02,2.197234928607940674e-01,-4.023084938526153564e-01,9.616518020629882812e-02,-2.856947183609008789e-01,1.298280507326126099e-01,-1.748280972242355347e-02
-1.093543410301208496e+00,-1.640854030847549438e-01,8.280961513519287109e-01,1.742638647556304932e-02,9.848535060882568359e-03,-6.783314347267150879e-01,7.344833016395568848e-01,-1.218693926930427551e-01,5.997257679700851440e-02,1.417967863380908966e-02,1.233408600091934204e-01,-4.856622591614723206e-02,-8.079943805932998657e-02,-1.037084460258483887e-01,-5.983752012252807617e-02,-2.380704730749130249e-01,1.652586758136749268e-01,-9.214919060468673706e-02,3.135448694229125977e-02,-3.542351350188255310e-02,3.154193758964538574e-01,3.078902661800384521e-01,-1.199804916977882385e-01,-4.436981678009033203e-01,-8.091190457344055176e-02,2.198867201805114746e-01,-4.022765755653381348e-01,9.612352401018142700e-02,-2.856577634811401367e-01,1.299753189086914062e-01,-1.761531829833984375e-02
-1.093933701515197754e+00,-1.643587648868560791e-01,8.281030058860778809e-01,1.754658110439777374e-02,9.908680804073810577e-03,-6.780567169189453125e-01,7.347333431243896484e-01,-1.223201826214790344e-01,6.033622100949287415e-02,1.349365618079900742e-02,1.238657459616661072e-01,-4.852893203496932983e-02,-8.101180195808410645e-02,-1.031144410371780396e-01,-5.943076685070991516e-02,-2.390248477458953857e-01,1.649814099073410034e-01,-9.276673942804336548e-02,3.100112453103065491e-02,-3.542409092187881470e-02,3.152093589305877686e-01,3.080403804779052734e-01,-1.202725544571876526e-01,-4.439332187175750732e-01,-8.103569597005844116e-02,2.199998646974563599e-01,-4.022337794303894043e-01,9.598882496356964111e-02,-2.856338620185852051e-01,1.300644129514694214e-01,-1.777240820229053497e-02
-1.094340920448303223e+00,-1.646537184715270996e-01,8.281093239784240723e-01,1.761888153851032257e-02,9.904811158776283264e-03,-6.777961254119873047e-01,7.349720597267150879e-01,-1.226186752319335938e-01,6.071029603481292725e-02,1.284720748662948608e-02,1.244994327425956726e-01,-4.847014695405960083e-02,-8.113513141870498657e-02,-1.024901643395423889e-01,-5.903477966785430908e-02,-2.400808781385421753e-01,1.647259593009948730e-01,-9.329801052808761597e-02,3.060056082904338837e-02,-3.554165735840797424e-02,3.150347769260406494e-01,3.081983923912048340e-01,-1.206076219677925110e-01,-4.440897703170776367e-01,-8.117340505123138428e-02,2.200900763273239136e-01,-4.022062420845031738e-01,9.577317535877227783e-02,-2.855802476406097412e-01,1.301381587982177734e-01,-1.791660673916339874e-02
-1.094731807708740234e+00,-1.649535000324249268e-01,8.281143307685852051e-01,1.769706979393959045e-02,9.898054413497447968e-03,-6.774702668190002441e-01,7.352706193923950195e-01,-1.229522451758384705e-01,6.102300807833671570e-02,1.200933847576379776e-02,1.251449137926101685e-01,-4.837548360228538513e-02,-8.129493892192840576e-02,-1.015472710132598877e-01,-5.863584205508232117e-02,-2.412157207727432251e-01,1.642407923936843872e-01,-9.390012174844741821e-02,3.025435842573642731e-02,-3.550926595926284790e-02,3.148429989814758301e-01,3.083611130714416504e-01,-1.209790855646133423e-01,-4.442068338394165039e-01,-8.131847530603408813e-02,2.201872766017913818e-01,-4.022216200828552246e-01,9.549027681350708008e-02,-2.853920757770538330e-01,1.301641911268234253e-01,-1.811872608959674835e-02
-1.095146417617797852e+00,-1.651581227779388428e-01,8.281114697456359863e-01,1.761564612388610840e-02,9.797208011150360107e-03,-6.771375536918640137e-01,7.355803847312927246e-01,-1.231563836336135864e-01,6.148502603173255920e-02,1.115908659994602203e-02,1.259633004665374756e-01,-4.833549633622169495e-02,-8.150977641344070435e-02,-1.008858755230903625e-01,-5.816704779863357544e-02,-2.424763292074203491e-01,1.640636175870895386e-01,-9.420218318700790405e-02,2.977873571217060089e-02,-3.537428751587867737e-02,3.146643638610839844e-01,3.085203766822814941e-01,-1.214034184813499451e-01,-4.442914724349975586e-01,-8.149649947881698608e-02,2.203815579414367676e-01,-4.022191166877746582e-01,9.525959193706512451e-02,-2.850634753704071045e-01,1.302006244659423828e-01,-1.826400868594646454e-02
-1.095577836036682129e+00,-1.653954088687896729e-01,8.281183242797851562e-01,1.767084561288356781e-02,9.763879701495170593e-03,-6.768118739128112793e-01,7.358791232109069824e-01,-1.235624253749847412e-01,6.184085458517074585e-02,1.018584147095680237e-02,1.266242712736129761e-01,-4.804203659296035767e-02,-8.165041357278823853e-02,-1.000372767448425293e-01,-5.767481774091720581e-02,-2.432769834995269775e-01,1.636146306991577148e-01,-9.471467882394790649e-02,2.932769060134887695e-02,-3.541681170463562012e-02,3.144331872463226318e-01,3.086377084255218506e-01,-1.218004599213600159e-01,-4.443794786930084229e-01,-8.162846416234970093e-02,2.205795496702194214e-01,-4.022466838359832764e-01,9.506803750991821289e-02,-2.848282158374786377e-01,1.302276700735092163e-01,-1.837938837707042694e-02
-1.096048951148986816e+00,-1.656101644039154053e-01,8.281241655349731445e-01,1.764423772692680359e-02,9.714567102491855621e-03,-6.765396595001220703e-01,7.361307144165039062e-01,-1.239721029996871948e-01,6.236605346202850342e-02,9.363678283989429474e-03,1.276090741157531738e-01,-4.797745496034622192e-02,-8.181475102901458740e-02,-9.916571527719497681e-02,-5.700212344527244568e-02,-2.440271526575088501e-01,1.631522029638290405e-01,-9.513028711080551147e-02,2.877822145819664001e-02,-3.560013324022293091e-02,3.141527771949768066e-01,3.087184429168701172e-01,-1.221053749322891235e-01,-4.444457292556762695e-01,-8.169013261795043945e-02,2.207362204790115356e-01,-4.022789001464843750e-01,9.488812834024429321e-02,-2.847577333450317383e-01,1.302518695592880249e-01,-1.842273958027362823e-02
-1.096560478210449219e+00,-1.658444106578826904e-01,8.281164765357971191e-01,1.747774332761764526e-02,9.622681885957717896e-03,-6.762710809707641602e-01,7.363826036453247070e-01,-1.243491545319557190e-01,6.312099844217300415e-02,8.463699370622634888e-03,1.290403306484222412e-01,-4.818890988826751709e-02,-8.214253932237625122e-02,-9.785074740648269653e-02,-5.612814426422119141e-02,-2.450703829526901245e-01,1.625588834285736084e-01,-9.558720886707305908e-02,2.819795161485671997e-02,-3.554664179682731628e-02,3.139069378376007080e-01,3.088158667087554932e-01,-1.223709955811500549e-01,-4.443285465240478516e-01,-8.177843689918518066e-02,2.209279388189315796e-01,-4.022902846336364746e-01,9.470182657241821289e-02,-2.846375405788421631e-01,1.302530467510223389e-01,-1.844006590545177460e-02
-1.097056746482849121e+00,-1.660274714231491089e-01,8.281499743461608887e-01,1.749026030302047729e-02,9.650167077779769897e-03,-6.760298609733581543e-01,7.366033792495727539e-01,-1.252132505178451538e-01,6.374761462211608887e-02,7.693375926464796066e-03,1.304094046354293823e-01,-4.788940027356147766e-02,-8.249720931053161621e-02,-9.742141515016555786e-02,-5.535061657428741455e-02,-2.459109127521514893e-01,1.617517918348312378e-01,-9.546414762735366821e-02,2.752022817730903625e-02,-3.568794578313827515e-02,3.136108517646789551e-01,3.089245855808258057e-01,-1.225780621170997620e-01,-4.443009495735168457e-01,-8.184753358364105225e-02,2.211222052574157715e-01,-4.022726416587829590e-01,9.461099654436111450e-02,-2.846896648406982422e-01,1.303126215934753418e-01,-1.842674426734447479e-02
-1.097585082054138184e+00,-1.662387847900390625e-01,8.281355500221252441e-01,1.734318025410175323e-02,9.561863727867603302e-03,-6.757428646087646484e-01,7.368713617324829102e-01,-1.257391721010208130e-01,6.452831625938415527e-02,6.911190692335367203e-03,1.320073604583740234e-01,-4.813378676772117615e-02,-8.277238905429840088e-02,-9.622947126626968384e-02,-5.445387214422225952e-02,-2.469103038311004639e-01,1.610704660415649414e-01,-9.575559198856353760e-02,2.687562070786952972e-02,-3.554789349436759949e-02,3.133604526519775391e-01,3.090207278728485107e-01,-1.227926462888717651e-01,-4.441955983638763428e-01,-8.196949958801269531e-02,2.213567495346069336e-01,-4.022095799446105957e-01,9.455211460590362549e-02,-2.846759259700775146e-01,1.303768306970596313e-01,-1.842420734465122223e-02
-1.098138809204101562e+00,-1.664243191480636597e-01,8.281378746032714844e-01,1.727317832410335541e-02,9.443663060665130615e-03,-6.755239367485046387e-01,7.370752096176147461e-01,-1.263979375362396240e-01,6.516171246767044067e-02,6.090630311518907547e-03,1.336263418197631836e-01,-4.815911129117012024e-02,-8.287442475557327271e-02,-9.437542408704757690e-02,-5.363221466541290283e-02,-2.479783743619918823e-01,1.598588079214096069e-01,-9.623886644840240479e-02,2.633825317025184631e-02,-3.528299927711486816e-02,3.131523430347442627e-01,3.091291487216949463e-01,-1.230179145932197571e-01,-4.440300464630126953e-01,-8.210007101297378540e-02,2.215497791767120361e-01,-4.021377861499786377e-01,9.444026648998260498e-02,-2.846120297908782959e-01,1.304255574941635132e-01,-1.830930821597576141e-02
-1.098748445510864258e+00,-1.666407585144042969e-01,8.281634449958801270e-01,1.713058724999427795e-02,9.194495156407356262e-03,-6.752905845642089844e-01,7.372955083847045898e-01,-1.267070323228836060e-01,6.579012423753738403e-02,5.029869731515645981e-03,1.352143436670303345e-01,-4.776068404316902161e-02,-8.345662057399749756e-02,-9.303852915763854980e-02,-5.286095291376113892e-02,-2.489740550518035889e-01,1.591136753559112549e-01,-9.642975777387619019e-02,2.558822371065616608e-02,-3.505779430270195007e-02,3.130012750625610352e-01,3.092441260814666748e-01,-1.232141032814979553e-01,-4.437493979930877686e-01,-8.217579126358032227e-02,2.217700630426406860e-01,-4.020767509937286377e-01,9.434709697961807251e-02,-2.845203578472137451e-01,1.305258721113204956e-01,-1.813510432839393616e-02
-1.099341511726379395e+00,-1.668572425842285156e-01,8.281664848327636719e-01,1.698213443160057068e-02,9.024646133184432983e-03,-6.749340295791625977e-01,7.376273870468139648e-01,-1.271968930959701538e-01,6.649563461542129517e-02,3.896570298820734024e-03,1.368176937103271484e-01,-4.765940457582473755e-02,-8.387966454029083252e-02,-9.193205088376998901e-02,-5.205549299716949463e-02,-2.504261136054992676e-01,1.584887355566024780e-01,-9.661047905683517456e-02,2.484655566513538361e-02,-3.483593091368675232e-02,3.128604590892791748e-01,3.093514144420623779e-01,-1.234114170074462891e-01,-4.434624612331390381e-01,-8.224357664585113525e-02,2.220810353755950928e-01,-4.020224809646606445e-01,9.433732181787490845e-02,-2.843859195709228516e-01,1.306922733783721924e-01,-1.791846007108688354e-02
-1.100024580955505371e+00,-1.670283675193786621e-01,8.281914591789245605e-01,1.692418940365314484e-02,8.798494003713130951e-03,-6.745709180831909180e-01,7.379636168479919434e-01,-1.280309557914733887e-01,6.711629778146743774e-02,2.763347001746296883e-03,1.387152522802352905e-01,-4.679168015718460083e-02,-8.437038213014602661e-02,-9.041605889797210693e-02,-5.130258947610855103e-02,-2.515207827091217041e-01,1.577655524015426636e-01,-9.715157002210617065e-02,2.409996278584003448e-02,-3.485306352376937866e-02,3.127415776252746582e-01,3.094425499439239502e-01,-1.236432343721389771e-01,-4.432159960269927979e-01,-8.229402452707290649e-02,2.223594933748245239e-01,-4.019744098186492920e-01,9.431921690702438354e-02,-2.843193411827087402e-01,1.308366954326629639e-01,-1.767686568200588226e-02
-1.100705146789550781e+00,-1.670880168676376343e-01,8.281740546226501465e-01,1.665831170976161957e-02,8.613300509750843048e-03,-6.743000745773315430e-01,7.382193207740783691e-01,-1.288862377405166626e-01,6.806641817092895508e-02,1.232524053193628788e-03,1.409017294645309448e-01,-4.677752405405044556e-02,-8.494155108928680420e-02,-8.836006373167037964e-02,-5.005852505564689636e-02,-2.524143457412719727e-01,1.565320491790771484e-01,-9.752177447080612183e-02,2.332202903926372528e-02,-3.480341657996177673e-02,3.126717805862426758e-01,3.095285594463348389e-01,-1.239038929343223572e-01,-4.429486691951751709e-01,-8.231297135353088379e-02,2.226065546274185181e-01,-4.018966853618621826e-01,9.429806470870971680e-02,-2.843911349773406982e-01,1.309673488140106201e-01,-1.734335348010063171e-02
-1.101476669311523438e+00,-1.671174913644790649e-01,8.281819224357604980e-01,1.624960266053676605e-02,8.305135183036327362e-03,-6.740040779113769531e-01,7.385022044181823730e-01,-1.297626197338104248e-01,6.921964883804321289e-02,-1.177735102828592062e-04,1.437133103609085083e-01,-4.651560634374618530e-02,-8.565980195999145508e-02,-8.686158061027526855e-02,-4.873038828372955322e-02,-2.538811266422271729e-01,1.555891633033752441e-01,-9.775265306234359741e-02,2.222148887813091278e-02,-3.436045721173286438e-02,3.126830458641052246e-01,3.096920251846313477e-01,-1.241448372602462769e-01,-4.425457715988159180e-01,-8.235206454992294312e-02,2.229026705026626587e-01,-4.017045199871063232e-01,9.427148848772048950e-02,-2.843654453754425049e-01,1.310252994298934937e-01,-1.699213311076164246e-02
-1.102233290672302246e+00,-1.671373397111892700e-01,8.282307982444763184e-01,1.612448319792747498e-02,8.100046776235103607e-03,-6.738130450248718262e-01,7.386814951896667480e-01,-1.311594843864440918e-01,6.998674571514129639e-02,-1.741525135003030300e-03,1.464040726423263550e-01,-4.560836032032966614e-02,-8.623205870389938354e-02,-8.482296019792556763e-02,-4.756577312946319580e-02,-2.547224760055541992e-01,1.540094614028930664e-01,-9.828963875770568848e-02,2.131789363920688629e-02,-3.420233353972434998e-02,3.127237558364868164e-01,3.098562061786651611e-01,-1.243552491068840027e-01,-4.421114623546600342e-01,-8.233945071697235107e-02,2.232333123683929443e-01,-4.014397263526916504e-01,9.438122808933258057e-02,-2.844008803367614746e-01,1.311740279197692871e-01,-1.664141379296779633e-02
-1.102980971336364746e+00,-1.670988947153091431e-01,8.282294273376464844e-01,1.563844829797744751e-02,7.665130309760570526e-03,-6.736899614334106445e-01,7.388088107109069824e-01,-1.321931779384613037e-01,7.085874676704406738e-02,-4.318139981478452682e-03,1.500329822301864624e-01,-4.561160504817962646e-02,-8.664797991514205933e-02,-8.302247524261474609e-02,-4.627297818660736084e-02,-2.556888461112976074e-01,1.530373394489288330e-01,-9.866388142108917236e-02,2.021660096943378448e-02,-3.332798928022384644e-02,3.128704428672790527e-01,3.099821209907531738e-01,-1.245720759034156799e-01,-4.415096938610076904e-01,-8.236722648143768311e-02,2.235981523990631104e-01,-4.011292457580566406e-01,9.454638510942459106e-02,-2.844761013984680176e-01,1.313309371471405029e-01,-1.625470072031021118e-02
-1.103840112686157227e+00,-1.670322716236114502e-01,8.282021880149841309e-01,1.512076426297426224e-02,7.435043808072805405e-03,-6.734365820884704590e-01,7.390529513359069824e-01,-1.343761086463928223e-01,7.218236476182937622e-02,-7.338068448007106781e-03,1.549020856618881226e-01,-4.611740633845329285e-02,-8.750811964273452759e-02,-8.106701076030731201e-02,-4.438143596053123474e-02,-2.566839754581451416e-01,1.515922695398330688e-01,-9.908079355955123901e-02,1.895092986524105072e-02,-3.301357105374336243e-02,3.130859136581420898e-01,3.101570904254913330e-01,-1.247557774186134338e-01,-4.407716691493988037e-01,-8.241933584213256836e-02,2.240032106637954712e-01,-4.007617235183715820e-01,9.475044906139373779e-02,-2.845253050327301025e-01,1.314741820096969604e-01,-1.588927954435348511e-02
-1.104772806167602539e+00,-1.668085306882858276e-01,8.281627893447875977e-01,1.429963111877441406e-02,7.011270616203546524e-03,-6.729539036750793457e-01,7.395129799842834473e-01,-1.387394815683364868e-01,7.383365929126739502e-02,-1.080877520143985748e-02,1.641566455364227295e-01,-4.726935550570487976e-02,-8.853590488433837891e-02,-7.912505418062210083e-02,-4.235671460628509521e-02,-2.583495378494262695e-01,1.506718844175338745e-01,-9.925466030836105347e-02,1.749539375305175781e-02,-3.238957375288009644e-02,3.134081065654754639e-01,3.104836940765380859e-01,-1.249975115060806274e-01,-4.399416446685791016e-01,-8.266539126634597778e-02,2.245700657367706299e-01,-4.002413451671600342e-01,9.499936550855636597e-02,-2.842924296855926514e-01,1.315468251705169678e-01,-1.555815245956182480e-02
-1.105782508850097656e+00,-1.666719317436218262e-01,8.282194137573242188e-01,1.392691954970359802e-02,6.467041093856096268e-03,-6.726531982421875000e-01,7.397985458374023438e-01,-1.454779505729675293e-01,7.460892945528030396e-02,-1.556215435266494751e-02,1.769373267889022827e-01,-4.723610728979110718e-02,-8.887016028165817261e-02,-7.730177044868469238e-02,-4.106538742780685425e-02,-2.594013512134552002e-01,1.498328447341918945e-01,-9.950034320354461670e-02,1.609344035387039185e-02,-3.118169680237770081e-02,3.137966096401214600e-01,3.109075725078582764e-01,-1.253106892108917236e-01,-4.391888678073883057e-01,-8.302719891071319580e-02,2.251610457897186279e-01,-3.996517360210418701e-01,9.527084976434707642e-02,-2.840697169303894043e-01,1.315502822399139404e-01,-1.531018875539302826e-02
-1.106864571571350098e+00,-1.665668189525604248e-01,8.282926678657531738e-01,1.367397140711545944e-02,5.936197470873594284e-03,-6.726347804069519043e-01,7.398244142532348633e-01,-1.528026312589645386e-01,7.457192242145538330e-02,-2.316754683852195740e-02,1.903756707906723022e-01,-4.665875807404518127e-02,-8.921636641025543213e-02,-7.555955648422241211e-02,-3.977963328361511230e-02,-2.601209878921508789e-01,1.486135125160217285e-01,-9.951984137296676636e-02,1.461835019290447235e-02,-2.940800227224826813e-02,3.141874969005584717e-01,3.112833797931671143e-01,-1.256155073642730713e-01,-4.386183023452758789e-01,-8.335518091917037964e-02,2.257166802883148193e-01,-3.990476131439208984e-01,9.549683332443237305e-02,-2.838161289691925049e-01,1.314883530139923096e-01,-1.508655678480863571e-02
-1.108084797859191895e+00,-1.662278920412063599e-01,8.284208774566650391e-01,1.357358787208795547e-02,5.405282601714134216e-03,-6.720672249794006348e-01,7.403460144996643066e-01,-1.620754450559616089e-01,7.447022944688796997e-02,-3.104843385517597198e-02,2.054371386766433716e-01,-4.451599717140197754e-02,-8.925377577543258667e-02,-7.422346621751785278e-02,-3.866325691342353821e-02,-2.615359127521514893e-01,1.474311798810958862e-01,-9.905922412872314453e-02,1.299942284822463989e-02,-2.861203998327255249e-02,3.145392835140228271e-01,3.115556240081787109e-01,-1.259759962558746338e-01,-4.383300840854644775e-01,-8.371880650520324707e-02,2.263042181730270386e-01,-3.985690772533416748e-01,9.581116586923599243e-02,-2.835863828659057617e-01,1.315505355596542358e-01,-1.487688720226287842e-02
-1.109549045562744141e+00,-1.657930761575698853e-01,8.287385106086730957e-01,1.379418745636940002e-02,4.122463986277580261e-03,-6.713136434555053711e-01,7.410335540771484375e-01,-1.766496598720550537e-01,7.260647416114807129e-02,-4.054774343967437744e-02,2.297380268573760986e-01,-3.780290484428405762e-02,-8.869576454162597656e-02,-7.500358670949935913e-02,-3.917080163955688477e-02,-2.623474597930908203e-01,1.486814022064208984e-01,-9.755375236272811890e-02,1.085010264068841934e-02,-2.779770456254482269e-02,3.149642646312713623e-01,3.116645216941833496e-01,-1.265697181224822998e-01,-4.382918477058410645e-01,-8.419307321310043335e-02,2.270233035087585449e-01,-3.982952237129211426e-01,9.637343138456344604e-02,-2.834426462650299072e-01,1.319919675588607788e-01,-1.479723304510116577e-02
-1.111169934272766113e+00,-1.651453673839569092e-01,8.289039731025695801e-01,1.493519823998212814e-02,4.004307556897401810e-03,-6.703780889511108398e-01,7.418585419654846191e-01,-1.930139660835266113e-01,7.069848477840423584e-02,-5.012713745236396790e-02,2.505314350128173828e-01,-3.212439268827438354e-02,-8.837103843688964844e-02,-7.093437016010284424e-02,-3.882929682731628418e-02,-2.650154829025268555e-01,1.450837105512619019e-01,-9.926367551088333130e-02,1.003521960228681564e-02,-2.620430104434490204e-02,3.150510489940643311e-01,3.115355670452117920e-01,-1.273833662271499634e-01,-4.391472041606903076e-01,-8.474225550889968872e-02,2.274239808320999146e-01,-3.982179462909698486e-01,9.661892801523208618e-02,-2.835568785667419434e-01,1.320836544036865234e-01,-1.475777011364698410e-02
-1.112789630889892578e+00,-1.644706726074218750e-01,8.290172219276428223e-01,1.478090416640043259e-02,3.496184013783931732e-03,-6.690168976783752441e-01,7.430920004844665527e-01,-2.079548835754394531e-01,7.004359364509582520e-02,-6.147024407982826233e-02,2.728260457515716553e-01,-2.708267048001289368e-02,-8.814263343811035156e-02,-7.391455024480819702e-02,-3.732027858495712280e-02,-2.664799094200134277e-01,1.457821875810623169e-01,-9.629756957292556763e-02,7.068099454045295715e-03,-2.711690217256546021e-02,3.152631819248199463e-01,3.114392161369323730e-01,-1.283385008573532104e-01,-4.399530887603759766e-01,-8.537828922271728516e-02,2.279254645109176636e-01,-3.981644213199615479e-01,9.693612903356552124e-02,-2.836453914642333984e-01,1.323034316301345825e-01,-1.480599958449602127e-02
-1.114335775375366211e+00,-1.636442691087722778e-01,8.290442228317260742e-01,1.466013398021459579e-02,3.328430233523249626e-03,-6.677100062370300293e-01,7.442697286605834961e-01,-2.263992130756378174e-01,6.935901194810867310e-02,-7.169295847415924072e-02,2.995044887065887451e-01,-2.141041122376918793e-02,-8.690396696329116821e-02,-7.407206296920776367e-02,-3.565490245819091797e-02,-2.695680260658264160e-01,1.456318348646163940e-01,-9.641417860984802246e-02,5.033907480537891388e-03,-2.722854353487491608e-02,3.154449462890625000e-01,3.113150596618652344e-01,-1.293669790029525757e-01,-4.408226609230041504e-01,-8.602531999349594116e-02,2.285216897726058960e-01,-3.982568383216857910e-01,9.738703817129135132e-02,-2.837982773780822754e-01,1.326556950807571411e-01,-1.495348941534757614e-02
-1.115785598754882812e+00,-1.626825928688049316e-01,8.290377259254455566e-01,1.428975258022546768e-02,3.146484028548002243e-03,-6.665188670158386230e-01,7.453445196151733398e-01,-2.466297447681427002e-01,6.879176944494247437e-02,-8.232066035270690918e-02,3.295055627822875977e-01,-1.518617011606693268e-02,-8.650588989257812500e-02,-7.329092919826507568e-02,-3.348832577466964722e-02,-2.725599408149719238e-01,1.440609395503997803e-01,-9.623686224222183228e-02,3.002415876835584641e-03,-2.710330300033092499e-02,3.156743347644805908e-01,3.112971484661102295e-01,-1.304243952035903931e-01,-4.415066540241241455e-01,-8.673635125160217285e-02,2.292816638946533203e-01,-3.982979953289031982e-01,9.799478948116302490e-02,-2.838197350502014160e-01,1.330294311046600342e-01,-1.519021112471818924e-02
-1.116971850395202637e+00,-1.616698801517486572e-01,8.290033936500549316e-01,1.386776287108659744e-02,3.567899111658334732e-03,-6.655701398849487305e-01,7.461979389190673828e-01,-2.709657549858093262e-01,6.855671852827072144e-02,-9.269168972969055176e-02,3.646175265312194824e-01,-7.546965964138507843e-03,-8.554319292306900024e-02,-7.006900012493133545e-02,-3.021426498889923096e-02,-2.760299742221832275e-01,1.386185735464096069e-01,-9.598004817962646484e-02,1.582256169058382511e-03,-2.652108669281005859e-02,3.158784806728363037e-01,3.114975392818450928e-01,-1.314853578805923462e-01,-4.421700537204742432e-01,-8.748558908700942993e-02,2.299202680587768555e-01,-3.982815742492675781e-01,9.872317314147949219e-02,-2.841733098030090332e-01,1.334015429019927979e-01,-1.546484418213367462e-02
-1.118341803550720215e+00,-1.605044305324554443e-01,8.290003538131713867e-01,1.300957426428794861e-02,3.727509640157222748e-03,-6.645066738128662109e-01,7.471597790718078613e-01,-2.975023984909057617e-01,6.837442517280578613e-02,-1.042825207114219666e-01,4.039046466350555420e-01,3.787066787481307983e-03,-8.431493490934371948e-02,-6.976304203271865845e-02,-2.650456875562667847e-02,-2.793104648590087891e-01,1.345178633928298950e-01,-9.346159547567367554e-02,-9.534145938232541084e-04,-2.648907527327537537e-02,3.161876499652862549e-01,3.119726777076721191e-01,-1.324894726276397705e-01,-4.425370395183563232e-01,-8.823060989379882812e-02,2.306153029203414917e-01,-3.980310559272766113e-01,9.954784065485000610e-02,-2.845555841922760010e-01,1.336345821619033813e-01,-1.578748598694801331e-02
-1.119823455810546875e+00,-1.591256558895111084e-01,8.289284110069274902e-01,1.205513533204793930e-02,3.965068142861127853e-03,-6.631975173950195312e-01,7.483367919921875000e-01,-3.287516832351684570e-01,6.792254000902175903e-02,-1.137862801551818848e-01,4.491205215454101562e-01,1.885076984763145447e-02,-8.628167957067489624e-02,-6.718309223651885986e-02,-2.218793332576751709e-02,-2.829717397689819336e-01,1.292726248502731323e-01,-9.285447746515274048e-02,-3.314404049888253212e-03,-2.680453285574913025e-02,3.165411949157714844e-01,3.126659691333770752e-01,-1.333361417055130005e-01,-4.425728023052215576e-01,-8.887387812137603760e-02,2.314294576644897461e-01,-3.976326286792755127e-01,1.005746722221374512e-01,-2.848801910877227783e-01,1.337953805923461914e-01,-1.608760282397270203e-02
-1.121003866195678711e+00,-1.578063517808914185e-01,8.289195895195007324e-01,1.153219211846590042e-02,4.803393967449665070e-03,-6.621622443199157715e-01,7.492563724517822266e-01,-3.627401888370513916e-01,6.736788898706436157e-02,-1.222957149147987366e-01,4.952690303325653076e-01,3.708113729953765869e-02,-9.423170983791351318e-02,-6.478513777256011963e-02,-1.770037040114402771e-02,-2.868607044219970703e-01,1.215564236044883728e-01,-9.167320281267166138e-02,-5.349517334252595901e-03,-2.758845500648021698e-02,3.167988657951354980e-01,3.137245774269104004e-01,-1.338979750871658325e-01,-4.425774216651916504e-01,-8.922464400529861450e-02,2.320396304130554199e-01,-3.970077037811279297e-01,1.018109023571014404e-01,-2.856599092483520508e-01,1.339221596717834473e-01,-1.640637777745723724e-02
-1.122301936149597168e+00,-1.565692126750946045e-01,8.289489746093750000e-01,1.111685950309038162e-02,5.560043267905712128e-03,-6.616648435592651367e-01,7.496967315673828125e-01,-3.975211381912231445e-01,6.645539402961730957e-02,-1.341179311275482178e-01,5.420877337455749512e-01,6.153538823127746582e-02,-1.001345664262771606e-01,-6.232395023107528687e-02,-1.297071855515241623e-02,-2.891209721565246582e-01,1.124768778681755066e-01,-8.920179307460784912e-02,-7.572121452540159225e-03,-2.708452939987182617e-02,3.170035481452941895e-01,3.149009048938751221e-01,-1.341576576232910156e-01,-4.425427913665771484e-01,-8.918484300374984741e-02,2.325967997312545776e-01,-3.965022265911102295e-01,1.035298258066177368e-01,-2.867381870746612549e-01,1.346956938505172729e-01,-1.673544012010097504e-02
-1.123251199722290039e+00,-1.553435027599334717e-01,8.289850354194641113e-01,1.097984332591295242e-02,6.676518358290195465e-03,-6.615213751792907715e-01,7.498161792755126953e-01,-4.345920383930206299e-01,6.386591494083404541e-02,-1.481986939907073975e-01,5.882984399795532227e-01,8.749253302812576294e-02,-1.031659469008445740e-01,-5.969747900962829590e-02,-8.742663078010082245e-03,-2.909162342548370361e-01,1.009764447808265686e-01,-8.280213177204132080e-02,-3.886122256517410278e-03,-2.574387565255165100e-02,3.171071112155914307e-01,3.160919249057769775e-01,-1.342869997024536133e-01,-4.426447451114654541e-01,-8.903278410434722900e-02,2.329689562320709229e-01,-3.963265419006347656e-01,1.054300218820571899e-01,-2.880637347698211670e-01,1.357437223196029663e-01,-1.700722798705101013e-02
-1.124331474304199219e+00,-1.542225480079650879e-01,8.290487527847290039e-01,1.109951455146074295e-02,8.296225219964981079e-03,-6.606633067131042480e-01,7.505544424057006836e-01,-4.729583561420440674e-01,6.163774058222770691e-02,-1.592944562435150146e-01,6.346374750137329102e-01,1.146832033991813660e-01,-1.108794063329696655e-01,-5.750941485166549683e-02,-3.749792464077472687e-03,-2.941587269306182861e-01,8.862727135419845581e-02,-7.595357298851013184e-02,-2.628528047353029251e-03,-2.668115496635437012e-02,3.170374631881713867e-01,3.175582289695739746e-01,-1.341785937547683716e-01,-4.429458677768707275e-01,-8.865813910961151123e-02,2.331405431032180786e-01,-3.961484134197235107e-01,1.075286194682121277e-01,-2.896341383457183838e-01,1.370020657777786255e-01,-1.728597469627857208e-02
-1.125186085700988770e+00,-1.532085984945297241e-01,8.291419744491577148e-01,1.105426251888275146e-02,9.536462835967540741e-03,-6.596288681030273438e-01,7.514497041702270508e-01,-5.098831653594970703e-01,5.979761481285095215e-02,-1.668732315301895142e-01,6.799043416976928711e-01,1.386439949274063110e-01,-1.204121634364128113e-01,-5.683169141411781311e-02,1.381042875436833128e-05,-2.978980243206024170e-01,8.125296235084533691e-02,-7.132159173488616943e-02,-2.663442399352788925e-03,-2.963837608695030212e-02,3.170427978038787842e-01,3.191320002079010010e-01,-1.337621062994003296e-01,-4.430471360683441162e-01,-8.791987597942352295e-02,2.330304682254791260e-01,-3.961265981197357178e-01,1.097082123160362244e-01,-2.914003431797027588e-01,1.384188532829284668e-01,-1.759408228099346161e-02
-1.125955104827880859e+00,-1.523558795452117920e-01,8.291475176811218262e-01,1.125133037567138672e-02,1.051772199571132660e-02,-6.585381627082824707e-01,7.523896694183349609e-01,-5.451124310493469238e-01,5.857015028595924377e-02,-1.694421023130416870e-01,7.230280041694641113e-01,1.554952710866928101e-01,-1.304797381162643433e-01,-5.677510052919387817e-02,2.584550529718399048e-03,-3.019082248210906982e-01,7.585534453392028809e-02,-6.818152964115142822e-02,-2.648993162438273430e-03,-3.349025174975395203e-02,3.172718882560729980e-01,3.206822574138641357e-01,-1.330826580524444580e-01,-4.427499771118164062e-01,-8.677788078784942627e-02,2.327173650264739990e-01,-3.964738845825195312e-01,1.121093258261680603e-01,-2.933136522769927979e-01,1.401763558387756348e-01,-1.784024946391582489e-02
-1.126567244529724121e+00,-1.515681296586990356e-01,8.291452527046203613e-01,1.158894784748554230e-02,1.130870915949344635e-02,-6.576390266418457031e-01,7.531591653823852539e-01,-5.783547759056091309e-01,5.869996547698974609e-02,-1.676602363586425781e-01,7.646928429603576660e-01,1.620524972677230835e-01,-1.321728676557540894e-01,-5.716446787118911743e-02,4.365851636976003647e-03,-3.052310943603515625e-01,7.142220437526702881e-02,-6.556468456983566284e-02,-3.382247406989336014e-03,-3.765369579195976257e-02,3.177775442600250244e-01,3.220992684364318848e-01,-1.321371942758560181e-01,-4.419760704040527344e-01,-8.518545329570770264e-02,2.321774810552597046e-01,-3.971764743328094482e-01,1.145845428109169006e-01,-2.952496409416198730e-01,1.420277655124664307e-01,-1.798450574278831482e-02
-1.127112507820129395e+00,-1.510276496410369873e-01,8.292157053947448730e-01,1.215743459761142731e-02,1.188299898058176041e-02,-6.571533083915710449e-01,7.535651922225952148e-01,-6.087976694107055664e-01,6.023646146059036255e-02,-1.621189415454864502e-01,8.040350079536437988e-01,1.532696932554244995e-01,-1.290100365877151489e-01,-5.786680430173873901e-02,5.340725183486938477e-03,-3.071591854095458984e-01,6.814783066511154175e-02,-6.375309824943542480e-02,-4.010064993053674698e-03,-4.162264615297317505e-02,3.186358809471130371e-01,3.232578039169311523e-01,-1.309338063001632690e-01,-4.405577778816223145e-01,-8.312344551086425781e-02,2.315350472927093506e-01,-3.985509574413299561e-01,1.174976006150245667e-01,-2.971677184104919434e-01,1.446945220232009888e-01,-1.802972145378589630e-02
-1.127473115921020508e+00,-1.506655961275100708e-01,8.293539285659790039e-01,1.284013316035270691e-02,1.180010940879583359e-02,-6.573683619499206543e-01,7.533676028251647949e-01,-6.356294751167297363e-01,6.238125637173652649e-02,-1.545268148183822632e-01,8.409883379936218262e-01,1.351563334465026855e-01,-1.205313280224800110e-01,-5.830473825335502625e-02,4.849561490118503571e-03,-3.075908422470092773e-01,6.603112816810607910e-02,-6.239426136016845703e-02,-4.460180178284645081e-03,-4.390118643641471863e-02,3.199384808540344238e-01,3.240046203136444092e-01,-1.294933259487152100e-01,-4.383169710636138916e-01,-8.067116141319274902e-02,2.306725680828094482e-01,-4.005179405212402344e-01,1.205461025238037109e-01,-2.991229295730590820e-01,1.476408094167709351e-01,-1.787888817489147186e-02
-1.127935290336608887e+00,-1.503613889217376709e-01,8.295447230339050293e-01,1.337863039225339890e-02,1.100808382034301758e-02,-6.579278111457824707e-01,7.528817057609558105e-01,-6.598076224327087402e-01,6.517185270786285400e-02,-1.456182152032852173e-01,8.772212266921997070e-01,1.142968460917472839e-01,-1.094309613108634949e-01,-6.259448081254959106e-02,2.337337238714098930e-03,-3.064566850662231445e-01,7.382959872484207153e-02,-6.526859849691390991e-02,-7.124902214854955673e-03,-4.591899737715721130e-02,3.218079507350921631e-01,3.242556750774383545e-01,-1.279117614030838013e-01,-4.350601732730865479e-01,-7.801079005002975464e-02,2.297743856906890869e-01,-4.032083451747894287e-01,1.234593540430068970e-01,-3.005894422531127930e-01,1.505379974842071533e-01,-1.751843281090259552e-02
-1.128305435180664062e+00,-1.501185894012451172e-01,8.297854661941528320e-01,1.405749935656785965e-02,9.966542944312095642e-03,-6.589017510414123535e-01,7.520316243171691895e-01,-6.825029850006103516e-01,6.835608929395675659e-02,-1.360655277967453003e-01,9.125618934631347656e-01,9.235327690839767456e-02,-9.229569137096405029e-02,-6.767105311155319214e-02,-1.039186725392937660e-03,-3.042561113834381104e-01,8.329468220472335815e-02,-6.912515312433242798e-02,-1.063313055783510208e-02,-4.714094102382659912e-02,3.241793513298034668e-01,3.239569365978240967e-01,-1.263648867607116699e-01,-4.310057461261749268e-01,-7.538279891014099121e-02,2.287088036537170410e-01,-4.064276814460754395e-01,1.261642724275588989e-01,-3.017973899841308594e-01,1.531120985746383667e-01,-1.696378923952579498e-02
-1.128570675849914551e+00,-1.500196903944015503e-01,8.300624489784240723e-01,1.500480063259601593e-02,9.071656502783298492e-03,-6.600496768951416016e-01,7.510172724723815918e-01,-7.039766907691955566e-01,7.189594209194183350e-02,-1.259712129831314087e-01,9.462639093399047852e-01,6.916100531816482544e-02,-7.465104758739471436e-02,-7.248430699110031128e-02,-4.482355900108814240e-03,-3.018810749053955078e-01,9.135188162326812744e-02,-7.252111285924911499e-02,-1.386547368019819260e-02,-4.749496281147003174e-02,3.267681598663330078e-01,3.230796158313751221e-01,-1.249155998229980469e-01,-4.266827106475830078e-01,-7.280905544757843018e-02,2.274637073278427124e-01,-4.101069867610931396e-01,1.287595331668853760e-01,-3.028662204742431641e-01,1.555089354515075684e-01,-1.624944433569908142e-02
-1.128750324249267578e+00,-1.500381827354431152e-01,8.303638696670532227e-01,1.606786996126174927e-02,8.117666468024253845e-03,-6.613051891326904297e-01,7.499008774757385254e-01,-7.238305211067199707e-01,7.558161765336990356e-02,-1.157694160938262939e-01,9.785546660423278809e-01,4.342743009328842163e-02,-5.558651313185691833e-02,-7.645159214735031128e-02,-8.082484826445579529e-03,-2.997557818889617920e-01,9.795638918876647949e-02,-7.536137104034423828e-02,-1.638815551996231079e-02,-4.751517251133918762e-02,3.294574916362762451e-01,3.216111660003662109e-01,-1.236284524202346802e-01,-4.224591851234436035e-01,-7.035782933235168457e-02,2.259537279605865479e-01,-4.141047596931457520e-01,1.310224086046218872e-01,-3.038730919361114502e-01,1.574306339025497437e-01,-1.546817366033792496e-02
-1.128722786903381348e+00,-1.500933915376663208e-01,8.306865692138671875e-01,1.718722283840179443e-02,7.172826211899518967e-03,-6.625981926918029785e-01,7.487434744834899902e-01,-7.423040270805358887e-01,7.865688204765319824e-02,-1.068047881126403809e-01,1.009714722633361816e+00,1.534196268767118454e-02,-3.711139038205146790e-02,-8.002291619777679443e-02,-1.185504347085952759e-02,-2.966347038745880127e-01,1.034065857529640198e-01,-7.693689316511154175e-02,-1.759311184287071228e-02,-4.748874530196189880e-02,3.322682976722717285e-01,3.196187317371368408e-01,-1.225343272089958191e-01,-4.183872044086456299e-01,-6.811993569135665894e-02,2.242266535758972168e-01,-4.183402955532073975e-01,1.329224407672882080e-01,-3.047158420085906982e-01,1.589052826166152954e-01,-1.467450335621833801e-02
-1.128661155700683594e+00,-1.502115279436111450e-01,8.309694528579711914e-01,1.832785457372665405e-02,6.444814614951610565e-03,-6.639474630355834961e-01,7.475268244743347168e-01,-7.601134181022644043e-01,8.140819519758224487e-02,-9.904704242944717407e-02,1.039733767509460449e+00,-1.162267010658979416e-02,-1.776673831045627594e-02,-8.341935276985168457e-02,-1.534109190106391907e-02,-2.938624322414398193e-01,1.079656779766082764e-01,-7.764266431331634521e-02,-1.750301942229270935e-02,-4.733427241444587708e-02,3.351242244243621826e-01,3.171307742595672607e-01,-1.215713620185852051e-01,-4.145921170711517334e-01,-6.597781181335449219e-02,2.222082167863845825e-01,-4.227587878704071045e-01,1.344762742519378662e-01,-3.056795001029968262e-01,1.599140912294387817e-01,-1.388896908611059189e-02
-1.128572106361389160e+00,-1.503151506185531616e-01,8.312589526176452637e-01,1.947717554867267609e-02,5.678089801222085953e-03,-6.653074026107788086e-01,7.462938427925109863e-01,-7.762971520423889160e-01,8.355355262756347656e-02,-9.243977814912796021e-02,1.067775964736938477e+00,-3.746028989553451538e-02,-1.204220607178285718e-04,-8.577746897935867310e-02,-1.871868409216403961e-02,-2.908510863780975342e-01,1.115873232483863831e-01,-7.827705144882202148e-02,-1.718511618673801422e-02,-4.728427156805992126e-02,3.380767107009887695e-01,3.143126666545867920e-01,-1.207923069596290588e-01,-4.109959304332733154e-01,-6.410362571477890015e-02,2.198049128055572510e-01,-4.273352026939392090e-01,1.354784816503524780e-01,-3.068154752254486084e-01,1.601135879755020142e-01,-1.308570709079504013e-02
-1.128283143043518066e+00,-1.503469198942184448e-01,8.314985036849975586e-01,2.026240155100822449e-02,4.794354084879159927e-03,-6.668161153793334961e-01,7.449313402175903320e-01,-7.902845144271850586e-01,8.495265990495681763e-02,-8.761827647686004639e-02,1.093986272811889648e+00,-6.151326000690460205e-02,1.495081000030040741e-02,-8.720697462558746338e-02,-2.176168560981750488e-02,-2.871356606483459473e-01,1.144045963883399963e-01,-7.837153971195220947e-02,-1.670693419873714447e-02,-4.739521816372871399e-02,3.411903977394104004e-01,3.113614022731781006e-01,-1.201997399330139160e-01,-4.074875712394714355e-01,-6.257908791303634644e-02,2.172281593084335327e-01,-4.319303929805755615e-01,1.359992921352386475e-01,-3.078340590000152588e-01,1.595094352960586548e-01,-1.224520150572061539e-02
-1.127932429313659668e+00,-1.503858268260955811e-01,8.316611647605895996e-01,2.083197981119155884e-02,4.124410916119813919e-03,-6.681954860687255859e-01,7.436825633049011230e-01,-8.027482032775878906e-01,8.633479475975036621e-02,-8.369946479797363281e-02,1.117674350738525391e+00,-8.425878733396530151e-02,2.772443369030952454e-02,-8.674231916666030884e-02,-2.389139495790004730e-02,-2.840557098388671875e-01,1.153142377734184265e-01,-7.890039682388305664e-02,-1.601007208228111267e-02,-4.741723835468292236e-02,3.445230722427368164e-01,3.084248900413513184e-01,-1.199078038334846497e-01,-4.039906561374664307e-01,-6.159071624279022217e-02,2.146694362163543701e-01,-4.365093111991882324e-01,1.362247765064239502e-01,-3.085831999778747559e-01,1.583429425954818726e-01,-1.140157599002122879e-02
-1.127471446990966797e+00,-1.504128426313400269e-01,8.318464159965515137e-01,2.106660790741443634e-02,3.460668260231614113e-03,-6.695716381072998047e-01,7.424405813217163086e-01,-8.130339980125427246e-01,8.725617825984954834e-02,-8.114324510097503662e-02,1.138474345207214355e+00,-1.050882935523986816e-01,3.789433464407920837e-02,-9.053590893745422363e-02,-2.598665282130241394e-02,-2.801487743854522705e-01,1.179321706295013428e-01,-7.666508108377456665e-02,-1.614758372306823730e-02,-4.823289066553115845e-02,3.480987250804901123e-01,3.057503104209899902e-01,-1.198216527700424194e-01,-4.003889262676239014e-01,-6.112780794501304626e-02,2.122960686683654785e-01,-4.408414661884307861e-01,1.363535970449447632e-01,-3.090127706527709961e-01,1.568064838647842407e-01,-1.051755715161561966e-02
-1.126914739608764648e+00,-1.504044532775878906e-01,8.319910764694213867e-01,2.157755382359027863e-02,3.127204487100243568e-03,-6.711333394050598145e-01,7.410159707069396973e-01,-8.222530484199523926e-01,8.725986629724502563e-02,-8.000535517930984497e-02,1.156541347503662109e+00,-1.228023692965507507e-01,4.743490740656852722e-02,-9.231634438037872314e-02,-2.780619449913501740e-02,-2.757605314254760742e-01,1.193110197782516479e-01,-7.619468122720718384e-02,-1.567578129470348358e-02,-4.799576848745346069e-02,3.515513837337493896e-01,3.031552135944366455e-01,-1.197400763630867004e-01,-3.970936238765716553e-01,-6.092452630400657654e-02,2.100300788879394531e-01,-4.450542330741882324e-01,1.365912109613418579e-01,-3.093223273754119873e-01,1.552711427211761475e-01,-9.613572619855403900e-03
-1.126239776611328125e+00,-1.504755318164825439e-01,8.321007490158081055e-01,2.191438898444175720e-02,3.074584761634469032e-03,-6.726630330085754395e-01,7.396179437637329102e-01,-8.298659920692443848e-01,8.697435259819030762e-02,-8.025927096605300903e-02,1.171491265296936035e+00,-1.386293023824691772e-01,5.349580571055412292e-02,-9.303176403045654297e-02,-2.877191267907619476e-02,-2.717463374137878418e-01,1.187105923891067505e-01,-7.563265413045883179e-02,-1.508287992328405380e-02,-4.764164239168167114e-02,3.548826277256011963e-01,3.007314801216125488e-01,-1.195280477404594421e-01,-3.939608633518218994e-01,-6.090532988309860229e-02,2.077990174293518066e-01,-4.489646852016448975e-01,1.368769258260726929e-01,-3.096996545791625977e-01,1.536720544099807739e-01,-8.724677376449108124e-03
-1.125515222549438477e+00,-1.505093723535537720e-01,8.321867585182189941e-01,2.211016416549682617e-02,3.134800819680094719e-03,-6.741608977317810059e-01,7.382468581199645996e-01,-8.354433774948120117e-01,8.613681048154830933e-02,-8.142561465501785278e-02,1.183328509330749512e+00,-1.533068716526031494e-01,5.888009071350097656e-02,-9.354656189680099487e-02,-2.937676757574081421e-02,-2.678941488265991211e-01,1.176716014742851257e-01,-7.453225553035736084e-02,-1.446245983242988586e-02,-4.718144610524177551e-02,3.580251336097717285e-01,2.985029220581054688e-01,-1.191951483488082886e-01,-3.911177217960357666e-01,-6.102169677615165710e-02,2.056640237569808960e-01,-4.524714052677154541e-01,1.370614469051361084e-01,-3.099387586116790771e-01,1.517385393381118774e-01,-7.905755192041397095e-03
-1.124792575836181641e+00,-1.506251245737075806e-01,8.322608470916748047e-01,2.225606516003608704e-02,3.246380481868982315e-03,-6.754450201988220215e-01,7.370672821998596191e-01,-8.388467431068420410e-01,8.465974032878875732e-02,-8.318267762660980225e-02,1.191206455230712891e+00,-1.652599722146987915e-01,6.377572566270828247e-02,-9.565998613834381104e-02,-3.007410094141960144e-02,-2.639510631561279297e-01,1.178219690918922424e-01,-7.281503826379776001e-02,-1.403327845036983490e-02,-4.721641167998313904e-02,3.609040081501007080e-01,2.964971661567687988e-01,-1.187667325139045715e-01,-3.887191116809844971e-01,-6.122233718633651733e-02,2.037655413150787354e-01,-4.556096494197845459e-01,1.373567134141921997e-01,-3.099444806575775146e-01,1.499281972646713257e-01,-7.206689100712537766e-03
-1.124042630195617676e+00,-1.506795883178710938e-01,8.322702646255493164e-01,2.257713861763477325e-02,3.496280405670404434e-03,-6.767231225967407227e-01,7.358830571174621582e-01,-8.403262495994567871e-01,8.255999535322189331e-02,-8.532474935054779053e-02,1.195123434066772461e+00,-1.760646104812622070e-01,6.768244504928588867e-02,-9.520024806261062622e-02,-3.071517869830131531e-02,-2.602151334285736084e-01,1.171846240758895874e-01,-7.280103117227554321e-02,-1.292638573795557022e-02,-4.688508436083793640e-02,3.634215891361236572e-01,2.945865392684936523e-01,-1.181264966726303101e-01,-3.867831528186798096e-01,-6.125633046030998230e-02,2.020495533943176270e-01,-4.583794772624969482e-01,1.376950293779373169e-01,-3.097442984580993652e-01,1.480991989374160767e-01,-6.578627508133649826e-03
-1.123262643814086914e+00,-1.508089601993560791e-01,8.322924375534057617e-01,2.279907278716564178e-02,3.753787139430642128e-03,-6.778578758239746094e-01,7.348297834396362305e-01,-8.390800952911376953e-01,8.025792241096496582e-02,-8.781065046787261963e-02,1.194787979125976562e+00,-1.846082508563995361e-01,6.765863299369812012e-02,-9.452413767576217651e-02,-3.120960295200347900e-02,-2.571899592876434326e-01,1.159799546003341675e-01,-7.253601402044296265e-02,-1.182306837290525436e-02,-4.666716232895851135e-02,3.655639886856079102e-01,2.927978932857513428e-01,-1.173652037978172302e-01,-3.854499459266662598e-01,-6.120525300502777100e-02,2.005001902580261230e-01,-4.607338607311248779e-01,1.380854398012161255e-01,-3.093780279159545898e-01,1.462823748588562012e-01,-6.039921659976243973e-03
-1.122415184974670410e+00,-1.509421616792678833e-01,8.323099613189697266e-01,2.260879054665565491e-02,3.777657868340611458e-03,-6.788847446441650391e-01,7.338869571685791016e-01,-8.344472646713256836e-01,7.742320001125335693e-02,-9.085843712091445923e-02,1.190374970436096191e+00,-1.911803334951400757e-01,6.861422210931777954e-02,-9.727830439805984497e-02,-3.191696852445602417e-02,-2.538703083992004395e-01,1.171650290489196777e-01,-7.055088877677917480e-02,-1.130119618028402328e-02,-4.660708829760551453e-02,3.679493665695190430e-01,2.907288968563079834e-01,-1.162155494093894958e-01,-3.840332031250000000e-01,-6.139218062162399292e-02,1.987751871347427368e-01,-4.632948040962219238e-01,1.389157772064208984e-01,-3.077766001224517822e-01,1.428358107805252075e-01,-5.433122627437114716e-03
-1.121490359306335449e+00,-1.510942578315734863e-01,8.323050737380981445e-01,2.271403744816780090e-02,4.071859177201986313e-03,-6.798769831657409668e-01,7.329630255699157715e-01,-8.271859288215637207e-01,7.423281669616699219e-02,-9.368035942316055298e-02,1.180436730384826660e+00,-1.970104426145553589e-01,6.687594205141067505e-02,-9.748540818691253662e-02,-3.256928548216819763e-02,-2.508115768432617188e-01,1.170853376388549805e-01,-7.048764079809188843e-02,-1.011423394083976746e-02,-4.688214510679244995e-02,3.698628842830657959e-01,2.890637814998626709e-01,-1.152660772204399109e-01,-3.840225934982299805e-01,-6.218942627310752869e-02,1.973223388195037842e-01,-4.652163982391357422e-01,1.400191038846969604e-01,-3.064591288566589355e-01,1.405210494995117188e-01,-5.009273998439311981e-03
-1.120512843132019043e+00,-1.512599885463714600e-01,8.322926759719848633e-01,2.262689732015132904e-02,4.335506819188594818e-03,-6.809452772140502930e-01,7.319718003273010254e-01,-8.175897598266601562e-01,7.023465633392333984e-02,-9.784974157810211182e-02,1.166826725006103516e+00,-2.012450397014617920e-01,6.358451396226882935e-02,-9.831412136554718018e-02,-3.297705203294754028e-02,-2.475564181804656982e-01,1.167260110378265381e-01,-6.949953734874725342e-02,-9.144175797700881958e-03,-4.690010845661163330e-02,3.714256584644317627e-01,2.876565456390380859e-01,-1.143415793776512146e-01,-3.851080536842346191e-01,-6.265556067228317261e-02,1.961425840854644775e-01,-4.664644300937652588e-01,1.409214138984680176e-01,-3.042081296443939209e-01,1.376937180757522583e-01,-4.731369204819202423e-03
-1.119454979896545410e+00,-1.514669805765151978e-01,8.322907686233520508e-01,2.261137403547763824e-02,4.727250430732965469e-03,-6.820368170738220215e-01,7.309529185295104980e-01,-8.047593832015991211e-01,6.542921066284179688e-02,-1.023511886596679688e-01,1.147714018821716309e+00,-2.031488418579101562e-01,5.582384765148162842e-02,-9.797915071249008179e-02,-3.333210572600364685e-02,-2.448477298021316528e-01,1.153598353266716003e-01,-6.890439242124557495e-02,-7.829500362277030945e-03,-4.608378559350967407e-02,3.726949989795684814e-01,2.866181433200836182e-01,-1.135988533496856689e-01,-3.869731128215789795e-01,-6.298569589853286743e-02,1.951070278882980347e-01,-4.671489894390106201e-01,1.419398784637451172e-01,-3.023249208927154541e-01,1.352206170558929443e-01,-4.698023200035095215e-03
-1.118313312530517578e+00,-1.517074257135391235e-01,8.322506546974182129e-01,2.237506769597530365e-02,5.098419729620218277e-03,-6.833397746086120605e-01,7.297397255897521973e-01,-7.893351912498474121e-01,6.018508225679397583e-02,-1.084678322076797485e-01,1.124306797981262207e+00,-2.028956413269042969e-01,4.779484122991561890e-02,-9.685488045215606689e-02,-3.333861008286476135e-02,-2.422847598791122437e-01,1.128389313817024231e-01,-6.800604611635208130e-02,-6.468707695603370667e-03,-4.518145695328712463e-02,3.737435042858123779e-01,2.859853804111480713e-01,-1.130791977047920227e-01,-3.895156085491180420e-01,-6.360683590173721313e-02,1.942786127328872681e-01,-4.673313796520233154e-01,1.432040780782699585e-01,-3.006938397884368896e-01,1.333877593278884888e-01,-4.718661308288574219e-03
-1.117083668708801270e+00,-1.520498543977737427e-01,8.321681618690490723e-01,2.202785201370716095e-02,5.696565378457307816e-03,-6.846875548362731934e-01,7.284814715385437012e-01,-7.709260582923889160e-01,5.506015568971633911e-02,-1.150971353054046631e-01,1.095780730247497559e+00,-2.009506225585937500e-01,3.610232472419738770e-02,-9.603764861822128296e-02,-3.272717818617820740e-02,-2.386934459209442139e-01,1.097060814499855042e-01,-6.632877886295318604e-02,-5.224691238254308701e-03,-4.514854028820991516e-02,3.745466172695159912e-01,2.857352793216705322e-01,-1.127109229564666748e-01,-3.929676115512847900e-01,-6.473047286272048950e-02,1.936626136302947998e-01,-4.668448567390441895e-01,1.443896889686584473e-01,-2.981774508953094482e-01,1.306072175502777100e-01,-4.701877012848854065e-03
-1.115774631500244141e+00,-1.523665487766265869e-01,8.320338129997253418e-01,2.092521078884601593e-02,5.955212283879518509e-03,-6.863101720809936523e-01,7.269835472106933594e-01,-7.484631538391113281e-01,5.042265728116035461e-02,-1.221154928207397461e-01,1.063029289245605469e+00,-1.973969340324401855e-01,2.443968132138252258e-02,-9.265773743391036987e-02,-3.139179199934005737e-02,-2.348825335502624512e-01,1.058096885681152344e-01,-6.492154300212860107e-02,-3.855126211419701576e-03,-4.512172192335128784e-02,3.751587271690368652e-01,2.857550382614135742e-01,-1.123980283737182617e-01,-3.972662985324859619e-01,-6.654807180166244507e-02,1.933705955743789673e-01,-4.659363627433776855e-01,1.462049633264541626e-01,-2.959534227848052979e-01,1.286879628896713257e-01,-4.483093973249197006e-03
-1.114257812500000000e+00,-1.528918743133544922e-01,8.319015502929687500e-01,2.023666538298130035e-02,6.528767757117748260e-03,-6.880207061767578125e-01,7.253794074058532715e-01,-7.241584062576293945e-01,4.548867791891098022e-02,-1.294237971305847168e-01,1.025301098823547363e+00,-1.905355453491210938e-01,8.047827519476413727e-03,-9.041669964790344238e-02,-3.049458749592304230e-02,-2.303379327058792114e-01,1.013056412339210510e-01,-6.220525130629539490e-02,-1.259699580259621143e-03,-4.437239468097686768e-02,3.756382763385772705e-01,2.860488295555114746e-01,-1.118933930993080139e-01,-4.017708599567413330e-01,-6.842060387134552002e-02,1.931251436471939087e-01,-4.646223783493041992e-01,1.485967636108398438e-01,-2.944165170192718506e-01,1.279676556587219238e-01,-4.119401797652244568e-03
-1.112595915794372559e+00,-1.534097045660018921e-01,8.317140936851501465e-01,1.932665705680847168e-02,7.146018091589212418e-03,-6.902652382850646973e-01,7.232629656791687012e-01,-6.963554620742797852e-01,4.108810797333717346e-02,-1.371048539876937866e-01,9.823198914527893066e-01,-1.826873570680618286e-01,-1.053636148571968079e-02,-8.652928471565246582e-02,-2.918881550431251526e-02,-2.253478169441223145e-01,9.467139095067977905e-02,-5.827636644244194031e-02,2.753643086180090904e-03,-4.312979429960250854e-02,3.759656846523284912e-01,2.865283489227294922e-01,-1.108215600252151489e-01,-4.060051441192626953e-01,-6.923418492078781128e-02,1.928865164518356323e-01,-4.630034267902374268e-01,1.512337177991867065e-01,-2.926656603813171387e-01,1.283036023378372192e-01,-3.438771935179829597e-03
-1.110833883285522461e+00,-1.538042277097702026e-01,8.314687609672546387e-01,1.777371391654014587e-02,7.587036117911338806e-03,-6.926637291908264160e-01,7.210017442703247070e-01,-6.651268601417541504e-01,3.767767548561096191e-02,-1.452736556529998779e-01,9.348139166831970215e-01,-1.690321117639541626e-01,-2.755360119044780731e-02,-8.042647689580917358e-02,-2.707903087139129639e-02,-2.208783626556396484e-01,8.555360138416290283e-02,-5.286429077386856079e-02,7.104408927261829376e-03,-4.177521914243698120e-02,3.767011463642120361e-01,2.872572839260101318e-01,-1.090225353837013245e-01,-4.098950922489166260e-01,-6.905381381511688232e-02,1.924075335264205933e-01,-4.607841968536376953e-01,1.542578190565109253e-01,-2.895223498344421387e-01,1.289790570735931396e-01,-2.390074077993631363e-03
-1.108943581581115723e+00,-1.543650329113006592e-01,8.311420083045959473e-01,1.609262079000473022e-02,8.063740096986293793e-03,-6.953610777854919434e-01,7.184351086616516113e-01,-6.312550306320190430e-01,3.459843620657920837e-02,-1.541240215301513672e-01,8.827739357948303223e-01,-1.498700529336929321e-01,-4.699672386050224304e-02,-7.532088458538055420e-02,-2.490999363362789154e-02,-2.156402766704559326e-01,7.774604856967926025e-02,-4.758547246456146240e-02,9.464373812079429626e-03,-3.991267457604408264e-02,3.772349953651428223e-01,2.882027328014373779e-01,-1.069230660796165466e-01,-4.125914871692657471e-01,-6.832047551870346069e-02,1.919021159410476685e-01,-4.580021202564239502e-01,1.575151681900024414e-01,-2.866697311401367188e-01,1.302175968885421753e-01,-1.095254090614616871e-03
-1.106948733329772949e+00,-1.548812687397003174e-01,8.306504487991333008e-01,1.403011661022901535e-02,8.215732872486114502e-03,-6.980782151222229004e-01,7.158368825912475586e-01,-5.946597456932067871e-01,3.143540397286415100e-02,-1.642477065324783325e-01,8.269745707511901855e-01,-1.218376308679580688e-01,-6.681042909622192383e-02,-7.386256754398345947e-02,-2.383431605994701385e-02,-2.090120315551757812e-01,8.047257363796234131e-02,-4.812600463628768921e-02,1.031695026904344559e-02,-3.828034549951553345e-02,3.777602016925811768e-01,2.891884744167327881e-01,-1.048961505293846130e-01,-4.148420095443725586e-01,-6.788714975118637085e-02,1.912431269884109497e-01,-4.550045430660247803e-01,1.608514934778213501e-01,-2.831842899322509766e-01,1.318461000919342041e-01,5.836380296386778355e-04
-1.104920506477355957e+00,-1.555419862270355225e-01,8.300587534904479980e-01,1.169366016983985901e-02,8.461198769509792328e-03,-7.008602619171142578e-01,7.131525874137878418e-01,-5.556056499481201172e-01,2.936234883964061737e-02,-1.750030815601348877e-01,7.669351100921630859e-01,-8.479245752096176147e-02,-8.705842494964599609e-02,-7.377009838819503784e-02,-2.259043231606483459e-02,-2.018678039312362671e-01,8.573828637599945068e-02,-4.959937185049057007e-02,1.230158843100070953e-02,-3.697569668292999268e-02,3.783394396305084229e-01,2.903607785701751709e-01,-1.028918772935867310e-01,-4.165675342082977295e-01,-6.783390790224075317e-02,1.905337721109390259e-01,-4.517058134078979492e-01,1.645522564649581909e-01,-2.796911299228668213e-01,1.341109275817871094e-01,2.233835170045495033e-03
-1.102823019027709961e+00,-1.563318222761154175e-01,8.294972777366638184e-01,9.859330020844936371e-03,9.016663767397403717e-03,-7.040134668350219727e-01,7.100608944892883301e-01,-5.155490040779113770e-01,2.770239114761352539e-02,-1.860546916723251343e-01,7.019008398056030273e-01,-3.551311418414115906e-02,-1.052357032895088196e-01,-7.756561785936355591e-02,-2.192186191678047180e-02,-1.931302547454833984e-01,9.442360699176788330e-02,-5.186713486909866333e-02,1.330281887203454971e-02,-3.511136025190353394e-02,3.789201080799102783e-01,2.917434573173522949e-01,-1.007983312010765076e-01,-4.187497794628143311e-01,-6.714170426130294800e-02,1.894606649875640869e-01,-4.480443298816680908e-01,1.683528423309326172e-01,-2.763225734233856201e-01,1.362705677747726440e-01,3.748009912669658661e-03
-1.100433349609375000e+00,-1.569264233112335205e-01,8.287442922592163086e-01,6.831382866948843002e-03,9.160506539046764374e-03,-7.073103189468383789e-01,7.068108320236206055e-01,-4.726808369159698486e-01,2.744102291762828827e-02,-1.978543549776077271e-01,6.345117092132568359e-01,2.710192650556564331e-02,-1.258406043052673340e-01,-7.984644174575805664e-02,-2.052875980734825134e-02,-1.835305392742156982e-01,1.049317345023155212e-01,-5.515919625759124756e-02,1.511072088032960892e-02,-3.299849107861518860e-02,3.797659277915954590e-01,2.934214770793914795e-01,-9.881450980901718140e-02,-4.194655120372772217e-01,-6.765210628509521484e-02,1.882040947675704956e-01,-4.441691637039184570e-01,1.724245101213455200e-01,-2.719199359416961670e-01,1.390039771795272827e-01,5.436187610030174255e-03
-1.098273873329162598e+00,-1.577297598123550415e-01,8.281111121177673340e-01,4.832902923226356506e-03,9.270831011235713959e-03,-7.106088995933532715e-01,7.035095691680908203e-01,-4.355956017971038818e-01,2.652395144104957581e-02,-2.081803977489471436e-01,5.783889293670654297e-01,6.128165498375892639e-02,-1.093980669975280762e-01,-8.094279468059539795e-02,-2.027893438935279846e-02,-1.742103397846221924e-01,1.141773238778114319e-01,-5.974109843373298645e-02,1.703723333775997162e-02,-3.157652914524078369e-02,3.807426989078521729e-01,2.946373522281646729e-01,-9.713467955589294434e-02,-4.203976690769195557e-01,-6.819799542427062988e-02,1.864466816186904907e-01,-4.405481815338134766e-01,1.765363663434982300e-01,-2.671264111995697021e-01,1.412116736173629761e-01,6.972867995500564575e-03
-1.095764279365539551e+00,-1.582907438278198242e-01,8.273445963859558105e-01,2.933634445071220398e-03,9.122977964580059052e-03,-7.120556235313415527e-01,7.020576596260070801e-01,-4.025331437587738037e-01,2.970840968191623688e-02,-2.054760009050369263e-01,5.338211059570312500e-01,2.471926622092723846e-02,-8.844615519046783447e-02,-8.534129709005355835e-02,-2.204025536775588989e-02,-1.690549105405807495e-01,1.283302754163742065e-01,-6.569652259349822998e-02,2.018165960907936096e-02,-3.577062115073204041e-02,3.817547261714935303e-01,2.955564558506011963e-01,-9.560479968786239624e-02,-4.210805594921112061e-01,-6.847544014453887939e-02,1.841693669557571411e-01,-4.371344745159149170e-01,1.806702762842178345e-01,-2.625277638435363770e-01,1.426096260547637939e-01,8.443282917141914368e-03
-1.093346595764160156e+00,-1.588045656681060791e-01,8.265179991722106934e-01,9.602688369341194630e-04,9.323980659246444702e-03,-7.137679457664489746e-01,7.003195285797119141e-01,-3.703095614910125732e-01,3.634646162390708923e-02,-1.959531903266906738e-01,4.959751963615417480e-01,-1.702289283275604248e-02,-8.148596435785293579e-02,-8.959522843360900879e-02,-2.284923754632472992e-02,-1.634050756692886353e-01,1.416654139757156372e-01,-7.117976993322372437e-02,2.226508595049381256e-02,-3.965869173407554626e-02,3.828223049640655518e-01,2.967082858085632324e-01,-9.409752488136291504e-02,-4.222545325756072998e-01,-6.874094903469085693e-02,1.813496500253677368e-01,-4.335078895092010498e-01,1.849622279405593872e-01,-2.583443224430084229e-01,1.430408358573913574e-01,9.738482534885406494e-03
-1.090510129928588867e+00,-1.593248397111892700e-01,8.255736827850341797e-01,-1.042844727635383606e-03,9.895470924675464630e-03,-7.163742780685424805e-01,6.976452469825744629e-01,-3.375626802444458008e-01,4.275280982255935669e-02,-1.841657310724258423e-01,4.564796984195709229e-01,-5.460272729396820068e-02,-8.104243874549865723e-02,-9.769853204488754272e-02,-2.360263653099536896e-02,-1.551302373409271240e-01,1.584675163030624390e-01,-7.687521725893020630e-02,2.546365000307559967e-02,-4.188742861151695251e-02,3.841384649276733398e-01,2.982301712036132812e-01,-9.268903732299804688e-02,-4.228374361991882324e-01,-6.992794573307037354e-02,1.778542697429656982e-01,-4.297942519187927246e-01,1.893050223588943481e-01,-2.544324398040771484e-01,1.412279754877090454e-01,1.108706183731555939e-02
-1.087966799736022949e+00,-1.599302142858505249e-01,8.248652219772338867e-01,-1.573895686306059361e-03,1.040439587086439133e-02,-7.186946868896484375e-01,6.952461600303649902e-01,-3.113912343978881836e-01,4.629134759306907654e-02,-1.676000058650970459e-01,4.243029057979583740e-01,-8.818324655294418335e-02,-6.905294954776763916e-02,-1.080908700823783875e-01,-2.604585140943527222e-02,-1.452730298042297363e-01,1.762270480394363403e-01,-8.333383500576019287e-02,2.825925126671791077e-02,-4.439736157655715942e-02,3.850934505462646484e-01,2.994280755519866943e-01,-9.163580834865570068e-02,-4.251040518283843994e-01,-7.039713859558105469e-02,1.740227639675140381e-01,-4.268193244934082031e-01,1.932468265295028687e-01,-2.512423098087310791e-01,1.395525485277175903e-01,1.216273941099643707e-02
-1.085715413093566895e+00,-1.604953110218048096e-01,8.245304226875305176e-01,-1.076767439371906221e-04,1.078283134847879410e-02,-7.209599614143371582e-01,6.928927898406982422e-01,-2.923696041107177734e-01,4.624432325363159180e-02,-1.502807736396789551e-01,3.959691822528839111e-01,-1.047459095716476440e-01,-5.418300628662109375e-02,-1.238241344690322876e-01,-3.088936768472194672e-02,-1.323870718479156494e-01,1.956220716238021851e-01,-8.907156437635421753e-02,3.036392852663993835e-02,-4.617593437433242798e-02,3.858040869235992432e-01,3.004107177257537842e-01,-9.086748212575912476e-02,-4.294131994247436523e-01,-7.117563486099243164e-02,1.687483340501785278e-01,-4.244995713233947754e-01,1.970885992050170898e-01,-2.482054829597473145e-01,1.368753165006637573e-01,1.286475080996751785e-02
-1.083564639091491699e+00,-1.610086560249328613e-01,8.246415853500366211e-01,2.383411163464188576e-03,1.070369500666856766e-02,-7.236445546150207520e-01,6.900857090950012207e-01,-2.754670977592468262e-01,4.358550906181335449e-02,-1.354283392429351807e-01,3.646433949470520020e-01,-1.038178429007530212e-01,-4.050607606768608093e-02,-1.423220336437225342e-01,-3.726714476943016052e-02,-1.158107966184616089e-01,2.178244143724441528e-01,-9.284441918134689331e-02,3.245866298675537109e-02,-4.710486158728599548e-02,3.861717879772186279e-01,3.007448315620422363e-01,-9.034843742847442627e-02,-4.352184534072875977e-01,-7.165212929248809814e-02,1.621585935354232788e-01,-4.233369827270507812e-01,2.006774246692657471e-01,-2.445333153009414673e-01,1.336176544427871704e-01,1.307360362261533737e-02
-1.081331491470336914e+00,-1.613449454307556152e-01,8.250135779380798340e-01,4.600030370056629181e-03,9.926883503794670105e-03,-7.262082099914550781e-01,6.873877644538879395e-01,-2.580001354217529297e-01,4.000415652990341187e-02,-1.207530125975608826e-01,3.339951038360595703e-01,-9.919624030590057373e-02,-3.067513369023799896e-02,-1.620024442672729492e-01,-4.453243315219879150e-02,-9.989773482084274292e-02,2.441803961992263794e-01,-9.374853968620300293e-02,3.447603061795234680e-02,-4.735998064279556274e-02,3.862600326538085938e-01,3.003956675529479980e-01,-9.029916673898696899e-02,-4.411863088607788086e-01,-7.228848338127136230e-02,1.543793529272079468e-01,-4.231404364109039307e-01,2.033812552690505981e-01,-2.388199269771575928e-01,1.279779225587844849e-01,1.252363249659538269e-02
-1.079437255859375000e+00,-1.615333110094070435e-01,8.255589008331298828e-01,6.818922702223062515e-03,8.917715400457382202e-03,-7.282621860504150391e-01,6.852066516876220703e-01,-2.430157959461212158e-01,3.657350316643714905e-02,-1.072518080472946167e-01,3.072641789913177490e-01,-9.108802676200866699e-02,-3.111316822469234467e-02,-1.825585812330245972e-01,-5.121357738971710205e-02,-8.269762247800827026e-02,2.721466720104217529e-01,-9.217259287834167480e-02,3.617438673973083496e-02,-4.820581525564193726e-02,3.861197233200073242e-01,2.997736334800720215e-01,-9.085353463888168335e-02,-4.468818008899688721e-01,-7.372845709323883057e-02,1.455825120210647583e-01,-4.236367344856262207e-01,2.054516375064849854e-01,-2.311730533838272095e-01,1.212627664208412170e-01,1.130742114037275314e-02
-1.077712416648864746e+00,-1.613625138998031616e-01,8.261437416076660156e-01,8.705127052962779999e-03,7.401668000966310501e-03,-7.299566268920898438e-01,6.833979487419128418e-01,-2.314209043979644775e-01,3.330998122692108154e-02,-9.396827965974807739e-02,2.871435582637786865e-01,-8.077119290828704834e-02,-3.777547180652618408e-02,-2.032872736454010010e-01,-5.812907963991165161e-02,-6.905777752399444580e-02,3.018975853919982910e-01,-8.977141231298446655e-02,3.616538271307945251e-02,-4.845612496137619019e-02,3.853923082351684570e-01,2.991350889205932617e-01,-9.208926558494567871e-02,-4.506862461566925049e-01,-7.524878531694412231e-02,1.373847275972366333e-01,-4.235675632953643799e-01,2.056507766246795654e-01,-2.286606580018997192e-01,1.155695095658302307e-01,9.518088772892951965e-03
-1.076017022132873535e+00,-1.609104573726654053e-01,8.268078565597534180e-01,9.986147284507751465e-03,6.079708226025104523e-03,-7.313396334648132324e-01,6.819131970405578613e-01,-2.238598763942718506e-01,3.070550970733165741e-02,-8.148872852325439453e-02,2.736093401908874512e-01,-7.040347158908843994e-02,-4.568897560238838196e-02,-2.236470729112625122e-01,-6.368941813707351685e-02,-6.006869301199913025e-02,3.316929340362548828e-01,-8.387060463428497314e-02,3.400780260562896729e-02,-4.892710223793983459e-02,3.847177922725677490e-01,2.984386980533599854e-01,-9.386589378118515015e-02,-4.540792405605316162e-01,-7.705435156822204590e-02,1.274062395095825195e-01,-4.229789972305297852e-01,2.057821452617645264e-01,-2.297538518905639648e-01,1.095647588372230530e-01,7.359547540545463562e-03
-1.074241518974304199e+00,-1.602924317121505737e-01,8.274438977241516113e-01,1.087672822177410126e-02,5.146088544279336929e-03,-7.321290373802185059e-01,6.810597181320190430e-01,-2.182037681341171265e-01,2.885173819959163666e-02,-6.988925486803054810e-02,2.623901665210723877e-01,-6.031333655118942261e-02,-5.521787703037261963e-02,-2.458142638206481934e-01,-6.909742206335067749e-02,-5.182329565286636353e-02,3.644173443317413330e-01,-7.432734221220016479e-02,3.501316159963607788e-02,-5.060717463493347168e-02,3.837573230266571045e-01,2.979050874710083008e-01,-9.623779356479644775e-02,-4.576715528964996338e-01,-7.926227897405624390e-02,1.169210001826286316e-01,-4.217191934585571289e-01,2.057732343673706055e-01,-2.323211729526519775e-01,1.030987426638603210e-01,4.610876552760601044e-03
-1.072198152542114258e+00,-1.594823151826858521e-01,8.280498981475830078e-01,1.106305234134197235e-02,4.819973837584257126e-03,-7.326747179031372070e-01,6.804720163345336914e-01,-2.139197438955307007e-01,2.829844877123832703e-02,-5.878691375255584717e-02,2.531918585300445557e-01,-5.220399424433708191e-02,-6.412679702043533325e-02,-2.698324322700500488e-01,-7.334582507610321045e-02,-4.403274133801460266e-02,3.992474377155303955e-01,-5.949267745018005371e-02,3.761365264654159546e-02,-5.309205502271652222e-02,3.825130760669708252e-01,2.977735400199890137e-01,-9.919555485248565674e-02,-4.613688886165618896e-01,-8.198495209217071533e-02,1.068193763494491577e-01,-4.197809994220733643e-01,2.052673846483230591e-01,-2.344282567501068115e-01,9.579624235630035400e-02,1.345090800896286964e-03
-1.069928407669067383e+00,-1.584945917129516602e-01,8.285111784934997559e-01,1.098812557756900787e-02,4.842934198677539825e-03,-7.334863543510437012e-01,6.795980930328369141e-01,-2.108118683099746704e-01,2.811875380575656891e-02,-4.690408334136009216e-02,2.460626065731048584e-01,-4.592978954315185547e-02,-6.849499791860580444e-02,-2.958406805992126465e-01,-7.722760736942291260e-02,-3.673324361443519592e-02,4.359965622425079346e-01,-4.130841791629791260e-02,4.165045544505119324e-02,-5.588188022375106812e-02,3.809500634670257568e-01,2.979267835617065430e-01,-1.025953516364097595e-01,-4.653909206390380859e-01,-8.474096655845642090e-02,9.786864370107650757e-02,-4.175761640071868896e-01,2.046244442462921143e-01,-2.345139384269714355e-01,8.836521208286285400e-02,-2.413526410236954689e-03
-1.067265868186950684e+00,-1.575173586606979370e-01,8.289456367492675781e-01,1.094603538513183594e-02,5.557518918067216873e-03,-7.347667813301086426e-01,6.782087683677673340e-01,-2.090513706207275391e-01,2.802527695894241333e-02,-3.565121814608573914e-02,2.398026138544082642e-01,-4.290590435266494751e-02,-6.633290648460388184e-02,-3.257024586200714111e-01,-8.099235594272613525e-02,-2.916800603270530701e-02,4.759526550769805908e-01,-1.851106435060501099e-02,5.335917323827743530e-02,-5.768812075257301331e-02,3.790626227855682373e-01,2.984730601310729980e-01,-1.063615754246711731e-01,-4.696366190910339355e-01,-8.756705373525619507e-02,9.025500714778900146e-02,-4.153952300548553467e-01,2.041320502758026123e-01,-2.328704893589019775e-01,8.175431936979293823e-02,-6.409119814634323120e-03
-1.064482212066650391e+00,-1.565572023391723633e-01,8.292753100395202637e-01,1.122817676514387131e-02,6.638424471020698547e-03,-7.364090681076049805e-01,6.764107942581176758e-01,-2.074363827705383301e-01,2.756030671298503876e-02,-2.524690143764019012e-02,2.324682623147964478e-01,-4.095229133963584900e-02,-6.262800842523574829e-02,-3.598928451538085938e-01,-8.424200862646102905e-02,-1.697526499629020691e-02,5.176149606704711914e-01,8.757831528782844543e-03,6.093643978238105774e-02,-6.013019010424613953e-02,3.767376244068145752e-01,2.996247410774230957e-01,-1.101616621017456055e-01,-4.742687940597534180e-01,-9.026452898979187012e-02,8.349406719207763672e-02,-4.129474461078643799e-01,2.040963321924209595e-01,-2.305999249219894409e-01,7.620746642351150513e-02,-1.051533408463001251e-02
-1.061551451683044434e+00,-1.556516438722610474e-01,8.295475840568542480e-01,1.221164409071207047e-02,8.220345713198184967e-03,-7.387301325798034668e-01,6.738405227661132812e-01,-2.065891772508621216e-01,2.647755108773708344e-02,-1.496238727122545242e-02,2.238925397396087646e-01,-3.967563435435295105e-02,-5.780374631285667419e-02,-3.973947167396545410e-01,-8.635584264993667603e-02,-4.487488477025181055e-04,5.590934753417968750e-01,3.775464743375778198e-02,6.761991977691650391e-02,-6.223088130354881287e-02,3.740168511867523193e-01,3.013333380222320557e-01,-1.140063405036926270e-01,-4.794013202190399170e-01,-9.296401590108871460e-02,7.735374569892883301e-02,-4.106194972991943359e-01,2.046741396188735962e-01,-2.278140783309936523e-01,7.186187803745269775e-02,-1.452597696334123611e-02
-1.058656334877014160e+00,-1.547731310129165649e-01,8.297197818756103516e-01,1.398958824574947357e-02,9.783956222236156464e-03,-7.420564889907836914e-01,6.701199412345886230e-01,-2.057154476642608643e-01,2.452192641794681549e-02,-3.611835185438394547e-03,2.140129655599594116e-01,-3.825290873646736145e-02,-5.418928340077400208e-02,-4.370764493942260742e-01,-8.781704306602478027e-02,1.792900636792182922e-02,6.004045009613037109e-01,6.704603135585784912e-02,8.154154568910598755e-02,-6.226282194256782532e-02,3.708228468894958496e-01,3.034690618515014648e-01,-1.176065057516098022e-01,-4.851011335849761963e-01,-9.537565708160400391e-02,7.154971361160278320e-02,-4.087761938571929932e-01,2.065138369798660278e-01,-2.252315878868103027e-01,6.968326866626739502e-02,-1.824865862727165222e-02
-1.055826306343078613e+00,-1.538747251033782959e-01,8.298171162605285645e-01,1.590243540704250336e-02,1.097328495234251022e-02,-7.462121844291687012e-01,6.654277443885803223e-01,-2.036410868167877197e-01,2.218479290604591370e-02,8.992910385131835938e-03,2.036134153604507446e-01,-3.698328509926795959e-02,-5.023018643260002136e-02,-4.785233736038208008e-01,-8.866319060325622559e-02,3.777101635932922363e-02,6.432253122329711914e-01,9.453935921192169189e-02,9.549702703952789307e-02,-6.086315959692001343e-02,3.673704564571380615e-01,3.058554530143737793e-01,-1.204828098416328430e-01,-4.906989336013793945e-01,-9.696252644062042236e-02,6.630132347345352173e-02,-4.075600504875183105e-01,2.096923887729644775e-01,-2.227690517902374268e-01,6.981418281793594360e-02,-2.147661522030830383e-02
-1.053151369094848633e+00,-1.530959606170654297e-01,8.296927213668823242e-01,1.801902614533901215e-02,1.185903605073690414e-02,-7.508375048637390137e-01,6.601346135139465332e-01,-2.013342529535293579e-01,1.956559158861637115e-02,2.316454611718654633e-02,1.939964145421981812e-01,-3.714722394943237305e-02,-4.745731130242347717e-02,-5.200753211975097656e-01,-8.856865018606185913e-02,5.779541656374931335e-02,6.859333515167236328e-01,1.173396259546279907e-01,1.108935996890068054e-01,-5.800864472985267639e-02,3.636695146560668945e-01,3.083464503288269043e-01,-1.224897429347038269e-01,-4.961878061294555664e-01,-9.746073186397552490e-02,6.145754829049110413e-02,-4.072185754776000977e-01,2.147258818149566650e-01,-2.206342667341232300e-01,7.304012030363082886e-02,-2.420642413198947906e-02
-1.050663709640502930e+00,-1.523859798908233643e-01,8.295128345489501953e-01,2.015622705221176147e-02,1.256019249558448792e-02,-7.557583451271057129e-01,6.544198393821716309e-01,-2.002987861633300781e-01,1.714939251542091370e-02,3.873553499579429626e-02,1.864650547504425049e-01,-3.727065771818161011e-02,-4.492758587002754211e-02,-5.596869587898254395e-01,-8.805165439844131470e-02,7.490359246730804443e-02,7.264021635055541992e-01,1.343653500080108643e-01,1.250335723161697388e-01,-5.329666659235954285e-02,3.597694039344787598e-01,3.107890784740447998e-01,-1.234330460429191589e-01,-5.013517737388610840e-01,-9.654950350522994995e-02,5.697431042790412903e-02,-4.078488647937774658e-01,2.212224751710891724e-01,-2.184397280216217041e-01,7.901428639888763428e-02,-2.642624452710151672e-02
-1.048397779464721680e+00,-1.516963839530944824e-01,8.292855620384216309e-01,2.251579053699970245e-02,1.338907983154058456e-02,-7.607617974281311035e-01,6.485022902488708496e-01,-1.970978528261184692e-01,1.517011504620313644e-02,5.527257919311523438e-02,1.779340952634811401e-01,-3.872418776154518127e-02,-4.299519583582878113e-02,-5.988138914108276367e-01,-8.850654959678649902e-02,8.662692457437515259e-02,7.672826647758483887e-01,1.428969949483871460e-01,1.344753801822662354e-01,-4.743616282939910889e-02,3.557117581367492676e-01,3.132146596908569336e-01,-1.232554093003273010e-01,-5.059893131256103516e-01,-9.426385164260864258e-02,5.272491276264190674e-02,-4.092478156089782715e-01,2.284224033355712891e-01,-2.161862850189208984e-01,8.671655505895614624e-02,-2.814154513180255890e-02
-1.046414256095886230e+00,-1.509978622198104858e-01,8.292160034179687500e-01,2.479377947747707367e-02,1.387920044362545013e-02,-7.658707499504089355e-01,6.423664093017578125e-01,-1.983552128076553345e-01,1.282736472785472870e-02,7.110902667045593262e-02,1.719179451465606689e-01,-3.637049347162246704e-02,-4.107325896620750427e-02,-6.355555057525634766e-01,-9.099283814430236816e-02,9.244142472743988037e-02,8.071716427803039551e-01,1.393529176712036133e-01,1.343582868576049805e-01,-3.997339308261871338e-02,3.516491353511810303e-01,3.155677914619445801e-01,-1.221361532807350159e-01,-5.098938941955566406e-01,-9.080973267555236816e-02,4.849567264318466187e-02,-4.113049507141113281e-01,2.357975244522094727e-01,-2.138859629631042480e-01,9.535732120275497437e-02,-2.941742911934852600e-02
-1.044549942016601562e+00,-1.503670811653137207e-01,8.292219638824462891e-01,2.695811912417411804e-02,1.491391658782958984e-02,-7.703444957733154297e-01,6.368831992149353027e-01,-1.961577385663986206e-01,1.170672755688428879e-02,8.567983657121658325e-02,1.644990742206573486e-01,-3.630040958523750305e-02,-3.977217525243759155e-02,-6.699296236038208008e-01,-9.573198109865188599e-02,9.128318727016448975e-02,8.450531363487243652e-01,1.237434744834899902e-01,1.248818412423133850e-01,-3.318108990788459778e-02,3.474920988082885742e-01,3.179347515106201172e-01,-1.201977282762527466e-01,-5.130695104598999023e-01,-8.658993989229202271e-02,4.415554553270339966e-02,-4.136661589145660400e-01,2.426487505435943604e-01,-2.115574628114700317e-01,1.037005335092544556e-01,-3.043201752007007599e-02
-1.042842268943786621e+00,-1.497520059347152710e-01,8.292747139930725098e-01,2.842279896140098572e-02,1.547663286328315735e-02,-7.744486331939697266e-01,6.318084597587585449e-01,-1.976761966943740845e-01,1.050841528922319412e-02,9.877856820821762085e-02,1.598711758852005005e-01,-3.379764780402183533e-02,-3.818060457706451416e-02,-7.006180882453918457e-01,-1.034361422061920166e-01,8.435376733541488647e-02,8.821042180061340332e-01,1.036585345864295959e-01,1.088227480649948120e-01,-2.688794769346714020e-02,3.435228765010833740e-01,3.202919960021972656e-01,-1.176480501890182495e-01,-5.150813460350036621e-01,-8.207011222839355469e-02,3.967420011758804321e-02,-4.159884750843048096e-01,2.484182864427566528e-01,-2.092125564813613892e-01,1.106944456696510315e-01,-3.127957507967948914e-02
-1.041213035583496094e+00,-1.491291821002960205e-01,8.294145464897155762e-01,2.985008433461189270e-02,1.642856560647487640e-02,-7.778204083442687988e-01,6.275623440742492676e-01,-1.969911009073257446e-01,9.903314523398876190e-03,1.102388650178909302e-01,1.543075442314147949e-01,-3.247942402958869934e-02,-3.693538159132003784e-02,-7.292305827140808105e-01,-1.131716445088386536e-01,7.365040481090545654e-02,9.175960421562194824e-01,8.168575167655944824e-02,8.639660477638244629e-02,-2.261599339544773102e-02,3.395300507545471191e-01,3.226740360260009766e-01,-1.145576313138008118e-01,-5.163320302963256836e-01,-7.724940031766891479e-02,3.478788211941719055e-02,-4.179785549640655518e-01,2.528313994407653809e-01,-2.069768607616424561e-01,1.158719807863235474e-01,-3.197681903839111328e-02
-1.039679050445556641e+00,-1.485047489404678345e-01,8.296391963958740234e-01,3.057880327105522156e-02,1.721510663628578186e-02,-7.807874679565429688e-01,6.238104701042175293e-01,-1.967431306838989258e-01,9.829882532358169556e-03,1.205494850873947144e-01,1.494683474302291870e-01,-3.031019493937492371e-02,-3.553747385740280151e-02,-7.533435225486755371e-01,-1.244811564683914185e-01,5.959339812397956848e-02,9.508389830589294434e-01,5.961100012063980103e-02,6.321774423122406006e-02,-1.925900578498840332e-02,3.358093798160552979e-01,3.251610994338989258e-01,-1.113127693533897400e-01,-5.166562795639038086e-01,-7.263164967298507690e-02,2.981287613511085510e-02,-4.196222126483917236e-01,2.557628154754638672e-01,-2.042574584484100342e-01,1.190026849508285522e-01,-3.254922106862068176e-02
-1.038171529769897461e+00,-1.479209363460540771e-01,8.299432992935180664e-01,3.107310459017753601e-02,1.832470670342445374e-02,-7.833252549171447754e-01,6.205644011497497559e-01,-1.953667998313903809e-01,1.037515141069889069e-02,1.295154839754104614e-01,1.441376805305480957e-01,-2.872779779136180878e-02,-3.424359485507011414e-02,-7.742657065391540527e-01,-1.364883035421371460e-01,4.384935647249221802e-02,9.814559817314147949e-01,3.895016387104988098e-02,3.861092403531074524e-02,-1.757266931235790253e-02,3.322667479515075684e-01,3.277320265769958496e-01,-1.079590320587158203e-01,-5.163540840148925781e-01,-6.819406896829605103e-02,2.458743751049041748e-02,-4.206825494766235352e-01,2.572447061538696289e-01,-2.013866305351257324e-01,1.200499609112739563e-01,-3.302906081080436707e-02
-1.036704659461975098e+00,-1.474097073078155518e-01,8.303209543228149414e-01,3.126402571797370911e-02,1.942597329616546631e-02,-7.854917049407958984e-01,6.177765727043151855e-01,-1.944218724966049194e-01,1.114135980606079102e-02,1.372978538274765015e-01,1.393787860870361328e-01,-2.680875919759273529e-02,-3.297235071659088135e-02,-7.916181683540344238e-01,-1.485245376825332642e-01,2.806483022868633270e-02,1.010020375251770020e+00,1.972604356706142426e-02,1.503221970051527023e-02,-1.680795848369598389e-02,3.290409743785858154e-01,3.304322957992553711e-01,-1.047266572713851929e-01,-5.154271721839904785e-01,-6.412821263074874878e-02,1.914854533970355988e-02,-4.210421442985534668e-01,2.574438154697418213e-01,-1.984977573156356812e-01,1.192057654261589050e-01,-3.340367600321769714e-02
-1.035286307334899902e+00,-1.467954516410827637e-01,8.307317495346069336e-01,3.101226314902305603e-02,2.056168206036090851e-02,-7.873739004135131836e-01,6.153517365455627441e-01,-1.947367191314697266e-01,1.258062943816184998e-02,1.437715440988540649e-01,1.361370086669921875e-01,-2.465202659368515015e-02,-3.158860653638839722e-02,-8.052922487258911133e-01,-1.598201394081115723e-01,1.240564137697219849e-02,1.035938978195190430e+00,2.910395851358771324e-03,-6.814023945480585098e-03,-1.685375347733497620e-02,3.261885941028594971e-01,3.333939015865325928e-01,-1.017944961786270142e-01,-5.139762759208679199e-01,-6.066745147109031677e-02,1.386939641088247299e-02,-4.207646846771240234e-01,2.566511332988739014e-01,-1.951755881309509277e-01,1.168057098984718323e-01,-3.369980305433273315e-02
-1.033877849578857422e+00,-1.462381035089492798e-01,8.310873508453369141e-01,3.055206872522830963e-02,2.162109129130840302e-02,-7.890443205833435059e-01,6.131950616836547852e-01,-1.933025717735290527e-01,1.404389925301074982e-02,1.492451131343841553e-01,1.330788731575012207e-01,-2.392739243805408478e-02,-3.049382194876670837e-02,-8.159842491149902344e-01,-1.705909967422485352e-01,-2.337181242182850838e-03,1.060052633285522461e+00,-1.023406442254781723e-02,-2.555072680115699768e-02,-1.759272813796997070e-02,3.238122165203094482e-01,3.365742564201354980e-01,-9.927333146333694458e-02,-5.120017528533935547e-01,-5.789187550544738770e-02,9.041111916303634644e-03,-4.199632704257965088e-01,2.552447915077209473e-01,-1.912766695022583008e-01,1.133355423808097839e-01,-3.390567749738693237e-02
-1.032408475875854492e+00,-1.456706523895263672e-01,8.314713835716247559e-01,2.967470139265060425e-02,2.240228466689586639e-02,-7.906721830368041992e-01,6.111097335815429688e-01,-1.937284171581268311e-01,1.555687468498945236e-02,1.537164747714996338e-01,1.317823827266693115e-01,-2.250963263213634491e-02,-2.895226888358592987e-02,-8.230079412460327148e-01,-1.796674281358718872e-01,-1.453935448080301285e-02,1.081294894218444824e+00,-1.914569176733493805e-02,-4.111159220337867737e-02,-1.912788674235343933e-02,3.219812810420989990e-01,3.398833274841308594e-01,-9.718669205904006958e-02,-5.094404220581054688e-01,-5.574272572994232178e-02,4.940898623317480087e-03,-4.189286530017852783e-01,2.537714540958404541e-01,-1.866381317377090454e-01,1.095412597060203552e-01,-3.401600569486618042e-02
-1.030966043472290039e+00,-1.451104581356048584e-01,8.318290114402770996e-01,2.888466045260429382e-02,2.324848622083663940e-02,-7.921581268310546875e-01,6.091885566711425781e-01,-1.926530152559280396e-01,1.706390455365180969e-02,1.580212414264678955e-01,1.306746304035186768e-01,-2.248322404921054840e-02,-2.796230837702751160e-02,-8.275626897811889648e-01,-1.873515546321868896e-01,-2.551910467445850372e-02,1.099390864372253418e+00,-2.631255239248275757e-02,-5.111057683825492859e-02,-2.101677283644676208e-02,3.206043541431427002e-01,3.433483541011810303e-01,-9.552875161170959473e-02,-5.064011812210083008e-01,-5.420428514480590820e-02,1.391611527651548386e-03,-4.176342487335205078e-01,2.525746226310729980e-01,-1.816926002502441406e-01,1.058487296104431152e-01,-3.403053432703018188e-02
-1.029730796813964844e+00,-1.445634365081787109e-01,8.320830464363098145e-01,2.828627265989780426e-02,2.390544861555099487e-02,-7.934803962707519531e-01,6.074679493904113770e-01,-1.925025582313537598e-01,1.817965134978294373e-02,1.616644263267517090e-01,1.299528032541275024e-01,-2.223103865981101990e-02,-2.729018032550811768e-02,-8.307184576988220215e-01,-1.933227032423019409e-01,-3.314960002899169922e-02,1.116162657737731934e+00,-3.129633143544197083e-02,-6.102466583251953125e-02,-2.338073030114173889e-02,3.195713162422180176e-01,3.467639684677124023e-01,-9.424865990877151489e-02,-5.032219290733337402e-01,-5.314349010586738586e-02,-1.387521042488515377e-03,-4.163143038749694824e-01,2.519535422325134277e-01,-1.763778030872344971e-01,1.027807742357254028e-01,-3.391720727086067200e-02
-1.028494000434875488e+00,-1.440246701240539551e-01,8.323638439178466797e-01,2.766167186200618744e-02,2.454428374767303467e-02,-7.948850989341735840e-01,6.056320071220397949e-01,-1.927980780601501465e-01,1.937085203826427460e-02,1.650004982948303223e-01,1.301890909671783447e-01,-2.226993069052696228e-02,-2.610945142805576324e-02,-8.320430517196655273e-01,-1.977695524692535400e-01,-3.961580619215965271e-02,1.130463480949401855e+00,-3.421945869922637939e-02,-6.818763166666030884e-02,-2.539254538714885712e-02,3.188955187797546387e-01,3.500376939773559570e-01,-9.339040517807006836e-02,-4.999956190586090088e-01,-5.256788432598114014e-02,-3.625143785029649734e-03,-4.150528907775878906e-01,2.521837055683135986e-01,-1.712586134672164917e-01,1.007878184318542480e-01,-3.368922695517539978e-02
-1.027378559112548828e+00,-1.435056179761886597e-01,8.325237631797790527e-01,2.732640318572521210e-02,2.511559426784515381e-02,-7.963314056396484375e-01,6.037207841873168945e-01,-1.929893940687179565e-01,2.025916986167430878e-02,1.682694107294082642e-01,1.307708024978637695e-01,-2.302158065140247345e-02,-2.486330643296241760e-02,-8.319920897483825684e-01,-2.012230902910232544e-01,-4.491753876209259033e-02,1.142511367797851562e+00,-3.557208552956581116e-02,-7.471970468759536743e-02,-2.744490280747413635e-02,3.185135126113891602e-01,3.530191183090209961e-01,-9.278658032417297363e-02,-4.967535734176635742e-01,-5.218164250254631042e-02,-5.219738930463790894e-03,-4.139738082885742188e-01,2.534069120883941650e-01,-1.662742048501968384e-01,1.001230850815773010e-01,-3.337924927473068237e-02
-1.026363849639892578e+00,-1.430335044860839844e-01,8.326688408851623535e-01,2.706011012196540833e-02,2.560868486762046814e-02,-7.978094816207885742e-01,6.017574071884155273e-01,-1.940586119890213013e-01,2.117548324167728424e-02,1.717369705438613892e-01,1.323126852512359619e-01,-2.392371557652950287e-02,-2.364473231136798859e-02,-8.298326730728149414e-01,-2.044753581285476685e-01,-5.063527077436447144e-02,1.151822566986083984e+00,-3.594815358519554138e-02,-7.978066056966781616e-02,-2.865730598568916321e-02,3.183383047580718994e-01,3.556363284587860107e-01,-9.233218431472778320e-02,-4.935546517372131348e-01,-5.184868350625038147e-02,-6.409382913261651993e-03,-4.130935966968536377e-01,2.553859949111938477e-01,-1.615925580263137817e-01,1.004881635308265686e-01,-3.301952406764030457e-02
-1.025453209877014160e+00,-1.424470245838165283e-01,8.327382802963256836e-01,2.693223766982555389e-02,2.590098790824413300e-02,-7.996088266372680664e-01,5.993575453758239746e-01,-1.955444961786270142e-01,2.195239812135696411e-02,1.757340431213378906e-01,1.344057619571685791e-01,-2.481737546622753143e-02,-2.274759486317634583e-02,-8.253399729728698730e-01,-2.073348015546798706e-01,-5.690423399209976196e-02,1.157757520675659180e+00,-3.777415305376052856e-02,-8.088953047990798950e-02,-2.947487682104110718e-02,3.183458447456359863e-01,3.578569293022155762e-01,-9.202101826667785645e-02,-4.905431866645812988e-01,-5.153311416506767273e-02,-7.323200348764657974e-03,-4.125081002712249756e-01,2.579277157783508301e-01,-1.572713404893875122e-01,1.017464399337768555e-01,-3.264771774411201477e-02
-1.024623751640319824e+00,-1.420051455497741699e-01,8.327860832214355469e-01,2.682777866721153259e-02,2.604258619248867035e-02,-8.014408349990844727e-01,5.969042181968688965e-01,-1.970576792955398560e-01,2.260485105216503143e-02,1.797370612621307373e-01,1.370935589075088501e-01,-2.596724405884742737e-02,-2.205996215343475342e-02,-8.185472488403320312e-01,-2.101745456457138062e-01,-6.315836310386657715e-02,1.160813093185424805e+00,-3.925834596157073975e-02,-8.374004811048507690e-02,-3.021557070314884186e-02,3.185954689979553223e-01,3.596748411655426025e-01,-9.175396710634231567e-02,-4.875102639198303223e-01,-5.109795555472373962e-02,-7.991925813257694244e-03,-4.121938645839691162e-01,2.609740495681762695e-01,-1.532133966684341431e-01,1.038023009896278381e-01,-3.224151208996772766e-02
-1.023972749710083008e+00,-1.415662169456481934e-01,8.327547907829284668e-01,2.656986378133296967e-02,2.588544599711894989e-02,-8.034268021583557129e-01,5.942468643188476562e-01,-1.982822418212890625e-01,2.345728501677513123e-02,1.845449358224868774e-01,1.408356130123138428e-01,-2.782847546041011810e-02,-2.151962183415889740e-02,-8.091528415679931641e-01,-2.137052714824676514e-01,-7.113984227180480957e-02,1.161709308624267578e+00,-4.292091727256774902e-02,-8.632353693246841431e-02,-3.044725954532623291e-02,3.186126947402954102e-01,3.614107370376586914e-01,-9.170632064342498779e-02,-4.828728735446929932e-01,-5.003604292869567871e-02,-9.926465339958667755e-03,-4.117293953895568848e-01,2.651363015174865723e-01,-1.473361104726791382e-01,1.075990870594978333e-01,-3.162297233939170837e-02
-1.023374795913696289e+00,-1.411146670579910278e-01,8.327231407165527344e-01,2.671988867223262787e-02,2.585694566369056702e-02,-8.055336475372314453e-01,5.913823246955871582e-01,-1.995698064565658569e-01,2.408372238278388977e-02,1.895495653152465820e-01,1.438582539558410645e-01,-2.968420274555683136e-02,-2.134678512811660767e-02,-7.983593344688415527e-01,-2.176748514175415039e-01,-8.087109029293060303e-02,1.158950209617614746e+00,-4.588827490806579590e-02,-8.968120068311691284e-02,-3.040148317813873291e-02,3.189634680747985840e-01,3.624396622180938721e-01,-9.175109118223190308e-02,-4.795992672443389893e-01,-4.900496453046798706e-02,-1.172694191336631775e-02,-4.116113185882568359e-01,2.686400413513183594e-01,-1.437043547630310059e-01,1.100539490580558777e-01,-3.101765178143978119e-02
-1.022925853729248047e+00,-1.408135294914245605e-01,8.326663970947265625e-01,2.657539956271648407e-02,2.566944435238838196e-02,-8.077194690704345703e-01,5.884080529212951660e-01,-2.015960216522216797e-01,2.525324001908302307e-02,1.943003982305526733e-01,1.493805199861526489e-01,-3.277865052223205566e-02,-2.107938565313816071e-02,-7.831079363822937012e-01,-2.218556702136993408e-01,-9.322505444288253784e-02,1.151412010192871094e+00,-4.908396676182746887e-02,-9.300751239061355591e-02,-2.976157143712043762e-02,3.200755715370178223e-01,3.631070852279663086e-01,-9.161338210105895996e-02,-4.742168188095092773e-01,-4.727448895573616028e-02,-1.347966399043798447e-02,-4.117984175682067871e-01,2.720206379890441895e-01,-1.400074809789657593e-01,1.128767728805541992e-01,-3.003789670765399933e-02
-1.022561430931091309e+00,-1.405771821737289429e-01,8.326016068458557129e-01,2.657387405633926392e-02,2.562982775270938873e-02,-8.097013235092163086e-01,5.856797099113464355e-01,-2.039620876312255859e-01,2.650837041437625885e-02,1.984659880399703979e-01,1.548848599195480347e-01,-3.570148721337318420e-02,-2.110971882939338684e-02,-7.661487460136413574e-01,-2.257549166679382324e-01,-1.063576266169548035e-01,1.140940546989440918e+00,-5.117312818765640259e-02,-9.570555388927459717e-02,-2.963278442621231079e-02,3.211936354637145996e-01,3.635044991970062256e-01,-9.156081825494766235e-02,-4.696526229381561279e-01,-4.597609862685203552e-02,-1.562776602804660797e-02,-4.119839668273925781e-01,2.747165858745574951e-01,-1.371999382972717285e-01,1.140915155410766602e-01,-2.907440252602100372e-02
-1.022310972213745117e+00,-1.403406709432601929e-01,8.325229883193969727e-01,2.690348029136657715e-02,2.563210949301719666e-02,-8.115507364273071289e-01,5.830991268157958984e-01,-2.055468559265136719e-01,2.728021331131458282e-02,2.025128453969955444e-01,1.582619100809097290e-01,-3.787148743867874146e-02,-2.145090699195861816e-02,-7.470833063125610352e-01,-2.292600870132446289e-01,-1.202744394540786743e-01,1.126194000244140625e+00,-5.500920489430427551e-02,-9.603598713874816895e-02,-2.976372465491294861e-02,3.222239315509796143e-01,3.635115325450897217e-01,-9.150530397891998291e-02,-4.662027359008789062e-01,-4.487415030598640442e-02,-1.836891099810600281e-02,-4.122711420059204102e-01,2.763363122940063477e-01,-1.352108865976333618e-01,1.126174181699752808e-01,-2.803859487175941467e-02
-1.022099733352661133e+00,-1.400987058877944946e-01,8.324202895164489746e-01,2.695873938500881195e-02,2.543727681040763855e-02,-8.135543465614318848e-01,5.803064107894897461e-01,-2.070674151182174683e-01,2.838294021785259247e-02,2.070273160934448242e-01,1.628442555665969849e-01,-4.050443321466445923e-02,-2.167111448943614960e-02,-7.249953746795654297e-01,-2.324373424053192139e-01,-1.355176717042922974e-01,1.107477068901062012e+00,-5.882600694894790649e-02,-9.893724322319030762e-02,-2.948754280805587769e-02,3.231748342514038086e-01,3.631575107574462891e-01,-9.135854244232177734e-02,-4.625092148780822754e-01,-4.347621276974678040e-02,-2.148901112377643585e-02,-4.128789305686950684e-01,2.777054607868194580e-01,-1.318636834621429443e-01,1.090906485915184021e-01,-2.699018642306327820e-02
-1.022118926048278809e+00,-1.399632394313812256e-01,8.323329091072082520e-01,2.712316066026687622e-02,2.504413761198520660e-02,-8.156742453575134277e-01,5.773323178291320801e-01,-2.071780413389205933e-01,2.913537248969078064e-02,2.120530009269714355e-01,1.656933873891830444e-01,-4.267110675573348999e-02,-2.201249822974205017e-02,-7.000353336334228516e-01,-2.355168759822845459e-01,-1.528018116950988770e-01,1.084428310394287109e+00,-6.350299715995788574e-02,-9.797810018062591553e-02,-2.860438823699951172e-02,3.243005275726318359e-01,3.623288273811340332e-01,-9.107501059770584106e-02,-4.594861567020416260e-01,-4.213890805840492249e-02,-2.461995743215084076e-02,-4.137215018272399902e-01,2.786833643913269043e-01,-1.293536871671676636e-01,1.057358458638191223e-01,-2.606623619794845581e-02
-1.022203564643859863e+00,-1.398240774869918823e-01,8.322023749351501465e-01,2.729061432182788849e-02,2.449950389564037323e-02,-8.176075220108032227e-01,5.746067762374877930e-01,-2.069095075130462646e-01,2.949482761323451996e-02,2.165520340204238892e-01,1.678709834814071655e-01,-4.455824941396713257e-02,-2.243690937757492065e-02,-6.724816560745239258e-01,-2.384097129106521606e-01,-1.716510504484176636e-01,1.057181477546691895e+00,-6.789883971214294434e-02,-9.561902284622192383e-02,-2.770321816205978394e-02,3.256025910377502441e-01,3.610730171203613281e-01,-9.076370298862457275e-02,-4.568225145339965820e-01,-4.069321230053901672e-02,-2.771019563078880310e-02,-4.147507548332214355e-01,2.791435122489929199e-01,-1.266947388648986816e-01,1.014533266425132751e-01,-2.533016353845596313e-02
-1.022383809089660645e+00,-1.397347152233123779e-01,8.320247530937194824e-01,2.698914892971515656e-02,2.350588142871856689e-02,-8.196914792060852051e-01,5.716860294342041016e-01,-2.051084488630294800e-01,3.004992753267288208e-02,2.221842557191848755e-01,1.706886142492294312e-01,-4.707187786698341370e-02,-2.343648299574851990e-02,-6.415369510650634766e-01,-2.410896420478820801e-01,-1.922217756509780884e-01,1.026080012321472168e+00,-7.232776284217834473e-02,-9.499552100896835327e-02,-2.694602124392986298e-02,3.271693885326385498e-01,3.595764636993408203e-01,-9.042518585920333862e-02,-4.538205564022064209e-01,-3.967016935348510742e-02,-3.061280027031898499e-02,-4.159558117389678955e-01,2.792958617210388184e-01,-1.233490779995918274e-01,9.689597040414810181e-02,-2.469550259411334991e-02
-1.022668242454528809e+00,-1.397183239459991455e-01,8.318791985511779785e-01,2.691715955734252930e-02,2.257139980792999268e-02,-8.218663334846496582e-01,5.685963034629821777e-01,-2.037073671817779541e-01,3.060880303382873535e-02,2.282102108001708984e-01,1.735187619924545288e-01,-4.938970506191253662e-02,-2.403021045029163361e-02,-6.079954504966735840e-01,-2.429614216089248657e-01,-2.152019441127777100e-01,9.896592497825622559e-01,-7.284644991159439087e-02,-9.216822683811187744e-02,-2.609380520880222321e-02,3.288621902465820312e-01,3.575062453746795654e-01,-8.994328230619430542e-02,-4.509052932262420654e-01,-3.825389593839645386e-02,-3.322653472423553467e-02,-4.174731671810150146e-01,2.796029150485992432e-01,-1.201558858156204224e-01,9.376865625381469727e-02,-2.424626797437667847e-02
-1.023142457008361816e+00,-1.398018300533294678e-01,8.316649198532104492e-01,2.671712078154087067e-02,2.156555838882923126e-02,-8.241180181503295898e-01,5.653765201568603516e-01,-2.022415399551391602e-01,3.165718913078308105e-02,2.347653508186340332e-01,1.774074435234069824e-01,-5.237882956862449646e-02,-2.501916140317916870e-02,-5.720413923263549805e-01,-2.437437772750854492e-01,-2.398457527160644531e-01,9.490533471107482910e-01,-7.296229153871536255e-02,-9.050068259239196777e-02,-2.502252906560897827e-02,3.306439816951751709e-01,3.551203310489654541e-01,-8.930281549692153931e-02,-4.484199583530426025e-01,-3.652418032288551331e-02,-3.557082638144493103e-02,-4.190823733806610107e-01,2.801148593425750732e-01,-1.175410747528076172e-01,9.179671108722686768e-02,-2.383381314575672150e-02
-1.023732423782348633e+00,-1.398081779479980469e-01,8.314514160156250000e-01,2.656485140323638916e-02,2.034307084977626801e-02,-8.262555599212646484e-01,5.623008608818054199e-01,-1.999094188213348389e-01,3.212758898735046387e-02,2.408666461706161499e-01,1.798444986343383789e-01,-5.455088615417480469e-02,-2.598463371396064758e-02,-5.335854291915893555e-01,-2.438236474990844727e-01,-2.668141126632690430e-01,9.037454724311828613e-01,-7.072500139474868774e-02,-8.626884967088699341e-02,-2.311926335096359253e-02,3.326537907123565674e-01,3.523992300033569336e-01,-8.879973739385604858e-02,-4.460031390190124512e-01,-3.503482043743133545e-02,-3.763375431299209595e-02,-4.208236336708068848e-01,2.807048261165618896e-01,-1.148274391889572144e-01,9.034673869609832764e-02,-2.362836338579654694e-02
-1.024357795715332031e+00,-1.397194415330886841e-01,8.312180638313293457e-01,2.627610787749290466e-02,1.914533413946628571e-02,-8.282694220542907715e-01,5.593861341476440430e-01,-1.977667510509490967e-01,3.288095816969871521e-02,2.464315444231033325e-01,1.827333718538284302e-01,-5.682115256786346436e-02,-2.707686647772789001e-02,-4.928247928619384766e-01,-2.419575899839401245e-01,-2.954512536525726318e-01,8.530247807502746582e-01,-6.421889364719390869e-02,-7.764711230993270874e-02,-2.168292552232742310e-02,3.347765505313873291e-01,3.494555950164794922e-01,-8.838710188865661621e-02,-4.437212347984313965e-01,-3.412662446498870850e-02,-3.924610838294029236e-02,-4.227328896522521973e-01,2.816624939441680908e-01,-1.120911091566085815e-01,9.038487076759338379e-02,-2.360699512064456940e-02
-1.025323629379272461e+00,-1.397411823272705078e-01,8.308644890785217285e-01,2.606823481619358063e-02,1.787158288061618805e-02,-8.301578164100646973e-01,5.566318631172180176e-01,-1.963664442300796509e-01,3.406036645174026489e-02,2.517302036285400391e-01,1.876360476016998291e-01,-6.016664579510688782e-02,-2.808754146099090576e-02,-4.501164853572845459e-01,-2.379330694675445557e-01,-3.250444233417510986e-01,7.974860072135925293e-01,-5.198795720934867859e-02,-6.899551302194595337e-02,-2.090144716203212738e-02,3.369598388671875000e-01,3.461969792842864990e-01,-8.797945827245712280e-02,-4.415247440338134766e-01,-3.307486325502395630e-02,-4.055517539381980896e-02,-4.249196648597717285e-01,2.827942967414855957e-01,-1.085655838251113892e-01,9.103755652904510498e-02,-2.376396209001541138e-02
-1.026384711265563965e+00,-1.398148685693740845e-01,8.304722905158996582e-01,2.571304515004158020e-02,1.636272482573986053e-02,-8.320438265800476074e-01,5.538719892501831055e-01,-1.943840384483337402e-01,3.497606515884399414e-02,2.564472556114196777e-01,1.924915015697479248e-01,-6.365808099508285522e-02,-2.928291633725166321e-02,-4.047037065029144287e-01,-2.320730239152908325e-01,-3.566865324974060059e-01,7.358570098876953125e-01,-3.360167890787124634e-02,-5.431070923805236816e-02,-1.908632554113864899e-02,3.392488062381744385e-01,3.427745997905731201e-01,-8.780665695667266846e-02,-4.396263062953948975e-01,-3.270313888788223267e-02,-4.165874421596527100e-02,-4.272669851779937744e-01,2.840859591960906982e-01,-1.054733321070671082e-01,9.213680028915405273e-02,-2.397278696298599243e-02
-1.027741551399230957e+00,-1.396565884351730347e-01,8.298026919364929199e-01,2.519927360117435455e-02,1.397142559289932251e-02,-8.333734869956970215e-01,5.519586801528930664e-01,-1.916275024414062500e-01,3.458850830793380737e-02,2.591227293014526367e-01,1.974329948425292969e-01,-6.605032086372375488e-02,-2.993790805339813232e-02,-3.568770289421081543e-01,-2.256932705640792847e-01,-3.893519043922424316e-01,6.720604896545410156e-01,-1.383358146995306015e-02,-2.638579346239566803e-02,-1.721084304153919220e-02,3.416744470596313477e-01,3.391484916210174561e-01,-8.822945505380630493e-02,-4.382148683071136475e-01,-3.388250619173049927e-02,-4.232629761099815369e-02,-4.300608932971954346e-01,2.852924466133117676e-01,-1.006585285067558289e-01,9.299784153699874878e-02,-2.453024685382843018e-02
-1.029222488403320312e+00,-1.394036263227462769e-01,8.289605975151062012e-01,2.501800283789634705e-02,1.170345675200223923e-02,-8.349957466125488281e-01,5.495628118515014648e-01,-1.912699639797210693e-01,3.487825766205787659e-02,2.622091174125671387e-01,2.057135254144668579e-01,-6.931067258119583130e-02,-3.094892948865890503e-02,-3.090794086456298828e-01,-2.162995189428329468e-01,-4.227358996868133545e-01,6.076052188873291016e-01,-1.896456629037857056e-02,2.356679737567901611e-02,-1.514597609639167786e-02,3.441201746463775635e-01,3.350987732410430908e-01,-8.927103877067565918e-02,-4.375461339950561523e-01,-3.572720661759376526e-02,-4.292369633913040161e-02,-4.334561526775360107e-01,2.863386273384094238e-01,-9.627167880535125732e-02,9.335622191429138184e-02,-2.530255913734436035e-02
-1.031123638153076172e+00,-1.390356868505477905e-01,8.280214071273803711e-01,2.470056153833866119e-02,9.687058627605438232e-03,-8.364873528480529785e-01,5.473435521125793457e-01,-1.920471936464309692e-01,3.659011423587799072e-02,2.644753754138946533e-01,2.157753407955169678e-01,-7.291302084922790527e-02,-3.436660021543502808e-02,-2.636114060878753662e-01,-2.033528387546539307e-01,-4.540467858314514160e-01,5.465874075889587402e-01,-5.738466978073120117e-02,4.586867615580558777e-02,-1.337363105267286301e-02,3.463951647281646729e-01,3.312095999717712402e-01,-9.039112925529479980e-02,-4.374087452888488770e-01,-3.708589449524879456e-02,-4.337301105260848999e-02,-4.366813600063323975e-01,2.870989143848419189e-01,-9.261380136013031006e-02,9.278046339750289917e-02,-2.615478821098804474e-02
-1.032811760902404785e+00,-1.383970081806182861e-01,8.270691633224487305e-01,2.345089800655841827e-02,7.871569134294986725e-03,-8.374469876289367676e-01,5.459584593772888184e-01,-1.942125707864761353e-01,3.964733704924583435e-02,2.636190950870513916e-01,2.293702363967895508e-01,-7.840613275766372681e-02,-3.724572435021400452e-02,-2.231617271900177002e-01,-1.894983947277069092e-01,-4.783727824687957764e-01,4.948616325855255127e-01,-9.714069217443466187e-02,4.323126748204231262e-02,-1.351502165198326111e-02,3.488357365131378174e-01,3.278867304325103760e-01,-9.185256808996200562e-02,-4.372372627258300781e-01,-3.929587453603744507e-02,-4.345691204071044922e-02,-4.393044114112854004e-01,2.878679931163787842e-01,-8.929379284381866455e-02,9.201400727033615112e-02,-2.722672000527381897e-02
-1.034595847129821777e+00,-1.378098428249359131e-01,8.263878226280212402e-01,2.267294935882091522e-02,6.099944002926349640e-03,-8.384567499160766602e-01,5.444621443748474121e-01,-1.985115110874176025e-01,4.164890944957733154e-02,2.579344809055328369e-01,2.447183281183242798e-01,-8.137820661067962646e-02,-3.847784176468849182e-02,-1.879064887762069702e-01,-1.760994940996170044e-01,-4.969897568225860596e-01,4.455096721649169922e-01,-1.247644722461700439e-01,3.844086825847625732e-02,-1.342122443020343781e-02,3.511779308319091797e-01,3.249705135822296143e-01,-9.355329722166061401e-02,-4.372709691524505615e-01,-4.103735089302062988e-02,-4.314881563186645508e-02,-4.415637254714965820e-01,2.885743975639343262e-01,-8.669541776180267334e-02,9.172911196947097778e-02,-2.826820127665996552e-02
-1.036264777183532715e+00,-1.370442211627960205e-01,8.256341218948364258e-01,2.136745676398277283e-02,5.138017702847719193e-03,-8.398393392562866211e-01,5.423900485038757324e-01,-2.036551982164382935e-01,4.625396430492401123e-02,2.541018128395080566e-01,2.613191902637481689e-01,-8.631097525358200073e-02,-3.999267145991325378e-02,-1.541376858949661255e-01,-1.611278057098388672e-01,-5.184647440910339355e-01,3.967954218387603760e-01,-1.486035734415054321e-01,3.961429744958877563e-02,-1.203689258545637131e-02,3.534317910671234131e-01,3.223722577095031738e-01,-9.540871530771255493e-02,-4.373812377452850342e-01,-4.344280809164047241e-02,-4.269802942872047424e-02,-4.436044991016387939e-01,2.893213629722595215e-01,-8.401998877525329590e-02,9.112973511219024658e-02,-2.931759133934974670e-02
-1.037861943244934082e+00,-1.360795050859451294e-01,8.249255418777465820e-01,2.066529542207717896e-02,4.084740765392780304e-03,-8.411173224449157715e-01,5.404423475265502930e-01,-2.082158774137496948e-01,4.975919798016548157e-02,2.515222132205963135e-01,2.745949625968933105e-01,-8.906781673431396484e-02,-4.230638593435287476e-02,-1.288758218288421631e-01,-1.508752405643463135e-01,-5.345716476440429688e-01,3.594139218330383301e-01,-1.658573597669601440e-01,5.093905329704284668e-02,-1.140950806438922882e-02,3.550900518894195557e-01,3.205706179141998291e-01,-9.671023488044738770e-02,-4.378179609775543213e-01,-4.488679394125938416e-02,-4.242786020040512085e-02,-4.449796378612518311e-01,2.900600433349609375e-01,-8.294724673032760620e-02,9.053024649620056152e-02,-3.003961779177188873e-02
-1.039644479751586914e+00,-1.349393874406814575e-01,8.247377872467041016e-01,1.923770271241664886e-02,3.435058519244194031e-03,-8.418070077896118164e-01,5.394247174263000488e-01,-2.213236540555953979e-01,5.677564069628715515e-02,2.438252866268157959e-01,3.027379810810089111e-01,-8.851656317710876465e-02,-4.425129666924476624e-02,-9.862146526575088501e-02,-1.338433325290679932e-01,-5.462368726730346680e-01,3.086674809455871582e-01,-1.704217642545700073e-01,5.151586607098579407e-02,-1.304734218865633011e-02,3.569147884845733643e-01,3.187953233718872070e-01,-9.846754372119903564e-02,-4.381509423255920410e-01,-4.779856652021408081e-02,-4.168680682778358459e-02,-4.462462365627288818e-01,2.912234365940093994e-01,-8.121286332607269287e-02,9.047041833400726318e-02,-3.066015429794788361e-02
-1.041109204292297363e+00,-1.337095052003860474e-01,8.247122764587402344e-01,1.709092408418655396e-02,4.145737271755933762e-03,-8.425957560539245605e-01,5.382593870162963867e-01,-2.355363368988037109e-01,6.654563546180725098e-02,2.362982630729675293e-01,3.310957252979278564e-01,-8.823638409376144409e-02,-4.490121081471443176e-02,-7.575684785842895508e-02,-1.166763454675674438e-01,-5.530990958213806152e-01,2.691027224063873291e-01,-1.673038452863693237e-01,5.083065479993820190e-02,-1.540565770119428635e-02,3.582530319690704346e-01,3.181169927120208740e-01,-9.941881150007247925e-02,-4.380313456058502197e-01,-4.916236177086830139e-02,-4.101891070604324341e-02,-4.461528062820434570e-01,2.922666966915130615e-01,-8.091486990451812744e-02,9.018425643444061279e-02,-3.106598928570747375e-02
-1.042364835739135742e+00,-1.322696655988693237e-01,8.245930671691894531e-01,1.488414686173200607e-02,4.641251638531684875e-03,-8.438040018081665039e-01,5.364249348640441895e-01,-2.470767349004745483e-01,7.540483772754669189e-02,2.294783592224121094e-01,3.551597595214843750e-01,-8.635232597589492798e-02,-4.591506719589233398e-02,-6.088561937212944031e-02,-1.023592203855514526e-01,-5.560189485549926758e-01,2.419943809509277344e-01,-1.639498323202133179e-01,4.298546537756919861e-02,-1.738698966801166534e-02,3.594527244567871094e-01,3.181177973747253418e-01,-9.967108070850372314e-02,-4.377045929431915283e-01,-5.006731674075126648e-02,-4.021490365266799927e-02,-4.452969729900360107e-01,2.938264012336730957e-01,-8.111526817083358765e-02,9.025829285383224487e-02,-3.128441423177719116e-02
-1.043486714363098145e+00,-1.307040452957153320e-01,8.245965242385864258e-01,1.206395588815212250e-02,5.792337004095315933e-03,-8.454029560089111328e-01,5.339613556861877441e-01,-2.613522410392761230e-01,8.698270469903945923e-02,2.223972380161285400e-01,3.842456936836242676e-01,-8.396425098180770874e-02,-4.611701890826225281e-02,-4.864384606480598450e-02,-8.638442307710647583e-02,-5.562595725059509277e-01,2.184800654649734497e-01,-1.579939126968383789e-01,2.832181379199028015e-02,-1.891513355076313019e-02,3.605888485908508301e-01,3.186264932155609131e-01,-9.917211532592773438e-02,-4.369841516017913818e-01,-5.033070966601371765e-02,-3.925915807485580444e-02,-4.437071382999420166e-01,2.960193455219268799e-01,-8.187584578990936279e-02,9.091471880674362183e-02,-3.128097578883171082e-02
-1.044484257698059082e+00,-1.289955675601959229e-01,8.248428702354431152e-01,9.601843543350696564e-03,7.047182414680719376e-03,-8.472060561180114746e-01,5.311308503150939941e-01,-2.810434103012084961e-01,9.921951591968536377e-02,2.159395664930343628e-01,4.206198155879974365e-01,-8.103818446397781372e-02,-3.669390454888343811e-02,-3.911076486110687256e-02,-7.110320776700973511e-02,-5.521446466445922852e-01,1.963587254285812378e-01,-1.495215743780136108e-01,1.719471067190170288e-02,-2.090219408273696899e-02,3.615912497043609619e-01,3.192777037620544434e-01,-9.799060225486755371e-02,-4.360238611698150635e-01,-4.994691908359527588e-02,-3.825103119015693665e-02,-4.417863786220550537e-01,2.988167703151702881e-01,-8.312318474054336548e-02,9.211366623640060425e-02,-3.102203831076622009e-02
-1.045612454414367676e+00,-1.272143572568893433e-01,8.251755237579345703e-01,7.828900590538978577e-03,8.326217532157897949e-03,-8.493547439575195312e-01,5.276986956596374512e-01,-3.048452138900756836e-01,1.120421066880226135e-01,2.094969749450683594e-01,4.609664976596832275e-01,-7.098350673913955688e-02,-3.187297284603118896e-02,-3.049238398671150208e-02,-5.707400292158126831e-02,-5.460739731788635254e-01,1.741877347230911255e-01,-1.395958662033081055e-01,1.151488535106182098e-02,-2.110718376934528351e-02,3.623284697532653809e-01,3.201105296611785889e-01,-9.614388644695281982e-02,-4.351210892200469971e-01,-4.906989634037017822e-02,-3.731884062290191650e-02,-4.395172595977783203e-01,3.020598888397216797e-01,-8.480783551931381226e-02,9.356379508972167969e-02,-3.051455505192279816e-02
-1.046964645385742188e+00,-1.253812313079833984e-01,8.255351185798645020e-01,6.760337390005588531e-03,9.222662076354026794e-03,-8.515848517417907715e-01,5.240920782089233398e-01,-3.331732451915740967e-01,1.246043667197227478e-01,2.069672942161560059e-01,5.065308809280395508e-01,-5.144594237208366394e-02,-2.580581977963447571e-02,-2.405528537929058075e-02,-4.596960917115211487e-02,-5.413972139358520508e-01,1.552163660526275635e-01,-1.309815645217895508e-01,9.834723547101020813e-03,-2.095498517155647278e-02,3.626986443996429443e-01,3.208797574043273926e-01,-9.386941790580749512e-02,-4.346134960651397705e-01,-4.788434132933616638e-02,-3.652697429060935974e-02,-4.372361302375793457e-01,3.055924475193023682e-01,-8.668246865272521973e-02,9.513925015926361084e-02,-2.982423454523086548e-02
-1.048458933830261230e+00,-1.235676631331443787e-01,8.258419036865234375e-01,6.004103459417819977e-03,9.585416875779628754e-03,-8.541116714477539062e-01,5.199666023254394531e-01,-3.632988333702087402e-01,1.376929730176925659e-01,2.023178786039352417e-01,5.539062023162841797e-01,-2.424792945384979248e-02,-2.299422957003116608e-02,-1.814360171556472778e-02,-3.741895779967308044e-02,-5.373407006263732910e-01,1.393127739429473877e-01,-1.244291961193084717e-01,1.092130877077579498e-02,-1.810575649142265320e-02,3.628190159797668457e-01,3.215288519859313965e-01,-9.136838465929031372e-02,-4.344708025455474854e-01,-4.652722924947738647e-02,-3.578267619013786316e-02,-4.350440502166748047e-01,3.093956410884857178e-01,-8.855195343494415283e-02,9.683378785848617554e-02,-2.901351265609264374e-02
-1.050066709518432617e+00,-1.218493655323982239e-01,8.261525630950927734e-01,5.742532666772603989e-03,9.343889541923999786e-03,-8.566115498542785645e-01,5.158452987670898438e-01,-3.981120586395263672e-01,1.497245579957962036e-01,1.965690404176712036e-01,6.050322055816650391e-01,1.180642936378717422e-02,-1.528973691165447235e-02,-1.395582314580678940e-02,-3.181981667876243591e-02,-5.343789458274841309e-01,1.272555291652679443e-01,-1.194961369037628174e-01,1.375664118677377701e-02,-1.392431184649467468e-02,3.626982569694519043e-01,3.219068050384521484e-01,-8.906178921461105347e-02,-4.348033666610717773e-01,-4.532874003052711487e-02,-3.489198163151741028e-02,-4.333984553813934326e-01,3.133317828178405762e-01,-8.994539082050323486e-02,9.862907230854034424e-02,-2.819030731916427612e-02
-1.051566004753112793e+00,-1.203003674745559692e-01,8.263064622879028320e-01,5.988749675452709198e-03,9.112972766160964966e-03,-8.589940667152404785e-01,5.118694305419921875e-01,-4.360816776752471924e-01,1.610454767942428589e-01,1.877879947423934937e-01,6.571668386459350586e-01,5.316734686493873596e-02,-7.988752797245979309e-03,-1.256939209997653961e-02,-2.791772782802581787e-02,-5.306833386421203613e-01,1.192228645086288452e-01,-1.163213178515434265e-01,1.279042474925518036e-02,-9.931338019669055939e-03,3.623691499233245850e-01,3.222922682762145996e-01,-8.700135350227355957e-02,-4.356881976127624512e-01,-4.435885325074195862e-02,-3.386478871107101440e-02,-4.320176839828491211e-01,3.175399005413055420e-01,-9.111241251230239868e-02,1.006197482347488403e-01,-2.738974429666996002e-02
-1.052896857261657715e+00,-1.188336312770843506e-01,8.264086842536926270e-01,6.670495960861444473e-03,8.708134293556213379e-03,-8.611409068107604980e-01,5.082479715347290039e-01,-4.766467213630676270e-01,1.709526032209396362e-01,1.761495172977447510e-01,7.097668051719665527e-01,9.544883668422698975e-02,1.560803866595961154e-05,-1.304271817207336426e-02,-2.573250420391559601e-02,-5.263728499412536621e-01,1.141178235411643982e-01,-1.148965135216712952e-01,1.202079746872186661e-02,-5.875003058463335037e-03,3.618524372577667236e-01,3.224726915359497070e-01,-8.545161038637161255e-02,-4.372012019157409668e-01,-4.374957084655761719e-02,-3.271956741809844971e-02,-4.314181506633758545e-01,3.218466937541961670e-01,-9.181405603885650635e-02,1.027408540248870850e-01,-2.666830830276012421e-02
-1.054072618484497070e+00,-1.175095662474632263e-01,8.265312910079956055e-01,7.715083193033933640e-03,8.034245111048221588e-03,-8.631060719490051270e-01,5.048997998237609863e-01,-5.192443728446960449e-01,1.787138134241104126e-01,1.622091382741928101e-01,7.623668313026428223e-01,1.351374685764312744e-01,1.552268117666244507e-02,-1.471717189997434616e-02,-2.510105818510055542e-02,-5.215317606925964355e-01,1.106461435556411743e-01,-1.140190884470939636e-01,1.245619077235460281e-02,-2.561628585681319237e-03,3.611718416213989258e-01,3.220937550067901611e-01,-8.466684073209762573e-02,-4.393169879913330078e-01,-4.356230050325393677e-02,-3.171440586447715759e-02,-4.320644736289978027e-01,3.260774612426757812e-01,-9.219169616699218750e-02,1.049348041415214539e-01,-2.606745250523090363e-02
-1.055130362510681152e+00,-1.162521317601203918e-01,8.265669941902160645e-01,8.399739861488342285e-03,7.807497400790452957e-03,-8.651634454727172852e-01,5.013588666915893555e-01,-5.636016726493835449e-01,1.862453520298004150e-01,1.447791904211044312e-01,8.149667978286743164e-01,1.668741405010223389e-01,3.929192945361137390e-02,-1.690789498388767242e-02,-2.359284646809101105e-02,-5.155847668647766113e-01,1.083199754357337952e-01,-1.124356538057327271e-01,1.391730736941099167e-02,1.672962098382413387e-04,3.604213595390319824e-01,3.216239511966705322e-01,-8.444368839263916016e-02,-4.418671429157257080e-01,-4.380287975072860718e-02,-3.076643124222755432e-02,-4.334724843502044678e-01,3.302409946918487549e-01,-9.228887408971786499e-02,1.071381717920303345e-01,-2.559403516352176666e-02
-1.056030154228210449e+00,-1.152495592832565308e-01,8.263987898826599121e-01,9.122360497713088989e-03,8.735841140151023865e-03,-8.674877882003784180e-01,4.972980618476867676e-01,-6.098628044128417969e-01,1.938944905996322632e-01,1.247880458831787109e-01,8.675668239593505859e-01,1.846626102924346924e-01,6.779772788286209106e-02,-2.118697017431259155e-02,-2.061980776488780975e-02,-5.080454945564270020e-01,1.074266657233238220e-01,-1.108220741152763367e-01,1.430995110422372818e-02,2.490778220817446709e-03,3.596775531768798828e-01,3.219371438026428223e-01,-8.440648764371871948e-02,-4.448417425155639648e-01,-4.451519623398780823e-02,-2.999256551265716553e-02,-4.348044097423553467e-01,3.343463838100433350e-01,-9.239928424358367920e-02,1.092417538166046143e-01,-2.520075440406799316e-02
-1.056823015213012695e+00,-1.143822148442268372e-01,8.261427283287048340e-01,9.853413328528404236e-03,1.016708929091691971e-02,-8.695798516273498535e-01,4.935893118381500244e-01,-6.541607379913330078e-01,2.015595883131027222e-01,1.072536334395408630e-01,9.171805381774902344e-01,1.855881661176681519e-01,8.970751613378524780e-02,-2.663899958133697510e-02,-1.732059009373188019e-02,-5.001353025436401367e-01,1.081156730651855469e-01,-1.088656708598136902e-01,1.581310108304023743e-02,2.755318535491824150e-03,3.590238690376281738e-01,3.231038749217987061e-01,-8.430913835763931274e-02,-4.483212232589721680e-01,-4.565728083252906799e-02,-2.977067790925502777e-02,-4.359135031700134277e-01,3.384350240230560303e-01,-9.293808788061141968e-02,1.112927123904228210e-01,-2.485282905399799347e-02
-1.057581901550292969e+00,-1.135515943169593811e-01,8.261454701423645020e-01,1.065148133784532547e-02,1.066388003528118134e-02,-8.712717294692993164e-01,4.905694425106048584e-01,-6.913222074508666992e-01,2.070146501064300537e-01,9.417834877967834473e-02,9.598415493965148926e-01,1.709457635879516602e-01,9.909572452306747437e-02,-3.121745958924293518e-02,-1.588327437639236450e-02,-4.928105771541595459e-01,1.094250679016113281e-01,-1.078013032674789429e-01,1.593953557312488556e-02,6.366739980876445770e-04,3.586699664592742920e-01,3.240564167499542236e-01,-8.427270501852035522e-02,-4.519261121749877930e-01,-4.701487720012664795e-02,-3.041886165738105774e-02,-4.375191330909729004e-01,3.424636125564575195e-01,-9.418158978223800659e-02,1.134399548172950745e-01,-2.453608810901641846e-02
-1.058241248130798340e+00,-1.128739193081855774e-01,8.262364864349365234e-01,1.111520361155271530e-02,1.072456594556570053e-02,-8.727102279663085938e-01,4.879941344261169434e-01,-7.246084213256835938e-01,2.126709967851638794e-01,8.534531295299530029e-02,1.000564575195312500e+00,1.449165046215057373e-01,1.009877473115921021e-01,-3.450540453195571899e-02,-1.502557564526796341e-02,-4.862889349460601807e-01,1.109503209590911865e-01,-1.076551675796508789e-01,1.449173595756292343e-02,-2.541261259466409683e-03,3.586761653423309326e-01,3.245966434478759766e-01,-8.404349535703659058e-02,-4.550310075283050537e-01,-4.814591631293296814e-02,-3.165196999907493591e-02,-4.398171007633209229e-01,3.459110856056213379e-01,-9.541747719049453735e-02,1.151686385273933411e-01,-2.423389256000518799e-02
-1.058952093124389648e+00,-1.124262958765029907e-01,8.264959454536437988e-01,1.193465571850538254e-02,1.014568563550710678e-02,-8.745013475418090820e-01,4.847701191902160645e-01,-7.546994686126708984e-01,2.168817222118377686e-01,7.746924459934234619e-02,1.038462400436401367e+00,1.147998049855232239e-01,1.063956022262573242e-01,-3.772791847586631775e-02,-1.593664661049842834e-02,-4.784876406192779541e-01,1.125227659940719604e-01,-1.067979931831359863e-01,1.449302677065134048e-02,-5.205747205764055252e-03,3.590833842754364014e-01,3.246988058090209961e-01,-8.373071253299713135e-02,-4.574716687202453613e-01,-4.909014701843261719e-02,-3.329640626907348633e-02,-4.426939189434051514e-01,3.486576378345489502e-01,-9.637502580881118774e-02,1.162700802087783813e-01,-2.394945919513702393e-02
-1.059540510177612305e+00,-1.120869219303131104e-01,8.268005251884460449e-01,1.262768823653459549e-02,9.153954684734344482e-03,-8.762099742889404297e-01,4.816771447658538818e-01,-7.816485762596130371e-01,2.197712659835815430e-01,7.153688371181488037e-02,1.073569416999816895e+00,8.339495956897735596e-02,1.132859066128730774e-01,-4.030574858188629150e-02,-1.768502779304981232e-02,-4.702540934085845947e-01,1.142482981085777283e-01,-1.057357639074325562e-01,1.473158970475196838e-02,-7.869858294725418091e-03,3.597276210784912109e-01,3.241673111915588379e-01,-8.307683467864990234e-02,-4.593420326709747314e-01,-4.952744394540786743e-02,-3.549442812800407410e-02,-4.458698928356170654e-01,3.508430421352386475e-01,-9.745084494352340698e-02,1.168376728892326355e-01,-2.365881577134132385e-02
-1.060180425643920898e+00,-1.117568835616111755e-01,8.272687792778015137e-01,1.346880663186311722e-02,7.545173168182373047e-03,-8.780754208564758301e-01,4.782731831073760986e-01,-8.051066994667053223e-01,2.200148999691009521e-01,6.453201919794082642e-02,1.105144619941711426e+00,5.389649793505668640e-02,1.215158775448799133e-01,-4.371888935565948486e-02,-2.104168199002742767e-02,-4.612747430801391602e-01,1.176030635833740234e-01,-1.041627079248428345e-01,1.355785690248012543e-02,-9.596972726285457611e-03,3.606499135494232178e-01,3.229998052120208740e-01,-8.223243802785873413e-02,-4.606373608112335205e-01,-4.957200586795806885e-02,-3.815745562314987183e-02,-4.492647349834442139e-01,3.524622917175292969e-01,-9.855847060680389404e-02,1.168258637189865112e-01,-2.336878143250942230e-02
-1.060770869255065918e+00,-1.115540936589241028e-01,8.277452588081359863e-01,1.436224672943353653e-02,5.599715746939182281e-03,-8.799644112586975098e-01,4.747894406318664551e-01,-8.263315558433532715e-01,2.176574766635894775e-01,5.675642564892768860e-02,1.134136438369750977e+00,2.862405963242053986e-02,1.280957907438278198e-01,-4.693973064422607422e-02,-2.555440366268157959e-02,-4.523033797740936279e-01,1.219915598630905151e-01,-1.022463813424110413e-01,1.279130391776561737e-02,-1.069987565279006958e-02,3.617810904979705811e-01,3.211541175842285156e-01,-8.143027871847152710e-02,-4.615780413150787354e-01,-4.937181249260902405e-02,-4.124047979712486267e-02,-4.528822302818298340e-01,3.534612059593200684e-01,-9.961780160665512085e-02,1.161600425839424133e-01,-2.310156635940074921e-02
-1.061397671699523926e+00,-1.115861684083938599e-01,8.282876014709472656e-01,1.568426005542278290e-02,3.682947019115090370e-03,-8.818410634994506836e-01,4.712714850902557373e-01,-8.456857204437255859e-01,2.125150561332702637e-01,4.752876982092857361e-02,1.159623026847839355e+00,8.372430689632892609e-03,1.346646100282669067e-01,-5.034175887703895569e-02,-3.028186783194541931e-02,-4.433988630771636963e-01,1.254207342863082886e-01,-1.007216349244117737e-01,1.227235142141580582e-02,-1.152218505740165710e-02,3.630540966987609863e-01,3.186750113964080811e-01,-8.080526441335678101e-02,-4.623197317123413086e-01,-4.906494915485382080e-02,-4.478551074862480164e-02,-4.566610753536224365e-01,3.537983298301696777e-01,-1.006918177008628845e-01,1.147284954786300659e-01,-2.287308685481548309e-02
-1.061873555183410645e+00,-1.117529645562171936e-01,8.287922143936157227e-01,1.666893251240253448e-02,1.726237707771360874e-03,-8.836156129837036133e-01,4.679130613803863525e-01,-8.629979491233825684e-01,2.057492434978485107e-01,3.811907023191452026e-02,1.183254003524780273e+00,-8.306095376610755920e-03,1.386524736881256104e-01,-5.400893837213516235e-02,-3.519425913691520691e-02,-4.356471002101898193e-01,1.297053843736648560e-01,-1.007232069969177246e-01,1.168676931411027908e-02,-1.279682945460081100e-02,3.644748330116271973e-01,3.156100213527679443e-01,-8.064855635166168213e-02,-4.629939496517181396e-01,-4.896312206983566284e-02,-4.844671860337257385e-02,-4.607064425945281982e-01,3.535451591014862061e-01,-1.013031452894210815e-01,1.126591637730598450e-01,-2.270347438752651215e-02
-1.062159657478332520e+00,-1.119512692093849182e-01,8.293089270591735840e-01,1.735546626150608063e-02,-2.741394855547696352e-04,-8.855241537094116211e-01,4.642690122127532959e-01,-8.777841925621032715e-01,1.967803090810775757e-01,2.653440646827220917e-02,1.203949332237243652e+00,-2.168529480695724487e-02,1.395769715309143066e-01,-5.630201846361160278e-02,-3.971775248646736145e-02,-4.277658164501190186e-01,1.328958123922348022e-01,-1.013045012950897217e-01,1.123110018670558929e-02,-1.410445757210254669e-02,3.660469353199005127e-01,3.121034502983093262e-01,-8.100308477878570557e-02,-4.636663794517517090e-01,-4.912560060620307922e-02,-5.209531262516975403e-02,-4.650515913963317871e-01,3.527395129203796387e-01,-1.012670621275901794e-01,1.099737137556076050e-01,-2.260343730449676514e-02
-1.062435984611511230e+00,-1.124128699302673340e-01,8.298441767692565918e-01,1.839818805456161499e-02,-1.853531342931091785e-03,-8.873930573463439941e-01,4.606426060199737549e-01,-8.911063075065612793e-01,1.865448206663131714e-01,1.496737264096736908e-02,1.221455097198486328e+00,-3.291860595345497131e-02,1.372785717248916626e-01,-5.693059787154197693e-02,-4.328415170311927795e-02,-4.209317862987518311e-01,1.328219920396804810e-01,-1.013922467827796936e-01,1.133289281278848648e-02,-1.545938849449157715e-02,3.677290380001068115e-01,3.083005547523498535e-01,-8.198401331901550293e-02,-4.644647836685180664e-01,-4.976268112659454346e-02,-5.551926791667938232e-02,-4.696783125400543213e-01,3.515768945217132568e-01,-1.004106476902961731e-01,1.068056449294090271e-01,-2.256474085152149200e-02
-1.062726378440856934e+00,-1.130289137363433838e-01,8.303766846656799316e-01,1.954515278339385986e-02,-3.296432550996541977e-03,-8.894259333610534668e-01,4.566493332386016846e-01,-9.023934602737426758e-01,1.742453575134277344e-01,1.664821291342377663e-03,1.236004352569580078e+00,-4.291468113660812378e-02,1.340311914682388306e-01,-5.913719907402992249e-02,-4.680688306689262390e-02,-4.133645296096801758e-01,1.325213462114334106e-01,-1.000936254858970642e-01,1.109535992145538330e-02,-1.748194545507431030e-02,3.694792091846466064e-01,3.043405115604400635e-01,-8.352161943912506104e-02,-4.654217660427093506e-01,-5.085407942533493042e-02,-5.859364941716194153e-02,-4.744584262371063232e-01,3.504748046398162842e-01,-9.902066737413406372e-02,1.037092059850692749e-01,-2.258048206567764282e-02
-1.062722206115722656e+00,-1.134133115410804749e-01,8.307685852050781250e-01,1.925802603363990784e-02,-5.189486779272556305e-03,-8.916044235229492188e-01,4.523757100105285645e-01,-9.090827107429504395e-01,1.613025069236755371e-01,-1.210767868906259537e-02,1.247938275337219238e+00,-5.162382498383522034e-02,1.308202445507049561e-01,-5.814162641763687134e-02,-5.009692534804344177e-02,-4.063401818275451660e-01,1.329462379217147827e-01,-9.936970472335815430e-02,1.117017399519681931e-02,-1.940083131194114685e-02,3.714552819728851318e-01,3.002154231071472168e-01,-8.557107299566268921e-02,-4.662922620773315430e-01,-5.240863189101219177e-02,-6.114472821354866028e-02,-4.795012772083282471e-01,3.496853411197662354e-01,-9.693408012390136719e-02,1.010400131344795227e-01,-2.257335186004638672e-02
-1.062770009040832520e+00,-1.140826791524887085e-01,8.310847282409667969e-01,1.912850141525268555e-02,-6.649375893175601959e-03,-8.937988877296447754e-01,4.480105042457580566e-01,-9.137558937072753906e-01,1.479827910661697388e-01,-2.579944580793380737e-02,1.256631016731262207e+00,-5.859774351119995117e-02,1.246102899312973022e-01,-5.736525356769561768e-02,-5.275642871856689453e-02,-3.988903760910034180e-01,1.326818466186523438e-01,-9.848224371671676636e-02,1.142979692667722702e-02,-2.209006063640117645e-02,3.737505376338958740e-01,2.961542606353759766e-01,-8.808334916830062866e-02,-4.669497609138488770e-01,-5.450464040040969849e-02,-6.335040181875228882e-02,-4.845276176929473877e-01,3.493328094482421875e-01,-9.470228850841522217e-02,9.878199547529220581e-02,-2.252581343054771423e-02
-1.062702775001525879e+00,-1.150359436869621277e-01,8.312846422195434570e-01,1.895052380859851837e-02,-7.792277727276086807e-03,-8.961076140403747559e-01,4.433635771274566650e-01,-9.161919355392456055e-01,1.343156695365905762e-01,-3.998311981558799744e-02,1.262287735939025879e+00,-6.458182632923126221e-02,1.148778423666954041e-01,-5.670125782489776611e-02,-5.496571213006973267e-02,-3.908183276653289795e-01,1.321399360895156860e-01,-9.736513346433639526e-02,1.189882308244705200e-02,-2.521315962076187134e-02,3.762575387954711914e-01,2.923027873039245605e-01,-9.081379324197769165e-02,-4.673450291156768799e-01,-5.700311809778213501e-02,-6.535062193870544434e-02,-4.892590343952178955e-01,3.495862782001495361e-01,-9.293218702077865601e-02,9.714313596487045288e-02,-2.232728525996208191e-02
-1.062585473060607910e+00,-1.160593479871749878e-01,8.314705491065979004e-01,1.880306564271450043e-02,-8.760744705796241760e-03,-8.984634876251220703e-01,4.385578930377960205e-01,-9.161199927330017090e-01,1.193194091320037842e-01,-5.535846948623657227e-02,1.264568448066711426e+00,-7.008396834135055542e-02,1.014839112758636475e-01,-5.655405297875404358e-02,-5.706714093685150146e-02,-3.819147944450378418e-01,1.319658607244491577e-01,-9.614150226116180420e-02,1.254006475210189819e-02,-2.785182744264602661e-02,3.792288601398468018e-01,2.880990505218505859e-01,-9.407831728458404541e-02,-4.674682915210723877e-01,-6.055372208356857300e-02,-6.735705584287643433e-02,-4.944222569465637207e-01,3.505647480487823486e-01,-9.155260771512985229e-02,9.615597128868103027e-02,-2.173529565334320068e-02
-1.062478661537170410e+00,-1.171899735927581787e-01,8.315719962120056152e-01,1.860438473522663116e-02,-9.262673556804656982e-03,-9.008818268775939941e-01,4.335666000843048096e-01,-9.141277670860290527e-01,1.049355491995811462e-01,-7.055064290761947632e-02,1.263702988624572754e+00,-7.527169585227966309e-02,8.609073609113693237e-02,-5.644351243972778320e-02,-5.814376473426818848e-02,-3.728294670581817627e-01,1.312550008296966553e-01,-9.484386444091796875e-02,1.314342860132455826e-02,-3.066403977572917938e-02,3.828434944152832031e-01,2.829807102680206299e-01,-9.718192368745803833e-02,-4.677191078662872314e-01,-6.674452871084213257e-02,-6.982828676700592041e-02,-5.001280307769775391e-01,3.533841073513031006e-01,-9.077693521976470947e-02,9.572043269872665405e-02,-2.039252035319805145e-02
-1.062242150306701660e+00,-1.185509338974952698e-01,8.315914869308471680e-01,1.828127540647983551e-02,-9.551932103931903839e-03,-9.034791588783264160e-01,4.281354546546936035e-01,-9.088951349258422852e-01,9.113594889640808105e-02,-8.566757291555404663e-02,1.258709549903869629e+00,-7.929291576147079468e-02,7.022310048341751099e-02,-5.648375302553176880e-02,-5.901798978447914124e-02,-3.627704679965972900e-01,1.308320909738540649e-01,-9.357451647520065308e-02,1.398266479372978210e-02,-3.308141231536865234e-02,3.860333859920501709e-01,2.789310812950134277e-01,-9.898429363965988159e-02,-4.672521352767944336e-01,-7.084509730339050293e-02,-7.176383584737777710e-02,-5.044071674346923828e-01,3.565661311149597168e-01,-9.076833724975585938e-02,9.582205861806869507e-02,-1.858422532677650452e-02
-1.062039375305175781e+00,-1.199429109692573547e-01,8.316165804862976074e-01,1.790311187505722046e-02,-9.933094494044780731e-03,-9.060792326927185059e-01,4.226123988628387451e-01,-9.002209305763244629e-01,7.697171717882156372e-02,-1.011774092912673950e-01,1.249298334121704102e+00,-8.279647678136825562e-02,5.178809911012649536e-02,-5.667550861835479736e-02,-6.013589724898338318e-02,-3.524427711963653564e-01,1.310292631387710571e-01,-9.259954094886779785e-02,1.484965626150369644e-02,-3.445275872945785522e-02,3.889572620391845703e-01,2.755829095840454102e-01,-9.990101307630538940e-02,-4.661688208580017090e-01,-7.372671365737915039e-02,-7.335469871759414673e-02,-5.079154968261718750e-01,3.600297272205352783e-01,-9.109766036272048950e-02,9.645618498325347900e-02,-1.639698073267936707e-02
-1.061684131622314453e+00,-1.214839741587638855e-01,8.316111564636230469e-01,1.764853112399578094e-02,-9.906616061925888062e-03,-9.089658260345458984e-01,4.163790345191955566e-01,-8.897196054458618164e-01,6.299839913845062256e-02,-1.172690242528915405e-01,1.236403942108154297e+00,-8.627345412969589233e-02,3.314190357923507690e-02,-5.781069025397300720e-02,-6.076642870903015137e-02,-3.410620987415313721e-01,1.311323046684265137e-01,-9.122666716575622559e-02,1.582037843763828278e-02,-3.560600429773330688e-02,3.916294276714324951e-01,2.726709246635437012e-01,-9.990631043910980225e-02,-4.645709395408630371e-01,-7.522772252559661865e-02,-7.481341063976287842e-02,-5.107365846633911133e-01,3.636276721954345703e-01,-9.180046617984771729e-02,9.728762507438659668e-02,-1.381627470254898071e-02
-1.061313986778259277e+00,-1.231514811515808105e-01,8.315658569335937500e-01,1.753248274326324463e-02,-9.809148497879505157e-03,-9.118432402610778809e-01,4.100467562675476074e-01,-8.761026263236999512e-01,4.863975197076797485e-02,-1.340924352407455444e-01,1.218826651573181152e+00,-8.990723639726638794e-02,1.293472386896610260e-02,-5.930563434958457947e-02,-6.148185208439826965e-02,-3.292666077613830566e-01,1.313215643167495728e-01,-8.988557010889053345e-02,1.692342944443225861e-02,-3.640204668045043945e-02,3.939361572265625000e-01,2.702594399452209473e-01,-9.890057891607284546e-02,-4.626868367195129395e-01,-7.542797178030014038e-02,-7.650980353355407715e-02,-5.128487348556518555e-01,3.667840957641601562e-01,-9.290456771850585938e-02,9.687248617410659790e-02,-1.093800831586122513e-02
-1.060932159423828125e+00,-1.250102072954177856e-01,8.315539360046386719e-01,1.782240159809589386e-02,-9.573053568601608276e-03,-9.148276448249816895e-01,4.033374786376953125e-01,-8.599472641944885254e-01,3.349044919013977051e-02,-1.520671844482421875e-01,1.196515917778015137e+00,-9.439810365438461304e-02,-9.344897232949733734e-03,-6.177816540002822876e-02,-6.243432685732841492e-02,-3.169668912887573242e-01,1.315466016530990601e-01,-8.848340064287185669e-02,1.822680421173572540e-02,-3.642309829592704773e-02,3.957706093788146973e-01,2.682772278785705566e-01,-9.706525504589080811e-02,-4.611533284187316895e-01,-7.464924454689025879e-02,-7.840342074632644653e-02,-5.143281817436218262e-01,3.696362674236297607e-01,-9.436238557100296021e-02,9.573756158351898193e-02,-7.786838337779045105e-03
-1.060545206069946289e+00,-1.268453747034072876e-01,8.314980864524841309e-01,1.801997050642967224e-02,-9.339998476207256317e-03,-9.177624583244323730e-01,3.966107368469238281e-01,-8.409890532493591309e-01,1.850535906851291656e-02,-1.714372485876083374e-01,1.170048594474792480e+00,-9.831711649894714355e-02,-3.525491058826446533e-02,-6.436449289321899414e-02,-6.323605030775070190e-02,-3.035736382007598877e-01,1.320342123508453369e-01,-8.713386952877044678e-02,1.946776732802391052e-02,-3.720523416996002197e-02,3.974198997020721436e-01,2.667216360569000244e-01,-9.473194181919097900e-02,-4.594530463218688965e-01,-7.384251803159713745e-02,-8.039246499538421631e-02,-5.153691768646240234e-01,3.722102940082550049e-01,-9.565325081348419189e-02,9.405810385942459106e-02,-4.508108366280794144e-03
-1.060166716575622559e+00,-1.287133544683456421e-01,8.313478231430053711e-01,1.793528720736503601e-02,-8.944818750023841858e-03,-9.206835627555847168e-01,3.897948861122131348e-01,-8.186034560203552246e-01,4.747568629682064056e-03,-1.912973970174789429e-01,1.138902425765991211e+00,-1.023341044783592224e-01,-6.105596199631690979e-02,-6.686169654130935669e-02,-6.355806440114974976e-02,-2.902300655841827393e-01,1.332589238882064819e-01,-8.622074127197265625e-02,2.071137167513370514e-02,-3.721636906266212463e-02,3.989484310150146484e-01,2.654454410076141357e-01,-9.214287251234054565e-02,-4.575280547142028809e-01,-7.315352559089660645e-02,-8.254354447126388550e-02,-5.159254074096679688e-01,3.743607401847839355e-01,-9.678425639867782593e-02,9.114067256450653076e-02,-7.649461622349917889e-04
-1.059744477272033691e+00,-1.307698041200637817e-01,8.311741352081298828e-01,1.790517754852771759e-02,-8.391602896153926849e-03,-9.236697554588317871e-01,3.826789855957031250e-01,-7.941222786903381348e-01,-7.537852507084608078e-03,-2.112337648868560791e-01,1.103775024414062500e+00,-1.061163172125816345e-01,-8.518911153078079224e-02,-6.949491053819656372e-02,-6.375543773174285889e-02,-2.766594886779785156e-01,1.341196596622467041e-01,-8.503395318984985352e-02,2.216606959700584412e-02,-3.692589700222015381e-02,4.003078043460845947e-01,2.646296620368957520e-01,-8.947136998176574707e-02,-4.556953907012939453e-01,-7.323170453310012817e-02,-8.477064222097396851e-02,-5.159992575645446777e-01,3.761832416057586670e-01,-9.784069657325744629e-02,8.720726519823074341e-02,2.966606523841619492e-03
-1.059046387672424316e+00,-1.327686905860900879e-01,8.309466838836669922e-01,1.681314408779144287e-02,-8.147571235895156860e-03,-9.267159700393676758e-01,3.752978444099426270e-01,-7.649698257446289062e-01,-1.710440777242183685e-02,-2.293477803468704224e-01,1.063986778259277344e+00,-1.080588772892951965e-01,-1.040997058153152466e-01,-7.023441046476364136e-02,-6.385427713394165039e-02,-2.622061073780059814e-01,1.351906806230545044e-01,-8.367458730936050415e-02,2.373461797833442688e-02,-3.753901645541191101e-02,4.016593992710113525e-01,2.640276253223419189e-01,-8.618471026420593262e-02,-4.526896774768829346e-01,-7.346638292074203491e-02,-8.683285862207412720e-02,-5.157678723335266113e-01,3.786816596984863281e-01,-9.795832633972167969e-02,8.210851252079010010e-02,7.042108569294214249e-03
-1.058404088020324707e+00,-1.349768489599227905e-01,8.307312130928039551e-01,1.588018424808979034e-02,-7.883144542574882507e-03,-9.298707842826843262e-01,3.674588501453399658e-01,-7.337372899055480957e-01,-2.415048889815807343e-02,-2.461377978324890137e-01,1.020181775093078613e+00,-1.102484241127967834e-01,-1.194592863321304321e-01,-7.122633606195449829e-02,-6.418020278215408325e-02,-2.472828328609466553e-01,1.360985785722732544e-01,-8.223430812358856201e-02,2.553939446806907654e-02,-3.688946738839149475e-02,4.030306041240692139e-01,2.637749016284942627e-01,-8.291979134082794189e-02,-4.498535990715026855e-01,-7.404495775699615479e-02,-8.889216929674148560e-02,-5.150401592254638672e-01,3.809094429016113281e-01,-9.787361323833465576e-02,7.710384577512741089e-02,1.052561961114406586e-02
-1.057920932769775391e+00,-1.372649222612380981e-01,8.304942250251770020e-01,1.471440494060516357e-02,-7.574556861072778702e-03,-9.330011010169982910e-01,3.594927787780761719e-01,-7.005847692489624023e-01,-2.937824837863445282e-02,-2.625173926353454590e-01,9.731391668319702148e-01,-1.116508170962333679e-01,-1.289692670106887817e-01,-7.139220088720321655e-02,-6.402900815010070801e-02,-2.317675203084945679e-01,1.366485208272933960e-01,-8.089841157197952271e-02,2.730001881718635559e-02,-3.550207987427711487e-02,4.044821560382843018e-01,2.638420462608337402e-01,-7.982622832059860229e-02,-4.470274150371551514e-01,-7.519698143005371094e-02,-9.060928970575332642e-02,-5.140952467918395996e-01,3.834420442581176758e-01,-9.705729037523269653e-02,7.460013031959533691e-02,1.348311081528663635e-02
-1.057309985160827637e+00,-1.397590041160583496e-01,8.301409482955932617e-01,1.413074135780334473e-02,-6.761264987289905548e-03,-9.361992478370666504e-01,3.511205315589904785e-01,-6.659381389617919922e-01,-3.183634206652641296e-02,-2.772826850414276123e-01,9.212424755096435547e-01,-1.120815202593803406e-01,-1.359398514032363892e-01,-7.454607635736465454e-02,-6.393056362867355347e-02,-2.156884819269180298e-01,1.393397748470306396e-01,-8.023364841938018799e-02,2.937109954655170441e-02,-3.519099578261375427e-02,4.058069288730621338e-01,2.641357779502868652e-01,-7.663217931985855103e-02,-4.449897110462188721e-01,-7.627666741609573364e-02,-9.250392764806747437e-02,-5.127510428428649902e-01,3.857343792915344238e-01,-9.735639393329620361e-02,7.171596586704254150e-02,1.628923416137695312e-02
-1.056821584701538086e+00,-1.422306150197982788e-01,8.296574354171752930e-01,1.306492090225219727e-02,-6.436058320105075836e-03,-9.395357966423034668e-01,3.421408236026763916e-01,-6.305394768714904785e-01,-3.480118513107299805e-02,-2.944628596305847168e-01,8.686007261276245117e-01,-1.134126931428909302e-01,-1.418209373950958252e-01,-8.001975715160369873e-02,-6.477599591016769409e-02,-1.971034854650497437e-01,1.484277248382568359e-01,-8.256708085536956787e-02,3.131533041596412659e-02,-3.292024135589599609e-02,4.071364998817443848e-01,2.644258141517639160e-01,-7.327707856893539429e-02,-4.428496956825256348e-01,-7.641814649105072021e-02,-9.415579587221145630e-02,-5.112653374671936035e-01,3.880876600742340088e-01,-9.708338230848312378e-02,6.963468343019485474e-02,1.866177655756473541e-02
-1.056197762489318848e+00,-1.447571367025375366e-01,8.290889263153076172e-01,1.163901388645172119e-02,-5.910384003072977066e-03,-9.429577589035034180e-01,3.326563239097595215e-01,-5.924376249313354492e-01,-3.654497489333152771e-02,-3.123290240764617920e-01,8.124657273292541504e-01,-1.142277643084526062e-01,-1.464889645576477051e-01,-8.544616401195526123e-02,-6.495375186204910278e-02,-1.777763515710830688e-01,1.577116847038269043e-01,-8.474572747945785522e-02,3.336692601442337036e-02,-3.023282252252101898e-02,4.085500538349151611e-01,2.649556994438171387e-01,-6.996473670005798340e-02,-4.404594600200653076e-01,-7.668086886405944824e-02,-9.559341520071029663e-02,-5.094668269157409668e-01,3.905225694179534912e-01,-9.667177498340606689e-02,6.818623095750808716e-02,2.071553654968738556e-02
-1.055474042892456055e+00,-1.474156379699707031e-01,8.284236788749694824e-01,9.506856091320514679e-03,-5.247461609542369843e-03,-9.465085864067077637e-01,3.224958181381225586e-01,-5.521999597549438477e-01,-3.754102438688278198e-02,-3.321577012538909912e-01,7.548855543136596680e-01,-1.151108071208000183e-01,-1.505802869796752930e-01,-8.952396363019943237e-02,-6.427651643753051758e-02,-1.576602756977081299e-01,1.665169596672058105e-01,-8.656931668519973755e-02,3.557038679718971252e-02,-2.707814797759056091e-02,4.101503789424896240e-01,2.655960321426391602e-01,-6.669803708791732788e-02,-4.380504786968231201e-01,-7.649092376232147217e-02,-9.674744307994842529e-02,-5.073326230049133301e-01,3.930976390838623047e-01,-9.651987999677658081e-02,6.726009398698806763e-02,2.266013994812965393e-02
-1.054942846298217773e+00,-1.501778066158294678e-01,8.277559876441955566e-01,7.793147582560777664e-03,-4.177685361355543137e-03,-9.499247670173645020e-01,3.123536109924316406e-01,-5.123772621154785156e-01,-3.843922168016433716e-02,-3.549863100051879883e-01,6.959660649299621582e-01,-1.128687113523483276e-01,-1.557991653680801392e-01,-9.313938021659851074e-02,-6.242762133479118347e-02,-1.367382407188415527e-01,1.726099401712417603e-01,-8.727642148733139038e-02,3.763374313712120056e-02,-2.345276065170764923e-02,4.118065834045410156e-01,2.665759623050689697e-01,-6.336895376443862915e-02,-4.360271096229553223e-01,-7.615571469068527222e-02,-9.747549891471862793e-02,-5.048432946205139160e-01,3.958453536033630371e-01,-9.604483842849731445e-02,6.735751032829284668e-02,2.400895021855831146e-02
-1.054253816604614258e+00,-1.531682759523391724e-01,8.269509077072143555e-01,5.389732774347066879e-03,-2.569871256127953529e-03,-9.534114003181457520e-01,3.016141057014465332e-01,-4.720646440982818604e-01,-3.840453922748565674e-02,-3.798792064189910889e-01,6.385977864265441895e-01,-1.071449592709541321e-01,-1.603198051452636719e-01,-9.470808506011962891e-02,-5.920115113258361816e-02,-1.164285391569137573e-01,1.767659634351730347e-01,-8.696498721837997437e-02,4.000722989439964294e-02,-1.960512064397335052e-02,4.136943817138671875e-01,2.681115567684173584e-01,-6.017850711941719055e-02,-4.337838590145111084e-01,-7.665441185235977173e-02,-9.803260117769241333e-02,-5.018529295921325684e-01,3.985191881656646729e-01,-9.620655328035354614e-02,6.718040257692337036e-02,2.504938468337059021e-02
-1.053708195686340332e+00,-1.562592685222625732e-01,8.261817693710327148e-01,3.210831433534622192e-03,-1.130833290517330170e-03,-9.567931890487670898e-01,2.907494008541107178e-01,-4.322375059127807617e-01,-3.868403285741806030e-02,-4.047357141971588135e-01,5.820342898368835449e-01,-9.699454158544540405e-02,-1.639972776174545288e-01,-9.660106152296066284e-02,-5.649857595562934875e-02,-9.608659148216247559e-02,1.811717301607131958e-01,-8.689663559198379517e-02,4.255712032318115234e-02,-1.669139228761196136e-02,4.156869053840637207e-01,2.700362205505371094e-01,-5.682794377207756042e-02,-4.318785667419433594e-01,-7.685053348541259766e-02,-9.827350080013275146e-02,-4.985900521278381348e-01,4.014096260070800781e-01,-9.675030410289764404e-02,6.815237551927566528e-02,2.589798159897327423e-02
-1.053081154823303223e+00,-1.593417227268218994e-01,8.252601623535156250e-01,9.801018750295042992e-04,8.842088282108306885e-04,-9.598417282104492188e-01,2.805390059947967529e-01,-3.924399614334106445e-01,-3.786237910389900208e-02,-4.285903275012969971e-01,5.269391536712646484e-01,-8.093988895416259766e-02,-1.664305329322814941e-01,-9.959694743156433105e-02,-5.268190801143646240e-02,-7.712627202272415161e-02,1.874656528234481812e-01,-8.776737004518508911e-02,4.338253661990165710e-02,-1.479370892047882080e-02,4.178389310836791992e-01,2.725096642971038818e-01,-5.369656905531883240e-02,-4.313223958015441895e-01,-7.811237871646881104e-02,-9.824411571025848389e-02,-4.951356649398803711e-01,4.044690132141113281e-01,-9.790214896202087402e-02,6.986600905656814575e-02,2.638319320976734161e-02
-1.052475690841674805e+00,-1.625120639801025391e-01,8.243273496627807617e-01,-1.238000812008976936e-03,2.397867152467370033e-03,-9.627784490585327148e-01,2.702782452106475830e-01,-3.591185510158538818e-01,-3.944514691829681396e-02,-4.513792395591735840e-01,4.801670014858245850e-01,-5.814502388238906860e-02,-1.541184335947036743e-01,-1.063998490571975708e-01,-4.991594329476356506e-02,-5.736504122614860535e-02,2.013993710279464722e-01,-9.368325769901275635e-02,4.004208743572235107e-02,-1.336504705250263214e-02,4.201093018054962158e-01,2.752143144607543945e-01,-5.119935050606727600e-02,-4.312077164649963379e-01,-7.955571264028549194e-02,-9.788108617067337036e-02,-4.919783771038055420e-01,4.077931046485900879e-01,-9.944155067205429077e-02,7.264522463083267212e-02,2.652120776474475861e-02
-1.051746487617492676e+00,-1.653266847133636475e-01,8.235816359519958496e-01,-1.853508874773979187e-03,2.781377173960208893e-03,-9.645711779594421387e-01,2.638014853000640869e-01,-3.378078043460845947e-01,-4.349404573440551758e-02,-4.576686322689056396e-01,4.543572962284088135e-01,-6.453033536672592163e-02,-8.591035008430480957e-02,-1.174234300851821899e-01,-5.131030082702636719e-02,-4.272870719432830811e-02,2.196094095706939697e-01,-1.001006439328193665e-01,4.221834987401962280e-02,-1.909266039729118347e-02,4.221907258033752441e-01,2.768038213253021240e-01,-4.926190897822380066e-02,-4.326124191284179688e-01,-8.118257671594619751e-02,-9.765748679637908936e-02,-4.905140101909637451e-01,4.112225770950317383e-01,-1.012420356273651123e-01,7.589335739612579346e-02,2.630387246608734131e-02
-1.050923824310302734e+00,-1.681681871414184570e-01,8.227959871292114258e-01,-1.259468961507081985e-03,2.839250722900032997e-03,-9.657489061355590820e-01,2.594598829746246338e-01,-3.235980272293090820e-01,-4.139323532581329346e-02,-4.431734979152679443e-01,4.358282387256622314e-01,-8.951336145401000977e-02,-5.003867298364639282e-02,-1.318588554859161377e-01,-5.478975549340248108e-02,-3.119426593184471130e-02,2.406646758317947388e-01,-1.074364781379699707e-01,4.625392332673072815e-02,-2.950190007686614990e-02,4.239889681339263916e-01,2.783231735229492188e-01,-4.758812487125396729e-02,-4.366287887096405029e-01,-8.291552960872650146e-02,-9.787442535161972046e-02,-4.898772239685058594e-01,4.146423041820526123e-01,-1.045214384794235229e-01,8.007323741912841797e-02,2.598045952618122101e-02
-1.050140619277954102e+00,-1.710806488990783691e-01,8.220084309577941895e-01,2.444640267640352249e-04,2.601575339213013649e-03,-9.671365618705749512e-01,2.542439401149749756e-01,-3.113343119621276855e-01,-3.621589019894599915e-02,-4.190756082534790039e-01,4.179830253124237061e-01,-1.033004969358444214e-01,-4.361427202820777893e-02,-1.498367041349411011e-01,-5.911250784993171692e-02,-1.762928441166877747e-02,2.639082968235015869e-01,-1.144882515072822571e-01,5.092250183224678040e-02,-3.688374534249305725e-02,4.255639910697937012e-01,2.803365886211395264e-01,-4.568081721663475037e-02,-4.420474767684936523e-01,-8.402918279170989990e-02,-9.857276082038879395e-02,-4.898295998573303223e-01,4.176099300384521484e-01,-1.083511635661125183e-01,8.400689810514450073e-02,2.505110949277877808e-02
-1.049126505851745605e+00,-1.741335093975067139e-01,8.216533660888671875e-01,1.571546890772879124e-03,3.274012124165892601e-03,-9.688757061958312988e-01,2.475211769342422485e-01,-3.029606044292449951e-01,-3.018600866198539734e-02,-4.021990001201629639e-01,4.061005711555480957e-01,-1.210295930504798889e-01,-4.189793020486831665e-02,-1.731624007225036621e-01,-6.179428473114967346e-02,-2.434001769870519638e-03,2.939161062240600586e-01,-1.134132072329521179e-01,5.504669621586799622e-02,-4.083659499883651733e-02,4.260331690311431885e-01,2.821477353572845459e-01,-4.422678053379058838e-02,-4.450074732303619385e-01,-8.430655300617218018e-02,-9.963431209325790405e-02,-4.902006089687347412e-01,4.195169210433959961e-01,-1.105382665991783142e-01,8.567110449075698853e-02,2.420838549733161926e-02
-1.048064112663269043e+00,-1.768640875816345215e-01,8.213405013084411621e-01,3.179155988618731499e-03,3.233403898775577545e-03,-9.705090522766113281e-01,2.410220950841903687e-01,-2.972078025341033936e-01,-2.654985524713993073e-02,-3.839370608329772949e-01,3.956366479396820068e-01,-1.288078129291534424e-01,-4.474317282438278198e-02,-1.998974233865737915e-01,-6.465571373701095581e-02,1.441124267876148224e-02,3.281648755073547363e-01,-1.119164526462554932e-01,5.850685387849807739e-02,-4.311664775013923645e-02,4.261379837989807129e-01,2.845645844936370850e-01,-4.275536537170410156e-02,-4.491593241691589355e-01,-8.510398864746093750e-02,-1.011790335178375244e-01,-4.911621212959289551e-01,4.209407567977905273e-01,-1.128624230623245239e-01,8.701859414577484131e-02,2.288823202252388000e-02
-1.046842455863952637e+00,-1.790920048952102661e-01,8.210442662239074707e-01,4.255346022546291351e-03,1.634499058127403259e-03,-9.719485044479370117e-01,2.351496517658233643e-01,-2.929510772228240967e-01,-2.580414153635501862e-02,-3.629135191440582275e-01,3.852975666522979736e-01,-1.224829703569412231e-01,-5.000916123390197754e-02,-2.246080636978149414e-01,-6.903940439224243164e-02,3.151518106460571289e-02,3.613828420639038086e-01,-1.116689145565032959e-01,6.160679832100868225e-02,-4.474263638257980347e-02,4.261618852615356445e-01,2.870595157146453857e-01,-4.130866006016731262e-02,-4.535677731037139893e-01,-8.605424314737319946e-02,-1.029970049858093262e-01,-4.931671023368835449e-01,4.214169681072235107e-01,-1.139953508973121643e-01,8.745098859071731567e-02,2.073725685477256775e-02
-1.045272827148437500e+00,-1.809370070695877075e-01,8.209835290908813477e-01,4.615385551005601883e-03,-6.756897619197843596e-07,-9.731543660163879395e-01,2.301071584224700928e-01,-2.886000871658325195e-01,-2.488288655877113342e-02,-3.415981531143188477e-01,3.766470253467559814e-01,-1.162546873092651367e-01,-5.352092906832695007e-02,-2.513999938964843750e-01,-7.267069816589355469e-02,4.611687362194061279e-02,3.993538916110992432e-01,-1.059669926762580872e-01,6.255744397640228271e-02,-4.699619486927986145e-02,4.262789487838745117e-01,2.895643115043640137e-01,-4.037332907319068909e-02,-4.573295414447784424e-01,-8.752558380365371704e-02,-1.048247665166854858e-01,-4.961733818054199219e-01,4.209531843662261963e-01,-1.134218946099281311e-01,8.708401024341583252e-02,1.762211509048938751e-02
-1.043492674827575684e+00,-1.828534752130508423e-01,8.212314844131469727e-01,4.767514299601316452e-03,-1.207549008540809155e-03,-9.743785262107849121e-01,2.248605340719223022e-01,-2.847874462604522705e-01,-2.306853234767913818e-02,-3.213374912738800049e-01,3.690920174121856689e-01,-1.099145859479904175e-01,-6.290804594755172729e-02,-2.821113765239715576e-01,-7.491622865200042725e-02,5.641121789813041687e-02,4.431826472282409668e-01,-9.580771625041961670e-02,5.747538805007934570e-02,-4.817129299044609070e-02,4.262309670448303223e-01,2.923222184181213379e-01,-3.967305645346641541e-02,-4.602206349372863770e-01,-8.895487338304519653e-02,-1.067578867077827454e-01,-4.996395111083984375e-01,4.194216728210449219e-01,-1.115668863058090210e-01,8.579137176275253296e-02,1.374474074691534042e-02
-1.041592359542846680e+00,-1.847852170467376709e-01,8.212885260581970215e-01,4.538544453680515289e-03,-2.115518087521195412e-03,-9.755184650421142578e-01,2.198605388402938843e-01,-2.818784415721893311e-01,-2.151709236204624176e-02,-3.033388257026672363e-01,3.644192516803741455e-01,-1.050872057676315308e-01,-7.288488745689392090e-02,-3.135890066623687744e-01,-7.707405090332031250e-02,6.721847504377365112e-02,4.879226982593536377e-01,-7.900331914424896240e-02,6.253114342689514160e-02,-4.990992322564125061e-02,4.258810281753540039e-01,2.952742278575897217e-01,-3.936617076396942139e-02,-4.628404974937438965e-01,-9.068088233470916748e-02,-1.088453903794288635e-01,-5.036002993583679199e-01,4.168997406959533691e-01,-1.084676161408424377e-01,8.356136828660964966e-02,9.077264927327632904e-03
-1.039606213569641113e+00,-1.868763715028762817e-01,8.213968873023986816e-01,4.494005348533391953e-03,-2.252296311780810356e-03,-9.765592217445373535e-01,2.151902019977569580e-01,-2.804399430751800537e-01,-1.964589953422546387e-02,-2.862305343151092529e-01,3.613952696323394775e-01,-1.021951511502265930e-01,-7.835013419389724731e-02,-3.476581871509552002e-01,-7.783937454223632812e-02,7.870519161224365234e-02,5.344209671020507812e-01,-5.477574467658996582e-02,6.885876506567001343e-02,-5.281279608607292175e-02,4.251938462257385254e-01,2.985397577285766602e-01,-3.922369703650474548e-02,-4.650449156761169434e-01,-9.231612831354141235e-02,-1.111338064074516296e-01,-5.073934793472290039e-01,4.136357009410858154e-01,-1.051445826888084412e-01,8.051925897598266602e-02,4.076123237609863281e-03
-1.037697196006774902e+00,-1.892732381820678711e-01,8.217042684555053711e-01,5.377165973186492920e-03,-2.147770021110773087e-03,-9.777047038078308105e-01,2.099047452211380005e-01,-2.789390385150909424e-01,-1.833072118461132050e-02,-2.695985734462738037e-01,3.561770915985107422e-01,-1.002078726887702942e-01,-8.008248358964920044e-02,-3.846949338912963867e-01,-7.785591483116149902e-02,9.347995370626449585e-02,5.801029205322265625e-01,-2.344539202749729156e-02,7.787045836448669434e-02,-5.652614682912826538e-02,4.238096475601196289e-01,3.020691573619842529e-01,-3.906802088022232056e-02,-4.675566256046295166e-01,-9.368444979190826416e-02,-1.138225272297859192e-01,-5.108309984207153320e-01,4.099212288856506348e-01,-1.023299768567085266e-01,7.696656882762908936e-02,-9.597525931894779205e-04
-1.035654425621032715e+00,-1.917027086019515991e-01,8.219131827354431152e-01,6.366825196892023087e-03,-2.277478808537125587e-03,-9.791230559349060059e-01,2.031559497117996216e-01,-2.761931121349334717e-01,-1.755330711603164673e-02,-2.526792287826538086e-01,3.494472205638885498e-01,-9.981043636798858643e-02,-7.702984660863876343e-02,-4.240727722644805908e-01,-7.697124779224395752e-02,1.107022538781166077e-01,6.261072754859924316e-01,1.134256552904844284e-02,9.039302170276641846e-02,-5.886245146393775940e-02,4.217513203620910645e-01,3.056809306144714355e-01,-3.892856836318969727e-02,-4.706458747386932373e-01,-9.480643272399902344e-02,-1.168049871921539307e-01,-5.139386057853698730e-01,4.063230454921722412e-01,-1.004128977656364441e-01,7.355878502130508423e-02,-5.744257010519504547e-03
-1.033830523490905762e+00,-1.941939145326614380e-01,8.221318125724792480e-01,7.777875289320945740e-03,-2.666649874299764633e-03,-9.807929396629333496e-01,1.948785185813903809e-01,-2.721245288848876953e-01,-1.728586852550506592e-02,-2.354540973901748657e-01,3.409705758094787598e-01,-1.001885458827018738e-01,-7.077590376138687134e-02,-4.631006121635437012e-01,-7.536574453115463257e-02,1.302241235971450806e-01,6.664096117019653320e-01,4.692304506897926331e-02,1.148179471492767334e-01,-5.934451520442962646e-02,4.191474318504333496e-01,3.092989623546600342e-01,-3.885147720575332642e-02,-4.743755459785461426e-01,-9.573778510093688965e-02,-1.200932711362838745e-01,-5.168710947036743164e-01,4.030977189540863037e-01,-9.965872764587402344e-02,7.046258449554443359e-02,-1.029826793819665909e-02
-1.032328128814697266e+00,-1.968185007572174072e-01,8.225551247596740723e-01,9.943583980202674866e-03,-3.249995643272995949e-03,-9.826288819313049316e-01,1.852864474058151245e-01,-2.674949765205383301e-01,-1.755790971219539642e-02,-2.172125577926635742e-01,3.300316035747528076e-01,-9.911902248859405518e-02,-6.407196819782257080e-02,-5.015589594841003418e-01,-7.323744148015975952e-02,1.498404443264007568e-01,7.015389800071716309e-01,7.877442985773086548e-02,1.417662948369979858e-01,-5.751872062683105469e-02,4.159520268440246582e-01,3.129678964614868164e-01,-3.880989179015159607e-02,-4.791088998317718506e-01,-9.642374515533447266e-02,-1.233858391642570496e-01,-5.196940898895263672e-01,4.008242785930633545e-01,-1.002239584922790527e-01,6.836499273777008057e-02,-1.461145095527172089e-02
-1.030842900276184082e+00,-1.993504613637924194e-01,8.228824138641357422e-01,1.154414005577564240e-02,-3.741493215784430504e-03,-9.845452308654785156e-01,1.747094839811325073e-01,-2.606075108051300049e-01,-1.695170253515243530e-02,-1.980628967285156250e-01,3.186637163162231445e-01,-9.860478341579437256e-02,-5.732090771198272705e-02,-5.383349061012268066e-01,-6.994108855724334717e-02,1.647627949714660645e-01,7.377895116806030273e-01,1.040808781981468201e-01,1.676731109619140625e-01,-5.310628190636634827e-02,4.124763607978820801e-01,3.167432248592376709e-01,-3.870796412229537964e-02,-4.844512939453125000e-01,-9.685419499874114990e-02,-1.262734532356262207e-01,-5.224946737289428711e-01,3.997956514358520508e-01,-1.018708720803260803e-01,6.768521666526794434e-02,-1.858991384506225586e-02
-1.029626131057739258e+00,-2.017897516489028931e-01,8.231567740440368652e-01,1.280917320400476456e-02,-4.409589339047670364e-03,-9.864110350608825684e-01,1.637367010116577148e-01,-2.553392350673675537e-01,-1.666821539402008057e-02,-1.782954484224319458e-01,3.100989162921905518e-01,-9.883245080709457397e-02,-5.151276290416717529e-02,-5.733894705772399902e-01,-6.737205386161804199e-02,1.758917421102523804e-01,7.729626893997192383e-01,1.222324296832084656e-01,1.901105493307113647e-01,-4.726603627204895020e-02,4.090332090854644775e-01,3.207472264766693115e-01,-3.849571570754051208e-02,-4.899957180023193359e-01,-9.708565473556518555e-02,-1.284188777208328247e-01,-5.254019498825073242e-01,4.000843167304992676e-01,-1.042347848415374756e-01,6.859870254993438721e-02,-2.230580337345600128e-02
-1.028576850891113281e+00,-2.042192369699478149e-01,8.236622214317321777e-01,1.416757609695196152e-02,-4.593044053763151169e-03,-9.881073236465454102e-01,1.530428528785705566e-01,-2.499284446239471436e-01,-1.525418646633625031e-02,-1.583823561668395996e-01,3.017761707305908203e-01,-9.845287352800369263e-02,-4.819216206669807434e-02,-6.065852046012878418e-01,-6.572452187538146973e-02,1.811621934175491333e-01,8.068362474441528320e-01,1.291770637035369873e-01,1.968568414449691772e-01,-4.015455022454261780e-02,4.056288599967956543e-01,3.251310288906097412e-01,-3.794028237462043762e-02,-4.956052899360656738e-01,-9.698099642992019653e-02,-1.296402215957641602e-01,-5.284392833709716797e-01,4.016857743263244629e-01,-1.070672273635864258e-01,7.127098739147186279e-02,-2.576861344277858734e-02
-1.027598381042480469e+00,-2.064460068941116333e-01,8.242611885070800781e-01,1.490399800240993500e-02,-4.524625837802886963e-03,-9.896192550659179688e-01,1.428677141666412354e-01,-2.456116825342178345e-01,-1.327908225357532501e-02,-1.395165920257568359e-01,2.952157258987426758e-01,-9.672687947750091553e-02,-4.629572853446006775e-02,-6.358876824378967285e-01,-6.611482799053192139e-02,1.804212033748626709e-01,8.382390141487121582e-01,1.214631795883178711e-01,1.874709427356719971e-01,-3.260551765561103821e-02,4.023917317390441895e-01,3.298391997814178467e-01,-3.683448955416679382e-02,-5.007813572883605957e-01,-9.639249742031097412e-02,-1.298563182353973389e-01,-5.315321087837219238e-01,4.042369723320007324e-01,-1.099565774202346802e-01,7.530738413333892822e-02,-2.903633937239646912e-02
-1.026823043823242188e+00,-2.085795849561691284e-01,8.247812390327453613e-01,1.536120939999818802e-02,-4.293299280107021332e-03,-9.909251928329467773e-01,1.334646493196487427e-01,-2.400510311126708984e-01,-1.102029439061880112e-02,-1.219047382473945618e-01,2.886499762535095215e-01,-9.640485048294067383e-02,-4.443885385990142822e-02,-6.627512574195861816e-01,-6.942311674356460571e-02,1.733398586511611938e-01,8.694144487380981445e-01,1.061272099614143372e-01,1.737841963768005371e-01,-2.591384015977382660e-02,3.993207514286041260e-01,3.346146047115325928e-01,-3.508144617080688477e-02,-5.051019191741943359e-01,-9.523656219244003296e-02,-1.291607171297073364e-01,-5.346302986145019531e-01,4.073356688022613525e-01,-1.124609038233757019e-01,8.021727949380874634e-02,-3.210429847240447998e-02
-1.026146292686462402e+00,-2.105022072792053223e-01,8.253994584083557129e-01,1.577034033834934235e-02,-3.709947690367698669e-03,-9.919963479042053223e-01,1.252231448888778687e-01,-2.337393015623092651e-01,-8.337993174791336060e-03,-1.062071844935417175e-01,2.808046042919158936e-01,-9.574739634990692139e-02,-4.271476343274116516e-02,-6.874983906745910645e-01,-7.492419332265853882e-02,1.618706881999969482e-01,8.992308378219604492e-01,8.808179944753646851e-02,1.543859094381332397e-01,-2.064837515354156494e-02,3.962741494178771973e-01,3.393245637416839600e-01,-3.256866335868835449e-02,-5.085855722427368164e-01,-9.332386404275894165e-02,-1.278776079416275024e-01,-5.376459956169128418e-01,4.104279577732086182e-01,-1.145385876297950745e-01,8.526134490966796875e-02,-3.501336649060249329e-02
-1.025522947311401367e+00,-2.122546583414077759e-01,8.260638117790222168e-01,1.638650707900524139e-02,-2.716309390962123871e-03,-9.928528666496276855e-01,1.181830614805221558e-01,-2.287132740020751953e-01,-5.218970123678445816e-03,-9.206652641296386719e-02,2.734513282775878906e-01,-9.465940296649932861e-02,-4.114852100610733032e-02,-7.100717425346374512e-01,-8.228036016225814819e-02,1.467075347900390625e-01,9.274620413780212402e-01,6.935774534940719604e-02,1.339866816997528076e-01,-1.672357320785522461e-02,3.931429088115692139e-01,3.439215421676635742e-01,-2.940933965146541595e-02,-5.114177465438842773e-01,-9.070780873298645020e-02,-1.263119727373123169e-01,-5.405289530754089355e-01,4.129087924957275391e-01,-1.159800812602043152e-01,8.967746049165725708e-02,-3.793535381555557251e-02
-1.025040149688720703e+00,-2.139055430889129639e-01,8.266974687576293945e-01,1.648317277431488037e-02,-1.981004374101758003e-03,-9.935638308525085449e-01,1.120505407452583313e-01,-2.245074808597564697e-01,-2.860360313206911087e-03,-7.926338165998458862e-02,2.673327624797821045e-01,-9.289798140525817871e-02,-3.940080478787422180e-02,-7.295746207237243652e-01,-9.217887371778488159e-02,1.297764182090759277e-01,9.552874565124511719e-01,5.083730071783065796e-02,1.100997775793075562e-01,-1.381862442940473557e-02,3.900610208511352539e-01,3.484183549880981445e-01,-2.589950151741504669e-02,-5.135718584060668945e-01,-8.768028765916824341e-02,-1.246041804552078247e-01,-5.431691408157348633e-01,4.143309593200683594e-01,-1.164335459470748901e-01,9.283108264207839966e-02,-4.090172424912452698e-02
-1.024592280387878418e+00,-2.154325991868972778e-01,8.273515701293945312e-01,1.699043996632099152e-02,-1.066359109245240688e-03,-9.941270947456359863e-01,1.068714484572410583e-01,-2.203141748905181885e-01,-4.184310964774340391e-04,-6.763043254613876343e-02,2.607346773147583008e-01,-9.156407415866851807e-02,-3.736632689833641052e-02,-7.477492690086364746e-01,-1.034014895558357239e-01,1.113751083612442017e-01,9.820735454559326172e-01,3.454060852527618408e-02,8.849291503429412842e-02,-1.224791910499334335e-02,3.868343234062194824e-01,3.526718020439147949e-01,-2.223354950547218323e-02,-5.155835747718811035e-01,-8.426380157470703125e-02,-1.230607330799102783e-01,-5.455674529075622559e-01,4.144169092178344727e-01,-1.159945726394653320e-01,9.435029327869415283e-02,-4.386973753571510315e-02
-1.024137020111083984e+00,-2.167908698320388794e-01,8.278984427452087402e-01,1.736485213041305542e-02,-2.233797713415697217e-04,-9.945936799049377441e-01,1.023806855082511902e-01,-2.167735248804092407e-01,1.757131074555218220e-03,-5.705544725060462952e-02,2.549893856048583984e-01,-9.011672437191009521e-02,-3.493395820260047913e-02,-7.639651894569396973e-01,-1.155133619904518127e-01,9.320934861898422241e-02,1.007951617240905762e+00,1.972639560699462891e-02,6.690923869609832764e-02,-1.191659551113843918e-02,3.836940824985504150e-01,3.567487001419067383e-01,-1.873815059661865234e-02,-5.173652172088623047e-01,-8.077191561460494995e-02,-1.217451244592666626e-01,-5.476945638656616211e-01,4.131101071834564209e-01,-1.146270260214805603e-01,9.410496056079864502e-02,-4.679914563894271851e-02
-1.023744463920593262e+00,-2.182027101516723633e-01,8.283511400222778320e-01,1.736086048185825348e-02,3.736177750397473574e-04,-9.950168728828430176e-01,9.818287938833236694e-02,-2.124910056591033936e-01,3.183011431246995926e-03,-4.753633961081504822e-02,2.495553046464920044e-01,-8.860076963901519775e-02,-3.282497078180313110e-02,-7.775859832763671875e-01,-1.281123906373977661e-01,7.663354277610778809e-02,1.032910346984863281e+00,7.263841573148965836e-03,4.559952765703201294e-02,-1.238066516816616058e-02,3.808385431766510010e-01,3.606834113597869873e-01,-1.569215208292007446e-02,-5.188744664192199707e-01,-7.752724736928939819e-02,-1.206775978207588196e-01,-5.495076775550842285e-01,4.105652868747711182e-01,-1.124647408723831177e-01,9.220844507217407227e-02,-4.961533844470977783e-02
-1.023455858230590820e+00,-2.196034491062164307e-01,8.288521766662597656e-01,1.765812933444976807e-02,1.111756544560194016e-03,-9.953565597534179688e-01,9.461630135774612427e-02,-2.089430540800094604e-01,4.564936272799968719e-03,-3.891637921333312988e-02,2.439557313919067383e-01,-8.706523478031158447e-02,-3.064697980880737305e-02,-7.891792654991149902e-01,-1.405376344919204712e-01,6.075282022356987000e-02,1.055801868438720703e+00,-2.056220779195427895e-03,2.731704525649547577e-02,-1.344181969761848450e-02,3.782140314579010010e-01,3.645409047603607178e-01,-1.342593599110841751e-02,-5.204845070838928223e-01,-7.495567947626113892e-02,-1.198240295052528381e-01,-5.511403083801269531e-01,4.069006443023681641e-01,-1.094369739294052124e-01,8.882193267345428467e-02,-5.230949446558952332e-02
-1.023084878921508789e+00,-2.207947671413421631e-01,8.293526768684387207e-01,1.777168177068233490e-02,1.794993644580245018e-03,-9.956675767898559570e-01,9.125270694494247437e-02,-2.053238153457641602e-01,5.939974449574947357e-03,-3.079415857791900635e-02,2.385826855897903442e-01,-8.550349622964859009e-02,-2.800083346664905548e-02,-7.985005974769592285e-01,-1.532086431980133057e-01,4.475469887256622314e-02,1.076559185981750488e+00,-9.315613657236099243e-03,1.620874740183353424e-02,-1.434606220573186874e-02,3.759986460208892822e-01,3.684116303920745850e-01,-1.218276191502809525e-02,-5.220990180969238281e-01,-7.342609763145446777e-02,-1.192170009016990662e-01,-5.525397062301635742e-01,4.022563397884368896e-01,-1.057163253426551819e-01,8.409684151411056519e-02,-5.489742383360862732e-02
-1.022806048393249512e+00,-2.218801379203796387e-01,8.296495676040649414e-01,1.799880154430866241e-02,2.225228352472186089e-03,-9.959353208541870117e-01,8.822681754827499390e-02,-2.023709565401077271e-01,6.717985495924949646e-03,-2.338079921901226044e-02,2.340415716171264648e-01,-8.403310924768447876e-02,-2.568182162940502167e-02,-8.062767386436462402e-01,-1.655212491750717163e-01,3.055844642221927643e-02,1.096021056175231934e+00,-1.457351353019475937e-02,3.721168264746665955e-03,-1.625319011509418488e-02,3.741247653961181641e-01,3.722960948944091797e-01,-1.186942774802446365e-02,-5.238236188888549805e-01,-7.282961159944534302e-02,-1.186280548572540283e-01,-5.537375211715698242e-01,3.970526754856109619e-01,-1.013485044240951538e-01,7.854447513818740845e-02,-5.741854012012481689e-02
-1.022573471069335938e+00,-2.228794991970062256e-01,8.299286961555480957e-01,1.841657608747482300e-02,2.529067452996969223e-03,-9.961878657341003418e-01,8.523033559322357178e-02,-1.997787803411483765e-01,7.274213712662458420e-03,-1.600247621536254883e-02,2.294775694608688354e-01,-8.281125128269195557e-02,-2.425892837345600128e-02,-8.127373456954956055e-01,-1.778588742017745972e-01,1.663504540920257568e-02,1.113411426544189453e+00,-1.907110959291458130e-02,-6.794433575123548508e-03,-1.815499179065227509e-02,3.726414442062377930e-01,3.761104643344879150e-01,-1.240234542638063431e-02,-5.254671573638916016e-01,-7.313126325607299805e-02,-1.180454194545745850e-01,-5.547943711280822754e-01,3.916932642459869385e-01,-9.671169519424438477e-02,7.280689477920532227e-02,-5.984191969037055969e-02
-1.022432327270507812e+00,-2.238659709692001343e-01,8.301186561584472656e-01,1.900717616081237793e-02,2.573445904999971390e-03,-9.964307546615600586e-01,8.220641314983367920e-02,-1.973575800657272339e-01,7.179383654147386551e-03,-9.000209160149097443e-03,2.248823046684265137e-01,-8.136498928070068359e-02,-2.202915772795677185e-02,-8.175821900367736816e-01,-1.902833580970764160e-01,3.145189490169286728e-03,1.128350734710693359e+00,-2.272737212479114532e-02,-1.640739291906356812e-02,-2.007308416068553925e-02,3.714473545551300049e-01,3.796540498733520508e-01,-1.361235138028860092e-02,-5.270263552665710449e-01,-7.403190433979034424e-02,-1.175117120146751404e-01,-5.557869672775268555e-01,3.862971663475036621e-01,-9.201990813016891479e-02,6.712361425161361694e-02,-6.214995309710502625e-02
-1.022299170494079590e+00,-2.247716486454010010e-01,8.303784132003784180e-01,1.945367082953453064e-02,2.749233040958642960e-03,-9.966492652893066406e-01,7.939906418323516846e-02,-1.950765252113342285e-01,7.344362325966358185e-03,-2.510563470423221588e-03,2.208252996206283569e-01,-8.017303049564361572e-02,-2.032692544162273407e-02,-8.197758793830871582e-01,-2.017637044191360474e-01,-9.888054803013801575e-03,1.140277624130249023e+00,-2.623667381703853607e-02,-2.424400299787521362e-02,-2.224072813987731934e-02,3.704433143138885498e-01,3.828906416893005371e-01,-1.523919217288494110e-02,-5.283991694450378418e-01,-7.526333630084991455e-02,-1.168604791164398193e-01,-5.567235350608825684e-01,3.811790943145751953e-01,-8.738715946674346924e-02,6.200233101844787598e-02,-6.430146843194961548e-02
-1.022204756736755371e+00,-2.255184352397918701e-01,8.305682539939880371e-01,1.979766041040420532e-02,2.792226150631904602e-03,-9.968703985214233398e-01,7.648277282714843750e-02,-1.928707063198089600e-01,7.500619161874055862e-03,4.070658236742019653e-03,2.174387872219085693e-01,-7.918328791856765747e-02,-1.841042190790176392e-02,-8.194894790649414062e-01,-2.128961533308029175e-01,-2.354061231017112732e-02,1.149449110031127930e+00,-3.103191591799259186e-02,-3.082896210253238678e-02,-2.416865900158882141e-02,3.696268498897552490e-01,3.857451975345611572e-01,-1.714530028402805328e-02,-5.294693708419799805e-01,-7.662910968065261841e-02,-1.159781888127326965e-01,-5.574815869331359863e-01,3.765007853507995605e-01,-8.295609802007675171e-02,5.763275176286697388e-02,-6.630571931600570679e-02
-1.022094964981079102e+00,-2.261722534894943237e-01,8.307211995124816895e-01,1.996635273098945618e-02,2.673516748473048210e-03,-9.970947504043579102e-01,7.345931231975555420e-02,-1.905095875263214111e-01,7.434358354657888412e-03,1.075353007763624191e-02,2.145083248615264893e-01,-7.852940261363983154e-02,-1.698622852563858032e-02,-8.166019320487976074e-01,-2.241342663764953613e-01,-3.802511096000671387e-02,1.155550003051757812e+00,-3.655537962913513184e-02,-3.690565750002861023e-02,-2.560062520205974579e-02,3.689191043376922607e-01,3.881881237030029297e-01,-1.914659887552261353e-02,-5.301930308341979980e-01,-7.793332636356353760e-02,-1.148619204759597778e-01,-5.581284761428833008e-01,3.723008632659912109e-01,-7.874114811420440674e-02,5.415343493223190308e-02,-6.816291809082031250e-02
-1.022115826606750488e+00,-2.267815917730331421e-01,8.308552503585815430e-01,1.993133127689361572e-02,2.562572481110692024e-03,-9.973315596580505371e-01,7.018513232469558716e-02,-1.877536028623580933e-01,7.545004598796367645e-03,1.747909002006053925e-02,2.121714502573013306e-01,-7.804026454687118530e-02,-1.536375377327203751e-02,-8.108611106872558594e-01,-2.351219505071640015e-01,-5.364705249667167664e-02,1.158262252807617188e+00,-4.210764169692993164e-02,-4.239296913146972656e-02,-2.723317034542560577e-02,3.683057427406311035e-01,3.901079595088958740e-01,-2.099810726940631866e-02,-5.303854942321777344e-01,-7.882902026176452637e-02,-1.135591343045234680e-01,-5.586938261985778809e-01,3.685568273067474365e-01,-7.485854625701904297e-02,5.152993276715278625e-02,-6.991463154554367065e-02
-1.022189974784851074e+00,-2.272424399852752686e-01,8.309324979782104492e-01,1.984174363315105438e-02,2.296255202963948250e-03,-9.975701570510864258e-01,6.674426794052124023e-02,-1.849229782819747925e-01,7.621146738529205322e-03,2.457631006836891174e-02,2.101179063320159912e-01,-7.775603234767913818e-02,-1.393462810665369034e-02,-8.024163842201232910e-01,-2.458453774452209473e-01,-7.033081352710723877e-02,1.158205866813659668e+00,-4.973158612847328186e-02,-4.733528569340705872e-02,-2.889472432434558868e-02,3.675744235515594482e-01,3.917592465877532959e-01,-2.324688807129859924e-02,-5.295140147209167480e-01,-7.910353690385818481e-02,-1.119579151272773743e-01,-5.590010285377502441e-01,3.645820915699005127e-01,-7.034812122583389282e-02,4.914946854114532471e-02,-7.211931794881820679e-02
-1.022226691246032715e+00,-2.277001440525054932e-01,8.310070633888244629e-01,1.961168460547924042e-02,2.072100993245840073e-03,-9.978070855140686035e-01,6.318291276693344116e-02,-1.816934049129486084e-01,7.717815227806568146e-03,3.115373849868774414e-02,2.078057229518890381e-01,-7.704041153192520142e-02,-1.201094966381788254e-02,-7.905195951461791992e-01,-2.566768229007720947e-01,-8.947939425706863403e-02,1.153389573097229004e+00,-5.495931580662727356e-02,-5.043715983629226685e-02,-3.050969727337360382e-02,3.670496046543121338e-01,3.927815258502960205e-01,-2.535675279796123505e-02,-5.273391604423522949e-01,-7.882568240165710449e-02,-1.099548265337944031e-01,-5.592727661132812500e-01,3.609498739242553711e-01,-6.509304046630859375e-02,4.814992845058441162e-02,-7.451455295085906982e-02
-1.022461652755737305e+00,-2.281579673290252686e-01,8.310721516609191895e-01,1.974285766482353210e-02,1.864854828454554081e-03,-9.980286955833435059e-01,5.954399332404136658e-02,-1.773260235786437988e-01,7.914667949080467224e-03,3.838762640953063965e-02,2.045398056507110596e-01,-7.720413058996200562e-02,-1.072598062455654144e-02,-7.772735953330993652e-01,-2.663927972316741943e-01,-1.085698530077934265e-01,1.145632982254028320e+00,-6.147172674536705017e-02,-5.438875034451484680e-02,-3.249362483620643616e-02,3.661178946495056152e-01,3.932388722896575928e-01,-2.720175683498382568e-02,-5.239867568016052246e-01,-7.642953097820281982e-02,-1.082449108362197876e-01,-5.591450929641723633e-01,3.573917448520660400e-01,-6.214933097362518311e-02,4.821091145277023315e-02,-7.670176029205322266e-02
-1.022571325302124023e+00,-2.284263223409652710e-01,8.310806751251220703e-01,1.929437741637229919e-02,1.343504176475107670e-03,-9.982630014419555664e-01,5.565014854073524475e-02,-1.753031164407730103e-01,8.041528053581714630e-03,4.686639457941055298e-02,2.038093209266662598e-01,-7.680885493755340576e-02,-1.115566957741975784e-02,-7.611583471298217773e-01,-2.762636244297027588e-01,-1.292643100023269653e-01,1.135322332382202148e+00,-6.685930490493774414e-02,-5.723853781819343567e-02,-3.336546570062637329e-02,3.653696477413177490e-01,3.932176232337951660e-01,-2.897974289953708649e-02,-5.207678675651550293e-01,-7.452599704265594482e-02,-1.063454523682594299e-01,-5.588275194168090820e-01,3.541720807552337646e-01,-6.004055961966514587e-02,4.904401302337646484e-02,-7.833473384380340576e-02
-1.022802591323852539e+00,-2.286573946475982666e-01,8.310149908065795898e-01,1.914122886955738068e-02,1.048746751621365547e-03,-9.984951615333557129e-01,5.138024315237998962e-02,-1.737142950296401978e-01,8.489375002682209015e-03,5.317613855004310608e-02,2.049836814403533936e-01,-7.846064865589141846e-02,-1.160209905356168747e-02,-7.430163621902465820e-01,-2.846789062023162842e-01,-1.512171328067779541e-01,1.121831059455871582e+00,-7.391642034053802490e-02,-6.157412752509117126e-02,-3.315430507063865662e-02,3.646728694438934326e-01,3.928509652614593506e-01,-3.068958781659603119e-02,-5.183842182159423828e-01,-7.291466742753982544e-02,-1.044029816985130310e-01,-5.582608580589294434e-01,3.511873185634613037e-01,-5.908796563744544983e-02,5.046008154749870300e-02,-7.963693886995315552e-02
-1.023023486137390137e+00,-2.288197726011276245e-01,8.309773206710815430e-01,1.896324008703231812e-02,6.471981178037822247e-04,-9.987056255340576172e-01,4.719223827123641968e-02,-1.723313182592391968e-01,8.957777172327041626e-03,6.041125953197479248e-02,2.064612954854965210e-01,-7.983906567096710205e-02,-1.192804239690303802e-02,-7.228410243988037109e-01,-2.930213510990142822e-01,-1.750616431236267090e-01,1.105343580245971680e+00,-7.976721227169036865e-02,-6.536868959665298462e-02,-3.336061164736747742e-02,3.641745448112487793e-01,3.921266198158264160e-01,-3.248332068324089050e-02,-5.160214304924011230e-01,-7.193793356418609619e-02,-1.024570390582084656e-01,-5.575880408287048340e-01,3.483346402645111084e-01,-5.857235565781593323e-02,5.202537029981613159e-02,-8.064364641904830933e-02
-1.023199439048767090e+00,-2.289087027311325073e-01,8.309287428855895996e-01,1.835182681679725647e-02,4.362306499388068914e-04,-9.989162683486938477e-01,4.277000576257705688e-02,-1.685815900564193726e-01,9.900229983031749725e-03,6.759497523307800293e-02,2.069631665945053101e-01,-8.218646049499511719e-02,-1.260866504162549973e-02,-6.996530294418334961e-01,-2.995972931385040283e-01,-1.997850686311721802e-01,1.085749030113220215e+00,-8.497712761163711548e-02,-7.101437449455261230e-02,-3.325384110212326050e-02,3.638010323047637939e-01,3.910883069038391113e-01,-3.416498005390167236e-02,-5.139116644859313965e-01,-7.061891257762908936e-02,-1.007219627499580383e-01,-5.566279292106628418e-01,3.453243970870971680e-01,-5.839659273624420166e-02,5.269636958837509155e-02,-8.142398297786712646e-02
-1.023465633392333984e+00,-2.289269268512725830e-01,8.308448195457458496e-01,1.796300336718559265e-02,2.071152994176372886e-04,-9.991048574447631836e-01,3.829833865165710449e-02,-1.671795397996902466e-01,1.100260857492685318e-02,7.517323642969131470e-02,2.089473754167556763e-01,-8.409453928470611572e-02,-1.309299096465110779e-02,-6.745724081993103027e-01,-3.049850463867187500e-01,-2.255380302667617798e-01,1.062679767608642578e+00,-8.798614889383316040e-02,-7.569027692079544067e-02,-3.278517723083496094e-02,3.636500239372253418e-01,3.898305594921112061e-01,-3.582962974905967712e-02,-5.114904642105102539e-01,-6.973977386951446533e-02,-9.879796206951141357e-02,-5.555175542831420898e-01,3.426541686058044434e-01,-5.889778211712837219e-02,5.399553477764129639e-02,-8.197341114282608032e-02
-1.023880481719970703e+00,-2.288472205400466919e-01,8.307595849037170410e-01,1.787148602306842804e-02,-1.460726798541145399e-05,-9.992786645889282227e-01,3.350719809532165527e-02,-1.654792428016662598e-01,1.236147619783878326e-02,8.346825093030929565e-02,2.106940895318984985e-01,-8.649552613496780396e-02,-1.375080738216638565e-02,-6.480005979537963867e-01,-3.082030713558197021e-01,-2.517867684364318848e-01,1.036230206489562988e+00,-8.863316476345062256e-02,-7.701504230499267578e-02,-3.274153545498847961e-02,3.635246753692626953e-01,3.881953656673431396e-01,-3.720505163073539734e-02,-5.091012120246887207e-01,-6.817271560430526733e-02,-9.710221737623214722e-02,-5.543206334114074707e-01,3.399018645286560059e-01,-5.959465727210044861e-02,5.444293841719627380e-02,-8.227919787168502808e-02
-1.024216532707214355e+00,-2.286954671144485474e-01,8.306379318237304688e-01,1.735018566250801086e-02,-2.880906977225095034e-04,-9.994444847106933594e-01,2.845282666385173798e-02,-1.639371961355209351e-01,1.377104315906763077e-02,9.176448732614517212e-02,2.132712155580520630e-01,-8.883010596036911011e-02,-1.410850137472152710e-02,-6.195312142372131348e-01,-3.094451725482940674e-01,-2.774831056594848633e-01,1.006729245185852051e+00,-8.632060885429382324e-02,-7.779508829116821289e-02,-3.223355486989021301e-02,3.635333180427551270e-01,3.863313198089599609e-01,-3.835434094071388245e-02,-5.063322782516479492e-01,-6.657580286264419556e-02,-9.534997493028640747e-02,-5.530863404273986816e-01,3.374896049499511719e-01,-6.051826104521751404e-02,5.548517778515815735e-02,-8.234150707721710205e-02
-1.024479031562805176e+00,-2.283107042312622070e-01,8.304909467697143555e-01,1.693849638104438782e-02,-5.839432706125080585e-04,-9.995771050453186035e-01,2.362923324108123779e-02,-1.613150238990783691e-01,1.548432093113660812e-02,1.008053198456764221e-01,2.152179181575775146e-01,-9.153732657432556152e-02,-1.492896769195795059e-02,-5.897159576416015625e-01,-3.083896636962890625e-01,-3.027394115924835205e-01,9.732249379158020020e-01,-8.025025576353073120e-02,-7.833749800920486450e-02,-3.258021548390388489e-02,3.636103570461273193e-01,3.841901719570159912e-01,-3.915056213736534119e-02,-5.030759572982788086e-01,-6.463644653558731079e-02,-9.361584484577178955e-02,-5.517968535423278809e-01,3.353739380836486816e-01,-6.185204163193702698e-02,5.696664378046989441e-02,-8.213904500007629395e-02
-1.024778842926025391e+00,-2.277975976467132568e-01,8.302826285362243652e-01,1.541403308510780334e-02,-1.031930092722177505e-03,-9.997113347053527832e-01,1.840052381157875061e-02,-1.572718620300292969e-01,1.738232374191284180e-02,1.107608154416084290e-01,2.182285636663436890e-01,-9.464246034622192383e-02,-1.588702201843261719e-02,-5.558046698570251465e-01,-3.055694103240966797e-01,-3.282019197940826416e-01,9.363066554069519043e-01,-7.095511257648468018e-02,-7.674183696508407593e-02,-3.215549141168594360e-02,3.639864027500152588e-01,3.816428184509277344e-01,-3.983382135629653931e-02,-4.993533790111541748e-01,-6.224008277058601379e-02,-9.169427305459976196e-02,-5.504553914070129395e-01,3.336805403232574463e-01,-6.241223216056823730e-02,5.913505703210830688e-02,-8.158307522535324097e-02
-1.025224566459655762e+00,-2.273256480693817139e-01,8.300436735153198242e-01,1.410157419741153717e-02,-1.327168312855064869e-03,-9.998047351837158203e-01,1.377771608531475067e-02,-1.529947072267532349e-01,1.915147714316844940e-02,1.192420050501823425e-01,2.205662727355957031e-01,-9.808339178562164307e-02,-1.706760562956333160e-02,-5.204871296882629395e-01,-3.003408014774322510e-01,-3.527121543884277344e-01,8.950375914573669434e-01,-5.736308544874191284e-02,-7.434409111738204956e-02,-3.163269162178039551e-02,3.646898567676544189e-01,3.790628612041473389e-01,-4.049747809767723083e-02,-4.947836995124816895e-01,-6.063164770603179932e-02,-8.970610052347183228e-02,-5.489645600318908691e-01,3.321805298328399658e-01,-6.269644200801849365e-02,6.085161864757537842e-02,-8.085355162620544434e-02
-1.025796175003051758e+00,-2.265446335077285767e-01,8.297485113143920898e-01,1.355501543730497360e-02,-1.640393049456179142e-03,-9.998651146888732910e-01,9.127334691584110260e-03,-1.517111063003540039e-01,2.159613557159900665e-02,1.281155496835708618e-01,2.251382917165756226e-01,-1.021984294056892395e-01,-1.861726678907871246e-02,-4.850905835628509521e-01,-2.925324141979217529e-01,-3.775281310081481934e-01,8.487668037414550781e-01,-3.684961050748825073e-02,-6.822822988033294678e-02,-3.234919160604476929e-02,3.653305470943450928e-01,3.761950433254241943e-01,-4.101288691163063049e-02,-4.914693832397460938e-01,-5.860059708356857300e-02,-8.787123113870620728e-02,-5.474851131439208984e-01,3.309504985809326172e-01,-6.388974934816360474e-02,6.276659667491912842e-02,-7.989130169153213501e-02
-1.026455163955688477e+00,-2.256786525249481201e-01,8.294340968132019043e-01,1.286511123180389404e-02,-1.896349829621613026e-03,-9.999043941497802734e-01,4.699868150055408478e-03,-1.499640941619873047e-01,2.400653995573520660e-02,1.355425417423248291e-01,2.296288162469863892e-01,-1.065824255347251892e-01,-2.043598331511020660e-02,-4.471490383148193359e-01,-2.821367979049682617e-01,-4.020614326000213623e-01,7.965707182884216309e-01,-9.281079284846782684e-03,-5.919142812490463257e-02,-3.294228017330169678e-02,3.660407960414886475e-01,3.732525408267974854e-01,-4.152217134833335876e-02,-4.878215789794921875e-01,-5.684415996074676514e-02,-8.611582964658737183e-02,-5.459288954734802246e-01,3.299775719642639160e-01,-6.566515564918518066e-02,6.496235728263854980e-02,-7.869987189769744873e-02
-1.027423620223999023e+00,-2.243780493736267090e-01,8.290768861770629883e-01,1.268376968801021576e-02,-2.305472735315561295e-03,-9.999164342880249023e-01,9.374518995173275471e-04,-1.490048468112945557e-01,2.651513181626796722e-02,1.418121457099914551e-01,2.340806871652603149e-01,-1.109398677945137024e-01,-2.270707488059997559e-02,-4.080640375614166260e-01,-2.697177827358245850e-01,-4.271007180213928223e-01,7.390700578689575195e-01,2.737377025187015533e-02,-4.316673055291175842e-02,-3.394450619816780090e-02,3.666611909866333008e-01,3.702830076217651367e-01,-4.221751168370246887e-02,-4.855351448059082031e-01,-5.590464547276496887e-02,-8.460455387830734253e-02,-5.444427728652954102e-01,3.290136456489562988e-01,-6.784190982580184937e-02,6.638985872268676758e-02,-7.764942198991775513e-02
-1.028219103813171387e+00,-2.229940891265869141e-01,8.286857008934020996e-01,1.263050176203250885e-02,-2.808467485010623932e-03,-9.999089837074279785e-01,-3.828988410532474518e-03,-1.479993909597396851e-01,2.905087359249591827e-02,1.493173837661743164e-01,2.381752580404281616e-01,-1.151208057999610901e-01,-2.504862099885940552e-02,-3.676527440547943115e-01,-2.558802366256713867e-01,-4.543218910694122314e-01,6.803002357482910156e-01,4.241510108113288879e-02,-3.484589979052543640e-03,-3.320734202861785889e-02,3.671683967113494873e-01,3.671258389949798584e-01,-4.308754578232765198e-02,-4.840267598628997803e-01,-5.577239021658897400e-02,-8.338856697082519531e-02,-5.433310270309448242e-01,3.280677795410156250e-01,-6.974295526742935181e-02,6.720430403947830200e-02,-7.676799595355987549e-02
-1.028750658035278320e+00,-2.211652249097824097e-01,8.281053900718688965e-01,1.194077450782060623e-02,-3.361862851306796074e-03,-9.998835325241088867e-01,-8.888064883649349213e-03,-1.473506540060043335e-01,3.243979811668395996e-02,1.568871289491653442e-01,2.450828403234481812e-01,-1.201300472021102905e-01,-2.757841721177101135e-02,-3.251245319843292236e-01,-2.387982159852981567e-01,-4.827893078327178955e-01,6.193556189537048340e-01,2.205497026443481445e-02,2.944841980934143066e-02,-3.086951188743114471e-02,3.676763176918029785e-01,3.638127446174621582e-01,-4.416022449731826782e-02,-4.828904271125793457e-01,-5.614209920167922974e-02,-8.213289082050323486e-02,-5.424361228942871094e-01,3.273531794548034668e-01,-7.115016877651214600e-02,6.847366690635681152e-02,-7.605352252721786499e-02
-1.029313445091247559e+00,-2.194337993860244751e-01,8.273952007293701172e-01,1.080141216516494751e-02,-3.345880657434463501e-03,-9.998478293418884277e-01,-1.328357402235269547e-02,-1.474736034870147705e-01,3.694276511669158936e-02,1.625481843948364258e-01,2.548640966415405273e-01,-1.263215094804763794e-01,-3.047920577228069305e-02,-2.851729393005371094e-01,-2.198783755302429199e-01,-5.060176849365234375e-01,5.647861957550048828e-01,-2.239715494215488434e-02,3.874584659934043884e-02,-3.015426546335220337e-02,3.684646189212799072e-01,3.609556257724761963e-01,-4.558701813220977783e-02,-4.814922213554382324e-01,-5.768717080354690552e-02,-8.071085810661315918e-02,-5.411744117736816406e-01,3.267914354801177979e-01,-7.226493954658508301e-02,6.974825263023376465e-02,-7.551683485507965088e-02
-1.029896855354309082e+00,-2.176173031330108643e-01,8.266533613204956055e-01,9.337758645415306091e-03,-2.874540165066719055e-03,-9.998188018798828125e-01,-1.633847318589687347e-02,-1.486085802316665649e-01,4.200548678636550903e-02,1.639069616794586182e-01,2.666313946247100830e-01,-1.329039782285690308e-01,-3.268620371818542480e-02,-2.500726282596588135e-01,-2.007249593734741211e-01,-5.183330178260803223e-01,5.168294310569763184e-01,-5.648113414645195007e-02,3.237838298082351685e-02,-3.210611641407012939e-02,3.695212304592132568e-01,3.586583733558654785e-01,-4.717911779880523682e-02,-4.799510538578033447e-01,-5.955688282847404480e-02,-7.905528694391250610e-02,-5.394029617309570312e-01,3.263581693172454834e-01,-7.309870421886444092e-02,7.100655138492584229e-02,-7.499686628580093384e-02
-1.030284047126770020e+00,-2.158128768205642700e-01,8.258016109466552734e-01,7.902584038674831390e-03,-2.622095867991447449e-03,-9.997560977935791016e-01,-2.045400813221931458e-02,-1.506853848695755005e-01,4.650196060538291931e-02,1.645322889089584351e-01,2.801060676574707031e-01,-1.399179100990295410e-01,-3.413036093115806580e-02,-2.180417776107788086e-01,-1.820177882909774780e-01,-5.267623066902160645e-01,4.699641466140747070e-01,-8.641726523637771606e-02,2.896495722234249115e-02,-3.191633895039558411e-02,3.707948923110961914e-01,3.568655252456665039e-01,-4.897264018654823303e-02,-4.781239330768585205e-01,-6.229628995060920715e-02,-7.728906720876693726e-02,-5.373985767364501953e-01,3.261310458183288574e-01,-7.437136024236679077e-02,7.250232249498367310e-02,-7.445856183767318726e-02
-1.030758142471313477e+00,-2.139705121517181396e-01,8.248922824859619141e-01,6.640144623816013336e-03,-2.758794464170932770e-03,-9.996346235275268555e-01,-2.605673484504222870e-02,-1.534576714038848877e-01,5.013459920883178711e-02,1.651582866907119751e-01,2.951120734214782715e-01,-1.462555676698684692e-01,-3.361231833696365356e-02,-1.869198381900787354e-01,-1.643071472644805908e-01,-5.368988513946533203e-01,4.219218492507934570e-01,-1.135248541831970215e-01,3.758961334824562073e-02,-2.888933941721916199e-02,3.719624280929565430e-01,3.551696538925170898e-01,-5.096094682812690735e-02,-4.777499735355377197e-01,-6.454363465309143066e-02,-7.589302957057952881e-02,-5.356166958808898926e-01,3.259987533092498779e-01,-7.565106451511383057e-02,7.343243062496185303e-02,-7.384935766458511353e-02
-1.031073451042175293e+00,-2.118747234344482422e-01,8.240959644317626953e-01,4.957879893481731415e-03,-3.000425174832344055e-03,-9.995257854461669922e-01,-3.024211712181568146e-02,-1.582229584455490112e-01,5.457492917776107788e-02,1.651214063167572021e-01,3.141312599182128906e-01,-1.507983207702636719e-01,-3.629890084266662598e-02,-1.576843559741973877e-01,-1.480944156646728516e-01,-5.428174734115600586e-01,3.764676153659820557e-01,-1.343877464532852173e-01,4.395005479454994202e-02,-2.866026572883129120e-02,3.733643293380737305e-01,3.539232015609741211e-01,-5.320244282484054565e-02,-4.770858883857727051e-01,-6.780328601598739624e-02,-7.430497556924819946e-02,-5.337942838668823242e-01,3.257519304752349854e-01,-7.602193951606750488e-02,7.411838322877883911e-02,-7.330580055713653564e-02
-1.031351447105407715e+00,-2.098675072193145752e-01,8.233655095100402832e-01,3.485391149297356606e-03,-2.745650243014097214e-03,-9.994084835052490234e-01,-3.410334512591362000e-02,-1.633504629135131836e-01,5.972404032945632935e-02,1.642205864191055298e-01,3.325082659721374512e-01,-1.556371450424194336e-01,-3.910869732499122620e-02,-1.328676342964172363e-01,-1.318081021308898926e-01,-5.435425043106079102e-01,3.349908590316772461e-01,-1.475775092840194702e-01,4.178456217050552368e-02,-3.001563064754009247e-02,3.748728632926940918e-01,3.531335294246673584e-01,-5.513957142829895020e-02,-4.758021533489227295e-01,-7.092753052711486816e-02,-7.269641011953353882e-02,-5.315958857536315918e-01,3.256645500659942627e-01,-7.707460224628448486e-02,7.493834197521209717e-02,-7.286342978477478027e-02
-1.031461358070373535e+00,-2.078358680009841919e-01,8.231270313262939453e-01,2.021757420152425766e-03,-2.292400924488902092e-03,-9.992398619651794434e-01,-3.886322304606437683e-02,-1.717424690723419189e-01,6.619948893785476685e-02,1.636355072259902954e-01,3.560366928577423096e-01,-1.542948782444000244e-01,-4.003923386335372925e-02,-1.127976253628730774e-01,-1.160378381609916687e-01,-5.405927896499633789e-01,2.988908290863037109e-01,-1.510638594627380371e-01,3.569610044360160828e-02,-3.099008649587631226e-02,3.763002455234527588e-01,3.526599109172821045e-01,-5.650378018617630005e-02,-4.741069376468658447e-01,-7.336673885583877563e-02,-7.102071493864059448e-02,-5.291106104850769043e-01,3.259405493736267090e-01,-7.838945090770721436e-02,7.606707513332366943e-02,-7.200264185667037964e-02
-1.031545996665954590e+00,-2.059023827314376831e-01,8.228635787963867188e-01,8.762289071455597878e-04,-1.407614443451166153e-03,-9.990507364273071289e-01,-4.352977126836776733e-02,-1.813023686408996582e-01,7.334377616643905640e-02,1.616845875978469849e-01,3.801720440387725830e-01,-1.531365811824798584e-01,-4.117971658706665039e-02,-1.007194295525550842e-01,-1.039806976914405823e-01,-5.355665087699890137e-01,2.749696075916290283e-01,-1.386839300394058228e-01,3.707674518227577209e-02,-3.161340951919555664e-02,3.773867785930633545e-01,3.524167835712432861e-01,-5.730433017015457153e-02,-4.731082320213317871e-01,-7.482887059450149536e-02,-6.945512443780899048e-02,-5.266886353492736816e-01,3.264871537685394287e-01,-7.951092720031738281e-02,7.714963704347610474e-02,-7.095506787300109863e-02
-1.031414031982421875e+00,-2.040825039148330688e-01,8.228219151496887207e-01,-1.218471079482696950e-04,-5.206804489716887474e-04,-9.988456368446350098e-01,-4.803234711289405823e-02,-1.922952383756637573e-01,8.036207407712936401e-02,1.589082032442092896e-01,4.049052894115447998e-01,-1.491966396570205688e-01,-4.005570337176322937e-02,-9.732443094253540039e-02,-9.613785892724990845e-02,-5.281139612197875977e-01,2.675960958003997803e-01,-1.355777084827423096e-01,3.387226536870002747e-02,-3.383985906839370728e-02,3.781284987926483154e-01,3.523890376091003418e-01,-5.728037655353546143e-02,-4.724762439727783203e-01,-7.481706887483596802e-02,-6.839941442012786865e-02,-5.247006416320800781e-01,3.272054493427276611e-01,-8.002115786075592041e-02,7.777233421802520752e-02,-7.018305361270904541e-02
-1.030996084213256836e+00,-2.023128122091293335e-01,8.229696750640869141e-01,-5.705135990865528584e-04,1.822379272198304534e-04,-9.986047148704528809e-01,-5.280414223670959473e-02,-2.097298353910446167e-01,8.775374293327331543e-02,1.560029089450836182e-01,4.379733204841613770e-01,-1.425423920154571533e-01,-3.402518853545188904e-02,-9.569238871335983276e-02,-8.867076784372329712e-02,-5.176481604576110840e-01,2.600829303264617920e-01,-1.324993222951889038e-01,3.035015612840652466e-02,-3.507734090089797974e-02,3.785820305347442627e-01,3.521278798580169678e-01,-5.668411776423454285e-02,-4.719048738479614258e-01,-7.415790110826492310e-02,-6.756307929754257202e-02,-5.226249098777770996e-01,3.282957673072814941e-01,-8.106455951929092407e-02,7.858836650848388672e-02,-6.928040087223052979e-02
-1.030460119247436523e+00,-2.006153166294097900e-01,8.232455253601074219e-01,-1.054816646501421928e-03,9.806199232116341591e-04,-9.983131289482116699e-01,-5.804106965661048889e-02,-2.314736843109130859e-01,9.622554481029510498e-02,1.537476181983947754e-01,4.770757853984832764e-01,-1.303220391273498535e-01,-2.929586172103881836e-02,-9.294747561216354370e-02,-8.030065894126892090e-02,-5.063937902450561523e-01,2.501618266105651855e-01,-1.282570511102676392e-01,2.666900120675563812e-02,-3.538466989994049072e-02,3.787664473056793213e-01,3.517949879169464111e-01,-5.551677942276000977e-02,-4.713516533374786377e-01,-7.308885455131530762e-02,-6.687559187412261963e-02,-5.203998088836669922e-01,3.297338485717773438e-01,-8.239514380693435669e-02,7.955610752105712891e-02,-6.827669590711593628e-02
-1.029933691024780273e+00,-1.986885219812393188e-01,8.236548304557800293e-01,-1.669667195528745651e-03,1.626345561817288399e-03,-9.980207085609436035e-01,-6.284306198358535767e-02,-2.580209076404571533e-01,1.055902168154716492e-01,1.548095047473907471e-01,5.231055617332458496e-01,-1.110303401947021484e-01,-2.092148736119270325e-02,-8.920406550168991089e-02,-7.215581834316253662e-02,-4.977811872959136963e-01,2.388000935316085815e-01,-1.230538114905357361e-01,2.277312986552715302e-02,-3.462573140859603882e-02,3.787321150302886963e-01,3.513243198394775391e-01,-5.398297682404518127e-02,-4.708831906318664551e-01,-7.176858186721801758e-02,-6.645307689905166626e-02,-5.180110335350036621e-01,3.313859999179840088e-01,-8.412711322307586670e-02,8.049515634775161743e-02,-6.724546104669570923e-02
-1.029488444328308105e+00,-1.968198567628860474e-01,8.240970969200134277e-01,-2.213199157267808914e-03,2.188667189329862595e-03,-9.976623654365539551e-01,-6.826502829790115356e-02,-2.870251536369323730e-01,1.162930503487586975e-01,1.542347669601440430e-01,5.710672140121459961e-01,-8.297232538461685181e-02,-1.448075287044048309e-02,-8.487721532583236694e-02,-6.443911790847778320e-02,-4.912973642349243164e-01,2.263568788766860962e-01,-1.171969324350357056e-01,1.905731298029422760e-02,-3.165128454566001892e-02,3.784291744232177734e-01,3.508548140525817871e-01,-5.216858163475990295e-02,-4.706532061100006104e-01,-7.032950222492218018e-02,-6.617390364408493042e-02,-5.154028534889221191e-01,3.332121670246124268e-01,-8.608067035675048828e-02,8.140444010496139526e-02,-6.620463728904724121e-02
-1.028957962989807129e+00,-1.948863714933395386e-01,8.245456218719482422e-01,-2.920774044468998909e-03,2.187429694458842278e-03,-9.972183108329772949e-01,-7.444696128368377686e-02,-3.189005255699157715e-01,1.264204978942871094e-01,1.495235264301300049e-01,6.220272183418273926e-01,-5.044380202889442444e-02,-6.969363428652286530e-03,-7.869049906730651855e-02,-5.794555693864822388e-02,-4.864328801631927490e-01,2.137608230113983154e-01,-1.122301071882247925e-01,1.589349843561649323e-02,-2.637003920972347260e-02,3.778887391090393066e-01,3.502992987632751465e-01,-5.040240287780761719e-02,-4.708388745784759521e-01,-6.899299472570419312e-02,-6.580945104360580444e-02,-5.128968358039855957e-01,3.351556062698364258e-01,-8.777447789907455444e-02,8.228029310703277588e-02,-6.518039107322692871e-02
-1.028501272201538086e+00,-1.930297017097473145e-01,8.250396847724914551e-01,-4.034991841763257980e-03,1.888583297841250896e-03,-9.967958331108093262e-01,-7.986364513635635376e-02,-3.518434762954711914e-01,1.359675824642181396e-01,1.437041610479354858e-01,6.746271848678588867e-01,-1.314437761902809143e-02,4.596869694069027901e-04,-7.288507372140884399e-02,-5.305771902203559875e-02,-4.836176633834838867e-01,2.024159580469131470e-01,-1.069840416312217712e-01,1.273935474455356598e-02,-2.175220288336277008e-02,3.772758245468139648e-01,3.494312465190887451e-01,-4.897209629416465759e-02,-4.713121056556701660e-01,-6.783479452133178711e-02,-6.530337780714035034e-02,-5.107947587966918945e-01,3.370924592018127441e-01,-8.903114497661590576e-02,8.305805921554565430e-02,-6.421954929828643799e-02
-1.027974486351013184e+00,-1.912111937999725342e-01,8.254594802856445312e-01,-5.036919377744197845e-03,9.855745593085885048e-04,-9.963724613189697266e-01,-8.494425565004348755e-02,-3.873231410980224609e-01,1.435555070638656616e-01,1.345053911209106445e-01,7.272272109985351562e-01,2.461252547800540924e-02,1.593339443206787109e-02,-6.938643753528594971e-02,-5.066433548927307129e-02,-4.808818101882934570e-01,1.951660066843032837e-01,-1.032982319593429565e-01,9.782225824892520905e-03,-1.750808767974376678e-02,3.766071796417236328e-01,3.479621112346649170e-01,-4.833865165710449219e-02,-4.722585678100585938e-01,-6.711995601654052734e-02,-6.453032791614532471e-02,-5.096082687377929688e-01,3.390605449676513672e-01,-8.964577317237854004e-02,8.384008705615997314e-02,-6.337018311023712158e-02
-1.027471423149108887e+00,-1.896073520183563232e-01,8.258325457572937012e-01,-6.205233279615640640e-03,-2.670827088877558708e-04,-9.959191679954528809e-01,-9.003562480211257935e-02,-4.244072437286376953e-01,1.486366391181945801e-01,1.218800842761993408e-01,7.798272371292114258e-01,5.458085238933563232e-02,4.201328754425048828e-02,-6.763176620006561279e-02,-5.026137456297874451e-02,-4.775373339653015137e-01,1.920015811920166016e-01,-1.013495549559593201e-01,7.050463929772377014e-03,-1.404481474310159683e-02,3.759829998016357422e-01,3.458395004272460938e-01,-4.863185435533523560e-02,-4.736058413982391357e-01,-6.686394661664962769e-02,-6.340911239385604858e-02,-5.095024704933166504e-01,3.410391807556152344e-01,-8.947584033012390137e-02,8.464355021715164185e-02,-6.264360994100570679e-02
-1.027154088020324707e+00,-1.881842464208602905e-01,8.260747194290161133e-01,-6.723518483340740204e-03,-1.292582484893500805e-03,-9.954363703727722168e-01,-9.518139809370040894e-02,-4.637651145458221436e-01,1.523494422435760498e-01,1.061955094337463379e-01,8.324272036552429199e-01,7.425659894943237305e-02,7.806453853845596313e-02,-6.763577461242675781e-02,-4.998562857508659363e-02,-4.738599956035614014e-01,1.908352077007293701e-01,-1.007333472371101379e-01,4.728563595563173294e-03,-1.157569792121648788e-02,3.753574192523956299e-01,3.435428142547607422e-01,-4.980517551302909851e-02,-4.754499793052673340e-01,-6.718557327985763550e-02,-6.209116801619529724e-02,-5.100803971290588379e-01,3.430500030517578125e-01,-8.885747939348220825e-02,8.544598519802093506e-02,-6.200945749878883362e-02
-1.026888728141784668e+00,-1.869907528162002563e-01,8.259614109992980957e-01,-6.672313436865806580e-03,-8.614805410616099834e-04,-9.949855804443359375e-01,-9.979211539030075073e-02,-5.046572685241699219e-01,1.573067903518676758e-01,8.834937959909439087e-02,8.850272297859191895e-01,7.485739886760711670e-02,1.009311601519584656e-01,-6.938746571540832520e-02,-4.685009270906448364e-02,-4.690567255020141602e-01,1.907197833061218262e-01,-1.003748774528503418e-01,2.263506408780813217e-03,-1.168456580489873886e-02,3.745240271091461182e-01,3.423360288143157959e-01,-5.126961320638656616e-02,-4.781281352043151855e-01,-6.816886365413665771e-02,-6.071633100509643555e-02,-5.099809169769287109e-01,3.451881706714630127e-01,-8.822139352560043335e-02,8.616489171981811523e-02,-6.136286631226539612e-02
-1.026863813400268555e+00,-1.858909726142883301e-01,8.256135582923889160e-01,-5.662508774548768997e-03,5.166034097783267498e-04,-9.945284128189086914e-01,-1.043116375803947449e-01,-5.463011264801025391e-01,1.633943468332290649e-01,7.028716802597045898e-02,9.376271963119506836e-01,5.931381136178970337e-02,1.073003709316253662e-01,-7.247276604175567627e-02,-4.139212891459465027e-02,-4.635380506515502930e-01,1.904854029417037964e-01,-1.002891659736633301e-01,-1.723053428577259183e-04,-1.331227552145719528e-02,3.737320601940155029e-01,3.429623842239379883e-01,-5.267050117254257202e-02,-4.814821779727935791e-01,-6.987995654344558716e-02,-5.989144369959831238e-02,-5.085293054580688477e-01,3.471920192241668701e-01,-8.825413137674331665e-02,8.653417229652404785e-02,-6.061771139502525330e-02
-1.027023315429687500e+00,-1.848158091306686401e-01,8.252074122428894043e-01,-4.647831898182630539e-03,2.228034194558858871e-03,-9.940612316131591797e-01,-1.086999475955963135e-01,-5.865842103958129883e-01,1.699177622795104980e-01,5.294555425643920898e-02,9.886290431022644043e-01,3.792145848274230957e-02,1.036720499396324158e-01,-7.487232238054275513e-02,-3.499344736337661743e-02,-4.571836292743682861e-01,1.896498948335647583e-01,-1.001583039760589600e-01,-2.476189052686095238e-03,-1.538894884288311005e-02,3.731860518455505371e-01,3.450800180435180664e-01,-5.378608778119087219e-02,-4.851009249687194824e-01,-7.207681238651275635e-02,-5.954908207058906555e-02,-5.060926675796508789e-01,3.491299450397491455e-01,-8.886279165744781494e-02,8.672387152910232544e-02,-5.975566431879997253e-02
-1.027284264564514160e+00,-1.837821751832962036e-01,8.252117633819580078e-01,-4.108653403818607330e-03,2.155075781047344208e-03,-9.935815930366516113e-01,-1.130227744579315186e-01,-6.195046901702880859e-01,1.714403778314590454e-01,3.860436379909515381e-02,1.029169559478759766e+00,2.030791714787483215e-02,1.047153770923614502e-01,-7.704638689756393433e-02,-3.278484940528869629e-02,-4.496459066867828369e-01,1.895200908184051514e-01,-1.001304164528846741e-01,-4.347564652562141418e-03,-1.768406294286251068e-02,3.729713261127471924e-01,3.462554216384887695e-01,-5.512355640530586243e-02,-4.886878132820129395e-01,-7.427838444709777832e-02,-5.960117280483245850e-02,-5.051435828208923340e-01,3.511495590209960938e-01,-8.934816718101501465e-02,8.719857037067413330e-02,-5.877453833818435669e-02
-1.027661085128784180e+00,-1.827619075775146484e-01,8.253096938133239746e-01,-3.925220109522342682e-03,1.687397831119596958e-03,-9.930695295333862305e-01,-1.174507141113281250e-01,-6.499708890914916992e-01,1.712132692337036133e-01,2.491508238017559052e-02,1.066811800003051758e+00,3.151997923851013184e-03,1.121771484613418579e-01,-7.864386588335037231e-02,-3.146645799279212952e-02,-4.412866234779357910e-01,1.896472424268722534e-01,-1.003063544631004333e-01,-6.105881650000810623e-03,-1.970495097339153290e-02,3.731835782527923584e-01,3.468018174171447754e-01,-5.644197389483451843e-02,-4.916440546512603760e-01,-7.635951042175292969e-02,-5.995446071028709412e-02,-5.052302479743957520e-01,3.531439006328582764e-01,-8.975666016340255737e-02,8.779460936784744263e-02,-5.772574618458747864e-02
-1.028084874153137207e+00,-1.817583143711090088e-01,8.254966139793395996e-01,-4.097916185855865479e-03,8.915984653867781162e-04,-9.925700426101684570e-01,-1.216022819280624390e-01,-6.766533851623535156e-01,1.695281267166137695e-01,1.279825158417224884e-02,1.100053548812866211e+00,-1.526306569576263428e-02,1.197530552744865417e-01,-7.965459674596786499e-02,-3.117720410227775574e-02,-4.332286715507507324e-01,1.904787719249725342e-01,-1.009450256824493408e-01,-7.655534893274307251e-03,-2.163670770823955536e-02,3.737198114395141602e-01,3.469491302967071533e-01,-5.745441094040870667e-02,-4.939441382884979248e-01,-7.818724215030670166e-02,-6.085625290870666504e-02,-5.058197975158691406e-01,3.548824787139892578e-01,-9.040960669517517090e-02,8.812414854764938354e-02,-5.661208182573318481e-02
-1.028620600700378418e+00,-1.808995455503463745e-01,8.257830142974853516e-01,-4.034685436636209488e-03,-3.631713916547596455e-04,-9.920720458030700684e-01,-1.256049275398254395e-01,-7.007001638412475586e-01,1.666912585496902466e-01,2.955872565507888794e-03,1.129018902778625488e+00,-3.258537501096725464e-02,1.241002380847930908e-01,-8.147030323743820190e-02,-3.231299668550491333e-02,-4.256016314029693604e-01,1.920823007822036743e-01,-1.019404977560043335e-01,-8.827644400298595428e-03,-2.378120273351669312e-02,3.744140267372131348e-01,3.466882109642028809e-01,-5.789130181074142456e-02,-4.955847561359405518e-01,-7.946021109819412231e-02,-6.250661611557006836e-02,-5.065540671348571777e-01,3.561415672302246094e-01,-9.159157425165176392e-02,8.787526935338973999e-02,-5.543738603591918945e-02
-1.029276847839355469e+00,-1.800732612609863281e-01,8.261295557022094727e-01,-4.350702743977308273e-03,-2.020322252064943314e-03,-9.915371537208557129e-01,-1.297344565391540527e-01,-7.211850881576538086e-01,1.628588736057281494e-01,-5.088694859296083450e-03,1.154555201530456543e+00,-4.839650541543960571e-02,1.289340555667877197e-01,-8.312233537435531616e-02,-3.479790687561035156e-02,-4.180565774440765381e-01,1.949456483125686646e-01,-1.035111173987388611e-01,-9.754917584359645844e-03,-2.572253160178661346e-02,3.752099871635437012e-01,3.458550870418548584e-01,-5.767796561121940613e-02,-4.964269101619720459e-01,-7.996856421232223511e-02,-6.446103006601333618e-02,-5.076370239257812500e-01,3.569200634956359863e-01,-9.259545803070068359e-02,8.709249645471572876e-02,-5.423318967223167419e-02
-1.030006170272827148e+00,-1.793447732925415039e-01,8.265489339828491211e-01,-4.084394313395023346e-03,-3.932159859687089920e-03,-9.909613132476806641e-01,-1.340280622243881226e-01,-7.402690052986145020e-01,1.582531929016113281e-01,-1.167044974863529205e-02,1.176048517227172852e+00,-6.194997578859329224e-02,1.319583654403686523e-01,-8.591562509536743164e-02,-3.787385299801826477e-02,-4.108026921749114990e-01,1.977286189794540405e-01,-1.050959005951881409e-01,-1.041037589311599731e-02,-2.722591720521450043e-02,3.759853541851043701e-01,3.444723784923553467e-01,-5.697671324014663696e-02,-4.967252910137176514e-01,-7.984107732772827148e-02,-6.681019067764282227e-02,-5.089778900146484375e-01,3.571338355541229248e-01,-9.351486712694168091e-02,8.564165979623794556e-02,-5.302175506949424744e-02
-1.030928611755371094e+00,-1.788622736930847168e-01,8.270182609558105469e-01,-3.424541326239705086e-03,-6.019899621605873108e-03,-9.902598857879638672e-01,-1.390589177608489990e-01,-7.573511004447937012e-01,1.527825891971588135e-01,-1.746730878949165344e-02,1.194132447242736816e+00,-7.527058571577072144e-02,1.358362585306167603e-01,-9.027346223592758179e-02,-4.157608747482299805e-02,-4.024283885955810547e-01,2.007062882184982300e-01,-1.061338409781455994e-01,-1.086684688925743103e-02,-2.901030331850051880e-02,3.766170740127563477e-01,3.425110876560211182e-01,-5.579381436109542847e-02,-4.966622889041900635e-01,-7.903050631284713745e-02,-6.959397345781326294e-02,-5.104706883430480957e-01,3.567945361137390137e-01,-9.450372308492660522e-02,8.353628218173980713e-02,-5.182314664125442505e-02
-1.031998515129089355e+00,-1.785813421010971069e-01,8.274849653244018555e-01,-2.803601790219545364e-03,-8.071668446063995361e-03,-9.894390702247619629e-01,-1.446972042322158813e-01,-7.722475528717041016e-01,1.466559767723083496e-01,-2.316579967737197876e-02,1.209729552268981934e+00,-8.876390010118484497e-02,1.379883140325546265e-01,-9.362157434225082397e-02,-4.532844200730323792e-02,-3.943891227245330811e-01,2.031037360429763794e-01,-1.073083356022834778e-01,-1.079570781439542770e-02,-2.927957102656364441e-02,3.770418763160705566e-01,3.400115966796875000e-01,-5.427363887429237366e-02,-4.964825510978698730e-01,-7.768985629081726074e-02,-7.230269908905029297e-02,-5.123646855354309082e-01,3.561459183692932129e-01,-9.491506963968276978e-02,8.104784041643142700e-02,-5.057901889085769653e-02
-1.033023715019226074e+00,-1.782347857952117920e-01,8.279420137405395508e-01,-2.687164815142750740e-03,-9.981701150536537170e-03,-9.885486364364624023e-01,-1.505482047796249390e-01,-7.840782403945922852e-01,1.399245858192443848e-01,-2.940083853900432587e-02,1.222122073173522949e+00,-1.005014851689338684e-01,1.399527639150619507e-01,-9.691852331161499023e-02,-4.871350899338722229e-02,-3.853729367256164551e-01,2.055810689926147461e-01,-1.077972650527954102e-01,-1.112931966781616211e-02,-3.037664853036403656e-02,3.775085210800170898e-01,3.370912671089172363e-01,-5.254852771759033203e-02,-4.959157705307006836e-01,-7.601928710937500000e-02,-7.480982691049575806e-02,-5.146833062171936035e-01,3.553839921951293945e-01,-9.464232623577117920e-02,7.844693213701248169e-02,-4.927390068769454956e-02
-1.033605217933654785e+00,-1.782039552927017212e-01,8.282443881034851074e-01,-5.231657531112432480e-03,-1.137060485780239105e-02,-9.875734448432922363e-01,-1.566589325666427612e-01,-7.886379957199096680e-01,1.331036686897277832e-01,-3.545038774609565735e-02,1.231904625892639160e+00,-1.116812601685523987e-01,1.428108662366867065e-01,-9.525740891695022583e-02,-5.214169993996620178e-02,-3.759151101112365723e-01,2.091458737850189209e-01,-1.086453944444656372e-01,-1.137205772101879120e-02,-3.105528838932514191e-02,3.785332143306732178e-01,3.337207138538360596e-01,-5.094959214329719543e-02,-4.944269061088562012e-01,-7.433047890663146973e-02,-7.654425501823425293e-02,-5.174980759620666504e-01,3.551070392131805420e-01,-9.327819943428039551e-02,7.643605768680572510e-02,-4.785611480474472046e-02
-1.034491539001464844e+00,-1.780761182308197021e-01,8.286169171333312988e-01,-6.615072488784790039e-03,-1.287335623055696487e-02,-9.865040183067321777e-01,-1.630960553884506226e-01,-7.921161651611328125e-01,1.262087821960449219e-01,-4.068062826991081238e-02,1.237109899520874023e+00,-1.221113875508308411e-01,1.412893831729888916e-01,-9.501156955957412720e-02,-5.491006001830101013e-02,-3.651176095008850098e-01,2.106511294841766357e-01,-1.087346076965332031e-01,-1.161693688482046127e-02,-3.232054039835929871e-02,3.799771070480346680e-01,3.301689028739929199e-01,-4.959584772586822510e-02,-4.924314022064208984e-01,-7.278665900230407715e-02,-7.772947847843170166e-02,-5.205729603767395020e-01,3.555088341236114502e-01,-9.143276512622833252e-02,7.513410598039627075e-02,-4.622847214341163635e-02
-1.035496830940246582e+00,-1.781257838010787964e-01,8.288828134536743164e-01,-7.631048560142517090e-03,-1.400101277977228165e-02,-9.853375554084777832e-01,-1.698694825172424316e-01,-7.950593829154968262e-01,1.193275973200798035e-01,-4.686739668250083923e-02,1.240449547767639160e+00,-1.308189034461975098e-01,1.396502703428268433e-01,-9.483432024717330933e-02,-5.671898648142814636e-02,-3.529002964496612549e-01,2.112514227628707886e-01,-1.084101498126983643e-01,-1.159723568707704544e-02,-3.332985192537307739e-02,3.816988170146942139e-01,3.265167474746704102e-01,-4.845196381211280823e-02,-4.901393651962280273e-01,-7.148110866546630859e-02,-7.859948277473449707e-02,-5.237266421318054199e-01,3.567030429840087891e-01,-8.974885940551757812e-02,7.473597675561904907e-02,-4.438093677163124084e-02
-1.036732554435729980e+00,-1.781417429447174072e-01,8.290680646896362305e-01,-7.736717816442251205e-03,-1.493764854967594147e-02,-9.839969873428344727e-01,-1.773893535137176514e-01,-7.977067232131958008e-01,1.131134182214736938e-01,-5.300081521272659302e-02,1.241348505020141602e+00,-1.396914869546890259e-01,1.360382437705993652e-01,-9.618085622787475586e-02,-5.735549703240394592e-02,-3.384346365928649902e-01,2.108802646398544312e-01,-1.074753701686859131e-01,-1.163447834551334381e-02,-3.352458402514457703e-02,3.837776780128479004e-01,3.215029537677764893e-01,-4.693594574928283691e-02,-4.859395325183868408e-01,-6.968838721513748169e-02,-8.009889721870422363e-02,-5.277706980705261230e-01,3.598074913024902344e-01,-8.844207972288131714e-02,7.571909576654434204e-02,-4.038064181804656982e-02
-1.037922143936157227e+00,-1.783022731542587280e-01,8.292249441146850586e-01,-8.248285390436649323e-03,-1.543197594583034515e-02,-9.826407432556152344e-01,-1.846916526556015015e-01,-7.973776459693908691e-01,1.067045032978057861e-01,-5.974270030856132507e-02,1.238344192504882812e+00,-1.465607732534408569e-01,1.312029659748077393e-01,-9.683775156736373901e-02,-5.742352083325386047e-02,-3.245349228382110596e-01,2.106262147426605225e-01,-1.063175052404403687e-01,-1.170243974775075912e-02,-3.311251848936080933e-02,3.857895433902740479e-01,3.172628581523895264e-01,-4.578084498643875122e-02,-4.829998016357421875e-01,-6.927976012229919434e-02,-8.136557042598724365e-02,-5.310832858085632324e-01,3.635489642620086670e-01,-8.874563872814178467e-02,7.779407501220703125e-02,-3.602058440446853638e-02
-1.039194583892822266e+00,-1.784260421991348267e-01,8.293499946594238281e-01,-8.948509581387042999e-03,-1.576027832925319672e-02,-9.812334179878234863e-01,-1.919700205326080322e-01,-7.944555282592773438e-01,9.999316185712814331e-02,-6.725542247295379639e-02,1.232187032699584961e+00,-1.515911370515823364e-01,1.259112358093261719e-01,-9.696445614099502563e-02,-5.726791545748710632e-02,-3.107898235321044922e-01,2.105440944433212280e-01,-1.053702235221862793e-01,-1.171712856739759445e-02,-3.341176733374595642e-02,3.878628909587860107e-01,3.135017454624176025e-01,-4.452003166079521179e-02,-4.803327023983001709e-01,-6.923047453165054321e-02,-8.249937742948532104e-02,-5.338732600212097168e-01,3.676699995994567871e-01,-8.999370783567428589e-02,8.030911535024642944e-02,-3.133711218833923340e-02
-1.040567040443420410e+00,-1.786198616027832031e-01,8.294719457626342773e-01,-9.359005838632583618e-03,-1.597155816853046417e-02,-9.797775745391845703e-01,-1.992317140102386475e-01,-7.900108695030212402e-01,9.237781912088394165e-02,-7.570108771324157715e-02,1.222850680351257324e+00,-1.560265868902206421e-01,1.184938549995422363e-01,-9.754208475351333618e-02,-5.681777000427246094e-02,-2.971722483634948730e-01,2.099514603614807129e-01,-1.039964780211448669e-01,-1.166382245719432831e-02,-3.315316885709762573e-02,3.900746107101440430e-01,3.102038204669952393e-01,-4.325044900178909302e-02,-4.778240323066711426e-01,-6.963828206062316895e-02,-8.370269089937210083e-02,-5.359963178634643555e-01,3.719145059585571289e-01,-9.228675067424774170e-02,8.266232162714004517e-02,-2.643831819295883179e-02
-1.041975378990173340e+00,-1.787763833999633789e-01,8.295918703079223633e-01,-9.487900882959365845e-03,-1.619185321033000946e-02,-9.783153533935546875e-01,-2.062688916921615601e-01,-7.836351990699768066e-01,8.311838656663894653e-02,-8.581152558326721191e-02,1.209226727485656738e+00,-1.564767211675643921e-01,1.094836890697479248e-01,-9.783808887004852295e-02,-5.631516501307487488e-02,-2.844034135341644287e-01,2.088958024978637695e-01,-1.028860807418823242e-01,-1.139006856828927994e-02,-3.231334686279296875e-02,3.922840654850006104e-01,3.073431849479675293e-01,-4.207552969455718994e-02,-4.759216010570526123e-01,-7.061360031366348267e-02,-8.487465977668762207e-02,-5.377515554428100586e-01,3.759754598140716553e-01,-9.424577653408050537e-02,8.435002714395523071e-02,-2.154898829758167267e-02
-1.043579936027526855e+00,-1.789889335632324219e-01,8.297167420387268066e-01,-9.613147936761379242e-03,-1.640932261943817139e-02,-9.767747521400451660e-01,-2.134230583906173706e-01,-7.741712331771850586e-01,7.276428490877151489e-02,-9.718783944845199585e-02,1.191766738891601562e+00,-1.570327728986740112e-01,9.928658604621887207e-02,-9.842301905155181885e-02,-5.614373832941055298e-02,-2.717215120792388916e-01,2.081316560506820679e-01,-1.017048284411430359e-01,-1.088442932814359665e-02,-3.188019618391990662e-02,3.945299983024597168e-01,3.047484457492828369e-01,-4.090530052781105042e-02,-4.745256006717681885e-01,-7.148581743240356445e-02,-8.658751100301742554e-02,-5.390054583549499512e-01,3.793221116065979004e-01,-9.658885002136230469e-02,8.428151160478591919e-02,-1.672292128205299377e-02
-1.045112371444702148e+00,-1.793570667505264282e-01,8.297712802886962891e-01,-1.002674363553524017e-02,-1.642193645238876343e-02,-9.752514958381652832e-01,-2.202597409486770630e-01,-7.619624733924865723e-01,6.168106570839881897e-02,-1.095115095376968384e-01,1.170904755592346191e+00,-1.597840636968612671e-01,8.516250550746917725e-02,-9.843456000089645386e-02,-5.603022500872612000e-02,-2.598212361335754395e-01,2.078311592340469360e-01,-1.007780283689498901e-01,-1.016218122094869614e-02,-3.136733546853065491e-02,3.969664573669433594e-01,3.024326264858245850e-01,-3.977870941162109375e-02,-4.725857675075531006e-01,-7.257431000471115112e-02,-8.842037618160247803e-02,-5.400149226188659668e-01,3.820886313915252686e-01,-9.799100458621978760e-02,8.301351219415664673e-02,-1.227294653654098511e-02
-1.046839237213134766e+00,-1.797760725021362305e-01,8.298056125640869141e-01,-9.874760173261165619e-03,-1.629271358251571655e-02,-9.736724495887756348e-01,-2.271540611982345581e-01,-7.489341497421264648e-01,5.075137317180633545e-02,-1.228120028972625732e-01,1.147032737731933594e+00,-1.614366620779037476e-01,6.756267696619033813e-02,-9.917169809341430664e-02,-5.537033826112747192e-02,-2.475408911705017090e-01,2.067164182662963867e-01,-9.938754141330718994e-02,-9.316143579781055450e-03,-3.123127482831478119e-02,3.992730081081390381e-01,3.004547655582427979e-01,-3.856159001588821411e-02,-4.710959792137145996e-01,-7.360258698463439941e-02,-9.065943956375122070e-02,-5.406843423843383789e-01,3.840580284595489502e-01,-9.906744956970214844e-02,8.011043071746826172e-02,-8.191532455384731293e-03
-1.048454642295837402e+00,-1.801785081624984741e-01,8.297969698905944824e-01,-9.890045970678329468e-03,-1.598162390291690826e-02,-9.720786809921264648e-01,-2.339011728763580322e-01,-7.325629591941833496e-01,4.050986841320991516e-02,-1.361116468906402588e-01,1.118599414825439453e+00,-1.625486612319946289e-01,4.731114208698272705e-02,-9.931627660989761353e-02,-5.444911122322082520e-02,-2.358402311801910400e-01,2.056262493133544922e-01,-9.813579916954040527e-02,-8.462221361696720123e-03,-3.109824098646640778e-02,4.016709327697753906e-01,2.988892197608947754e-01,-3.747605532407760620e-02,-4.692768454551696777e-01,-7.556071132421493530e-02,-9.313284605741500854e-02,-5.409983396530151367e-01,3.855184614658355713e-01,-9.995830804109573364e-02,7.568464428186416626e-02,-4.139290656894445419e-03
-1.050103664398193359e+00,-1.806751191616058350e-01,8.297845125198364258e-01,-9.770937263965606689e-03,-1.570773124694824219e-02,-9.703912734985351562e-01,-2.408288419246673584e-01,-7.138329148292541504e-01,3.045551478862762451e-02,-1.495506018400192261e-01,1.086446642875671387e+00,-1.626244783401489258e-01,2.884507551789283752e-02,-9.977958351373672485e-02,-5.358531698584556580e-02,-2.234353721141815186e-01,2.043768316507339478e-01,-9.670661389827728271e-02,-7.500286214053630829e-03,-3.128117322921752930e-02,4.039653837680816650e-01,2.975232601165771484e-01,-3.618869557976722717e-02,-4.670904576778411865e-01,-7.740659266710281372e-02,-9.582947939634323120e-02,-5.409018397331237793e-01,3.866063654422760010e-01,-1.009885147213935852e-01,7.018604874610900879e-02,-5.457202205434441566e-04
-1.051859736442565918e+00,-1.812198758125305176e-01,8.297564387321472168e-01,-9.685683064162731171e-03,-1.531179994344711304e-02,-9.685482978820800781e-01,-2.481651604175567627e-01,-6.934859752655029297e-01,2.127071470022201538e-02,-1.633853763341903687e-01,1.051958441734313965e+00,-1.624854505062103271e-01,8.529813960194587708e-03,-1.003469005227088928e-01,-5.251998826861381531e-02,-2.104181647300720215e-01,2.030429691076278687e-01,-9.497840702533721924e-02,-6.505277473479509354e-03,-3.122110664844512939e-02,4.060384929180145264e-01,2.963411509990692139e-01,-3.484981879591941833e-02,-4.652827680110931396e-01,-7.929027825593948364e-02,-9.857460856437683105e-02,-5.406287908554077148e-01,3.876371681690216064e-01,-1.017513498663902283e-01,6.488589197397232056e-02,2.657404635101556778e-03
-1.053627848625183105e+00,-1.818754225969314575e-01,8.296460509300231934e-01,-9.630344808101654053e-03,-1.460138708353042603e-02,-9.666248559951782227e-01,-2.555982768535614014e-01,-6.707431077957153320e-01,1.304387487471103668e-02,-1.778285652399063110e-01,1.014138340950012207e+00,-1.613625288009643555e-01,-1.072917226701974869e-02,-1.005705669522285461e-01,-5.079759657382965088e-02,-1.965019851922988892e-01,2.014795690774917603e-01,-9.312666207551956177e-02,-5.445156246423721313e-03,-3.100549802184104919e-02,4.079109430313110352e-01,2.953301966190338135e-01,-3.326382860541343689e-02,-4.638391137123107910e-01,-8.056697994470596313e-02,-1.011553779244422913e-01,-5.400844812393188477e-01,3.885909020900726318e-01,-1.016307920217514038e-01,5.977395921945571899e-02,5.299212876707315445e-03
-1.055426359176635742e+00,-1.824635863304138184e-01,8.294691443443298340e-01,-9.930266067385673523e-03,-1.367350202053785324e-02,-9.645919799804687500e-01,-2.632047832012176514e-01,-6.439216136932373047e-01,6.439447868615388870e-03,-1.917174458503723145e-01,9.727002382278442383e-01,-1.609265506267547607e-01,-3.343063592910766602e-02,-1.005416885018348694e-01,-4.876311495900154114e-02,-1.821590811014175415e-01,2.007619440555572510e-01,-9.157498925924301147e-02,-4.530771635472774506e-03,-3.099782019853591919e-02,4.097987115383148193e-01,2.944603264331817627e-01,-3.123736195266246796e-02,-4.616759121417999268e-01,-8.193589001893997192e-02,-1.037624925374984741e-01,-5.391958355903625488e-01,3.902932405471801758e-01,-1.010027751326560974e-01,5.417657643556594849e-02,7.410283200442790985e-03
-1.057372689247131348e+00,-1.831253767013549805e-01,8.292027115821838379e-01,-9.939822368323802948e-03,-1.237147022038698196e-02,-9.623575806617736816e-01,-2.713228464126586914e-01,-6.183182001113891602e-01,1.327783917076885700e-03,-2.060532718896865845e-01,9.316759705543518066e-01,-1.586764603853225708e-01,-5.160029605031013489e-02,-1.006926894187927246e-01,-4.597309604287147522e-02,-1.675195246934890747e-01,2.000789493322372437e-01,-9.018160402774810791e-02,-3.435911843553185463e-03,-3.023145347833633423e-02,4.115407466888427734e-01,2.938746213912963867e-01,-2.904461510479450226e-02,-4.599187672138214111e-01,-8.227615803480148315e-02,-1.060774996876716614e-01,-5.379751920700073242e-01,3.920011222362518311e-01,-1.001070514321327209e-01,5.036598816514015198e-02,8.568991906940937042e-03
-1.059316515922546387e+00,-1.836745440959930420e-01,8.288047313690185547e-01,-1.057775039225816727e-02,-1.094229426234960556e-02,-9.600628018379211426e-01,-2.793703973293304443e-01,-5.898815393447875977e-01,-2.698575612157583237e-03,-2.194864749908447266e-01,8.887956142425537109e-01,-1.565942466259002686e-01,-6.879498809576034546e-02,-1.011847481131553650e-01,-4.353151470422744751e-02,-1.527538895606994629e-01,2.026263475418090820e-01,-9.034956991672515869e-02,-2.377483760938048363e-03,-2.960981428623199463e-02,4.134021401405334473e-01,2.935994565486907959e-01,-2.694474346935749054e-02,-4.580000042915344238e-01,-8.278433978557586670e-02,-1.079748496413230896e-01,-5.364004969596862793e-01,3.938259780406951904e-01,-9.870468825101852417e-02,4.809064045548439026e-02,9.065522812306880951e-03
-1.061381340026855469e+00,-1.843259334564208984e-01,8.283550739288330078e-01,-1.073264703154563904e-02,-9.401714429259300232e-03,-9.576641917228698730e-01,-2.875337600708007812e-01,-5.612918734550476074e-01,-5.633812397718429565e-03,-2.324581295251846313e-01,8.444001674652099609e-01,-1.550035923719406128e-01,-8.291361480951309204e-02,-1.025992259383201599e-01,-4.074810445308685303e-02,-1.380896121263504028e-01,2.052311599254608154e-01,-9.053258597850799561e-02,-1.166464760899543762e-03,-2.866260893642902374e-02,4.151875078678131104e-01,2.936383783817291260e-01,-2.475673332810401917e-02,-4.567130208015441895e-01,-8.314357697963714600e-02,-1.097373068332672119e-01,-5.343843102455139160e-01,3.956021964550018311e-01,-9.807381778955459595e-02,4.621628671884536743e-02,9.183973073959350586e-03
-1.063435196876525879e+00,-1.851242631673812866e-01,8.278646469116210938e-01,-1.101293973624706268e-02,-7.536517456173896790e-03,-9.551288485527038574e-01,-2.958897650241851807e-01,-5.311315059661865234e-01,-7.140961475670337677e-03,-2.449802160263061523e-01,7.988005280494689941e-01,-1.523991823196411133e-01,-9.642391651868820190e-02,-1.033533513545989990e-01,-3.738124296069145203e-02,-1.226460710167884827e-01,2.069529592990875244e-01,-9.000576287508010864e-02,1.746147027006372809e-04,-2.800168097019195557e-02,4.170859158039093018e-01,2.941164672374725342e-01,-2.264286018908023834e-02,-4.556967914104461670e-01,-8.438192307949066162e-02,-1.110678613185882568e-01,-5.319764614105224609e-01,3.975616097450256348e-01,-9.718209505081176758e-02,4.515457525849342346e-02,8.833308704197406769e-03
-1.065857291221618652e+00,-1.857362389564514160e-01,8.273518681526184082e-01,-1.081984862685203552e-02,-5.889908410608768463e-03,-9.525011777877807617e-01,-3.042856752872467041e-01,-5.012226104736328125e-01,-7.736570667475461960e-03,-2.554076313972473145e-01,7.519308924674987793e-01,-1.511412411928176880e-01,-1.085772141814231873e-01,-1.055503711104393005e-01,-3.438601642847061157e-02,-1.073134616017341614e-01,2.100924402475357056e-01,-9.045001864433288574e-02,1.718865241855382919e-03,-2.731771580874919891e-02,4.188294410705566406e-01,2.950191497802734375e-01,-2.076220884919166565e-02,-4.556646943092346191e-01,-8.536385744810104370e-02,-1.121609732508659363e-01,-5.292080044746398926e-01,3.994997143745422363e-01,-9.777203947305679321e-02,4.517303779721260071e-02,8.278391323983669281e-03
-1.068236708641052246e+00,-1.863461136817932129e-01,8.268845081329345703e-01,-1.046813745051622391e-02,-4.254932515323162079e-03,-9.498406648635864258e-01,-3.125299811363220215e-01,-4.707404971122741699e-01,-7.451145444065332413e-03,-2.648841440677642822e-01,7.038798928260803223e-01,-1.480559855699539185e-01,-1.189633756875991821e-01,-1.072140485048294067e-01,-3.116276115179061890e-02,-9.260036051273345947e-02,2.121341973543167114e-01,-9.061618149280548096e-02,3.211821196600794792e-03,-2.641695365309715271e-02,4.206155538558959961e-01,2.962881028652191162e-01,-1.883755810558795929e-02,-4.563013017177581787e-01,-8.658891916275024414e-02,-1.131187751889228821e-01,-5.261899828910827637e-01,4.015139043331146240e-01,-9.804832935333251953e-02,4.537471756339073181e-02,7.358126342296600342e-03
-1.070664882659912109e+00,-1.870570778846740723e-01,8.262771368026733398e-01,-1.036808546632528305e-02,-2.404228085651993752e-03,-9.471369981765747070e-01,-3.206528425216674805e-01,-4.404801428318023682e-01,-6.783003453165292740e-03,-2.734712362289428711e-01,6.567634940147399902e-01,-1.434044092893600464e-01,-1.263459473848342896e-01,-1.092054620385169983e-01,-2.795482613146305084e-02,-7.774731516838073730e-02,2.158789336681365967e-01,-9.147445112466812134e-02,4.919786937534809113e-03,-2.590912953019142151e-02,4.224609136581420898e-01,2.979067564010620117e-01,-1.691955327987670898e-02,-4.575406908988952637e-01,-8.795028179883956909e-02,-1.138171851634979248e-01,-5.230321884155273438e-01,4.035147428512573242e-01,-9.743503481149673462e-02,4.537943378090858459e-02,5.889035295695066452e-03
-1.073024511337280273e+00,-1.879346370697021484e-01,8.256132602691650391e-01,-1.069947797805070877e-02,-3.711425233632326126e-04,-9.443857073783874512e-01,-3.286655247211456299e-01,-4.101076722145080566e-01,-5.464551970362663269e-03,-2.800925374031066895e-01,6.104373335838317871e-01,-1.377214938402175903e-01,-1.327371448278427124e-01,-1.101831346750259399e-01,-2.491365931928157806e-02,-6.334338337182998657e-02,2.200266867876052856e-01,-9.272356331348419189e-02,6.869770120829343796e-03,-2.577508054673671722e-02,4.245298206806182861e-01,2.998458445072174072e-01,-1.495296787470579147e-02,-4.583072066307067871e-01,-8.955102413892745972e-02,-1.144400909543037415e-01,-5.197513103485107422e-01,4.053644537925720215e-01,-9.634056687355041504e-02,4.481472447514533997e-02,4.074278287589550018e-03
-1.075475454330444336e+00,-1.886530220508575439e-01,8.249316215515136719e-01,-1.106863003224134445e-02,1.710067968815565109e-03,-9.416355490684509277e-01,-3.364477157592773438e-01,-3.796933591365814209e-01,-3.485423512756824493e-03,-2.847962975502014160e-01,5.645791292190551758e-01,-1.302072256803512573e-01,-1.377428621053695679e-01,-1.118110045790672302e-01,-2.176652103662490845e-02,-4.895810410380363464e-02,2.251131236553192139e-01,-9.417446702718734741e-02,8.770589716732501984e-03,-2.595229074358940125e-02,4.267147183418273926e-01,3.020375370979309082e-01,-1.288453582674264908e-02,-4.588858485221862793e-01,-9.074237197637557983e-02,-1.148987188935279846e-01,-5.165675282478332520e-01,4.069144725799560547e-01,-9.392052888870239258e-02,4.334483295679092407e-02,1.725654932670295238e-03
-1.077969789505004883e+00,-1.897432804107666016e-01,8.241209387779235840e-01,-1.219791173934936523e-02,4.522538278251886368e-03,-9.388965368270874023e-01,-3.439534902572631836e-01,-3.488585054874420166e-01,-8.292203419841825962e-04,-2.866493165493011475e-01,5.211396813392639160e-01,-1.210427135229110718e-01,-1.376242488622665405e-01,-1.102665811777114868e-01,-1.819200254976749420e-02,-3.597286343574523926e-02,2.288062572479248047e-01,-9.527359902858734131e-02,1.106995064765214920e-02,-2.618152461946010590e-02,4.292071163654327393e-01,3.045284450054168701e-01,-1.091426052153110504e-02,-4.583276808261871338e-01,-9.223043173551559448e-02,-1.149752363562583923e-01,-5.134678483009338379e-01,4.083738625049591064e-01,-8.996952325105667114e-02,4.134429991245269775e-02,-8.630657684989273548e-04
-1.080476164817810059e+00,-1.908800601959228516e-01,8.232149481773376465e-01,-1.336579117923974991e-02,7.513948250561952591e-03,-9.364166259765625000e-01,-3.505549430847167969e-01,-3.195801079273223877e-01,1.859475276432931423e-03,-2.863487303256988525e-01,4.793016314506530762e-01,-1.051357984542846680e-01,-1.320624947547912598e-01,-1.091773882508277893e-01,-1.465774327516555786e-02,-2.438173256814479828e-02,2.333699911832809448e-01,-9.655809402465820312e-02,1.352711673825979233e-02,-2.665131352841854095e-02,4.317654073238372803e-01,3.075049519538879395e-01,-9.110924787819385529e-03,-4.574728906154632568e-01,-9.444367885589599609e-02,-1.146235838532447815e-01,-5.104619264602661133e-01,4.097619950771331787e-01,-8.431119471788406372e-02,3.964084386825561523e-02,-3.877999028190970421e-03
-1.082950830459594727e+00,-1.917383521795272827e-01,8.227488994598388672e-01,-1.311817113310098648e-02,8.513778448104858398e-03,-9.342209696769714355e-01,-3.563518524169921875e-01,-3.006481528282165527e-01,6.108477828092873096e-04,-2.808567881584167480e-01,4.511054158210754395e-01,-9.117686003446578979e-02,-7.770060747861862183e-02,-1.116516441106796265e-01,-1.403807569295167923e-02,-1.373300980776548386e-02,2.376676350831985474e-01,-9.825047850608825684e-02,1.607454940676689148e-02,-2.858938276767730713e-02,4.336409270763397217e-01,3.098626434803009033e-01,-7.697296794503927231e-03,-4.592105448246002197e-01,-9.624390304088592529e-02,-1.147978529334068298e-01,-5.081556439399719238e-01,4.108251631259918213e-01,-8.038271963596343994e-02,3.765095770359039307e-02,-7.654586341232061386e-03
-1.085143685340881348e+00,-1.926177293062210083e-01,8.225187659263610840e-01,-1.258636638522148132e-02,8.080401457846164703e-03,-9.325345158576965332e-01,-3.607710003852844238e-01,-2.881476581096649170e-01,-7.941058720462024212e-04,-2.676612734794616699e-01,4.337368011474609375e-01,-9.516040980815887451e-02,-3.652764856815338135e-02,-1.175000220537185669e-01,-1.616298593580722809e-02,-4.044680856168270111e-03,2.448593676090240479e-01,-1.011758670210838318e-01,1.874461956322193146e-02,-3.299945592880249023e-02,4.349572360515594482e-01,3.120410740375518799e-01,-6.401052698493003845e-03,-4.631809294223785400e-01,-9.754575043916702271e-02,-1.154658123850822449e-01,-5.063847899436950684e-01,4.114077687263488770e-01,-7.863491773605346680e-02,3.460400179028511047e-02,-1.186329033225774765e-02
-1.087489843368530273e+00,-1.936061680316925049e-01,8.222530484199523926e-01,-1.169470045715570450e-02,6.796017754822969437e-03,-9.309676289558410645e-01,-3.648511767387390137e-01,-2.773629128932952881e-01,-1.090921810828149319e-03,-2.492850869894027710e-01,4.199535548686981201e-01,-1.092901453375816345e-01,-1.244091521948575974e-02,-1.248131990432739258e-01,-2.041681855916976929e-02,5.510033573955297470e-03,2.539832592010498047e-01,-1.059729978442192078e-01,2.588019333779811859e-02,-3.728880360722541809e-02,4.356625676155090332e-01,3.139888048171997070e-01,-5.120979156345129013e-03,-4.688039124011993408e-01,-9.794366359710693359e-02,-1.162731721997261047e-01,-5.055401921272277832e-01,4.114719927310943604e-01,-7.685904949903488159e-02,3.143275901675224304e-02,-1.676996983587741852e-02
-1.089903116226196289e+00,-1.947957128286361694e-01,8.220692276954650879e-01,-1.071137934923171997e-02,5.555151496082544327e-03,-9.290872216224670410e-01,-3.696638345718383789e-01,-2.675173878669738770e-01,3.865223261527717113e-04,-2.329875826835632324e-01,4.067024886608123779e-01,-1.170208677649497986e-01,-1.314870454370975494e-02,-1.348612308502197266e-01,-2.487232349812984467e-02,1.665461249649524689e-02,2.636724114418029785e-01,-1.073107421398162842e-01,3.868420794606208801e-02,-3.960368409752845764e-02,4.359101653099060059e-01,3.159244656562805176e-01,-4.040928091853857040e-03,-4.754071533679962158e-01,-9.818936884403228760e-02,-1.172371804714202881e-01,-5.055086612701416016e-01,4.109762609004974365e-01,-7.437883317470550537e-02,2.876386977732181549e-02,-2.246161177754402161e-02
-1.092135071754455566e+00,-1.960556507110595703e-01,8.223985433578491211e-01,-9.774453938007354736e-03,5.211677867919206619e-03,-9.273548126220703125e-01,-3.740192055702209473e-01,-2.614832818508148193e-01,2.250941237434744835e-03,-2.206150591373443604e-01,3.981777429580688477e-01,-1.209382787346839905e-01,-1.693973317742347717e-02,-1.510733664035797119e-01,-2.798116765916347504e-02,2.467949874699115753e-02,2.852926850318908691e-01,-9.987853467464447021e-02,4.616291075944900513e-02,-4.115834832191467285e-02,4.353010058403015137e-01,3.177116215229034424e-01,-3.454606281593441963e-03,-4.790197014808654785e-01,-9.861024469137191772e-02,-1.178525164723396301e-01,-5.058871507644653320e-01,4.097859859466552734e-01,-7.234466075897216797e-02,2.698349393904209137e-02,-2.659774571657180786e-02
-1.094247579574584961e+00,-1.973002552986145020e-01,8.228585124015808105e-01,-8.878933265805244446e-03,4.125688225030899048e-03,-9.250752925872802734e-01,-3.796575665473937988e-01,-2.563298344612121582e-01,2.633566968142986298e-03,-2.061292082071304321e-01,3.883580863475799561e-01,-1.144441291689872742e-01,-1.597692072391510010e-02,-1.692230105400085449e-01,-3.085684962570667267e-02,3.759036585688591003e-02,3.079667091369628906e-01,-9.522691369056701660e-02,4.924443736672401428e-02,-4.427003860473632812e-02,4.343547821044921875e-01,3.193762302398681641e-01,-2.726169303059577942e-03,-4.828691184520721436e-01,-9.851663559675216675e-02,-1.188631579279899597e-01,-5.066684484481811523e-01,4.080130159854888916e-01,-7.006725668907165527e-02,2.500458806753158569e-02,-3.103532269597053528e-02
-1.095744729042053223e+00,-1.985271275043487549e-01,8.233765363693237305e-01,-8.876838721334934235e-03,2.563867252320051193e-03,-9.233557581901550293e-01,-3.838343024253845215e-01,-2.501862645149230957e-01,2.446111058816313744e-03,-1.907465606927871704e-01,3.764554262161254883e-01,-1.055425256490707397e-01,-1.915610022842884064e-02,-1.852509826421737671e-01,-3.401580080389976501e-02,4.963271692395210266e-02,3.293085694313049316e-01,-9.136869758367538452e-02,5.139236524701118469e-02,-4.579179733991622925e-02,4.330517053604125977e-01,3.208204805850982666e-01,-2.230660524219274521e-03,-4.869664907455444336e-01,-9.846525639295578003e-02,-1.199867352843284607e-01,-5.081233978271484375e-01,4.051317274570465088e-01,-6.590092182159423828e-02,2.179245278239250183e-02,-3.606219962239265442e-02
-1.097110986709594727e+00,-1.998872458934783936e-01,8.240013718605041504e-01,-9.218952618539333344e-03,1.508811488747596741e-03,-9.214486479759216309e-01,-3.883877992630004883e-01,-2.418861985206604004e-01,3.862207289785146713e-03,-1.737702339887619019e-01,3.633367121219635010e-01,-9.850974380970001221e-02,-2.987056039273738861e-02,-2.019936889410018921e-01,-3.640395775437355042e-02,5.532176420092582703e-02,3.528642356395721436e-01,-8.625559508800506592e-02,5.734065920114517212e-02,-4.580170661211013794e-02,4.314306676387786865e-01,3.221568763256072998e-01,-2.253891667351126671e-03,-4.910582304000854492e-01,-9.881233423948287964e-02,-1.218226552009582520e-01,-5.095678567886352539e-01,4.012090861797332764e-01,-6.218932569026947021e-02,1.724532619118690491e-02,-4.151671007275581360e-02
-1.098406791687011719e+00,-2.014288306236267090e-01,8.244938850402832031e-01,-9.813042357563972473e-03,1.371368533000349998e-03,-9.199276566505432129e-01,-3.919629156589508057e-01,-2.342220991849899292e-01,5.744474008679389954e-03,-1.587325334548950195e-01,3.529646992683410645e-01,-9.196579456329345703e-02,-3.958981856703758240e-02,-2.202783524990081787e-01,-3.751840069890022278e-02,6.346491724252700806e-02,3.814015090465545654e-01,-7.947044819593429565e-02,5.328676104545593262e-02,-4.791428893804550171e-02,4.297518432140350342e-01,3.238178789615631104e-01,-3.103240160271525383e-03,-4.952474832534790039e-01,-1.002470403909683228e-01,-1.241784617304801941e-01,-5.103065967559814453e-01,3.965154588222503662e-01,-5.953948199748992920e-02,1.142214331775903702e-02,-4.748353362083435059e-02
-1.099856972694396973e+00,-2.032119780778884888e-01,8.250083327293395996e-01,-9.812118485569953918e-03,1.220432110130786896e-03,-9.181544780731201172e-01,-3.960992693901062012e-01,-2.282661199569702148e-01,7.427634205669164658e-03,-1.428175866603851318e-01,3.447905480861663818e-01,-8.799561858177185059e-02,-4.439502581954002380e-02,-2.417996972799301147e-01,-3.838136419653892517e-02,7.126341015100479126e-02,4.119495153427124023e-01,-6.727866083383560181e-02,5.415992066264152527e-02,-5.015010386705398560e-02,4.277606010437011719e-01,3.254962265491485596e-01,-4.571610596030950546e-03,-4.998356103897094727e-01,-1.021424159407615662e-01,-1.268717199563980103e-01,-5.104426741600036621e-01,3.914342820644378662e-01,-5.823140591382980347e-02,5.009965039789676666e-03,-5.359222367405891418e-02
-1.101578474044799805e+00,-2.051198333501815796e-01,8.254601955413818359e-01,-9.334970265626907349e-03,9.242377127520740032e-04,-9.158680438995361328e-01,-4.013697803020477295e-01,-2.235171049833297729e-01,8.779870346188545227e-03,-1.264437288045883179e-01,3.370848596096038818e-01,-8.537150174379348755e-02,-4.808266460895538330e-02,-2.673995196819305420e-01,-3.936163708567619324e-02,7.792222499847412109e-02,4.463595747947692871e-01,-5.410683527588844299e-02,6.814540177583694458e-02,-5.106896162033081055e-02,4.252836108207702637e-01,3.270961046218872070e-01,-6.432678550481796265e-03,-5.051727294921875000e-01,-1.039828062057495117e-01,-1.295675635337829590e-01,-5.102150440216064453e-01,3.861371576786041260e-01,-5.759058892726898193e-02,-1.605085795745253563e-03,-5.939606204628944397e-02
-1.103311061859130859e+00,-2.070900052785873413e-01,8.258285522460937500e-01,-8.631231263279914856e-03,4.247569304425269365e-04,-9.132790565490722656e-01,-4.072428345680236816e-01,-2.183533906936645508e-01,9.376299567520618439e-03,-1.100114136934280396e-01,3.286065757274627686e-01,-8.405108004808425903e-02,-4.667912796139717102e-02,-2.958295047283172607e-01,-4.031691327691078186e-02,8.712255209684371948e-02,4.830975532531738281e-01,-3.833089396357536316e-02,8.249618113040924072e-02,-5.269486084580421448e-02,4.225625097751617432e-01,3.287906348705291748e-01,-8.694571442902088165e-03,-5.111878514289855957e-01,-1.059288084506988525e-01,-1.320587098598480225e-01,-5.095422267913818359e-01,3.810763657093048096e-01,-5.769472569227218628e-02,-7.871710695326328278e-03,-6.466110050678253174e-02
-1.105092763900756836e+00,-2.092111557722091675e-01,8.259966969490051270e-01,-7.649289909750223160e-03,-1.222539576701819897e-04,-9.101700782775878906e-01,-4.141640663146972656e-01,-2.135805636644363403e-01,9.709781035780906677e-03,-9.343950450420379639e-02,3.199541568756103516e-01,-8.458411693572998047e-02,-4.274453967809677124e-02,-3.265771269798278809e-01,-4.058459773659706116e-02,9.730247408151626587e-02,5.207015275955200195e-01,-2.005492523312568665e-02,1.022178307175636292e-01,-5.320869013667106628e-02,4.197327792644500732e-01,3.305253982543945312e-01,-1.102317590266466141e-02,-5.175376534461975098e-01,-1.075310334563255310e-01,-1.337356865406036377e-01,-5.089642405509948730e-01,3.768018782138824463e-01,-5.753961205482482910e-02,-1.279159169644117355e-02,-6.918044388294219971e-02
-1.106979608535766602e+00,-2.112412750720977783e-01,8.261303901672363281e-01,-6.361470557749271393e-03,-1.037961919791996479e-03,-9.065592885017395020e-01,-4.220292866230010986e-01,-2.078323066234588623e-01,9.807965718209743500e-03,-7.518040388822555542e-02,3.097237944602966309e-01,-8.587390929460525513e-02,-3.908162936568260193e-02,-3.583093881607055664e-01,-4.131628572940826416e-02,1.055559590458869934e-01,5.567544698715209961e-01,-9.975625434890389442e-04,1.326073259115219116e-01,-5.231535807251930237e-02,4.167156219482421875e-01,3.322817981243133545e-01,-1.313436683267354965e-02,-5.241573452949523926e-01,-1.084543392062187195e-01,-1.346569806337356567e-01,-5.086983442306518555e-01,3.734301924705505371e-01,-5.702819675207138062e-02,-1.614227145910263062e-02,-7.280594855546951294e-02
-1.108873963356018066e+00,-2.132286876440048218e-01,8.261421918869018555e-01,-5.077040288597345352e-03,-2.562727779150009155e-03,-9.024820327758789062e-01,-4.306899309158325195e-01,-2.020145058631896973e-01,8.941071107983589172e-03,-5.541549250483512878e-02,2.988982796669006348e-01,-8.648173511028289795e-02,-3.477128967642784119e-02,-3.900099396705627441e-01,-4.317769780755043030e-02,1.117742359638214111e-01,5.904731154441833496e-01,1.691985316574573517e-02,1.759764254093170166e-01,-4.990372806787490845e-02,4.137103259563446045e-01,3.340603411197662354e-01,-1.497053634375333786e-02,-5.305538773536682129e-01,-1.088671758770942688e-01,-1.347166150808334351e-01,-5.089893937110900879e-01,3.713608980178833008e-01,-5.619500204920768738e-02,-1.747686415910720825e-02,-7.550535351037979126e-02
-1.110770940780639648e+00,-2.149459570646286011e-01,8.262008428573608398e-01,-3.026975318789482117e-03,-4.575892351567745209e-03,-8.982458114624023438e-01,-4.394591748714447021e-01,-1.955145299434661865e-01,8.131430484354496002e-03,-3.444676473736763000e-02,2.866618037223815918e-01,-8.697786927223205566e-02,-3.044441156089305878e-02,-4.225879311561584473e-01,-4.798704013228416443e-02,1.160362437367439270e-01,6.190583109855651855e-01,3.444339707493782043e-02,2.110389918088912964e-01,-4.614918678998947144e-02,4.105647802352905273e-01,3.361212015151977539e-01,-1.636802218854427338e-02,-5.372086167335510254e-01,-1.086209341883659363e-01,-1.340216696262359619e-01,-5.097581148147583008e-01,3.705881834030151367e-01,-5.524617061018943787e-02,-1.671629585325717926e-02,-7.755148410797119141e-02
-1.112547755241394043e+00,-2.166332304477691650e-01,8.262505531311035156e-01,-2.412420930340886116e-03,-6.604467518627643585e-03,-8.936581015586853027e-01,-4.486933648586273193e-01,-1.934768110513687134e-01,5.613763350993394852e-03,-1.361264009028673172e-02,2.795263528823852539e-01,-8.491326123476028442e-02,-2.743272297084331512e-02,-4.536643624305725098e-01,-5.374399945139884949e-02,1.153573840856552124e-01,6.527171730995178223e-01,4.587714001536369324e-02,2.423834949731826782e-01,-4.010200873017311096e-02,4.077836275100708008e-01,3.382535874843597412e-01,-1.708826422691345215e-02,-5.426954627037048340e-01,-1.076046898961067200e-01,-1.323369741439819336e-01,-5.111681222915649414e-01,3.712179958820343018e-01,-5.372273921966552734e-02,-1.379702426493167877e-02,-7.888038456439971924e-02
-1.114149928092956543e+00,-2.182592749595642090e-01,8.262545466423034668e-01,-1.632525352761149406e-03,-8.149951696395874023e-03,-8.892775177955627441e-01,-4.572924375534057617e-01,-1.899856925010681152e-01,4.428524523973464966e-03,5.751871969550848007e-03,2.734765410423278809e-01,-8.469422906637191772e-02,-2.488142810761928558e-02,-4.865131378173828125e-01,-5.971046164631843567e-02,1.107473820447921753e-01,6.914570927619934082e-01,4.874648153781890869e-02,2.500277161598205566e-01,-3.406983986496925354e-02,4.052668511867523193e-01,3.407471776008605957e-01,-1.700807362794876099e-02,-5.470637679100036621e-01,-1.057287529110908508e-01,-1.299899816513061523e-01,-5.130245685577392578e-01,3.728467226028442383e-01,-5.178866535425186157e-02,-8.881341665983200073e-03,-7.984019815921783447e-02
-1.115683078765869141e+00,-2.196979820728302002e-01,8.264033198356628418e-01,-5.979604320600628853e-04,-9.230747818946838379e-03,-8.851856589317321777e-01,-4.651459455490112305e-01,-1.848833411931991577e-01,4.066272638738155365e-03,2.332972921431064606e-02,2.663157880306243896e-01,-8.532980829477310181e-02,-2.323541790246963501e-02,-5.178622603416442871e-01,-6.723798066377639771e-02,1.012858375906944275e-01,7.300183176994323730e-01,3.941203281283378601e-02,2.362918108701705933e-01,-2.816458605229854584e-02,4.029133021831512451e-01,3.435647487640380859e-01,-1.604722999036312103e-02,-5.499671101570129395e-01,-1.031838729977607727e-01,-1.274918466806411743e-01,-5.150282382965087891e-01,3.749258220195770264e-01,-4.992397129535675049e-02,-2.973878290504217148e-03,-8.054380863904953003e-02
-1.117187142372131348e+00,-2.209594547748565674e-01,8.267118930816650391e-01,6.646806286880746484e-05,-9.753271006047725677e-03,-8.813367486000061035e-01,-4.723879992961883545e-01,-1.823384761810302734e-01,3.913633059710264206e-03,3.863997384905815125e-02,2.611724138259887695e-01,-8.405308425426483154e-02,-2.152255177497863770e-02,-5.463366508483886719e-01,-7.644592225551605225e-02,8.799965679645538330e-02,7.679766416549682617e-01,2.327495999634265900e-02,2.117157578468322754e-01,-2.293214574456214905e-02,4.007866680622100830e-01,3.465141057968139648e-01,-1.428743265569210052e-02,-5.511212944984436035e-01,-1.001688241958618164e-01,-1.252510696649551392e-01,-5.169579982757568359e-01,3.767746984958648682e-01,-4.834924265742301941e-02,2.678456716239452362e-03,-8.100851625204086304e-02
-1.118507981300354004e+00,-2.220658957958221436e-01,8.269099593162536621e-01,7.146646385081112385e-04,-1.005322299897670746e-02,-8.780062198638916016e-01,-4.785431027412414551e-01,-1.790147572755813599e-01,4.275242332369089127e-03,5.247429013252258301e-02,2.569310367107391357e-01,-8.413772284984588623e-02,-1.986801251769065857e-02,-5.723773241043090820e-01,-8.711357414722442627e-02,7.227403670549392700e-02,8.050091862678527832e-01,6.253493018448352814e-03,1.864760220050811768e-01,-1.950279995799064636e-02,3.986307978630065918e-01,3.495077490806579590e-01,-1.183248590677976608e-02,-5.509065985679626465e-01,-9.664665162563323975e-02,-1.237685084342956543e-01,-5.185121893882751465e-01,3.777795135974884033e-01,-4.758473858237266541e-02,7.262108381837606430e-03,-8.136387169361114502e-02
-1.119751334190368652e+00,-2.231014668941497803e-01,8.271999955177307129e-01,1.451313146390020847e-03,-1.029470562934875488e-02,-8.749697208404541016e-01,-4.840659797191619873e-01,-1.758357286453247070e-01,4.696782678365707397e-03,6.516577303409576416e-02,2.518573701381683350e-01,-8.361027389764785767e-02,-1.914332807064056396e-02,-5.965319871902465820e-01,-9.876821190118789673e-02,5.681687220931053162e-02,8.412074446678161621e-01,-1.198170892894268036e-02,1.605992913246154785e-01,-1.748759485781192780e-02,3.963269293308258057e-01,3.524243533611297607e-01,-8.842444978654384613e-03,-5.497629046440124512e-01,-9.273050725460052490e-02,-1.232387498021125793e-01,-5.193616151809692383e-01,3.777267932891845703e-01,-4.799765720963478088e-02,1.017960906028747559e-02,-8.157279342412948608e-02
-1.120883822441101074e+00,-2.240462005138397217e-01,8.276010751724243164e-01,1.933997147716581821e-03,-1.008358318358659744e-02,-8.721356391906738281e-01,-4.891563951969146729e-01,-1.722388714551925659e-01,5.781955085694789886e-03,7.764524221420288086e-02,2.471040338277816772e-01,-8.295176923274993896e-02,-1.792453229427337646e-02,-6.175006031990051270e-01,-1.108310222625732422e-01,4.023772478103637695e-02,8.756325244903564453e-01,-2.800355851650238037e-02,1.335292905569076538e-01,-1.596230268478393555e-02,3.940253555774688721e-01,3.552246093750000000e-01,-5.592753645032644272e-03,-5.477702021598815918e-01,-8.864974230527877808e-02,-1.235907077789306641e-01,-5.193956494331359863e-01,3.763761818408966064e-01,-4.934424906969070435e-02,1.095311902463436127e-02,-8.170086145401000977e-02
-1.122085690498352051e+00,-2.249282598495483398e-01,8.280922770500183105e-01,2.638345118612051010e-03,-9.564642794430255890e-03,-8.696177005767822266e-01,-4.936259388923645020e-01,-1.679815798997879028e-01,7.281796541064977646e-03,8.896742761135101318e-02,2.414595484733581543e-01,-8.208426833152770996e-02,-1.599320955574512482e-02,-6.351465582847595215e-01,-1.219511479139328003e-01,2.477871067821979523e-02,9.067260026931762695e-01,-4.398613795638084412e-02,1.097539290785789490e-01,-1.580922864377498627e-02,3.916065394878387451e-01,3.579659163951873779e-01,-2.382197650149464607e-03,-5.453717708587646484e-01,-8.460693806409835815e-02,-1.246247738599777222e-01,-5.186213850975036621e-01,3.737342953681945801e-01,-5.144067108631134033e-02,9.520626626908779144e-03,-8.185815066099166870e-02
-1.123224616050720215e+00,-2.257469892501831055e-01,8.285725712776184082e-01,3.074012929573655128e-03,-8.750353008508682251e-03,-8.672974705696105957e-01,-4.977038502693176270e-01,-1.634200066328048706e-01,8.970721624791622162e-03,9.968002885580062866e-02,2.361772507429122925e-01,-8.126905560493469238e-02,-1.445314101874828339e-02,-6.501000523567199707e-01,-1.327897012233734131e-01,1.058613881468772888e-02,9.367102980613708496e-01,-5.857496708631515503e-02,8.486381173133850098e-02,-1.622275821864604950e-02,3.892502188682556152e-01,3.606226444244384766e-01,4.813914129044860601e-04,-5.428788065910339355e-01,-8.094104379415512085e-02,-1.257308572530746460e-01,-5.172824263572692871e-01,3.698020577430725098e-01,-5.292983725666999817e-02,5.863307975232601166e-03,-8.199694752693176270e-02
-1.124381065368652344e+00,-2.265368700027465820e-01,8.290025591850280762e-01,3.477013669908046722e-03,-8.021175861358642578e-03,-8.650502562522888184e-01,-5.016090273857116699e-01,-1.579534411430358887e-01,1.026048045605421066e-02,1.097126677632331848e-01,2.305794209241867065e-01,-8.085527271032333374e-02,-1.310530956834554672e-02,-6.630128026008605957e-01,-1.431705206632614136e-01,-1.830649911426007748e-03,9.644010663032531738e-01,-7.068413496017456055e-02,6.502997130155563354e-02,-1.676747761666774750e-02,3.870014250278472900e-01,3.632091283798217773e-01,2.765889745205640793e-03,-5.404564738273620605e-01,-7.777792960405349731e-02,-1.269226521253585815e-01,-5.152838826179504395e-01,3.650723695755004883e-01,-5.434575304388999939e-02,5.972952349111437798e-04,-8.208579570055007935e-02
-1.125541210174560547e+00,-2.273248732089996338e-01,8.294783234596252441e-01,3.870411310344934464e-03,-7.210116367787122726e-03,-8.628067970275878906e-01,-5.054675936698913574e-01,-1.544104218482971191e-01,1.157015934586524963e-02,1.189644932746887207e-01,2.261500060558319092e-01,-7.940772175788879395e-02,-1.159323938190937042e-02,-6.733621358871459961e-01,-1.524130254983901978e-01,-1.276359707117080688e-02,9.891772270202636719e-01,-8.090624213218688965e-02,5.069229006767272949e-02,-1.763428188860416412e-02,3.850214779376983643e-01,3.656488656997680664e-01,4.212897270917892456e-03,-5.382561087608337402e-01,-7.536298781633377075e-02,-1.274926662445068359e-01,-5.131261944770812988e-01,3.602440953254699707e-01,-5.482047423720359802e-02,-5.159681662917137146e-03,-8.206389099359512329e-02
-1.126677632331848145e+00,-2.279840707778930664e-01,8.299071192741394043e-01,4.480462986975908279e-03,-6.478807423263788223e-03,-8.606467247009277344e-01,-5.091416239738464355e-01,-1.500582993030548096e-01,1.298311632126569748e-02,1.279546171426773071e-01,2.213355004787445068e-01,-7.902751117944717407e-02,-1.057699881494045258e-02,-6.822997331619262695e-01,-1.609321236610412598e-01,-2.241122908890247345e-02,1.012061715126037598e+00,-8.849535882472991943e-02,3.820102289319038391e-02,-1.883173733949661255e-02,3.833607733249664307e-01,3.680155277252197266e-01,4.749855026602745056e-03,-5.364139080047607422e-01,-7.387442141771316528e-02,-1.272404342889785767e-01,-5.110090374946594238e-01,3.558023869991302490e-01,-5.417256429791450500e-02,-1.052799914032220840e-02,-8.197021484375000000e-02
-1.127826452255249023e+00,-2.285108417272567749e-01,8.302950263023376465e-01,5.228625144809484482e-03,-6.038683000952005386e-03,-8.586357831954956055e-01,-5.125240087509155273e-01,-1.449846029281616211e-01,1.385387592017650604e-02,1.366091817617416382e-01,2.156327366828918457e-01,-7.884691655635833740e-02,-9.797194972634315491e-03,-6.898533105850219727e-01,-1.686718463897705078e-01,-2.985679917037487030e-02,1.032650113105773926e+00,-9.628272801637649536e-02,2.911058440804481506e-02,-2.046202495694160461e-02,3.820239603519439697e-01,3.703052997589111328e-01,4.406090825796127319e-03,-5.349550247192382812e-01,-7.328756153583526611e-02,-1.264328509569168091e-01,-5.089126229286193848e-01,3.517588675022125244e-01,-5.283023044466972351e-02,-1.538053993135690689e-02,-8.179060369729995728e-02
-1.128827810287475586e+00,-2.289020568132400513e-01,8.305535912513732910e-01,5.810960195958614349e-03,-5.950987339019775391e-03,-8.565335273742675781e-01,-5.160242915153503418e-01,-1.405376344919204712e-01,1.413554605096578598e-02,1.454278826713562012e-01,2.102280557155609131e-01,-7.837101817131042480e-02,-9.084117598831653595e-03,-6.963722705841064453e-01,-1.763346344232559204e-01,-3.633154183626174927e-02,1.051516532897949219e+00,-1.026585549116134644e-01,2.246613800525665283e-02,-2.153601683676242828e-02,3.810066580772399902e-01,3.723978400230407715e-01,3.245853818953037262e-03,-5.339170098304748535e-01,-7.348742336034774780e-02,-1.250221282243728638e-01,-5.070449709892272949e-01,3.483683764934539795e-01,-5.086496844887733459e-02,-1.924460381269454956e-02,-8.152834326028823853e-02
-1.129678249359130859e+00,-2.291596680879592896e-01,8.307415843009948730e-01,6.343865301460027695e-03,-6.140945013612508774e-03,-8.544871807098388672e-01,-5.193974375724792480e-01,-1.386286914348602295e-01,1.415327657014131546e-02,1.537712961435317993e-01,2.065393626689910889e-01,-7.737697660923004150e-02,-8.205482736229896545e-03,-7.015965580940246582e-01,-1.831172406673431396e-01,-4.090835899114608765e-02,1.068433880805969238e+00,-1.088595166802406311e-01,1.585622318089008331e-02,-2.277024462819099426e-02,3.803275525569915771e-01,3.741895556449890137e-01,1.415024045854806900e-03,-5.330805182456970215e-01,-7.433708757162094116e-02,-1.230462044477462769e-01,-5.054466724395751953e-01,3.460348546504974365e-01,-4.878350719809532166e-02,-2.142916247248649597e-02,-8.117490261793136597e-02
-1.130403041839599609e+00,-2.294163256883621216e-01,8.309785127639770508e-01,7.045474369078874588e-03,-6.130320951342582703e-03,-8.525354266166687012e-01,-5.225860476493835449e-01,-1.368964165449142456e-01,1.489001978188753128e-02,1.615391075611114502e-01,2.036433815956115723e-01,-7.704047113656997681e-02,-7.347939070314168930e-03,-7.046362161636352539e-01,-1.883920729160308838e-01,-4.518016800284385681e-02,1.081775188446044922e+00,-1.139905303716659546e-01,1.159775909036397934e-02,-2.376077324151992798e-02,3.798284232616424561e-01,3.756694793701171875e-01,-9.380560950376093388e-04,-5.325031876564025879e-01,-7.569850981235504150e-02,-1.208553463220596313e-01,-5.040161609649658203e-01,3.445606827735900879e-01,-4.718227684497833252e-02,-2.214637771248817444e-02,-8.082716912031173706e-02
-1.131007313728332520e+00,-2.294898182153701782e-01,8.311326503753662109e-01,7.468591909855604172e-03,-6.372224539518356323e-03,-8.505153656005859375e-01,-5.258585810661315918e-01,-1.376420557498931885e-01,1.523467525839805603e-02,1.689607501029968262e-01,2.027398347854614258e-01,-7.614017277956008911e-02,-6.628031376749277115e-03,-7.055495977401733398e-01,-1.941784769296646118e-01,-4.957176372408866882e-02,1.092645883560180664e+00,-1.199907287955284119e-01,6.023362278938293457e-03,-2.396127581596374512e-02,3.794803917407989502e-01,3.768488168716430664e-01,-3.587394021451473236e-03,-5.320920944213867188e-01,-7.730377465486526489e-02,-1.185040771961212158e-01,-5.028190016746520996e-01,3.435781300067901611e-01,-4.577089846134185791e-02,-2.188532799482345581e-02,-8.051217347383499146e-02
-1.131587982177734375e+00,-2.294889986515045166e-01,8.312328457832336426e-01,7.765116635710000992e-03,-6.576841697096824646e-03,-8.485355377197265625e-01,-5.290405750274658203e-01,-1.350802183151245117e-01,1.548850443214178085e-02,1.766043752431869507e-01,2.006345242261886597e-01,-7.692495733499526978e-02,-6.406890228390693665e-03,-7.042719721794128418e-01,-2.000396102666854858e-01,-5.482763424515724182e-02,1.100659370422363281e+00,-1.247185915708541870e-01,2.278013620525598526e-03,-2.449123188853263855e-02,3.792852163314819336e-01,3.777233958244323730e-01,-6.399670150130987167e-03,-5.315799117088317871e-01,-7.901153713464736938e-02,-1.159298717975616455e-01,-5.017944574356079102e-01,3.429717719554901123e-01,-4.435848817229270935e-02,-2.070954069495201111e-02,-8.023481070995330811e-02
-1.132025837898254395e+00,-2.294043600559234619e-01,8.312627077102661133e-01,7.590383291244506836e-03,-6.909964606165885925e-03,-8.464298248291015625e-01,-5.324013829231262207e-01,-1.338122636079788208e-01,1.523179281502962112e-02,1.843767613172531128e-01,1.992567032575607300e-01,-7.645127177238464355e-02,-5.600735545158386230e-03,-7.004860639572143555e-01,-2.063704878091812134e-01,-6.063073873519897461e-02,1.105739474296569824e+00,-1.291068345308303833e-01,-1.372417667880654335e-03,-2.461047656834125519e-02,3.793672025203704834e-01,3.781763613224029541e-01,-9.345886297523975372e-03,-5.307362079620361328e-01,-8.070468902587890625e-02,-1.135061681270599365e-01,-5.008468031883239746e-01,3.424152433872222900e-01,-4.338286817073822021e-02,-1.923869550228118896e-02,-7.999745756387710571e-02
-1.132412672042846680e+00,-2.291826903820037842e-01,8.312552571296691895e-01,7.728777360171079636e-03,-7.359603885561227798e-03,-8.444972634315490723e-01,-5.354535579681396484e-01,-1.274811625480651855e-01,1.486413460224866867e-02,1.926684379577636719e-01,1.945214718580245972e-01,-7.803185284137725830e-02,-5.710494238883256912e-03,-6.949979662895202637e-01,-2.126271426677703857e-01,-6.768832355737686157e-02,1.107604742050170898e+00,-1.342316567897796631e-01,-4.865019116550683975e-03,-2.558452636003494263e-02,3.791833817958831787e-01,3.781895041465759277e-01,-1.290495600551366806e-02,-5.288499593734741211e-01,-8.270215988159179688e-02,-1.108017414808273315e-01,-4.997971355915069580e-01,3.411511182785034180e-01,-4.285063967108726501e-02,-1.662772707641124725e-02,-7.972479611635208130e-02
-1.132755279541015625e+00,-2.289038002490997314e-01,8.312289118766784668e-01,6.706860382109880447e-03,-7.480335887521505356e-03,-8.423147797584533691e-01,-5.388923287391662598e-01,-1.220061779022216797e-01,1.399244926869869232e-02,2.018620371818542480e-01,1.904585808515548706e-01,-7.739264518022537231e-02,-5.718136206269264221e-03,-6.853055953979492188e-01,-2.195094078779220581e-01,-7.515217363834381104e-02,1.106237292289733887e+00,-1.370714157819747925e-01,-6.879714317619800568e-03,-2.549189515411853790e-02,3.793939352035522461e-01,3.777330517768859863e-01,-1.636438444256782532e-02,-5.257755517959594727e-01,-8.424490690231323242e-02,-1.080713868141174316e-01,-4.990910291671752930e-01,3.397375643253326416e-01,-4.133232310414314270e-02,-1.405258197337388992e-02,-7.973916828632354736e-02
-1.132884502410888672e+00,-2.286702990531921387e-01,8.312178254127502441e-01,5.999699234962463379e-03,-7.625228259712457657e-03,-8.404003381729125977e-01,-5.418792366981506348e-01,-1.176586970686912537e-01,1.359760854393243790e-02,2.099723964929580688e-01,1.874986439943313599e-01,-7.666411250829696655e-02,-4.413207992911338806e-03,-6.736686825752258301e-01,-2.255846858024597168e-01,-8.420354127883911133e-02,1.101089000701904297e+00,-1.392589360475540161e-01,-1.052762381732463837e-02,-2.571177855134010315e-02,3.796057701110839844e-01,3.767645359039306641e-01,-1.968866400420665741e-02,-5.222072601318359375e-01,-8.526725322008132935e-02,-1.055909693241119385e-01,-4.985745847225189209e-01,3.379865288734436035e-01,-4.000467061996459961e-02,-1.202962175011634827e-02,-8.026710897684097290e-02
-1.133030295372009277e+00,-2.281567901372909546e-01,8.311790823936462402e-01,5.555440671741962433e-03,-7.980279624462127686e-03,-8.382385373115539551e-01,-5.452169775962829590e-01,-1.142826005816459656e-01,1.330128870904445648e-02,2.176741957664489746e-01,1.850762814283370972e-01,-7.662408053874969482e-02,-4.890255630016326904e-03,-6.605811715126037598e-01,-2.313371896743774414e-01,-9.429278969764709473e-02,1.092077612876892090e+00,-1.403876692056655884e-01,-1.439468655735254288e-02,-2.558662183582782745e-02,3.795539438724517822e-01,3.753894567489624023e-01,-2.261507511138916016e-02,-5.191283822059631348e-01,-8.488225191831588745e-02,-1.036910116672515869e-01,-4.979657530784606934e-01,3.356204926967620850e-01,-3.992078825831413269e-02,-1.188494171947240829e-02,-8.106974512338638306e-02
-1.133102416992187500e+00,-2.275788784027099609e-01,8.310878872871398926e-01,5.287736654281616211e-03,-8.357205428183078766e-03,-8.362494111061096191e-01,-5.482600927352905273e-01,-1.118894964456558228e-01,1.345781888812780380e-02,2.250594645738601685e-01,1.844837963581085205e-01,-7.762013375759124756e-02,-5.092927720397710800e-03,-6.452996134757995605e-01,-2.362168431282043457e-01,-1.053278073668479919e-01,1.079028367996215820e+00,-1.405249387025833130e-01,-1.541515998542308807e-02,-2.596060559153556824e-02,3.793992996215820312e-01,3.738438785076141357e-01,-2.533213980495929718e-02,-5.159450769424438477e-01,-8.428787440061569214e-02,-1.022376120090484619e-01,-4.973559081554412842e-01,3.327588737010955811e-01,-4.074556753039360046e-02,-1.326396968215703964e-02,-8.213863521814346313e-02
-1.133151531219482422e+00,-2.269459515810012817e-01,8.309478759765625000e-01,4.990519955754280090e-03,-8.685041218996047974e-03,-8.344246745109558105e-01,-5.510309934616088867e-01,-1.088504493236541748e-01,1.368790399283170700e-02,2.317165285348892212e-01,1.843114644289016724e-01,-7.937377691268920898e-02,-5.843546707183122635e-03,-6.273988485336303711e-01,-2.402827590703964233e-01,-1.171653643250465393e-01,1.061377525329589844e+00,-1.397037357091903687e-01,-1.729005388915538788e-02,-2.621029317378997803e-02,3.787816762924194336e-01,3.722608387470245361e-01,-2.802569419145584106e-02,-5.127808451652526855e-01,-8.312891423702239990e-02,-1.006791368126869202e-01,-4.969035387039184570e-01,3.295190930366516113e-01,-4.104382172226905823e-02,-1.497941836714744568e-02,-8.363730460405349731e-02
-1.133154392242431641e+00,-2.261163741350173950e-01,8.307877779006958008e-01,5.094389896839857101e-03,-9.325972758233547211e-03,-8.325222730636596680e-01,-5.538896322250366211e-01,-1.075717210769653320e-01,1.402449980378150940e-02,2.378787994384765625e-01,1.850752234458923340e-01,-8.127100020647048950e-02,-6.127681583166122437e-03,-6.084434986114501953e-01,-2.430115491151809692e-01,-1.294649541378021240e-01,1.039898276329040527e+00,-1.388150751590728760e-01,-1.670827157795429230e-02,-2.639191970229148865e-02,3.782570064067840576e-01,3.706133663654327393e-01,-3.029000014066696167e-02,-5.110063552856445312e-01,-8.230815082788467407e-02,-9.965224564075469971e-02,-4.964084923267364502e-01,3.263935744762420654e-01,-4.227483645081520081e-02,-1.627820916473865509e-02,-8.526773750782012939e-02
-1.132923126220703125e+00,-2.253751456737518311e-01,8.306289315223693848e-01,4.792991094291210175e-03,-9.377151727676391602e-03,-8.306939601898193359e-01,-5.566297173500061035e-01,-1.056781411170959473e-01,1.523535884916782379e-02,2.427855879068374634e-01,1.872149109840393066e-01,-8.385928720235824585e-02,-7.518922444432973862e-03,-5.856040716171264648e-01,-2.437420338392257690e-01,-1.423611491918563843e-01,1.013393878936767578e+00,-1.381247788667678833e-01,-1.510084234178066254e-02,-2.628464065492153168e-02,3.775005936622619629e-01,3.690112829208374023e-01,-3.260805830359458923e-02,-5.081946253776550293e-01,-8.152519911527633667e-02,-9.840485453605651855e-02,-4.959519505500793457e-01,3.227531015872955322e-01,-4.226367548108100891e-02,-1.845536008477210999e-02,-8.745764940977096558e-02
-1.132737398147583008e+00,-2.244506776332855225e-01,8.304540514945983887e-01,4.470802843570709229e-03,-9.469524957239627838e-03,-8.286183476448059082e-01,-5.597159862518310547e-01,-1.061830595135688782e-01,1.675814948976039886e-02,2.481547147035598755e-01,1.914408057928085327e-01,-8.624415844678878784e-02,-8.360607549548149109e-03,-5.604339241981506348e-01,-2.434014528989791870e-01,-1.563417762517929077e-01,9.820376038551330566e-01,-1.352452784776687622e-01,-1.052717771381139755e-02,-2.580411359667778015e-02,3.767722249031066895e-01,3.673336505889892578e-01,-3.473866730928421021e-02,-5.057963132858276367e-01,-8.049928396940231323e-02,-9.711274504661560059e-02,-4.955048859119415283e-01,3.192321658134460449e-01,-4.175239801406860352e-02,-1.949651911854743958e-02,-8.958712220191955566e-02
-1.132379889488220215e+00,-2.235449403524398804e-01,8.303133845329284668e-01,4.283938556909561157e-03,-9.635647758841514587e-03,-8.266142606735229492e-01,-5.626701712608337402e-01,-1.052150055766105652e-01,1.842451468110084534e-02,2.539906799793243408e-01,1.945785433053970337e-01,-8.864431083202362061e-02,-9.216323494911193848e-03,-5.331887006759643555e-01,-2.411271035671234131e-01,-1.703615039587020874e-01,9.450085163116455078e-01,-1.302981376647949219e-01,-4.347266629338264465e-03,-2.625540457665920258e-02,3.760234713554382324e-01,3.656184673309326172e-01,-3.652569651603698730e-02,-5.031832456588745117e-01,-7.918832451105117798e-02,-9.577966481447219849e-02,-4.949891567230224609e-01,3.158999085426330566e-01,-4.153311625123023987e-02,-1.949440874159336090e-02,-9.132786095142364502e-02
-1.131945252418518066e+00,-2.226454913616180420e-01,8.301380276679992676e-01,3.674968378618359566e-03,-9.673953987658023834e-03,-8.244858384132385254e-01,-5.657879710197448730e-01,-1.028503105044364929e-01,1.976618170738220215e-02,2.599630057811737061e-01,1.966901570558547974e-01,-9.074991196393966675e-02,-1.077731139957904816e-02,-5.034002661705017090e-01,-2.380847036838531494e-01,-1.851164251565933228e-01,9.035578370094299316e-01,-1.218502372503280640e-01,1.757465419359505177e-03,-2.623334713280200958e-02,3.752355575561523438e-01,3.638351857662200928e-01,-3.796293213963508606e-02,-5.008384585380554199e-01,-7.733061164617538452e-02,-9.434249997138977051e-02,-4.942864179611206055e-01,3.128311932086944580e-01,-4.185102134943008423e-02,-1.903844811022281647e-02,-9.277154505252838135e-02
-1.131383895874023438e+00,-2.217253893613815308e-01,8.299582600593566895e-01,3.173330100253224373e-03,-9.634617716073989868e-03,-8.222771883010864258e-01,-5.689967870712280273e-01,-1.007114052772521973e-01,2.155841886997222900e-02,2.659373283386230469e-01,1.990498304367065430e-01,-9.321720153093338013e-02,-1.277034822851419449e-02,-4.716585874557495117e-01,-2.330804169178009033e-01,-2.005726546049118042e-01,8.568855524063110352e-01,-1.094382107257843018e-01,1.349721010774374008e-02,-2.620641514658927917e-02,3.745523393154144287e-01,3.619599342346191406e-01,-3.935473412275314331e-02,-4.984106719493865967e-01,-7.613947242498397827e-02,-9.258057177066802979e-02,-4.936525821685791016e-01,3.104422688484191895e-01,-4.218941554427146912e-02,-1.616065576672554016e-02,-9.401810169219970703e-02
-1.130652070045471191e+00,-2.204851657152175903e-01,8.296170234680175781e-01,2.790511352941393852e-03,-9.545234963297843933e-03,-8.203836679458618164e-01,-5.717269778251647949e-01,-9.425072371959686279e-02,2.344351634383201599e-02,2.712258398532867432e-01,1.993748396635055542e-01,-9.758105874061584473e-02,-1.556592341512441635e-02,-4.372963309288024902e-01,-2.267709076404571533e-01,-2.175177037715911865e-01,8.053002953529357910e-01,-9.563904255628585815e-02,2.535373158752918243e-02,-2.650062181055545807e-02,3.739184141159057617e-01,3.601495027542114258e-01,-4.079665616154670715e-02,-4.964778125286102295e-01,-7.591860741376876831e-02,-9.034418314695358276e-02,-4.929634928703308105e-01,3.084892928600311279e-01,-4.108111187815666199e-02,-1.282923109829425812e-02,-9.500157833099365234e-02
-1.129957675933837891e+00,-2.193871885538101196e-01,8.292904496192932129e-01,1.716500613838434219e-03,-9.294074028730392456e-03,-8.180925846099853516e-01,-5.750088095664978027e-01,-9.695363789796829224e-02,2.578455209732055664e-02,2.753901779651641846e-01,2.071366459131240845e-01,-9.927175194025039673e-02,-1.647278107702732086e-02,-4.006172120571136475e-01,-2.197358608245849609e-01,-2.346307039260864258e-01,7.490123510360717773e-01,-7.577715069055557251e-02,3.934663906693458557e-02,-2.525344863533973694e-02,3.733988404273986816e-01,3.581154644489288330e-01,-4.226104542613029480e-02,-4.946671426296234131e-01,-7.547594606876373291e-02,-8.795987069606781006e-02,-4.923789203166961670e-01,3.068930208683013916e-01,-4.072168096899986267e-02,-9.696432389318943024e-03,-9.566404670476913452e-02
-1.129101276397705078e+00,-2.180758863687515259e-01,8.288308382034301758e-01,1.369388774037361145e-03,-9.513721801340579987e-03,-8.161964416503906250e-01,-5.776945352554321289e-01,-9.715904295444488525e-02,2.826326340436935425e-02,2.789531648159027100e-01,2.142562121152877808e-01,-1.040890589356422424e-01,-1.864137127995491028e-02,-3.640654087066650391e-01,-2.115119844675064087e-01,-2.533346414566040039e-01,6.884303689002990723e-01,-5.036783590912818909e-02,5.317896232008934021e-02,-2.582737244665622711e-02,3.728557229042053223e-01,3.561983108520507812e-01,-4.372782632708549500e-02,-4.937358498573303223e-01,-7.551210373640060425e-02,-8.588850498199462891e-02,-4.915874898433685303e-01,3.053342401981353760e-01,-4.273317009210586548e-02,-7.881087251007556915e-03,-9.599601477384567261e-02
-1.127910733222961426e+00,-2.167945504188537598e-01,8.283337950706481934e-01,5.024603451602160931e-04,-9.515468031167984009e-03,-8.145447373390197754e-01,-5.800224542617797852e-01,-9.785892814397811890e-02,3.078430145978927612e-02,2.810399234294891357e-01,2.220809161663055420e-01,-1.082785055041313171e-01,-2.099837362766265869e-02,-3.254307508468627930e-01,-2.022824734449386597e-01,-2.732030749320983887e-01,6.244013905525207520e-01,-1.717776246368885040e-02,6.639022380113601685e-02,-2.642067894339561462e-02,3.723848164081573486e-01,3.543413281440734863e-01,-4.530092701315879822e-02,-4.931166768074035645e-01,-7.597903907299041748e-02,-8.366034179925918579e-02,-4.905897080898284912e-01,3.042792975902557373e-01,-4.541660845279693604e-02,-4.781876225024461746e-03,-9.609059244394302368e-02
-1.126606583595275879e+00,-2.155915647745132446e-01,8.278233408927917480e-01,-4.449248954188078642e-04,-9.812600910663604736e-03,-8.123753666877746582e-01,-5.830521583557128906e-01,-1.000173911452293396e-01,3.301814571022987366e-02,2.822152674198150635e-01,2.326126843690872192e-01,-1.113168075680732727e-01,-2.306666225194931030e-02,-2.895218431949615479e-01,-1.930231899023056030e-01,-2.923979759216308594e-01,5.684823393821716309e-01,-1.341405790299177170e-02,8.034137636423110962e-02,-2.617700211703777313e-02,3.719775378704071045e-01,3.524349331855773926e-01,-4.692356288433074951e-02,-4.928823113441467285e-01,-7.637711614370346069e-02,-8.129341900348663330e-02,-4.898024201393127441e-01,3.034302890300750732e-01,-4.673415422439575195e-02,-1.376550295390188694e-03,-9.597970545291900635e-02
-1.125220417976379395e+00,-2.144042551517486572e-01,8.271874785423278809e-01,-1.301641925238072872e-03,-9.140069596469402313e-03,-8.105583786964416504e-01,-5.855851173400878906e-01,-1.010135859251022339e-01,3.742059692740440369e-02,2.842093408107757568e-01,2.433024793863296509e-01,-1.173065677285194397e-01,-2.569643594324588776e-02,-2.542639672756195068e-01,-1.817431896924972534e-01,-3.110595345497131348e-01,5.184957981109619141e-01,-3.906764835119247437e-02,7.728157192468643188e-02,-2.648928016424179077e-02,3.717842400074005127e-01,3.507737815380096436e-01,-4.861693456768989563e-02,-4.924099743366241455e-01,-7.715474069118499756e-02,-7.909849286079406738e-02,-4.885257482528686523e-01,3.026797771453857422e-01,-4.978562518954277039e-02,1.059718197211623192e-03,-9.548389911651611328e-02
-1.123528480529785156e+00,-2.133845686912536621e-01,8.265104293823242188e-01,-2.358330879360437393e-03,-8.187756873667240143e-03,-8.089253902435302734e-01,-5.878496170043945312e-01,-1.038416326045989990e-01,4.273205995559692383e-02,2.845393717288970947e-01,2.572365999221801758e-01,-1.226603463292121887e-01,-2.820966206490993500e-02,-2.217539101839065552e-01,-1.697183847427368164e-01,-3.249596953392028809e-01,4.761900901794433594e-01,-7.010968774557113647e-02,6.563583761453628540e-02,-2.716495096683502197e-02,3.718038797378540039e-01,3.494997322559356689e-01,-5.023225024342536926e-02,-4.914514422416687012e-01,-7.778643816709518433e-02,-7.651764154434204102e-02,-4.870816767215728760e-01,3.022056221961975098e-01,-5.083864182233810425e-02,4.175057169049978256e-03,-9.483196586370468140e-02
-1.121812343597412109e+00,-2.123000770807266235e-01,8.258611559867858887e-01,-2.853777259588241577e-03,-7.607989013195037842e-03,-8.066415190696716309e-01,-5.909851193428039551e-01,-1.078247502446174622e-01,4.781974107027053833e-02,2.838333547115325928e-01,2.712272405624389648e-01,-1.280870735645294189e-01,-3.093467094004154205e-02,-1.922739744186401367e-01,-1.572001427412033081e-01,-3.387700021266937256e-01,4.339958429336547852e-01,-9.635471552610397339e-02,5.523604154586791992e-02,-2.582850493490695953e-02,3.717463910579681396e-01,3.484932780265808105e-01,-5.159711837768554688e-02,-4.911306798458099365e-01,-7.741749286651611328e-02,-7.415648549795150757e-02,-4.853919744491577148e-01,3.017073869705200195e-01,-5.281404405832290649e-02,6.600297056138515472e-03,-9.381838142871856689e-02
-1.120032906532287598e+00,-2.112663239240646362e-01,8.252449631690979004e-01,-3.514999290928244591e-03,-6.981005892157554626e-03,-8.040543794631958008e-01,-5.945044159889221191e-01,-1.117479428648948669e-01,5.350197479128837585e-02,2.853468954563140869e-01,2.860806882381439209e-01,-1.329293996095657349e-01,-3.375047072768211365e-02,-1.647000461816787720e-01,-1.458427011966705322e-01,-3.569738566875457764e-01,3.946900963783264160e-01,-1.185013353824615479e-01,5.275969579815864563e-02,-2.350552752614021301e-02,3.717325627803802490e-01,3.477482497692108154e-01,-5.277774110436439514e-02,-4.908468723297119141e-01,-7.722712308168411255e-02,-7.206322252750396729e-02,-4.837854206562042236e-01,3.012771904468536377e-01,-5.372142046689987183e-02,7.706041447818279266e-03,-9.275680035352706909e-02
-1.118125319480895996e+00,-2.102145999670028687e-01,8.248404264450073242e-01,-4.136645700782537460e-03,-6.193397101014852524e-03,-8.019730448722839355e-01,-5.973137617111206055e-01,-1.178571209311485291e-01,5.968384817242622375e-02,2.833678424358367920e-01,3.039160072803497314e-01,-1.348637044429779053e-01,-3.672363609075546265e-02,-1.416521072387695312e-01,-1.352646201848983765e-01,-3.698387742042541504e-01,3.601702451705932617e-01,-1.317486315965652466e-01,4.809389635920524597e-02,-2.363918162882328033e-02,3.717313408851623535e-01,3.472010791301727295e-01,-5.363259464502334595e-02,-4.901143908500671387e-01,-7.621058076620101929e-02,-6.996157765388488770e-02,-4.817892909049987793e-01,3.011400997638702393e-01,-5.582803860306739807e-02,9.526573121547698975e-03,-9.160112589597702026e-02
-1.116279721260070801e+00,-2.093483656644821167e-01,8.245907425880432129e-01,-4.536441992968320847e-03,-5.120551213622093201e-03,-8.004685640335083008e-01,-5.993356704711914062e-01,-1.258655488491058350e-01,6.673771142959594727e-02,2.796003222465515137e-01,3.239307701587677002e-01,-1.351954638957977295e-01,-3.928891941905021667e-02,-1.217154487967491150e-01,-1.240434944629669189e-01,-3.752921223640441895e-01,3.282570540904998779e-01,-1.384419053792953491e-01,4.168983176350593567e-02,-2.617159672081470490e-02,3.717107474803924561e-01,3.470056056976318359e-01,-5.421082675457000732e-02,-4.891893267631530762e-01,-7.528351992368698120e-02,-6.758041679859161377e-02,-4.797580540180206299e-01,3.013782501220703125e-01,-5.720629543066024780e-02,1.182124577462673187e-02,-9.050831943750381470e-02
-1.114393353462219238e+00,-2.085763961076736450e-01,8.244315385818481445e-01,-4.455890040844678879e-03,-3.364426083862781525e-03,-7.986014485359191895e-01,-6.018343567848205566e-01,-1.355869472026824951e-01,7.604292780160903931e-02,2.750999927520751953e-01,3.467914462089538574e-01,-1.358555406332015991e-01,-4.177235066890716553e-02,-1.039617583155632019e-01,-1.108811870217323303e-01,-3.763787150382995605e-01,2.982950210571289062e-01,-1.380927562713623047e-01,3.374595940113067627e-02,-2.806391566991806030e-02,3.716351389884948730e-01,3.472042381763458252e-01,-5.420886725187301636e-02,-4.876174032688140869e-01,-7.415863871574401855e-02,-6.546625494956970215e-02,-4.772825539112091064e-01,3.019302189350128174e-01,-5.991438403725624084e-02,1.410796213895082474e-02,-8.922301977872848511e-02
-1.112521529197692871e+00,-2.078617662191390991e-01,8.244644403457641602e-01,-3.954264335334300995e-03,-1.498203491792082787e-03,-7.965536117553710938e-01,-6.045531034469604492e-01,-1.484180837869644165e-01,8.654914796352386475e-02,2.712277173995971680e-01,3.743942379951477051e-01,-1.394839137792587280e-01,-3.381417319178581238e-02,-8.834380656480789185e-02,-9.671270102262496948e-02,-3.744999766349792480e-01,2.695296406745910645e-01,-1.348013877868652344e-01,2.341338992118835449e-02,-2.987140230834484100e-02,3.714077174663543701e-01,3.476240932941436768e-01,-5.360839888453483582e-02,-4.858800470829010010e-01,-7.266344875097274780e-02,-6.333353370428085327e-02,-4.745516180992126465e-01,3.029931485652923584e-01,-6.294737756252288818e-02,1.682987622916698456e-02,-8.760786056518554688e-02
-1.110602974891662598e+00,-2.073290497064590454e-01,8.245073556900024414e-01,-3.197019221261143684e-03,7.193625788204371929e-04,-7.943155765533447266e-01,-6.074965596199035645e-01,-1.630774885416030884e-01,9.864519536495208740e-02,2.669028341770172119e-01,4.047141373157501221e-01,-1.408767402172088623e-01,-2.964912541210651398e-02,-7.567318528890609741e-02,-8.270072191953659058e-02,-3.705093860626220703e-01,2.452354282140731812e-01,-1.292954683303833008e-01,1.583215966820716858e-02,-3.095408156514167786e-02,3.712805807590484619e-01,3.483811318874359131e-01,-5.241369456052780151e-02,-4.845134019851684570e-01,-7.140350341796875000e-02,-6.199852749705314636e-02,-4.715337455272674561e-01,3.044404387474060059e-01,-6.567987054586410522e-02,1.867987774312496185e-02,-8.617616444826126099e-02
-1.108717322349548340e+00,-2.068937718868255615e-01,8.246768712997436523e-01,-2.773481886833906174e-03,2.237174659967422485e-03,-7.921730875968933105e-01,-6.102861166000366211e-01,-1.778764575719833374e-01,1.087990403175354004e-01,2.625935375690460205e-01,4.333335459232330322e-01,-1.351179182529449463e-01,-2.603329718112945557e-02,-6.761145591735839844e-02,-7.275237888097763062e-02,-3.645089864730834961e-01,2.287619113922119141e-01,-1.243307217955589294e-01,1.345625054091215134e-02,-3.242450580000877380e-02,3.709536194801330566e-01,3.491476774215698242e-01,-5.092318728566169739e-02,-4.833015203475952148e-01,-7.004780322313308716e-02,-6.071939319372177124e-02,-4.686553776264190674e-01,3.058792352676391602e-01,-6.808605045080184937e-02,2.022486925125122070e-02,-8.483465015888214111e-02
-1.106689929962158203e+00,-2.063854038715362549e-01,8.250002861022949219e-01,-2.315602265298366547e-03,3.369915299117565155e-03,-7.897633314132690430e-01,-6.133980154991149902e-01,-1.975270807743072510e-01,1.197735443711280823e-01,2.577573955059051514e-01,4.685451984405517578e-01,-1.228284314274787903e-01,-2.244169823825359344e-02,-5.956744402647018433e-02,-6.340682506561279297e-02,-3.571910560131072998e-01,2.114942669868469238e-01,-1.164959073066711426e-01,1.444196514785289764e-02,-3.236361220479011536e-02,3.704896569252014160e-01,3.496320247650146484e-01,-4.930371046066284180e-02,-4.822957813739776611e-01,-6.867512315511703491e-02,-5.968692898750305176e-02,-4.660114645957946777e-01,3.074833750724792480e-01,-7.052142173051834106e-02,2.170361950993537903e-02,-8.356405049562454224e-02
-1.104597568511962891e+00,-2.058873921632766724e-01,8.253943324089050293e-01,-1.875792746432125568e-03,4.181986209005117416e-03,-7.871386408805847168e-01,-6.167590618133544922e-01,-2.220557928085327148e-01,1.314649134874343872e-01,2.558855712413787842e-01,5.100110173225402832e-01,-1.018430888652801514e-01,-9.953576140105724335e-03,-4.867594689130783081e-02,-5.490732938051223755e-02,-3.525573611259460449e-01,1.920106709003448486e-01,-1.083411946892738342e-01,1.906796917319297791e-02,-3.103929013013839722e-02,3.698769807815551758e-01,3.497341871261596680e-01,-4.773396253585815430e-02,-4.816070795059204102e-01,-6.735379993915557861e-02,-5.897674709558486938e-02,-4.637015461921691895e-01,3.091607093811035156e-01,-7.294569164514541626e-02,2.302986755967140198e-02,-8.241569995880126953e-02
-1.102326750755310059e+00,-2.054527401924133301e-01,8.258960247039794922e-01,-2.189844148233532906e-03,5.111107602715492249e-03,-7.843100428581237793e-01,-6.203441023826599121e-01,-2.474753111600875854e-01,1.440342664718627930e-01,2.512404918670654297e-01,5.551524758338928223e-01,-7.961175590753555298e-02,-2.514234976842999458e-03,-4.192088916897773743e-02,-4.804991930723190308e-02,-3.497383296489715576e-01,1.750130504369735718e-01,-9.780320525169372559e-02,2.295358292758464813e-02,-2.804662659764289856e-02,3.692472577095031738e-01,3.498935401439666748e-01,-4.631124064326286316e-02,-4.810742735862731934e-01,-6.627187877893447876e-02,-5.814203619956970215e-02,-4.613683521747589111e-01,3.110418319702148438e-01,-7.511895149946212769e-02,2.445048838853836060e-02,-8.131034672260284424e-02
-1.100116133689880371e+00,-2.048593610525131226e-01,8.263642191886901855e-01,-2.447337843477725983e-03,5.502442829310894012e-03,-7.814288735389709473e-01,-6.239652037620544434e-01,-2.778320312500000000e-01,1.561122685670852661e-01,2.459740191698074341e-01,6.017363667488098145e-01,-4.604445397853851318e-02,1.458290498703718185e-04,-3.423620015382766724e-02,-4.245747998356819153e-02,-3.490189015865325928e-01,1.598986834287643433e-01,-9.052138775587081909e-02,2.699611708521842957e-02,-2.404196374118328094e-02,3.685256242752075195e-01,3.499402403831481934e-01,-4.530115053057670593e-02,-4.810445308685302734e-01,-6.555390357971191406e-02,-5.713802576065063477e-02,-4.594058096408843994e-01,3.130055367946624756e-01,-7.665403932332992554e-02,2.586668543517589569e-02,-8.034665882587432861e-02
-1.097938537597656250e+00,-2.045081108808517456e-01,8.267644047737121582e-01,-2.915841760113835335e-03,5.894455127418041229e-03,-7.784882187843322754e-01,-6.276248097419738770e-01,-3.104953467845916748e-01,1.682836413383483887e-01,2.362475842237472534e-01,6.513271927833557129e-01,-9.556301869451999664e-03,6.633015349507331848e-03,-2.728081494569778442e-02,-3.732551261782646179e-02,-3.488864004611968994e-01,1.461334079504013062e-01,-8.378773182630538940e-02,2.764676325023174286e-02,-1.910185627639293671e-02,3.677868545055389404e-01,3.499830961227416992e-01,-4.487447440624237061e-02,-4.814558923244476318e-01,-6.532625108957290649e-02,-5.610258504748344421e-02,-4.576155245304107666e-01,3.149715662002563477e-01,-7.792735099792480469e-02,2.723270095884799957e-02,-7.946103066205978394e-02
-1.095837950706481934e+00,-2.042258381843566895e-01,8.270454406738281250e-01,-3.443410154432058334e-03,6.236951332539319992e-03,-7.757916450500488281e-01,-6.309489607810974121e-01,-3.464626073837280273e-01,1.800265312194824219e-01,2.240347117185592651e-01,7.039272189140319824e-01,2.840420044958591461e-02,1.819320768117904663e-02,-2.129572071135044098e-02,-3.268728777766227722e-02,-3.475328981876373291e-01,1.346930116415023804e-01,-7.942192256450653076e-02,2.601622603833675385e-02,-1.536814868450164795e-02,3.670209050178527832e-01,3.498702049255371094e-01,-4.515947028994560242e-02,-4.824047088623046875e-01,-6.558062881231307983e-02,-5.486672744154930115e-02,-4.562915861606597900e-01,3.169617950916290283e-01,-7.866864651441574097e-02,2.861961908638477325e-02,-7.869978249073028564e-02
-1.093890786170959473e+00,-2.039872705936431885e-01,8.271734118461608887e-01,-4.190503619611263275e-03,6.240667775273323059e-03,-7.730889916419982910e-01,-6.342530250549316406e-01,-3.847156763076782227e-01,1.899199038743972778e-01,2.095179259777069092e-01,7.565271854400634766e-01,6.380925327539443970e-02,3.977174684405326843e-02,-1.672870665788650513e-02,-2.951365523040294647e-02,-3.453520834445953369e-01,1.256358772516250610e-01,-7.672904431819915771e-02,2.398258633911609650e-02,-1.148861739784479141e-02,3.662840127944946289e-01,3.493754565715789795e-01,-4.629431292414665222e-02,-4.838253557682037354e-01,-6.633625924587249756e-02,-5.349972844123840332e-02,-4.557486772537231445e-01,3.189871013164520264e-01,-7.895763963460922241e-02,3.005783446133136749e-02,-7.805122435092926025e-02
-1.092095851898193359e+00,-2.037096321582794189e-01,8.272373080253601074e-01,-4.613300785422325134e-03,6.068878341466188431e-03,-7.702261805534362793e-01,-6.377252340316772461e-01,-4.251469373703002930e-01,1.983004659414291382e-01,1.917216330766677856e-01,8.091272115707397461e-01,9.211202710866928101e-02,7.238679379224777222e-02,-1.364008150994777679e-02,-2.629556320607662201e-02,-3.410444259643554688e-01,1.177138909697532654e-01,-7.476426661014556885e-02,2.180943824350833893e-02,-7.868682034313678741e-03,3.655040264129638672e-01,3.486998379230499268e-01,-4.816732183098793030e-02,-4.857444167137145996e-01,-6.758678704500198364e-02,-5.216382071375846863e-02,-4.558371007442474365e-01,3.210813999176025391e-01,-7.910951972007751465e-02,3.157747536897659302e-02,-7.747580111026763916e-02
-1.090536713600158691e+00,-2.034387737512588501e-01,8.270296454429626465e-01,-4.052258562296628952e-03,6.067093927413225174e-03,-7.673232555389404297e-01,-6.412189602851867676e-01,-4.680882394313812256e-01,2.059725224971771240e-01,1.706520915031433105e-01,8.617271780967712402e-01,1.085957065224647522e-01,1.042109057307243347e-01,-1.254006195813417435e-02,-2.165817841887474060e-02,-3.347623944282531738e-01,1.106238216161727905e-01,-7.378741353750228882e-02,1.909229904413223267e-02,-4.761648364365100861e-03,3.645553290843963623e-01,3.486815392971038818e-01,-5.042052641510963440e-02,-4.882899224758148193e-01,-6.943039596080780029e-02,-5.074674636125564575e-02,-4.558969736099243164e-01,3.233205676078796387e-01,-7.919667661190032959e-02,3.320663422346115112e-02,-7.694540172815322876e-02
-1.089137434959411621e+00,-2.031588107347488403e-01,8.265632987022399902e-01,-2.466161735355854034e-03,6.650645751506090164e-03,-7.644492387771606445e-01,-6.446448564529418945e-01,-5.122271776199340820e-01,2.139348536729812622e-01,1.477291584014892578e-01,9.143272042274475098e-01,1.136754676699638367e-01,1.276210397481918335e-01,-1.297579240053892136e-02,-1.502765994518995285e-02,-3.275583982467651367e-01,1.048903167247772217e-01,-7.296808063983917236e-02,1.662776805460453033e-02,-2.869477728381752968e-03,3.634028732776641846e-01,3.499314785003662109e-01,-5.263660848140716553e-02,-4.915601611137390137e-01,-7.187956571578979492e-02,-4.970294982194900513e-02,-4.551470279693603516e-01,3.255740106105804443e-01,-7.987074553966522217e-02,3.484234213829040527e-02,-7.638247311115264893e-02
-1.088007569313049316e+00,-2.028268724679946899e-01,8.263428807258605957e-01,-7.641245611011981964e-04,6.398648023605346680e-03,-7.619991302490234375e-01,-6.475459933280944824e-01,-5.510661602020263672e-01,2.175726443529129028e-01,1.264304667711257935e-01,9.571134448051452637e-01,1.090751886367797852e-01,1.345288902521133423e-01,-1.464361418038606644e-02,-1.002118550240993500e-02,-3.198490738868713379e-01,9.928777813911437988e-02,-7.135960459709167480e-02,1.475095935165882111e-02,-3.012476488947868347e-03,3.621018528938293457e-01,3.511405289173126221e-01,-5.478442460298538208e-02,-4.954878389835357666e-01,-7.451497018337249756e-02,-4.910483211278915405e-02,-4.549039900302886963e-01,3.279575109481811523e-01,-8.099875599145889282e-02,3.676504269242286682e-02,-7.571195065975189209e-02
-1.086960673332214355e+00,-2.024609297513961792e-01,8.262688517570495605e-01,4.386500804685056210e-04,6.230915896594524384e-03,-7.595996856689453125e-01,-6.503608822822570801e-01,-5.864090919494628906e-01,2.195866256952285767e-01,1.066977083683013916e-01,9.976339936256408691e-01,9.505079686641693115e-02,1.368663161993026733e-01,-1.695145852863788605e-02,-6.071528885513544083e-03,-3.122007846832275391e-01,9.698911011219024658e-02,-7.023806124925613403e-02,1.107219979166984558e-02,-4.107766784727573395e-03,3.609466254711151123e-01,3.520712852478027344e-01,-5.648811906576156616e-02,-4.991267621517181396e-01,-7.677189260721206665e-02,-4.908371716737747192e-02,-4.550816118717193604e-01,3.303657472133636475e-01,-8.275006711483001709e-02,3.878612443804740906e-02,-7.493042200803756714e-02
-1.086054205894470215e+00,-2.020427286624908447e-01,8.262850046157836914e-01,1.191479968838393688e-03,6.002733949571847916e-03,-7.570561170578002930e-01,-6.533212065696716309e-01,-6.188164353370666504e-01,2.197702229022979736e-01,8.789394795894622803e-02,1.035169124603271484e+00,7.627698034048080444e-02,1.400949507951736450e-01,-1.892020180821418762e-02,-3.214209340512752533e-03,-3.047015666961669922e-01,9.562329202890396118e-02,-6.941457837820053101e-02,7.952838204801082611e-03,-5.151283927261829376e-03,3.600187301635742188e-01,3.526476025581359863e-01,-5.756097659468650818e-02,-5.021132230758666992e-01,-7.834721356630325317e-02,-4.961033165454864502e-02,-4.556603431701660156e-01,3.327859938144683838e-01,-8.507645130157470703e-02,4.085566103458404541e-02,-7.397010177373886108e-02
-1.085236072540283203e+00,-2.014988809823989868e-01,8.263648748397827148e-01,1.665085437707602978e-03,5.591732915490865707e-03,-7.546158432960510254e-01,-6.561409235000610352e-01,-6.485002636909484863e-01,2.181712090969085693e-01,7.045946270227432251e-02,1.069749236106872559e+00,5.585801973938941956e-02,1.465800404548645020e-01,-2.085801959037780762e-02,-1.279278541915118694e-03,-2.978853881359100342e-01,9.506710618734359741e-02,-6.900356709957122803e-02,4.806144628673791885e-03,-6.408375222235918045e-03,3.592756092548370361e-01,3.528524637222290039e-01,-5.795692652463912964e-02,-5.044512152671813965e-01,-7.916409522294998169e-02,-5.051795020699501038e-02,-4.568029344081878662e-01,3.350402116775512695e-01,-8.742996305227279663e-02,4.280314967036247253e-02,-7.280979305505752563e-02
-1.084516406059265137e+00,-2.009651660919189453e-01,8.265417218208312988e-01,1.606978476047515869e-03,4.946569446474313736e-03,-7.522186040878295898e-01,-6.588931083679199219e-01,-6.747726798057556152e-01,2.140957564115524292e-01,5.430087074637413025e-02,1.100601911544799805e+00,3.459453955292701721e-02,1.528573781251907349e-01,-2.294917777180671692e-02,-9.790877811610698700e-04,-2.913050055503845215e-01,9.597340971231460571e-02,-6.840986758470535278e-02,2.587103517726063728e-03,-8.367895148694515228e-03,3.588024973869323730e-01,3.525402545928955078e-01,-5.772085860371589661e-02,-5.059864521026611328e-01,-7.915323227643966675e-02,-5.205214396119117737e-02,-4.582686424255371094e-01,3.369431495666503906e-01,-9.009658545255661011e-02,4.436707869172096252e-02,-7.143744081258773804e-02
-1.083853721618652344e+00,-2.003590762615203857e-01,8.268961906433105469e-01,1.208757632412016392e-03,3.631031373515725136e-03,-7.500119209289550781e-01,-6.614132523536682129e-01,-6.976814866065979004e-01,2.069827616214752197e-01,3.961002081632614136e-02,1.127069830894470215e+00,1.348080392926931381e-02,1.561229676008224487e-01,-2.685244008898735046e-02,-2.927113557234406471e-03,-2.850029468536376953e-01,1.000017747282981873e-01,-6.939767301082611084e-02,1.354734995402395725e-03,-1.052884943783283234e-02,3.585204482078552246e-01,3.516003787517547607e-01,-5.695778504014015198e-02,-5.068440437316894531e-01,-7.832577079534530640e-02,-5.426893755793571472e-02,-4.599704146385192871e-01,3.384996950626373291e-01,-9.320450574159622192e-02,4.555869847536087036e-02,-6.983521580696105957e-02
-1.083304643630981445e+00,-1.996637582778930664e-01,8.273134827613830566e-01,6.294935010373592377e-04,1.948283053934574127e-03,-7.479627728462219238e-01,-6.637375354766845703e-01,-7.176928520202636719e-01,1.981386244297027588e-01,2.669039554893970490e-02,1.149582147598266602e+00,-6.281432695686817169e-03,1.578327268362045288e-01,-3.147099167108535767e-02,-6.061965133994817734e-03,-2.792803645133972168e-01,1.054382249712944031e-01,-7.178122550249099731e-02,4.678805416915565729e-04,-1.317347958683967590e-02,3.584026694297790527e-01,3.499581813812255859e-01,-5.591562017798423767e-02,-5.071588158607482910e-01,-7.689569145441055298e-02,-5.703888088464736938e-02,-4.619647860527038574e-01,3.396287262439727783e-01,-9.646508097648620605e-02,4.628365114331245422e-02,-6.804452091455459595e-02
-1.082814455032348633e+00,-1.990273445844650269e-01,8.277899622917175293e-01,-1.626511220820248127e-05,7.743461173959076405e-05,-7.458677887916564941e-01,-6.660940051078796387e-01,-7.352544665336608887e-01,1.879051923751831055e-01,1.493288855999708176e-02,1.168868303298950195e+00,-2.353779226541519165e-02,1.577605456113815308e-01,-3.580951690673828125e-02,-9.535792283713817596e-03,-2.740881145000457764e-01,1.100616082549095154e-01,-7.396820187568664551e-02,-2.802858361974358559e-04,-1.557347737252712250e-02,3.583523035049438477e-01,3.476579189300537109e-01,-5.470737814903259277e-02,-5.071359276771545410e-01,-7.494343072175979614e-02,-6.012439355254173279e-02,-4.643386900424957275e-01,3.403142392635345459e-01,-9.945310652256011963e-02,4.649585857987403870e-02,-6.612508744001388550e-02
-1.082454323768615723e+00,-1.982962340116500854e-01,8.283147811889648438e-01,-8.377706399187445641e-04,-1.844040933065116405e-03,-7.436488866806030273e-01,-6.685672998428344727e-01,-7.498424053192138672e-01,1.762539446353912354e-01,3.510041628032922745e-03,1.184899926185607910e+00,-3.856601566076278687e-02,1.568635702133178711e-01,-3.942685946822166443e-02,-1.341112889349460602e-02,-2.690292596817016602e-01,1.138151064515113831e-01,-7.575369626283645630e-02,-7.801537285558879375e-04,-1.783981360495090485e-02,3.585119843482971191e-01,3.448351323604583740e-01,-5.378229543566703796e-02,-5.068814158439636230e-01,-7.301107048988342285e-02,-6.341598182916641235e-02,-4.670927524566650391e-01,3.404436409473419189e-01,-1.018692553043365479e-01,4.603680968284606934e-02,-6.415078788995742798e-02
-1.082133054733276367e+00,-1.975216269493103027e-01,8.289121389389038086e-01,-1.604157034307718277e-03,-3.874355927109718323e-03,-7.414130568504333496e-01,-6.710358858108520508e-01,-7.619755864143371582e-01,1.634770035743713379e-01,-6.933197379112243652e-03,1.197534203529357910e+00,-5.173273384571075439e-02,1.561328768730163574e-01,-4.231050983071327209e-02,-1.700879819691181183e-02,-2.634317874908447266e-01,1.151738688349723816e-01,-7.626682519912719727e-02,-1.292122062295675278e-03,-2.028354443609714508e-02,3.589055836200714111e-01,3.415799140930175781e-01,-5.350051820278167725e-02,-5.066289305686950684e-01,-7.161583751440048218e-02,-6.670564413070678711e-02,-4.702336490154266357e-01,3.403405249118804932e-01,-1.036282330751419067e-01,4.536213353276252747e-02,-6.214632466435432434e-02
-1.081910848617553711e+00,-1.966450512409210205e-01,8.296099305152893066e-01,-1.996587729081511497e-03,-6.541804410517215729e-03,-7.386611104011535645e-01,-6.740422844886779785e-01,-7.725940346717834473e-01,1.502716541290283203e-01,-1.624491624534130096e-02,1.206487774848937988e+00,-6.175630539655685425e-02,1.548371315002441406e-01,-4.617835953831672668e-02,-2.114200405776500702e-02,-2.574763596057891846e-01,1.159572601318359375e-01,-7.652295380830764771e-02,-1.579377334564924240e-03,-2.253075689077377319e-02,3.594652712345123291e-01,3.380827605724334717e-01,-5.391552671790122986e-02,-5.065741539001464844e-01,-7.095527648925781250e-02,-7.006723433732986450e-02,-4.737197160720825195e-01,3.401899337768554688e-01,-1.050776094198226929e-01,4.456588625907897949e-02,-6.008033826947212219e-02
-1.081802248954772949e+00,-1.960265040397644043e-01,8.301525115966796875e-01,-2.999908989295363426e-03,-8.020289242267608643e-03,-7.361285090446472168e-01,-6.767876148223876953e-01,-7.792314291000366211e-01,1.371147036552429199e-01,-2.568546310067176819e-02,1.213299512863159180e+00,-7.136024534702301025e-02,1.512380987405776978e-01,-4.677851870656013489e-02,-2.405684068799018860e-02,-2.512176632881164551e-01,1.149172112345695496e-01,-7.575905323028564453e-02,-1.861141994595527649e-03,-2.431751415133476257e-02,3.602547943592071533e-01,3.343166112899780273e-01,-5.491733178496360779e-02,-5.064822435379028320e-01,-7.097718119621276855e-02,-7.306577265262603760e-02,-4.777568578720092773e-01,3.403251469135284424e-01,-1.056815832853317261e-01,4.418920353055000305e-02,-5.803141742944717407e-02
-1.081840157508850098e+00,-1.955041438341140747e-01,8.306282162666320801e-01,-4.426853265613317490e-03,-8.867494761943817139e-03,-7.331432104110717773e-01,-6.800020337104797363e-01,-7.825488448143005371e-01,1.246648207306861877e-01,-3.421081975102424622e-02,1.217981696128845215e+00,-8.058136701583862305e-02,1.459439843893051147e-01,-4.608154296875000000e-02,-2.684916555881500244e-02,-2.451683878898620605e-01,1.136369109153747559e-01,-7.441297173500061035e-02,-2.024382818490266800e-03,-2.650629170238971710e-02,3.615258634090423584e-01,3.305425643920898438e-01,-5.655615776777267456e-02,-5.060589313507080078e-01,-7.180935889482498169e-02,-7.576625049114227295e-02,-4.819463491439819336e-01,3.409036099910736084e-01,-1.059588640928268433e-01,4.434207826852798462e-02,-5.590896308422088623e-02
-1.081943869590759277e+00,-1.946286857128143311e-01,8.311100006103515625e-01,-4.631377290934324265e-03,-1.069182250648736954e-02,-7.300150990486145020e-01,-6.833317279815673828e-01,-7.861452698707580566e-01,1.118598654866218567e-01,-4.298308864235877991e-02,1.218979835510253906e+00,-8.864459395408630371e-02,1.384115964174270630e-01,-4.662379622459411621e-02,-2.899010293185710907e-02,-2.379416078329086304e-01,1.096498817205429077e-01,-7.229496538639068604e-02,-2.046712208539247513e-03,-2.832538820803165436e-02,3.630959391593933105e-01,3.263413608074188232e-01,-5.894359946250915527e-02,-5.057613253593444824e-01,-7.372221350669860840e-02,-7.864846289157867432e-02,-4.868198335170745850e-01,3.424045443534851074e-01,-1.068282425403594971e-01,4.579775035381317139e-02,-5.316644534468650818e-02
-1.082012057304382324e+00,-1.936251074075698853e-01,8.315243124961853027e-01,-4.704371560364961624e-03,-1.236460171639919281e-02,-7.270296216011047363e-01,-6.864786744117736816e-01,-7.883185148239135742e-01,9.931191802024841309e-02,-5.187225714325904846e-02,1.217803716659545898e+00,-9.528703987598419189e-02,1.281462758779525757e-01,-4.748858511447906494e-02,-3.068279847502708435e-02,-2.304541468620300293e-01,1.060318797826766968e-01,-7.026813924312591553e-02,-2.187281614169478416e-03,-3.000500798225402832e-02,3.645683228969573975e-01,3.221668899059295654e-01,-6.160286441445350647e-02,-5.059537887573242188e-01,-7.636731117963790894e-02,-8.149054646492004395e-02,-4.918094277381896973e-01,3.446578681468963623e-01,-1.081018522381782532e-01,4.828608036041259766e-02,-5.009661987423896790e-02
-1.082118153572082520e+00,-1.932400166988372803e-01,8.317225575447082520e-01,-5.769060458987951279e-03,-1.241517905145883560e-02,-7.240196466445922852e-01,-6.896435022354125977e-01,-7.848712801933288574e-01,8.832836896181106567e-02,-6.070137023925781250e-02,1.213376998901367188e+00,-9.938218444585800171e-02,1.190181896090507507e-01,-4.685531184077262878e-02,-3.190237283706665039e-02,-2.233186662197113037e-01,1.059335172176361084e-01,-6.866278499364852905e-02,-2.343924948945641518e-03,-3.244363516569137573e-02,3.665573894977569580e-01,3.171231746673583984e-01,-6.417598575353622437e-02,-5.048410296440124512e-01,-8.084949851036071777e-02,-8.430840820074081421e-02,-4.975221753120422363e-01,3.484023213386535645e-01,-1.092813536524772644e-01,5.394462868571281433e-02,-4.581742361187934875e-02
-1.082504510879516602e+00,-1.924178600311279297e-01,8.318555355072021484e-01,-6.992124486714601517e-03,-1.210606656968593597e-02,-7.208641767501831055e-01,-6.929353475570678711e-01,-7.788889408111572266e-01,7.879166305065155029e-02,-6.797359883785247803e-02,1.206480860710144043e+00,-1.029686331748962402e-01,1.095201745629310608e-01,-4.587062448263168335e-02,-3.341656550765037537e-02,-2.162767052650451660e-01,1.075343489646911621e-01,-6.760922074317932129e-02,-2.159647410735487938e-03,-3.434333577752113342e-02,3.687455654144287109e-01,3.130732476711273193e-01,-6.608656048774719238e-02,-5.020834803581237793e-01,-8.416028320789337158e-02,-8.640447258949279785e-02,-5.020813941955566406e-01,3.523156344890594482e-01,-1.098656058311462402e-01,5.853402242064476013e-02,-4.196759685873985291e-02
-1.082958340644836426e+00,-1.917465329170227051e-01,8.319389224052429199e-01,-8.021385408937931061e-03,-1.171568129211664200e-02,-7.176349163055419922e-01,-6.962747573852539062e-01,-7.708935737609863281e-01,7.017356157302856445e-02,-7.462394237518310547e-02,1.196475028991699219e+00,-1.051736623048782349e-01,9.872746467590332031e-02,-4.536201804876327515e-02,-3.452917933464050293e-02,-2.085298299789428711e-01,1.091825887560844421e-01,-6.691615283489227295e-02,-2.145256614312529564e-03,-3.609320893883705139e-02,3.709835112094879150e-01,3.095676600933074951e-01,-6.742823123931884766e-02,-4.984365403652191162e-01,-8.647841960191726685e-02,-8.811862766742706299e-02,-5.058517456054687500e-01,3.566659688949584961e-01,-1.109227538108825684e-01,6.342142075300216675e-02,-3.831752389669418335e-02
-1.083520650863647461e+00,-1.908900737762451172e-01,8.318894505500793457e-01,-8.596346713602542877e-03,-1.115649938583374023e-02,-7.143191099166870117e-01,-6.996784210205078125e-01,-7.613497376441955566e-01,6.301128864288330078e-02,-8.103076368570327759e-02,1.183783054351806641e+00,-1.091256961226463318e-01,8.891902118921279907e-02,-4.471458122134208679e-02,-3.479558601975440979e-02,-2.007272988557815552e-01,1.103779152035713196e-01,-6.654214859008789062e-02,-2.022535540163516998e-03,-3.768215700984001160e-02,3.731022179126739502e-01,3.065570592880249023e-01,-6.800928711891174316e-02,-4.944513738155364990e-01,-8.737107366323471069e-02,-8.964814990758895874e-02,-5.088540911674499512e-01,3.611103594303131104e-01,-1.123278588056564331e-01,6.796802580356597900e-02,-3.477913886308670044e-02
-1.084100723266601562e+00,-1.901416033506393433e-01,8.318380117416381836e-01,-8.824576623737812042e-03,-1.081437990069389343e-02,-7.112096548080444336e-01,-7.028414011001586914e-01,-7.513276338577270508e-01,5.667798593640327454e-02,-8.695694804191589355e-02,1.168036103248596191e+00,-1.113027408719062805e-01,7.851178199052810669e-02,-4.537946358323097229e-02,-3.499325737357139587e-02,-1.933348625898361206e-01,1.118958964943885803e-01,-6.630181521177291870e-02,-1.803535735234618187e-03,-3.846726566553115845e-02,3.749977648258209229e-01,3.041499257087707520e-01,-6.807228177785873413e-02,-4.908367693424224854e-01,-8.760149776935577393e-02,-9.134873747825622559e-02,-5.110921263694763184e-01,3.651802539825439453e-01,-1.142905503511428833e-01,7.102305442094802856e-02,-3.157458081841468811e-02
-1.084667563438415527e+00,-1.892217397689819336e-01,8.317751884460449219e-01,-8.807490579783916473e-03,-1.059407554566860199e-02,-7.080569267272949219e-01,-7.060209512710571289e-01,-7.394894957542419434e-01,5.109932273626327515e-02,-9.284117072820663452e-02,1.149234414100646973e+00,-1.139106824994087219e-01,6.910206377506256104e-02,-4.603466764092445374e-02,-3.493092209100723267e-02,-1.860795766115188599e-01,1.130606755614280701e-01,-6.599414348602294922e-02,-1.315744128078222275e-03,-3.933931887149810791e-02,3.767521381378173828e-01,3.023551404476165771e-01,-6.767819076776504517e-02,-4.872228503227233887e-01,-8.741491287946701050e-02,-9.339944273233413696e-02,-5.126996636390686035e-01,3.679112493991851807e-01,-1.152155324816703796e-01,6.944949924945831299e-02,-2.864853292703628540e-02
-1.085377931594848633e+00,-1.883820295333862305e-01,8.316379189491271973e-01,-8.411329239606857300e-03,-1.031302195042371750e-02,-7.051127552986145020e-01,-7.089703083038330078e-01,-7.266079187393188477e-01,4.601680487394332886e-02,-9.909770637750625610e-02,1.127181887626647949e+00,-1.148279905319213867e-01,6.020088866353034973e-02,-4.719956591725349426e-02,-3.443192690610885620e-02,-1.790490001440048218e-01,1.139762923121452332e-01,-6.545338779687881470e-02,-9.304179111495614052e-04,-3.997715562582015991e-02,3.782744705677032471e-01,3.011776506900787354e-01,-6.697249412536621094e-02,-4.840189814567565918e-01,-8.693537116050720215e-02,-9.560662508010864258e-02,-5.136824846267700195e-01,3.703081905841827393e-01,-1.164022758603096008e-01,6.682612746953964233e-02,-2.592936344444751740e-02
-1.086062788963317871e+00,-1.872792243957519531e-01,8.314385414123535156e-01,-7.595278322696685791e-03,-1.009922567754983902e-02,-7.020509839057922363e-01,-7.120146155357360840e-01,-7.124223709106445312e-01,4.195506125688552856e-02,-1.058323159813880920e-01,1.102631092071533203e+00,-1.155372038483619690e-01,5.009817332029342651e-02,-4.831552132964134216e-02,-3.326702862977981567e-02,-1.717836111783981323e-01,1.141961067914962769e-01,-6.497696042060852051e-02,-5.534580559469759464e-04,-4.041627794504165649e-02,3.795783817768096924e-01,3.007056713104248047e-01,-6.596896052360534668e-02,-4.807896614074707031e-01,-8.654092252254486084e-02,-9.808651357889175415e-02,-5.141383409500122070e-01,3.721050918102264404e-01,-1.176478564739227295e-01,6.226108968257904053e-02,-2.334851399064064026e-02
-1.086868047714233398e+00,-1.862740367650985718e-01,8.312062621116638184e-01,-6.473490037024021149e-03,-9.816759265959262848e-03,-6.990424990653991699e-01,-7.149834632873535156e-01,-6.973396539688110352e-01,3.809664770960807800e-02,-1.135666072368621826e-01,1.075819015502929688e+00,-1.164028868079185486e-01,4.012829065322875977e-02,-4.956402629613876343e-02,-3.165270015597343445e-02,-1.645450443029403687e-01,1.137284114956855774e-01,-6.344183534383773804e-02,2.322462387382984161e-04,-4.047615826129913330e-02,3.804975152015686035e-01,3.009414374828338623e-01,-6.482569128274917603e-02,-4.786907434463500977e-01,-8.649496734142303467e-02,-1.002627238631248474e-01,-5.142975449562072754e-01,3.739581704139709473e-01,-1.180133372545242310e-01,5.833279713988304138e-02,-2.139375172555446625e-02
-1.087746620178222656e+00,-1.851412951946258545e-01,8.309103250503540039e-01,-5.004666280001401901e-03,-9.464156813919544220e-03,-6.960375308990478516e-01,-7.179255485534667969e-01,-6.783226728439331055e-01,3.548184037208557129e-02,-1.212356165051460266e-01,1.043876647949218750e+00,-1.171099245548248291e-01,2.955095842480659485e-02,-5.115995928645133972e-02,-2.953577227890491486e-02,-1.574585884809494019e-01,1.132941618561744690e-01,-6.194751337170600891e-02,1.433696481399238110e-03,-4.114606976509094238e-02,3.810854554176330566e-01,3.018977642059326172e-01,-6.332203745841979980e-02,-4.772537052631378174e-01,-8.628480136394500732e-02,-1.024850159883499146e-01,-5.142173171043395996e-01,3.750967085361480713e-01,-1.170581802725791931e-01,5.253341048955917358e-02,-1.971865631639957428e-02
-1.088559508323669434e+00,-1.840986609458923340e-01,8.305808305740356445e-01,-3.516701515763998032e-03,-8.932774886488914490e-03,-6.929385662078857422e-01,-7.209327220916748047e-01,-6.625052690505981445e-01,3.231623768806457520e-02,-1.312235295772552490e-01,1.014273047447204590e+00,-1.155210062861442566e-01,1.825376972556114197e-02,-5.233692377805709839e-02,-2.690241485834121704e-02,-1.498895883560180664e-01,1.119202673435211182e-01,-5.900214612483978271e-02,2.915053861215710640e-03,-4.030080884695053101e-02,3.816699385643005371e-01,3.035644292831420898e-01,-6.185824051499366760e-02,-4.754042029380798340e-01,-8.701940625905990601e-02,-1.048097535967826843e-01,-5.136490464210510254e-01,3.760892748832702637e-01,-1.166383475065231323e-01,4.614426195621490479e-02,-1.886345446109771729e-02
-1.089525580406188965e+00,-1.828460991382598877e-01,8.302913308143615723e-01,-1.919152331538498402e-03,-8.485070429742336273e-03,-6.897308230400085449e-01,-7.240136265754699707e-01,-6.420235037803649902e-01,3.041626513004302979e-02,-1.397604793310165405e-01,9.788880348205566406e-01,-1.133382394909858704e-01,5.389071069657802582e-03,-5.288806930184364319e-02,-2.429635263979434967e-02,-1.419747918844223022e-01,1.101290434598922729e-01,-5.779697746038436890e-02,3.891679923981428146e-03,-4.094344004988670349e-02,3.819706141948699951e-01,3.057615160942077637e-01,-6.033699586987495422e-02,-4.744494557380676270e-01,-8.816518634557723999e-02,-1.066248863935470581e-01,-5.130807161331176758e-01,3.773062825202941895e-01,-1.144201830029487610e-01,4.147952049970626831e-02,-1.842344179749488831e-02
-1.090560317039489746e+00,-1.815767139196395874e-01,8.300496339797973633e-01,-7.480059866793453693e-04,-7.869803346693515778e-03,-6.862035989761352539e-01,-7.273665666580200195e-01,-6.181557774543762207e-01,2.845514565706253052e-02,-1.478528231382369995e-01,9.397355914115905762e-01,-1.091936901211738586e-01,-7.552690338343381882e-03,-5.388095974922180176e-02,-2.224556356668472290e-02,-1.329060941934585571e-01,1.098189949989318848e-01,-5.688470602035522461e-02,4.790083505213260651e-03,-4.140505939722061157e-02,3.822301030158996582e-01,3.081048130989074707e-01,-5.858730897307395935e-02,-4.734099209308624268e-01,-8.897960931062698364e-02,-1.081704199314117432e-01,-5.123136639595031738e-01,3.788614869117736816e-01,-1.119107380509376526e-01,3.863877803087234497e-02,-1.822941377758979797e-02
-1.091615676879882812e+00,-1.800580769777297974e-01,8.298181295394897461e-01,1.698269443295430392e-05,-7.275606039911508560e-03,-6.820960640907287598e-01,-7.312263846397399902e-01,-5.902369618415832520e-01,2.728729508817195892e-02,-1.543811410665512085e-01,8.965329527854919434e-01,-1.054216474294662476e-01,-2.310409769415855408e-02,-5.510497838258743286e-02,-2.104938775300979614e-02,-1.226252615451812744e-01,1.116472929716110229e-01,-5.751862004399299622e-02,5.868924316018819809e-03,-4.127455130219459534e-02,3.824991285800933838e-01,3.104534149169921875e-01,-5.652609467506408691e-02,-4.714856147766113281e-01,-8.953414112329483032e-02,-1.099362075328826904e-01,-5.112888813018798828e-01,3.809702992439270020e-01,-1.094346940517425537e-01,3.667343407869338989e-02,-1.776750199496746063e-02
-1.092673897743225098e+00,-1.788036674261093140e-01,8.294901847839355469e-01,6.168310646899044514e-04,-6.398649886250495911e-03,-6.780214905738830566e-01,-7.350140213966369629e-01,-5.607175827026367188e-01,2.617713622748851776e-02,-1.617141216993331909e-01,8.506784439086914062e-01,-9.882699698209762573e-02,-4.164238646626472473e-02,-5.700583383440971375e-02,-1.975594833493232727e-02,-1.120082288980484009e-01,1.154674068093299866e-01,-5.876735225319862366e-02,6.874535232782363892e-03,-4.009298980236053467e-02,3.827946186065673828e-01,3.127425312995910645e-01,-5.454286932945251465e-02,-4.703331887722015381e-01,-8.981704711914062500e-02,-1.112160608172416687e-01,-5.101535320281982422e-01,3.831900060176849365e-01,-1.064998432993888855e-01,3.694169595837593079e-02,-1.774083636701107025e-02
-1.094442963600158691e+00,-1.784350574016571045e-01,8.286331295967102051e-01,-1.830629073083400726e-03,-1.184596447274088860e-03,-6.745318174362182617e-01,-7.382425665855407715e-01,-5.218445658683776855e-01,2.625644952058792114e-02,-1.684531271457672119e-01,8.062643408775329590e-01,-9.169729053974151611e-02,-5.555455014109611511e-02,-5.011721327900886536e-02,-1.854229718446731567e-02,-1.059180498123168945e-01,1.238963603973388672e-01,-6.253043562173843384e-02,8.830443024635314941e-03,-3.889824077486991882e-02,3.840494155883789062e-01,3.147706985473632812e-01,-5.309769883751869202e-02,-4.642500579357147217e-01,-9.185185283422470093e-02,-1.112961545586585999e-01,-5.089192986488342285e-01,3.853276073932647705e-01,-9.804031252861022949e-02,3.677259385585784912e-02,-1.826052181422710419e-02
-1.095779299736022949e+00,-1.769851446151733398e-01,8.282042741775512695e-01,-1.440027263015508652e-03,2.024521963903680444e-04,-6.706497073173522949e-01,-7.417728304862976074e-01,-4.886870384216308594e-01,2.573841623961925507e-02,-1.755597442388534546e-01,7.559049129486083984e-01,-8.122976869344711304e-02,-7.193854451179504395e-02,-5.165576189756393433e-02,-1.754723675549030304e-02,-9.677799046039581299e-02,1.295452713966369629e-01,-6.381913274526596069e-02,1.040490251034498215e-02,-3.877424821257591248e-02,3.851575851440429688e-01,3.170602023601531982e-01,-5.171695351600646973e-02,-4.618948400020599365e-01,-9.335058182477951050e-02,-1.113646328449249268e-01,-5.068608522415161133e-01,3.873357772827148438e-01,-9.381066262722015381e-02,3.580574691295623779e-02,-1.905965059995651245e-02
-1.097240090370178223e+00,-1.756161600351333618e-01,8.276742100715637207e-01,-7.996204076334834099e-04,1.801201142370700836e-03,-6.668440699577331543e-01,-7.451946735382080078e-01,-4.554418921470642090e-01,2.640395797789096832e-02,-1.815543025732040405e-01,7.044332623481750488e-01,-6.656982749700546265e-02,-8.950890600681304932e-02,-5.488462373614311218e-02,-1.626173965632915497e-02,-8.735197037458419800e-02,1.379613429307937622e-01,-6.346279382705688477e-02,1.431989949196577072e-02,-3.873354941606521606e-02,3.861925303936004639e-01,3.193334341049194336e-01,-5.032784864306449890e-02,-4.617471396923065186e-01,-9.411642700433731079e-02,-1.115374937653541565e-01,-5.044080615043640137e-01,3.891079425811767578e-01,-9.225422143936157227e-02,3.436393290758132935e-02,-2.004477754235267639e-02
-1.098852038383483887e+00,-1.742866486310958862e-01,8.271974325180053711e-01,4.058623380842618644e-05,3.281295765191316605e-03,-6.630389690399169922e-01,-7.485776543617248535e-01,-4.222081899642944336e-01,2.744207344949245453e-02,-1.871064603328704834e-01,6.513910889625549316e-01,-4.561992734670639038e-02,-1.031397506594657898e-01,-5.881144851446151733e-02,-1.485425606369972229e-02,-7.714845985174179077e-02,1.467609554529190063e-01,-6.417223811149597168e-02,1.802472583949565887e-02,-3.821546211838722229e-02,3.873397409915924072e-01,3.218092918395996094e-01,-4.913064837455749512e-02,-4.632128477096557617e-01,-9.506831318140029907e-02,-1.116619631648063660e-01,-5.015323162078857422e-01,3.906326293945312500e-01,-9.221230447292327881e-02,3.212313354015350342e-02,-2.131832204759120941e-02
-1.100512862205505371e+00,-1.730146110057830811e-01,8.266477584838867188e-01,5.456216749735176563e-04,5.116412416100502014e-03,-6.591380238533020020e-01,-7.520043849945068359e-01,-3.885396420955657959e-01,2.951866388320922852e-02,-1.903090476989746094e-01,5.981673598289489746e-01,-1.569570787250995636e-02,-1.103552803397178650e-01,-6.321129202842712402e-02,-1.348001323640346527e-02,-6.690911948680877686e-02,1.578070968389511108e-01,-6.670042872428894043e-02,2.035788074135780334e-02,-3.842426836490631104e-02,3.886062800884246826e-01,3.242489099502563477e-01,-4.769608750939369202e-02,-4.638209640979766846e-01,-9.412217885255813599e-02,-1.115551516413688660e-01,-4.984975457191467285e-01,3.920224905014038086e-01,-9.145117551088333130e-02,3.038107044994831085e-02,-2.273182384669780731e-02
-1.102205753326416016e+00,-1.718007773160934448e-01,8.261798024177551270e-01,4.363588232081383467e-04,6.656793411821126938e-03,-6.550543904304504395e-01,-7.555522918701171875e-01,-3.600138723850250244e-01,2.945080399513244629e-02,-1.921126842498779297e-01,5.593400001525878906e-01,-1.553741935640573502e-02,-7.205774635076522827e-02,-6.933981925249099731e-02,-1.356895826756954193e-02,-5.625857785344123840e-02,1.720690876245498657e-01,-6.990341097116470337e-02,2.251272648572921753e-02,-3.859267756342887878e-02,3.899504542350769043e-01,3.260131180286407471e-01,-4.691987484693527222e-02,-4.644591808319091797e-01,-9.431829303503036499e-02,-1.110604628920555115e-01,-4.962165653705596924e-01,3.931775093078613281e-01,-8.952835947275161743e-02,2.931480109691619873e-02,-2.409774065017700195e-02
-1.104316949844360352e+00,-1.709960401058197021e-01,8.256302475929260254e-01,6.363902357406914234e-04,8.909928612411022186e-03,-6.531103253364562988e-01,-7.572100758552551270e-01,-3.325707018375396729e-01,3.490198031067848206e-02,-1.823317706584930420e-01,5.254060626029968262e-01,-4.260456189513206482e-02,-6.919539719820022583e-02,-7.509624958038330078e-02,-1.313079241663217545e-02,-5.022399500012397766e-02,1.870204806327819824e-01,-7.243219017982482910e-02,2.549037896096706390e-02,-4.351972788572311401e-02,3.913997709751129150e-01,3.282257914543151855e-01,-4.617296531796455383e-02,-4.651008248329162598e-01,-9.513431787490844727e-02,-1.100647673010826111e-01,-4.938219487667083740e-01,3.944317400455474854e-01,-8.600601553916931152e-02,2.928628772497177124e-02,-2.553895302116870880e-02
-1.106724143028259277e+00,-1.699337959289550781e-01,8.253926634788513184e-01,2.770136808976531029e-03,9.868873283267021179e-03,-6.503260731697082520e-01,-7.595860362052917480e-01,-3.095345497131347656e-01,4.252450540661811829e-02,-1.671684235334396362e-01,4.944282174110412598e-01,-7.302489876747131348e-02,-6.355540454387664795e-02,-8.305669575929641724e-02,-1.198544818907976151e-02,-4.500889778137207031e-02,2.029460519552230835e-01,-7.181953638792037964e-02,2.948630787432193756e-02,-4.641784727573394775e-02,3.924143910408020020e-01,3.308510184288024902e-01,-4.542559012770652771e-02,-4.678536653518676758e-01,-9.631629288196563721e-02,-1.094249635934829712e-01,-4.910712838172912598e-01,3.954876959323883057e-01,-8.465694636106491089e-02,2.906876243650913239e-02,-2.726074308156967163e-02
-1.108985185623168945e+00,-1.688864380121231079e-01,8.252155780792236328e-01,4.587255418300628662e-03,1.044811401516199112e-02,-6.475464105606079102e-01,-7.619405388832092285e-01,-2.869969308376312256e-01,4.854355379939079285e-02,-1.495037227869033813e-01,4.643756449222564697e-01,-1.016186699271202087e-01,-5.730934068560600281e-02,-1.026705875992774963e-01,-1.182181015610694885e-02,-3.755784407258033752e-02,2.285586744546890259e-01,-6.925749778747558594e-02,3.325223922729492188e-02,-4.971595853567123413e-02,3.932639956474304199e-01,3.338674008846282959e-01,-4.452525824308395386e-02,-4.716158807277679443e-01,-9.738659858703613281e-02,-1.085488945245742798e-01,-4.882614314556121826e-01,3.965363800525665283e-01,-8.293505012989044189e-02,2.974675409495830536e-02,-2.913371659815311432e-02
-1.111149311065673828e+00,-1.680476218461990356e-01,8.250254392623901367e-01,5.762089975178241730e-03,9.400800801813602448e-03,-6.443682909011840820e-01,-7.646358013153076172e-01,-2.693131268024444580e-01,5.120137333869934082e-02,-1.272304207086563110e-01,4.382088780403137207e-01,-1.228251755237579346e-01,-4.396688193082809448e-02,-1.209972575306892395e-01,-1.429349090903997421e-02,-2.815926261246204376e-02,2.541546523571014404e-01,-7.127012312412261963e-02,3.693243116140365601e-02,-5.189488828182220459e-02,3.938023149967193604e-01,3.365709483623504639e-01,-4.355412721633911133e-02,-4.768275022506713867e-01,-9.799164533615112305e-02,-1.081841215491294861e-01,-4.860980808734893799e-01,3.971803486347198486e-01,-8.171511441469192505e-02,3.055395931005477905e-02,-3.133947029709815979e-02
-1.113269805908203125e+00,-1.672181189060211182e-01,8.250817060470581055e-01,6.156056188046932220e-03,7.604246959090232849e-03,-6.409677267074584961e-01,-7.675054669380187988e-01,-2.544212043285369873e-01,5.095667392015457153e-02,-1.057699322700500488e-01,4.136788547039031982e-01,-1.291938871145248413e-01,-3.267323598265647888e-02,-1.446412503719329834e-01,-1.861950568854808807e-02,-1.733914762735366821e-02,2.845204770565032959e-01,-7.136167585849761963e-02,4.040001332759857178e-02,-5.226021260023117065e-02,3.939976394176483154e-01,3.387191295623779297e-01,-4.267180711030960083e-02,-4.836586415767669678e-01,-9.769617766141891479e-02,-1.081891655921936035e-01,-4.847297668457031250e-01,3.972670733928680420e-01,-8.022524416446685791e-02,3.079387731850147247e-02,-3.389509767293930054e-02
-1.115452766418457031e+00,-1.667534708976745605e-01,8.253099322319030762e-01,5.829659756273031235e-03,5.914256442338228226e-03,-6.377182602882385254e-01,-7.702249288558959961e-01,-2.415506988763809204e-01,4.903247952461242676e-02,-8.777969330549240112e-02,3.914738893508911133e-01,-1.295938044786453247e-01,-1.800413802266120911e-02,-1.689249426126480103e-01,-2.433015964925289154e-02,-7.060488685965538025e-03,3.191423714160919189e-01,-6.929884105920791626e-02,4.364255070686340332e-02,-5.285579338669776917e-02,3.936566710472106934e-01,3.399422466754913330e-01,-4.245058447122573853e-02,-4.871120750904083252e-01,-9.785628318786621094e-02,-1.085385754704475403e-01,-4.843987226486206055e-01,3.970955312252044678e-01,-7.993102818727493286e-02,3.103868477046489716e-02,-3.574135154485702515e-02
-1.117803931236267090e+00,-1.662658900022506714e-01,8.257256746292114258e-01,5.549438763409852982e-03,3.746613627299666405e-03,-6.340568661689758301e-01,-7.732574343681335449e-01,-2.290014475584030151e-01,4.559522494673728943e-02,-7.232943177223205566e-02,3.681316375732421875e-01,-1.269152015447616577e-01,-1.044081244617700577e-02,-1.980602890253067017e-01,-3.027697838842868805e-02,5.321131553500890732e-03,3.587023913860321045e-01,-6.379017978906631470e-02,5.304175987839698792e-02,-5.309909582138061523e-02,3.928183615207672119e-01,3.407190144062042236e-01,-4.252425581216812134e-02,-4.916014373302459717e-01,-9.791006147861480713e-02,-1.094999089837074280e-01,-4.845267236232757568e-01,3.965232074260711670e-01,-8.048403263092041016e-02,3.094732202589511871e-02,-3.781114518642425537e-02
-1.120153546333312988e+00,-1.660769730806350708e-01,8.261088728904724121e-01,5.113190505653619766e-03,1.925720251165330410e-03,-6.305730938911437988e-01,-7.761106491088867188e-01,-2.185242921113967896e-01,4.226124659180641174e-02,-5.986152961850166321e-02,3.486910462379455566e-01,-1.234311163425445557e-01,-9.750278666615486145e-03,-2.305706739425659180e-01,-3.560329601168632507e-02,1.928883232176303864e-02,4.030192792415618896e-01,-5.077420175075531006e-02,6.941306591033935547e-02,-5.282786116003990173e-02,3.916840553283691406e-01,3.410841226577758789e-01,-4.298947006464004517e-02,-4.965371489524841309e-01,-9.807494282722473145e-02,-1.105692461133003235e-01,-4.852584600448608398e-01,3.957970142364501953e-01,-8.100309222936630249e-02,3.101601079106330872e-02,-4.011682048439979553e-02
-1.122473955154418945e+00,-1.660609841346740723e-01,8.265668749809265137e-01,4.933933727443218231e-03,3.127386153209954500e-04,-6.269305944442749023e-01,-7.790594100952148438e-01,-2.111380100250244141e-01,3.983459994196891785e-02,-4.714167863130569458e-02,3.336587548255920410e-01,-1.175387352705001831e-01,-1.446706429123878479e-02,-2.668032646179199219e-01,-3.947403281927108765e-02,3.202129155397415161e-02,4.522434473037719727e-01,-3.361441940069198608e-02,8.593218028545379639e-02,-5.249543115496635437e-02,3.904959261417388916e-01,3.413560688495635986e-01,-4.376007243990898132e-02,-5.011383891105651855e-01,-9.849974513053894043e-02,-1.117386445403099060e-01,-4.862409532070159912e-01,3.948194980621337891e-01,-8.142963796854019165e-02,3.103351034224033356e-02,-4.247912392020225525e-02
-1.124560832977294922e+00,-1.661541014909744263e-01,8.270229697227478027e-01,5.046754144132137299e-03,-7.859619800001382828e-04,-6.239866614341735840e-01,-7.814183235168457031e-01,-2.063171714544296265e-01,3.872174397110939026e-02,-3.627983108162879944e-02,3.226391971111297607e-01,-1.113126203417778015e-01,-1.940148510038852692e-02,-3.049712479114532471e-01,-4.158642143011093140e-02,4.736057668924331665e-02,5.037967562675476074e-01,-8.715257048606872559e-03,9.639260917901992798e-02,-5.376451462507247925e-02,3.890951275825500488e-01,3.416061997413635254e-01,-4.472670704126358032e-02,-5.056763291358947754e-01,-9.894677996635437012e-02,-1.129841059446334839e-01,-4.871829450130462646e-01,3.934449851512908936e-01,-8.175253123044967651e-02,3.066188097000122070e-02,-4.485318064689636230e-02
-1.126674771308898926e+00,-1.662277281284332275e-01,8.274891972541809082e-01,5.299853160977363586e-03,-1.976524479687213898e-03,-6.211228966712951660e-01,-7.836927175521850586e-01,-2.020252346992492676e-01,3.775229305028915405e-02,-2.574490569531917572e-02,3.119287788867950439e-01,-1.057281047105789185e-01,-2.598834410309791565e-02,-3.457960486412048340e-01,-4.354624822735786438e-02,6.426953524351119995e-02,5.554113388061523438e-01,2.278770878911018372e-02,1.137356385588645935e-01,-5.486562475562095642e-02,3.874655365943908691e-01,3.420221209526062012e-01,-4.592306911945343018e-02,-5.101054310798645020e-01,-9.961581230163574219e-02,-1.143081486225128174e-01,-4.879926741123199463e-01,3.917389512062072754e-01,-8.196288347244262695e-02,2.994911186397075653e-02,-4.719557613134384155e-02
-1.128699541091918945e+00,-1.664324551820755005e-01,8.277989029884338379e-01,5.653638392686843872e-03,-3.398389089852571487e-03,-6.180927753448486328e-01,-7.860774993896484375e-01,-1.985525935888290405e-01,3.698194399476051331e-02,-1.386749837547540665e-02,3.019477725028991699e-01,-1.018030121922492981e-01,-3.300726041197776794e-02,-3.883455991744995117e-01,-4.547307267785072327e-02,8.123824745416641235e-02,6.062150001525878906e-01,5.499782413244247437e-02,1.388792842626571655e-01,-5.530758574604988098e-02,3.854349255561828613e-01,3.425147831439971924e-01,-4.738714545965194702e-02,-5.149487853050231934e-01,-1.004270464181900024e-01,-1.157949417829513550e-01,-4.887450039386749268e-01,3.898453116416931152e-01,-8.230070769786834717e-02,2.913098596036434174e-02,-4.952203109860420227e-02
-1.130655407905578613e+00,-1.667274087667465210e-01,8.279904127120971680e-01,6.064698100090026855e-03,-4.896195139735937119e-03,-6.143104434013366699e-01,-7.890259623527526855e-01,-1.962030678987503052e-01,3.643960878252983093e-02,8.626076159998774529e-04,2.939498424530029297e-01,-9.892016649246215820e-02,-3.448823094367980957e-02,-4.296420216560363770e-01,-4.717223718762397766e-02,9.464064240455627441e-02,6.546509861946105957e-01,8.486090600490570068e-02,1.732537001371383667e-01,-5.395041406154632568e-02,3.831040263175964355e-01,3.430634438991546631e-01,-4.937044158577919006e-02,-5.203625559806823730e-01,-1.015834286808967590e-01,-1.175730228424072266e-01,-4.895619153976440430e-01,3.878068327903747559e-01,-8.305212855339050293e-02,2.821158990263938904e-02,-5.181591585278511047e-02
-1.132614612579345703e+00,-1.668765395879745483e-01,8.280578255653381348e-01,6.685557309538125992e-03,-6.277771200984716415e-03,-6.101840734481811523e-01,-7.922065854072570801e-01,-1.946084648370742798e-01,3.614026680588722229e-02,1.583522558212280273e-02,2.882435321807861328e-01,-9.815457463264465332e-02,-3.344557061791419983e-02,-4.700215160846710205e-01,-4.883125051856040955e-02,1.060614287853240967e-01,7.010642886161804199e-01,1.105359047651290894e-01,2.116889953613281250e-01,-5.123503878712654114e-02,3.806174099445343018e-01,3.439985215663909912e-01,-5.188688635826110840e-02,-5.261082053184509277e-01,-1.032261922955513000e-01,-1.193233653903007507e-01,-4.902222752571105957e-01,3.858939111232757568e-01,-8.418463170528411865e-02,2.744280360639095306e-02,-5.407075211405754089e-02
-1.134431838989257812e+00,-1.667621284723281860e-01,8.281234502792358398e-01,7.642170414328575134e-03,-8.177658542990684509e-03,-6.054565310478210449e-01,-7.957996726036071777e-01,-1.936031430959701538e-01,3.574077785015106201e-02,3.121516108512878418e-02,2.822000980377197266e-01,-9.836815297603607178e-02,-3.112010844051837921e-02,-5.098525881767272949e-01,-5.087926611304283142e-02,1.151390001177787781e-01,7.444649338722229004e-01,1.310562342405319214e-01,2.482300102710723877e-01,-4.747625812888145447e-02,3.778494000434875488e-01,3.454140126705169678e-01,-5.481131747364997864e-02,-5.323860645294189453e-01,-1.053456962108612061e-01,-1.210655793547630310e-01,-4.906326532363891602e-01,3.841930925846099854e-01,-8.597011864185333252e-02,2.693461626768112183e-02,-5.631805956363677979e-02
-1.136125564575195312e+00,-1.667126268148422241e-01,8.282539248466491699e-01,8.484825491905212402e-03,-9.903761558234691620e-03,-6.004542112350463867e-01,-7.995527982711791992e-01,-1.920638382434844971e-01,3.522101044654846191e-02,4.627968743443489075e-02,2.758487164974212646e-01,-9.854507446289062500e-02,-2.796828188002109528e-02,-5.488387942314147949e-01,-5.409409850835800171e-02,1.202117055654525757e-01,7.874596714973449707e-01,1.432614475488662720e-01,2.611215114593505859e-01,-4.122329503297805786e-02,3.748605251312255859e-01,3.477099239826202393e-01,-5.805439502000808716e-02,-5.392122864723205566e-01,-1.081262007355690002e-01,-1.225407719612121582e-01,-4.906187355518341064e-01,3.826519846916198730e-01,-8.818451315164566040e-02,2.670822478830814362e-02,-5.863400921225547791e-02
-1.137988209724426270e+00,-1.665363460779190063e-01,8.284436464309692383e-01,9.268720634281635284e-03,-1.142252609133720398e-02,-5.951938033103942871e-01,-8.034475445747375488e-01,-1.890153288841247559e-01,3.432509675621986389e-02,6.041712313890457153e-02,2.681584358215332031e-01,-9.859217703342437744e-02,-2.531042881309986115e-02,-5.863813161849975586e-01,-5.977693200111389160e-02,1.213250234723091125e-01,8.295838236808776855e-01,1.422227472066879272e-01,2.603897452354431152e-01,-3.458049520850181580e-02,3.718062341213226318e-01,3.505489230155944824e-01,-6.155287101864814758e-02,-5.462020039558410645e-01,-1.112929433584213257e-01,-1.235400810837745667e-01,-4.905224144458770752e-01,3.815008997917175293e-01,-9.065580368041992188e-02,2.709140069782733917e-02,-6.095241010189056396e-02
-1.139560222625732422e+00,-1.662121862173080444e-01,8.287557363510131836e-01,1.012581307440996170e-02,-1.262365654110908508e-02,-5.899860262870788574e-01,-8.072512745857238770e-01,-1.853414177894592285e-01,3.411189094185829163e-02,7.365742325782775879e-02,2.603141665458679199e-01,-9.794749319553375244e-02,-2.362802252173423767e-02,-6.208564639091491699e-01,-6.801440566778182983e-02,1.163802221417427063e-01,8.684728145599365234e-01,1.325282305479049683e-01,2.453144341707229614e-01,-2.822700329124927521e-02,3.686500787734985352e-01,3.540076911449432373e-01,-6.487977504730224609e-02,-5.529942512512207031e-01,-1.145024001598358154e-01,-1.239068880677223206e-01,-4.902068674564361572e-01,3.809295594692230225e-01,-9.338282048702239990e-02,2.836019545793533325e-02,-6.317339837551116943e-02
-1.141055822372436523e+00,-1.658100038766860962e-01,8.290960788726806641e-01,1.081915106624364853e-02,-1.324089150875806808e-02,-5.853919982910156250e-01,-8.105700612068176270e-01,-1.816487163305282593e-01,3.415083140134811401e-02,8.568318933248519897e-02,2.536906599998474121e-01,-9.732339531183242798e-02,-2.203206717967987061e-02,-6.517641544342041016e-01,-7.866591215133666992e-02,1.076884642243385315e-01,9.049676656723022461e-01,1.194204688072204590e-01,2.241513729095458984e-01,-2.265394479036331177e-02,3.655622601509094238e-01,3.578826487064361572e-01,-6.767095625400543213e-02,-5.588767528533935547e-01,-1.173562631011009216e-01,-1.235623955726623535e-01,-4.897282719612121582e-01,3.806977272033691406e-01,-9.597820043563842773e-02,3.024528734385967255e-02,-6.529625505208969116e-02
-1.142488121986389160e+00,-1.652623265981674194e-01,8.295402526855468750e-01,1.136336941272020340e-02,-1.364846434444189072e-02,-5.811552405357360840e-01,-8.135988712310791016e-01,-1.764865815639495850e-01,3.406620770692825317e-02,9.699664264917373657e-02,2.462064027786254883e-01,-9.598322212696075439e-02,-2.060056850314140320e-02,-6.793000698089599609e-01,-9.124372899532318115e-02,9.712541103363037109e-02,9.383432269096374512e-01,1.055481210350990295e-01,2.025404274463653564e-01,-1.863779686391353607e-02,3.623599410057067871e-01,3.618168532848358154e-01,-6.940814107656478882e-02,-5.637378096580505371e-01,-1.191061064600944519e-01,-1.224043443799018860e-01,-4.892209768295288086e-01,3.808623850345611572e-01,-9.820764511823654175e-02,3.293309360742568970e-02,-6.726737320423126221e-02
-1.143752455711364746e+00,-1.648172885179519653e-01,8.299688696861267090e-01,1.187750510871410370e-02,-1.352741941809654236e-02,-5.776017308235168457e-01,-8.161202073097229004e-01,-1.703871190547943115e-01,3.448906913399696350e-02,1.070182099938392639e-01,2.384335398674011230e-01,-9.458414465188980103e-02,-1.943619735538959503e-02,-7.029657363891601562e-01,-1.042307689785957336e-01,8.563775569200515747e-02,9.689794778823852539e-01,9.031475335359573364e-02,1.765265613794326782e-01,-1.620464399456977844e-02,3.591804504394531250e-01,3.656310737133026123e-01,-7.002153992652893066e-02,-5.672170519828796387e-01,-1.195806860923767090e-01,-1.206098943948745728e-01,-4.885311722755432129e-01,3.812089562416076660e-01,-1.002097800374031067e-01,3.613489866256713867e-02,-6.907681375741958618e-02
-1.144880414009094238e+00,-1.642284244298934937e-01,8.304696679115295410e-01,1.235718652606010437e-02,-1.334922481328248978e-02,-5.743060111999511719e-01,-8.184385895729064941e-01,-1.647292375564575195e-01,3.482390567660331726e-02,1.163603961467742920e-01,2.304944992065429688e-01,-9.239095449447631836e-02,-1.835136301815509796e-02,-7.235316038131713867e-01,-1.174076199531555176e-01,7.380070537328720093e-02,9.968757033348083496e-01,7.189215719699859619e-02,1.509046703577041626e-01,-1.434161327779293060e-02,3.558847308158874512e-01,3.691158294677734375e-01,-6.938562542200088501e-02,-5.694277882575988770e-01,-1.184074655175209045e-01,-1.182464435696601868e-01,-4.876350760459899902e-01,3.814294934272766113e-01,-1.016470044851303101e-01,3.937388956546783447e-02,-7.067797333002090454e-02
-1.145859003067016602e+00,-1.635839045047760010e-01,8.309774994850158691e-01,1.290055923163890839e-02,-1.302210241556167603e-02,-5.716767907142639160e-01,-8.202741146087646484e-01,-1.586807519197463989e-01,3.535323217511177063e-02,1.247149705886840820e-01,2.224428355693817139e-01,-9.027220308780670166e-02,-1.737944968044757843e-02,-7.409929037094116211e-01,-1.298454999923706055e-01,6.328862160444259644e-02,1.022552609443664551e+00,5.258795246481895447e-02,1.212839633226394653e-01,-1.386948116123676300e-02,3.524143695831298828e-01,3.721606433391571045e-01,-6.760125607252120972e-02,-5.705759525299072266e-01,-1.155865415930747986e-01,-1.155036389827728271e-01,-4.865005314350128174e-01,3.813400268554687500e-01,-1.025254353880882263e-01,4.228515177965164185e-02,-7.203921675682067871e-02
-1.146745920181274414e+00,-1.628993898630142212e-01,8.314709067344665527e-01,1.355651021003723145e-02,-1.296649128198623657e-02,-5.691859126091003418e-01,-8.219948410987854004e-01,-1.522054970264434814e-01,3.570767864584922791e-02,1.332503110170364380e-01,2.136764079332351685e-01,-8.837738633155822754e-02,-1.655903644859790802e-02,-7.562816143035888672e-01,-1.417127400636672974e-01,5.310727283358573914e-02,1.045170307159423828e+00,3.587732836604118347e-02,9.875667095184326172e-02,-1.401970162987709045e-02,3.487850725650787354e-01,3.747859001159667969e-01,-6.492725014686584473e-02,-5.708676576614379883e-01,-1.111844927072525024e-01,-1.125764474272727966e-01,-4.851475656032562256e-01,3.808443844318389893e-01,-1.029888018965721130e-01,4.481353238224983215e-02,-7.318596541881561279e-02
-1.147423624992370605e+00,-1.623405516147613525e-01,8.318604826927185059e-01,1.362675521522760391e-02,-1.267403364181518555e-02,-5.670530796051025391e-01,-8.234710097312927246e-01,-1.459979712963104248e-01,3.558772429823875427e-02,1.416549682617187500e-01,2.060287445783615112e-01,-8.569467812776565552e-02,-1.549328397959470749e-02,-7.686082124710083008e-01,-1.536023914813995361e-01,4.374371469020843506e-02,1.065874457359313965e+00,2.180687524378299713e-02,7.576845586299896240e-02,-1.421882770955562592e-02,3.452057838439941406e-01,3.769711554050445557e-01,-6.188992783427238464e-02,-5.705630183219909668e-01,-1.056100577116012573e-01,-1.094851419329643250e-01,-4.836520850658416748e-01,3.799295425415039062e-01,-1.027787476778030396e-01,4.686886072158813477e-02,-7.408966124057769775e-02
-1.147991418838500977e+00,-1.617542505264282227e-01,8.322498798370361328e-01,1.396199408918619156e-02,-1.278836838901042938e-02,-5.650223493576049805e-01,-8.248583078384399414e-01,-1.411587446928024292e-01,3.545849770307540894e-02,1.497227102518081665e-01,1.990902274847030640e-01,-8.320217579603195190e-02,-1.430318970233201981e-02,-7.791305780410766602e-01,-1.644892245531082153e-01,3.505105897784233093e-02,1.083768010139465332e+00,1.075479667633771896e-02,5.979233235120773315e-02,-1.492996793240308762e-02,3.417311608791351318e-01,3.787715137004852295e-01,-5.891466140747070312e-02,-5.700117945671081543e-01,-9.943012893199920654e-02,-1.065029129385948181e-01,-4.820506572723388672e-01,3.786099851131439209e-01,-1.023093760013580322e-01,4.835244268178939819e-02,-7.477314025163650513e-02
-1.148459672927856445e+00,-1.612339019775390625e-01,8.325365781784057617e-01,1.425275951623916626e-02,-1.280635409057140350e-02,-5.631896257400512695e-01,-8.261054754257202148e-01,-1.366079002618789673e-01,3.540793433785438538e-02,1.567588299512863159e-01,1.928266584873199463e-01,-8.142089843750000000e-02,-1.361785270273685455e-02,-7.870650291442871094e-01,-1.747173666954040527e-01,2.654108963906764984e-02,1.098819255828857422e+00,4.585012793540954590e-03,4.692013934254646301e-02,-1.549737527966499329e-02,3.384684026241302490e-01,3.804069757461547852e-01,-5.635434761643409729e-02,-5.694459080696105957e-01,-9.333118796348571777e-02,-1.036807075142860413e-01,-4.804320335388183594e-01,3.769094944000244141e-01,-1.015771776437759399e-01,4.929341748356819153e-02,-7.529849559068679810e-02
-1.148833990097045898e+00,-1.607618629932403564e-01,8.327863812446594238e-01,1.440819166600704193e-02,-1.278264913707971573e-02,-5.616607069969177246e-01,-8.271434307098388672e-01,-1.328076720237731934e-01,3.528603538870811462e-02,1.626888215541839600e-01,1.876788735389709473e-01,-7.958552986383438110e-02,-1.299902331084012985e-02,-7.923170328140258789e-01,-1.843454092741012573e-01,1.839120872318744659e-02,1.111132621765136719e+00,8.608511416241526604e-04,3.673507273197174072e-02,-1.624171249568462372e-02,3.356712460517883301e-01,3.821212053298950195e-01,-5.456559360027313232e-02,-5.688410401344299316e-01,-8.800807595252990723e-02,-1.009434759616851807e-01,-4.789038300514221191e-01,3.748809099197387695e-01,-1.004221215844154358e-01,4.973356798291206360e-02,-7.569009065628051758e-02
-1.149153470993041992e+00,-1.602555811405181885e-01,8.329675197601318359e-01,1.452614460140466690e-02,-1.285568159073591232e-02,-5.603567957878112793e-01,-8.280241489410400391e-01,-1.295950412750244141e-01,3.496981412172317505e-02,1.676761656999588013e-01,1.833395808935165405e-01,-7.824785262346267700e-02,-1.234404556453227997e-02,-7.952688932418823242e-01,-1.935777068138122559e-01,1.052424404770135880e-02,1.120905756950378418e+00,-2.504579257220029831e-03,2.962901815772056580e-02,-1.756359636783599854e-02,3.334690034389495850e-01,3.840498626232147217e-01,-5.391256138682365417e-02,-5.683277249336242676e-01,-8.421555906534194946e-02,-9.835723787546157837e-02,-4.774917960166931152e-01,3.726699054241180420e-01,-9.910133481025695801e-02,4.981628060340881348e-02,-7.603812217712402344e-02
-1.149221658706665039e+00,-1.598685681819915771e-01,8.330553770065307617e-01,1.442749053239822388e-02,-1.296131033450365067e-02,-5.595482587814331055e-01,-8.285708427429199219e-01,-1.274153292179107666e-01,3.462533652782440186e-02,1.715331077575683594e-01,1.807931810617446899e-01,-7.732890546321868896e-02,-1.205202192068099976e-02,-7.961500883102416992e-01,-2.024192214012145996e-01,2.764135831966996193e-03,1.128770828247070312e+00,-4.221562761813402176e-03,2.129589766263961792e-02,-1.868628710508346558e-02,3.319072127342224121e-01,3.862423896789550781e-01,-5.425064638257026672e-02,-5.675136446952819824e-01,-8.188550174236297607e-02,-9.579724073410034180e-02,-4.761903285980224609e-01,3.703769445419311523e-01,-9.751771390438079834e-02,4.981997981667518616e-02,-7.644252479076385498e-02
-1.149300456047058105e+00,-1.594004482030868530e-01,8.331357836723327637e-01,1.448526512831449509e-02,-1.312132086604833603e-02,-5.588442087173461914e-01,-8.290423154830932617e-01,-1.257344484329223633e-01,3.439880907535552979e-02,1.745427399873733521e-01,1.791412532329559326e-01,-7.701801508665084839e-02,-1.192793156951665878e-02,-7.947953343391418457e-01,-2.106302380561828613e-01,-5.038880743086338043e-03,1.133412599563598633e+00,-6.079309619963169098e-03,1.338631380349397659e-02,-2.069568820297718048e-02,3.309398591518402100e-01,3.888296186923980713e-01,-5.588039010763168335e-02,-5.667456388473510742e-01,-8.182508498430252075e-02,-9.341715276241302490e-02,-4.750976562500000000e-01,3.678295016288757324e-01,-9.569914638996124268e-02,4.950372874736785889e-02,-7.692401111125946045e-02
-1.149166226387023926e+00,-1.588991135358810425e-01,8.330921530723571777e-01,1.425152458250522614e-02,-1.316434517502784729e-02,-5.581540465354919434e-01,-8.295105099678039551e-01,-1.240579858422279358e-01,3.416821733117103577e-02,1.775524020195007324e-01,1.787489056587219238e-01,-7.759701460599899292e-02,-1.176504511386156082e-02,-7.907187342643737793e-01,-2.186888307332992554e-01,-1.356783043593168259e-02,1.135757684707641602e+00,-8.459100499749183655e-03,8.539772592484951019e-03,-2.241654321551322937e-02,3.304288685321807861e-01,3.915064930915832520e-01,-5.834298953413963318e-02,-5.657890439033508301e-01,-8.327669650316238403e-02,-9.124479442834854126e-02,-4.741464853286743164e-01,3.651116192340850830e-01,-9.392923861742019653e-02,4.900885745882987976e-02,-7.748959958553314209e-02
-1.148994326591491699e+00,-1.585033982992172241e-01,8.330348134040832520e-01,1.392023358494043350e-02,-1.301969122141599655e-02,-5.576746463775634766e-01,-8.298407793045043945e-01,-1.229138895869255066e-01,3.401127085089683533e-02,1.792771816253662109e-01,1.791962534189224243e-01,-7.825323194265365601e-02,-1.129829511046409607e-02,-7.838677167892456055e-01,-2.272416651248931885e-01,-2.402078919112682343e-02,1.135364174842834473e+00,-9.754387661814689636e-03,2.636065939441323280e-03,-2.431090734899044037e-02,3.300625085830688477e-01,3.948296904563903809e-01,-6.250175088644027710e-02,-5.631855726242065430e-01,-8.873298019170761108e-02,-8.875218778848648071e-02,-4.730455577373504639e-01,3.610779941082000732e-01,-9.094654768705368042e-02,4.716508090496063232e-02,-7.861261814832687378e-02
-1.148783326148986816e+00,-1.581272035837173462e-01,8.329433202743530273e-01,1.348539441823959351e-02,-1.298177521675825119e-02,-5.568892359733581543e-01,-8.303757905960083008e-01,-1.212933361530303955e-01,3.358152881264686584e-02,1.810933798551559448e-01,1.794401407241821289e-01,-7.903788983821868896e-02,-1.115460228174924850e-02,-7.746972441673278809e-01,-2.353011071681976318e-01,-3.505058959126472473e-02,1.131332993507385254e+00,-1.050531398504972458e-02,-1.691823359578847885e-03,-2.624886482954025269e-02,3.299111127853393555e-01,3.975299894809722900e-01,-6.666737049818038940e-02,-5.603767037391662598e-01,-9.417126327753067017e-02,-8.659552037715911865e-02,-4.723979830741882324e-01,3.571723699569702148e-01,-8.841853588819503784e-02,4.555825889110565186e-02,-7.987235486507415771e-02
-1.148476123809814453e+00,-1.578481197357177734e-01,8.327826857566833496e-01,1.250007096678018570e-02,-1.268784608691930771e-02,-5.561643242835998535e-01,-8.308814764022827148e-01,-1.173663362860679626e-01,3.267859667539596558e-02,1.844199001789093018e-01,1.783451437950134277e-01,-7.958941906690597534e-02,-1.106460299342870712e-02,-7.629504203796386719e-01,-2.438865154981613159e-01,-4.655197635293006897e-02,1.124765872955322266e+00,-1.094407588243484497e-02,-5.562642589211463928e-03,-2.870889380574226379e-02,3.300570547580718994e-01,3.996616303920745850e-01,-7.084498554468154907e-02,-5.569785237312316895e-01,-9.911748021841049194e-02,-8.457690477371215820e-02,-4.720201194286346436e-01,3.534322679042816162e-01,-8.612506836652755737e-02,4.427976906299591064e-02,-8.119133859872817993e-02
-1.148144721984863281e+00,-1.574262529611587524e-01,8.325603008270263672e-01,1.190326455980539322e-02,-1.238460373133420944e-02,-5.547544956207275391e-01,-8.318367600440979004e-01,-1.176106631755828857e-01,3.279944509267807007e-02,1.856950074434280396e-01,1.827932298183441162e-01,-8.201145380735397339e-02,-1.101875212043523788e-02,-7.487981319427490234e-01,-2.509973347187042236e-01,-5.961376056075096130e-02,1.114138245582580566e+00,-1.101333741098642349e-02,-9.860814549028873444e-03,-2.936565317213535309e-02,3.302725255489349365e-01,4.012593626976013184e-01,-7.465193420648574829e-02,-5.526238679885864258e-01,-1.030605733394622803e-01,-8.251480013132095337e-02,-4.718101322650909424e-01,3.499122560024261475e-01,-8.372709155082702637e-02,4.347140341997146606e-02,-8.268842846155166626e-02
-1.147697567939758301e+00,-1.569983065128326416e-01,8.323661088943481445e-01,1.137226540595293045e-02,-1.252653729170560837e-02,-5.532897710800170898e-01,-8.328170180320739746e-01,-1.164635419845581055e-01,3.234308212995529175e-02,1.872338503599166870e-01,1.843848228454589844e-01,-8.377841860055923462e-02,-1.116387266665697098e-02,-7.331402897834777832e-01,-2.577955722808837891e-01,-7.387919723987579346e-02,1.099869608879089355e+00,-1.122499909251928329e-02,-1.269406639039516449e-02,-3.064954839646816254e-02,3.299042880535125732e-01,4.022063016891479492e-01,-7.792945951223373413e-02,-5.473201870918273926e-01,-1.047916710376739502e-01,-8.060187846422195435e-02,-4.716490805149078369e-01,3.463865220546722412e-01,-8.269903808832168579e-02,4.342290759086608887e-02,-8.417724817991256714e-02
-1.147071242332458496e+00,-1.564271152019500732e-01,8.321893811225891113e-01,1.129544619470834732e-02,-1.341196894645690918e-02,-5.515270233154296875e-01,-8.339727520942687988e-01,-1.171521842479705811e-01,3.208768740296363831e-02,1.895305514335632324e-01,1.861306577920913696e-01,-8.559726923704147339e-02,-1.125397812575101852e-02,-7.168337106704711914e-01,-2.629764080047607422e-01,-8.855246752500534058e-02,1.081361651420593262e+00,-9.402039460837841034e-03,-1.547089871019124985e-02,-3.226759657263755798e-02,3.296847641468048096e-01,4.025076329708099365e-01,-8.037649840116500854e-02,-5.442256927490234375e-01,-1.036009788513183594e-01,-7.913661748170852661e-02,-4.716625511646270752e-01,3.434145450592041016e-01,-8.342482149600982666e-02,4.406391456723213196e-02,-8.485603332519531250e-02
-1.146489024162292480e+00,-1.560205221176147461e-01,8.320168256759643555e-01,1.067627407610416412e-02,-1.358473021537065506e-02,-5.494406819343566895e-01,-8.353540301322937012e-01,-1.161549836397171021e-01,3.191910684108734131e-02,1.928502172231674194e-01,1.882282942533493042e-01,-8.728915452957153320e-02,-1.139876153320074081e-02,-6.966544985771179199e-01,-2.665439546108245850e-01,-1.025603041052818298e-01,1.059345006942749023e+00,-6.782936863601207733e-03,-1.749752648174762726e-02,-3.383136540651321411e-02,3.290966153144836426e-01,4.023734629154205322e-01,-8.219578117132186890e-02,-5.386041998863220215e-01,-9.948342293500900269e-02,-7.753783464431762695e-02,-4.717125296592712402e-01,3.403723239898681641e-01,-8.475488424301147461e-02,4.572196304798126221e-02,-8.495414257049560547e-02
-1.145847320556640625e+00,-1.555448472499847412e-01,8.318406343460083008e-01,1.003490947186946869e-02,-1.375778950750827789e-02,-5.467706322669982910e-01,-8.371092677116394043e-01,-1.142144650220870972e-01,3.180919587612152100e-02,1.975322067737579346e-01,1.894912421703338623e-01,-8.920267224311828613e-02,-1.197126880288124084e-02,-6.743816137313842773e-01,-2.691514790058135986e-01,-1.180318146944046021e-01,1.032553553581237793e+00,-1.666277297772467136e-03,-1.995507627725601196e-02,-3.470759838819503784e-02,3.285628557205200195e-01,4.017560482025146484e-01,-8.325961232185363770e-02,-5.329416394233703613e-01,-9.428823739290237427e-02,-7.608243823051452637e-02,-4.717709720134735107e-01,3.377257883548736572e-01,-8.623411506414413452e-02,4.818071052432060242e-02,-8.440627157688140869e-02
-1.145146369934082031e+00,-1.551968604326248169e-01,8.316477537155151367e-01,9.402419440448284149e-03,-1.369616016745567322e-02,-5.439535975456237793e-01,-8.389508128166198730e-01,-1.121626198291778564e-01,3.227613493800163269e-02,2.023117840290069580e-01,1.917911767959594727e-01,-9.163754433393478394e-02,-1.280986331403255463e-02,-6.489697098731994629e-01,-2.695333361625671387e-01,-1.340816020965576172e-01,1.001032829284667969e+00,5.412334110587835312e-03,-2.012213319540023804e-02,-3.499908372759819031e-02,3.282679319381713867e-01,4.007865190505981445e-01,-8.389833569526672363e-02,-5.271552205085754395e-01,-8.918062597513198853e-02,-7.481051236391067505e-02,-4.717095792293548584e-01,3.353364765644073486e-01,-8.800683170557022095e-02,5.043857544660568237e-02,-8.335433155298233032e-02
-1.144254684448242188e+00,-1.549046486616134644e-01,8.314756751060485840e-01,8.364873938262462616e-03,-1.314914692193269730e-02,-5.411581397056579590e-01,-8.407764434814453125e-01,-1.081448793411254883e-01,3.280088305473327637e-02,2.078576385974884033e-01,1.927699446678161621e-01,-9.326727688312530518e-02,-1.368333306163549423e-02,-6.195466518402099609e-01,-2.681864202022552490e-01,-1.506021618843078613e-01,9.646469950675964355e-01,1.581842638552188873e-02,-1.913973130285739899e-02,-3.551644459366798401e-02,3.282570242881774902e-01,3.994218707084655762e-01,-8.416680991649627686e-02,-5.211070179939270020e-01,-8.399179577827453613e-02,-7.359264791011810303e-02,-4.715388119220733643e-01,3.332579433917999268e-01,-8.955793082714080811e-02,5.261264368891716003e-02,-8.198403567075729370e-02
-1.143221974372863770e+00,-1.545647233724594116e-01,8.312964439392089844e-01,7.364472374320030212e-03,-1.269613765180110931e-02,-5.383515357971191406e-01,-8.425925374031066895e-01,-1.046125590801239014e-01,3.351888433098793030e-02,2.136656790971755981e-01,1.942985802888870239e-01,-9.479687362909317017e-02,-1.490934193134307861e-02,-5.874804854393005371e-01,-2.652919292449951172e-01,-1.678194254636764526e-01,9.226386547088623047e-01,3.106499277055263519e-02,-1.477143634110689163e-02,-3.567714616656303406e-02,3.284481763839721680e-01,3.977119028568267822e-01,-8.414429426193237305e-02,-5.155538320541381836e-01,-7.905148714780807495e-02,-7.239871472120285034e-02,-4.712609350681304932e-01,3.315281271934509277e-01,-9.139578789472579956e-02,5.431589111685752869e-02,-8.028527349233627319e-02
-1.142034173011779785e+00,-1.540826112031936646e-01,8.310658931732177734e-01,6.915263365954160690e-03,-1.261464506387710571e-02,-5.357959866523742676e-01,-8.442249298095703125e-01,-1.027660965919494629e-01,3.479556739330291748e-02,2.176167815923690796e-01,1.970321387052536011e-01,-9.754467010498046875e-02,-1.599304005503654480e-02,-5.538654923439025879e-01,-2.597175836563110352e-01,-1.853611916303634644e-01,8.755368590354919434e-01,5.133742839097976685e-02,-9.314252063632011414e-03,-3.603227809071540833e-02,3.287983834743499756e-01,3.958472907543182373e-01,-8.401308953762054443e-02,-5.107584595680236816e-01,-7.461031526327133179e-02,-7.120790332555770874e-02,-4.709555506706237793e-01,3.303468227386474609e-01,-9.377381950616836548e-02,5.769988521933555603e-02,-7.845110446214675903e-02
-1.140723347663879395e+00,-1.536052674055099487e-01,8.307830095291137695e-01,6.522402632981538773e-03,-1.262809801846742630e-02,-5.333452820777893066e-01,-8.457782268524169922e-01,-1.022664979100227356e-01,3.659367933869361877e-02,2.217599451541900635e-01,2.019984126091003418e-01,-1.009940132498741150e-01,-1.764340512454509735e-02,-5.176667571067810059e-01,-2.523678243160247803e-01,-2.035050243139266968e-01,8.226332068443298340e-01,7.717370986938476562e-02,1.373136998154222965e-03,-3.615996614098548889e-02,3.292979896068572998e-01,3.939081728458404541e-01,-8.380707353353500366e-02,-5.064979791641235352e-01,-7.080783694982528687e-02,-7.020207494497299194e-02,-4.705960750579833984e-01,3.294171988964080811e-01,-9.695030748844146729e-02,6.082533672451972961e-02,-7.687804847955703735e-02
-1.138978362083435059e+00,-1.531508564949035645e-01,8.303745985031127930e-01,6.049750838428735733e-03,-1.226814836263656616e-02,-5.315880179405212402e-01,-8.468925952911376953e-01,-1.026594415307044983e-01,3.938614577054977417e-02,2.241205275058746338e-01,2.095082998275756836e-01,-1.056515872478485107e-01,-1.984136179089546204e-02,-4.777688384056091309e-01,-2.436872422695159912e-01,-2.238850146532058716e-01,7.649316191673278809e-01,1.072847694158554077e-01,1.263071503490209579e-02,-3.606419265270233154e-02,3.299550414085388184e-01,3.919695913791656494e-01,-8.372619748115539551e-02,-5.025086402893066406e-01,-6.826605647802352905e-02,-6.919386237859725952e-02,-4.701518714427947998e-01,3.284884095191955566e-01,-9.931791573762893677e-02,6.258329004049301147e-02,-7.562687993049621582e-02
-1.137424230575561523e+00,-1.530863642692565918e-01,8.298320770263671875e-01,5.056627560406923294e-03,-1.144288387149572372e-02,-5.289264321327209473e-01,-8.485754728317260742e-01,-1.023964509367942810e-01,4.195708036422729492e-02,2.272660434246063232e-01,2.184383720159530640e-01,-1.107452139258384705e-01,-2.182131633162498474e-02,-4.362599849700927734e-01,-2.352536022663116455e-01,-2.473059296607971191e-01,7.076640725135803223e-01,1.241365894675254822e-01,3.247351944446563721e-02,-3.461729735136032104e-02,3.310221433639526367e-01,3.899706006050109863e-01,-8.406559377908706665e-02,-4.980423450469970703e-01,-6.756052374839782715e-02,-6.804645061492919922e-02,-4.697635173797607422e-01,3.279535174369812012e-01,-1.014732867479324341e-01,6.542152911424636841e-02,-7.469651848077774048e-02
-1.135816693305969238e+00,-1.530961394309997559e-01,8.291370272636413574e-01,3.927600104361772537e-03,-1.052070222795009613e-02,-5.257456302642822266e-01,-8.505676984786987305e-01,-1.027346402406692505e-01,4.480537772178649902e-02,2.306844592094421387e-01,2.294933944940567017e-01,-1.166321337223052979e-01,-2.386607415974140167e-02,-3.945553302764892578e-01,-2.265370190143585205e-01,-2.739927172660827637e-01,6.542963981628417969e-01,1.076590716838836670e-01,4.800820350646972656e-02,-3.170713409781455994e-02,3.325987458229064941e-01,3.878698647022247314e-01,-8.512566983699798584e-02,-4.936370253562927246e-01,-6.956107169389724731e-02,-6.687490642070770264e-02,-4.693950712680816650e-01,3.274581730365753174e-01,-1.030326485633850098e-01,6.740962713956832886e-02,-7.423519343137741089e-02
-1.134060263633728027e+00,-1.533216089010238647e-01,8.282188177108764648e-01,2.666881540790200233e-03,-9.469137527048587799e-03,-5.226923823356628418e-01,-8.524646162986755371e-01,-1.054046526551246643e-01,4.811586439609527588e-02,2.318115532398223877e-01,2.449965626001358032e-01,-1.230898201465606689e-01,-2.597886510193347931e-02,-3.539571166038513184e-01,-2.172728776931762695e-01,-3.002584278583526611e-01,6.066055297851562500e-01,6.469320505857467651e-02,5.173372477293014526e-02,-2.791100926697254181e-02,3.345020413398742676e-01,3.856700062751770020e-01,-8.670955896377563477e-02,-4.900788366794586182e-01,-7.243648916482925415e-02,-6.558726727962493896e-02,-4.689465761184692383e-01,3.270426988601684570e-01,-1.048377901315689087e-01,6.895810365676879883e-02,-7.433781772851943970e-02
-1.132205963134765625e+00,-1.536724716424942017e-01,8.272575736045837402e-01,1.574502093717455864e-03,-8.007130585610866547e-03,-5.208877325057983398e-01,-8.535861968994140625e-01,-1.098440587520599365e-01,5.238490551710128784e-02,2.299510538578033447e-01,2.632455527782440186e-01,-1.300155520439147949e-01,-2.809163741767406464e-02,-3.138715922832489014e-01,-2.061031311750411987e-01,-3.221694827079772949e-01,5.614642500877380371e-01,1.888740807771682739e-02,4.645091295242309570e-02,-2.635948173701763153e-02,3.366023004055023193e-01,3.836553990840911865e-01,-8.870291709899902344e-02,-4.872165918350219727e-01,-7.596425712108612061e-02,-6.402951478958129883e-02,-4.684729874134063721e-01,3.266693353652954102e-01,-1.060335338115692139e-01,7.062021642923355103e-02,-7.495528459548950195e-02
-1.130092024803161621e+00,-1.541030555963516235e-01,8.266793489456176758e-01,1.510040601715445518e-04,-7.544025778770446777e-03,-5.188883543014526367e-01,-8.548087477684020996e-01,-1.181153655052185059e-01,5.563348159193992615e-02,2.265682965517044067e-01,2.850232422351837158e-01,-1.311770081520080566e-01,-3.009727597236633301e-02,-2.765571773052215576e-01,-1.954296976327896118e-01,-3.412964046001434326e-01,5.142133235931396484e-01,-1.679941266775131226e-02,4.677868261933326721e-02,-2.516299858689308167e-02,3.387019336223602295e-01,3.815336525440216064e-01,-9.097684174776077271e-02,-4.854383766651153564e-01,-7.962782680988311768e-02,-6.230865791440010071e-02,-4.682231545448303223e-01,3.264811635017395020e-01,-1.078867465257644653e-01,7.266506552696228027e-02,-7.577230781316757202e-02
-1.128052473068237305e+00,-1.545103788375854492e-01,8.260096907615661621e-01,-8.290483383461833000e-04,-7.636230438947677612e-03,-5.161421298980712891e-01,-8.564684987068176270e-01,-1.282253712415695190e-01,5.938029289245605469e-02,2.247621417045593262e-01,3.079499900341033936e-01,-1.328963190317153931e-01,-3.188667818903923035e-02,-2.425352185964584351e-01,-1.848769187927246094e-01,-3.629730939865112305e-01,4.675749540328979492e-01,-4.984281957149505615e-02,5.163237079977989197e-02,-2.286694012582302094e-02,3.404350578784942627e-01,3.794032335281372070e-01,-9.323377907276153564e-02,-4.852741956710815430e-01,-8.164791762828826904e-02,-6.098143011331558228e-02,-4.682380557060241699e-01,3.265354633331298828e-01,-1.101704165339469910e-01,7.420517504215240479e-02,-7.630977779626846313e-02
-1.126033544540405273e+00,-1.549810916185379028e-01,8.253167271614074707e-01,-1.290686428546905518e-03,-6.956281140446662903e-03,-5.141608715057373047e-01,-8.576645851135253906e-01,-1.387373358011245728e-01,6.484126299619674683e-02,2.206221371889114380e-01,3.324029743671417236e-01,-1.362167894840240479e-01,-3.333849459886550903e-02,-2.108749300241470337e-01,-1.726744323968887329e-01,-3.803112208843231201e-01,4.222291707992553711e-01,-7.520158588886260986e-02,5.059700086712837219e-02,-2.313460968434810638e-02,3.422516882419586182e-01,3.776119947433471680e-01,-9.559649974107742310e-02,-4.847735464572906494e-01,-8.446764200925827026e-02,-5.974425002932548523e-02,-4.682987630367279053e-01,3.264156281948089600e-01,-1.133758202195167542e-01,7.527077198028564453e-02,-7.654441148042678833e-02
-1.124040961265563965e+00,-1.555858701467514038e-01,8.246434926986694336e-01,-1.030503772199153900e-03,-5.333297885954380035e-03,-5.126914978027343750e-01,-8.585557341575622559e-01,-1.507742702960968018e-01,7.285492867231369019e-02,2.143356502056121826e-01,3.601859509944915771e-01,-1.403482109308242798e-01,-3.421932831406593323e-02,-1.808523237705230713e-01,-1.573886722326278687e-01,-3.927765190601348877e-01,3.774908185005187988e-01,-9.238676726818084717e-02,4.231966659426689148e-02,-2.417690306901931763e-02,3.439847230911254883e-01,3.764118552207946777e-01,-9.772872924804687500e-02,-4.840679466724395752e-01,-8.750899881124496460e-02,-5.813170596957206726e-02,-4.679222106933593750e-01,3.265741467475891113e-01,-1.168102473020553589e-01,7.685766369104385376e-02,-7.646185904741287231e-02
-1.122094154357910156e+00,-1.562820672988891602e-01,8.241850733757019043e-01,-4.691673675552010536e-04,-3.531870897859334946e-03,-5.105018615722656250e-01,-8.598692417144775391e-01,-1.647026389837265015e-01,8.207657188177108765e-02,2.076577246189117432e-01,3.908984363079071045e-01,-1.423459649085998535e-01,-3.336971625685691833e-02,-1.529966294765472412e-01,-1.403966844081878662e-01,-4.016606807708740234e-01,3.332284390926361084e-01,-1.024513691663742065e-01,3.388753905892372131e-02,-2.495355904102325439e-02,3.455370366573333740e-01,3.757617175579071045e-01,-9.911342710256576538e-02,-4.826397001743316650e-01,-8.977953344583511353e-02,-5.625363066792488098e-02,-4.670358300209045410e-01,3.270110487937927246e-01,-1.205168813467025757e-01,7.848375290632247925e-02,-7.594131678342819214e-02
-1.120323419570922852e+00,-1.570325344800949097e-01,8.240497708320617676e-01,2.567901392467319965e-04,-1.808328670449554920e-03,-5.084630846977233887e-01,-8.610818386077880859e-01,-1.789203882217407227e-01,9.125196188688278198e-02,2.019275724887847900e-01,4.206777513027191162e-01,-1.393977701663970947e-01,-3.217834234237670898e-02,-1.342317759990692139e-01,-1.261748373508453369e-01,-4.053921103477478027e-01,3.035273253917694092e-01,-1.060583144426345825e-01,2.262120880186557770e-02,-2.638675644993782043e-02,3.466027975082397461e-01,3.758249282836914062e-01,-9.958976507186889648e-02,-4.818346500396728516e-01,-9.050155431032180786e-02,-5.484486371278762817e-02,-4.657764136791229248e-01,3.277498483657836914e-01,-1.223361194133758545e-01,7.944873720407485962e-02,-7.545866817235946655e-02
-1.118474006652832031e+00,-1.579304337501525879e-01,8.240636587142944336e-01,1.243179896846413612e-03,-3.542084887158125639e-04,-5.059763789176940918e-01,-8.625463843345642090e-01,-1.974796950817108154e-01,1.013964638113975525e-01,1.969681829214096069e-01,4.552061855792999268e-01,-1.309660822153091431e-01,-3.124659322202205658e-02,-1.182388216257095337e-01,-1.116729155182838440e-01,-4.058244228363037109e-01,2.774437963962554932e-01,-1.212751120328903198e-01,9.711410850286483765e-03,-2.769261971116065979e-02,3.474850952625274658e-01,3.759985566139221191e-01,-9.942243248224258423e-02,-4.809027016162872314e-01,-9.068102389574050903e-02,-5.348443239927291870e-02,-4.641861021518707275e-01,3.289602398872375488e-01,-1.246198117733001709e-01,8.075616508722305298e-02,-7.473709434270858765e-02
-1.116579532623291016e+00,-1.589625328779220581e-01,8.240543007850646973e-01,1.858214265666902065e-03,1.031801337376236916e-03,-5.032899379730224609e-01,-8.641149997711181641e-01,-2.194427251815795898e-01,1.118555739521980286e-01,1.927300989627838135e-01,4.952134191989898682e-01,-1.170796304941177368e-01,-2.675859071314334869e-02,-1.055074334144592285e-01,-1.010783016681671143e-01,-4.011623859405517578e-01,2.547773718833923340e-01,-1.155419126152992249e-01,2.321761474013328552e-02,-2.916336990892887115e-02,3.480635881423950195e-01,3.755357265472412109e-01,-9.867488592863082886e-02,-4.799927175045013428e-01,-9.008915722370147705e-02,-5.237839370965957642e-02,-4.631408452987670898e-01,3.305370509624481201e-01,-1.272902637720108032e-01,8.238688111305236816e-02,-7.378594577312469482e-02
-1.114772558212280273e+00,-1.599053889513015747e-01,8.243701457977294922e-01,3.003503894433379173e-03,1.872471184469759464e-03,-5.006043910980224609e-01,-8.656689524650573730e-01,-2.456639260053634644e-01,1.231240034103393555e-01,1.892069280147552490e-01,5.383618474006652832e-01,-9.817921370267868042e-02,-2.082835324108600616e-02,-9.670834988355636597e-02,-9.044034779071807861e-02,-3.941552042961120605e-01,2.351401895284652710e-01,-1.068636253476142883e-01,2.533948048949241638e-02,-3.031177632510662079e-02,3.482863306999206543e-01,3.752242326736450195e-01,-9.720488637685775757e-02,-4.791682958602905273e-01,-8.899511396884918213e-02,-5.142277479171752930e-02,-4.617350697517395020e-01,3.325037360191345215e-01,-1.304287463426589966e-01,8.415234833955764771e-02,-7.261719554662704468e-02
-1.113197445869445801e+00,-1.609966158866882324e-01,8.249085545539855957e-01,4.207800608128309250e-03,2.775813918560743332e-03,-4.968389868736267090e-01,-8.678281307220458984e-01,-2.756747007369995117e-01,1.358159929513931274e-01,1.846430152654647827e-01,5.859734416007995605e-01,-7.051487267017364502e-02,-1.108381710946559906e-02,-8.905700594186782837e-02,-7.954282313585281372e-02,-3.879268765449523926e-01,2.161322534084320068e-01,-9.778919816017150879e-02,1.908922754228115082e-02,-2.827526628971099854e-02,3.484317064285278320e-01,3.751460015773773193e-01,-9.529271721839904785e-02,-4.781942665576934814e-01,-8.777626603841781616e-02,-5.060109496116638184e-02,-4.599975645542144775e-01,3.347238004207611084e-01,-1.335639357566833496e-01,8.585108071565628052e-02,-7.130576670169830322e-02
-1.111486911773681641e+00,-1.620140075683593750e-01,8.255467414855957031e-01,5.238754674792289734e-03,3.622474381700158119e-03,-4.920062720775604248e-01,-8.705683350563049316e-01,-3.085122704505920410e-01,1.486762166023254395e-01,1.777006238698959351e-01,6.352966427803039551e-01,-3.773117810487747192e-02,-1.951279351487755775e-03,-8.040290325880050659e-02,-6.917718797922134399e-02,-3.830974400043487549e-01,1.955746561288833618e-01,-8.354667574167251587e-02,1.673943921923637390e-02,-2.388998493552207947e-02,3.483851552009582520e-01,3.751015365123748779e-01,-9.306094795465469360e-02,-4.773589670658111572e-01,-8.642436563968658447e-02,-5.002382025122642517e-02,-4.581138193607330322e-01,3.371263444423675537e-01,-1.367566138505935669e-01,8.750833570957183838e-02,-6.989634037017822266e-02
-1.109842181205749512e+00,-1.630102992057800293e-01,8.261599540710449219e-01,5.726473405957221985e-03,4.367071203887462616e-03,-4.875544011592864990e-01,-8.730629086494445801e-01,-3.429108262062072754e-01,1.610448807477951050e-01,1.710705161094665527e-01,6.867298483848571777e-01,3.305054851807653904e-04,7.155364379286766052e-03,-6.990634649991989136e-02,-6.105256825685501099e-02,-3.812888860702514648e-01,1.742096841335296631e-01,-6.488332897424697876e-02,2.144677378237247467e-02,-1.891009137034416199e-02,3.480590879917144775e-01,3.749380409717559814e-01,-9.059386700391769409e-02,-4.767772853374481201e-01,-8.494995534420013428e-02,-4.953520372509956360e-02,-4.563360214233398438e-01,3.396819233894348145e-01,-1.397753506898880005e-01,8.917084336280822754e-02,-6.842520087957382202e-02
-1.108175873756408691e+00,-1.639354377985000610e-01,8.266380429267883301e-01,5.773102398961782455e-03,5.131686571985483170e-03,-4.836222231388092041e-01,-8.752427697181701660e-01,-3.791028261184692383e-01,1.730236560106277466e-01,1.638658046722412109e-01,7.393298149108886719e-01,4.134763404726982117e-02,1.711910218000411987e-02,-6.460519134998321533e-02,-5.476159974932670593e-02,-3.805467188358306885e-01,1.587608456611633301e-01,-5.289177224040031433e-02,2.254369482398033142e-02,-1.534660067409276962e-02,3.475691676139831543e-01,3.746992647647857666e-01,-8.810670673847198486e-02,-4.765369296073913574e-01,-8.345399051904678345e-02,-4.903015866875648499e-02,-4.546668529510498047e-01,3.423360288143157959e-01,-1.424921900033950806e-01,9.081391990184783936e-02,-6.695744395256042480e-02
-1.106657981872558594e+00,-1.649301499128341675e-01,8.268979191780090332e-01,5.719333421438932419e-03,5.307001993060112000e-03,-4.795928001403808594e-01,-8.774564862251281738e-01,-4.182741045951843262e-01,1.837289035320281982e-01,1.536157131195068359e-01,7.919298410415649414e-01,7.971299439668655396e-02,3.114753216505050659e-02,-5.783741921186447144e-02,-4.968665167689323425e-02,-3.786543309688568115e-01,1.458405852317810059e-01,-4.756944626569747925e-02,2.185726538300514221e-02,-1.149872131645679474e-02,3.467519283294677734e-01,3.741885423660278320e-01,-8.583616465330123901e-02,-4.770705103874206543e-01,-8.201675117015838623e-02,-4.859921708703041077e-02,-4.532348513603210449e-01,3.451694250106811523e-01,-1.451629549264907837e-01,9.252810478210449219e-02,-6.546201556921005249e-02
-1.105198621749877930e+00,-1.658621579408645630e-01,8.269637227058410645e-01,5.709940567612648010e-03,5.428796634078025818e-03,-4.755289256572723389e-01,-8.796647787094116211e-01,-4.588461816310882568e-01,1.934648901224136353e-01,1.417178362607955933e-01,8.445298075675964355e-01,1.101446375250816345e-01,5.031405761837959290e-02,-5.372766032814979553e-02,-4.483551904559135437e-02,-3.761539757251739502e-01,1.354402303695678711e-01,-4.406655952334403992e-02,2.154215052723884583e-02,-8.768018335103988647e-03,3.458130061626434326e-01,3.737171292304992676e-01,-8.397913724184036255e-02,-4.783429503440856934e-01,-8.092451095581054688e-02,-4.833303764462471008e-02,-4.518247842788696289e-01,3.481779694557189941e-01,-1.480123400688171387e-01,9.430594742298126221e-02,-6.393359601497650146e-02
-1.103862285614013672e+00,-1.666809916496276855e-01,8.270202875137329102e-01,6.057105958461761475e-03,5.053267814218997955e-03,-4.716126918792724609e-01,-8.817704916000366211e-01,-4.980818629264831543e-01,2.014223933219909668e-01,1.287246346473693848e-01,8.915635943412780762e-01,1.325659453868865967e-01,7.152909040451049805e-02,-4.992429539561271667e-02,-4.002096131443977356e-02,-3.727927505970001221e-01,1.256893277168273926e-01,-4.220993071794509888e-02,2.090259641408920288e-02,-6.672646850347518921e-03,3.447971045970916748e-01,3.730300664901733398e-01,-8.260348439216613770e-02,-4.804706871509552002e-01,-8.013267070055007935e-02,-4.839174076914787292e-02,-4.507017135620117188e-01,3.514281511306762695e-01,-1.513829827308654785e-01,9.625392407178878784e-02,-6.232864037156105042e-02
-1.102625250816345215e+00,-1.673481613397598267e-01,8.270237445831298828e-01,6.640419363975524902e-03,4.689864814281463623e-03,-4.679412543773651123e-01,-8.837221860885620117e-01,-5.340114831924438477e-01,2.080965191125869751e-01,1.157014816999435425e-01,9.322782754898071289e-01,1.447473317384719849e-01,8.754054456949234009e-02,-4.902644827961921692e-02,-3.543116152286529541e-02,-3.685189187526702881e-01,1.186932027339935303e-01,-4.115698114037513733e-02,1.853942312300205231e-02,-6.305485963821411133e-03,3.438427746295928955e-01,3.722986578941345215e-01,-8.174536377191543579e-02,-4.835227131843566895e-01,-7.977651059627532959e-02,-4.877283051609992981e-02,-4.498020708560943604e-01,3.549716174602508545e-01,-1.555001437664031982e-01,9.841091185808181763e-02,-6.062327325344085693e-02
-1.101480603218078613e+00,-1.679035574197769165e-01,8.270361423492431641e-01,7.438715547323226929e-03,3.958040382713079453e-03,-4.642470479011535645e-01,-8.856656551361083984e-01,-5.670256614685058594e-01,2.123838812112808228e-01,1.018033027648925781e-01,9.674749374389648438e-01,1.434763520956039429e-01,9.608297049999237061e-02,-5.157988518476486206e-02,-3.147767111659049988e-02,-3.624842166900634766e-01,1.147444248199462891e-01,-4.111628234386444092e-02,1.593250408768653870e-02,-6.626111455261707306e-03,3.431269824504852295e-01,3.716461360454559326e-01,-8.136974275112152100e-02,-4.872848391532897949e-01,-7.991800457239151001e-02,-4.950780794024467468e-02,-4.492181539535522461e-01,3.587706089019775391e-01,-1.604331433773040771e-01,1.007437109947204590e-01,-5.882041156291961670e-02
-1.100489377975463867e+00,-1.683702021837234497e-01,8.270341157913208008e-01,7.904522120952606201e-03,3.385556163266301155e-03,-4.604763984680175781e-01,-8.876302838325500488e-01,-5.965324044227600098e-01,2.147170156240463257e-01,8.818048238754272461e-02,9.999199509620666504e-01,1.297174543142318726e-01,9.913815557956695557e-02,-5.337416380643844604e-02,-2.854602411389350891e-02,-3.557641506195068359e-01,1.127600073814392090e-01,-4.216456040740013123e-02,1.387134380638599396e-02,-7.285093888640403748e-03,3.428503572940826416e-01,3.710959851741790771e-01,-8.155149221420288086e-02,-4.912778139114379883e-01,-8.077693730592727661e-02,-5.053075030446052551e-02,-4.491579532623291016e-01,3.627113997936248779e-01,-1.658033430576324463e-01,1.031775325536727905e-01,-5.695053562521934509e-02
-1.099576950073242188e+00,-1.686568707227706909e-01,8.270878195762634277e-01,8.172580972313880920e-03,2.925417385995388031e-03,-4.563946723937988281e-01,-8.897351026535034180e-01,-6.232300996780395508e-01,2.144049108028411865e-01,7.295029610395431519e-02,1.028209328651428223e+00,1.105804741382598877e-01,1.018647253513336182e-01,-5.452836304903030396e-02,-2.593440189957618713e-02,-3.471623361110687256e-01,1.104600131511688232e-01,-4.211123287677764893e-02,1.223338954150676727e-02,-7.844237610697746277e-03,3.430811166763305664e-01,3.706632256507873535e-01,-8.205492794513702393e-02,-4.948232173919677734e-01,-8.216985315084457397e-02,-5.177721753716468811e-02,-4.496060907840728760e-01,3.667163550853729248e-01,-1.712843477725982666e-01,1.056981310248374939e-01,-5.514189973473548889e-02
-1.098646521568298340e+00,-1.686718016862869263e-01,8.272196650505065918e-01,8.286565542221069336e-03,2.534502185881137848e-03,-4.522492885589599609e-01,-8.918494582176208496e-01,-6.470126509666442871e-01,2.116235792636871338e-01,5.646944791078567505e-02,1.053212285041809082e+00,8.657094091176986694e-02,1.105239093303680420e-01,-5.569047108292579651e-02,-2.368256077170372009e-02,-3.380630910396575928e-01,1.077954247593879700e-01,-4.000384360551834106e-02,1.075243391096591949e-02,-8.393845520913600922e-03,3.436622917652130127e-01,3.701962530612945557e-01,-8.257205784320831299e-02,-4.978772401809692383e-01,-8.369963616132736206e-02,-5.330521240830421448e-02,-4.507407248020172119e-01,3.705217242240905762e-01,-1.765674501657485962e-01,1.081399694085121155e-01,-5.332144722342491150e-02
-1.097762584686279297e+00,-1.687063872814178467e-01,8.273850083351135254e-01,7.963242940604686737e-03,2.329328097403049469e-03,-4.483942985534667969e-01,-8.937973380088806152e-01,-6.669789552688598633e-01,2.066208273172378540e-01,4.051683470606803894e-02,1.073926210403442383e+00,5.999500676989555359e-02,1.152418628334999084e-01,-5.570248514413833618e-02,-2.226448245346546173e-02,-3.298624753952026367e-01,1.056184470653533936e-01,-3.920694068074226379e-02,9.406914934515953064e-03,-9.716124273836612701e-03,3.446293473243713379e-01,3.696528971195220947e-01,-8.290447294712066650e-02,-5.002418160438537598e-01,-8.523094654083251953e-02,-5.514238029718399048e-02,-4.525106847286224365e-01,3.737246990203857422e-01,-1.813712716102600098e-01,1.100057587027549744e-01,-5.142913013696670532e-02
-1.096868634223937988e+00,-1.686358451843261719e-01,8.276316523551940918e-01,7.358979899436235428e-03,1.894577057100832462e-03,-4.447430968284606934e-01,-8.956259489059448242e-01,-6.836174726486206055e-01,1.989317238330841064e-01,2.439407631754875183e-02,1.090162038803100586e+00,3.377868607640266418e-02,1.172422766685485840e-01,-5.568660050630569458e-02,-2.183688990771770477e-02,-3.224551379680633545e-01,1.037922874093055725e-01,-3.935566544532775879e-02,8.194669149816036224e-03,-1.107315253466367722e-02,3.458943068981170654e-01,3.689220547676086426e-01,-8.293412625789642334e-02,-5.018702745437622070e-01,-8.653507381677627563e-02,-5.718418955802917480e-02,-4.547415375709533691e-01,3.762848973274230957e-01,-1.854516118764877319e-01,1.111780777573585510e-01,-4.950398579239845276e-02
-1.096056461334228516e+00,-1.683837771415710449e-01,8.279260993003845215e-01,6.540400907397270203e-03,1.308177714236080647e-03,-4.415327608585357666e-01,-8.972203135490417480e-01,-6.973623037338256836e-01,1.891666948795318604e-01,8.852168917655944824e-03,1.102347135543823242e+00,9.650922380387783051e-03,1.156249940395355225e-01,-5.494744703173637390e-02,-2.233870886266231537e-02,-3.161258399486541748e-01,1.020268201828002930e-01,-4.026622325181961060e-02,7.529181893914937973e-03,-1.292652916163206100e-02,3.473067879676818848e-01,3.678156733512878418e-01,-8.261448144912719727e-02,-5.028228759765625000e-01,-8.738625049591064453e-02,-5.952169001102447510e-02,-4.573476314544677734e-01,3.780363798141479492e-01,-1.887148022651672363e-01,1.114872768521308899e-01,-4.759078845381736755e-02
-1.095145106315612793e+00,-1.679564863443374634e-01,8.282408118247985840e-01,5.535687785595655441e-03,5.210949457250535488e-04,-4.382776618003845215e-01,-8.988224267959594727e-01,-7.081874012947082520e-01,1.779026538133621216e-01,-6.311899051070213318e-03,1.111492991447448730e+00,-1.292355358600616455e-02,1.107315868139266968e-01,-5.535260960459709167e-02,-2.375782094895839691e-02,-3.107649683952331543e-01,1.014375612139701843e-01,-4.174144938588142395e-02,6.615951191633939743e-03,-1.565213128924369812e-02,3.487946093082427979e-01,3.662903904914855957e-01,-8.195807784795761108e-02,-5.031352043151855469e-01,-8.769409358501434326e-02,-6.229027360677719116e-02,-4.600940048694610596e-01,3.787651658058166504e-01,-1.912056356668472290e-01,1.106139868497848511e-01,-4.574968665838241577e-02
-1.094313502311706543e+00,-1.674483716487884521e-01,8.286156654357910156e-01,4.592359997332096100e-03,-8.710732799954712391e-04,-4.351311624050140381e-01,-9.003549218177795410e-01,-7.173277139663696289e-01,1.646594107151031494e-01,-2.096448466181755066e-02,1.116198301315307617e+00,-3.099936060607433319e-02,1.055048331618309021e-01,-5.379182100296020508e-02,-2.556035667657852173e-02,-3.049546480178833008e-01,9.958776831626892090e-02,-4.442952573299407959e-02,7.522437721490859985e-03,-1.812558993697166443e-02,3.500899672508239746e-01,3.642314672470092773e-01,-8.105541020631790161e-02,-5.032176971435546875e-01,-8.742444962263107300e-02,-6.567192077636718750e-02,-4.628454446792602539e-01,3.783408105373382568e-01,-1.932144612073898315e-01,1.083830222487449646e-01,-4.404654726386070251e-02
-1.093601703643798828e+00,-1.667148321866989136e-01,8.289763331413269043e-01,3.592042718082666397e-03,-2.211120910942554474e-03,-4.321628808975219727e-01,-9.017856717109680176e-01,-7.244706749916076660e-01,1.491409540176391602e-01,-3.715423867106437683e-02,1.118999242782592773e+00,-4.987119883298873901e-02,9.996174275875091553e-02,-5.958542600274085999e-02,-2.873503789305686951e-02,-2.982544898986816406e-01,1.020651757717132568e-01,-4.327190667390823364e-02,9.082988835871219635e-03,-2.247820794582366943e-02,3.514543175697326660e-01,3.613137900829315186e-01,-7.994839549064636230e-02,-5.027365088462829590e-01,-8.647795021533966064e-02,-7.007005065679550171e-02,-4.658795893192291260e-01,3.765780925750732422e-01,-1.951593607664108276e-01,1.040690913796424866e-01,-4.218221083283424377e-02
-1.093226313591003418e+00,-1.659348607063293457e-01,8.292784690856933594e-01,2.070617396384477615e-03,-2.984434831887483597e-03,-4.284882843494415283e-01,-9.035400152206420898e-01,-7.270310521125793457e-01,1.331206411123275757e-01,-5.165835842490196228e-02,1.118534803390502930e+00,-6.776593625545501709e-02,9.659992903470993042e-02,-6.156367063522338867e-02,-3.289443626999855042e-02,-2.911281287670135498e-01,1.059970259666442871e-01,-4.528260603547096252e-02,1.201780699193477631e-02,-2.540451660752296448e-02,3.529586195945739746e-01,3.569565117359161377e-01,-7.828532159328460693e-02,-5.016719102859497070e-01,-8.469919115304946899e-02,-7.530248165130615234e-02,-4.702186286449432373e-01,3.751543164253234863e-01,-1.969755440950393677e-01,9.557606279850006104e-02,-3.947851061820983887e-02
-1.092877268791198730e+00,-1.651745587587356567e-01,8.296970129013061523e-01,-4.752933746203780174e-04,-2.764333738014101982e-03,-4.241503477096557617e-01,-9.055874347686767578e-01,-7.223312258720397949e-01,1.168712750077247620e-01,-6.380496919155120850e-02,1.112855672836303711e+00,-8.536036312580108643e-02,9.064786136150360107e-02,-6.279551237821578979e-02,-3.839682787656784058e-02,-2.834694981575012207e-01,1.113246530294418335e-01,-4.687932133674621582e-02,1.507531665265560150e-02,-2.722601220011711121e-02,3.546742200851440430e-01,3.526705503463745117e-01,-7.727693766355514526e-02,-4.998932480812072754e-01,-8.395921438932418823e-02,-7.965246587991714478e-02,-4.740890562534332275e-01,3.741283714771270752e-01,-1.967641711235046387e-01,8.926609158515930176e-02,-3.727784752845764160e-02
-1.092568278312683105e+00,-1.642430275678634644e-01,8.299346566200256348e-01,-2.077823737636208534e-03,-2.997692907229065895e-03,-4.191549718379974365e-01,-9.079073667526245117e-01,-7.180875539779663086e-01,1.014308184385299683e-01,-7.733213901519775391e-02,1.105497002601623535e+00,-1.015859767794609070e-01,8.037093281745910645e-02,-6.447010487318038940e-02,-4.206844046711921692e-02,-2.745276391506195068e-01,1.145530790090560913e-01,-4.775381088256835938e-02,1.671359501779079437e-02,-2.899159491062164307e-02,3.565512001514434814e-01,3.484615981578826904e-01,-7.691992074251174927e-02,-4.982630312442779541e-01,-8.422712236642837524e-02,-8.358778059482574463e-02,-4.775663614273071289e-01,3.736481666564941406e-01,-1.969644576311111450e-01,8.474276959896087646e-02,-3.512964770197868347e-02
-1.092479348182678223e+00,-1.632810980081558228e-01,8.300064206123352051e-01,-3.468236187472939491e-03,-1.982130808755755424e-03,-4.140754640102386475e-01,-9.102337956428527832e-01,-7.105016112327575684e-01,8.749206364154815674e-02,-9.062310308218002319e-02,1.096749663352966309e+00,-1.185890957713127136e-01,7.188266515731811523e-02,-6.350195407867431641e-02,-4.420826584100723267e-02,-2.652685344219207764e-01,1.171059310436248779e-01,-4.840105772018432617e-02,1.770028285682201385e-02,-3.034248203039169312e-02,3.587452769279479980e-01,3.445453345775604248e-01,-7.692115753889083862e-02,-4.959280192852020264e-01,-8.532481640577316284e-02,-8.663243800401687622e-02,-4.808113574981689453e-01,3.742866814136505127e-01,-1.970711797475814819e-01,8.296233415603637695e-02,-3.300528973340988159e-02
-1.092271089553833008e+00,-1.619849205017089844e-01,8.300592899322509766e-01,-4.321284126490354538e-03,-1.566462684422731400e-03,-4.084549546241760254e-01,-9.127668738365173340e-01,-7.021986842155456543e-01,7.322069257497787476e-02,-1.053678691387176514e-01,1.085425019264221191e+00,-1.332648098468780518e-01,6.109491363167762756e-02,-6.332436949014663696e-02,-4.548769444227218628e-02,-2.540650069713592529e-01,1.178278401494026184e-01,-4.815459996461868286e-02,1.815849356353282928e-02,-3.143399581313133240e-02,3.610034883022308350e-01,3.410804271697998047e-01,-7.701819390058517456e-02,-4.936875998973846436e-01,-8.681575208902359009e-02,-8.898826688528060913e-02,-4.836136102676391602e-01,3.759953081607818604e-01,-1.981501579284667969e-01,8.338490873575210571e-02,-3.071047179400920868e-02
-1.092223048210144043e+00,-1.605759710073471069e-01,8.300626873970031738e-01,-4.640857689082622528e-03,-1.203968306072056293e-03,-4.024030268192291260e-01,-9.154500365257263184e-01,-6.924652457237243652e-01,5.955498293042182922e-02,-1.206200569868087769e-01,1.071262717247009277e+00,-1.475599259138107300e-01,4.829841852188110352e-02,-6.382026523351669312e-02,-4.584290832281112671e-02,-2.420571893453598022e-01,1.181580945849418640e-01,-4.740656912326812744e-02,1.782155595719814301e-02,-3.167130798101425171e-02,3.631642758846282959e-01,3.380705416202545166e-01,-7.704782485961914062e-02,-4.919043481349945068e-01,-8.852241188287734985e-02,-9.081638604402542114e-02,-4.859394133090972900e-01,3.785888254642486572e-01,-2.002788931131362915e-01,8.530969917774200439e-02,-2.813334763050079346e-02
-1.092290401458740234e+00,-1.590585857629776001e-01,8.300164937973022461e-01,-4.818715620785951614e-03,-7.136021158657968044e-04,-3.959452807903289795e-01,-9.182611703872680664e-01,-6.804547309875488281e-01,4.570005089044570923e-02,-1.366865932941436768e-01,1.054236650466918945e+00,-1.604952961206436157e-01,3.279755264520645142e-02,-6.449763476848602295e-02,-4.602521657943725586e-02,-2.292202115058898926e-01,1.188806667923927307e-01,-4.671896249055862427e-02,1.798509620130062103e-02,-3.147467598319053650e-02,3.652445077896118164e-01,3.354642689228057861e-01,-7.683398574590682983e-02,-4.904187023639678955e-01,-9.021215885877609253e-02,-9.207957237958908081e-02,-4.879223108291625977e-01,3.820797204971313477e-01,-2.033168673515319824e-01,8.860941231250762939e-02,-2.517027780413627625e-02
-1.092198491096496582e+00,-1.574228554964065552e-01,8.299155831336975098e-01,-4.688993562012910843e-03,-3.865081525873392820e-04,-3.892808556556701660e-01,-9.211071133613586426e-01,-6.673789024353027344e-01,3.194355219602584839e-02,-1.542694568634033203e-01,1.034887552261352539e+00,-1.701686382293701172e-01,1.516326051205396652e-02,-6.556058675050735474e-02,-4.559530317783355713e-02,-2.157860398292541504e-01,1.194803416728973389e-01,-4.613284394145011902e-02,1.798992976546287537e-02,-3.019047342240810394e-02,3.672581017017364502e-01,3.333376944065093994e-01,-7.629374414682388306e-02,-4.890428483486175537e-01,-9.172422438859939575e-02,-9.289326518774032593e-02,-4.897051453590393066e-01,3.859210014343261719e-01,-2.057948261499404907e-01,9.205410629510879517e-02,-2.194966375827789307e-02
-1.092054724693298340e+00,-1.553537249565124512e-01,8.298358321189880371e-01,-4.474666435271501541e-03,-4.059931598021648824e-05,-3.818699717521667480e-01,-9.242052435874938965e-01,-6.511510610580444336e-01,1.863895915448665619e-02,-1.716160774230957031e-01,1.012312412261962891e+00,-1.796258240938186646e-01,-3.670254489406943321e-03,-6.667878478765487671e-02,-4.524981230497360229e-02,-2.008671015501022339e-01,1.202336028218269348e-01,-4.563913494348526001e-02,1.861210167407989502e-02,-2.989579364657402039e-02,3.693141937255859375e-01,3.314214348793029785e-01,-7.522157579660415649e-02,-4.872531592845916748e-01,-9.245534241199493408e-02,-9.364103525876998901e-02,-4.911789894104003906e-01,3.900698125362396240e-01,-2.088428735733032227e-01,9.560929238796234131e-02,-1.850220002233982086e-02
-1.091907024383544922e+00,-1.535369902849197388e-01,8.297716379165649414e-01,-4.417182877659797668e-03,2.344668173464015126e-04,-3.747097551822662354e-01,-9.271315932273864746e-01,-6.332960128784179688e-01,5.571796093136072159e-03,-1.893201321363449097e-01,9.862965941429138184e-01,-1.853613704442977905e-01,-2.437131293118000031e-02,-6.825922429561614990e-02,-4.507933929562568665e-02,-1.859635561704635620e-01,1.214311793446540833e-01,-4.521647840738296509e-02,1.930090598762035370e-02,-2.880622446537017822e-02,3.712138831615447998e-01,3.296445012092590332e-01,-7.357187569141387939e-02,-4.855820536613464355e-01,-9.235804527997970581e-02,-9.423527866601943970e-02,-4.924752116203308105e-01,3.942706286907196045e-01,-2.116410583257675171e-01,9.860298782587051392e-02,-1.498544309288263321e-02
-1.091845750808715820e+00,-1.517672091722488403e-01,8.296798467636108398e-01,-4.290386103093624115e-03,4.139051598031073809e-04,-3.675187528133392334e-01,-9.300061464309692383e-01,-6.138625741004943848e-01,-7.170765660703182220e-03,-2.079865634441375732e-01,9.569557309150695801e-01,-1.910806447267532349e-01,-4.391121864318847656e-02,-7.026657462120056152e-02,-4.492478072643280029e-02,-1.712672412395477295e-01,1.226848438382148743e-01,-4.467305913567543030e-02,1.967077516019344330e-02,-2.726202085614204407e-02,3.731520771980285645e-01,3.281581997871398926e-01,-7.185003906488418579e-02,-4.841374158859252930e-01,-9.234435856342315674e-02,-9.478835761547088623e-02,-4.936234652996063232e-01,3.980981409549713135e-01,-2.133763581514358521e-01,1.003928706049919128e-01,-1.160319615155458450e-02
-1.091768980026245117e+00,-1.497496813535690308e-01,8.295709490776062012e-01,-4.039656370878219604e-03,7.878159522078931332e-04,-3.600196838378906250e-01,-9.329356551170349121e-01,-5.924940109252929688e-01,-1.859247498214244843e-02,-2.262732088565826416e-01,9.254313707351684570e-01,-1.963399350643157959e-01,-6.315220147371292114e-02,-7.211291044950485229e-02,-4.471381008625030518e-02,-1.569243669509887695e-01,1.245068013668060303e-01,-4.451097175478935242e-02,2.047333866357803345e-02,-2.663109079003334045e-02,3.750205338001251221e-01,3.267562091350555420e-01,-6.976145505905151367e-02,-4.827580153942108154e-01,-9.175374358892440796e-02,-9.538125246763229370e-02,-4.946557581424713135e-01,4.016810357570648193e-01,-2.144535630941390991e-01,1.014660820364952087e-01,-8.114426396787166595e-03
-1.091841936111450195e+00,-1.478935033082962036e-01,8.292569518089294434e-01,-3.637531306594610214e-03,1.345450640656054020e-03,-3.533254265785217285e-01,-9.354924559593200684e-01,-5.695003867149353027e-01,-2.923884987831115723e-02,-2.456512153148651123e-01,8.908073306083679199e-01,-1.987194865942001343e-01,-8.268851786851882935e-02,-7.384903728961944580e-02,-4.425058513879776001e-02,-1.439482271671295166e-01,1.267822533845901489e-01,-4.461349546909332275e-02,2.200035192072391510e-02,-2.498810365796089172e-02,3.769888579845428467e-01,3.258211910724639893e-01,-6.775941699743270874e-02,-4.810667335987091064e-01,-9.207315742969512939e-02,-9.611455351114273071e-02,-4.954186379909515381e-01,4.045259058475494385e-01,-2.146050184965133667e-01,1.007491797208786011e-01,-5.156052764505147934e-03
-1.091997265815734863e+00,-1.456154435873031616e-01,8.288788199424743652e-01,-2.843712223693728447e-03,1.916161854751408100e-03,-3.460878431797027588e-01,-9.381958246231079102e-01,-5.470697283744812012e-01,-3.848442807793617249e-02,-2.649134099483489990e-01,8.561673164367675781e-01,-2.005835026502609253e-01,-9.918137639760971069e-02,-7.636963576078414917e-02,-4.360403493046760559e-02,-1.303216814994812012e-01,1.299615353345870972e-01,-4.504290595650672913e-02,2.513053454458713531e-02,-2.522094734013080597e-02,3.788251280784606934e-01,3.251197934150695801e-01,-6.561718881130218506e-02,-4.797693192958831787e-01,-9.260766953229904175e-02,-9.706389904022216797e-02,-4.959191679954528809e-01,4.069491326808929443e-01,-2.150061428546905518e-01,9.888765960931777954e-02,-2.480650553479790688e-03
-1.092193484306335449e+00,-1.435005366802215576e-01,8.284100294113159180e-01,-1.789596863090991974e-03,2.580209635198116302e-03,-3.389805555343627930e-01,-9.407881498336791992e-01,-5.243963599205017090e-01,-4.606189951300621033e-02,-2.845103144645690918e-01,8.202488422393798828e-01,-1.997063159942626953e-01,-1.136028245091438293e-01,-7.904420793056488037e-02,-4.216465726494789124e-02,-1.170990318059921265e-01,1.332833915948867798e-01,-4.551113769412040710e-02,2.708340622484683990e-02,-2.466986514627933502e-02,3.807318508625030518e-01,3.248840868473052979e-01,-6.341511756181716919e-02,-4.781971275806427002e-01,-9.373538196086883545e-02,-9.805662930011749268e-02,-4.960866272449493408e-01,4.088497161865234375e-01,-2.149157077074050903e-01,9.574775397777557373e-02,-3.522828919813036919e-04
-1.092326402664184570e+00,-1.410825848579406738e-01,8.280073404312133789e-01,-1.230919500812888145e-03,3.259907010942697525e-03,-3.313087224960327148e-01,-9.435159564018249512e-01,-4.989370703697204590e-01,-5.246483162045478821e-02,-3.014654517173767090e-01,7.808980345726013184e-01,-1.976637691259384155e-01,-1.250933110713958740e-01,-8.203855156898498535e-02,-4.200841486454010010e-02,-1.028476580977439880e-01,1.379336416721343994e-01,-4.664304107427597046e-02,3.011103905737400055e-02,-2.431524544954299927e-02,3.826879858970642090e-01,3.248322606086730957e-01,-6.102799624204635620e-02,-4.761683046817779541e-01,-9.485907852649688721e-02,-9.926638752222061157e-02,-4.958908855915069580e-01,4.102617800235748291e-01,-2.149705290794372559e-01,9.132217615842819214e-02,1.242123660631477833e-03
-1.092590451240539551e+00,-1.387912929058074951e-01,8.275852203369140625e-01,-4.756101698148995638e-04,4.054626915603876114e-03,-3.235222995281219482e-01,-9.462117552757263184e-01,-4.728180468082427979e-01,-5.681430548429489136e-02,-3.178244829177856445e-01,7.393896579742431641e-01,-1.918227970600128174e-01,-1.361620128154754639e-01,-8.529260009527206421e-02,-4.113839194178581238e-02,-8.836187422275543213e-02,1.427181363105773926e-01,-4.764132574200630188e-02,3.144275397062301636e-02,-2.364472486078739166e-02,3.848022222518920898e-01,3.251321911811828613e-01,-5.883277580142021179e-02,-4.738219678401947021e-01,-9.705653041601181030e-02,-1.002783402800559998e-01,-4.955775439739227295e-01,4.117459654808044434e-01,-2.142980396747589111e-01,8.769763261079788208e-02,2.305135363712906837e-03
-1.093268632888793945e+00,-1.364853084087371826e-01,8.269972801208496094e-01,4.984394763596355915e-04,5.807760171592235565e-03,-3.152124285697937012e-01,-9.490032196044921875e-01,-4.452384710311889648e-01,-5.865082144737243652e-02,-3.323196172714233398e-01,6.968353986740112305e-01,-1.827001273632049561e-01,-1.441766917705535889e-01,-8.774425834417343140e-02,-3.929680958390235901e-02,-7.260047644376754761e-02,1.480299383401870728e-01,-4.827909916639328003e-02,3.251913562417030334e-02,-2.409746311604976654e-02,3.869337737560272217e-01,3.252512812614440918e-01,-5.602363869547843933e-02,-4.708448946475982666e-01,-9.902314841747283936e-02,-1.013125106692314148e-01,-4.948903918266296387e-01,4.136702418327331543e-01,-2.137059271335601807e-01,8.318156749010086060e-02,3.416503313928842545e-03
-1.094178676605224609e+00,-1.342261582612991333e-01,8.263542652130126953e-01,1.600947463884949684e-03,8.148023858666419983e-03,-3.060252964496612549e-01,-9.519871473312377930e-01,-4.173606634140014648e-01,-5.803469568490982056e-02,-3.438340425491333008e-01,6.547106504440307617e-01,-1.672544926404953003e-01,-1.463758647441864014e-01,-9.039763361215591431e-02,-3.672356158494949341e-02,-5.593648925423622131e-02,1.543870121240615845e-01,-4.855510964989662170e-02,3.236890584230422974e-02,-2.397940866649150848e-02,3.894698619842529297e-01,3.255648016929626465e-01,-5.325222387909889221e-02,-4.665984809398651123e-01,-1.008446589112281799e-01,-1.020420044660568237e-01,-4.937019944190979004e-01,4.156960546970367432e-01,-2.138349562883377075e-01,8.041305094957351685e-02,4.539173562079668045e-03
-1.094650626182556152e+00,-1.317844390869140625e-01,8.257243633270263672e-01,3.037792397662997246e-03,9.091535583138465881e-03,-2.972338199615478516e-01,-9.547566175460815430e-01,-3.909499645233154297e-01,-5.666682869195938110e-02,-3.542472124099731445e-01,6.096367835998535156e-01,-1.433751285076141357e-01,-1.456878781318664551e-01,-9.575797617435455322e-02,-3.440107777714729309e-02,-3.961836919188499451e-02,1.611420512199401855e-01,-4.743779823184013367e-02,3.533103317022323608e-02,-2.293060161173343658e-02,3.919286131858825684e-01,3.261611759662628174e-01,-5.037110298871994019e-02,-4.635156393051147461e-01,-1.016317903995513916e-01,-1.026853695511817932e-01,-4.921294152736663818e-01,4.174882173538208008e-01,-2.145538479089736938e-01,7.727935165166854858e-02,5.129791330546140671e-03
-1.095111727714538574e+00,-1.293881237506866455e-01,8.250046968460083008e-01,4.653630778193473816e-03,1.031546760350465775e-02,-2.888698279857635498e-01,-9.573014974594116211e-01,-3.650710582733154297e-01,-5.375686660408973694e-02,-3.627857267856597900e-01,5.639892220497131348e-01,-1.100725755095481873e-01,-1.401699632406234741e-01,-1.012236550450325012e-01,-3.142288699746131897e-02,-2.364507503807544708e-02,1.690495759248733521e-01,-4.599180817604064941e-02,3.805462270975112915e-02,-2.299568057060241699e-02,3.944499790668487549e-01,3.270898461341857910e-01,-4.777521640062332153e-02,-4.617488682270050049e-01,-1.032533794641494751e-01,-1.030760258436203003e-01,-4.904415011405944824e-01,4.193435609340667725e-01,-2.148539423942565918e-01,7.570400834083557129e-02,5.239441059529781342e-03
-1.095754981040954590e+00,-1.269269883632659912e-01,8.242534995079040527e-01,6.338332779705524445e-03,1.106955762952566147e-02,-2.801842391490936279e-01,-9.598615169525146484e-01,-3.397397696971893311e-01,-5.009774118661880493e-02,-3.680584132671356201e-01,5.165923833847045898e-01,-6.722628325223922729e-02,-1.239070594310760498e-01,-1.087136417627334595e-01,-2.850309759378433228e-02,-6.581238005310297012e-03,1.780867129564285278e-01,-4.436848312616348267e-02,4.127978533506393433e-02,-2.397006191313266754e-02,3.968522250652313232e-01,3.282532989978790283e-01,-4.559886083006858826e-02,-4.612461030483245850e-01,-1.046881154179573059e-01,-1.035613268613815308e-01,-4.884929656982421875e-01,4.208594262599945068e-01,-2.163490206003189087e-01,7.440214604139328003e-02,5.052285268902778625e-03
-1.096443533897399902e+00,-1.244928464293479919e-01,8.236914873123168945e-01,7.297053933143615723e-03,1.134336274117231369e-02,-2.725950777530670166e-01,-9.620342850685119629e-01,-3.226133286952972412e-01,-4.923442751169204712e-02,-3.665803968906402588e-01,4.865444600582122803e-01,-5.513036251068115234e-02,-6.272724270820617676e-02,-1.187231838703155518e-01,-2.753144130110740662e-02,9.411257691681385040e-03,1.903580725193023682e-01,-4.121351242065429688e-02,4.461119323968887329e-02,-2.674278803169727325e-02,3.993523418903350830e-01,3.286427855491638184e-01,-4.391503334045410156e-02,-4.615130126476287842e-01,-1.062034517526626587e-01,-1.040092483162879944e-01,-4.872944355010986328e-01,4.226579070091247559e-01,-2.187936902046203613e-01,7.367540150880813599e-02,4.582043737173080444e-03
-1.097210168838500977e+00,-1.222122013568878174e-01,8.231056332588195801e-01,7.913897745311260223e-03,9.974038228392601013e-03,-2.668384015560150146e-01,-9.636572003364562988e-01,-3.089860975742340088e-01,-4.505546763539314270e-02,-3.516523838043212891e-01,4.626626372337341309e-01,-7.829025387763977051e-02,-4.459133371710777283e-02,-1.319893300533294678e-01,-2.832263708114624023e-02,2.330009266734123230e-02,2.046319544315338135e-01,-4.480203986167907715e-02,4.780702292919158936e-02,-3.319360315799713135e-02,4.015875160694122314e-01,3.293680846691131592e-01,-4.214924946427345276e-02,-4.640576243400573730e-01,-1.069897413253784180e-01,-1.046903431415557861e-01,-4.860475063323974609e-01,4.242552518844604492e-01,-2.221093475818634033e-01,7.283505797386169434e-02,3.531849011778831482e-03
-1.098090410232543945e+00,-1.198250278830528259e-01,8.224957585334777832e-01,8.823956362903118134e-03,8.259925991296768188e-03,-2.602619528770446777e-01,-9.654623866081237793e-01,-2.977910935878753662e-01,-3.908767551183700562e-02,-3.293323814868927002e-01,4.442008137702941895e-01,-9.613313525915145874e-02,-3.007007017731666565e-02,-1.485787630081176758e-01,-2.856088988482952118e-02,3.769418224692344666e-02,2.215188443660736084e-01,-4.508300125598907471e-02,5.113489553332328796e-02,-3.855260089039802551e-02,4.037572145462036133e-01,3.303114771842956543e-01,-4.066182672977447510e-02,-4.679815769195556641e-01,-1.077901646494865417e-01,-1.057690903544425964e-01,-4.850582778453826904e-01,4.257123768329620361e-01,-2.264952808618545532e-01,7.285194098949432373e-02,2.035153796896338463e-03
-1.099152803421020508e+00,-1.171660646796226501e-01,8.224101662635803223e-01,1.010351628065109253e-02,5.574427545070648193e-03,-2.518463432788848877e-01,-9.676984548568725586e-01,-2.878808677196502686e-01,-3.286717832088470459e-02,-3.086701631546020508e-01,4.270672798156738281e-01,-1.110017672181129456e-01,-1.635644026100635529e-02,-1.733867377042770386e-01,-2.809122949838638306e-02,5.522666871547698975e-02,2.468928545713424683e-01,-4.170496761798858643e-02,5.462482199072837830e-02,-4.102097451686859131e-02,4.056885242462158203e-01,3.314970731735229492e-01,-3.932600468397140503e-02,-4.728603363037109375e-01,-1.086707934737205505e-01,-1.074949502944946289e-01,-4.841993153095245361e-01,4.267380237579345703e-01,-2.330396026372909546e-01,7.249797135591506958e-02,4.876331367995589972e-04
-1.100398302078247070e+00,-1.147983521223068237e-01,8.224338889122009277e-01,1.046515349298715591e-02,3.403961425647139549e-03,-2.435901314020156860e-01,-9.698158502578735352e-01,-2.853485345840454102e-01,-2.935731038451194763e-02,-2.916597127914428711e-01,4.156772196292877197e-01,-1.146899238228797913e-01,-1.517728529870510101e-02,-1.998318731784820557e-01,-2.899072133004665375e-02,7.346824556589126587e-02,2.771579623222351074e-01,-3.846304491162300110e-02,5.801692977547645569e-02,-4.309397563338279724e-02,4.067266285419464111e-01,3.327186107635498047e-01,-3.866456076502799988e-02,-4.757000803947448730e-01,-1.093186661601066589e-01,-1.092690303921699524e-01,-4.835150241851806641e-01,4.272600412368774414e-01,-2.365017682313919067e-01,7.247453927993774414e-02,-6.332841585390269756e-04
-1.101531267166137695e+00,-1.127928569912910461e-01,8.225184082984924316e-01,1.001658011227846146e-02,6.465387414209544659e-04,-2.356056421995162964e-01,-9.717969298362731934e-01,-2.821128964424133301e-01,-2.781518921256065369e-02,-2.749823629856109619e-01,4.027658998966217041e-01,-1.117311120033264160e-01,-1.709077693521976471e-02,-2.274457216262817383e-01,-2.939118444919586182e-02,9.431789070367813110e-02,3.071139752864837646e-01,-3.584316000342369080e-02,5.907608196139335632e-02,-4.448279738426208496e-02,4.076225757598876953e-01,3.340405225753784180e-01,-3.833863884210586548e-02,-4.794179201126098633e-01,-1.104037463665008545e-01,-1.115445345640182495e-01,-4.833243191242218018e-01,4.274062216281890869e-01,-2.406139373779296875e-01,7.252360135316848755e-02,-2.167636295780539513e-03
-1.102940201759338379e+00,-1.111291646957397461e-01,8.228338956832885742e-01,8.839651942253112793e-03,-1.157866441644728184e-03,-2.272579967975616455e-01,-9.737938046455383301e-01,-2.783151268959045410e-01,-2.702083811163902283e-02,-2.554816305637359619e-01,3.915751278400421143e-01,-1.066605448722839355e-01,-1.540813129395246506e-02,-2.569723129272460938e-01,-2.929673157632350922e-02,1.103597283363342285e-01,3.433699905872344971e-01,-3.368217870593070984e-02,5.845255777239799500e-02,-4.481992870569229126e-02,4.085364341735839844e-01,3.351219296455383301e-01,-3.832105919718742371e-02,-4.828451871871948242e-01,-1.114888787269592285e-01,-1.138650923967361450e-01,-4.838171005249023438e-01,4.269034564495086670e-01,-2.437281012535095215e-01,7.234390825033187866e-02,-4.130598157644271851e-03
-1.104286670684814453e+00,-1.096058487892150879e-01,8.232710957527160645e-01,7.226936519145965576e-03,-3.049125429242849350e-03,-2.191352099180221558e-01,-9.756629467010498047e-01,-2.723844051361083984e-01,-2.629307471215724945e-02,-2.340367585420608521e-01,3.792777955532073975e-01,-1.003296151757240295e-01,-1.705146953463554382e-02,-2.882578969001770020e-01,-2.981582283973693848e-02,1.213213577866554260e-01,3.811939060688018799e-01,-2.489202283322811127e-02,6.939250975847244263e-02,-4.459775611758232117e-02,4.092458784580230713e-01,3.359215557575225830e-01,-3.893139585852622986e-02,-4.861409962177276611e-01,-1.130094006657600403e-01,-1.161549910902976990e-01,-4.851435422897338867e-01,4.257234930992126465e-01,-2.453979998826980591e-01,7.190056890249252319e-02,-6.512376945465803146e-03
-1.105853080749511719e+00,-1.080993115901947021e-01,8.237008452415466309e-01,6.352612748742103577e-03,-3.739916719496250153e-03,-2.119923830032348633e-01,-9.772435426712036133e-01,-2.679783105850219727e-01,-2.452085539698600769e-02,-2.146083712577819824e-01,3.704255521297454834e-01,-9.498348832130432129e-02,-2.070749551057815552e-02,-3.185072839260101318e-01,-2.881175093352794647e-02,1.334614753723144531e-01,4.213623106479644775e-01,-1.234420575201511383e-02,7.610512524843215942e-02,-4.574023187160491943e-02,4.100746810436248779e-01,3.368478417396545410e-01,-3.998207300901412964e-02,-4.887118935585021973e-01,-1.149976104497909546e-01,-1.183372139930725098e-01,-4.867155849933624268e-01,4.238024652004241943e-01,-2.458521574735641479e-01,7.095571607351303101e-02,-9.316171519458293915e-03
-1.107438445091247559e+00,-1.065518036484718323e-01,8.242678642272949219e-01,5.746401380747556686e-03,-5.152676254510879517e-03,-2.043777704238891602e-01,-9.788616895675659180e-01,-2.668173015117645264e-01,-2.278139628469944000e-02,-1.946401596069335938e-01,3.625830709934234619e-01,-8.896365016698837280e-02,-2.430641464889049530e-02,-3.489482402801513672e-01,-2.791139483451843262e-02,1.415159553289413452e-01,4.575300812721252441e-01,4.892297554761171341e-03,9.247939288616180420e-02,-4.571329429745674133e-02,4.104540348052978516e-01,3.379151523113250732e-01,-4.140358418226242065e-02,-4.912379384040832520e-01,-1.172338873147964478e-01,-1.206839233636856079e-01,-4.881934821605682373e-01,4.211723506450653076e-01,-2.458497434854507446e-01,6.923313438892364502e-02,-1.234676316380500793e-02
-1.109026432037353516e+00,-1.048336699604988098e-01,8.248055577278137207e-01,5.553923547267913818e-03,-7.166998460888862610e-03,-1.964067071676254272e-01,-9.804806113243103027e-01,-2.656346857547760010e-01,-2.040754444897174835e-02,-1.738482415676116943e-01,3.540820479393005371e-01,-8.555274456739425659e-02,-2.669701725244522095e-02,-3.797087073326110840e-01,-2.777053788304328918e-02,1.456106454133987427e-01,4.904657602310180664e-01,2.255608513951301575e-02,1.205052137374877930e-01,-4.500041902065277100e-02,4.100729823112487793e-01,3.392681777477264404e-01,-4.292265325784683228e-02,-4.941950142383575439e-01,-1.195143386721611023e-01,-1.232626736164093018e-01,-4.893446564674377441e-01,4.179755151271820068e-01,-2.459799051284790039e-01,6.680250167846679688e-02,-1.548540685325860977e-02
-1.110660910606384277e+00,-1.030269935727119446e-01,8.251098394393920898e-01,5.336990114301443100e-03,-9.210501797497272491e-03,-1.873315721750259399e-01,-9.822390675544738770e-01,-2.632098197937011719e-01,-1.796691492199897766e-02,-1.517273038625717163e-01,3.447010517120361328e-01,-8.323948830366134644e-02,-2.717365138232707977e-02,-4.099908173084259033e-01,-3.022599592804908752e-02,1.439045369625091553e-01,5.200845003128051758e-01,3.867767006158828735e-02,1.540719866752624512e-01,-4.238078743219375610e-02,4.089579582214355469e-01,3.409241735935211182e-01,-4.440008103847503662e-02,-4.976360201835632324e-01,-1.216756552457809448e-01,-1.260144710540771484e-01,-4.900271296501159668e-01,4.142506420612335205e-01,-2.463039159774780273e-01,6.371188163757324219e-02,-1.873381249606609344e-02
-1.112245440483093262e+00,-1.010941043496131897e-01,8.255794048309326172e-01,5.115710664540529251e-03,-1.138373930007219315e-02,-1.777797788381576538e-01,-9.839911460876464844e-01,-2.603164017200469971e-01,-1.580592431128025055e-02,-1.294102966785430908e-01,3.339566886425018311e-01,-8.128009736537933350e-02,-2.630437910556793213e-02,-4.402708411216735840e-01,-3.320394083857536316e-02,1.374315619468688965e-01,5.515675544738769531e-01,5.110185220837593079e-02,1.901880353689193726e-01,-3.936274722218513489e-02,4.071551263332366943e-01,3.428874611854553223e-01,-4.576146230101585388e-02,-5.015666484832763672e-01,-1.235806196928024292e-01,-1.288101375102996826e-01,-4.901499748229980469e-01,4.103554785251617432e-01,-2.472210973501205444e-01,6.038708239793777466e-02,-2.192153781652450562e-02
-1.113763332366943359e+00,-9.907834976911544800e-02,8.261561989784240723e-01,5.305638071149587631e-03,-1.381585001945495605e-02,-1.679698824882507324e-01,-9.856810569763183594e-01,-2.545106410980224609e-01,-1.287296880036592484e-02,-1.068087220191955566e-01,3.208525478839874268e-01,-8.029819279909133911e-02,-2.448193728923797607e-02,-4.726292192935943604e-01,-3.671131283044815063e-02,1.273812949657440186e-01,5.871087908744812012e-01,5.359922349452972412e-02,2.085397094488143921e-01,-3.593710809946060181e-02,4.047240614891052246e-01,3.454912900924682617e-01,-4.671229422092437744e-02,-5.060026645660400391e-01,-1.251104921102523804e-01,-1.314582973718643188e-01,-4.895668327808380127e-01,4.065936505794525146e-01,-2.490251511335372925e-01,5.709939077496528625e-02,-2.514840103685855865e-02
-1.115053057670593262e+00,-9.692101925611495972e-02,8.267589211463928223e-01,5.491394083946943283e-03,-1.593644358217716217e-02,-1.577553600072860718e-01,-9.873343706130981445e-01,-2.487646043300628662e-01,-1.046015229076147079e-02,-8.462074398994445801e-02,3.083065450191497803e-01,-7.865894585847854614e-02,-2.231987565755844116e-02,-5.041929483413696289e-01,-4.140191897749900818e-02,1.155769303441047668e-01,6.244887113571166992e-01,4.161396995186805725e-02,2.054421752691268921e-01,-3.223963081836700439e-02,4.017858803272247314e-01,3.487871587276458740e-01,-4.734532162547111511e-02,-5.110723376274108887e-01,-1.264295876026153564e-01,-1.335480362176895142e-01,-4.884359240531921387e-01,4.036264121532440186e-01,-2.519282102584838867e-01,5.472514778375625610e-02,-2.842354029417037964e-02
-1.116198897361755371e+00,-9.482545405626296997e-02,8.274298310279846191e-01,5.651695188134908676e-03,-1.748379319906234741e-02,-1.479279398918151855e-01,-9.888274669647216797e-01,-2.472424507141113281e-01,-8.653108961880207062e-03,-6.426905840635299683e-02,2.994647920131683350e-01,-7.511741667985916138e-02,-2.078541554510593414e-02,-5.342065095901489258e-01,-4.726134240627288818e-02,1.025463715195655823e-01,6.636306047439575195e-01,2.213602326810359955e-02,1.873133182525634766e-01,-2.815217338502407074e-02,3.986465334892272949e-01,3.525322675704956055e-01,-4.756141826510429382e-02,-5.161273479461669922e-01,-1.273399889469146729e-01,-1.346751302480697632e-01,-4.870962798595428467e-01,4.016768038272857666e-01,-2.554260790348052979e-01,5.357075855135917664e-02,-3.149751573801040649e-02
-1.117385625839233398e+00,-9.280730783939361572e-02,8.281252384185791016e-01,5.944255739450454712e-03,-1.882736198604106903e-02,-1.385361999273300171e-01,-9.901605248451232910e-01,-2.409936785697937012e-01,-6.345821544528007507e-03,-4.463547840714454651e-02,2.887744903564453125e-01,-7.372964918613433838e-02,-2.000246569514274597e-02,-5.619531869888305664e-01,-5.472381040453910828e-02,8.587019145488739014e-02,7.014495134353637695e-01,5.602860823273658752e-03,1.677367836236953735e-01,-2.434929646551609039e-02,3.952900767326354980e-01,3.565837144851684570e-01,-4.726696386933326721e-02,-5.210881233215332031e-01,-1.278019845485687256e-01,-1.345902085304260254e-01,-4.859114289283752441e-01,4.009972214698791504e-01,-2.593026757240295410e-01,5.411345511674880981e-02,-3.437738120555877686e-02
-1.118438601493835449e+00,-9.088428318500518799e-02,8.288508653640747070e-01,6.353782955557107925e-03,-1.961946301162242889e-02,-1.295700818300247192e-01,-9.913557767868041992e-01,-2.323287278413772583e-01,-3.906829748302698135e-03,-2.565747126936912537e-02,2.764886617660522461e-01,-7.158607244491577148e-02,-1.944362558424472809e-02,-5.864413380622863770e-01,-6.374536454677581787e-02,6.673382222652435303e-02,7.388343811035156250e-01,-9.209230542182922363e-03,1.501180082559585571e-01,-2.096694335341453552e-02,3.919826149940490723e-01,3.607489466667175293e-01,-4.633020237088203430e-02,-5.253204107284545898e-01,-1.277154237031936646e-01,-1.332152336835861206e-01,-4.849172532558441162e-01,4.013518691062927246e-01,-2.632265985012054443e-01,5.597147718071937561e-02,-3.706138208508491516e-02
-1.119255542755126953e+00,-8.884818851947784424e-02,8.295863866806030273e-01,6.794344633817672729e-03,-2.011669240891933441e-02,-1.207229420542716980e-01,-9.924591183662414551e-01,-2.252065092325210571e-01,-2.060235245153307915e-03,-7.961861789226531982e-03,2.652228176593780518e-01,-6.852617114782333374e-02,-1.808841153979301453e-02,-6.082285642623901367e-01,-7.407706975936889648e-02,4.687814414501190186e-02,7.752920389175415039e-01,-2.503944188356399536e-02,1.303975433111190796e-01,-1.764695160090923309e-02,3.886912167072296143e-01,3.647509515285491943e-01,-4.456678777933120728e-02,-5.287425518035888672e-01,-1.267947852611541748e-01,-1.305975019931793213e-01,-4.841327369213104248e-01,4.026442170143127441e-01,-2.673227190971374512e-01,5.898172408342361450e-02,-3.963530808687210083e-02
-1.120044827461242676e+00,-8.701786398887634277e-02,8.302605152130126953e-01,7.263651583343744278e-03,-2.015006728470325470e-02,-1.125415563583374023e-01,-9.934161305427551270e-01,-2.201785743236541748e-01,-1.507872657384723425e-04,8.379342034459114075e-03,2.567826509475708008e-01,-6.545314192771911621e-02,-1.680462807416915894e-02,-6.272563934326171875e-01,-8.507543802261352539e-02,2.751596644520759583e-02,8.108909130096435547e-01,-4.134342074394226074e-02,1.062728837132453918e-01,-1.544651854783296585e-02,3.854034245014190674e-01,3.684849143028259277e-01,-4.206241294741630554e-02,-5.314288139343261719e-01,-1.250925213098526001e-01,-1.267206072807312012e-01,-4.835962653160095215e-01,4.045751690864562988e-01,-2.713116109371185303e-01,6.280735135078430176e-02,-4.210503399372100830e-02
-1.120891094207763672e+00,-8.540524542331695557e-02,8.307527899742126465e-01,7.877291180193424225e-03,-2.031882479786872864e-02,-1.047614440321922302e-01,-9.942585825920104980e-01,-2.128254920244216919e-01,2.085675019770860672e-03,2.382997609674930573e-02,2.480094581842422485e-01,-6.459547579288482666e-02,-1.616151444613933563e-02,-6.448630690574645996e-01,-9.574496746063232422e-02,9.225200861692428589e-03,8.455699086189270020e-01,-5.670810863375663757e-02,8.303444087505340576e-02,-1.466641388833522797e-02,3.819790780544281006e-01,3.717949092388153076e-01,-3.871234506368637085e-02,-5.335730910301208496e-01,-1.223585754632949829e-01,-1.217335760593414307e-01,-4.833111763000488281e-01,4.069029092788696289e-01,-2.751289010047912598e-01,6.720617413520812988e-02,-4.443370923399925232e-02
-1.121384143829345703e+00,-8.369607478380203247e-02,8.312503099441528320e-01,8.404227904975414276e-03,-2.060273103415966034e-02,-9.738468378782272339e-02,-9.949980378150939941e-01,-2.071028053760528564e-01,3.856364404782652855e-03,3.947447985410690308e-02,2.400778383016586304e-01,-6.339140236377716064e-02,-1.562865823507308960e-02,-6.600204706192016602e-01,-1.068957448005676270e-01,-7.878738455474376678e-03,8.783187866210937500e-01,-7.010468840599060059e-02,6.010074168443679810e-02,-1.452432572841644287e-02,3.784867525100708008e-01,3.745136857032775879e-01,-3.479127585887908936e-02,-5.353498458862304688e-01,-1.187681406736373901e-01,-1.159255355596542358e-01,-4.832524359226226807e-01,4.093479514122009277e-01,-2.788610756397247314e-01,7.182577997446060181e-02,-4.654783755540847778e-02
-1.121864438056945801e+00,-8.221262693405151367e-02,8.317316174507141113e-01,8.933164179325103760e-03,-2.087407186627388000e-02,-9.026657789945602417e-02,-9.956588149070739746e-01,-2.013015300035476685e-01,5.747243762016296387e-03,5.488689988851547241e-02,2.324735671281814575e-01,-6.243231892585754395e-02,-1.465523801743984222e-02,-6.732541322708129883e-01,-1.178730353713035583e-01,-2.402341738343238831e-02,9.092193841934204102e-01,-8.013092726469039917e-02,4.172780737280845642e-02,-1.483853813260793686e-02,3.750199079513549805e-01,3.766202032566070557e-01,-3.060250170528888702e-02,-5.369170904159545898e-01,-1.145338341593742371e-01,-1.095885112881660461e-01,-4.833808839321136475e-01,4.114100635051727295e-01,-2.824060618877410889e-01,7.606113702058792114e-02,-4.843029752373695374e-02
-1.122412919998168945e+00,-8.079754561185836792e-02,8.320645689964294434e-01,9.170786477625370026e-03,-2.092572674155235291e-02,-8.349144458770751953e-02,-9.962465763092041016e-01,-1.955940276384353638e-01,6.968205329030752182e-03,7.003824412822723389e-02,2.256947010755538940e-01,-6.157326698303222656e-02,-1.360304281115531921e-02,-6.846147179603576660e-01,-1.290379315614700317e-01,-3.817181289196014404e-02,9.386526942253112793e-01,-8.978907763957977295e-02,2.418196946382522583e-02,-1.564230024814605713e-02,3.718758225440979004e-01,3.784233331680297852e-01,-2.663804963231086731e-02,-5.382574200630187988e-01,-1.101748123764991760e-01,-1.028280854225158691e-01,-4.837327003479003906e-01,4.128429889678955078e-01,-2.855040132999420166e-01,7.970596104860305786e-02,-5.000004172325134277e-02
-1.122805953025817871e+00,-7.941912114620208740e-02,8.323810696601867676e-01,9.196908213198184967e-03,-2.103020437061786652e-02,-7.709509134292602539e-02,-9.967594742774963379e-01,-1.898092925548553467e-01,7.563035469502210617e-03,8.487015962600708008e-02,2.187844812870025635e-01,-6.061047315597534180e-02,-1.252309232950210571e-02,-6.935249567031860352e-01,-1.402729302644729614e-01,-5.110367760062217712e-02,9.654673933982849121e-01,-9.701146930456161499e-02,1.005039736628532410e-02,-1.639091596007347107e-02,3.692025542259216309e-01,3.800252974033355713e-01,-2.339499816298484802e-02,-5.395666360855102539e-01,-1.062035262584686279e-01,-9.591662138700485229e-02,-4.842995703220367432e-01,4.133738875389099121e-01,-2.880814969539642334e-01,8.241131156682968140e-02,-5.134319886565208435e-02
-1.123222827911376953e+00,-7.819041609764099121e-02,8.325342535972595215e-01,9.045285172760486603e-03,-2.123341336846351624e-02,-7.114415615797042847e-02,-9.971989989280700684e-01,-1.823074817657470703e-01,7.664799224585294724e-03,9.918916970491409302e-02,2.112947404384613037e-01,-6.069244816899299622e-02,-1.167509518563747406e-02,-7.015633583068847656e-01,-1.516276895999908447e-01,-6.273458898067474365e-02,9.910526275634765625e-01,-1.032151132822036743e-01,-6.608928553760051727e-03,-1.797669194638729095e-02,3.671244978904724121e-01,3.816577792167663574e-01,-2.123334072530269623e-02,-5.409189462661743164e-01,-1.031450480222702026e-01,-8.903902024030685425e-02,-4.849538207054138184e-01,4.127809405326843262e-01,-2.900330126285552979e-01,8.386162668466567993e-02,-5.251162499189376831e-02
-1.123575568199157715e+00,-7.698915153741836548e-02,8.327003717422485352e-01,8.676010183990001678e-03,-2.098710276186466217e-02,-6.522177159786224365e-02,-9.976123571395874023e-01,-1.779336631298065186e-01,7.219219114631414413e-03,1.128114461898803711e-01,2.059788256883621216e-01,-5.912919715046882629e-02,-1.041573286056518555e-02,-7.066816687583923340e-01,-1.629481315612792969e-01,-7.362939417362213135e-02,1.014291167259216309e+00,-1.078694462776184082e-01,-2.238492108881473541e-02,-1.928760856389999390e-02,3.657473921775817871e-01,3.833334445953369141e-01,-2.033484913408756256e-02,-5.422350764274597168e-01,-1.013316139578819275e-01,-8.217508345842361450e-02,-4.857572913169860840e-01,4.111231565475463867e-01,-2.912465929985046387e-01,8.410067111253738403e-02,-5.357326567173004150e-02
-1.123759627342224121e+00,-7.573510706424713135e-02,8.328129053115844727e-01,8.208957500755786896e-03,-2.108523063361644745e-02,-5.937762185931205750e-02,-9.979791045188903809e-01,-1.733005642890930176e-01,6.405116058886051178e-03,1.258670240640640259e-01,2.008991241455078125e-01,-5.832330137491226196e-02,-8.970025926828384399e-03,-7.106304168701171875e-01,-1.745153963565826416e-01,-8.412402868270874023e-02,1.035408616065979004e+00,-1.099560558795928955e-01,-3.691769018769264221e-02,-2.077509276568889618e-02,3.650667071342468262e-01,3.851696252822875977e-01,-2.058454789221286774e-02,-5.433440804481506348e-01,-1.008109226822853088e-01,-7.563555985689163208e-02,-4.866765737533569336e-01,4.083665013313293457e-01,-2.919011116027832031e-01,8.313710242509841919e-02,-5.459834262728691101e-02
-1.124018430709838867e+00,-7.459753006696701050e-02,8.328480720520019531e-01,7.533350493758916855e-03,-2.081187814474105835e-02,-5.357117205858230591e-02,-9.983187317848205566e-01,-1.685153543949127197e-01,5.269729997962713242e-03,1.389132589101791382e-01,1.965759545564651489e-01,-5.750006809830665588e-02,-7.407255936414003372e-03,-7.120376825332641602e-01,-1.864893287420272827e-01,-9.499651938676834106e-02,1.054073929786682129e+00,-1.123538762331008911e-01,-5.220970511436462402e-02,-2.206226624548435211e-02,3.650617897510528564e-01,3.872036933898925781e-01,-2.190218865871429443e-02,-5.441032052040100098e-01,-1.016225814819335938e-01,-6.928762793540954590e-02,-4.877755939960479736e-01,4.048124551773071289e-01,-2.920516729354858398e-01,8.137466758489608765e-02,-5.559733882546424866e-02
-1.124172687530517578e+00,-7.353004068136215210e-02,8.328605294227600098e-01,6.702947430312633514e-03,-2.081528306007385254e-02,-4.777883365750312805e-02,-9.986185431480407715e-01,-1.635757833719253540e-01,3.766707144677639008e-03,1.520314514636993408e-01,1.917970031499862671e-01,-5.712868645787239075e-02,-7.161110173910856247e-03,-7.119873762130737305e-01,-1.994781047105789185e-01,-1.075860261917114258e-01,1.069931507110595703e+00,-1.154412254691123962e-01,-6.210969015955924988e-02,-2.280102856457233429e-02,3.654318451881408691e-01,3.892696499824523926e-01,-2.404386922717094421e-02,-5.447036027908325195e-01,-1.035092696547508240e-01,-6.315818428993225098e-02,-4.891012907028198242e-01,4.005222320556640625e-01,-2.916859388351440430e-01,7.894383370876312256e-02,-5.671520903706550598e-02
-1.124099135398864746e+00,-7.252789288759231567e-02,8.328893780708312988e-01,5.868209060281515121e-03,-2.104030549526214600e-02,-4.199421778321266174e-02,-9.988790750503540039e-01,-1.588296592235565186e-01,2.269355813041329384e-03,1.653273552656173706e-01,1.867508441209793091e-01,-5.672226473689079285e-02,-6.743007339537143707e-03,-7.091109156608581543e-01,-2.120760530233383179e-01,-1.208727955818176270e-01,1.081834673881530762e+00,-1.190560683608055115e-01,-7.331147789955139160e-02,-2.395335212349891663e-02,3.659749329090118408e-01,3.910933434963226318e-01,-2.659715525805950165e-02,-5.450925230979919434e-01,-1.059246808290481567e-01,-5.736180394887924194e-02,-4.906495809555053711e-01,3.956542611122131348e-01,-2.908987700939178467e-01,7.616874575614929199e-02,-5.790743976831436157e-02
-1.124010801315307617e+00,-7.158421725034713745e-02,8.328387737274169922e-01,4.873258527368307114e-03,-2.100930362939834595e-02,-3.580041229724884033e-02,-9.991261959075927734e-01,-1.537245810031890869e-01,5.889530875720083714e-04,1.796107739210128784e-01,1.819598227739334106e-01,-5.645343288779258728e-02,-6.307126488536596298e-03,-7.038279771804809570e-01,-2.254652976989746094e-01,-1.362757682800292969e-01,1.091278195381164551e+00,-1.236916482448577881e-01,-8.282394707202911377e-02,-2.447344176471233368e-02,3.666572272777557373e-01,3.925625681877136230e-01,-2.923390828073024750e-02,-5.450410842895507812e-01,-1.084673255681991577e-01,-5.204178392887115479e-02,-4.922572374343872070e-01,3.903402686119079590e-01,-2.900297045707702637e-01,7.318794727325439453e-02,-5.914415791630744934e-02
-1.123860001564025879e+00,-7.077791541814804077e-02,8.327806591987609863e-01,4.020855296403169632e-03,-2.087992057204246521e-02,-2.971955575048923492e-02,-9.993320703506469727e-01,-1.486665457487106323e-01,-6.397607503458857536e-04,1.932986229658126831e-01,1.777747720479965210e-01,-5.668658763170242310e-02,-5.519053433090448380e-03,-6.957037448883056641e-01,-2.380877584218978882e-01,-1.528221070766448975e-01,1.097460627555847168e+00,-1.277241110801696777e-01,-9.257642179727554321e-02,-2.480558678507804871e-02,3.674001693725585938e-01,3.935911655426025391e-01,-3.172504901885986328e-02,-5.444304347038269043e-01,-1.108255758881568909e-01,-4.700793698430061340e-02,-4.939796030521392822e-01,3.846693634986877441e-01,-2.890381813049316406e-01,7.008376717567443848e-02,-6.042361631989479065e-02
-1.123625397682189941e+00,-7.005555182695388794e-02,8.327301740646362305e-01,3.184410976245999336e-03,-2.056767977774143219e-02,-2.342850714921951294e-02,-9.995088577270507812e-01,-1.427416652441024780e-01,-1.754529541358351707e-03,2.075912505388259888e-01,1.734025627374649048e-01,-5.718895047903060913e-02,-5.504071246832609177e-03,-6.839687824249267578e-01,-2.502604126930236816e-01,-1.709808856248855591e-01,1.099419593811035156e+00,-1.323117464780807495e-01,-1.019022539258003235e-01,-2.508537843823432922e-02,3.678132593631744385e-01,3.940469324588775635e-01,-3.444062918424606323e-02,-5.425539016723632812e-01,-1.137719899415969849e-01,-3.993274271488189697e-02,-4.963946044445037842e-01,3.765284717082977295e-01,-2.891375720500946045e-01,6.508697569370269775e-02,-6.241649389266967773e-02
-1.123483896255493164e+00,-6.939722597599029541e-02,8.327391147613525391e-01,2.527488395571708679e-03,-2.012183889746665955e-02,-1.697540469467639923e-02,-9.996502399444580078e-01,-1.373673081398010254e-01,-2.462417352944612503e-03,2.212362289428710938e-01,1.697396636009216309e-01,-5.738853290677070618e-02,-5.458673462271690369e-03,-6.699802875518798828e-01,-2.616580128669738770e-01,-1.906010657548904419e-01,1.098139047622680664e+00,-1.364877372980117798e-01,-1.094983145594596863e-01,-2.389664016664028168e-02,3.679859340190887451e-01,3.938718736171722412e-01,-3.631535917520523071e-02,-5.404595732688903809e-01,-1.145819425582885742e-01,-3.393562510609626770e-02,-4.983196556568145752e-01,3.693349659442901611e-01,-2.893317639827728271e-01,6.212149560451507568e-02,-6.411408632993698120e-02
-1.123136878013610840e+00,-6.871702522039413452e-02,8.328056931495666504e-01,2.052317839115858078e-03,-1.951875537633895874e-02,-1.032649911940097809e-02,-9.997540712356567383e-01,-1.309548616409301758e-01,-2.973763504996895790e-03,2.352397888898849487e-01,1.655247509479522705e-01,-5.692210048437118530e-02,-4.837233107537031174e-03,-6.511377692222595215e-01,-2.720655202865600586e-01,-2.128994911909103394e-01,1.091215968132019043e+00,-1.419889479875564575e-01,-1.159677207469940186e-01,-2.315052412450313568e-02,3.679532706737518311e-01,3.930464088916778564e-01,-3.808359429240226746e-02,-5.356686711311340332e-01,-1.144522577524185181e-01,-2.747526764869689941e-02,-5.001666545867919922e-01,3.611190617084503174e-01,-2.878550887107849121e-01,5.590146780014038086e-02,-6.650125980377197266e-02
-1.122876286506652832e+00,-6.818844377994537354e-02,8.327793478965759277e-01,1.763154170475900173e-03,-1.855508983135223389e-02,-3.552446840330958366e-03,-9.998199939727783203e-01,-1.250431835651397705e-01,-2.538992790505290031e-03,2.491123229265213013e-01,1.639044284820556641e-01,-5.845019221305847168e-02,-4.450714681297540665e-03,-6.302518844604492188e-01,-2.811120748519897461e-01,-2.363407909870147705e-01,1.082044243812561035e+00,-1.464752405881881714e-01,-1.234987378120422363e-01,-2.305678464472293854e-02,3.679228723049163818e-01,3.919435441493988037e-01,-3.959167003631591797e-02,-5.311776995658874512e-01,-1.137651726603507996e-01,-2.129236236214637756e-02,-5.016608834266662598e-01,3.535380661487579346e-01,-2.871890664100646973e-01,5.210680142045021057e-02,-6.891985237598419189e-02
-1.122636437416076660e+00,-6.779278814792633057e-02,8.326944112777709961e-01,1.365842530503869057e-03,-1.778578013181686401e-02,3.150168806314468384e-03,-9.998359084129333496e-01,-1.223060339689254761e-01,-1.681813155300915241e-03,2.623601555824279785e-01,1.667041778564453125e-01,-6.096846237778663635e-02,-4.581125453114509583e-03,-6.072868704795837402e-01,-2.891844213008880615e-01,-2.608443796634674072e-01,1.068771839141845703e+00,-1.513480842113494873e-01,-1.295735836029052734e-01,-2.274537459015846252e-02,3.679812848567962646e-01,3.907661437988281250e-01,-4.110597819089889526e-02,-5.276538133621215820e-01,-1.135633364319801331e-01,-1.527642179280519485e-02,-5.028277635574340820e-01,3.465473055839538574e-01,-2.873484492301940918e-01,5.033930763602256775e-02,-7.084280997514724731e-02
-1.122332096099853516e+00,-6.751193106174468994e-02,8.326384425163269043e-01,9.710677550174295902e-04,-1.718317717313766479e-02,9.940647520124912262e-03,-9.998024702072143555e-01,-1.195848956704139709e-01,-9.290579473599791527e-04,2.745309472084045410e-01,1.689907312393188477e-01,-6.315200030803680420e-02,-3.994818776845932007e-03,-5.830947160720825195e-01,-2.954641878604888916e-01,-2.852334976196289062e-01,1.052132010459899902e+00,-1.549863219261169434e-01,-1.392323672771453857e-01,-2.295882068574428558e-02,3.682027757167816162e-01,3.895394504070281982e-01,-4.261121526360511780e-02,-5.241804718971252441e-01,-1.134508028626441956e-01,-9.411363862454891205e-03,-5.037800669670104980e-01,3.401296138763427734e-01,-2.884176075458526611e-01,5.026460066437721252e-02,-7.229232043027877808e-02
-1.122007131576538086e+00,-6.736402958631515503e-02,8.325769901275634766e-01,4.518130153883248568e-04,-1.655672863125801086e-02,1.691860705614089966e-02,-9.997196793556213379e-01,-1.162806674838066101e-01,-3.930660022888332605e-04,2.862356603145599365e-01,1.706907898187637329e-01,-6.527585536241531372e-02,-4.508848302066326141e-03,-5.568475127220153809e-01,-3.003290593624114990e-01,-3.105349242687225342e-01,1.031329631805419922e+00,-1.589084714651107788e-01,-1.446476578712463379e-01,-2.280395478010177612e-02,3.685324192047119141e-01,3.883037567138671875e-01,-4.427836462855339050e-02,-5.217485427856445312e-01,-1.140522584319114685e-01,-3.601938718929886818e-03,-5.045505166053771973e-01,3.343271315097808838e-01,-2.902235388755798340e-01,5.147942900657653809e-02,-7.332012057304382324e-02
-1.121789336204528809e+00,-6.739872694015502930e-02,8.324329853057861328e-01,-2.018157101701945066e-04,-1.556516624987125397e-02,2.389097027480602264e-02,-9.995933771133422852e-01,-1.125199943780899048e-01,6.203226075740531087e-05,2.982001602649688721e-01,1.722666770219802856e-01,-6.747876107692718506e-02,-5.494414363056421280e-03,-5.286374092102050781e-01,-3.034988045692443848e-01,-3.356570005416870117e-01,1.007127523422241211e+00,-1.612325459718704224e-01,-1.473707854747772217e-01,-2.290199138224124908e-02,3.692146539688110352e-01,3.869253396987915039e-01,-4.618633165955543518e-02,-5.188966393470764160e-01,-1.151111871004104614e-01,2.125852974131703377e-03,-5.051995515823364258e-01,3.290029168128967285e-01,-2.924813330173492432e-01,5.318176373839378357e-02,-7.419106364250183105e-02
-1.121518611907958984e+00,-6.750545650720596313e-02,8.322740793228149414e-01,-8.907959563657641411e-04,-1.508672814816236496e-02,3.091935999691486359e-02,-9.994076490402221680e-01,-1.095185428857803345e-01,3.581708297133445740e-04,3.094284236431121826e-01,1.739679723978042603e-01,-6.973118335008621216e-02,-6.537053734064102173e-03,-4.998143911361694336e-01,-3.048647940158843994e-01,-3.614790141582489014e-01,9.790204167366027832e-01,-1.627112776041030884e-01,-1.475676447153091431e-01,-2.214939147233963013e-02,3.699268996715545654e-01,3.854542672634124756e-01,-4.824955388903617859e-02,-5.171175599098205566e-01,-1.164686381816864014e-01,7.700034882873296738e-03,-5.058180093765258789e-01,3.240301311016082764e-01,-2.951195538043975830e-01,5.507389456033706665e-02,-7.477877289056777954e-02
-1.121255040168762207e+00,-6.775028258562088013e-02,8.320253491401672363e-01,-1.686175120994448662e-03,-1.391072571277618408e-02,3.796173259615898132e-02,-9.991809129714965820e-01,-1.055852249264717102e-01,7.667239988222718239e-04,3.207125067710876465e-01,1.764478683471679688e-01,-7.246795296669006348e-02,-7.617074996232986450e-03,-4.682065546512603760e-01,-3.044785261154174805e-01,-3.876009583473205566e-01,9.469611644744873047e-01,-1.627681404352188110e-01,-1.470055878162384033e-01,-2.167571149766445160e-02,3.708223104476928711e-01,3.838669657707214355e-01,-5.046723037958145142e-02,-5.152759552001953125e-01,-1.180301383137702942e-01,1.321809459477663040e-02,-5.064926743507385254e-01,3.194080591201782227e-01,-2.973840832710266113e-01,5.708533152937889099e-02,-7.512021809816360474e-02
-1.121115684509277344e+00,-6.808814406394958496e-02,8.317837715148925781e-01,-2.172008389607071877e-03,-1.264952495694160461e-02,4.476902633905410767e-02,-9.989148974418640137e-01,-1.019124016165733337e-01,1.752514392137527466e-03,3.309273719787597656e-01,1.790594905614852905e-01,-7.498714327812194824e-02,-7.418088614940643311e-03,-4.350268840789794922e-01,-3.011213839054107666e-01,-4.135732650756835938e-01,9.105928540229797363e-01,-1.601498723030090332e-01,-1.437658816576004028e-01,-2.096782065927982330e-02,3.718293607234954834e-01,3.821674883365631104e-01,-5.273933708667755127e-02,-5.133225917816162109e-01,-1.196099147200584412e-01,1.871425285935401917e-02,-5.071789622306823730e-01,3.151128292083740234e-01,-2.995792925357818604e-01,5.907055363059043884e-02,-7.523908466100692749e-02
-1.120961427688598633e+00,-6.847917288541793823e-02,8.315415978431701660e-01,-2.797340508550405502e-03,-1.173665840178728104e-02,5.141407996416091919e-02,-9.986045360565185547e-01,-9.994698315858840942e-02,2.955272793769836426e-03,3.405434489250183105e-01,1.836997866630554199e-01,-7.760719209909439087e-02,-8.909743279218673706e-03,-4.018899500370025635e-01,-2.959995567798614502e-01,-4.393473267555236816e-01,8.704368472099304199e-01,-1.529488712549209595e-01,-1.377924084663391113e-01,-2.042205445468425751e-02,3.728532493114471436e-01,3.804059624671936035e-01,-5.504929274320602417e-02,-5.115892291069030762e-01,-1.211392357945442200e-01,2.415035106241703033e-02,-5.076573491096496582e-01,3.110346496105194092e-01,-3.016161620616912842e-01,6.075126677751541138e-02,-7.524371892213821411e-02
-1.120653867721557617e+00,-6.906741857528686523e-02,8.313161730766296387e-01,-3.254747483879327774e-03,-1.119748689234256744e-02,5.833374336361885071e-02,-9.982290267944335938e-01,-9.890356659889221191e-02,4.816669039428234100e-03,3.493603467941284180e-01,1.892899870872497559e-01,-8.086786419153213501e-02,-1.043679658323526382e-02,-3.682970702648162842e-01,-2.878338396549224854e-01,-4.649913012981414795e-01,8.252403736114501953e-01,-1.421699970960617065e-01,-1.292992532253265381e-01,-2.016132511198520660e-02,3.736662566661834717e-01,3.785569965839385986e-01,-5.706960335373878479e-02,-5.103768110275268555e-01,-1.218320131301879883e-01,2.931785956025123596e-02,-5.081327557563781738e-01,3.071494400501251221e-01,-3.042858839035034180e-01,6.229340657591819763e-02,-7.514605671167373657e-02
-1.120585560798645020e+00,-6.999134272336959839e-02,8.310934305191040039e-01,-4.151009488850831985e-03,-9.764805436134338379e-03,6.509014219045639038e-02,-9.978229999542236328e-01,-9.618093818426132202e-02,5.985830910503864288e-03,3.570782244205474854e-01,1.946407705545425415e-01,-8.266576379537582397e-02,-1.214935071766376495e-02,-3.317782580852508545e-01,-2.785481214523315430e-01,-4.916127026081085205e-01,7.755146622657775879e-01,-1.255957931280136108e-01,-1.148395165801048279e-01,-1.919946074485778809e-02,3.744856715202331543e-01,3.766933679580688477e-01,-5.903521180152893066e-02,-5.091586112976074219e-01,-1.226722076535224915e-01,3.452681750059127808e-02,-5.086184144020080566e-01,3.035510182380676270e-01,-3.059983551502227783e-01,6.403796374797821045e-02,-7.478098571300506592e-02
-1.120410203933715820e+00,-7.096210867166519165e-02,8.306543231010437012e-01,-4.875346086919307709e-03,-8.484230376780033112e-03,7.151889801025390625e-02,-9.973912239074707031e-01,-9.591042995452880859e-02,8.115463890135288239e-03,3.649183213710784912e-01,2.032258659601211548e-01,-8.623014390468597412e-02,-1.404727715998888016e-02,-2.948761880397796631e-01,-2.679117023944854736e-01,-5.191618800163269043e-01,7.223309874534606934e-01,-1.015771925449371338e-01,-9.884718805551528931e-02,-1.909920945763587952e-02,3.752591311931610107e-01,3.746819198131561279e-01,-6.085810437798500061e-02,-5.078145265579223633e-01,-1.232030764222145081e-01,3.975482285022735596e-02,-5.091558098793029785e-01,3.000955581665039062e-01,-3.071923255920410156e-01,6.605356186628341675e-02,-7.426515221595764160e-02
-1.120212912559509277e+00,-7.214460521936416626e-02,8.301346302032470703e-01,-5.651289597153663635e-03,-7.648456841707229614e-03,7.745962589979171753e-02,-9.969501495361328125e-01,-9.480366855859756470e-02,1.024345308542251587e-02,3.718741536140441895e-01,2.108199298381805420e-01,-9.057702869176864624e-02,-1.565257832407951355e-02,-2.584778964519500732e-01,-2.552280426025390625e-01,-5.472706556320190430e-01,6.652137637138366699e-01,-6.838026642799377441e-02,-7.988560199737548828e-02,-1.982638612389564514e-02,3.757619857788085938e-01,3.726211786270141602e-01,-6.231693178415298462e-02,-5.069156289100646973e-01,-1.230106055736541748e-01,4.471370950341224670e-02,-5.097440481185913086e-01,2.966542840003967285e-01,-3.086204826831817627e-01,6.778705865144729614e-02,-7.393361628055572510e-02
-1.120082616806030273e+00,-7.349766045808792114e-02,8.295540213584899902e-01,-6.614941172301769257e-03,-6.716595496982336044e-03,8.452358096837997437e-02,-9.963768720626831055e-01,-9.609904140233993530e-02,1.305084861814975739e-02,3.809645771980285645e-01,2.209198921918869019e-01,-9.431696683168411255e-02,-1.798936352133750916e-02,-2.207292914390563965e-01,-2.407536506652832031e-01,-5.758496522903442383e-01,6.060742735862731934e-01,-5.739455297589302063e-02,-2.457871660590171814e-02,-1.890257187187671661e-02,3.761235773563385010e-01,3.701845705509185791e-01,-6.380821019411087036e-02,-5.065371990203857422e-01,-1.228716298937797546e-01,4.914955049753189087e-02,-5.108929276466369629e-01,2.932722270488739014e-01,-3.099170327186584473e-01,6.930478662252426147e-02,-7.369541376829147339e-02
-1.120204567909240723e+00,-7.500132173299789429e-02,8.287153244018554688e-01,-7.698120549321174622e-03,-5.540439859032630920e-03,9.179618209600448608e-02,-9.957326650619506836e-01,-9.756089746952056885e-02,1.595839112997055054e-02,3.887824416160583496e-01,2.332063615322113037e-01,-9.932185709476470947e-02,-1.939634419977664948e-02,-1.843266934156417847e-01,-2.232855856418609619e-01,-6.013196110725402832e-01,5.468478798866271973e-01,-7.375793159008026123e-02,1.570456661283969879e-02,-1.846035942435264587e-02,3.764203488826751709e-01,3.676739931106567383e-01,-6.501303613185882568e-02,-5.060170292854309082e-01,-1.221023797988891602e-01,5.353850871324539185e-02,-5.121280550956726074e-01,2.902526855468750000e-01,-3.105300962924957275e-01,7.116757333278656006e-02,-7.336954027414321899e-02
-1.120331048965454102e+00,-7.684501260519027710e-02,8.283327221870422363e-01,-8.937112987041473389e-03,-3.772551892325282097e-03,9.812984615564346313e-02,-9.951263666152954102e-01,-1.017161533236503601e-01,1.965127885341644287e-02,3.917036950588226318e-01,2.501644492149353027e-01,-9.922767430543899536e-02,-2.209430001676082611e-02,-1.528982073068618774e-01,-2.061528116464614868e-01,-6.168635487556457520e-01,4.967111945152282715e-01,-1.020931452512741089e-01,2.030752226710319519e-02,-1.945915073156356812e-02,3.769692778587341309e-01,3.655590713024139404e-01,-6.601484119892120361e-02,-5.050051808357238770e-01,-1.212961375713348389e-01,5.802450329065322876e-02,-5.129148960113525391e-01,2.876855432987213135e-01,-3.108000159263610840e-01,7.370851188898086548e-02,-7.289547473192214966e-02
-1.120496273040771484e+00,-7.862289249897003174e-02,8.279164433479309082e-01,-7.929600775241851807e-03,-2.870592055842280388e-03,1.030489429831504822e-01,-9.946405291557312012e-01,-1.029981598258018494e-01,2.666310220956802368e-02,3.937003016471862793e-01,2.616307139396667480e-01,-1.051854342222213745e-01,-2.545487508177757263e-02,-1.275363117456436157e-01,-1.856714487075805664e-01,-6.239214539527893066e-01,4.528014361858367920e-01,-1.215129271149635315e-01,1.026551332324743271e-02,-2.410599961876869202e-02,3.776562809944152832e-01,3.640902340412139893e-01,-6.663882732391357422e-02,-5.040854215621948242e-01,-1.206852495670318604e-01,6.205189228057861328e-02,-5.129761099815368652e-01,2.859509289264678955e-01,-3.118762373924255371e-01,7.602929323911666870e-02,-7.222686707973480225e-02
-1.120916128158569336e+00,-8.055966347455978394e-02,8.274403214454650879e-01,-8.436250500380992889e-03,-1.572424778714776039e-03,1.103276163339614868e-01,-9.938582181930541992e-01,-1.077878773212432861e-01,3.272718563675880432e-02,3.984260559082031250e-01,2.799224555492401123e-01,-1.060614883899688721e-01,-2.875355444848537445e-02,-1.042487844824790955e-01,-1.688507497310638428e-01,-6.298030614852905273e-01,4.103884994983673096e-01,-1.400909274816513062e-01,1.034345943480730057e-02,-2.459959499537944794e-02,3.784331977367401123e-01,3.626733720302581787e-01,-6.698998063802719116e-02,-5.029562115669250488e-01,-1.197002977132797241e-01,6.603547930717468262e-02,-5.130854845046997070e-01,2.846272885799407959e-01,-3.130066096782684326e-01,7.911492139101028442e-02,-7.126497477293014526e-02
-1.121307730674743652e+00,-8.239603042602539062e-02,8.269988894462585449e-01,-7.441535592079162598e-03,-9.361957781948149204e-04,1.174865812063217163e-01,-9.930461645126342773e-01,-1.100779026746749878e-01,4.085402190685272217e-02,4.032315015792846680e-01,2.933843731880187988e-01,-1.123174801468849182e-01,-3.208354488015174866e-02,-8.268366754055023193e-02,-1.492519080638885498e-01,-6.338371038436889648e-01,3.675230443477630615e-01,-1.505770534276962280e-01,1.778430305421352386e-02,-2.541045472025871277e-02,3.791118860244750977e-01,3.615172207355499268e-01,-6.701592355966567993e-02,-5.017350912094116211e-01,-1.185706555843353271e-01,6.980735063552856445e-02,-5.130838751792907715e-01,2.837356626987457275e-01,-3.149277567863464355e-01,8.277787268161773682e-02,-7.004240900278091431e-02
-1.121918916702270508e+00,-8.418308198451995850e-02,8.266261816024780273e-01,-5.549519788473844528e-03,-2.470584877301007509e-04,1.239074394106864929e-01,-9.922782182693481445e-01,-1.166873276233673096e-01,5.169611424207687378e-02,4.052306115627288818e-01,3.116954267024993896e-01,-1.178499162197113037e-01,-3.449949249625205994e-02,-6.515356898307800293e-02,-1.299208700656890869e-01,-6.301468610763549805e-01,3.299130201339721680e-01,-1.529538482427597046e-01,1.828483305871486664e-02,-2.730135805904865265e-02,3.798567056655883789e-01,3.611314892768859863e-01,-6.665381789207458496e-02,-5.000204443931579590e-01,-1.176832392811775208e-01,7.353885471820831299e-02,-5.124951601028442383e-01,2.833218276500701904e-01,-3.174996376037597656e-01,8.668582141399383545e-02,-6.850552558898925781e-02
-1.122730851173400879e+00,-8.641823381185531616e-02,8.264496922492980957e-01,-6.259544286876916885e-03,1.349782571196556091e-03,1.309267282485961914e-01,-9.913713932037353516e-01,-1.278795599937438965e-01,6.072026118636131287e-02,4.066278636455535889e-01,3.415785431861877441e-01,-1.120955869555473328e-01,-3.443821519613265991e-02,-4.955833032727241516e-02,-1.165850237011909485e-01,-6.220049858093261719e-01,2.969423234462738037e-01,-1.597200185060501099e-01,1.492188684642314911e-02,-2.906176634132862091e-02,3.807267844676971436e-01,3.607581555843353271e-01,-6.598724424839019775e-02,-4.982482194900512695e-01,-1.165613904595375061e-01,7.695180177688598633e-02,-5.118103027343750000e-01,2.831681966781616211e-01,-3.191947340965270996e-01,8.995345234870910645e-02,-6.692922860383987427e-02
-1.123591065406799316e+00,-8.853006362915039062e-02,8.263533115386962891e-01,-5.437766667455434799e-03,1.919265952892601490e-03,1.385536789894104004e-01,-9.903381466865539551e-01,-1.404154896736145020e-01,7.288864254951477051e-02,4.067822694778442383e-01,3.706780374050140381e-01,-1.084708124399185181e-01,-3.799698501825332642e-02,-3.678964823484420776e-02,-1.000076010823249817e-01,-6.132763624191284180e-01,2.649770081043243408e-01,-1.627868711948394775e-01,1.124633476138114929e-02,-2.920347452163696289e-02,3.815334737300872803e-01,3.604516386985778809e-01,-6.486537307500839233e-02,-4.964082241058349609e-01,-1.151271238923072815e-01,7.988587766885757446e-02,-5.110947489738464355e-01,2.833858430385589600e-01,-3.213148415088653564e-01,9.329341351985931396e-02,-6.528119742870330811e-02
-1.124535441398620605e+00,-9.068088978528976440e-02,8.267760276794433594e-01,-5.359158851206302643e-03,2.672875532880425453e-03,1.449687033891677856e-01,-9.894180893898010254e-01,-1.559916287660598755e-01,8.359444141387939453e-02,4.068503975868225098e-01,4.042418897151947021e-01,-1.035824716091156006e-01,-2.302700839936733246e-02,-2.919627726078033447e-02,-8.948040753602981567e-02,-6.056482195854187012e-01,2.448332905769348145e-01,-1.612711101770401001e-01,4.981810692697763443e-03,-3.128092736005783081e-02,3.821349740028381348e-01,3.600804209709167480e-01,-6.403996050357818604e-02,-4.956800341606140137e-01,-1.144461259245872498e-01,8.163998275995254517e-02,-5.106725096702575684e-01,2.837710380554199219e-01,-3.219625055789947510e-01,9.465695917606353760e-02,-6.434446573257446289e-02
-1.125691175460815430e+00,-9.260850399732589722e-02,8.270990848541259766e-01,-4.748244304209947586e-03,3.212375566363334656e-03,1.518863290548324585e-01,-9.883813261985778809e-01,-1.745352149009704590e-01,9.688426554203033447e-02,4.050568938255310059e-01,4.414230585098266602e-01,-9.295690804719924927e-02,-1.897688582539558411e-02,-2.262484095990657806e-02,-7.819823175668716431e-02,-5.956129431724548340e-01,2.250061333179473877e-01,-1.570253968238830566e-01,-2.019684994593262672e-03,-3.276082128286361694e-02,3.827393949031829834e-01,3.597582578659057617e-01,-6.291270256042480469e-02,-4.946819543838500977e-01,-1.135753169655799866e-01,8.313339203596115112e-02,-5.101448297500610352e-01,2.844270169734954834e-01,-3.229007124900817871e-01,9.624442458152770996e-02,-6.341511756181716919e-02
-1.126996397972106934e+00,-9.467393904924392700e-02,8.276087641716003418e-01,-4.366816487163305283e-03,3.891841508448123932e-03,1.590647101402282715e-01,-9.872508049011230469e-01,-2.001140862703323364e-01,1.131040453910827637e-01,4.026789963245391846e-01,4.896547794342041016e-01,-7.051119208335876465e-02,-1.545541640371084213e-02,-1.681917905807495117e-02,-6.768973171710968018e-02,-5.849314928054809570e-01,2.058035582304000854e-01,-1.509220451116561890e-01,-7.322705816477537155e-03,-3.268453478813171387e-02,3.833285272121429443e-01,3.592680394649505615e-01,-6.179591268301010132e-02,-4.936848282814025879e-01,-1.126949563622474670e-01,8.428429812192916870e-02,-5.097276568412780762e-01,2.852313220500946045e-01,-3.238525390625000000e-01,9.774862974882125854e-02,-6.253103166818618774e-02
-1.128309965133666992e+00,-9.672985225915908813e-02,8.283766508102416992e-01,-4.141891840845346451e-03,4.388974048197269440e-03,1.668270081281661987e-01,-9.859676957130432129e-01,-2.322122156620025635e-01,1.309357136487960815e-01,3.981039822101593018e-01,5.422548055648803711e-01,-3.151179105043411255e-02,-1.590005704201757908e-03,-1.161053031682968140e-02,-5.821991711854934692e-02,-5.732197761535644531e-01,1.874118745326995850e-01,-1.426479369401931763e-01,-9.651425294578075409e-03,-3.059927187860012054e-02,3.838928043842315674e-01,3.582358062267303467e-01,-6.098552420735359192e-02,-4.928074181079864502e-01,-1.119011864066123962e-01,8.510541170835494995e-02,-5.097784399986267090e-01,2.860319018363952637e-01,-3.246561288833618164e-01,9.903644025325775146e-02,-6.176272034645080566e-02
-1.129611730575561523e+00,-9.844160079956054688e-02,8.290016055107116699e-01,-3.985381685197353363e-03,4.352008458226919174e-03,1.752592325210571289e-01,-9.845046401023864746e-01,-2.659435868263244629e-01,1.489522606134414673e-01,3.903252482414245605e-01,5.948547720909118652e-01,7.203168701380491257e-03,1.107743382453918457e-02,-7.502828724682331085e-03,-4.994916170835494995e-02,-5.612061619758605957e-01,1.702143996953964233e-01,-1.343879401683807373e-01,-9.255236014723777771e-03,-2.690769918262958527e-02,3.842349946498870850e-01,3.570221066474914551e-01,-6.035259738564491272e-02,-4.921587407588958740e-01,-1.112006008625030518e-01,8.561862260103225708e-02,-5.099523663520812988e-01,2.869286537170410156e-01,-3.257326185703277588e-01,1.003547683358192444e-01,-6.101391464471817017e-02
-1.130939483642578125e+00,-1.000950783491134644e-01,8.295512199401855469e-01,-4.427407402545213699e-03,4.624335560947656631e-03,1.831829547882080078e-01,-9.830579757690429688e-01,-3.009578883647918701e-01,1.658965349197387695e-01,3.831669986248016357e-01,6.474547982215881348e-01,5.041825771331787109e-02,2.719222567975521088e-02,-4.688587039709091187e-03,-4.459742084145545959e-02,-5.511497259140014648e-01,1.570418626070022583e-01,-1.276805996894836426e-01,-8.364677429199218750e-03,-2.283802442252635956e-02,3.844318091869354248e-01,3.555096387863159180e-01,-6.016660109162330627e-02,-4.917755126953125000e-01,-1.107300519943237305e-01,8.591954410076141357e-02,-5.104550123214721680e-01,2.878403961658477783e-01,-3.268315494060516357e-01,1.016126945614814758e-01,-6.036341190338134766e-02
-1.132247090339660645e+00,-1.016032844781875610e-01,8.300610780715942383e-01,-5.762608721852302551e-03,5.223386920988559723e-03,1.913374364376068115e-01,-9.814934730529785156e-01,-3.376763761043548584e-01,1.810205280780792236e-01,3.744538128376007080e-01,7.000547647476196289e-01,9.451171755790710449e-02,5.205206945538520813e-02,-2.591837663203477859e-03,-4.220630228519439697e-02,-5.409601926803588867e-01,1.463645547628402710e-01,-1.225326061248779297e-01,-7.478846702724695206e-03,-1.813748478889465332e-02,3.845018744468688965e-01,3.535631000995635986e-01,-6.053649261593818665e-02,-4.916986525058746338e-01,-1.104977205395698547e-01,8.617338538169860840e-02,-5.115573406219482422e-01,2.888487875461578369e-01,-3.277703225612640381e-01,1.029189378023147583e-01,-5.981548130512237549e-02
-1.133527398109436035e+00,-1.031226217746734619e-01,8.304905295372009277e-01,-7.358482573181390762e-03,5.610234569758176804e-03,1.997164934873580933e-01,-9.798100590705871582e-01,-3.768115043640136719e-01,1.950611770153045654e-01,3.629514575004577637e-01,7.526547908782958984e-01,1.297103762626647949e-01,8.500067889690399170e-02,-2.066618995741009712e-03,-4.095581546425819397e-02,-5.302965044975280762e-01,1.376734524965286255e-01,-1.184463798999786377e-01,-7.735084276646375656e-03,-1.323230192065238953e-02,3.844318091869354248e-01,3.512318730354309082e-01,-6.146323680877685547e-02,-4.919272363185882568e-01,-1.104983538389205933e-01,8.634085953235626221e-02,-5.132385492324829102e-01,2.900018692016601562e-01,-3.287421464920043945e-01,1.043454632163047791e-01,-5.937755480408668518e-02
-1.134745597839355469e+00,-1.043410599231719971e-01,8.307295441627502441e-01,-8.785457350313663483e-03,5.717270076274871826e-03,2.085655182600021362e-01,-9.779522418975830078e-01,-4.175619482994079590e-01,2.080306112766265869e-01,3.480228483676910400e-01,8.052547574043273926e-01,1.520165950059890747e-01,1.211113631725311279e-01,-2.907323883846402168e-03,-3.986613079905509949e-02,-5.184898972511291504e-01,1.302194744348526001e-01,-1.150142475962638855e-01,-7.054924499243497849e-03,-8.430844172835350037e-03,3.841363787651062012e-01,3.486115038394927979e-01,-6.284085661172866821e-02,-4.925089478492736816e-01,-1.106793805956840515e-01,8.634728938341140747e-02,-5.154073834419250488e-01,2.913872897624969482e-01,-3.299668729305267334e-01,1.059774383902549744e-01,-5.903430283069610596e-02
-1.135879158973693848e+00,-1.052963063120841980e-01,8.306478261947631836e-01,-9.505824185907840729e-03,5.336550064384937286e-03,2.175127416849136353e-01,-9.759966135025024414e-01,-4.597132503986358643e-01,2.207411378622055054e-01,3.310159146785736084e-01,8.578547835350036621e-01,1.581151932477951050e-01,1.517622023820877075e-01,-5.009199026972055435e-03,-3.752966597676277161e-02,-5.060451030731201172e-01,1.238829642534255981e-01,-1.126675531268119812e-01,-7.076560519635677338e-03,-4.665310960263013840e-03,3.835638165473937988e-01,3.460457623004913330e-01,-6.445221602916717529e-02,-4.934086799621582031e-01,-1.110164597630500793e-01,8.614670485258102417e-02,-5.177917480468750000e-01,2.931520640850067139e-01,-3.317120373249053955e-01,1.079029291868209839e-01,-5.876325815916061401e-02
-1.136803030967712402e+00,-1.061217486858367920e-01,8.304334878921508789e-01,-8.841697126626968384e-03,4.509809892624616623e-03,2.263877987861633301e-01,-9.739866852760314941e-01,-5.019982457160949707e-01,2.342232614755630493e-01,3.109502792358398438e-01,9.104548096656799316e-01,1.443525552749633789e-01,1.659852117300033569e-01,-7.818519137799739838e-03,-3.226419910788536072e-02,-4.928784370422363281e-01,1.185776218771934509e-01,-1.102957502007484436e-01,-9.165468625724315643e-03,-1.616642693988978863e-03,3.827191889286041260e-01,3.444325625896453857e-01,-6.590403616428375244e-02,-4.945501685142517090e-01,-1.115425080060958862e-01,8.566639572381973267e-02,-5.195158123970031738e-01,2.953926920890808105e-01,-3.343414664268493652e-01,1.100412905216217041e-01,-5.851193517446517944e-02
-1.137573361396789551e+00,-1.067613884806632996e-01,8.299655318260192871e-01,-6.639731116592884064e-03,2.877128077670931816e-03,2.356162667274475098e-01,-9.718192219734191895e-01,-5.458345413208007812e-01,2.490957379341125488e-01,2.876417338848114014e-01,9.630547761917114258e-01,1.161658316850662231e-01,1.721802949905395508e-01,-1.155930757522583008e-02,-2.330228313803672791e-02,-4.774490594863891602e-01,1.130660548806190491e-01,-1.076434552669525146e-01,-1.169034466147422791e-02,5.327012622728943825e-04,3.817286491394042969e-01,3.452195227146148682e-01,-6.642097234725952148e-02,-4.957658350467681885e-01,-1.121765747666358948e-01,8.497603982686996460e-02,-5.190698504447937012e-01,2.981247901916503906e-01,-3.379970788955688477e-01,1.120936200022697449e-01,-5.823168903589248657e-02
-1.138012886047363281e+00,-1.074335128068923950e-01,8.292833566665649414e-01,-3.335484303534030914e-03,1.173107535578310490e-03,2.456182241439819336e-01,-9.693601727485656738e-01,-5.903537273406982422e-01,2.640210688114166260e-01,2.595448791980743408e-01,1.015654802322387695e+00,8.220158517360687256e-02,1.788320541381835938e-01,-1.472485717386007309e-02,-1.190338470041751862e-02,-4.593859612941741943e-01,1.076746433973312378e-01,-1.035875082015991211e-01,-1.523373275995254517e-02,3.756615100428462029e-03,3.809302449226379395e-01,3.485548496246337891e-01,-6.579523533582687378e-02,-4.968505799770355225e-01,-1.128266975283622742e-01,8.415952324867248535e-02,-5.162832736968994141e-01,3.012987673282623291e-01,-3.423734009265899658e-01,1.140062361955642700e-01,-5.782656744122505188e-02
-1.138348698616027832e+00,-1.080749258399009705e-01,8.289784789085388184e-01,-9.915209375321865082e-04,-1.144418565672822297e-04,2.558687627315521240e-01,-9.667109847068786621e-01,-6.299841403961181641e-01,2.723433077335357666e-01,2.303596735000610352e-01,1.059979557991027832e+00,5.209418386220932007e-02,1.853200197219848633e-01,-1.721666380763053894e-02,-2.723088255152106285e-03,-4.399646520614624023e-01,1.020219996571540833e-01,-9.798768162727355957e-02,-1.838018000125885010e-02,7.116944994777441025e-03,3.804722726345062256e-01,3.525551259517669678e-01,-6.446815282106399536e-02,-4.978405237197875977e-01,-1.131599098443984985e-01,8.323142677545547485e-02,-5.130316615104675293e-01,3.047507405281066895e-01,-3.467518687248229980e-01,1.161501780152320862e-01,-5.725154653191566467e-02
-1.138587236404418945e+00,-1.087808609008789062e-01,8.294372558593750000e-01,-1.759092789143323898e-03,-4.386203363537788391e-04,2.649129331111907959e-01,-9.642706513404846191e-01,-6.583287119865417480e-01,2.681776881217956543e-01,2.052448838949203491e-01,1.088023066520690918e+00,2.706723473966121674e-02,1.860334128141403198e-01,-1.867858320474624634e-02,-8.899719105102121830e-04,-4.223847389221191406e-01,9.653542935848236084e-02,-9.254291653633117676e-02,-2.106717228889465332e-02,8.241769857704639435e-03,3.802249431610107422e-01,3.540352582931518555e-01,-6.339445710182189941e-02,-4.989095926284790039e-01,-1.127859428524971008e-01,8.203279972076416016e-02,-5.123420357704162598e-01,3.080978989601135254e-01,-3.502299487590789795e-01,1.189140751957893372e-01,-5.648519098758697510e-02
-1.138661980628967285e+00,-1.095432192087173462e-01,8.300294876098632812e-01,-3.452877746894955635e-03,-5.980926798656582832e-04,2.733712494373321533e-01,-9.619022011756896973e-01,-6.829270720481872559e-01,2.586835622787475586e-01,1.803455948829650879e-01,1.110734820365905762e+00,3.811747068539261818e-03,1.860690265893936157e-01,-2.001706138253211975e-02,-1.313147600740194321e-03,-4.058659076690673828e-01,9.123546630144119263e-02,-8.780357241630554199e-02,-2.328077703714370728e-02,8.605943061411380768e-03,3.802523016929626465e-01,3.536381125450134277e-01,-6.254820525646209717e-02,-4.997926056385040283e-01,-1.119147688150405884e-01,8.040088415145874023e-02,-5.132935047149658203e-01,3.110853433609008789e-01,-3.529814779758453369e-01,1.217502951622009277e-01,-5.556849390268325806e-02
-1.138585567474365234e+00,-1.101634874939918518e-01,8.305067420005798340e-01,-5.111784208565950394e-03,-2.210884558735415339e-04,2.813573181629180908e-01,-9.595894217491149902e-01,-7.044422626495361328e-01,2.461917847394943237e-01,1.553447246551513672e-01,1.130825757980346680e+00,-1.922193914651870728e-02,1.858324855566024780e-01,-2.009938471019268036e-02,-2.519498346373438835e-03,-3.911888003349304199e-01,8.648364245891571045e-02,-8.374528586864471436e-02,-2.494615502655506134e-02,7.841150276362895966e-03,3.805625736713409424e-01,3.519616723060607910e-01,-6.197287142276763916e-02,-5.004329085350036621e-01,-1.108221039175987244e-01,7.826222479343414307e-02,-5.152490139007568359e-01,3.135926723480224609e-01,-3.551354706287384033e-01,1.243850588798522949e-01,-5.453713983297348022e-02
-1.138317704200744629e+00,-1.109022051095962524e-01,8.310843706130981445e-01,-7.211513817310333252e-03,3.173168515786528587e-04,2.889160215854644775e-01,-9.573272466659545898e-01,-7.228500843048095703e-01,2.296384721994400024e-01,1.297499686479568481e-01,1.146844029426574707e+00,-4.058865085244178772e-02,1.853151470422744751e-01,-1.930692791938781738e-02,-4.730053246021270752e-03,-3.778086006641387939e-01,8.103029429912567139e-02,-7.991867512464523315e-02,-2.607441321015357971e-02,7.421153131872415543e-03,3.810621201992034912e-01,3.493044376373291016e-01,-6.170887872576713562e-02,-5.009745955467224121e-01,-1.096566617488861084e-01,7.570745795965194702e-02,-5.178077220916748047e-01,3.156167566776275635e-01,-3.566723763942718506e-01,1.266593188047409058e-01,-5.339575558900833130e-02
-1.137981057167053223e+00,-1.113929152488708496e-01,8.315343856811523438e-01,-8.797758258879184723e-03,1.200937782414257526e-03,2.958301901817321777e-01,-9.551993012428283691e-01,-7.386021614074707031e-01,2.115433067083358765e-01,1.046288684010505676e-01,1.160696148872375488e+00,-6.176009029150009155e-02,1.845946609973907471e-01,-1.775861904025077820e-02,-6.887837778776884079e-03,-3.666422665119171143e-01,7.649604231119155884e-02,-7.615547627210617065e-02,-2.667967043817043304e-02,5.713461898267269135e-03,3.818572759628295898e-01,3.458792567253112793e-01,-6.198574975132942200e-02,-5.014218091964721680e-01,-1.087107732892036438e-01,7.272355258464813232e-02,-5.207473635673522949e-01,3.171607851982116699e-01,-3.576839864253997803e-01,1.285311579704284668e-01,-5.217779800295829773e-02
-1.137404561042785645e+00,-1.118763238191604614e-01,8.319192528724670410e-01,-1.029923185706138611e-02,1.625050092115998268e-03,3.023831248283386230e-01,-9.531294703483581543e-01,-7.534050941467285156e-01,1.902003437280654907e-01,7.725846022367477417e-02,1.172452569007873535e+00,-8.119625598192214966e-02,1.836385577917098999e-01,-1.709054782986640930e-02,-9.122064337134361267e-03,-3.571732938289642334e-01,7.266266644001007080e-02,-7.238966226577758789e-02,-2.687909081578254700e-02,2.674950053915381432e-03,3.830282688140869141e-01,3.410080075263977051e-01,-6.310371309518814087e-02,-5.019904375076293945e-01,-1.079513728618621826e-01,6.867138296365737915e-02,-5.244694948196411133e-01,3.182291984558105469e-01,-3.586302399635314941e-01,1.301622390747070312e-01,-5.058129504323005676e-02
-1.136649012565612793e+00,-1.122437268495559692e-01,8.323271870613098145e-01,-1.169939246028661728e-02,2.059857361018657684e-03,3.085421323776245117e-01,-9.511364698410034180e-01,-7.639805078506469727e-01,1.680811792612075806e-01,5.179019272327423096e-02,1.179068446159362793e+00,-9.626376628875732422e-02,1.825713068246841431e-01,-1.788085326552391052e-02,-1.207501161843538284e-02,-3.488855957984924316e-01,7.194758951663970947e-02,-7.020127028226852417e-02,-2.693371288478374481e-02,-1.845871331170201302e-03,3.844571113586425781e-01,3.355686366558074951e-01,-6.494592875242233276e-02,-5.027790069580078125e-01,-1.077563017606735229e-01,6.386391073465347290e-02,-5.282242894172668457e-01,3.190138936042785645e-01,-3.597654998302459717e-01,1.312632709741592407e-01,-4.865965992212295532e-02
-1.135806441307067871e+00,-1.124853864312171936e-01,8.326464295387268066e-01,-1.285176444798707962e-02,3.145303810015320778e-03,3.153917491436004639e-01,-9.488692879676818848e-01,-7.725821733474731445e-01,1.456383019685745239e-01,2.691410854458808899e-02,1.184467196464538574e+00,-1.069360896944999695e-01,1.768360286951065063e-01,-1.948116905987262726e-02,-1.556750759482383728e-02,-3.391798436641693115e-01,7.423260807991027832e-02,-6.887865066528320312e-02,-2.716673910617828369e-02,-6.372557487338781357e-03,3.864123821258544922e-01,3.300475776195526123e-01,-6.735417991876602173e-02,-5.031259059906005859e-01,-1.082319170236587524e-01,5.902791023254394531e-02,-5.317246317863464355e-01,3.198345601558685303e-01,-3.609927892684936523e-01,1.319651007652282715e-01,-4.650064185261726379e-02
-1.134924650192260742e+00,-1.127365455031394958e-01,8.329759836196899414e-01,-1.420257892459630966e-02,3.241052618250250816e-03,3.226646780967712402e-01,-9.464012384414672852e-01,-7.781047821044921875e-01,1.221392303705215454e-01,2.572855912148952484e-03,1.184224247932434082e+00,-1.151502579450607300e-01,1.658465117216110229e-01,-2.081942744553089142e-02,-1.842201128602027893e-02,-3.277997374534606934e-01,7.483783364295959473e-02,-6.845291703939437866e-02,-2.684206888079643250e-02,-1.003857888281345367e-02,3.890971541404724121e-01,3.229053616523742676e-01,-7.057809084653854370e-02,-5.039132237434387207e-01,-1.104820445179939270e-01,5.252980813384056091e-02,-5.360624790191650391e-01,3.224033415317535400e-01,-3.634990453720092773e-01,1.333344429731369019e-01,-4.273377358913421631e-02
-1.133783340454101562e+00,-1.128151044249534607e-01,8.331272602081298828e-01,-1.489937119185924530e-02,3.816261421889066696e-03,3.307578563690185547e-01,-9.435902833938598633e-01,-7.781211137771606445e-01,1.002618521451950073e-01,-2.060531266033649445e-02,1.179769396781921387e+00,-1.195188313722610474e-01,1.546772271394729614e-01,-1.782562024891376495e-02,-2.025030739605426788e-02,-3.155086636543273926e-01,7.328882813453674316e-02,-6.856863945722579956e-02,-2.560758590698242188e-02,-1.279028318822383881e-02,3.916359245777130127e-01,3.171747922897338867e-01,-7.325526326894760132e-02,-5.039644837379455566e-01,-1.130485981702804565e-01,4.729728773236274719e-02,-5.396602153778076172e-01,3.257470130920410156e-01,-3.664897978305816650e-01,1.347212493419647217e-01,-3.916697949171066284e-02
-1.132540225982666016e+00,-1.129098236560821533e-01,8.332372903823852539e-01,-1.493853237479925156e-02,4.987564869225025177e-03,3.391867280006408691e-01,-9.405872225761413574e-01,-7.768767476081848145e-01,7.891815155744552612e-02,-4.477716237306594849e-02,1.174989104270935059e+00,-1.219726502895355225e-01,1.392773836851119995e-01,-2.017072774469852448e-02,-2.163608372211456299e-02,-3.008440434932708740e-01,7.487137615680694580e-02,-6.569893658161163330e-02,-2.573355101048946381e-02,-1.563922688364982605e-02,3.944857120513916016e-01,3.121065199375152588e-01,-7.539731264114379883e-02,-5.025518536567687988e-01,-1.153488159179687500e-01,4.320809990167617798e-02,-5.429529547691345215e-01,3.301814496517181396e-01,-3.700672686100006104e-01,1.371826082468032837e-01,-3.548038005828857422e-02
-1.131136417388916016e+00,-1.129476875066757202e-01,8.332779407501220703e-01,-1.503235008567571640e-02,5.267693195492029190e-03,3.482354581356048584e-01,-9.372717738151550293e-01,-7.738693356513977051e-01,5.827059969305992126e-02,-6.832969188690185547e-02,1.165763616561889648e+00,-1.228263378143310547e-01,1.220832094550132751e-01,-2.230604551732540131e-02,-2.251731790602207184e-02,-2.842064797878265381e-01,7.616835832595825195e-02,-6.451277434825897217e-02,-2.466776408255100250e-02,-1.787189394235610962e-02,3.972081243991851807e-01,3.072586059570312500e-01,-7.665260136127471924e-02,-5.007444620132446289e-01,-1.164513081312179565e-01,3.965029492974281311e-02,-5.462237596511840820e-01,3.355771899223327637e-01,-3.750671744346618652e-01,1.407330483198165894e-01,-3.150432184338569641e-02
-1.129600167274475098e+00,-1.130756512284278870e-01,8.333636522293090820e-01,-1.526802405714988708e-02,5.371072795242071152e-03,3.573774099349975586e-01,-9.338198304176330566e-01,-7.676490545272827148e-01,3.790169581770896912e-02,-9.126501530408859253e-02,1.151959657669067383e+00,-1.233865097165107727e-01,1.054911836981773376e-01,-2.449943684041500092e-02,-2.340656332671642303e-02,-2.668814957141876221e-01,7.657323032617568970e-02,-6.291826069355010986e-02,-2.322286367416381836e-02,-1.857576705515384674e-02,3.999049961566925049e-01,3.026573359966278076e-01,-7.711128145456314087e-02,-4.983426630496978760e-01,-1.165968328714370728e-01,3.652394190430641174e-02,-5.494520664215087891e-01,3.416059911251068115e-01,-3.807453811168670654e-01,1.447215080261230469e-01,-2.735756523907184601e-02
-1.128138542175292969e+00,-1.132057011127471924e-01,8.333604335784912109e-01,-1.513435412198305130e-02,5.428995005786418915e-03,3.665257394313812256e-01,-9.302689433097839355e-01,-7.594806551933288574e-01,1.936857961118221283e-02,-1.137271225452423096e-01,1.135663270950317383e+00,-1.237947121262550354e-01,8.900948613882064819e-02,-2.608886174857616425e-02,-2.334865927696228027e-02,-2.490614354610443115e-01,7.681729644536972046e-02,-6.138794869184494019e-02,-2.257476188242435455e-02,-1.979606971144676208e-02,4.025019705295562744e-01,2.982866168022155762e-01,-7.657734304666519165e-02,-4.953606724739074707e-01,-1.154259368777275085e-01,3.371646627783775330e-02,-5.525599718093872070e-01,3.480645120143890381e-01,-3.864235579967498779e-01,1.489544361829757690e-01,-2.296917513012886047e-02
-1.126580238342285156e+00,-1.134730055928230286e-01,8.333954215049743652e-01,-1.510939188301563263e-02,5.195035599172115326e-03,3.753835558891296387e-01,-9.267318248748779297e-01,-7.487130165100097656e-01,2.037662314251065254e-03,-1.352387815713882446e-01,1.114579319953918457e+00,-1.241503134369850159e-01,7.199992984533309937e-02,-2.869216725230216980e-02,-2.323476411402225494e-02,-2.311753928661346436e-01,7.711373269557952881e-02,-5.961888283491134644e-02,-2.166726253926753998e-02,-2.093578875064849854e-02,4.049660265445709229e-01,2.942326962947845459e-01,-7.536941021680831909e-02,-4.923957288265228271e-01,-1.134493947029113770e-01,3.101158328354358673e-02,-5.553069710731506348e-01,3.545314967632293701e-01,-3.919628560543060303e-01,1.523423790931701660e-01,-1.844529807567596436e-02
-1.124976754188537598e+00,-1.136597990989685059e-01,8.333889245986938477e-01,-1.497281808406114578e-02,4.832315258681774139e-03,3.842380046844482422e-01,-9.230999946594238281e-01,-7.360447645187377930e-01,-1.325224712491035461e-02,-1.551499515771865845e-01,1.090110778808593750e+00,-1.261207759380340576e-01,5.735606327652931213e-02,-3.070173598825931549e-02,-2.281394787132740021e-02,-2.132503092288970947e-01,7.674629241228103638e-02,-5.780749022960662842e-02,-2.090037614107131958e-02,-2.239085547626018524e-02,4.073605239391326904e-01,2.905288040637969971e-01,-7.363881915807723999e-02,-4.893714785575866699e-01,-1.111732944846153259e-01,2.822624891996383667e-02,-5.577328205108642578e-01,3.607195019721984863e-01,-3.968806564807891846e-01,1.544442325830459595e-01,-1.409288309514522552e-02
-1.123332023620605469e+00,-1.140563562512397766e-01,8.333443403244018555e-01,-1.473397295922040939e-02,4.268042743206024170e-03,3.929567933082580566e-01,-9.194290041923522949e-01,-7.215650677680969238e-01,-2.638841979205608368e-02,-1.742335706949234009e-01,1.062293529510498047e+00,-1.268672645092010498e-01,4.512578248977661133e-02,-3.239140287041664124e-02,-2.185055986046791077e-02,-1.957157999277114868e-01,7.608185708522796631e-02,-5.640565231442451477e-02,-1.949054375290870667e-02,-2.346427738666534424e-02,4.096046984195709229e-01,2.871930301189422607e-01,-7.161212712526321411e-02,-4.869863688945770264e-01,-1.089206337928771973e-01,2.520879916846752167e-02,-5.599284768104553223e-01,3.665388524532318115e-01,-4.010660350322723389e-01,1.555803418159484863e-01,-1.011159271001815796e-02
-1.121539473533630371e+00,-1.144494488835334778e-01,8.333103060722351074e-01,-1.459907274693250656e-02,3.667060751467943192e-03,4.017547965049743652e-01,-9.156235456466674805e-01,-7.043265700340270996e-01,-3.751220554113388062e-02,-1.912002712488174438e-01,1.030197024345397949e+00,-1.287498027086257935e-01,3.127647191286087036e-02,-3.532193228602409363e-02,-2.136654779314994812e-02,-1.776762306690216064e-01,7.701979577541351318e-02,-5.532390251755714417e-02,-1.831349730491638184e-02,-2.507190965116024017e-02,4.120268523693084717e-01,2.843971550464630127e-01,-6.952308118343353271e-02,-4.842988550662994385e-01,-1.073602512478828430e-01,2.179568447172641754e-02,-5.617364645004272461e-01,3.718079328536987305e-01,-4.046750664710998535e-01,1.553066372871398926e-01,-6.490805651992559433e-03
-1.119747877120971680e+00,-1.148507148027420044e-01,8.331996798515319824e-01,-1.425235997885465622e-02,2.984426449984312057e-03,4.105083644390106201e-01,-9.117405414581298828e-01,-6.852532029151916504e-01,-4.702058061957359314e-02,-2.078499495983123779e-01,9.946512579917907715e-01,-1.284530609846115112e-01,1.772477477788925171e-02,-3.876125440001487732e-02,-2.043071761727333069e-02,-1.600205898284912109e-01,7.833334803581237793e-02,-5.417797714471817017e-02,-1.737421005964279175e-02,-2.562183327972888947e-02,4.146105349063873291e-01,2.822489142417907715e-01,-6.780355423688888550e-02,-4.816338717937469482e-01,-1.076371595263481140e-01,1.798744685947895050e-02,-5.630673766136169434e-01,3.763614296913146973e-01,-4.073333442211151123e-01,1.532862484455108643e-01,-3.305971389636397362e-03
-1.118042349815368652e+00,-1.152471750974655151e-01,8.329922556877136230e-01,-1.337950769811868668e-02,2.690311754122376442e-03,4.192459285259246826e-01,-9.077701568603515625e-01,-6.633785963058471680e-01,-5.439488217234611511e-02,-2.244917899370193481e-01,9.563807249069213867e-01,-1.281002312898635864e-01,4.089850001037120819e-03,-4.065498337149620056e-02,-1.866624690592288971e-02,-1.424693018198013306e-01,7.967223227024078369e-02,-5.334199965000152588e-02,-1.646431908011436462e-02,-2.569339610636234283e-02,4.173940718173980713e-01,2.806777954101562500e-01,-6.653051078319549561e-02,-4.787117540836334229e-01,-1.099757701158523560e-01,1.393441483378410339e-02,-5.639294981956481934e-01,3.802348971366882324e-01,-4.086289703845977783e-01,1.491309702396392822e-01,-4.385989159345626831e-04
-1.116295695304870605e+00,-1.157099381089210510e-01,8.327762484550476074e-01,-1.248497981578111649e-02,2.347904257476329803e-03,4.279573857784271240e-01,-9.037096500396728516e-01,-6.395363807678222656e-01,-6.093087419867515564e-02,-2.416459023952484131e-01,9.148229360580444336e-01,-1.298155486583709717e-01,-7.875046692788600922e-03,-4.205967858433723450e-02,-1.678583957254886627e-02,-1.251661181449890137e-01,8.023674041032791138e-02,-5.196372419595718384e-02,-1.543179154396057129e-02,-2.511501125991344452e-02,4.202430546283721924e-01,2.796362340450286865e-01,-6.561560928821563721e-02,-4.759207367897033691e-01,-1.137964278459548950e-01,9.795931167900562286e-03,-5.642943382263183594e-01,3.836230039596557617e-01,-4.083758592605590820e-01,1.436737626791000366e-01,1.587697770446538925e-03
-1.114525556564331055e+00,-1.162907704710960388e-01,8.325057029724121094e-01,-1.172118261456489563e-02,2.260723384097218513e-03,4.365865290164947510e-01,-8.995831012725830078e-01,-6.127436757087707520e-01,-6.659060716629028320e-02,-2.576271891593933105e-01,8.692676424980163574e-01,-1.332321017980575562e-01,-1.935587450861930847e-02,-4.330619052052497864e-02,-1.550849527120590210e-02,-1.086932197213172913e-01,8.212155103683471680e-02,-5.178828909993171692e-02,-1.381782628595829010e-02,-2.455275878310203552e-02,4.230404496192932129e-01,2.786065340042114258e-01,-6.448163837194442749e-02,-4.730234742164611816e-01,-1.188251748681068420e-01,4.932529293000698090e-03,-5.644550323486328125e-01,3.875433504581451416e-01,-4.061092734336853027e-01,1.355600059032440186e-01,2.761976560577750206e-03
-1.112586975097656250e+00,-1.168714463710784912e-01,8.319556117057800293e-01,-1.017745491117238998e-02,1.903235330246388912e-03,4.450677037239074707e-01,-8.954370617866516113e-01,-5.856186151504516602e-01,-6.977456808090209961e-02,-2.742165923118591309e-01,8.231689929962158203e-01,-1.366995871067047119e-01,-3.421500697731971741e-02,-4.561115056276321411e-02,-1.274495013058185577e-02,-9.209761768579483032e-02,8.589887619018554688e-02,-5.252543464303016663e-02,-1.267444621771574020e-02,-2.422560751438140869e-02,4.258626997470855713e-01,2.782225310802459717e-01,-6.371214985847473145e-02,-4.707547128200531006e-01,-1.239131689071655273e-01,-5.514855365618132055e-05,-5.639777183532714844e-01,3.907808065414428711e-01,-4.034220576286315918e-01,1.276268064975738525e-01,2.932720584794878960e-03
-1.110689401626586914e+00,-1.175333485007286072e-01,8.315284848213195801e-01,-9.121560491621494293e-03,1.617405097931623459e-03,4.538052976131439209e-01,-8.910527229309082031e-01,-5.566662549972534180e-01,-7.282106578350067139e-02,-2.903056144714355469e-01,7.736648321151733398e-01,-1.354616135358810425e-01,-4.680840298533439636e-02,-4.785737022757530212e-02,-1.081155426800251007e-02,-7.455749064683914185e-02,9.028433263301849365e-02,-5.420651286840438843e-02,-1.109859626740217209e-02,-2.356806211173534393e-02,4.287686645984649658e-01,2.783211171627044678e-01,-6.325066089630126953e-02,-4.682516753673553467e-01,-1.286962330341339111e-01,-4.975168965756893158e-03,-5.628973245620727539e-01,3.938457369804382324e-01,-4.015130400657653809e-01,1.208744272589683533e-01,2.438914030790328979e-03
-1.108460903167724609e+00,-1.182248890399932861e-01,8.310830593109130859e-01,-7.995858788490295410e-03,1.198778860270977020e-03,4.626383781433105469e-01,-8.865101933479309082e-01,-5.263587236404418945e-01,-7.441424578428268433e-02,-3.048200607299804688e-01,7.217752337455749512e-01,-1.348405480384826660e-01,-5.710631236433982849e-02,-5.129312351346015930e-02,-8.931475691497325897e-03,-5.676257982850074768e-02,9.597430378198623657e-02,-5.617451295256614685e-02,-9.319348260760307312e-03,-2.304407954216003418e-02,4.315760433673858643e-01,2.787908017635345459e-01,-6.300009787082672119e-02,-4.664825797080993652e-01,-1.331290602684020996e-01,-9.710962884128093719e-03,-5.614354610443115234e-01,3.968022465705871582e-01,-3.998259007930755615e-01,1.151665747165679932e-01,1.407018862664699554e-03
-1.106421113014221191e+00,-1.190098896622657776e-01,8.306378722190856934e-01,-6.660082377493381500e-03,1.077506109140813351e-03,4.714929461479187012e-01,-8.818440437316894531e-01,-4.946274161338806152e-01,-7.465612143278121948e-02,-3.182293474674224854e-01,6.687489151954650879e-01,-1.304275989532470703e-01,-7.088006287813186646e-02,-5.442716553807258606e-02,-6.578507833182811737e-03,-3.866424784064292908e-02,1.022349074482917786e-01,-5.834639817476272583e-02,-8.009827695786952972e-03,-2.236334793269634247e-02,4.343403577804565430e-01,2.796338200569152832e-01,-6.279034912586212158e-02,-4.650352001190185547e-01,-1.365482807159423828e-01,-1.413176674395799637e-02,-5.596472620964050293e-01,3.997830748558044434e-01,-3.971546590328216553e-01,1.113213151693344116e-01,-7.604657002957537770e-05
-1.104361295700073242e+00,-1.197325140237808228e-01,8.300916552543640137e-01,-4.875168204307556152e-03,1.041040057316422462e-03,4.800559580326080322e-01,-8.772237300872802734e-01,-4.629163146018981934e-01,-7.334004342555999756e-02,-3.304753303527832031e-01,6.168396472930908203e-01,-1.234388127923011780e-01,-8.233664184808731079e-02,-5.750977993011474609e-02,-3.498039906844496727e-03,-2.069684863090515137e-02,1.091481223702430725e-01,-6.045114621520042419e-02,-7.149610668420791626e-03,-2.177545055747032166e-02,4.370774328708648682e-01,2.808861732482910156e-01,-6.249281764030456543e-02,-4.634216129779815674e-01,-1.385803371667861938e-01,-1.818088628351688385e-02,-5.574119091033935547e-01,4.029159247875213623e-01,-3.947029709815979004e-01,1.083065569400787354e-01,-1.862519420683383942e-03
-1.102264404296875000e+00,-1.204304173588752747e-01,8.295297026634216309e-01,-3.043214557692408562e-03,6.606352981179952621e-04,4.881881773471832275e-01,-8.727328181266784668e-01,-4.319295287132263184e-01,-7.092280685901641846e-02,-3.397357761859893799e-01,5.650463700294494629e-01,-1.114154234528541565e-01,-9.377799928188323975e-02,-6.143166124820709229e-02,-3.852212830679491162e-05,-3.664146410301327705e-03,1.167021170258522034e-01,-6.251952797174453735e-02,-5.381470546126365662e-03,-2.179680019617080688e-02,4.396878182888031006e-01,2.827620208263397217e-01,-6.230402365326881409e-02,-4.627701342105865479e-01,-1.411721259355545044e-01,-2.182777039706707001e-02,-5.547682642936706543e-01,4.061851203441619873e-01,-3.918103873729705811e-01,1.059140712022781372e-01,-3.561710240319371223e-03
-1.100243687629699707e+00,-1.212197244167327881e-01,8.288999199867248535e-01,-1.015829620882868767e-03,1.423127687303349376e-04,4.961003363132476807e-01,-8.682646155357360840e-01,-4.017121493816375732e-01,-6.682651489973068237e-02,-3.452346026897430420e-01,5.151606202125549316e-01,-9.449466317892074585e-02,-1.026979759335517883e-01,-6.582512706518173218e-02,4.019899293780326843e-03,1.216130424290895462e-02,1.259750127792358398e-01,-6.605329364538192749e-02,-4.244856536388397217e-03,-2.213345654308795929e-02,4.421533346176147461e-01,2.852012813091278076e-01,-6.186858564615249634e-02,-4.623424708843231201e-01,-1.425522714853286743e-01,-2.518320456147193909e-02,-5.517002344131469727e-01,4.096170365810394287e-01,-3.894635140895843506e-01,1.038998365402221680e-01,-5.811253562569618225e-03
-1.098153829574584961e+00,-1.218934878706932068e-01,8.283047676086425781e-01,7.595192291773855686e-04,-3.845568571705371141e-04,5.038426518440246582e-01,-8.637950420379638672e-01,-3.724728226661682129e-01,-6.234870105981826782e-02,-3.458715677261352539e-01,4.667392373085021973e-01,-7.131107896566390991e-02,-1.127761378884315491e-01,-7.003413885831832886e-02,7.612267974764108658e-03,2.824837528169155121e-02,1.358867436647415161e-01,-7.056778669357299805e-02,-2.903235377743840218e-03,-2.331543713808059692e-02,4.443632662296295166e-01,2.881523966789245605e-01,-6.141562014818191528e-02,-4.623540937900543213e-01,-1.435567438602447510e-01,-2.780266664922237396e-02,-5.486913919448852539e-01,4.130973219871520996e-01,-3.884512186050415039e-01,1.038987264037132263e-01,-7.496818434447050095e-03
-1.096116542816162109e+00,-1.226991713047027588e-01,8.276243805885314941e-01,2.763221738860011101e-03,-5.421147798188030720e-04,5.110023617744445801e-01,-8.595746755599975586e-01,-3.433853685855865479e-01,-5.705757811665534973e-02,-3.408083617687225342e-01,4.212728142738342285e-01,-4.207775741815567017e-02,-1.208378076553344727e-01,-7.651643455028533936e-02,1.138202100992202759e-02,4.349923133850097656e-02,1.491417586803436279e-01,-7.536090910434722900e-02,-1.633726642467081547e-03,-2.512806653976440430e-02,4.466768205165863037e-01,2.915857136249542236e-01,-6.082259863615036011e-02,-4.622470438480377197e-01,-1.445176452398300171e-01,-3.011408634483814240e-02,-5.455188155174255371e-01,4.168671071529388428e-01,-3.866217136383056641e-01,1.038860753178596497e-01,-9.461766108870506287e-03
-1.094236135482788086e+00,-1.232199221849441528e-01,8.270375132560729980e-01,4.199612885713577271e-03,-1.545440027257427573e-04,5.175447463989257812e-01,-8.556458353996276855e-01,-3.213324248790740967e-01,-5.475474148988723755e-02,-3.298264741897583008e-01,3.906826674938201904e-01,-1.908488385379314423e-02,-7.250767201185226440e-02,-8.121727406978607178e-02,1.352372672408819199e-02,5.772981420159339905e-02,1.614607274532318115e-01,-8.059089630842208862e-02,1.011107960948720574e-04,-2.762261405587196350e-02,4.488556087017059326e-01,2.942517995834350586e-01,-6.080819666385650635e-02,-4.627963304519653320e-01,-1.457375735044479370e-01,-3.219927474856376648e-02,-5.435703992843627930e-01,4.209996759891510010e-01,-3.838576078414916992e-01,1.043775230646133423e-01,-1.130819041281938553e-02
-1.092203855514526367e+00,-1.239873468875885010e-01,8.271479010581970215e-01,4.386945161968469620e-03,-1.084824092686176300e-03,5.231911540031433105e-01,-8.522033691406250000e-01,-3.046926259994506836e-01,-5.072966217994689941e-02,-3.106931149959564209e-01,3.694916069507598877e-01,-2.253220975399017334e-02,-2.251034788787364960e-02,-9.344179183244705200e-02,1.431936398148536682e-02,6.885389238595962524e-02,1.807782202959060669e-01,-8.229260891675949097e-02,3.033492481335997581e-03,-3.138897195458412170e-02,4.504478573799133301e-01,2.969052493572235107e-01,-6.091976538300514221e-02,-4.649914801120758057e-01,-1.466418355703353882e-01,-3.453382104635238647e-02,-5.421740412712097168e-01,4.253054857254028320e-01,-3.826734125614166260e-01,1.053644418716430664e-01,-1.333236973732709885e-02
-1.089981675148010254e+00,-1.236228048801422119e-01,8.268801569938659668e-01,4.453581292182207108e-03,-5.288523971103131771e-04,5.290209054946899414e-01,-8.485969305038452148e-01,-2.943271100521087646e-01,-4.624190554022789001e-02,-2.857996225357055664e-01,3.559186458587646484e-01,-3.313462808728218079e-02,-2.841999987140297890e-03,-1.057373508810997009e-01,1.314099412411451340e-02,8.277873694896697998e-02,2.023086547851562500e-01,-8.723606914281845093e-02,6.473621353507041931e-03,-3.530884534120559692e-02,4.518938660621643066e-01,3.000338077545166016e-01,-6.083009764552116394e-02,-4.679048359394073486e-01,-1.473478823900222778e-01,-3.662905842065811157e-02,-5.409183502197265625e-01,4.298209846019744873e-01,-3.809620738029479980e-01,1.070785596966743469e-01,-1.577249728143215179e-02
-1.087597489356994629e+00,-1.235529184341430664e-01,8.267983198165893555e-01,4.040739033371210098e-03,-1.609003404155373573e-03,5.361916422843933105e-01,-8.440850973129272461e-01,-2.795130610466003418e-01,-3.828025609254837036e-02,-2.663750648498535156e-01,3.366223275661468506e-01,-4.060328751802444458e-02,-1.063391007483005524e-02,-1.267150938510894775e-01,1.256655808538198471e-02,9.450389444828033447e-02,2.326819300651550293e-01,-8.857905864715576172e-02,9.718115441501140594e-03,-3.548523038625717163e-02,4.527981877326965332e-01,3.035329282283782959e-01,-6.010989472270011902e-02,-4.711815714836120605e-01,-1.465147137641906738e-01,-3.890173509716987610e-02,-5.394917726516723633e-01,4.339023828506469727e-01,-3.801972568035125732e-01,1.087488830089569092e-01,-1.799242012202739716e-02
-1.085496783256530762e+00,-1.234844848513603210e-01,8.266080021858215332e-01,3.194284159690141678e-03,-1.290458138100802898e-03,5.432938933372497559e-01,-8.395354747772216797e-01,-2.719847857952117920e-01,-3.533607721328735352e-02,-2.485127896070480347e-01,3.262782096862792969e-01,-4.733606800436973572e-02,-1.655198074877262115e-02,-1.464442014694213867e-01,1.071314513683319092e-02,1.064146384596824646e-01,2.673243582248687744e-01,-9.359779208898544312e-02,1.237640436738729477e-02,-3.513196855783462524e-02,4.531080424785614014e-01,3.064585328102111816e-01,-5.971556156873703003e-02,-4.733583927154541016e-01,-1.463065296411514282e-01,-4.050614684820175171e-02,-5.389777421951293945e-01,4.368339180946350098e-01,-3.792362511157989502e-01,1.102769747376441956e-01,-1.981857977807521820e-02
-1.083851337432861328e+00,-1.232664510607719421e-01,8.265107274055480957e-01,2.275655511766672134e-03,-6.347067537717521191e-04,5.489166378974914551e-01,-8.358737230300903320e-01,-2.640187740325927734e-01,-3.406146541237831116e-02,-2.319213151931762695e-01,3.177028596401214600e-01,-4.638298600912094116e-02,-1.482901908457279205e-02,-1.726441085338592529e-01,1.009815651923418045e-02,1.209261417388916016e-01,3.069140017032623291e-01,-9.518919140100479126e-02,1.367594767361879349e-02,-3.631874546408653259e-02,4.532781541347503662e-01,3.094234466552734375e-01,-5.951225757598876953e-02,-4.760963320732116699e-01,-1.460848897695541382e-01,-4.225312918424606323e-02,-5.392457842826843262e-01,4.396057128906250000e-01,-3.770200014114379883e-01,1.125274747610092163e-01,-2.214765548706054688e-02
-1.082201361656188965e+00,-1.229225471615791321e-01,8.265293836593627930e-01,1.071470091119408607e-03,-1.456855970900505781e-04,5.546677112579345703e-01,-8.320712447166442871e-01,-2.585791349411010742e-01,-3.262567147612571716e-02,-2.122174501419067383e-01,3.089540302753448486e-01,-4.218271747231483459e-02,-1.630171760916709900e-02,-1.994943171739578247e-01,9.864183142781257629e-03,1.303935497999191284e-01,3.501391708850860596e-01,-9.028913080692291260e-02,1.945648714900016785e-02,-3.702096641063690186e-02,4.531864225864410400e-01,3.121828436851501465e-01,-5.967334285378456116e-02,-4.790295362472534180e-01,-1.462131887674331665e-01,-4.440668970346450806e-02,-5.402085781097412109e-01,4.416385591030120850e-01,-3.742774724960327148e-01,1.142806783318519592e-01,-2.498754300177097321e-02
-1.080643296241760254e+00,-1.222986504435539246e-01,8.266209959983825684e-01,1.277463161386549473e-04,-1.939958892762660980e-04,5.609362721443176270e-01,-8.278589248657226562e-01,-2.535015642642974854e-01,-2.952518686652183533e-02,-1.930471658706665039e-01,3.002594411373138428e-01,-3.949393332004547119e-02,-2.305643633008003235e-02,-2.300410270690917969e-01,1.058850064873695374e-02,1.353811472654342651e-01,3.955866098403930664e-01,-8.530122786760330200e-02,4.091650247573852539e-02,-3.647184371948242188e-02,4.526124596595764160e-01,3.148181438446044922e-01,-6.018238142132759094e-02,-4.823703467845916748e-01,-1.467334926128387451e-01,-4.704850167036056519e-02,-5.415134429931640625e-01,4.426421523094177246e-01,-3.715526461601257324e-01,1.147396340966224670e-01,-2.804488502442836761e-02
-1.079070687294006348e+00,-1.215993538498878479e-01,8.267375230789184570e-01,1.596973888808861375e-04,-5.284931976348161697e-04,5.658131837844848633e-01,-8.245332837104797363e-01,-2.491627782583236694e-01,-2.529269829392433167e-02,-1.758765578269958496e-01,2.935830652713775635e-01,-3.764628246426582336e-02,-3.184218704700469971e-02,-2.627795636653900146e-01,1.326803024858236313e-02,1.428298801183700562e-01,4.451528191566467285e-01,-6.891345232725143433e-02,4.960755631327629089e-02,-3.837670385837554932e-02,4.518562555313110352e-01,3.178346753120422363e-01,-6.071455404162406921e-02,-4.855382144451141357e-01,-1.473328024148941040e-01,-4.982537403702735901e-02,-5.425378680229187012e-01,4.428898692131042480e-01,-3.685963451862335205e-01,1.141357347369194031e-01,-3.137882426381111145e-02
-1.077433466911315918e+00,-1.207971796393394470e-01,8.268497586250305176e-01,3.709844313561916351e-04,-1.313736429437994957e-03,5.707337260246276855e-01,-8.211340308189392090e-01,-2.462604641914367676e-01,-2.090743742883205414e-02,-1.594382673501968384e-01,2.889363169670104980e-01,-3.707616403698921204e-02,-3.762644156813621521e-02,-2.972663044929504395e-01,1.678563468158245087e-02,1.503991484642028809e-01,4.945543110370635986e-01,-4.519442468881607056e-02,6.221590191125869751e-02,-4.008714109659194946e-02,4.508110582828521729e-01,3.210837543010711670e-01,-6.134327873587608337e-02,-4.887424111366271973e-01,-1.480056643486022949e-01,-5.279439687728881836e-02,-5.433214902877807617e-01,4.424982368946075439e-01,-3.659502267837524414e-01,1.126869097352027893e-01,-3.474480658769607544e-02
-1.075674295425415039e+00,-1.199976205825805664e-01,8.269707560539245605e-01,5.051463376730680466e-04,-2.662072656676173210e-03,5.760608315467834473e-01,-8.174023032188415527e-01,-2.442883849143981934e-01,-1.656141132116317749e-02,-1.437435150146484375e-01,2.850066721439361572e-01,-3.762756660580635071e-02,-4.124136269092559814e-02,-3.327149152755737305e-01,2.064480073750019073e-02,1.577255427837371826e-01,5.426389575004577637e-01,-1.488930732011795044e-02,8.716836571693420410e-02,-4.096896946430206299e-02,4.494162499904632568e-01,3.245159089565277100e-01,-6.210181862115859985e-02,-4.921066462993621826e-01,-1.487993746995925903e-01,-5.591927841305732727e-02,-5.440147519111633301e-01,4.416066110134124756e-01,-3.636891543865203857e-01,1.107842400670051575e-01,-3.793350979685783386e-02
-1.073978066444396973e+00,-1.193496137857437134e-01,8.268364071846008301e-01,3.754254139494150877e-04,-3.255739109590649605e-03,5.814327597618103027e-01,-8.135878443717956543e-01,-2.416318356990814209e-01,-1.419152226299047470e-02,-1.292037963867187500e-01,2.821294069290161133e-01,-3.957844153046607971e-02,-3.950559347867965698e-02,-3.733246922492980957e-01,2.185597456991672516e-02,1.693988442420959473e-01,5.918023586273193359e-01,2.028762549161911011e-02,1.220669820904731750e-01,-4.264110699295997620e-02,4.478658139705657959e-01,3.281459212303161621e-01,-6.292601674795150757e-02,-4.953052997589111328e-01,-1.496926248073577881e-01,-5.886310338973999023e-02,-5.443797111511230469e-01,4.405037164688110352e-01,-3.620462417602539062e-01,1.088896915316581726e-01,-4.066752269864082336e-02
-1.072243452072143555e+00,-1.186893060803413391e-01,8.264956474304199219e-01,-5.290193366818130016e-04,-4.007011651992797852e-03,5.884035229682922363e-01,-8.085573315620422363e-01,-2.404590100049972534e-01,-1.298417616635560989e-02,-1.133301109075546265e-01,2.796699106693267822e-01,-4.248017817735671997e-02,-3.647413849830627441e-02,-4.117077589035034180e-01,2.341099083423614502e-02,1.779009550809860229e-01,6.381673812866210938e-01,5.179457738995552063e-02,1.707296222448348999e-01,-4.050993546843528748e-02,4.461339116096496582e-01,3.318716585636138916e-01,-6.407707929611206055e-02,-4.988436400890350342e-01,-1.508318185806274414e-01,-6.222383305430412292e-02,-5.449965000152587891e-01,4.392606616020202637e-01,-3.608266413211822510e-01,1.069300547242164612e-01,-4.327691346406936646e-02
-1.070549964904785156e+00,-1.182534247636795044e-01,8.262014985084533691e-01,-1.593255321495234966e-03,-4.889811389148235321e-03,5.959132313728332520e-01,-8.030323386192321777e-01,-2.388194501399993896e-01,-1.167867239564657211e-02,-9.716962277889251709e-02,2.770135402679443359e-01,-4.589988663792610168e-02,-3.307789936661720276e-02,-4.503383934497833252e-01,2.392205595970153809e-02,1.829536259174346924e-01,6.844939589500427246e-01,7.863819599151611328e-02,2.284270673990249634e-01,-3.606955334544181824e-02,4.442272484302520752e-01,3.356663286685943604e-01,-6.522748619318008423e-02,-5.024077892303466797e-01,-1.519470363855361938e-01,-6.552866101264953613e-02,-5.456342101097106934e-01,4.381214380264282227e-01,-3.601463139057159424e-01,1.052215844392776489e-01,-4.558628797531127930e-02
-1.069162130355834961e+00,-1.180670484900474548e-01,8.260126709938049316e-01,-2.633258234709501266e-03,-6.168336607515811920e-03,6.042543053627014160e-01,-7.967633008956909180e-01,-2.371278405189514160e-01,-8.913665078580379486e-03,-7.935496419668197632e-02,2.745374739170074463e-01,-5.030344054102897644e-02,-2.942877262830734253e-02,-4.903227984905242920e-01,2.325992658734321594e-02,1.809257119894027710e-01,7.315606474876403809e-01,9.866344928741455078e-02,2.601313591003417969e-01,-2.948995679616928101e-02,4.421558082103729248e-01,3.402288258075714111e-01,-6.610035896301269531e-02,-5.060401558876037598e-01,-1.530601829290390015e-01,-6.873662769794464111e-02,-5.457087755203247070e-01,4.371540546417236328e-01,-3.600037992000579834e-01,1.035851836204528809e-01,-4.769694060087203979e-02
-1.067740559577941895e+00,-1.177743896842002869e-01,8.258088827133178711e-01,-3.485440975055098534e-03,-6.824510172009468079e-03,6.126992702484130859e-01,-7.902789711952209473e-01,-2.345334291458129883e-01,-6.559825036674737930e-03,-6.011914089322090149e-02,2.723528146743774414e-01,-5.423482134938240051e-02,-2.549842745065689087e-02,-5.318628549575805664e-01,2.002392522990703583e-02,1.761584728956222534e-01,7.837735414505004883e-01,1.047289147973060608e-01,2.617165744304656982e-01,-2.161164581775665283e-02,4.399159550666809082e-01,3.454269170761108398e-01,-6.653071939945220947e-02,-5.097387433052062988e-01,-1.540013998746871948e-01,-7.164030522108078003e-02,-5.454854965209960938e-01,4.364884793758392334e-01,-3.600229918956756592e-01,1.021867617964744568e-01,-4.967214539647102356e-02
-1.065971374511718750e+00,-1.175510510802268982e-01,8.258635401725769043e-01,-4.189671017229557037e-03,-7.112733088433742523e-03,6.204951405525207520e-01,-7.841668725013732910e-01,-2.300576865673065186e-01,-4.887874238193035126e-03,-4.113541916012763977e-02,2.684021592140197754e-01,-5.648014694452285767e-02,-2.264402434229850769e-02,-5.714515447616577148e-01,1.615770161151885986e-02,1.749648302793502808e-01,8.363735675811767578e-01,9.233149141073226929e-02,2.617958188056945801e-01,-1.418357621878385544e-02,4.376566112041473389e-01,3.509990572929382324e-01,-6.632977724075317383e-02,-5.131012201309204102e-01,-1.545678079128265381e-01,-7.395096868276596069e-02,-5.451771020889282227e-01,4.362403452396392822e-01,-3.598574697971343994e-01,1.012559384107589722e-01,-5.149735137820243835e-02
-1.064105987548828125e+00,-1.175309196114540100e-01,8.259991407394409180e-01,-4.790831822901964188e-03,-7.132719736546278000e-03,6.274868249893188477e-01,-7.785797715187072754e-01,-2.245370447635650635e-01,-3.990930970758199692e-03,-2.345994114875793457e-02,2.636991739273071289e-01,-5.798119306564331055e-02,-2.060782350599765778e-02,-6.092491149902343750e-01,1.139602158218622208e-02,1.741251796483993530e-01,8.889735937118530273e-01,7.069965451955795288e-02,2.617997825145721436e-01,-6.978866644203662872e-03,4.353618323802947998e-01,3.565989136695861816e-01,-6.538367271423339844e-02,-5.159697532653808594e-01,-1.545803695917129517e-01,-7.560873776674270630e-02,-5.449555516242980957e-01,4.362525641918182373e-01,-3.592924177646636963e-01,1.007514223456382751e-01,-5.320214852690696716e-02
-1.062597393989562988e+00,-1.177837848663330078e-01,8.260326981544494629e-01,-6.217557005584239960e-03,-7.143679540604352951e-03,6.339343190193176270e-01,-7.733289003372192383e-01,-2.201064527034759521e-01,-4.545182920992374420e-03,-7.453118916600942612e-03,2.590830624103546143e-01,-5.934546142816543579e-02,-1.962053775787353516e-02,-6.479609012603759766e-01,1.182480133138597012e-03,1.674917638301849365e-01,9.415735602378845215e-01,4.968710243701934814e-02,2.382567375898361206e-01,-6.244241958484053612e-04,4.327990114688873291e-01,3.609233498573303223e-01,-6.394794583320617676e-02,-5.186464190483093262e-01,-1.536955088376998901e-01,-7.697179168462753296e-02,-5.462601780891418457e-01,4.363418817520141602e-01,-3.582024872303009033e-01,1.007826179265975952e-01,-5.483442544937133789e-02
-1.061200261116027832e+00,-1.179821714758872986e-01,8.258553147315979004e-01,-8.460249751806259155e-03,-6.503012031316757202e-03,6.391718387603759766e-01,-7.689899206161499023e-01,-2.162020802497863770e-01,-8.056513965129852295e-03,6.069423630833625793e-03,2.542657554149627686e-01,-5.998235195875167847e-02,-1.875326223671436310e-02,-6.865628361701965332e-01,-1.445760298520326614e-02,1.586372405290603638e-01,9.941735863685607910e-01,2.645417116582393646e-02,2.076795697212219238e-01,3.375706030055880547e-03,4.298282563686370850e-01,3.628284037113189697e-01,-6.244820356369018555e-02,-5.214421749114990234e-01,-1.516809016466140747e-01,-7.830338180065155029e-02,-5.503652095794677734e-01,4.364605844020843506e-01,-3.564953207969665527e-01,1.014302745461463928e-01,-5.643127858638763428e-02
-1.060076117515563965e+00,-1.182949990034103394e-01,8.261867761611938477e-01,-8.363505825400352478e-03,-6.486891768872737885e-03,6.441829800605773926e-01,-7.647981643676757812e-01,-2.110441476106643677e-01,-6.363073363900184631e-03,1.901629380881786346e-02,2.503966391086578369e-01,-6.072166562080383301e-02,-1.825079135596752167e-02,-7.141979932785034180e-01,-2.865090966224670410e-02,1.442626267671585083e-01,1.034343004226684570e+00,4.983822815120220184e-03,1.719031631946563721e-01,7.744658738374710083e-03,4.267364144325256348e-01,3.654089272022247314e-01,-5.998345836997032166e-02,-5.235402584075927734e-01,-1.490503400564193726e-01,-7.898674160242080688e-02,-5.532963871955871582e-01,4.365467727184295654e-01,-3.545693457126617432e-01,1.016586273908615112e-01,-5.810423940420150757e-02
-1.058732867240905762e+00,-1.187316551804542542e-01,8.267752528190612793e-01,-7.846971973776817322e-03,-7.661917712539434433e-03,6.486278772354125977e-01,-7.610266804695129395e-01,-2.070912271738052368e-01,-3.065077355131506920e-03,3.039552830159664154e-02,2.462290078401565552e-01,-6.169752031564712524e-02,-1.773523911833763123e-02,-7.386071681976318359e-01,-4.161106422543525696e-02,1.301292181015014648e-01,1.069937109947204590e+00,-1.696005091071128845e-02,1.341419965028762817e-01,9.725449606776237488e-03,4.236130714416503906e-01,3.683049082756042480e-01,-5.681030452251434326e-02,-5.250875353813171387e-01,-1.459291428327560425e-01,-7.907182723283767700e-02,-5.550492405891418457e-01,4.364324510097503662e-01,-3.524074852466583252e-01,1.012808233499526978e-01,-5.968850106000900269e-02
-1.057581663131713867e+00,-1.190679892897605896e-01,8.272582888603210449e-01,-6.949871778488159180e-03,-8.306767791509628296e-03,6.526185274124145508e-01,-7.576092481613159180e-01,-2.028273493051528931e-01,2.265735092805698514e-04,4.129052534699440002e-02,2.433848232030868530e-01,-6.281669437885284424e-02,-1.675477251410484314e-02,-7.593512535095214844e-01,-5.489933118224143982e-02,1.162321493029594421e-01,1.103935956954956055e+00,-3.951863572001457214e-02,9.852816909551620483e-02,1.062137074768543243e-02,4.205046594142913818e-01,3.712702095508575439e-01,-5.323816835880279541e-02,-5.263053178787231445e-01,-1.424787789583206177e-01,-7.873561233282089233e-02,-5.557289123535156250e-01,4.359915256500244141e-01,-3.499242961406707764e-01,1.001380011439323425e-01,-6.109221652150154114e-02
-1.056456923484802246e+00,-1.194687336683273315e-01,8.278082013130187988e-01,-6.071525160223245621e-03,-8.512756787240505219e-03,6.561887264251708984e-01,-7.545243501663208008e-01,-1.967051774263381958e-01,2.547366311773657799e-03,5.159309506416320801e-02,2.389083653688430786e-01,-6.328899413347244263e-02,-1.478794869035482407e-02,-7.769363522529602051e-01,-6.862695515155792236e-02,1.043443158268928528e-01,1.135816574096679688e+00,-6.040843576192855835e-02,6.260778009891510010e-02,1.072685793042182922e-02,4.176979959011077881e-01,3.741653561592102051e-01,-4.974661767482757568e-02,-5.272064208984375000e-01,-1.391221284866333008e-01,-7.799485325813293457e-02,-5.556312203407287598e-01,4.352665245532989502e-01,-3.469713330268859863e-01,9.843784570693969727e-02,-6.219926103949546814e-02
-1.055345773696899414e+00,-1.198512762784957886e-01,8.283064961433410645e-01,-5.114427302032709122e-03,-8.558775298297405243e-03,6.595094799995422363e-01,-7.516301274299621582e-01,-1.906262934207916260e-01,4.593544639647006989e-03,6.212453916668891907e-02,2.344319820404052734e-01,-6.320065259933471680e-02,-1.304951496422290802e-02,-7.917962670326232910e-01,-8.266548067331314087e-02,9.263136982917785645e-02,1.165054440498352051e+00,-7.958754897117614746e-02,3.139645606279373169e-02,1.075470726937055588e-02,4.153903722763061523e-01,3.769824206829071045e-01,-4.682429507374763489e-02,-5.278970003128051758e-01,-1.362629830837249756e-01,-7.690479606389999390e-02,-5.549801588058471680e-01,4.342765212059020996e-01,-3.434286713600158691e-01,9.622531384229660034e-02,-6.298395246267318726e-02
-1.054272294044494629e+00,-1.202258169651031494e-01,8.288264870643615723e-01,-4.230477381497621536e-03,-8.953899145126342773e-03,6.624959111213684082e-01,-7.490000724792480469e-01,-1.851308643817901611e-01,6.801961455494165421e-03,7.157666981220245361e-02,2.298115789890289307e-01,-6.349997222423553467e-02,-1.073651202023029327e-02,-8.041442632675170898e-01,-9.559771418571472168e-02,8.233170211315155029e-02,1.190833568572998047e+00,-9.591674804687500000e-02,5.296614486724138260e-03,9.950496256351470947e-03,4.135082960128784180e-01,3.796985149383544922e-01,-4.462109506130218506e-02,-5.286511778831481934e-01,-1.340993344783782959e-01,-7.556213438510894775e-02,-5.538544058799743652e-01,4.332458972930908203e-01,-3.396543264389038086e-01,9.377098083496093750e-02,-6.349671632051467896e-02
-1.053351044654846191e+00,-1.207954958081245422e-01,8.293024897575378418e-01,-3.596836468204855919e-03,-9.607336483895778656e-03,6.651570200920104980e-01,-7.466330528259277344e-01,-1.812772601842880249e-01,9.030765853822231293e-03,7.974322140216827393e-02,2.260359078645706177e-01,-6.341621279716491699e-02,-9.469010867178440094e-03,-8.142287135124206543e-01,-1.071919053792953491e-01,7.363256812095642090e-02,1.213268280029296875e+00,-1.099018082022666931e-01,-1.615443825721740723e-02,8.530526421964168549e-03,4.120543599128723145e-01,3.823872804641723633e-01,-4.329048469662666321e-02,-5.296541452407836914e-01,-1.328666806221008301e-01,-7.412400841712951660e-02,-5.523205399513244629e-01,4.322900474071502686e-01,-3.360192477703094482e-01,9.130588918924331665e-02,-6.375481933355331421e-02
-1.052646040916442871e+00,-1.213119551539421082e-01,8.296576142311096191e-01,-3.181033069267868996e-03,-9.923604317009449005e-03,6.674091815948486328e-01,-7.446182966232299805e-01,-1.771700382232666016e-01,1.047499664127826691e-02,8.697961270809173584e-02,2.225577831268310547e-01,-6.319761276245117188e-02,-9.278323501348495483e-03,-8.215281963348388672e-01,-1.182004064321517944e-01,6.663966923952102661e-02,1.232540011405944824e+00,-1.246428340673446655e-01,-3.471156954765319824e-02,7.243088446557521820e-03,4.111663699150085449e-01,3.851385712623596191e-01,-4.285725206136703491e-02,-5.306874513626098633e-01,-1.327798515558242798e-01,-7.249780744314193726e-02,-5.505604147911071777e-01,4.314954876899719238e-01,-3.323834240436553955e-01,8.906788378953933716e-02,-6.379132717847824097e-02
-1.051997303962707520e+00,-1.218639910221099854e-01,8.299131989479064941e-01,-2.524286508560180664e-03,-9.648377075791358948e-03,6.693538427352905273e-01,-7.428767681121826172e-01,-1.728951781988143921e-01,1.137866731733083725e-02,9.331252425909042358e-02,2.197620570659637451e-01,-6.301096081733703613e-02,-8.814316242933273315e-03,-8.254748582839965820e-01,-1.281828880310058594e-01,6.165037304162979126e-02,1.249164223670959473e+00,-1.385581642389297485e-01,-5.148009955883026123e-02,5.699838511645793915e-03,4.108369648456573486e-01,3.878132402896881104e-01,-4.321051388978958130e-02,-5.316180586814880371e-01,-1.337403357028961182e-01,-7.046242803335189819e-02,-5.487706065177917480e-01,4.309996068477630615e-01,-3.284992277622222900e-01,8.732513338327407837e-02,-6.365519016981124878e-02
-1.051443934440612793e+00,-1.224509030580520630e-01,8.300673365592956543e-01,-1.957083120942115784e-03,-9.118390269577503204e-03,6.711153388023376465e-01,-7.412942647933959961e-01,-1.667128801345825195e-01,1.175470370799303055e-02,9.948544204235076904e-02,2.161643654108047485e-01,-6.361772119998931885e-02,-8.578822016716003418e-03,-8.262771368026733398e-01,-1.371133178472518921e-01,5.808045715093612671e-02,1.261991262435913086e+00,-1.526441276073455811e-01,-6.195315346121788025e-02,3.869339125230908394e-03,4.110546112060546875e-01,3.903419077396392822e-01,-4.422371834516525269e-02,-5.323075652122497559e-01,-1.355753391981124878e-01,-6.816921383142471313e-02,-5.470879673957824707e-01,4.307371377944946289e-01,-3.244322538375854492e-01,8.613416552543640137e-02,-6.334428489208221436e-02
-1.051037669181823730e+00,-1.231633052229881287e-01,8.302017450332641602e-01,-1.513253781013190746e-03,-8.771770633757114410e-03,6.725620627403259277e-01,-7.399871945381164551e-01,-1.593663990497589111e-01,1.206795219331979752e-02,1.049550622701644897e-01,2.112743258476257324e-01,-6.428240239620208740e-02,-8.181572891771793365e-03,-8.244755864143371582e-01,-1.443048268556594849e-01,5.565270408987998962e-02,1.270858168601989746e+00,-1.647961288690567017e-01,-6.899517029523849487e-02,1.998218242079019547e-03,4.115808308124542236e-01,3.925954699516296387e-01,-4.557767882943153381e-02,-5.327479839324951172e-01,-1.378531455993652344e-01,-6.572098284959793091e-02,-5.455019474029541016e-01,4.305888712406158447e-01,-3.203863203525543213e-01,8.529973775148391724e-02,-6.295526772737503052e-02
-1.050836920738220215e+00,-1.239981353282928467e-01,8.303169012069702148e-01,-1.242541242390871048e-03,-8.480001240968704224e-03,6.738201975822448730e-01,-7.388456463813781738e-01,-1.554335206747055054e-01,1.240354776382446289e-02,1.093294471502304077e-01,2.081076651811599731e-01,-6.370174884796142578e-02,-7.580919191241264343e-03,-8.196149468421936035e-01,-1.493364423513412476e-01,5.482619255781173706e-02,1.274861812591552734e+00,-1.753656715154647827e-01,-7.210551947355270386e-02,5.890754400752484798e-04,4.122625887393951416e-01,3.944813013076782227e-01,-4.712356999516487122e-02,-5.330251455307006836e-01,-1.402269452810287476e-01,-6.318397819995880127e-02,-5.440611243247985840e-01,4.304406940937042236e-01,-3.162633180618286133e-01,8.476847410202026367e-02,-6.252832710742950439e-02
-1.050664544105529785e+00,-1.248334422707557678e-01,8.304176330566406250e-01,-9.388949838466942310e-04,-7.612261921167373657e-03,6.752653121948242188e-01,-7.375350594520568848e-01,-1.495043188333511353e-01,1.193366106599569321e-02,1.145123615860939026e-01,2.036061137914657593e-01,-6.282433122396469116e-02,-6.462831515818834305e-03,-8.112003207206726074e-01,-1.537102907896041870e-01,5.496349930763244629e-02,1.273967623710632324e+00,-1.844623237848281860e-01,-7.171691954135894775e-02,-1.014398876577615738e-03,4.132323563098907471e-01,3.961302042007446289e-01,-4.901089519262313843e-02,-5.329481363296508789e-01,-1.440047323703765869e-01,-6.023490056395530701e-02,-5.422262549400329590e-01,4.302228391170501709e-01,-3.089307248592376709e-01,8.490286022424697876e-02,-6.202282756567001343e-02
-1.050624966621398926e+00,-1.257231384515762329e-01,8.304649591445922852e-01,-9.318037773482501507e-04,-7.795329671353101730e-03,6.764462590217590332e-01,-7.364501357078552246e-01,-1.451910138130187988e-01,1.253308076411485672e-02,1.177910715341567993e-01,2.010081708431243896e-01,-6.375101953744888306e-02,-4.972753580659627914e-03,-8.015794157981872559e-01,-1.555077433586120605e-01,5.498812720179557800e-02,1.268379211425781250e+00,-1.928234100341796875e-01,-6.655932962894439697e-02,-2.367755863815546036e-03,4.139017462730407715e-01,3.971802294254302979e-01,-5.051588639616966248e-02,-5.327304601669311523e-01,-1.461129039525985718e-01,-5.791290849447250366e-02,-5.405551791191101074e-01,4.294821918010711670e-01,-3.040971457958221436e-01,8.441810309886932373e-02,-6.175654754042625427e-02
-1.050619363784790039e+00,-1.266956180334091187e-01,8.305168747901916504e-01,-7.412092527374625206e-04,-7.514683995395898819e-03,6.779435276985168457e-01,-7.350752353668212891e-01,-1.443343907594680786e-01,1.316725742071866989e-02,1.209191828966140747e-01,2.014577537775039673e-01,-6.407123059034347534e-02,-4.877829458564519882e-03,-7.881936430931091309e-01,-1.565011590719223022e-01,5.616718530654907227e-02,1.257649660110473633e+00,-2.006723582744598389e-01,-6.072309613227844238e-02,-3.342280862852931023e-03,4.144383966922760010e-01,3.978409469127655029e-01,-5.181455612182617188e-02,-5.321332812309265137e-01,-1.471001803874969482e-01,-5.583781749010086060e-02,-5.390325188636779785e-01,4.283111393451690674e-01,-3.001922070980072021e-01,8.364252746105194092e-02,-6.165884062647819519e-02
-1.050684690475463867e+00,-1.276913732290267944e-01,8.305211067199707031e-01,-3.660378861241042614e-04,-7.186077535152435303e-03,6.794431805610656738e-01,-7.336928248405456543e-01,-1.415105760097503662e-01,1.416287571191787720e-02,1.244868040084838867e-01,2.023107856512069702e-01,-6.619632989168167114e-02,-5.097480490803718567e-03,-7.712004780769348145e-01,-1.564905494451522827e-01,5.673625692725181580e-02,1.241195082664489746e+00,-2.078565508127212524e-01,-5.378980934619903564e-02,-4.332881886512041092e-03,4.149120450019836426e-01,3.983114063739776611e-01,-5.300347879528999329e-02,-5.308464765548706055e-01,-1.477862596511840820e-01,-5.393840372562408447e-02,-5.374204516410827637e-01,4.264700710773468018e-01,-2.961136698722839355e-01,8.170080929994583130e-02,-6.153616309165954590e-02
-1.050818562507629395e+00,-1.287733316421508789e-01,8.305560946464538574e-01,-7.481671636924147606e-04,-7.596037816256284714e-03,6.808105111122131348e-01,-7.324198484420776367e-01,-1.403445154428482056e-01,1.489291805773973465e-02,1.271051168441772461e-01,2.018879801034927368e-01,-6.762291491031646729e-02,-5.554394330829381943e-03,-7.538568973541259766e-01,-1.559241414070129395e-01,5.743760988116264343e-02,1.219612360000610352e+00,-2.139853239059448242e-01,-4.796483740210533142e-02,-5.022003315389156342e-03,4.148610830307006836e-01,3.984942734241485596e-01,-5.405691638588905334e-02,-5.310462117195129395e-01,-1.478202193975448608e-01,-5.239887908101081848e-02,-5.358842015266418457e-01,4.240565598011016846e-01,-2.925971150398254395e-01,7.906591147184371948e-02,-6.140460819005966187e-02
-1.050994396209716797e+00,-1.298381835222244263e-01,8.304976820945739746e-01,-5.344527307897806168e-04,-7.526428438723087311e-03,6.822016835212707520e-01,-7.311251163482666016e-01,-1.392419189214706421e-01,1.625458337366580963e-02,1.301432102918624878e-01,2.046772688627243042e-01,-7.039839774370193481e-02,-6.074891891330480576e-03,-7.316356301307678223e-01,-1.545425653457641602e-01,5.799761041998863220e-02,1.191847681999206543e+00,-2.183547019958496094e-01,-3.729738667607307434e-02,-5.907525308430194855e-03,4.147843718528747559e-01,3.986004590988159180e-01,-5.519636720418930054e-02,-5.308227539062500000e-01,-1.479782164096832275e-01,-5.095550790429115295e-02,-5.342693924903869629e-01,4.214815795421600342e-01,-2.892351746559143066e-01,7.655823975801467896e-02,-6.113126873970031738e-02
-1.051328539848327637e+00,-1.309271454811096191e-01,8.304881453514099121e-01,-6.289916345849633217e-04,-8.029399439692497253e-03,6.834902167320251465e-01,-7.299152612686157227e-01,-1.346792280673980713e-01,1.785170100629329681e-02,1.334628909826278687e-01,2.035847902297973633e-01,-7.400684058666229248e-02,-7.174015510827302933e-03,-7.070187926292419434e-01,-1.521583646535873413e-01,5.748409405350685120e-02,1.157225131988525391e+00,-2.235690802335739136e-01,-2.708672918379306793e-02,-7.289278320968151093e-03,4.145359992980957031e-01,3.986464142799377441e-01,-5.625874921679496765e-02,-5.311752557754516602e-01,-1.485875099897384644e-01,-4.969931393861770630e-02,-5.325431227684020996e-01,4.185267388820648193e-01,-2.870264947414398193e-01,7.337688654661178589e-02,-6.076052784919738770e-02
-1.051749825477600098e+00,-1.320344358682632446e-01,8.304573297500610352e-01,-3.461552114458754659e-05,-7.159740664064884186e-03,6.852491497993469238e-01,-7.282735109329223633e-01,-1.335847228765487671e-01,1.901120506227016449e-02,1.366396248340606689e-01,2.058710306882858276e-01,-7.473603636026382446e-02,-7.561012171208858490e-03,-6.766489148139953613e-01,-1.496798098087310791e-01,5.766748264431953430e-02,1.116298556327819824e+00,-2.286794483661651611e-01,-1.467915717512369156e-02,-7.813756354153156281e-03,4.145340919494628906e-01,3.983357250690460205e-01,-5.738611519336700439e-02,-5.303333997726440430e-01,-1.492110788822174072e-01,-4.826981201767921448e-02,-5.308921933174133301e-01,4.154555797576904297e-01,-2.837418317794799805e-01,7.076958566904067993e-02,-6.014488637447357178e-02
-1.052234768867492676e+00,-1.332198977470397949e-01,8.303998708724975586e-01,-4.995722974854288623e-06,-6.818566471338272095e-03,6.867192387580871582e-01,-7.268907427787780762e-01,-1.305853277444839478e-01,1.992377638816833496e-02,1.399384289979934692e-01,2.062000483274459839e-01,-7.674001157283782959e-02,-8.388726972043514252e-03,-6.449637413024902344e-01,-1.478532701730728149e-01,5.582368373870849609e-02,1.069334626197814941e+00,-2.326763570308685303e-01,-1.598469447344541550e-03,-8.273641578853130341e-03,4.144084751605987549e-01,3.977538645267486572e-01,-5.844423547387123108e-02,-5.304137468338012695e-01,-1.494335234165191650e-01,-4.673531651496887207e-02,-5.292850136756896973e-01,4.124821126461029053e-01,-2.808209061622619629e-01,6.938876211643218994e-02,-5.948092043399810791e-02
-1.052985310554504395e+00,-1.344938874244689941e-01,8.302571773529052734e-01,2.520275593269616365e-04,-6.008854601532220840e-03,6.881543993949890137e-01,-7.255393862724304199e-01,-1.254344880580902100e-01,2.079123072326183319e-02,1.436458975076675415e-01,2.056070119142532349e-01,-7.890460640192031860e-02,-9.510037489235401154e-03,-6.095933914184570312e-01,-1.462816596031188965e-01,5.234648287296295166e-02,1.016825079917907715e+00,-2.349993884563446045e-01,9.791593998670578003e-03,-9.130762889981269836e-03,4.143837392330169678e-01,3.969235420227050781e-01,-5.945234000682830811e-02,-5.300890803337097168e-01,-1.493446677923202515e-01,-4.509029537439346313e-02,-5.277361273765563965e-01,4.095438420772552490e-01,-2.778941690921783447e-01,6.834949553012847900e-02,-5.856804922223091125e-02
-1.053891658782958984e+00,-1.358781754970550537e-01,8.299294114112854004e-01,4.724897444248199463e-04,-5.148763302713632584e-03,6.895705461502075195e-01,-7.242000699043273926e-01,-1.220381334424018860e-01,2.192915976047515869e-02,1.471769213676452637e-01,2.072335481643676758e-01,-8.145541697740554810e-02,-1.069353427737951279e-02,-5.715427994728088379e-01,-1.457486897706985474e-01,4.617600142955780029e-02,9.584923982620239258e-01,-2.354794591665267944e-01,1.858993247151374817e-02,-9.097321890294551849e-03,4.143848121166229248e-01,3.957429826259613037e-01,-6.041303277015686035e-02,-5.298949480056762695e-01,-1.482410877943038940e-01,-4.321926832199096680e-02,-5.262787938117980957e-01,4.068342447280883789e-01,-2.747528553009033203e-01,6.849010288715362549e-02,-5.759227275848388672e-02
-1.054921269416809082e+00,-1.372769474983215332e-01,8.295534253120422363e-01,3.044612531084567308e-04,-4.317604005336761475e-03,6.909598112106323242e-01,-7.228801846504211426e-01,-1.199800372123718262e-01,2.269911766052246094e-02,1.505721360445022583e-01,2.094053328037261963e-01,-8.374534547328948975e-02,-1.153504196554422379e-02,-5.316621065139770508e-01,-1.462215781211853027e-01,3.697111085057258606e-02,8.941443562507629395e-01,-2.317162901163101196e-01,2.777907252311706543e-02,-9.302916005253791809e-03,4.144153892993927002e-01,3.942386209964752197e-01,-6.153982877731323242e-02,-5.303663611412048340e-01,-1.469562202692031860e-01,-4.133998602628707886e-02,-5.249404907226562500e-01,4.042361974716186523e-01,-2.724125087261199951e-01,6.906841695308685303e-02,-5.651664361357688904e-02
-1.056025624275207520e+00,-1.387244015932083130e-01,8.291351199150085449e-01,-8.532554056728258729e-05,-3.448393661528825760e-03,6.920431852340698242e-01,-7.218478918075561523e-01,-1.163104698061943054e-01,2.292908169329166412e-02,1.537713259458541870e-01,2.099859267473220825e-01,-8.624900132417678833e-02,-1.265743374824523926e-02,-4.896530508995056152e-01,-1.475425213575363159e-01,2.467188797891139984e-02,8.245818614959716797e-01,-2.209685891866683960e-01,3.240596503019332886e-02,-9.804463014006614685e-03,4.144940078258514404e-01,3.926118314266204834e-01,-6.285659223794937134e-02,-5.310814380645751953e-01,-1.461725831031799316e-01,-3.938723355531692505e-02,-5.237972736358642578e-01,4.017947018146514893e-01,-2.701101601123809814e-01,7.021309435367584229e-02,-5.533492937684059143e-02
-1.057199001312255859e+00,-1.403058171272277832e-01,8.286343216896057129e-01,-1.093352446332573891e-03,-2.393566071987152100e-03,6.930147409439086914e-01,-7.209185957908630371e-01,-1.132510080933570862e-01,2.186352387070655823e-02,1.567658782005310059e-01,2.096057981252670288e-01,-8.818238228559494019e-02,-1.454903278499841690e-02,-4.461712539196014404e-01,-1.499206125736236572e-01,9.145776741206645966e-03,7.499696612358093262e-01,-2.019228041172027588e-01,4.016324877738952637e-02,-1.011741999536752701e-02,4.144832491874694824e-01,3.906849622726440430e-01,-6.429429352283477783e-02,-5.324688553810119629e-01,-1.450449675321578979e-01,-3.743494674563407898e-02,-5.230543017387390137e-01,3.996656239032745361e-01,-2.688007950782775879e-01,7.282018661499023438e-02,-5.410502851009368896e-02
-1.058618187904357910e+00,-1.419077366590499878e-01,8.280434608459472656e-01,-2.286650938913226128e-03,-1.285838545300066471e-03,6.931850910186767578e-01,-7.207548022270202637e-01,-1.074858754873275757e-01,2.048035897314548492e-02,1.593523621559143066e-01,2.073623836040496826e-01,-9.095495939254760742e-02,-1.692172512412071228e-02,-4.010724723339080811e-01,-1.518051028251647949e-01,-8.366644382476806641e-03,6.718049049377441406e-01,-1.730852872133255005e-01,4.720292985439300537e-02,-1.136113051325082779e-02,4.143943190574645996e-01,3.886591196060180664e-01,-6.604634970426559448e-02,-5.347421765327453613e-01,-1.448857039213180542e-01,-3.550251200795173645e-02,-5.228856801986694336e-01,3.976138830184936523e-01,-2.679343521595001221e-01,7.580653578042984009e-02,-5.318666249513626099e-02
-1.060033559799194336e+00,-1.436149328947067261e-01,8.274374604225158691e-01,-3.643337637186050415e-03,5.594994290731847286e-04,6.930820941925048828e-01,-7.208492159843444824e-01,-1.067790016531944275e-01,1.770382560789585114e-02,1.596077382564544678e-01,2.074632346630096436e-01,-9.070066362619400024e-02,-1.851160638034343719e-02,-3.534645736217498779e-01,-1.525404751300811768e-01,-2.414025552570819855e-02,5.896546840667724609e-01,-1.301672160625457764e-01,5.579667165875434875e-02,-1.299149263650178909e-02,4.144363999366760254e-01,3.863185346126556396e-01,-6.825493276119232178e-02,-5.365039706230163574e-01,-1.456448584794998169e-01,-3.341618180274963379e-02,-5.235114097595214844e-01,3.957614302635192871e-01,-2.662651538848876953e-01,8.006369322538375854e-02,-5.259622260928153992e-02
-1.061585187911987305e+00,-1.454272270202636719e-01,8.267952203750610352e-01,-5.271856673061847687e-03,2.201882191002368927e-03,6.920742392539978027e-01,-7.218037247657775879e-01,-1.038946509361267090e-01,1.467494107782840729e-02,1.586402356624603271e-01,2.064115107059478760e-01,-9.193229675292968750e-02,-2.069300413131713867e-02,-3.059824705123901367e-01,-1.514258533716201782e-01,-3.864721953868865967e-02,5.055677294731140137e-01,-7.051450759172439575e-02,7.251065969467163086e-02,-1.624552719295024872e-02,4.143637120723724365e-01,3.837128877639770508e-01,-7.082550972700119019e-02,-5.383968353271484375e-01,-1.468328684568405151e-01,-3.148498013615608215e-02,-5.246748328208923340e-01,3.936200141906738281e-01,-2.650704681873321533e-01,8.291935175657272339e-02,-5.257795751094818115e-02
-1.063543677330017090e+00,-1.472340971231460571e-01,8.262647390365600586e-01,-6.356064230203628540e-03,3.488292917609214783e-03,6.915149688720703125e-01,-7.223257422447204590e-01,-1.008144989609718323e-01,1.379090175032615662e-02,1.584620475769042969e-01,2.056472301483154297e-01,-9.338704496622085571e-02,-2.347338944673538208e-02,-2.627731263637542725e-01,-1.484103798866271973e-01,-5.465433001518249512e-02,4.357458353042602539e-01,-5.273192003369331360e-02,7.694736868143081665e-02,-1.736957021057605743e-02,4.142420589923858643e-01,3.814599514007568359e-01,-7.374176383018493652e-02,-5.399242043495178223e-01,-1.493193358182907104e-01,-2.939490042626857758e-02,-5.258686542510986328e-01,3.914684653282165527e-01,-2.644488215446472168e-01,8.552156388759613037e-02,-5.279897153377532959e-02
-1.065205335617065430e+00,-1.490109115839004517e-01,8.259826898574829102e-01,-7.474849931895732880e-03,3.358896821737289429e-03,6.924347281455993652e-01,-7.214339971542358398e-01,-9.863621741533279419e-02,1.483331527560949326e-02,1.609238833189010620e-01,2.036934494972229004e-01,-9.490040689706802368e-02,-2.624535746872425079e-02,-2.296969443559646606e-01,-1.461218446493148804e-01,-7.782282680273056030e-02,3.874020278453826904e-01,-8.279831707477569580e-02,6.139326840639114380e-02,-1.509067881852388382e-02,4.136839509010314941e-01,3.799828886985778809e-01,-7.644459605216979980e-02,-5.419170856475830078e-01,-1.515813916921615601e-01,-2.759990468621253967e-02,-5.265848040580749512e-01,3.894359767436981201e-01,-2.655898332595825195e-01,8.699578046798706055e-02,-5.298494920134544373e-02
-1.067085385322570801e+00,-1.507405191659927368e-01,8.255178928375244141e-01,-9.146466851234436035e-03,3.691945225000381470e-03,6.926051974296569824e-01,-7.212494611740112305e-01,-9.615883231163024902e-02,1.434407383203506470e-02,1.621310710906982422e-01,2.007162421941757202e-01,-9.580799192190170288e-02,-2.920640259981155396e-02,-1.989787071943283081e-01,-1.442661136388778687e-01,-9.800811856985092163e-02,3.435804545879364014e-01,-1.102844104170799255e-01,4.824452847242355347e-02,-1.585573516786098480e-02,4.128518402576446533e-01,3.785018324851989746e-01,-7.886201143264770508e-02,-5.437759757041931152e-01,-1.527825146913528442e-01,-2.580634504556655884e-02,-5.274953246116638184e-01,3.870754837989807129e-01,-2.675111889839172363e-01,8.876132965087890625e-02,-5.299085006117820740e-02
-1.069252729415893555e+00,-1.525226384401321411e-01,8.252810835838317871e-01,-1.021996792405843735e-02,2.992599969729781151e-03,6.922428011894226074e-01,-7.215861082077026367e-01,-9.692598879337310791e-02,1.751919463276863098e-02,1.646537929773330688e-01,2.015299499034881592e-01,-9.797310084104537964e-02,-3.286185488104820251e-02,-1.757270097732543945e-01,-1.409763693809509277e-01,-1.179828494787216187e-01,3.122720420360565186e-01,-1.295968145132064819e-01,3.792385384440422058e-02,-1.760305836796760559e-02,4.116246998310089111e-01,3.774315118789672852e-01,-8.103794604539871216e-02,-5.456943511962890625e-01,-1.538758575916290283e-01,-2.408845350146293640e-02,-5.283997654914855957e-01,3.842052221298217773e-01,-2.703600227832794189e-01,9.005381911993026733e-02,-5.296836048364639282e-02
-1.071272015571594238e+00,-1.542903482913970947e-01,8.251755237579345703e-01,-1.114724203944206238e-02,1.932510873302817345e-03,6.926338672637939453e-01,-7.212006449699401855e-01,-9.623462706804275513e-02,2.057122997939586639e-02,1.647979170083999634e-01,2.004317790269851685e-01,-1.000232324004173279e-01,-3.654793277382850647e-02,-1.572173684835433960e-01,-1.381328701972961426e-01,-1.350517868995666504e-01,2.828151881694793701e-01,-1.312834322452545166e-01,4.057156667113304138e-02,-1.853770576417446136e-02,4.098946452140808105e-01,3.766719996929168701e-01,-8.264850825071334839e-02,-5.467340946197509766e-01,-1.549434512853622437e-01,-2.243218757212162018e-02,-5.293556451797485352e-01,3.809549212455749512e-01,-2.751720845699310303e-01,9.159804880619049072e-02,-5.248828977346420288e-02
-1.073366284370422363e+00,-1.558285951614379883e-01,8.251814246177673340e-01,-1.108108460903167725e-02,1.027849270030856133e-03,6.927577257156372070e-01,-7.210845351219177246e-01,-9.773920476436614990e-02,2.514542080461978912e-02,1.627994328737258911e-01,2.029445022344589233e-01,-1.020661443471908569e-01,-4.011162370443344116e-02,-1.385246813297271729e-01,-1.348574757575988770e-01,-1.459567546844482422e-01,2.502198517322540283e-01,-1.071556136012077332e-01,6.978221982717514038e-02,-2.063964121043682098e-02,4.077512323856353760e-01,3.756104111671447754e-01,-8.366538584232330322e-02,-5.458925366401672363e-01,-1.550963968038558960e-01,-2.056526951491832733e-02,-5.307342410087585449e-01,3.775448501110076904e-01,-2.798556685447692871e-01,9.298632293939590454e-02,-5.144199728965759277e-02
-1.074833035469055176e+00,-1.571338921785354614e-01,8.255981802940368652e-01,-1.039975229650735855e-02,-9.363889112137258053e-04,6.935775279998779297e-01,-7.203063368797302246e-01,-9.861784428358078003e-02,3.140464425086975098e-02,1.621916890144348145e-01,2.039502412080764771e-01,-1.039967760443687439e-01,-4.329994320869445801e-02,-1.259116083383560181e-01,-1.279236674308776855e-01,-1.550327390432357788e-01,2.271609455347061157e-01,-9.774557501077651978e-02,7.223696261644363403e-02,-2.253201976418495178e-02,4.050793051719665527e-01,3.754599094390869141e-01,-8.326870948076248169e-02,-5.430273413658142090e-01,-1.538167148828506470e-01,-1.829335466027259827e-02,-5.306160449981689453e-01,3.738739192485809326e-01,-2.846533954143524170e-01,9.284993261098861694e-02,-4.955929145216941833e-02
-1.075958847999572754e+00,-1.582210361957550049e-01,8.262989521026611328e-01,-8.465595543384552002e-03,-3.174890764057636261e-03,6.950371861457824707e-01,-7.189169526100158691e-01,-9.657590091228485107e-02,3.942829370498657227e-02,1.625274717807769775e-01,2.034323066473007202e-01,-1.059213429689407349e-01,-4.591937735676765442e-02,-1.163574159145355225e-01,-1.174299567937850952e-01,-1.628430485725402832e-01,2.119399607181549072e-01,-9.848036617040634155e-02,5.106622353196144104e-02,-2.327489107847213745e-02,4.018136262893676758e-01,3.764044642448425293e-01,-8.153905719518661499e-02,-5.378767848014831543e-01,-1.520337015390396118e-01,-1.535384822636842728e-02,-5.289306044578552246e-01,3.701088726520538330e-01,-2.875865697860717773e-01,9.138508141040802002e-02,-4.652425646781921387e-02
-1.076881647109985352e+00,-1.590474545955657959e-01,8.269374370574951172e-01,-6.174967158585786819e-03,-4.359995480626821518e-03,6.969390511512756348e-01,-7.170905470848083496e-01,-9.187728166580200195e-02,4.572093114256858826e-02,1.627423018217086792e-01,2.012968361377716064e-01,-1.071126013994216919e-01,-4.662007093429565430e-02,-1.085403636097908020e-01,-1.103888154029846191e-01,-1.669344007968902588e-01,2.013386785984039307e-01,-8.949184417724609375e-02,5.549856647849082947e-02,-2.398961782455444336e-02,3.983918428421020508e-01,3.771138191223144531e-01,-7.865172624588012695e-02,-5.309225320816040039e-01,-1.497909575700759888e-01,-1.276677101850509644e-02,-5.270787477493286133e-01,3.664571940898895264e-01,-2.865411341190338135e-01,8.936855196952819824e-02,-4.261735826730728149e-02
-1.077841043472290039e+00,-1.597796082496643066e-01,8.275728225708007812e-01,-4.313862882554531097e-03,-5.390262231230735779e-03,6.987150311470031738e-01,-7.153667807579040527e-01,-8.744841814041137695e-02,5.143541470170021057e-02,1.647413820028305054e-01,1.988713890314102173e-01,-1.076486259698867798e-01,-4.599369317293167114e-02,-1.026990190148353577e-01,-1.046885699033737183e-01,-1.681983172893524170e-01,1.925333887338638306e-01,-7.823927700519561768e-02,6.508485227823257446e-02,-2.505317889153957367e-02,3.947338759899139404e-01,3.776385188102722168e-01,-7.436732202768325806e-02,-5.231818556785583496e-01,-1.442193686962127686e-01,-1.058165635913610458e-02,-5.247315764427185059e-01,3.631548583507537842e-01,-2.855409681797027588e-01,8.790208399295806885e-02,-3.836584463715553284e-02
-1.078860282897949219e+00,-1.602324545383453369e-01,8.281097412109375000e-01,-2.690801862627267838e-03,-6.317245773971080780e-03,7.006886601448059082e-01,-7.134341001510620117e-01,-8.344051241874694824e-02,5.659892782568931580e-02,1.671161204576492310e-01,1.964723467826843262e-01,-1.076117232441902161e-01,-4.650876671075820923e-02,-9.748937189579010010e-02,-9.901990741491317749e-02,-1.677228361368179321e-01,1.833598017692565918e-01,-6.753915548324584961e-02,7.356026023626327515e-02,-2.552997693419456482e-02,3.911166787147521973e-01,3.778800070285797119e-01,-6.932535767555236816e-02,-5.166022777557373047e-01,-1.373197734355926514e-01,-8.793452754616737366e-03,-5.217195153236389160e-01,3.601918220520019531e-01,-2.840602397918701172e-01,8.722847700119018555e-02,-3.346521407365798950e-02
-1.080040693283081055e+00,-1.605764478445053101e-01,8.286158442497253418e-01,-1.257885014638304710e-03,-6.880594417452812195e-03,7.023665308952331543e-01,-7.117810845375061035e-01,-8.010838925838470459e-02,6.141068786382675171e-02,1.702734529972076416e-01,1.952640861272811890e-01,-1.068079546093940735e-01,-4.685885459184646606e-02,-9.120458364486694336e-02,-9.334290772676467896e-02,-1.677994579076766968e-01,1.730453670024871826e-01,-5.875431001186370850e-02,7.658910751342773438e-02,-2.593156881630420685e-02,3.879619538784027100e-01,3.778965771198272705e-01,-6.435172259807586670e-02,-5.123146176338195801e-01,-1.317033171653747559e-01,-7.625739555805921555e-03,-5.180169939994812012e-01,3.571694493293762207e-01,-2.819264829158782959e-01,8.484604209661483765e-02,-2.858476154506206512e-02
-1.081342101097106934e+00,-1.609025597572326660e-01,8.289697766304016113e-01,-2.652429684530943632e-04,-7.314632646739482880e-03,7.035937905311584473e-01,-7.105647325515747070e-01,-7.747922092676162720e-02,6.555209308862686157e-02,1.728479862213134766e-01,1.940503567457199097e-01,-1.055376753211021423e-01,-4.826449975371360779e-02,-8.580180257558822632e-02,-8.833196014165878296e-02,-1.688275933265686035e-01,1.642658114433288574e-01,-5.318142846226692200e-02,7.576803863048553467e-02,-2.599444612860679626e-02,3.856733441352844238e-01,3.775822520256042480e-01,-6.016839668154716492e-02,-5.116505622863769531e-01,-1.281792521476745605e-01,-6.808849982917308807e-03,-5.140493512153625488e-01,3.545846343040466309e-01,-2.806286215782165527e-01,8.386770635843276978e-02,-2.424246445298194885e-02
-1.082999467849731445e+00,-1.610863804817199707e-01,8.291764259338378906e-01,3.747757000382989645e-04,-7.281094323843717575e-03,7.039996385574340820e-01,-7.101628780364990234e-01,-7.617509365081787109e-02,6.886656582355499268e-02,1.738123595714569092e-01,1.942272186279296875e-01,-1.039971783757209778e-01,-4.923435300588607788e-02,-8.084594458341598511e-02,-8.427011966705322266e-02,-1.707862019538879395e-01,1.574293524026870728e-01,-5.064130201935768127e-02,7.248727977275848389e-02,-2.642427198588848114e-02,3.843113183975219727e-01,3.770897984504699707e-01,-5.765791237354278564e-02,-5.132658481597900391e-01,-1.275239735841751099e-01,-6.214575376361608505e-03,-5.101161599159240723e-01,3.522500991821289062e-01,-2.784333527088165283e-01,8.378209918737411499e-02,-2.076641656458377838e-02
-1.084514498710632324e+00,-1.613370776176452637e-01,8.293110728263854980e-01,6.121803889982402325e-04,-7.615913171321153641e-03,7.037488222122192383e-01,-7.104077935218811035e-01,-7.660209387540817261e-02,7.204814255237579346e-02,1.742663234472274780e-01,1.948351263999938965e-01,-1.028213798999786377e-01,-5.110640451312065125e-02,-7.759737223386764526e-02,-8.084683865308761597e-02,-1.754507571458816528e-01,1.526404917240142822e-01,-4.958982765674591064e-02,6.807444244623184204e-02,-2.638785168528556824e-02,3.837946653366088867e-01,3.767402768135070801e-01,-5.707001686096191406e-02,-5.165577530860900879e-01,-1.297013610601425171e-01,-5.918203387409448624e-03,-5.067831873893737793e-01,3.502812087535858154e-01,-2.776732146739959717e-01,8.409125357866287231e-02,-1.850311830639839172e-02
-1.086159229278564453e+00,-1.617109924554824829e-01,8.293790817260742188e-01,7.887456449680030346e-04,-7.894914597272872925e-03,7.029159665107727051e-01,-7.112286686897277832e-01,-7.732032239437103271e-02,7.517369836568832397e-02,1.735261678695678711e-01,1.956276297569274902e-01,-1.018577888607978821e-01,-5.292805656790733337e-02,-7.280483841896057129e-02,-7.752978801727294922e-02,-1.816498637199401855e-01,1.462764590978622437e-01,-4.913154244422912598e-02,6.371372193098068237e-02,-2.607570588588714600e-02,3.836861550807952881e-01,3.771064579486846924e-01,-5.888595804572105408e-02,-5.204809308052062988e-01,-1.337769031524658203e-01,-5.579620134085416794e-03,-5.044144392013549805e-01,3.490521013736724854e-01,-2.773475646972656250e-01,8.464930951595306396e-02,-1.751889288425445557e-02
-1.087546825408935547e+00,-1.621789336204528809e-01,8.293807506561279297e-01,7.276460528373718262e-04,-8.261864073574542999e-03,7.014652490615844727e-01,-7.126553654670715332e-01,-7.857634872198104858e-02,7.742979377508163452e-02,1.712706238031387329e-01,1.959963440895080566e-01,-1.011811569333076477e-01,-5.429728701710700989e-02,-6.619239598512649536e-02,-7.465036213397979736e-02,-1.877295821905136108e-01,1.366262435913085938e-01,-4.826034232974052429e-02,6.222084537148475647e-02,-2.639867924153804779e-02,3.841637969017028809e-01,3.781278431415557861e-01,-6.279764324426651001e-02,-5.260851979255676270e-01,-1.409696340560913086e-01,-4.944704473018646240e-03,-5.024925470352172852e-01,3.479314446449279785e-01,-2.767297625541687012e-01,8.511203527450561523e-02,-1.734141632914543152e-02
-1.089110612869262695e+00,-1.626596450805664062e-01,8.293508291244506836e-01,7.285476312972605228e-04,-8.536214008927345276e-03,6.996085643768310547e-01,-7.144749164581298828e-01,-7.999411225318908691e-02,7.999739795923233032e-02,1.684688925743103027e-01,1.966788321733474731e-01,-1.006682664155960083e-01,-5.616627633571624756e-02,-5.824331194162368774e-02,-7.135923206806182861e-02,-1.940254569053649902e-01,1.253839433193206787e-01,-4.677686467766761780e-02,6.142404675483703613e-02,-2.737029455602169037e-02,3.852010667324066162e-01,3.799507915973663330e-01,-6.825582683086395264e-02,-5.321589112281799316e-01,-1.505758464336395264e-01,-3.996925894170999527e-03,-5.012860298156738281e-01,3.470851182937622070e-01,-2.758972346782684326e-01,8.613298833370208740e-02,-1.789700053632259369e-02
-1.090259075164794922e+00,-1.632747203111648560e-01,8.292062878608703613e-01,2.848765579983592033e-04,-8.470013737678527832e-03,6.980263590812683105e-01,-7.160218954086303711e-01,-8.077384531497955322e-02,8.062212169170379639e-02,1.659083515405654907e-01,1.966037303209304810e-01,-1.003389358520507812e-01,-5.737354606389999390e-02,-5.120324343442916870e-02,-6.992411613464355469e-02,-2.003227621316909790e-01,1.156487315893173218e-01,-4.753746837377548218e-02,6.065719202160835266e-02,-2.806054428219795227e-02,3.866906166076660156e-01,3.824335336685180664e-01,-7.450355589389801025e-02,-5.377447009086608887e-01,-1.615484803915023804e-01,-2.938812132924795151e-03,-5.005857348442077637e-01,3.464145064353942871e-01,-2.757319808006286621e-01,8.715858310461044312e-02,-1.908942125737667084e-02
-1.091513752937316895e+00,-1.640784144401550293e-01,8.291684389114379883e-01,-6.514288543257862329e-05,-8.782790973782539368e-03,6.964116096496582031e-01,-7.175887823104858398e-01,-8.119685202836990356e-02,8.211267739534378052e-02,1.637746095657348633e-01,1.955816447734832764e-01,-1.001252308487892151e-01,-5.878392234444618225e-02,-4.481621459126472473e-02,-6.755334883928298950e-02,-2.063678354024887085e-01,1.065360233187675476e-01,-4.682018607854843140e-02,5.949415266513824463e-02,-2.895753644406795502e-02,3.881088495254516602e-01,3.852279186248779297e-01,-8.050522953271865845e-02,-5.422857999801635742e-01,-1.721559613943099976e-01,-1.984152244403958321e-03,-5.006397366523742676e-01,3.463607132434844971e-01,-2.776688635349273682e-01,8.960794657468795776e-02,-2.086736634373664856e-02
-1.092502117156982422e+00,-1.649149954319000244e-01,8.291517496109008789e-01,-4.734369867946952581e-04,-9.276354685425758362e-03,6.951959133148193359e-01,-7.187603116035461426e-01,-8.120483905076980591e-02,8.336146920919418335e-02,1.622958332300186157e-01,1.937017887830734253e-01,-1.000895425677299500e-01,-5.996967107057571411e-02,-3.927310183644294739e-02,-6.527445465326309204e-02,-2.115726768970489502e-01,9.768909215927124023e-02,-4.528858512639999390e-02,5.850933864712715149e-02,-2.973350696265697479e-02,3.890905380249023438e-01,3.880625963211059570e-01,-8.539555221796035767e-02,-5.454595088958740234e-01,-1.809518635272979736e-01,-8.711420232430100441e-04,-5.015069246292114258e-01,3.467675745487213135e-01,-2.806871831417083740e-01,9.362607449293136597e-02,-2.294610999524593353e-02
-1.093216061592102051e+00,-1.657803356647491455e-01,8.291431069374084473e-01,-1.091661513783037663e-03,-9.674431756138801575e-03,6.942883729934692383e-01,-7.196310758590698242e-01,-8.061195164918899536e-02,8.363144099712371826e-02,1.610500514507293701e-01,1.908484548330307007e-01,-9.972939640283584595e-02,-6.082643568515777588e-02,-3.536706417798995972e-02,-6.403737515211105347e-02,-2.155933231115341187e-01,9.122192859649658203e-02,-4.458676651120185852e-02,5.793294310569763184e-02,-3.029029443860054016e-02,3.893343806266784668e-01,3.905109167098999023e-01,-8.848630636930465698e-02,-5.471123456954956055e-01,-1.864791661500930786e-01,3.920542949344962835e-04,-5.028820633888244629e-01,3.466385602951049805e-01,-2.831893265247344971e-01,9.679502248764038086e-02,-2.510642260313034058e-02
-1.093951582908630371e+00,-1.667067259550094604e-01,8.291328549385070801e-01,-1.789977191947400570e-03,-1.001156214624643326e-02,6.934638023376464844e-01,-7.204197049140930176e-01,-7.969360053539276123e-02,8.374165743589401245e-02,1.603366732597351074e-01,1.876421719789505005e-01,-9.903948754072189331e-02,-6.168124079704284668e-02,-3.381338343024253845e-02,-6.339497864246368408e-02,-2.183410078287124634e-01,8.893488347530364990e-02,-4.550652578473091125e-02,5.741287767887115479e-02,-3.112768195569515228e-02,3.886166810989379883e-01,3.922798335552215576e-01,-8.945575356483459473e-02,-5.475362539291381836e-01,-1.879763156175613403e-01,1.764267100952565670e-03,-5.047740340232849121e-01,3.459244072437286377e-01,-2.847513854503631592e-01,9.903977811336517334e-02,-2.710903249680995941e-02
-1.094466209411621094e+00,-1.674644351005554199e-01,8.290756940841674805e-01,-2.701561432331800461e-03,-1.039258856326341629e-02,6.929205656051635742e-01,-7.209339737892150879e-01,-7.892178744077682495e-02,8.320056647062301636e-02,1.596478670835494995e-01,1.838646084070205688e-01,-9.828871488571166992e-02,-6.240267679095268250e-02,-3.348993882536888123e-02,-6.335994601249694824e-02,-2.197334468364715576e-01,8.738924562931060791e-02,-4.685799032449722290e-02,5.721364170312881470e-02,-3.203430399298667908e-02,3.864320516586303711e-01,3.933883905410766602e-01,-8.806633949279785156e-02,-5.461640357971191406e-01,-1.815875321626663208e-01,3.155985381454229355e-03,-5.072556734085083008e-01,3.436153233051300049e-01,-2.866874933242797852e-01,9.922662377357482910e-02,-2.954600192606449127e-02
-1.095140814781188965e+00,-1.683299243450164795e-01,8.290261030197143555e-01,-3.325088415294885635e-03,-1.057362556457519531e-02,6.925534009933471680e-01,-7.212814688682556152e-01,-7.699238508939743042e-02,8.312436938285827637e-02,1.599016785621643066e-01,1.799539327621459961e-01,-9.765540808439254761e-02,-6.341666728258132935e-02,-3.346091136336326599e-02,-6.325270980596542358e-02,-2.210982143878936768e-01,8.788477629423141479e-02,-4.882792383432388306e-02,5.696186423301696777e-02,-3.237268701195716858e-02,3.833225071430206299e-01,3.936203718185424805e-01,-8.473300188779830933e-02,-5.434721112251281738e-01,-1.677505522966384888e-01,4.287150688469409943e-03,-5.097646713256835938e-01,3.411465585231781006e-01,-2.880713939666748047e-01,1.000272259116172791e-01,-3.159084543585777283e-02
-1.095799922943115234e+00,-1.691088825464248657e-01,8.289919495582580566e-01,-3.908792976289987564e-03,-1.063707377761602402e-02,6.924052238464355469e-01,-7.214198112487792969e-01,-7.456056028604507446e-02,8.296000212430953979e-02,1.608212441205978394e-01,1.756692677736282349e-01,-9.653396159410476685e-02,-6.453339010477066040e-02,-3.351917490363121033e-02,-6.332762539386749268e-02,-2.222626656293869019e-01,8.863957971334457397e-02,-5.087206512689590454e-02,5.676867812871932983e-02,-3.233220800757408142e-02,3.797606527805328369e-01,3.934231102466583252e-01,-8.072087913751602173e-02,-5.413074493408203125e-01,-1.529672443866729736e-01,5.180478096008300781e-03,-5.122168064117431641e-01,3.381207883358001709e-01,-2.869391441345214844e-01,9.929938614368438721e-02,-3.274863958358764648e-02
-1.096433281898498535e+00,-1.697852164506912231e-01,8.289453983306884766e-01,-4.254636820405721664e-03,-1.054289005696773529e-02,6.923108696937561035e-01,-7.215098142623901367e-01,-7.172906398773193359e-02,8.293709158897399902e-02,1.619189083576202393e-01,1.716055423021316528e-01,-9.544178843498229980e-02,-6.579725444316864014e-02,-3.329759091138839722e-02,-6.328796595335006714e-02,-2.230805307626724243e-01,8.954241871833801270e-02,-5.275429040193557739e-02,5.656231567263603210e-02,-3.205151110887527466e-02,3.760812282562255859e-01,3.932082951068878174e-01,-7.690656930208206177e-02,-5.391035079956054688e-01,-1.366646587848663330e-01,5.617413669824600220e-03,-5.146372914314270020e-01,3.343832492828369141e-01,-2.824736237525939941e-01,9.550693631172180176e-02,-3.321233391761779785e-02
-1.097018122673034668e+00,-1.704251170158386230e-01,8.289084434509277344e-01,-4.587461240589618683e-03,-1.051586400717496872e-02,6.922369003295898438e-01,-7.215791344642639160e-01,-6.941858679056167603e-02,8.300057053565979004e-02,1.627414822578430176e-01,1.682193726301193237e-01,-9.450308233499526978e-02,-6.685920804738998413e-02,-3.332183510065078735e-02,-6.321717053651809692e-02,-2.237018048763275146e-01,9.061312675476074219e-02,-5.445678159594535828e-02,5.645388364791870117e-02,-3.185223788022994995e-02,3.729316890239715576e-01,3.927964568138122559e-01,-7.342328876256942749e-02,-5.368995666503906250e-01,-1.264356225728988647e-01,5.635187029838562012e-03,-5.168953537940979004e-01,3.303585946559906006e-01,-2.767437100410461426e-01,9.083630889654159546e-02,-3.320270404219627380e-02
-1.097586631774902344e+00,-1.710316687822341919e-01,8.288650512695312500e-01,-4.764536395668983459e-03,-1.039998047053813934e-02,6.922084093093872070e-01,-7.216070294380187988e-01,-6.695026904344558716e-02,8.322855830192565918e-02,1.638376414775848389e-01,1.652729213237762451e-01,-9.377320110797882080e-02,-6.803220510482788086e-02,-3.314258530735969543e-02,-6.307159364223480225e-02,-2.243563979864120483e-01,9.197094291448593140e-02,-5.633772537112236023e-02,5.610575899481773376e-02,-3.149253129959106445e-02,3.705457746982574463e-01,3.922902345657348633e-01,-7.052912563085556030e-02,-5.355162620544433594e-01,-1.230442076921463013e-01,5.550536792725324631e-03,-5.190428495407104492e-01,3.264638185501098633e-01,-2.723053991794586182e-01,8.824738115072250366e-02,-3.286858275532722473e-02
-1.098171353340148926e+00,-1.716002374887466431e-01,8.288400173187255859e-01,-5.030606873333454132e-03,-1.037429086863994598e-02,6.921736598014831543e-01,-7.216389179229736328e-01,-6.493247300386428833e-02,8.347687125205993652e-02,1.648727208375930786e-01,1.624465286731719971e-01,-9.286642074584960938e-02,-6.913952529430389404e-02,-3.293621540069580078e-02,-6.276831030845642090e-02,-2.247490882873535156e-01,9.249729663133621216e-02,-5.759263411164283752e-02,5.556919798254966736e-02,-3.127584606409072876e-02,3.687517642974853516e-01,3.918107151985168457e-01,-6.856051832437515259e-02,-5.349350571632385254e-01,-1.232005134224891663e-01,5.292651243507862091e-03,-5.209482908248901367e-01,3.227404654026031494e-01,-2.682079374790191650e-01,8.593538403511047363e-02,-3.228721767663955688e-02
-1.098651766777038574e+00,-1.721149533987045288e-01,8.287976384162902832e-01,-5.300318356603384018e-03,-1.027247309684753418e-02,6.919942498207092285e-01,-7.218104600906372070e-01,-6.333474814891815186e-02,8.338463306427001953e-02,1.649312227964401245e-01,1.601864397525787354e-01,-9.209856390953063965e-02,-6.995840370655059814e-02,-3.277396038174629211e-02,-6.278080493211746216e-02,-2.253076583147048950e-01,9.343228489160537720e-02,-5.908302590250968933e-02,5.513300001621246338e-02,-3.039024956524372101e-02,3.676352500915527344e-01,3.914139270782470703e-01,-6.770276278257369995e-02,-5.348411798477172852e-01,-1.266909390687942505e-01,4.931359086185693741e-03,-5.226985216140747070e-01,3.190840184688568115e-01,-2.638108134269714355e-01,8.332090824842453003e-02,-3.149726241827011108e-02
-1.099139690399169922e+00,-1.725808978080749512e-01,8.287520408630371094e-01,-5.484927911311388016e-03,-1.013487018644809723e-02,6.916694641113281250e-01,-7.221222519874572754e-01,-6.208085268735885620e-02,8.343835920095443726e-02,1.646368056535720825e-01,1.586250513792037964e-01,-9.158854186534881592e-02,-7.074403017759323120e-02,-3.236223757266998291e-02,-6.270112842321395874e-02,-2.262170463800430298e-01,9.423395246267318726e-02,-6.036573648452758789e-02,5.469054728746414185e-02,-2.985684573650360107e-02,3.672571778297424316e-01,3.912797272205352783e-01,-6.805321574211120605e-02,-5.350057482719421387e-01,-1.298957169055938721e-01,4.717638250440359116e-03,-5.240403413772583008e-01,3.161140084266662598e-01,-2.613759636878967285e-01,8.174678683280944824e-02,-3.096774592995643616e-02
-1.099603533744812012e+00,-1.730015575885772705e-01,8.286998867988586426e-01,-5.763995461165904999e-03,-9.988859295845031738e-03,6.911590695381164551e-01,-7.226106524467468262e-01,-6.112502142786979675e-02,8.327250182628631592e-02,1.641047298908233643e-01,1.570115983486175537e-01,-9.082616120576858521e-02,-7.129686325788497925e-02,-3.218379244208335876e-02,-6.286305934190750122e-02,-2.272491902112960815e-01,9.537741541862487793e-02,-6.204086169600486755e-02,5.420321226119995117e-02,-2.950854226946830750e-02,3.668565452098846436e-01,3.908491134643554688e-01,-6.799937039613723755e-02,-5.344436764717102051e-01,-1.324528455734252930e-01,4.275283776223659515e-03,-5.254439711570739746e-01,3.124031424522399902e-01,-2.562809884548187256e-01,7.799533754587173462e-02,-3.033371269702911377e-02
-1.100035309791564941e+00,-1.734113395214080811e-01,8.286620974540710449e-01,-5.993730388581752777e-03,-9.871709160506725311e-03,6.906517744064331055e-01,-7.230952978134155273e-01,-6.049970537424087524e-02,8.322118222713470459e-02,1.634688973426818848e-01,1.559769213199615479e-01,-9.031619876623153687e-02,-7.187829911708831787e-02,-3.200626000761985779e-02,-6.298864632844924927e-02,-2.286240309476852417e-01,9.652864933013916016e-02,-6.349758803844451904e-02,5.385060235857963562e-02,-2.924404665827751160e-02,3.667895495891571045e-01,3.907685279846191406e-01,-6.867756694555282593e-02,-5.345351696014404297e-01,-1.346282958984375000e-01,4.037002567201852798e-03,-5.263938903808593750e-01,3.096155822277069092e-01,-2.541177272796630859e-01,7.637523859739303589e-02,-2.985387481749057770e-02
-1.100402474403381348e+00,-1.738414019346237183e-01,8.286280632019042969e-01,-6.336033344268798828e-03,-9.810791350901126862e-03,6.900174021720886230e-01,-7.236985564231872559e-01,-6.015788391232490540e-02,8.297828584909439087e-02,1.626603007316589355e-01,1.548785120248794556e-01,-8.970648795366287231e-02,-7.231472432613372803e-02,-3.187705203890800476e-02,-6.321477144956588745e-02,-2.297277450561523438e-01,9.741106629371643066e-02,-6.499505788087844849e-02,5.353202670812606812e-02,-2.939666248857975006e-02,3.670980036258697510e-01,3.909452557563781738e-01,-7.034912705421447754e-02,-5.346623063087463379e-01,-1.394009441137313843e-01,3.960343543440103531e-03,-5.272745490074157715e-01,3.070989847183227539e-01,-2.518879473209381104e-01,7.528186589479446411e-02,-2.944067120552062988e-02
-1.100687980651855469e+00,-1.742767542600631714e-01,8.286013007164001465e-01,-6.718677468597888947e-03,-9.776961989700794220e-03,6.894905567169189453e-01,-7.241975069046020508e-01,-5.974340438842773438e-02,8.262714743614196777e-02,1.621986627578735352e-01,1.536598354578018188e-01,-8.906775712966918945e-02,-7.273080199956893921e-02,-3.199778124690055847e-02,-6.359983980655670166e-02,-2.307756096124649048e-01,9.850228577852249146e-02,-6.654778867959976196e-02,5.325900390744209290e-02,-2.956407330930233002e-02,3.674570024013519287e-01,3.909154236316680908e-01,-7.189392298460006714e-02,-5.343086719512939453e-01,-1.439422369003295898e-01,3.906165948137640953e-03,-5.279656648635864258e-01,3.048447966575622559e-01,-2.501367330551147461e-01,7.465478032827377319e-02,-2.915451489388942719e-02
-1.100923895835876465e+00,-1.746875494718551636e-01,8.285738229751586914e-01,-7.117826957255601883e-03,-9.867722168564796448e-03,6.889828443527221680e-01,-7.246755361557006836e-01,-5.955504998564720154e-02,8.235871791839599609e-02,1.616853326559066772e-01,1.523310095071792603e-01,-8.848725259304046631e-02,-7.312795519828796387e-02,-3.197346627712249756e-02,-6.377276778221130371e-02,-2.316782772541046143e-01,9.864534437656402588e-02,-6.752978265285491943e-02,5.292267352342605591e-02,-2.945139072835445404e-02,3.677026629447937012e-01,3.906629979610443115e-01,-7.298202812671661377e-02,-5.334963202476501465e-01,-1.472447067499160767e-01,3.913025371730327606e-03,-5.285847783088684082e-01,3.028442859649658203e-01,-2.488975822925567627e-01,7.426652312278747559e-02,-2.900779806077480316e-02
-1.101096272468566895e+00,-1.749989390373229980e-01,8.285665512084960938e-01,-7.471690420061349869e-03,-9.859310463070869446e-03,6.884523034095764160e-01,-7.251760959625244141e-01,-5.930772423744201660e-02,8.193416148424148560e-02,1.614515930414199829e-01,1.511249095201492310e-01,-8.789585530757904053e-02,-7.316494733095169067e-02,-3.238394856452941895e-02,-6.427626311779022217e-02,-2.325994074344635010e-01,9.998301416635513306e-02,-6.892880797386169434e-02,5.270995944738388062e-02,-2.936742454767227173e-02,3.677097558975219727e-01,3.902119696140289307e-01,-7.360593229532241821e-02,-5.325001478195190430e-01,-1.493984609842300415e-01,4.041728097945451736e-03,-5.291844010353088379e-01,3.010853528976440430e-01,-2.479732334613800049e-01,7.414495199918746948e-02,-2.894095331430435181e-02
-1.101332783699035645e+00,-1.754011809825897217e-01,8.285397887229919434e-01,-7.963711395859718323e-03,-9.938060306012630463e-03,6.878737211227416992e-01,-7.257186174392700195e-01,-5.909654870629310608e-02,8.149366080760955811e-02,1.610948443412780762e-01,1.494649201631546021e-01,-8.714481443166732788e-02,-7.361832261085510254e-02,-3.240614011883735657e-02,-6.459188461303710938e-02,-2.333936393260955811e-01,1.000775396823883057e-01,-6.986682862043380737e-02,5.244618281722068787e-02,-2.946781180799007416e-02,3.673075139522552490e-01,3.897766172885894775e-01,-7.413890212774276733e-02,-5.324314236640930176e-01,-1.514294296503067017e-01,4.299642518162727356e-03,-5.297692418098449707e-01,2.995923161506652832e-01,-2.473378479480743408e-01,7.437674701213836670e-02,-2.897629328072071075e-02
-1.101447820663452148e+00,-1.757703125476837158e-01,8.285315036773681641e-01,-8.457963354885578156e-03,-1.003495883196592331e-02,6.874482035636901855e-01,-7.261148095130920410e-01,-5.899254977703094482e-02,8.094643801450729370e-02,1.610385924577713013e-01,1.480827182531356812e-01,-8.662963658571243286e-02,-7.381623238325119019e-02,-3.255434334278106689e-02,-6.511034071445465088e-02,-2.344289869070053101e-01,1.001893132925033569e-01,-7.068321853876113892e-02,5.235442146658897400e-02,-2.946988306939601898e-02,3.668143153190612793e-01,3.892900645732879639e-01,-7.434235513210296631e-02,-5.321686267852783203e-01,-1.527805924415588379e-01,4.632872994989156723e-03,-5.303063392639160156e-01,2.981892824172973633e-01,-2.467737793922424316e-01,7.456533610820770264e-02,-2.901904657483100891e-02
-1.101626396179199219e+00,-1.761585772037506104e-01,8.284918665885925293e-01,-8.934592828154563904e-03,-1.005843281745910645e-02,6.867662072181701660e-01,-7.267538905143737793e-01,-5.864064395427703857e-02,8.042822778224945068e-02,1.611608266830444336e-01,1.463136076927185059e-01,-8.590436726808547974e-02,-7.403708994388580322e-02,-3.309827297925949097e-02,-6.579407304525375366e-02,-2.357970476150512695e-01,1.016480997204780579e-01,-7.232944667339324951e-02,5.229164659976959229e-02,-2.949395589530467987e-02,3.660109937191009521e-01,3.885128200054168701e-01,-7.384035736322402954e-02,-5.300601720809936523e-01,-1.523004919290542603e-01,5.013655871152877808e-03,-5.309013128280639648e-01,2.963156998157501221e-01,-2.454879879951477051e-01,7.470183819532394409e-02,-2.914221771061420441e-02
-1.101781606674194336e+00,-1.765055656433105469e-01,8.284670114517211914e-01,-9.497009217739105225e-03,-1.019071228802204132e-02,6.861568093299865723e-01,-7.273202538490295410e-01,-5.843855068087577820e-02,7.978677749633789062e-02,1.607737094163894653e-01,1.441913396120071411e-01,-8.503758162260055542e-02,-7.423156499862670898e-02,-3.365501016378402710e-02,-6.638108193874359131e-02,-2.368597239255905151e-01,1.023162975907325745e-01,-7.349149137735366821e-02,5.225795879960060120e-02,-2.926394902169704437e-02,3.648977279663085938e-01,3.878454267978668213e-01,-7.278902083635330200e-02,-5.281986594200134277e-01,-1.486791968345642090e-01,5.504657048732042313e-03,-5.313680171966552734e-01,2.947137653827667236e-01,-2.446500658988952637e-01,7.515258342027664185e-02,-2.951018325984477997e-02
-1.101976871490478516e+00,-1.768537014722824097e-01,8.284457325935363770e-01,-9.908147156238555908e-03,-1.024719607084989548e-02,6.854670047760009766e-01,-7.279641628265380859e-01,-5.791866034269332886e-02,7.931572198867797852e-02,1.604211777448654175e-01,1.420503109693527222e-01,-8.414319157600402832e-02,-7.443694025278091431e-02,-3.394818305969238281e-02,-6.684714555740356445e-02,-2.382750064134597778e-01,1.032411158084869385e-01,-7.463192939758300781e-02,5.236984789371490479e-02,-2.937877550721168518e-02,3.636484146118164062e-01,3.873740732669830322e-01,-7.182412594556808472e-02,-5.272933244705200195e-01,-1.452321559190750122e-01,6.072563584893941879e-03,-5.318557024002075195e-01,2.932745218276977539e-01,-2.441526949405670166e-01,7.548000663518905640e-02,-3.014394082129001617e-02
-1.102123856544494629e+00,-1.772221773862838745e-01,8.284354805946350098e-01,-1.038467418402433395e-02,-1.044815406203269958e-02,6.849194169044494629e-01,-7.284699082374572754e-01,-5.755093693733215332e-02,7.888791710138320923e-02,1.599501073360443115e-01,1.397377699613571167e-01,-8.322785794734954834e-02,-7.484687119722366333e-02,-3.428355976939201355e-02,-6.717737764120101929e-02,-2.394476532936096191e-01,1.036021038889884949e-01,-7.549916207790374756e-02,5.250615626573562622e-02,-2.934392355382442474e-02,3.624923229217529297e-01,3.871090710163116455e-01,-7.112736999988555908e-02,-5.269413590431213379e-01,-1.432576179504394531e-01,6.654717493802309036e-03,-5.322921872138977051e-01,2.919426560401916504e-01,-2.437788397073745728e-01,7.562362402677536011e-02,-3.064599260687828064e-02
-1.102320790290832520e+00,-1.776243746280670166e-01,8.284097313880920410e-01,-1.084054913371801376e-02,-1.058130525052547455e-02,6.841883063316345215e-01,-7.291480898857116699e-01,-5.695959553122520447e-02,7.844462245702743530e-02,1.594601273536682129e-01,1.372352987527847290e-01,-8.234057575464248657e-02,-7.525365054607391357e-02,-3.457653522491455078e-02,-6.754649430513381958e-02,-2.408298999071121216e-01,1.043028309941291809e-01,-7.664447277784347534e-02,5.247623845934867859e-02,-2.938257902860641479e-02,3.614881038665771484e-01,3.869378268718719482e-01,-7.057966291904449463e-02,-5.270652770996093750e-01,-1.423732638359069824e-01,7.207551505416631699e-03,-5.327200293540954590e-01,2.908391058444976807e-01,-2.431464195251464844e-01,7.556275278329849243e-02,-3.099353425204753876e-02
-1.102467894554138184e+00,-1.780171245336532593e-01,8.283903598785400391e-01,-1.126963086426258087e-02,-1.074164453893899918e-02,6.835352778434753418e-01,-7.297514081001281738e-01,-5.634871497750282288e-02,7.799498736858367920e-02,1.588271856307983398e-01,1.347301602363586426e-01,-8.140549063682556152e-02,-7.562433928251266479e-02,-3.501684218645095825e-02,-6.794980168342590332e-02,-2.422082722187042236e-01,1.052911505103111267e-01,-7.793690264225006104e-02,5.250227451324462891e-02,-2.955394238233566284e-02,3.605139255523681641e-01,3.868709504604339600e-01,-7.016634941101074219e-02,-5.272331833839416504e-01,-1.417322605848312378e-01,7.752126082777976990e-03,-5.331569910049438477e-01,2.895721495151519775e-01,-2.422342300415039062e-01,7.541688531637191772e-02,-3.130609914660453796e-02
-1.102614521980285645e+00,-1.783466637134552002e-01,8.283579349517822266e-01,-1.164383441209793091e-02,-1.087872590869665146e-02,6.829347610473632812e-01,-7.303054928779602051e-01,-5.573990941047668457e-02,7.759886980056762695e-02,1.581281274557113647e-01,1.323202103376388550e-01,-8.051203936338424683e-02,-7.599564641714096069e-02,-3.500092774629592896e-02,-6.820410490036010742e-02,-2.436868995428085327e-01,1.054262444376945496e-01,-7.887940853834152222e-02,5.237058550119400024e-02,-2.953668124973773956e-02,3.595741987228393555e-01,3.869303464889526367e-01,-6.992796063423156738e-02,-5.274944305419921875e-01,-1.414657384157180786e-01,8.306191302835941315e-03,-5.334885120391845703e-01,2.882177233695983887e-01,-2.412256747484207153e-01,7.523868978023529053e-02,-3.155030682682991028e-02
-1.102696537971496582e+00,-1.786153316497802734e-01,8.283402323722839355e-01,-1.192156318575143814e-02,-1.098470855504274368e-02,6.824117898941040039e-01,-7.307881712913513184e-01,-5.513509735465049744e-02,7.725667208433151245e-02,1.575742512941360474e-01,1.302384287118911743e-01,-7.972606271505355835e-02,-7.641728967428207397e-02,-3.482580929994583130e-02,-6.844425946474075317e-02,-2.452426105737686157e-01,1.054066270589828491e-01,-7.959873974323272705e-02,5.237042903900146484e-02,-2.964297682046890259e-02,3.587421476840972900e-01,3.871349692344665527e-01,-6.989559531211853027e-02,-5.277288556098937988e-01,-1.416323632001876831e-01,8.841988630592823029e-03,-5.337610840797424316e-01,2.867547869682312012e-01,-2.400518804788589478e-01,7.502666115760803223e-02,-3.182337805628776550e-02
-1.102819204330444336e+00,-1.789372712373733521e-01,8.283132910728454590e-01,-1.235625520348548889e-02,-1.123872958123683929e-02,6.818605661392211914e-01,-7.312914729118347168e-01,-5.499159917235374451e-02,7.692631334066390991e-02,1.567442268133163452e-01,1.282125562429428101e-01,-7.903276383876800537e-02,-7.669698446989059448e-02,-3.487320989370346069e-02,-6.856000423431396484e-02,-2.464844137430191040e-01,1.050184741616249084e-01,-8.027458190917968750e-02,5.220393463969230652e-02,-2.966218627989292145e-02,3.579598665237426758e-01,3.875045478343963623e-01,-7.009582221508026123e-02,-5.280965566635131836e-01,-1.422500759363174438e-01,9.406168945133686066e-03,-5.339822173118591309e-01,2.852030694484710693e-01,-2.386067360639572144e-01,7.476892322301864624e-02,-3.211024031043052673e-02
-1.102885603904724121e+00,-1.792465448379516602e-01,8.282878994941711426e-01,-1.268759462982416153e-02,-1.139397267252206802e-02,6.813492178916931152e-01,-7.317598462104797363e-01,-5.462736263871192932e-02,7.654074579477310181e-02,1.558811068534851074e-01,1.263620555400848389e-01,-7.839503884315490723e-02,-7.691648602485656738e-02,-3.506772965192794800e-02,-6.883957237005233765e-02,-2.476782947778701782e-01,1.053818166255950928e-01,-8.117670565843582153e-02,5.212362483143806458e-02,-2.979055047035217285e-02,3.571930527687072754e-01,3.879030048847198486e-01,-7.032455503940582275e-02,-5.284057259559631348e-01,-1.428763270378112793e-01,9.927789680659770966e-03,-5.341652035713195801e-01,2.835303246974945068e-01,-2.369654476642608643e-01,7.444416731595993042e-02,-3.234562277793884277e-02
-1.102951526641845703e+00,-1.795233339071273804e-01,8.282788991928100586e-01,-1.301468163728713989e-02,-1.155086979269981384e-02,6.808243989944458008e-01,-7.322399020195007324e-01,-5.440748855471611023e-02,7.615478336811065674e-02,1.549159139394760132e-01,1.246360540390014648e-01,-7.771748304367065430e-02,-7.710601389408111572e-02,-3.528925031423568726e-02,-6.908677518367767334e-02,-2.486820966005325317e-01,1.056877672672271729e-01,-8.192972838878631592e-02,5.211240425705909729e-02,-2.982785552740097046e-02,3.564053475856781006e-01,3.883430063724517822e-01,-7.052217423915863037e-02,-5.286321043968200684e-01,-1.433852612972259521e-01,1.046401914209127426e-02,-5.342418551445007324e-01,2.817983925342559814e-01,-2.350704371929168701e-01,7.403974235057830811e-02,-3.248387202620506287e-02
-1.103001117706298828e+00,-1.798015534877777100e-01,8.282595276832580566e-01,-1.326414197683334351e-02,-1.164472009986639023e-02,6.802776455879211426e-01,-7.327419519424438477e-01,-5.406302213668823242e-02,7.579621672630310059e-02,1.540314555168151855e-01,1.230967342853546143e-01,-7.712355256080627441e-02,-7.723911851644515991e-02,-3.487677499651908875e-02,-6.927289068698883057e-02,-2.499372214078903198e-01,1.054728999733924866e-01,-8.253155648708343506e-02,5.222831293940544128e-02,-3.006592579185962677e-02,3.554430603981018066e-01,3.889472186565399170e-01,-7.075218111276626587e-02,-5.286846756935119629e-01,-1.440889686346054077e-01,1.090355589985847473e-02,-5.341538786888122559e-01,2.795147597789764404e-01,-2.312383651733398438e-01,7.311724871397018433e-02,-3.257916495203971863e-02
-1.103067040443420410e+00,-1.800335943698883057e-01,8.282403349876403809e-01,-1.347923278808593750e-02,-1.172960083931684494e-02,6.797752976417541504e-01,-7.332027554512023926e-01,-5.382534489035606384e-02,7.554183155298233032e-02,1.532047837972640991e-01,1.218182519078254700e-01,-7.662311941385269165e-02,-7.739569991827011108e-02,-3.477051481604576111e-02,-6.941252946853637695e-02,-2.509177625179290771e-01,1.055133193731307983e-01,-8.296032249927520752e-02,5.231137201189994812e-02,-3.012858517467975616e-02,3.547050654888153076e-01,3.895288705825805664e-01,-7.094658166170120239e-02,-5.286357998847961426e-01,-1.443665325641632080e-01,1.136333215981721878e-02,-5.340493321418762207e-01,2.778523862361907959e-01,-2.296766489744186401e-01,7.268415391445159912e-02,-3.271165862679481506e-02
-1.103109598159790039e+00,-1.803643256425857544e-01,8.282176256179809570e-01,-1.377307996153831482e-02,-1.179763395339250565e-02,6.792212128639221191e-01,-7.337095141410827637e-01,-5.350171774625778198e-02,7.511049509048461914e-02,1.523950099945068359e-01,1.204497739672660828e-01,-7.613691687583923340e-02,-7.757933437824249268e-02,-3.455611690878868103e-02,-6.978651881217956543e-02,-2.522030174732208252e-01,1.057827323675155640e-01,-8.381582051515579224e-02,5.249810218811035156e-02,-2.991669252514839172e-02,3.538586497306823730e-01,3.901901841163635254e-01,-7.111464440822601318e-02,-5.286568403244018555e-01,-1.446637958288192749e-01,1.191910915076732635e-02,-5.339148640632629395e-01,2.761349081993103027e-01,-2.277515232563018799e-01,7.205117493867874146e-02,-3.292478621006011963e-02
-1.103167057037353516e+00,-1.805904060602188110e-01,8.281857371330261230e-01,-1.399310491979122162e-02,-1.181201729923486710e-02,6.786841154098510742e-01,-7.342019677162170410e-01,-5.319575592875480652e-02,7.474928349256515503e-02,1.516795903444290161e-01,1.192033067345619202e-01,-7.564722001552581787e-02,-7.778222113847732544e-02,-3.463957458734512329e-02,-7.017087191343307495e-02,-2.532967031002044678e-01,1.065467521548271179e-01,-8.470854163169860840e-02,5.259432643651962280e-02,-3.026586771011352539e-02,3.530184030532836914e-01,3.909019827842712402e-01,-7.129507511854171753e-02,-5.285588502883911133e-01,-1.449613422155380249e-01,1.255057752132415771e-02,-5.337249040603637695e-01,2.744502127170562744e-01,-2.257295101881027222e-01,7.139448076486587524e-02,-3.315936028957366943e-02
-1.103192090988159180e+00,-1.808034926652908325e-01,8.281694650650024414e-01,-1.417408138513565063e-02,-1.183802634477615356e-02,6.782042384147644043e-01,-7.346413731575012207e-01,-5.299221351742744446e-02,7.449962198734283447e-02,1.513095051050186157e-01,1.182951182126998901e-01,-7.528807967901229858e-02,-7.794804871082305908e-02,-3.448358178138732910e-02,-7.044719904661178589e-02,-2.543337643146514893e-01,1.068169996142387390e-01,-8.528088033199310303e-02,5.276537686586380005e-02,-3.054146096110343933e-02,3.521708250045776367e-01,3.916568756103515625e-01,-7.145915180444717407e-02,-5.283505916595458984e-01,-1.452411264181137085e-01,1.323301624506711960e-02,-5.334661006927490234e-01,2.728737890720367432e-01,-2.238003015518188477e-01,7.085261493921279907e-02,-3.346076980233192444e-02
-1.103217005729675293e+00,-1.810528784990310669e-01,8.281459212303161621e-01,-1.439297758042812347e-02,-1.190624944865703583e-02,6.777907013893127441e-01,-7.350175976753234863e-01,-5.285959690809249878e-02,7.427066564559936523e-02,1.511496752500534058e-01,1.174628213047981262e-01,-7.500072568655014038e-02,-7.811926305294036865e-02,-3.447029739618301392e-02,-7.074074447154998779e-02,-2.553691267967224121e-01,1.071285605430603027e-01,-8.587007969617843628e-02,5.291346088051795959e-02,-3.101614676415920258e-02,3.512837886810302734e-01,3.924931883811950684e-01,-7.158068567514419556e-02,-5.281477570533752441e-01,-1.454173624515533447e-01,1.390590239316225052e-02,-5.330958962440490723e-01,2.713412046432495117e-01,-2.219334840774536133e-01,7.040128856897354126e-02,-3.381175175309181213e-02
-1.103258252143859863e+00,-1.812606900930404663e-01,8.281286358833312988e-01,-1.457104086875915527e-02,-1.189463399350643158e-02,6.773993372917175293e-01,-7.353749871253967285e-01,-5.271596089005470276e-02,7.400897145271301270e-02,1.508879512548446655e-01,1.168603226542472839e-01,-7.476754486560821533e-02,-7.829481363296508789e-02,-3.439931944012641907e-02,-7.106444239616394043e-02,-2.562488019466400146e-01,1.076040342450141907e-01,-8.653719723224639893e-02,5.298629775643348694e-02,-3.113489598035812378e-02,3.504039049148559570e-01,3.933641910552978516e-01,-7.165770232677459717e-02,-5.278270244598388672e-01,-1.454649418592453003e-01,1.457244623452425003e-02,-5.326570868492126465e-01,2.698699533939361572e-01,-2.202179431915283203e-01,7.004635035991668701e-02,-3.421808779239654541e-02
-1.103266835212707520e+00,-1.814510524272918701e-01,8.281055688858032227e-01,-1.479768194258213043e-02,-1.194934640079736710e-02,6.770616769790649414e-01,-7.356804609298706055e-01,-5.277334526181221008e-02,7.373109459877014160e-02,1.507244855165481567e-01,1.163062676787376404e-01,-7.449448108673095703e-02,-7.848688960075378418e-02,-3.437215089797973633e-02,-7.136420905590057373e-02,-2.570950388908386230e-01,1.076328381896018982e-01,-8.695517480373382568e-02,5.309265851974487305e-02,-3.134983032941818237e-02,3.494834899902343750e-01,3.942504227161407471e-01,-7.170020043849945068e-02,-5.275977253913879395e-01,-1.454163491725921631e-01,1.528271660208702087e-02,-5.321618318557739258e-01,2.685459852218627930e-01,-2.186926156282424927e-01,6.991536170244216919e-02,-3.475545346736907959e-02
-1.103267073631286621e+00,-1.816373765468597412e-01,8.280968666076660156e-01,-1.494979765266180038e-02,-1.199265383183956146e-02,6.768345236778259277e-01,-7.358856797218322754e-01,-5.275070667266845703e-02,7.357341796159744263e-02,1.507767140865325928e-01,1.159852817654609680e-01,-7.444571703672409058e-02,-7.852426171302795410e-02,-3.428132086992263794e-02,-7.159625738859176636e-02,-2.577873468399047852e-01,1.077924072742462158e-01,-8.733603358268737793e-02,5.331363901495933533e-02,-3.156983107328414917e-02,3.485776782035827637e-01,3.951507508754730225e-01,-7.169365882873535156e-02,-5.273017883300781250e-01,-1.452230066061019897e-01,1.600894518196582794e-02,-5.316211581230163574e-01,2.673522233963012695e-01,-2.174489200115203857e-01,6.994650512933731079e-02,-3.528257086873054504e-02
-1.103266835212707520e+00,-1.818109601736068726e-01,8.280902504920959473e-01,-1.510771550238132477e-02,-1.206556335091590881e-02,6.766874790191650391e-01,-7.360164523124694824e-01,-5.278711766004562378e-02,7.342743873596191406e-02,1.506915986537933350e-01,1.156755909323692322e-01,-7.440046221017837524e-02,-7.851136475801467896e-02,-3.440110385417938232e-02,-7.178326696157455444e-02,-2.583249509334564209e-01,1.079548895359039307e-01,-8.761493116617202759e-02,5.342702567577362061e-02,-3.162261471152305603e-02,3.476837277412414551e-01,3.960748910903930664e-01,-7.165911793708801270e-02,-5.269743800163269043e-01,-1.449259370565414429e-01,1.677482016384601593e-02,-5.310260653495788574e-01,2.662692368030548096e-01,-2.163972556591033936e-01,7.008906453847885132e-02,-3.572876751422882080e-02
-1.103258728981018066e+00,-1.819407492876052856e-01,8.280811905860900879e-01,-1.524564716964960098e-02,-1.209046412259340286e-02,6.765886545181274414e-01,-7.361040711402893066e-01,-5.272325500845909119e-02,7.321891188621520996e-02,1.507595777511596680e-01,1.154086664319038391e-01,-7.431768625974655151e-02,-7.856213301420211792e-02,-3.469346836209297180e-02,-7.208282500505447388e-02,-2.586531043052673340e-01,1.085295751690864563e-01,-8.811698108911514282e-02,5.343652889132499695e-02,-3.173057362437248230e-02,3.467817902565002441e-01,3.969998657703399658e-01,-7.156396657228469849e-02,-5.266590118408203125e-01,-1.445156186819076538e-01,1.751302368938922882e-02,-5.304023027420043945e-01,2.652398347854614258e-01,-2.155889421701431274e-01,7.025156915187835693e-02,-3.609995171427726746e-02
-1.103225708007812500e+00,-1.820811927318572998e-01,8.280645012855529785e-01,-1.535009127110242844e-02,-1.210766471922397614e-02,6.765974164009094238e-01,-7.360935211181640625e-01,-5.253074318170547485e-02,7.303587347269058228e-02,1.509836167097091675e-01,1.150958687067031860e-01,-7.429072260856628418e-02,-7.858128100633621216e-02,-3.472532331943511963e-02,-7.229317724704742432e-02,-2.588946521282196045e-01,1.086304336786270142e-01,-8.836966753005981445e-02,5.347161740064620972e-02,-3.190932422876358032e-02,3.459015488624572754e-01,3.978936374187469482e-01,-7.138278335332870483e-02,-5.262399315834045410e-01,-1.439789086580276489e-01,1.830145344138145447e-02,-5.297529697418212891e-01,2.643124461174011230e-01,-2.148500829935073853e-01,7.043337821960449219e-02,-3.642210364341735840e-02
-1.103176712989807129e+00,-1.822171360254287720e-01,8.280600905418395996e-01,-1.550367008894681931e-02,-1.219855807721614838e-02,6.766667366027832031e-01,-7.360250949859619141e-01,-5.245483294129371643e-02,7.288248091936111450e-02,1.513828486204147339e-01,1.147644594311714172e-01,-7.428897917270660400e-02,-7.867289334535598755e-02,-3.458695858716964722e-02,-7.239203900098800659e-02,-2.590211629867553711e-01,1.080600768327713013e-01,-8.832691609859466553e-02,5.350488424301147461e-02,-3.193623200058937073e-02,3.450395762920379639e-01,3.987786173820495605e-01,-7.115056365728378296e-02,-5.258111953735351562e-01,-1.433582305908203125e-01,1.907427795231342316e-02,-5.290474891662597656e-01,2.635110318660736084e-01,-2.144018709659576416e-01,7.064928859472274780e-02,-3.668875247240066528e-02
-1.103119254112243652e+00,-1.824027150869369507e-01,8.280466198921203613e-01,-1.564283482730388641e-02,-1.229425333440303802e-02,6.767718791961669922e-01,-7.359239459037780762e-01,-5.225342884659767151e-02,7.273731380701065063e-02,1.517559438943862915e-01,1.143986433744430542e-01,-7.440110296010971069e-02,-7.874723523855209351e-02,-3.461937978863716125e-02,-7.250098884105682373e-02,-2.589752376079559326e-01,1.078245043754577637e-01,-8.841744065284729004e-02,5.353518202900886536e-02,-3.201536834239959717e-02,3.442217707633972168e-01,3.996198475360870361e-01,-7.085502892732620239e-02,-5.252514481544494629e-01,-1.426245570182800293e-01,1.984404586255550385e-02,-5.282803773880004883e-01,2.627753913402557373e-01,-2.140914946794509888e-01,7.083304226398468018e-02,-3.688306361436843872e-02
-1.103054285049438477e+00,-1.825344860553741455e-01,8.280324935913085938e-01,-1.577426679432392120e-02,-1.235053781419992447e-02,6.769057512283325195e-01,-7.357970476150512695e-01,-5.204264447093009949e-02,7.252027839422225952e-02,1.521582752466201782e-01,1.140486523509025574e-01,-7.448922842741012573e-02,-7.870810478925704956e-02,-3.501662611961364746e-02,-7.273697108030319214e-02,-2.585916519165039062e-01,1.081641465425491333e-01,-8.871673047542572021e-02,5.350244045257568359e-02,-3.216328844428062439e-02,3.434308469295501709e-01,4.004233777523040771e-01,-7.051550596952438354e-02,-5.246396064758300781e-01,-1.418028622865676880e-01,2.056331373751163483e-02,-5.274934768676757812e-01,2.620782852172851562e-01,-2.139030247926712036e-01,7.104396820068359375e-02,-3.697576746344566345e-02
-1.102972745895385742e+00,-1.827086210250854492e-01,8.280135989189147949e-01,-1.591073162853717804e-02,-1.238310895860195160e-02,6.770757436752319336e-01,-7.356371283531188965e-01,-5.177891626954078674e-02,7.225967198610305786e-02,1.526365578174591064e-01,1.137724593281745911e-01,-7.466918975114822388e-02,-7.870973646640777588e-02,-3.567405417561531067e-02,-7.311553508043289185e-02,-2.580568492412567139e-01,1.091590672731399536e-01,-8.932911604642868042e-02,5.355011671781539917e-02,-3.221996873617172241e-02,3.426760137081146240e-01,4.011780023574829102e-01,-7.014803588390350342e-02,-5.239694714546203613e-01,-1.408944129943847656e-01,2.130800671875476837e-02,-5.266999006271362305e-01,2.614427208900451660e-01,-2.136916220188140869e-01,7.121106982231140137e-02,-3.697102889418601990e-02
-1.102890849113464355e+00,-1.828725785017013550e-01,8.280058503150939941e-01,-1.607607491314411163e-02,-1.245816890150308609e-02,6.772821545600891113e-01,-7.354422211647033691e-01,-5.151950195431709290e-02,7.202866673469543457e-02,1.533639580011367798e-01,1.133762896060943604e-01,-7.472541183233261108e-02,-7.877944409847259521e-02,-3.586436063051223755e-02,-7.335159927606582642e-02,-2.576276063919067383e-01,1.091019436717033386e-01,-8.947163820266723633e-02,5.361211299896240234e-02,-3.218495100736618042e-02,3.419264554977416992e-01,4.019023478031158447e-01,-6.973280757665634155e-02,-5.232903957366943359e-01,-1.399157196283340454e-01,2.202271297574043274e-02,-5.259388089179992676e-01,2.609198093414306641e-01,-2.137229591608047485e-01,7.144631445407867432e-02,-3.683881461620330811e-02
-1.102801084518432617e+00,-1.830370426177978516e-01,8.279976248741149902e-01,-1.620449684560298920e-02,-1.250521745532751083e-02,6.775242090225219727e-01,-7.352156043052673340e-01,-5.107398703694343567e-02,7.182450592517852783e-02,1.543349623680114746e-01,1.128946468234062195e-01,-7.472334802150726318e-02,-7.898206263780593872e-02,-3.597930818796157837e-02,-7.355722784996032715e-02,-2.571091055870056152e-01,1.089980453252792358e-01,-8.951731026172637939e-02,5.368931591510772705e-02,-3.241165727376937866e-02,3.412408232688903809e-01,4.026210606098175049e-01,-6.934970617294311523e-02,-5.226171612739562988e-01,-1.389069706201553345e-01,2.272967994213104248e-02,-5.251982212066650391e-01,2.604869902133941650e-01,-2.138416469097137451e-01,7.171867787837982178e-02,-3.660824894905090332e-02
-1.102694869041442871e+00,-1.832093149423599243e-01,8.279908895492553711e-01,-1.632091775536537170e-02,-1.255846768617630005e-02,6.778208613395690918e-01,-7.349386215209960938e-01,-5.049276351928710938e-02,7.161501049995422363e-02,1.554040163755416870e-01,1.122315898537635803e-01,-7.469148933887481689e-02,-7.905230671167373657e-02,-3.620636835694313049e-02,-7.376747578382492065e-02,-2.564986944198608398e-01,1.090305000543594360e-01,-8.954819291830062866e-02,5.381167307496070862e-02,-3.259275481104850769e-02,3.406142592430114746e-01,4.033400118350982666e-01,-6.898505240678787231e-02,-5.219433307647705078e-01,-1.378466933965682983e-01,2.339944429695606232e-02,-5.245029926300048828e-01,2.601145803928375244e-01,-2.140347212553024292e-01,7.199062407016754150e-02,-3.629881888628005981e-02
-1.102580666542053223e+00,-1.833872497081756592e-01,8.279845118522644043e-01,-1.644249074161052704e-02,-1.262031774967908859e-02,6.781266927719116211e-01,-7.346526980400085449e-01,-4.982912167906761169e-02,7.137819379568099976e-02,1.565884351730346680e-01,1.114157363772392273e-01,-7.469370961189270020e-02,-7.908442616462707520e-02,-3.649569302797317505e-02,-7.400319725275039673e-02,-2.557921409606933594e-01,1.091541945934295654e-01,-8.961484581232070923e-02,5.394783988595008850e-02,-3.282909095287322998e-02,3.400269448757171631e-01,4.040517210960388184e-01,-6.863649934530258179e-02,-5.212882757186889648e-01,-1.367461085319519043e-01,2.397144213318824768e-02,-5.238367319107055664e-01,2.597207129001617432e-01,-2.143005579710006714e-01,7.223075628280639648e-02,-3.591921180486679077e-02
-1.102466106414794922e+00,-1.835437417030334473e-01,8.279783129692077637e-01,-1.655090227723121643e-02,-1.264811493456363678e-02,6.784543991088867188e-01,-7.343471646308898926e-01,-4.909770190715789795e-02,7.112022489309310913e-02,1.578644663095474243e-01,1.105896383523941040e-01,-7.470105588436126709e-02,-7.911346107721328735e-02,-3.677226603031158447e-02,-7.427445054054260254e-02,-2.551089227199554443e-01,1.093183308839797974e-01,-8.973675966262817383e-02,5.400201678276062012e-02,-3.289053589105606079e-02,3.394502699375152588e-01,4.047553837299346924e-01,-6.829734146595001221e-02,-5.206933021545410156e-01,-1.356534659862518311e-01,2.458159439265727997e-02,-5.231857299804687500e-01,2.594335079193115234e-01,-2.145390510559082031e-01,7.253085821866989136e-02,-3.547980636358261108e-02
-1.102351665496826172e+00,-1.837017983198165894e-01,8.279634118080139160e-01,-1.666150800883769989e-02,-1.266539562493562698e-02,6.788224577903747559e-01,-7.340040802955627441e-01,-4.823843762278556824e-02,7.084862887859344482e-02,1.591685712337493896e-01,1.096602380275726318e-01,-7.466291636228561401e-02,-7.928138226270675659e-02,-3.691016882658004761e-02,-7.451145350933074951e-02,-2.542273402214050293e-01,1.092146858572959900e-01,-8.968169242143630981e-02,5.409326776862144470e-02,-3.306553140282630920e-02,3.388852477073669434e-01,4.054283797740936279e-01,-6.791961193084716797e-02,-5.200499296188354492e-01,-1.345618814229965210e-01,2.510694786906242371e-02,-5.225306749343872070e-01,2.591540515422821045e-01,-2.149341851472854614e-01,7.280401885509490967e-02,-3.506783768534660339e-02
-1.102220773696899414e+00,-1.838605999946594238e-01,8.279472589492797852e-01,-1.675596088171005249e-02,-1.269381307065486908e-02,6.791277527809143066e-01,-7.337190508842468262e-01,-4.745109379291534424e-02,7.060484588146209717e-02,1.605022698640823364e-01,1.087896823883056641e-01,-7.466686517000198364e-02,-7.939382642507553101e-02,-3.748776018619537354e-02,-7.485688477754592896e-02,-2.534259855747222900e-01,1.099596843123435974e-01,-9.005404263734817505e-02,5.411732569336891174e-02,-3.324593976140022278e-02,3.383218348026275635e-01,4.060499668121337891e-01,-6.755641102790832520e-02,-5.194669961929321289e-01,-1.335322260856628418e-01,2.558317035436630249e-02,-5.218742489814758301e-01,2.588306367397308350e-01,-2.153132855892181396e-01,7.300416380167007446e-02,-3.468796238303184509e-02
-1.102105975151062012e+00,-1.839956790208816528e-01,8.279225826263427734e-01,-1.684490777552127838e-02,-1.268757414072751999e-02,6.794826388359069824e-01,-7.333884239196777344e-01,-4.664366692304611206e-02,7.032506167888641357e-02,1.617566645145416260e-01,1.079878062009811401e-01,-7.470231503248214722e-02,-7.951493561267852783e-02,-3.801306709647178650e-02,-7.519394904375076294e-02,-2.524029314517974854e-01,1.106017231941223145e-01,-9.046440571546554565e-02,5.405763909220695496e-02,-3.339531645178794861e-02,3.378012776374816895e-01,4.066614806652069092e-01,-6.721001118421554565e-02,-5.188711881637573242e-01,-1.325559467077255249e-01,2.605727501213550568e-02,-5.212630629539489746e-01,2.585010230541229248e-01,-2.155903726816177368e-01,7.317386567592620850e-02,-3.439047932624816895e-02
-1.101999282836914062e+00,-1.841156482696533203e-01,8.278908729553222656e-01,-1.694498583674430847e-02,-1.270691677927970886e-02,6.797956228256225586e-01,-7.330957055091857910e-01,-4.602835699915885925e-02,7.011211663484573364e-02,1.630811393260955811e-01,1.073657423257827759e-01,-7.483310252428054810e-02,-7.963116466999053955e-02,-3.846155479550361633e-02,-7.546489685773849487e-02,-2.514676451683044434e-01,1.110154464840888977e-01,-9.078106284141540527e-02,5.393415689468383789e-02,-3.350554034113883972e-02,3.372872769832611084e-01,4.072372615337371826e-01,-6.685984134674072266e-02,-5.183029174804687500e-01,-1.316458582878112793e-01,2.656334452331066132e-02,-5.207147598266601562e-01,2.582232058048248291e-01,-2.157915085554122925e-01,7.335756719112396240e-02,-3.418413549661636353e-02
-1.101933479309082031e+00,-1.842489689588546753e-01,8.278778791427612305e-01,-1.712423190474510193e-02,-1.276895869523286819e-02,6.800963282585144043e-01,-7.328115105628967285e-01,-4.565013572573661804e-02,6.987953931093215942e-02,1.642992943525314331e-01,1.067966744303703308e-01,-7.486180216073989868e-02,-7.985424250364303589e-02,-3.861735761165618896e-02,-7.563212513923645020e-02,-2.505021691322326660e-01,1.106184944510459900e-01,-9.079126268625259399e-02,5.381185561418533325e-02,-3.356521204113960266e-02,3.367324769496917725e-01,4.077788591384887695e-01,-6.649792939424514771e-02,-5.178912281990051270e-01,-1.308355331420898438e-01,2.701827697455883026e-02,-5.201740860939025879e-01,2.578637599945068359e-01,-2.159297317266464233e-01,7.336826622486114502e-02,-3.408519923686981201e-02
-1.101819157600402832e+00,-1.843601316213607788e-01,8.278538584709167480e-01,-1.718614250421524048e-02,-1.279715634882450104e-02,6.803972721099853516e-01,-7.325301766395568848e-01,-4.514849931001663208e-02,6.972973793745040894e-02,1.654200553894042969e-01,1.063998118042945862e-01,-7.508408278226852417e-02,-7.997246831655502319e-02,-3.893852606415748596e-02,-7.581783831119537354e-02,-2.496026754379272461e-01,1.108832657337188721e-01,-9.096121042966842651e-02,5.381635203957557678e-02,-3.356004878878593445e-02,3.362035453319549561e-01,4.083137214183807373e-01,-6.623418629169464111e-02,-5.176590681076049805e-01,-1.302111446857452393e-01,2.749541401863098145e-02,-5.197246670722961426e-01,2.575470507144927979e-01,-2.159858494997024536e-01,7.341063767671585083e-02,-3.403285518288612366e-02
-1.101728916168212891e+00,-1.844401955604553223e-01,8.278298377990722656e-01,-1.726625673472881317e-02,-1.283491775393486023e-02,6.806714534759521484e-01,-7.322728633880615234e-01,-4.477574676275253296e-02,6.955311447381973267e-02,1.662330776453018188e-01,1.059543937444686890e-01,-7.521717250347137451e-02,-8.007724583148956299e-02,-3.945678472518920898e-02,-7.601837813854217529e-02,-2.486775219440460205e-01,1.113373190164566040e-01,-9.123735129833221436e-02,5.373500287532806396e-02,-3.364932537078857422e-02,3.357010483741760254e-01,4.088313281536102295e-01,-6.600371748208999634e-02,-5.174639821052551270e-01,-1.296886652708053589e-01,2.790607511997222900e-02,-5.192832946777343750e-01,2.571153640747070312e-01,-2.159661650657653809e-01,7.325284928083419800e-02,-3.408857807517051697e-02
-1.101638913154602051e+00,-1.845178157091140747e-01,8.278045654296875000e-01,-1.730641908943653107e-02,-1.279459521174430847e-02,6.809253096580505371e-01,-7.320365905761718750e-01,-4.418428614735603333e-02,6.933822482824325562e-02,1.670442670583724976e-01,1.055055260658264160e-01,-7.529960572719573975e-02,-8.029299229383468628e-02,-3.949798643589019775e-02,-7.617174088954925537e-02,-2.477002441883087158e-01,1.112674698233604431e-01,-9.126712381839752197e-02,5.363155156373977661e-02,-3.380558639764785767e-02,3.352340459823608398e-01,4.093290567398071289e-01,-6.581301987171173096e-02,-5.172277092933654785e-01,-1.292634755373001099e-01,2.830087952315807343e-02,-5.188835859298706055e-01,2.566584944725036621e-01,-2.158198952674865723e-01,7.314791530370712280e-02,-3.416533395648002625e-02
-1.101549029350280762e+00,-1.846223324537277222e-01,8.277794122695922852e-01,-1.735076494514942169e-02,-1.279103662818670273e-02,6.811618804931640625e-01,-7.318154573440551758e-01,-4.361081495881080627e-02,6.918434053659439087e-02,1.680575907230377197e-01,1.049765348434448242e-01,-7.537802308797836304e-02,-8.039204031229019165e-02,-3.987286984920501709e-02,-7.640948891639709473e-02,-2.469575554132461548e-01,1.118859052658081055e-01,-9.168390929698944092e-02,5.357491970062255859e-02,-3.396495804190635681e-02,3.347889184951782227e-01,4.097988903522491455e-01,-6.569804251194000244e-02,-5.170392990112304688e-01,-1.289198845624923706e-01,2.867933362722396851e-02,-5.185380578041076660e-01,2.561768293380737305e-01,-2.155976593494415283e-01,7.307622581720352173e-02,-3.427739813923835754e-02
-1.101434826850891113e+00,-1.847278177738189697e-01,8.277655839920043945e-01,-1.745203509926795959e-02,-1.284657884389162064e-02,6.814203858375549316e-01,-7.315713763236999512e-01,-4.310644418001174927e-02,6.899213790893554688e-02,1.691119670867919922e-01,1.043196693062782288e-01,-7.543656229972839355e-02,-8.043237030506134033e-02,-4.010842740535736084e-02,-7.656796276569366455e-02,-2.461617439985275269e-01,1.117831915616989136e-01,-9.167528897523880005e-02,5.358389765024185181e-02,-3.409785404801368713e-02,3.342920243740081787e-01,4.102446734905242920e-01,-6.557518988847732544e-02,-5.169674158096313477e-01,-1.285859793424606323e-01,2.904159016907215118e-02,-5.182316303253173828e-01,2.557103931903839111e-01,-2.153999507427215576e-01,7.301580905914306641e-02,-3.443061187863349915e-02
-1.101296544075012207e+00,-1.848019808530807495e-01,8.277506232261657715e-01,-1.751858554780483246e-02,-1.289571635425090790e-02,6.816861033439636230e-01,-7.313212752342224121e-01,-4.263945668935775757e-02,6.878541409969329834e-02,1.701160669326782227e-01,1.037171632051467896e-01,-7.551004737615585327e-02,-8.046631515026092529e-02,-4.044036939740180969e-02,-7.678096741437911987e-02,-2.454450130462646484e-01,1.119334250688552856e-01,-9.170971065759658813e-02,5.370095744729042053e-02,-3.417031839489936829e-02,3.337633013725280762e-01,4.106395244598388672e-01,-6.545880436897277832e-02,-5.169427990913391113e-01,-1.282810419797897339e-01,2.938362583518028259e-02,-5.179487466812133789e-01,2.552153170108795166e-01,-2.151878178119659424e-01,7.292290031909942627e-02,-3.463456779718399048e-02
-1.101173877716064453e+00,-1.849028021097183228e-01,8.277435302734375000e-01,-1.757674850523471832e-02,-1.292997784912586212e-02,6.819792389869689941e-01,-7.310459613800048828e-01,-4.205786436796188354e-02,6.862575560808181763e-02,1.713253706693649292e-01,1.030957624316215515e-01,-7.555324584245681763e-02,-8.055983483791351318e-02,-4.056809470057487488e-02,-7.691825181245803833e-02,-2.446759939193725586e-01,1.118076667189598083e-01,-9.163594245910644531e-02,5.376896634697914124e-02,-3.459333628416061401e-02,3.332183957099914551e-01,4.110336005687713623e-01,-6.535406410694122314e-02,-5.169877409934997559e-01,-1.279908865690231323e-01,2.964612841606140137e-02,-5.176651477813720703e-01,2.546552717685699463e-01,-2.150305807590484619e-01,7.283762842416763306e-02,-3.479498624801635742e-02
-1.101067543029785156e+00,-1.850079149007797241e-01,8.277356028556823730e-01,-1.763921789824962616e-02,-1.297328993678092957e-02,6.822852492332458496e-01,-7.307580709457397461e-01,-4.147778078913688660e-02,6.845235824584960938e-02,1.723230779170989990e-01,1.024284288287162781e-01,-7.555263489484786987e-02,-8.066337555646896362e-02,-4.101939871907234192e-02,-7.711291313171386719e-02,-2.438694387674331665e-01,1.122016385197639465e-01,-9.176190197467803955e-02,5.388809368014335632e-02,-3.456062823534011841e-02,3.326747715473175049e-01,4.114474952220916748e-01,-6.528510898351669312e-02,-5.171173214912414551e-01,-1.277374327182769775e-01,2.998124063014984131e-02,-5.174397826194763184e-01,2.541605830192565918e-01,-2.147480100393295288e-01,7.282315939664840698e-02,-3.494401648640632629e-02
-1.100945234298706055e+00,-1.851023733615875244e-01,8.277287483215332031e-01,-1.770942471921443939e-02,-1.299965940415859222e-02,6.826059222221374512e-01,-7.304563522338867188e-01,-4.086415842175483704e-02,6.823594868183135986e-02,1.733889281749725342e-01,1.018108204007148743e-01,-7.560870051383972168e-02,-8.071618527173995972e-02,-4.121632128953933716e-02,-7.729352265596389771e-02,-2.430315762758255005e-01,1.121241301298141479e-01,-9.171737730503082275e-02,5.393808335065841675e-02,-3.458784520626068115e-02,3.321079015731811523e-01,4.118543267250061035e-01,-6.519845873117446899e-02,-5.173349380493164062e-01,-1.274764686822891235e-01,3.030863404273986816e-02,-5.172198414802551270e-01,2.536623179912567139e-01,-2.144238352775573730e-01,7.279061526060104370e-02,-3.508072346448898315e-02
-1.100814223289489746e+00,-1.851847916841506958e-01,8.277202248573303223e-01,-1.776794902980327606e-02,-1.303902268409729004e-02,6.829253435134887695e-01,-7.301556468009948730e-01,-4.038361459970474243e-02,6.804170459508895874e-02,1.743539720773696899e-01,1.013024151325225830e-01,-7.563442736864089966e-02,-8.082982152700424194e-02,-4.169066622853279114e-02,-7.754278182983398438e-02,-2.422505915164947510e-01,1.126016303896903992e-01,-9.192541241645812988e-02,5.400246754288673401e-02,-3.450795635581016541e-02,3.315270543098449707e-01,4.122608602046966553e-01,-6.510069221258163452e-02,-5.176393389701843262e-01,-1.272347718477249146e-01,3.061966225504875183e-02,-5.170456171035766602e-01,2.531693279743194580e-01,-2.140687555074691772e-01,7.274184376001358032e-02,-3.519194945693016052e-02
-1.100691318511962891e+00,-1.852925866842269897e-01,8.277193903923034668e-01,-1.782035455107688904e-02,-1.308169960975646973e-02,6.832495331764221191e-01,-7.298502326011657715e-01,-3.986271098256111145e-02,6.790981441736221313e-02,1.755651831626892090e-01,1.008436754345893860e-01,-7.573505491018295288e-02,-8.093801885843276978e-02,-4.192263260483741760e-02,-7.768730819225311279e-02,-2.414024919271469116e-01,1.126717627048492432e-01,-9.197470545768737793e-02,5.406765267252922058e-02,-3.479479998350143433e-02,3.309685587882995605e-01,4.126630127429962158e-01,-6.498868018388748169e-02,-5.178674459457397461e-01,-1.270019412040710449e-01,3.097904659807682037e-02,-5.169057250022888184e-01,2.527915239334106445e-01,-2.137908041477203369e-01,7.276691496372222900e-02,-3.526627272367477417e-02
-1.100576996803283691e+00,-1.853599250316619873e-01,8.277133107185363770e-01,-1.790383085608482361e-02,-1.311493758112192154e-02,6.835549473762512207e-01,-7.295615673065185547e-01,-3.944683447480201721e-02,6.766250729560852051e-02,1.763917058706283569e-01,1.003471687436103821e-01,-7.577083259820938110e-02,-8.099196851253509521e-02,-4.224905744194984436e-02,-7.789272069931030273e-02,-2.405451536178588867e-01,1.127314344048500061e-01,-9.200805425643920898e-02,5.408049002289772034e-02,-3.469706699252128601e-02,3.304014801979064941e-01,4.131049215793609619e-01,-6.490175426006317139e-02,-5.181360244750976562e-01,-1.268275082111358643e-01,3.133028745651245117e-02,-5.167937874794006348e-01,2.524102032184600830e-01,-2.134591788053512573e-01,7.273427397012710571e-02,-3.535315394401550293e-02
-1.100470423698425293e+00,-1.854256242513656616e-01,8.276984095573425293e-01,-1.797120459377765656e-02,-1.317521743476390839e-02,6.838216781616210938e-01,-7.293088436126708984e-01,-3.912525624036788940e-02,6.753566861152648926e-02,1.773027628660202026e-01,9.998364746570587158e-02,-7.590010762214660645e-02,-8.105769008398056030e-02,-4.253370687365531921e-02,-7.800879329442977905e-02,-2.398959994316101074e-01,1.126647144556045532e-01,-9.193256497383117676e-02,5.411785095930099487e-02,-3.460475429892539978e-02,3.298006057739257812e-01,4.135336875915527344e-01,-6.478775292634963989e-02,-5.183959007263183594e-01,-1.266606897115707397e-01,3.168527781963348389e-02,-5.167034864425659180e-01,2.520248293876647949e-01,-2.130469232797622681e-01,7.265169173479080200e-02,-3.547813743352890015e-02
-1.100380301475524902e+00,-1.854891926050186157e-01,8.276868462562561035e-01,-1.797919720411300659e-02,-1.315168011933565140e-02,6.840649843215942383e-01,-7.290808558464050293e-01,-3.864013403654098511e-02,6.737463176250457764e-02,1.780258864164352417e-01,9.967932105064392090e-02,-7.600492984056472778e-02,-8.115060627460479736e-02,-4.298857972025871277e-02,-7.824403792619705200e-02,-2.390961647033691406e-01,1.134675741195678711e-01,-9.231158345937728882e-02,5.416321754455566406e-02,-3.465043008327484131e-02,3.291510343551635742e-01,4.139252305030822754e-01,-6.463378667831420898e-02,-5.187073349952697754e-01,-1.264821588993072510e-01,3.202563151717185974e-02,-5.166355371475219727e-01,2.515943646430969238e-01,-2.125573009252548218e-01,7.254537194967269897e-02,-3.559548780322074890e-02
-1.100257992744445801e+00,-1.855368614196777344e-01,8.276904225349426270e-01,-1.809779182076454163e-02,-1.321202423423528671e-02,6.843534111976623535e-01,-7.288060784339904785e-01,-3.842653334140777588e-02,6.710530072450637817e-02,1.787057220935821533e-01,9.925932437181472778e-02,-7.600289583206176758e-02,-8.110870420932769775e-02,-4.316846653819084167e-02,-7.841341197490692139e-02,-2.383183389902114868e-01,1.130414754152297974e-01,-9.207174181938171387e-02,5.424097180366516113e-02,-3.470948338508605957e-02,3.284804821014404297e-01,4.143142104148864746e-01,-6.446278095245361328e-02,-5.190506577491760254e-01,-1.263061314821243286e-01,3.234471008181571960e-02,-5.165794491767883301e-01,2.511797249317169189e-01,-2.121561765670776367e-01,7.249869406223297119e-02,-3.569845855236053467e-02
-1.100175857543945312e+00,-1.855743676424026489e-01,8.276831507682800293e-01,-1.810348220169544220e-02,-1.320059690624475479e-02,6.845636367797851562e-01,-7.286086678504943848e-01,-3.807152062654495239e-02,6.702739745378494263e-02,1.795828491449356079e-01,9.909929335117340088e-02,-7.612924277782440186e-02,-8.120119571685791016e-02,-4.314903169870376587e-02,-7.849451899528503418e-02,-2.378551810979843140e-01,1.128187105059623718e-01,-9.191751480102539062e-02,5.419985204935073853e-02,-3.461218997836112976e-02,3.278059661388397217e-01,4.147117733955383301e-01,-6.425902992486953735e-02,-5.193179845809936523e-01,-1.261644959449768066e-01,3.266768530011177063e-02,-5.165907144546508789e-01,2.507254481315612793e-01,-2.116510719060897827e-01,7.242007553577423096e-02,-3.578575700521469116e-02
-1.100110292434692383e+00,-1.856439262628555298e-01,8.276730179786682129e-01,-1.811112090945243835e-02,-1.319431699812412262e-02,6.847852468490600586e-01,-7.284003496170043945e-01,-3.766954317688941956e-02,6.697242707014083862e-02,1.804427504539489746e-01,9.888123720884323120e-02,-7.623704522848129272e-02,-8.134807646274566650e-02,-4.330813139677047729e-02,-7.860384136438369751e-02,-2.371789664030075073e-01,1.130787134170532227e-01,-9.202330559492111206e-02,5.425807088613510132e-02,-3.483678027987480164e-02,3.271641433238983154e-01,4.151302576065063477e-01,-6.407599151134490967e-02,-5.195147395133972168e-01,-1.260754615068435669e-01,3.305668011307716370e-02,-5.166159868240356445e-01,2.503467798233032227e-01,-2.111353874206542969e-01,7.238605618476867676e-02,-3.583810105919837952e-02
-1.099987983703613281e+00,-1.856453418731689453e-01,8.276557326316833496e-01,-1.808615028858184814e-02,-1.315835863351821899e-02,6.850715875625610352e-01,-7.281323075294494629e-01,-3.723450750112533569e-02,6.679423898458480835e-02,1.811559051275253296e-01,9.866150468587875366e-02,-7.637220621109008789e-02,-8.129125088453292847e-02,-4.350727424025535583e-02,-7.877448946237564087e-02,-2.364335209131240845e-01,1.132341548800468445e-01,-9.195763617753982544e-02,5.433974042534828186e-02,-3.492341563105583191e-02,3.265557885169982910e-01,4.155858457088470459e-01,-6.392571330070495605e-02,-5.196711421012878418e-01,-1.260055452585220337e-01,3.347113728523254395e-02,-5.166621804237365723e-01,2.499972879886627197e-01,-2.105998396873474121e-01,7.236054539680480957e-02,-3.585329651832580566e-02
-1.099897980690002441e+00,-1.856679022312164307e-01,8.276485800743103027e-01,-1.811276376247406006e-02,-1.314829569309949875e-02,6.853091716766357422e-01,-7.279081940650939941e-01,-3.689266741275787354e-02,6.663501262664794922e-02,1.819451600313186646e-01,9.838039427995681763e-02,-7.645767182111740112e-02,-8.122808486223220825e-02,-4.357982054352760315e-02,-7.889673858880996704e-02,-2.358041405677795410e-01,1.131231784820556641e-01,-9.185566008090972900e-02,5.439366027712821960e-02,-3.489358723163604736e-02,3.259511888027191162e-01,4.160420298576354980e-01,-6.379229575395584106e-02,-5.198424458503723145e-01,-1.259408444166183472e-01,3.390374779701232910e-02,-5.167346000671386719e-01,2.496870160102844238e-01,-2.100877463817596436e-01,7.233449816703796387e-02,-3.583899512887001038e-02
-1.099824309349060059e+00,-1.857152432203292847e-01,8.276391029357910156e-01,-1.809960044920444489e-02,-1.310765743255615234e-02,6.855380535125732422e-01,-7.276937365531921387e-01,-3.638270497322082520e-02,6.652712076902389526e-02,1.828349232673645020e-01,9.809391200542449951e-02,-7.657939940690994263e-02,-8.126395195722579956e-02,-4.379524290561676025e-02,-7.905400544404983521e-02,-2.352573871612548828e-01,1.134666129946708679e-01,-9.196993708610534668e-02,5.439980328083038330e-02,-3.512642532587051392e-02,3.253657519817352295e-01,4.164715409278869629e-01,-6.363702565431594849e-02,-5.199553370475769043e-01,-1.258564740419387817e-01,3.430279716849327087e-02,-5.168423652648925781e-01,2.493429332971572876e-01,-2.095399498939514160e-01,7.228204607963562012e-02,-3.577306121587753296e-02
-1.099750399589538574e+00,-1.857527345418930054e-01,8.276199698448181152e-01,-1.807053014636039734e-02,-1.306563522666692734e-02,6.857769489288330078e-01,-7.274700999259948730e-01,-3.587791323661804199e-02,6.643197685480117798e-02,1.836401373147964478e-01,9.781958162784576416e-02,-7.669801265001296997e-02,-8.127523958683013916e-02,-4.402603954076766968e-02,-7.921363413333892822e-02,-2.347315847873687744e-01,1.139439269900321960e-01,-9.216775745153427124e-02,5.445069819688796997e-02,-3.509639948606491089e-02,3.247931897640228271e-01,4.169081747531890869e-01,-6.341804563999176025e-02,-5.198990702629089355e-01,-1.257833689451217651e-01,3.461552411317825317e-02,-5.170074105262756348e-01,2.488555610179901123e-01,-2.088694274425506592e-01,7.215169072151184082e-02,-3.567758575081825256e-02
-1.099652409553527832e+00,-1.858333051204681396e-01,8.276186585426330566e-01,-1.811819896101951599e-02,-1.307365484535694122e-02,6.860619187355041504e-01,-7.272000312805175781e-01,-3.531451895833015442e-02,6.625130772590637207e-02,1.846795529127120972e-01,9.730104357004165649e-02,-7.674534618854522705e-02,-8.138161897659301758e-02,-4.419513791799545288e-02,-7.938731461763381958e-02,-2.340514063835144043e-01,1.140012219548225403e-01,-9.216388314962387085e-02,5.460714176297187805e-02,-3.532066196203231812e-02,3.242782950401306152e-01,4.173810482025146484e-01,-6.323955208063125610e-02,-5.198059678077697754e-01,-1.257307380437850952e-01,3.494054079055786133e-02,-5.171754956245422363e-01,2.484499812126159668e-01,-2.082599252462387085e-01,7.215392589569091797e-02,-3.553050756454467773e-02
-1.099570155143737793e+00,-1.858391314744949341e-01,8.276195526123046875e-01,-1.810177229344844818e-02,-1.307375077158212662e-02,6.863087415695190430e-01,-7.269675135612487793e-01,-3.487998247146606445e-02,6.618331372737884521e-02,1.855423897504806519e-01,9.693968296051025391e-02,-7.680416852235794067e-02,-8.139372617006301880e-02,-4.431383684277534485e-02,-7.943566888570785522e-02,-2.334962487220764160e-01,1.139238774776458740e-01,-9.196910262107849121e-02,5.465649813413619995e-02,-3.517410159111022949e-02,3.237566053867340088e-01,4.178569912910461426e-01,-6.305683404207229614e-02,-5.197628736495971680e-01,-1.257018446922302246e-01,3.525363653898239136e-02,-5.173779726028442383e-01,2.480326741933822632e-01,-2.075628191232681274e-01,7.216772437095642090e-02,-3.537709638476371765e-02
-1.099480390548706055e+00,-1.858710050582885742e-01,8.276183605194091797e-01,-1.811283268034458160e-02,-1.308224722743034363e-02,6.865527629852294922e-01,-7.267365455627441406e-01,-3.452365845441818237e-02,6.606549024581909180e-02,1.862878054380416870e-01,9.663131088018417358e-02,-7.687196135520935059e-02,-8.143645524978637695e-02,-4.464368894696235657e-02,-7.957514375448226929e-02,-2.327819615602493286e-01,1.143065989017486572e-01,-9.202057123184204102e-02,5.477229505777359009e-02,-3.526496142148971558e-02,3.232472538948059082e-01,4.183558225631713867e-01,-6.290613114833831787e-02,-5.198152065277099609e-01,-1.257075667381286621e-01,3.550533950328826904e-02,-5.176165699958801270e-01,2.475879192352294922e-01,-2.068874686956405640e-01,7.219619303941726685e-02,-3.523183241486549377e-02
-1.099447011947631836e+00,-1.859133243560791016e-01,8.276097178459167480e-01,-1.811833679676055908e-02,-1.309865806251764297e-02,6.867789626121520996e-01,-7.265223860740661621e-01,-3.419724479317665100e-02,6.606835126876831055e-02,1.871152669191360474e-01,9.642049670219421387e-02,-7.699571549892425537e-02,-8.157047629356384277e-02,-4.472228512167930603e-02,-7.955045253038406372e-02,-2.321467995643615723e-01,1.141472980380058289e-01,-9.187072515487670898e-02,5.477901920676231384e-02,-3.533453121781349182e-02,3.227610588073730469e-01,4.188551008701324463e-01,-6.275761127471923828e-02,-5.198448896408081055e-01,-1.257053017616271973e-01,3.571421280503273010e-02,-5.178704857826232910e-01,2.471160590648651123e-01,-2.062366753816604614e-01,7.228533923625946045e-02,-3.506292030215263367e-02
-1.099357247352600098e+00,-1.860015988349914551e-01,8.276079893112182617e-01,-1.813721656799316406e-02,-1.313112117350101471e-02,6.870572566986083984e-01,-7.262581586837768555e-01,-3.374998271465301514e-02,6.598486006259918213e-02,1.879540532827377319e-01,9.609130024909973145e-02,-7.711499929428100586e-02,-8.164293318986892700e-02,-4.501309618353843689e-02,-7.965892553329467773e-02,-2.314018458127975464e-01,1.144792735576629639e-01,-9.199042618274688721e-02,5.491496250033378601e-02,-3.540169447660446167e-02,3.222888410091400146e-01,4.193173944950103760e-01,-6.253734976053237915e-02,-5.197580456733703613e-01,-1.256331652402877808e-01,3.586075454950332642e-02,-5.181401371955871582e-01,2.466011345386505127e-01,-2.056462019681930542e-01,7.244838029146194458e-02,-3.487284854054450989e-02
-1.099299907684326172e+00,-1.860297024250030518e-01,8.275993466377258301e-01,-1.814042218029499054e-02,-1.312910579144954681e-02,6.872783303260803223e-01,-7.260489463806152344e-01,-3.342570364475250244e-02,6.592821329832077026e-02,1.887144893407821655e-01,9.588795900344848633e-02,-7.720746099948883057e-02,-8.166564255952835083e-02,-4.516149312257766724e-02,-7.971487939357757568e-02,-2.308064401149749756e-01,1.145210862159729004e-01,-9.192621707916259766e-02,5.493408069014549255e-02,-3.533428534865379333e-02,3.218124806880950928e-01,4.197400808334350586e-01,-6.230476871132850647e-02,-5.196777582168579102e-01,-1.255909353494644165e-01,3.601978346705436707e-02,-5.184286236763000488e-01,2.460791021585464478e-01,-2.050255537033081055e-01,7.266208529472351074e-02,-3.466966375708580017e-02
-1.099258184432983398e+00,-1.860697716474533081e-01,8.275903463363647461e-01,-1.811571791768074036e-02,-1.314729824662208557e-02,6.875045299530029297e-01,-7.258350253105163574e-01,-3.308309987187385559e-02,6.594852358102798462e-02,1.893869489431381226e-01,9.571184962987899780e-02,-7.735495269298553467e-02,-8.172590285539627075e-02,-4.527581110596656799e-02,-7.969748973846435547e-02,-2.303120046854019165e-01,1.145921573042869568e-01,-9.190908819437026978e-02,5.494531989097595215e-02,-3.526261448860168457e-02,3.213656246662139893e-01,4.201509058475494385e-01,-6.208471953868865967e-02,-5.195695757865905762e-01,-1.255821287631988525e-01,3.616544231772422791e-02,-5.187156796455383301e-01,2.455234229564666748e-01,-2.043951451778411865e-01,7.286725193262100220e-02,-3.448325023055076599e-02
-1.099184989929199219e+00,-1.861278712749481201e-01,8.275834918022155762e-01,-1.813920587301254272e-02,-1.318770926445722580e-02,6.877207756042480469e-01,-7.256288528442382812e-01,-3.273580595850944519e-02,6.589582562446594238e-02,1.902020573616027832e-01,9.539241343736648560e-02,-7.746163010597229004e-02,-8.180325478315353394e-02,-4.531685262918472290e-02,-7.970409840345382690e-02,-2.298150658607482910e-01,1.143760085105895996e-01,-9.178294986486434937e-02,5.491913110017776489e-02,-3.536679595708847046e-02,3.209651112556457520e-01,4.205730557441711426e-01,-6.189554557204246521e-02,-5.194394588470458984e-01,-1.255632787942886353e-01,3.633224591612815857e-02,-5.190246105194091797e-01,2.449995875358581543e-01,-2.037548571825027466e-01,7.311215996742248535e-02,-3.431656211614608765e-02
-1.099143981933593750e+00,-1.861705780029296875e-01,8.275737762451171875e-01,-1.811085827648639679e-02,-1.316897850483655930e-02,6.879107952117919922e-01,-7.254497408866882324e-01,-3.232476115226745605e-02,6.587850302457809448e-02,1.909376531839370728e-01,9.513137489557266235e-02,-7.756084203720092773e-02,-8.188341557979583740e-02,-4.546380788087844849e-02,-7.975073903799057007e-02,-2.292837947607040405e-01,1.146664097905158997e-01,-9.189095348119735718e-02,5.494237691164016724e-02,-3.550488129258155823e-02,3.206080794334411621e-01,4.209583103656768799e-01,-6.170607358217239380e-02,-5.192018747329711914e-01,-1.254953444004058838e-01,3.651175647974014282e-02,-5.193901658058166504e-01,2.444574981927871704e-01,-2.030251175165176392e-01,7.328940182924270630e-02,-3.419148176908493042e-02
-1.099086761474609375e+00,-1.862506866455078125e-01,8.275479078292846680e-01,-1.810038276016712189e-02,-1.315221376717090607e-02,6.881483793258666992e-01,-7.252249717712402344e-01,-3.172111883759498596e-02,6.582701951265335083e-02,1.919108480215072632e-01,9.469829499721527100e-02,-7.766422629356384277e-02,-8.196327835321426392e-02,-4.551040381193161011e-02,-7.981099188327789307e-02,-2.286581546068191528e-01,1.147817969322204590e-01,-9.204898029565811157e-02,5.496873706579208374e-02,-3.564334288239479065e-02,3.202790915966033936e-01,4.213083386421203613e-01,-6.148338317871093750e-02,-5.188556313514709473e-01,-1.253569871187210083e-01,3.671435639262199402e-02,-5.197854638099670410e-01,2.440035790205001831e-01,-2.023870795965194702e-01,7.350482791662216187e-02,-3.405271470546722412e-02
-1.099005341529846191e+00,-1.862630099058151245e-01,8.275411128997802734e-01,-1.808086223900318146e-02,-1.314941607415676117e-02,6.884156465530395508e-01,-7.249718308448791504e-01,-3.122083656489849091e-02,6.573946774005889893e-02,1.928749829530715942e-01,9.426908195018768311e-02,-7.776471227407455444e-02,-8.192972838878631592e-02,-4.551602154970169067e-02,-7.985954731702804565e-02,-2.280414998531341553e-01,1.145823374390602112e-01,-9.190852940082550049e-02,5.508015677332878113e-02,-3.556192666292190552e-02,3.199522793292999268e-01,4.216198921203613281e-01,-6.123997643589973450e-02,-5.184991955757141113e-01,-1.252107173204421997e-01,3.683632239699363708e-02,-5.201691389083862305e-01,2.435040026903152466e-01,-2.018965929746627808e-01,7.363621890544891357e-02,-3.393822535872459412e-02
-1.098931312561035156e+00,-1.862927526235580444e-01,8.275343179702758789e-01,-1.803971640765666962e-02,-1.316069532185792923e-02,6.886783242225646973e-01,-7.247230410575866699e-01,-3.062674961984157562e-02,6.574321538209915161e-02,1.938461363315582275e-01,9.379998594522476196e-02,-7.790084183216094971e-02,-8.198098838329315186e-02,-4.544712603092193604e-02,-7.980406284332275391e-02,-2.274688631296157837e-01,1.142391785979270935e-01,-9.163796156644821167e-02,5.514222383499145508e-02,-3.557338938117027283e-02,3.196541368961334229e-01,4.219213426113128662e-01,-6.100503355264663696e-02,-5.181239247322082520e-01,-1.250735819339752197e-01,3.698583319783210754e-02,-5.205416083335876465e-01,2.430551797151565552e-01,-2.014522701501846313e-01,7.380265742540359497e-02,-3.382664546370506287e-02
-1.098865866661071777e+00,-1.862848997116088867e-01,8.275173306465148926e-01,-1.797084324061870575e-02,-1.312605850398540497e-02,6.889299154281616211e-01,-7.244862318038940430e-01,-3.008153662085533142e-02,6.573296338319778442e-02,1.947861760854721069e-01,9.342978894710540771e-02,-7.798521220684051514e-02,-8.205197751522064209e-02,-4.568296670913696289e-02,-7.985467463731765747e-02,-2.267556637525558472e-01,1.146589666604995728e-01,-9.173136949539184570e-02,5.515807867050170898e-02,-3.554894775152206421e-02,3.193942308425903320e-01,4.222010076045989990e-01,-6.076620146632194519e-02,-5.176923871040344238e-01,-1.249597966670989990e-01,3.713586553931236267e-02,-5.209164619445800781e-01,2.426315695047378540e-01,-2.010644972324371338e-01,7.396873086690902710e-02,-3.371105343103408813e-02
-1.098824501037597656e+00,-1.863079816102981567e-01,8.275091052055358887e-01,-1.794817484915256500e-02,-1.315242890268564224e-02,6.891832351684570312e-01,-7.242453694343566895e-01,-2.962402626872062683e-02,6.577138602733612061e-02,1.957266181707382202e-01,9.306487441062927246e-02,-7.809124141931533813e-02,-8.213862031698226929e-02,-4.569465294480323792e-02,-7.978197187185287476e-02,-2.261639535427093506e-01,1.144526004791259766e-01,-9.157142788171768188e-02,5.521160364151000977e-02,-3.557569161057472229e-02,3.191283941268920898e-01,4.224341511726379395e-01,-6.048505380749702454e-02,-5.172626376152038574e-01,-1.248574554920196533e-01,3.728067874908447266e-02,-5.212841033935546875e-01,2.422105222940444946e-01,-2.007078826427459717e-01,7.413931936025619507e-02,-3.356181830167770386e-02
-1.098767399787902832e+00,-1.863180845975875854e-01,8.275006413459777832e-01,-1.790520548820495605e-02,-1.316128112375736237e-02,6.893833279609680176e-01,-7.240558266639709473e-01,-2.928001247346401215e-02,6.579786539077758789e-02,1.964244991540908813e-01,9.284825623035430908e-02,-7.824526727199554443e-02,-8.215716481208801270e-02,-4.586170613765716553e-02,-7.975824177265167236e-02,-2.255540490150451660e-01,1.145834252238273621e-01,-9.151257574558258057e-02,5.527823418378829956e-02,-3.543193265795707703e-02,3.189111948013305664e-01,4.226495325565338135e-01,-6.023346260190010071e-02,-5.168030261993408203e-01,-1.248480454087257385e-01,3.748252987861633301e-02,-5.216748118400573730e-01,2.418692559003829956e-01,-2.003296315670013428e-01,7.434069365262985229e-02,-3.345726802945137024e-02
-1.098734617233276367e+00,-1.863190531730651855e-01,8.274821043014526367e-01,-1.784944720566272736e-02,-1.314203441143035889e-02,6.895662546157836914e-01,-7.238833308219909668e-01,-2.896660566329956055e-02,6.583976000547409058e-02,1.970860213041305542e-01,9.273126721382141113e-02,-7.838732004165649414e-02,-8.224637806415557861e-02,-4.590928554534912109e-02,-7.974058389663696289e-02,-2.250632196664810181e-01,1.147207319736480713e-01,-9.154595434665679932e-02,5.530311167240142822e-02,-3.534154593944549561e-02,3.187089562416076660e-01,4.228444099426269531e-01,-6.000089645385742188e-02,-5.163800120353698730e-01,-1.249014958739280701e-01,3.767994418740272522e-02,-5.220548510551452637e-01,2.415087521076202393e-01,-1.999047994613647461e-01,7.450222969055175781e-02,-3.331529349088668823e-02
-1.098669290542602539e+00,-1.863043010234832764e-01,8.274635672569274902e-01,-1.776660047471523285e-02,-1.312914397567510605e-02,6.897522211074829102e-01,-7.237083911895751953e-01,-2.864622697234153748e-02,6.590331345796585083e-02,1.977609246969223022e-01,9.268531203269958496e-02,-7.869795709848403931e-02,-8.222600817680358887e-02,-4.620613530278205872e-02,-7.974714040756225586e-02,-2.244296669960021973e-01,1.152226552367210388e-01,-9.168370813131332397e-02,5.535211786627769470e-02,-3.544372320175170898e-02,3.185693919658660889e-01,4.230155348777770996e-01,-5.980546772480010986e-02,-5.159373283386230469e-01,-1.249893978238105774e-01,3.790361434221267700e-02,-5.224459171295166016e-01,2.411906272172927856e-01,-1.994363963603973389e-01,7.469892501831054688e-02,-3.311942517757415771e-02
-1.098612070083618164e+00,-1.862910538911819458e-01,8.274469971656799316e-01,-1.773919165134429932e-02,-1.316206995397806168e-02,6.899514198303222656e-01,-7.235185503959655762e-01,-2.846296317875385284e-02,6.594622135162353516e-02,1.983862072229385376e-01,9.260526299476623535e-02,-7.892744243144989014e-02,-8.224423229694366455e-02,-4.628000408411026001e-02,-7.967884093523025513e-02,-2.238801568746566772e-01,1.150516122579574585e-01,-9.152933210134506226e-02,5.540172755718231201e-02,-3.542456403374671936e-02,3.184672594070434570e-01,4.231912493705749512e-01,-5.963881313800811768e-02,-5.155529975891113281e-01,-1.250855922698974609e-01,3.810809552669525146e-02,-5.228210091590881348e-01,2.409134656190872192e-01,-1.990865021944046021e-01,7.492985576391220093e-02,-3.292591869831085205e-02
-1.098571062088012695e+00,-1.862816959619522095e-01,8.274211883544921875e-01,-1.765461079776287079e-02,-1.318311318755149841e-02,6.901237964630126953e-01,-7.233558297157287598e-01,-2.827335521578788757e-02,6.610100716352462769e-02,1.990258991718292236e-01,9.268715977668762207e-02,-7.929396629333496094e-02,-8.225703239440917969e-02,-4.627336934208869934e-02,-7.955438643693923950e-02,-2.234504669904708862e-01,1.150178387761116028e-01,-9.146001935005187988e-02,5.543716251850128174e-02,-3.534459322690963745e-02,3.184103071689605713e-01,4.233519136905670166e-01,-5.949556455016136169e-02,-5.151749849319458008e-01,-1.251941621303558350e-01,3.829312697052955627e-02,-5.231978893280029297e-01,2.406109124422073364e-01,-1.987068206071853638e-01,7.513596862554550171e-02,-3.275333344936370850e-02
-1.098522305488586426e+00,-1.862798929214477539e-01,8.274098634719848633e-01,-1.758108101785182953e-02,-1.319507323205471039e-02,6.902694106101989746e-01,-7.232184410095214844e-01,-2.809817530214786530e-02,6.624104827642440796e-02,1.996721029281616211e-01,9.279495477676391602e-02,-7.961200177669525146e-02,-8.228053152561187744e-02,-4.654807597398757935e-02,-7.952184230089187622e-02,-2.230455875396728516e-01,1.155092194676399231e-01,-9.158936142921447754e-02,5.550750344991683960e-02,-3.528390824794769287e-02,3.183891177177429199e-01,4.235076308250427246e-01,-5.937613174319267273e-02,-5.148257017135620117e-01,-1.253161132335662842e-01,3.847585245966911316e-02,-5.235876441001892090e-01,2.403089404106140137e-01,-1.983163803815841675e-01,7.531874626874923706e-02,-3.256164491176605225e-02
-1.098505496978759766e+00,-1.862929165363311768e-01,8.273997902870178223e-01,-1.753168553113937378e-02,-1.325108204036951065e-02,6.903916001319885254e-01,-7.231019735336303711e-01,-2.808360569179058075e-02,6.646837294101715088e-02,2.003440707921981812e-01,9.295300394296646118e-02,-7.986593991518020630e-02,-8.246503025293350220e-02,-4.645183682441711426e-02,-7.933551818132400513e-02,-2.227921336889266968e-01,1.152011379599571228e-01,-9.144527465105056763e-02,5.551727116107940674e-02,-3.532001003623008728e-02,3.183969259262084961e-01,4.236828088760375977e-01,-5.930372327566146851e-02,-5.145525932312011719e-01,-1.254464089870452881e-01,3.864651918411254883e-02,-5.239774584770202637e-01,2.399771362543106079e-01,-1.978755593299865723e-01,7.542951405048370361e-02,-3.239928930997848511e-02
-1.098465561866760254e+00,-1.863075941801071167e-01,8.273928165435791016e-01,-1.750582270324230194e-02,-1.328121591359376907e-02,6.905140876770019531e-01,-7.229850888252258301e-01,-2.790874801576137543e-02,6.653314828872680664e-02,2.009035944938659668e-01,9.286403656005859375e-02,-8.002226799726486206e-02,-8.247417211532592773e-02,-4.635202139616012573e-02,-7.924982160329818726e-02,-2.225027382373809814e-01,1.148718222975730896e-01,-9.125999361276626587e-02,5.555011332035064697e-02,-3.524689003825187683e-02,3.184072375297546387e-01,4.238300621509552002e-01,-5.923018977046012878e-02,-5.143257975578308105e-01,-1.255378723144531250e-01,3.883504495024681091e-02,-5.243648290634155273e-01,2.396702766418457031e-01,-1.974131017923355103e-01,7.547870278358459473e-02,-3.225948661565780640e-02
-1.098432779312133789e+00,-1.863227188587188721e-01,8.273771405220031738e-01,-1.745948195457458496e-02,-1.330581866204738617e-02,6.906200051307678223e-01,-7.228845953941345215e-01,-2.758024260401725769e-02,6.663249433040618896e-02,2.015065848827362061e-01,9.259183704853057861e-02,-8.013784140348434448e-02,-8.254213631153106689e-02,-4.629057645797729492e-02,-7.914444804191589355e-02,-2.222442179918289185e-01,1.147321239113807678e-01,-9.118644893169403076e-02,5.556904897093772888e-02,-3.529765084385871887e-02,3.184190094470977783e-01,4.239344298839569092e-01,-5.914617329835891724e-02,-5.141263604164123535e-01,-1.255716383457183838e-01,3.900790214538574219e-02,-5.247119069099426270e-01,2.393720448017120361e-01,-1.970342397689819336e-01,7.543096691370010376e-02,-3.211523219943046570e-02
-1.098392009735107422e+00,-1.863314807415008545e-01,8.273684382438659668e-01,-1.739777624607086182e-02,-1.333090476691722870e-02,6.907207965850830078e-01,-7.227893471717834473e-01,-2.738854102790355682e-02,6.676572561264038086e-02,2.021600902080535889e-01,9.254232794046401978e-02,-8.032833039760589600e-02,-8.263964205980300903e-02,-4.617762193083763123e-02,-7.903164625167846680e-02,-2.219998985528945923e-01,1.145529448986053467e-01,-9.110424667596817017e-02,5.560624226927757263e-02,-3.538193181157112122e-02,3.184464871883392334e-01,4.240130782127380371e-01,-5.905086174607276917e-02,-5.139175057411193848e-01,-1.255557686090469360e-01,3.917810693383216858e-02,-5.250272154808044434e-01,2.390612512826919556e-01,-1.966526359319686890e-01,7.531587779521942139e-02,-3.198310360312461853e-02
-1.098351716995239258e+00,-1.863411366939544678e-01,8.273499608039855957e-01,-1.733543165028095245e-02,-1.334872376173734665e-02,6.907995939254760742e-01,-7.227151393890380859e-01,-2.716078609228134155e-02,6.688487529754638672e-02,2.028136998414993286e-01,9.244383871555328369e-02,-8.051040023565292358e-02,-8.271227777004241943e-02,-4.640077054500579834e-02,-7.901049405336380005e-02,-2.217557281255722046e-01,1.149872988462448120e-01,-9.127147495746612549e-02,5.567575618624687195e-02,-3.544368594884872437e-02,3.184918761253356934e-01,4.240596592426300049e-01,-5.896839126944541931e-02,-5.137282013893127441e-01,-1.255131661891937256e-01,3.934581205248832703e-02,-5.253422260284423828e-01,2.387371510267257690e-01,-1.962817907333374023e-01,7.515715062618255615e-02,-3.188468143343925476e-02
-1.098327279090881348e+00,-1.863552480936050415e-01,8.273390531539916992e-01,-1.730312779545783997e-02,-1.337285246700048447e-02,6.908843517303466797e-01,-7.226344347000122070e-01,-2.700134366750717163e-02,6.699358671903610229e-02,2.034344226121902466e-01,9.239162504673004150e-02,-8.069954812526702881e-02,-8.285275101661682129e-02,-4.655810073018074036e-02,-7.897308468818664551e-02,-2.214825302362442017e-01,1.152466982603073120e-01,-9.138806909322738647e-02,5.571113154292106628e-02,-3.549908846616744995e-02,3.185372948646545410e-01,4.240774214267730713e-01,-5.888363718986511230e-02,-5.135776996612548828e-01,-1.254356652498245239e-01,3.950992599129676819e-02,-5.256366133689880371e-01,2.383977770805358887e-01,-1.959086358547210693e-01,7.498284429311752319e-02,-3.180346265435218811e-02
-1.098286509513854980e+00,-1.863704174757003784e-01,8.273306488990783691e-01,-1.726772449910640717e-02,-1.342582050710916519e-02,6.909979581832885742e-01,-7.225256562232971191e-01,-2.687243372201919556e-02,6.711644679307937622e-02,2.039603143930435181e-01,9.235018491744995117e-02,-8.091717958450317383e-02,-8.291903138160705566e-02,-4.651830717921257019e-02,-7.884835451841354370e-02,-2.211990356445312500e-01,1.150103136897087097e-01,-9.126237034797668457e-02,5.576434731483459473e-02,-3.544057905673980713e-02,3.185836970806121826e-01,4.240757524967193604e-01,-5.878469720482826233e-02,-5.134454965591430664e-01,-1.253262609243392944e-01,3.970967605710029602e-02,-5.259307026863098145e-01,2.381168901920318604e-01,-1.955589503049850464e-01,7.485165446996688843e-02,-3.171007335186004639e-02
-1.098237991333007812e+00,-1.863823533058166504e-01,8.273137807846069336e-01,-1.722501218318939209e-02,-1.345972903072834015e-02,6.910768747329711914e-01,-7.224506139755249023e-01,-2.671406231820583344e-02,6.723427772521972656e-02,2.045514732599258423e-01,9.234121441841125488e-02,-8.119179308414459229e-02,-8.296807855367660522e-02,-4.649612680077552795e-02,-7.877578586339950562e-02,-2.210011333227157593e-01,1.149301826953887939e-01,-9.121342003345489502e-02,5.582510679960250854e-02,-3.539194539189338684e-02,3.186356425285339355e-01,4.240621924400329590e-01,-5.868314579129219055e-02,-5.133396387100219727e-01,-1.252113729715347290e-01,3.995415568351745605e-02,-5.262379050254821777e-01,2.379119247198104858e-01,-1.952335238456726074e-01,7.476012408733367920e-02,-3.160976991057395935e-02
-1.098173022270202637e+00,-1.863935738801956177e-01,8.272963762283325195e-01,-1.715639233589172363e-02,-1.349153462797403336e-02,6.911787390708923340e-01,-7.223541736602783203e-01,-2.651542797684669495e-02,6.733993440866470337e-02,2.050786018371582031e-01,9.230598807334899902e-02,-8.142939954996109009e-02,-8.293817192316055298e-02,-4.655421897768974304e-02,-7.871866226196289062e-02,-2.207451909780502319e-01,1.150403842329978943e-01,-9.123473614454269409e-02,5.592198669910430908e-02,-3.547494485974311829e-02,3.187015652656555176e-01,4.240209758281707764e-01,-5.856618657708168030e-02,-5.132114887237548828e-01,-1.250675767660140991e-01,4.020463675260543823e-02,-5.265434384346008301e-01,2.377620488405227661e-01,-1.950263828039169312e-01,7.468870282173156738e-02,-3.147757053375244141e-02
-1.098140597343444824e+00,-1.864005923271179199e-01,8.272882103919982910e-01,-1.710747182369232178e-02,-1.351574435830116272e-02,6.912457942962646484e-01,-7.222907543182373047e-01,-2.636580169200897217e-02,6.745599210262298584e-02,2.055491805076599121e-01,9.222065657377243042e-02,-8.157225698232650757e-02,-8.299820870161056519e-02,-4.641211405396461487e-02,-7.860476523637771606e-02,-2.205858081579208374e-01,1.147787794470787048e-01,-9.110081195831298828e-02,5.598353967070579529e-02,-3.540639579296112061e-02,3.187755644321441650e-01,4.239735603332519531e-01,-5.844090506434440613e-02,-5.130767226219177246e-01,-1.249223202466964722e-01,4.044982418417930603e-02,-5.268325805664062500e-01,2.375942021608352661e-01,-1.948198378086090088e-01,7.456014305353164673e-02,-3.134118020534515381e-02
-1.098100304603576660e+00,-1.864106059074401855e-01,8.272863030433654785e-01,-1.707408763468265533e-02,-1.352171320468187332e-02,6.913273334503173828e-01,-7.222133874893188477e-01,-2.616351097822189331e-02,6.746486574411392212e-02,2.058693468570709229e-01,9.208137542009353638e-02,-8.163590729236602783e-02,-8.302897214889526367e-02,-4.655161872506141663e-02,-7.864063233137130737e-02,-2.203196734189987183e-01,1.151133775711059570e-01,-9.123355150222778320e-02,5.609517171978950500e-02,-3.534836694598197937e-02,3.188546001911163330e-01,4.239051938056945801e-01,-5.831526964902877808e-02,-5.129597187042236328e-01,-1.247716695070266724e-01,4.072586447000503540e-02,-5.271547436714172363e-01,2.374576032161712646e-01,-1.945599913597106934e-01,7.447453588247299194e-02,-3.118874132633209229e-02
-1.098051190376281738e+00,-1.864143759012222290e-01,8.272784948348999023e-01,-1.704903133213520050e-02,-1.357294991612434387e-02,6.913990974426269531e-01,-7.221443057060241699e-01,-2.602039650082588196e-02,6.752863526344299316e-02,2.062805145978927612e-01,9.191553294658660889e-02,-8.172428607940673828e-02,-8.305883407592773438e-02,-4.652694240212440491e-02,-7.855396717786788940e-02,-2.201175242662429810e-01,1.148801520466804504e-01,-9.109534323215484619e-02,5.618095397949218750e-02,-3.534518927335739136e-02,3.189484477043151855e-01,4.238305687904357910e-01,-5.819664895534515381e-02,-5.128275156021118164e-01,-1.246219426393508911e-01,4.099322855472564697e-02,-5.274741053581237793e-01,2.373255938291549683e-01,-1.943108588457107544e-01,7.440518587827682495e-02,-3.103897534310817719e-02
-1.098018527030944824e+00,-1.864296048879623413e-01,8.272709846496582031e-01,-1.701199263334274292e-02,-1.360730454325675964e-02,6.914656162261962891e-01,-7.220808267593383789e-01,-2.588504925370216370e-02,6.761161983013153076e-02,2.065827548503875732e-01,9.181247651576995850e-02,-8.183806389570236206e-02,-8.310737460851669312e-02,-4.633612185716629028e-02,-7.843694835901260376e-02,-2.200013399124145508e-01,1.145148426294326782e-01,-9.091518819332122803e-02,5.624596402049064636e-02,-3.529468178749084473e-02,3.190632462501525879e-01,4.237526655197143555e-01,-5.809534713625907898e-02,-5.126664042472839355e-01,-1.244861111044883728e-01,4.122881218791007996e-02,-5.277724266052246094e-01,2.371422201395034790e-01,-1.940439939498901367e-01,7.430151849985122681e-02,-3.090108931064605713e-02
-1.097993969917297363e+00,-1.864437758922576904e-01,8.272624015808105469e-01,-1.697213575243949890e-02,-1.362584810703992844e-02,6.915001869201660156e-01,-7.220483422279357910e-01,-2.572791092097759247e-02,6.767518073320388794e-02,2.067703008651733398e-01,9.169890731573104858e-02,-8.192449063062667847e-02,-8.313870429992675781e-02,-4.642588645219802856e-02,-7.839720696210861206e-02,-2.199284881353378296e-01,1.147490143775939941e-01,-9.101658314466476440e-02,5.622876062989234924e-02,-3.522216901183128357e-02,3.192196190357208252e-01,4.236813187599182129e-01,-5.803627148270606995e-02,-5.124369859695434570e-01,-1.243901178240776062e-01,4.144840314984321594e-02,-5.280591249465942383e-01,2.369095534086227417e-01,-1.936895996332168579e-01,7.417534291744232178e-02,-3.079065307974815369e-02
-1.097977876663208008e+00,-1.864564865827560425e-01,8.272615075111389160e-01,-1.694764941930770874e-02,-1.363698672503232956e-02,6.915310621261596680e-01,-7.220191359519958496e-01,-2.565737068653106689e-02,6.772042065858840942e-02,2.070158869028091431e-01,9.172683209180831909e-02,-8.205878734588623047e-02,-8.315630257129669189e-02,-4.640838876366615295e-02,-7.836902141571044922e-02,-2.198862284421920776e-01,1.147185415029525757e-01,-9.098783135414123535e-02,5.626768618822097778e-02,-3.523053973913192749e-02,3.193980455398559570e-01,4.236279129981994629e-01,-5.802372097969055176e-02,-5.121966600418090820e-01,-1.243260204792022705e-01,4.163364693522453308e-02,-5.283257365226745605e-01,2.366359382867813110e-01,-1.933267861604690552e-01,7.403536885976791382e-02,-3.070240654051303864e-02
-1.097937226295471191e+00,-1.864705532789230347e-01,8.272523880004882812e-01,-1.690798811614513397e-02,-1.365566719323396683e-02,6.915625929832458496e-01,-7.219895124435424805e-01,-2.559351362287998199e-02,6.781518459320068359e-02,2.073901891708374023e-01,9.179212152957916260e-02,-8.219647407531738281e-02,-8.321434259414672852e-02,-4.617827758193016052e-02,-7.829125225543975830e-02,-2.199068218469619751e-01,1.143950819969177246e-01,-9.083428233861923218e-02,5.634700879454612732e-02,-3.523698821663856506e-02,3.196096122264862061e-01,4.235962033271789551e-01,-5.804692581295967102e-02,-5.118914842605590820e-01,-1.242778822779655457e-01,4.183359071612358093e-02,-5.285618305206298828e-01,2.363688945770263672e-01,-1.929249614477157593e-01,7.391446828842163086e-02,-3.062788024544715881e-02
-1.097888827323913574e+00,-1.864811778068542480e-01,8.272510170936584473e-01,-1.685158722102642059e-02,-1.365278381854295731e-02,6.916096806526184082e-01,-7.219457626342773438e-01,-2.541291527450084686e-02,6.783717870712280273e-02,2.075836509466171265e-01,9.176912158727645874e-02,-8.232418447732925415e-02,-8.315814286470413208e-02,-4.613389819860458374e-02,-7.829311490058898926e-02,-2.198545485734939575e-01,1.144911423325538635e-01,-9.083372354507446289e-02,5.647931620478630066e-02,-3.517020866274833679e-02,3.198239505290985107e-01,4.235537648200988770e-01,-5.807709321379661560e-02,-5.115500688552856445e-01,-1.242230609059333801e-01,4.203931242227554321e-02,-5.287875533103942871e-01,2.361139357089996338e-01,-1.925099045038223267e-01,7.380007952451705933e-02,-3.054803609848022461e-02
-1.097864389419555664e+00,-1.864932477474212646e-01,8.272480964660644531e-01,-1.680831238627433777e-02,-1.364290062338113785e-02,6.916426420211791992e-01,-7.219153642654418945e-01,-2.532499656081199646e-02,6.787683069705963135e-02,2.077630758285522461e-01,9.185302257537841797e-02,-8.244733512401580811e-02,-8.315211534500122070e-02,-4.624099656939506531e-02,-7.832276821136474609e-02,-2.197956889867782593e-01,1.148260310292243958e-01,-9.091494977474212646e-02,5.656014382839202881e-02,-3.514452278614044189e-02,3.200244307518005371e-01,4.234991967678070068e-01,-5.810108408331871033e-02,-5.112057924270629883e-01,-1.241644918918609619e-01,4.226495325565338135e-02,-5.290121436119079590e-01,2.358946353197097778e-01,-1.920949369668960571e-01,7.369659841060638428e-02,-3.046828694641590118e-02
-1.097823619842529297e+00,-1.865050643682479858e-01,8.272481560707092285e-01,-1.678373664617538452e-02,-1.367355510592460632e-02,6.916936039924621582e-01,-7.218665480613708496e-01,-2.532784640789031982e-02,6.793402135372161865e-02,2.079420983791351318e-01,9.192895889282226562e-02,-8.256861567497253418e-02,-8.313277363777160645e-02,-4.600367695093154907e-02,-7.823873311281204224e-02,-2.197913080453872681e-01,1.143511980772018433e-01,-9.063817560672760010e-02,5.666159093379974365e-02,-3.503780812025070190e-02,3.202030360698699951e-01,4.234264194965362549e-01,-5.808477476239204407e-02,-5.108357071876525879e-01,-1.240972727537155151e-01,4.248111695051193237e-02,-5.292197465896606445e-01,2.357040941715240479e-01,-1.917400658130645752e-01,7.357875257730484009e-02,-3.039604984223842621e-02
-1.097791075706481934e+00,-1.865222007036209106e-01,8.272481560707092285e-01,-1.675008423626422882e-02,-1.368910539895296097e-02,6.917196512222290039e-01,-7.218421101570129395e-01,-2.530706301331520081e-02,6.799247115850448608e-02,2.081117033958435059e-01,9.203116595745086670e-02,-8.271119743585586548e-02,-8.311939984560012817e-02,-4.584256932139396667e-02,-7.818327099084854126e-02,-2.198430895805358887e-01,1.140897795557975769e-01,-9.046341478824615479e-02,5.675483867526054382e-02,-3.495743498206138611e-02,3.203517794609069824e-01,4.233267605304718018e-01,-5.802238360047340393e-02,-5.104538202285766602e-01,-1.240379363298416138e-01,4.268119111657142639e-02,-5.294107794761657715e-01,2.355136126279830933e-01,-1.914177387952804565e-01,7.340867072343826294e-02,-3.034010529518127441e-02
-1.097750663757324219e+00,-1.865310817956924438e-01,8.272477984428405762e-01,-1.673373579978942871e-02,-1.370532251894474030e-02,6.917535662651062012e-01,-7.218096256256103516e-01,-2.525741606950759888e-02,6.798897683620452881e-02,2.082184851169586182e-01,9.204860031604766846e-02,-8.281747251749038696e-02,-8.309283852577209473e-02,-4.570518434047698975e-02,-7.818129658699035645e-02,-2.198888659477233887e-01,1.138898134231567383e-01,-9.035837650299072266e-02,5.686338245868682861e-02,-3.490433096885681152e-02,3.204791545867919922e-01,4.232220649719238281e-01,-5.793715268373489380e-02,-5.100868344306945801e-01,-1.240056678652763367e-01,4.291834682226181030e-02,-5.296053886413574219e-01,2.353549301624298096e-01,-1.910289376974105835e-01,7.321470230817794800e-02,-3.033965639770030975e-02
-1.097710132598876953e+00,-1.865433454513549805e-01,8.272452950477600098e-01,-1.671005785465240479e-02,-1.369159948080778122e-02,6.917673349380493164e-01,-7.217972874641418457e-01,-2.513142861425876617e-02,6.795880943536758423e-02,2.083307653665542603e-01,9.200429171323776245e-02,-8.289235085248947144e-02,-8.313339948654174805e-02,-4.597071930766105652e-02,-7.829676568508148193e-02,-2.198896855115890503e-01,1.144548654556274414e-01,-9.054946899414062500e-02,5.696479976177215576e-02,-3.494473919272422791e-02,3.205984532833099365e-01,4.231063127517700195e-01,-5.783878266811370850e-02,-5.097228288650512695e-01,-1.239822655916213989e-01,4.314188286662101746e-02,-5.298062562942504883e-01,2.352141588926315308e-01,-1.906929016113281250e-01,7.302395254373550415e-02,-3.031839057803153992e-02
-1.097677469253540039e+00,-1.865517944097518921e-01,8.272431492805480957e-01,-1.671568676829338074e-02,-1.370196510106325150e-02,6.917892694473266602e-01,-7.217758893966674805e-01,-2.506756223738193512e-02,6.791903823614120483e-02,2.084274142980575562e-01,9.195001423358917236e-02,-8.294327557086944580e-02,-8.314900845289230347e-02,-4.604922235012054443e-02,-7.836081087589263916e-02,-2.198706269264221191e-01,1.145468354225158691e-01,-9.055914729833602905e-02,5.708220601081848145e-02,-3.486506268382072449e-02,3.207067251205444336e-01,4.230001866817474365e-01,-5.773003399372100830e-02,-5.093826651573181152e-01,-1.239629313349723816e-01,4.336958378553390503e-02,-5.300232172012329102e-01,2.351105809211730957e-01,-1.904001235961914062e-01,7.286465913057327271e-02,-3.032896481454372406e-02
-1.097644925117492676e+00,-1.865580826997756958e-01,8.272427916526794434e-01,-1.669592782855033875e-02,-1.370017882436513901e-02,6.918151378631591797e-01,-7.217515707015991211e-01,-2.507809922099113464e-02,6.792173534631729126e-02,2.085290700197219849e-01,9.204436093568801880e-02,-8.303350210189819336e-02,-8.310530334711074829e-02,-4.591002687811851501e-02,-7.836724072694778442e-02,-2.198838740587234497e-01,1.143773421645164490e-01,-9.043712913990020752e-02,5.718737840652465820e-02,-3.481017798185348511e-02,3.208074271678924561e-01,4.229086339473724365e-01,-5.760651081800460815e-02,-5.090557932853698730e-01,-1.239242628216743469e-01,4.359028115868568420e-02,-5.302396416664123535e-01,2.350317090749740601e-01,-1.901589483022689819e-01,7.274024933576583862e-02,-3.031245805323123932e-02
-1.097612261772155762e+00,-1.865627318620681763e-01,8.272321224212646484e-01,-1.664766110479831696e-02,-1.368516962975263596e-02,6.918156147003173828e-01,-7.217525243759155273e-01,-2.497228980064392090e-02,6.795173138380050659e-02,2.086151540279388428e-01,9.212094545364379883e-02,-8.318734169006347656e-02,-8.306598663330078125e-02,-4.602454602718353271e-02,-7.841196656227111816e-02,-2.198853194713592529e-01,1.147741153836250305e-01,-9.057436138391494751e-02,5.728125572204589844e-02,-3.485361486673355103e-02,3.209270834922790527e-01,4.228243231773376465e-01,-5.749155953526496887e-02,-5.087152719497680664e-01,-1.238613501191139221e-01,4.376680031418800354e-02,-5.304434895515441895e-01,2.348864525556564331e-01,-1.898905932903289795e-01,7.259063422679901123e-02,-3.024176880717277527e-02
-1.097571730613708496e+00,-1.865672916173934937e-01,8.272314667701721191e-01,-1.663100160658359528e-02,-1.369701791554689407e-02,6.918482184410095215e-01,-7.217214703559875488e-01,-2.502240985631942749e-02,6.796948611736297607e-02,2.087541669607162476e-01,9.227908402681350708e-02,-8.336104452610015869e-02,-8.301945030689239502e-02,-4.583059996366500854e-02,-7.839062064886093140e-02,-2.199129313230514526e-01,1.144039109349250793e-01,-9.038545191287994385e-02,5.737647414207458496e-02,-3.482007235288619995e-02,3.210414648056030273e-01,4.227654933929443359e-01,-5.737855657935142517e-02,-5.084236860275268555e-01,-1.237688735127449036e-01,4.392253607511520386e-02,-5.306175947189331055e-01,2.347284704446792603e-01,-1.896434873342514038e-01,7.246746122837066650e-02,-3.009428828954696655e-02
-1.097523093223571777e+00,-1.865705400705337524e-01,8.272234201431274414e-01,-1.660350710153579712e-02,-1.370596513152122498e-02,6.918724179267883301e-01,-7.216987013816833496e-01,-2.500583417713642120e-02,6.797521561384201050e-02,2.088347524404525757e-01,9.233804792165756226e-02,-8.348304778337478638e-02,-8.296979218721389771e-02,-4.565194621682167053e-02,-7.838500291109085083e-02,-2.199435979127883911e-01,1.142009049654006958e-01,-9.030380100011825562e-02,5.747713893651962280e-02,-3.477113693952560425e-02,3.211498558521270752e-01,4.227189421653747559e-01,-5.725986510515213013e-02,-5.081660151481628418e-01,-1.236470416188240051e-01,4.405834525823593140e-02,-5.307860374450683594e-01,2.345377653837203979e-01,-1.893765777349472046e-01,7.234371453523635864e-02,-2.990553341805934906e-02
-1.097458362579345703e+00,-1.865715980529785156e-01,8.272222280502319336e-01,-1.656994223594665527e-02,-1.369930151849985123e-02,6.919001936912536621e-01,-7.216730117797851562e-01,-2.495046332478523254e-02,6.794098019599914551e-02,2.089061588048934937e-01,9.241561591625213623e-02,-8.362174034118652344e-02,-8.287698775529861450e-02,-4.571570828557014465e-02,-7.845384627580642700e-02,-2.198473662137985229e-01,1.143831610679626465e-01,-9.032418578863143921e-02,5.758571624755859375e-02,-3.481490910053253174e-02,3.212621212005615234e-01,4.226790368556976318e-01,-5.713623017072677612e-02,-5.079209208488464355e-01,-1.234981268644332886e-01,4.416441172361373901e-02,-5.309438109397888184e-01,2.343278229236602783e-01,-1.891441941261291504e-01,7.223864644765853882e-02,-2.966008149087429047e-02
-1.097417473793029785e+00,-1.865696310997009277e-01,8.272132277488708496e-01,-1.656306162476539612e-02,-1.371939945966005325e-02,6.919190883636474609e-01,-7.216546535491943359e-01,-2.496703714132308960e-02,6.795703619718551636e-02,2.090563178062438965e-01,9.250261634588241577e-02,-8.376180380582809448e-02,-8.290028572082519531e-02,-4.563130438327789307e-02,-7.844223827123641968e-02,-2.198288142681121826e-01,1.141662299633026123e-01,-9.018044918775558472e-02,5.767456814646720886e-02,-3.478956222534179688e-02,3.213638365268707275e-01,4.226514101028442383e-01,-5.701281130313873291e-02,-5.077322125434875488e-01,-1.233455687761306763e-01,4.421092197299003601e-02,-5.310890078544616699e-01,2.340506762266159058e-01,-1.889376193284988403e-01,7.213237881660461426e-02,-2.937311865389347076e-02
-1.097393035888671875e+00,-1.865721046924591064e-01,8.272129893302917480e-01,-1.654331572353839874e-02,-1.371451932936906815e-02,6.919296979904174805e-01,-7.216449975967407227e-01,-2.497751452028751373e-02,6.796649098396301270e-02,2.091284394264221191e-01,9.259610623121261597e-02,-8.384517580270767212e-02,-8.291567116975784302e-02,-4.557560756802558899e-02,-7.844588905572891235e-02,-2.198687642812728882e-01,1.141190230846405029e-01,-9.013922512531280518e-02,5.765815824270248413e-02,-3.472683578729629517e-02,3.214720785617828369e-01,4.226334393024444580e-01,-5.690444633364677429e-02,-5.075727701187133789e-01,-1.232109144330024719e-01,4.425731301307678223e-02,-5.312268137931823730e-01,2.337533384561538696e-01,-1.886910349130630493e-01,7.207789272069931030e-02,-2.907514199614524841e-02
-1.097336292266845703e+00,-1.865746676921844482e-01,8.272115588188171387e-01,-1.651691645383834839e-02,-1.370642613619565964e-02,6.919464468955993652e-01,-7.216296792030334473e-01,-2.493675984442234039e-02,6.793190538883209229e-02,2.092116475105285645e-01,9.264913201332092285e-02,-8.391995728015899658e-02,-8.286492526531219482e-02,-4.582464694976806641e-02,-7.854819297790527344e-02,-2.198339998722076416e-01,1.146635413169860840e-01,-9.036163985729217529e-02,5.761390551924705505e-02,-3.474681824445724487e-02,3.216009736061096191e-01,4.226260483264923096e-01,-5.681277066469192505e-02,-5.073994994163513184e-01,-1.230948269367218018e-01,4.430556297302246094e-02,-5.313742756843566895e-01,2.334557026624679565e-01,-1.884419471025466919e-01,7.206586748361587524e-02,-2.877129241824150085e-02
-1.097295522689819336e+00,-1.865679919719696045e-01,8.272115588188171387e-01,-1.652771979570388794e-02,-1.372278016060590744e-02,6.919806003570556641e-01,-7.215964198112487793e-01,-2.493413910269737244e-02,6.787650287151336670e-02,2.093203216791152954e-01,9.263733774423599243e-02,-8.396625518798828125e-02,-8.281739801168441772e-02,-4.596073180437088013e-02,-7.860897481441497803e-02,-2.197858989238739014e-01,1.147614941000938416e-01,-9.035962074995040894e-02,5.758486315608024597e-02,-3.473774716258049011e-02,3.217328786849975586e-01,4.226247966289520264e-01,-5.673556402325630188e-02,-5.072547197341918945e-01,-1.229824349284172058e-01,4.435240477323532104e-02,-5.315254926681518555e-01,2.331603616476058960e-01,-1.882003843784332275e-01,7.207091152667999268e-02,-2.847038954496383667e-02
-1.097262978553771973e+00,-1.865670382976531982e-01,8.272114992141723633e-01,-1.653555221855640411e-02,-1.371954381465911865e-02,6.919999718666076660e-01,-7.215777039527893066e-01,-2.494299784302711487e-02,6.782742589712142944e-02,2.094352841377258301e-01,9.264844655990600586e-02,-8.398877084255218506e-02,-8.279500156641006470e-02,-4.599209874868392944e-02,-7.867537438869476318e-02,-2.197888195514678955e-01,1.148189529776573181e-01,-9.038708359003067017e-02,5.756612122058868408e-02,-3.470935672521591187e-02,3.218644559383392334e-01,4.226278662681579590e-01,-5.666846409440040588e-02,-5.071312189102172852e-01,-1.228862330317497253e-01,4.439032077789306641e-02,-5.316771864891052246e-01,2.328582704067230225e-01,-1.879704147577285767e-01,7.206303626298904419e-02,-2.818091213703155518e-02
-1.097238540649414062e+00,-1.865660995244979858e-01,8.272107839584350586e-01,-1.652823761105537415e-02,-1.371408905833959579e-02,6.920061707496643066e-01,-7.215720415115356445e-01,-2.492880634963512421e-02,6.781306117773056030e-02,2.094996571540832520e-01,9.268659353256225586e-02,-8.403336256742477417e-02,-8.278281986713409424e-02,-4.600716382265090942e-02,-7.870975881814956665e-02,-2.198190242052078247e-01,1.148630827665328979e-01,-9.037901461124420166e-02,5.757691338658332825e-02,-3.463289886713027954e-02,3.219856619834899902e-01,4.226242303848266602e-01,-5.661211907863616943e-02,-5.070432424545288086e-01,-1.228161379694938660e-01,4.443585500121116638e-02,-5.318411588668823242e-01,2.325688153505325317e-01,-1.877400279045104980e-01,7.206235080957412720e-02,-2.791740931570529938e-02
-1.097214102745056152e+00,-1.865651458501815796e-01,8.272107243537902832e-01,-1.651814021170139313e-02,-1.371141802519559860e-02,6.920074820518493652e-01,-7.215710282325744629e-01,-2.493042685091495514e-02,6.780149787664413452e-02,2.095410227775573730e-01,9.275095909833908081e-02,-8.408907055854797363e-02,-8.274765312671661377e-02,-4.592934623360633850e-02,-7.872132211923599243e-02,-2.198746651411056519e-01,1.147567480802536011e-01,-9.030293673276901245e-02,5.759133398532867432e-02,-3.457539901137351990e-02,3.220963180065155029e-01,4.226166307926177979e-01,-5.656416714191436768e-02,-5.069893002510070801e-01,-1.227671504020690918e-01,4.448267444968223572e-02,-5.320112109184265137e-01,2.322947382926940918e-01,-1.875320672988891602e-01,7.207551598548889160e-02,-2.767911180853843689e-02
-1.097181677818298340e+00,-1.865641772747039795e-01,8.272113204002380371e-01,-1.650782488286495209e-02,-1.370914652943611145e-02,6.920041441917419434e-01,-7.215745449066162109e-01,-2.497411519289016724e-02,6.780574470758438110e-02,2.096718996763229370e-01,9.286553412675857544e-02,-8.416010439395904541e-02,-8.272511512041091919e-02,-4.572788253426551819e-02,-7.871314883232116699e-02,-2.199979424476623535e-01,1.144788861274719238e-01,-9.017478674650192261e-02,5.755876004695892334e-02,-3.457626700401306152e-02,3.221998810768127441e-01,4.226074814796447754e-01,-5.651712417602539062e-02,-5.069538354873657227e-01,-1.227273866534233093e-01,4.451412707567214966e-02,-5.321868658065795898e-01,2.320180535316467285e-01,-1.873534172773361206e-01,7.209099829196929932e-02,-2.745594643056392670e-02
-1.097149252891540527e+00,-1.865642219781875610e-01,8.272104859352111816e-01,-1.648116856813430786e-02,-1.368497405201196671e-02,6.919990777969360352e-01,-7.215804457664489746e-01,-2.492602914571762085e-02,6.778403371572494507e-02,2.097073048353195190e-01,9.295461326837539673e-02,-8.423580229282379150e-02,-8.270730078220367432e-02,-4.571407660841941833e-02,-7.877036184072494507e-02,-2.200697958469390869e-01,1.146035715937614441e-01,-9.020391851663589478e-02,5.756309255957603455e-02,-3.455297648906707764e-02,3.222955763339996338e-01,4.225769937038421631e-01,-5.645899102091789246e-02,-5.069189071655273438e-01,-1.226859688758850098e-01,4.455354064702987671e-02,-5.323655605316162109e-01,2.317500710487365723e-01,-1.871670335531234741e-01,7.212488353252410889e-02,-2.725746110081672668e-02
-1.097124814987182617e+00,-1.865648478269577026e-01,8.272079825401306152e-01,-1.646547392010688782e-02,-1.366223208606243134e-02,6.919812560081481934e-01,-7.215983271598815918e-01,-2.486198768019676208e-02,6.774735450744628906e-02,2.097312361001968384e-01,9.297437220811843872e-02,-8.427398651838302612e-02,-8.271925896406173706e-02,-4.585632681846618652e-02,-7.886987924575805664e-02,-2.201003581285476685e-01,1.150225028395652771e-01,-9.039279818534851074e-02,5.759000033140182495e-02,-3.454602509737014771e-02,3.223867714405059814e-01,4.225333034992218018e-01,-5.639887228608131409e-02,-5.068894624710083008e-01,-1.226573884487152100e-01,4.460491612553596497e-02,-5.325627923011779785e-01,2.314945310354232788e-01,-1.869596242904663086e-01,7.217834144830703735e-02,-2.709473855793476105e-02
-1.097092390060424805e+00,-1.865637600421905518e-01,8.272080421447753906e-01,-1.646310836076736450e-02,-1.365489233285188675e-02,6.919729113578796387e-01,-7.216065526008605957e-01,-2.495288290083408356e-02,6.772780418395996094e-02,2.098460942506790161e-01,9.313641488552093506e-02,-8.435014635324478149e-02,-8.269013464450836182e-02,-4.571136832237243652e-02,-7.889082282781600952e-02,-2.201937437057495117e-01,1.147454082965850830e-01,-9.024031460285186768e-02,5.758177116513252258e-02,-3.449978306889533997e-02,3.224695920944213867e-01,4.224952757358551025e-01,-5.634055286645889282e-02,-5.068796277046203613e-01,-1.226458176970481873e-01,4.466456919908523560e-02,-5.327606201171875000e-01,2.312501221895217896e-01,-1.867441534996032715e-01,7.222845405340194702e-02,-2.696003019809722900e-02
-1.097068190574645996e+00,-1.865612566471099854e-01,8.272068500518798828e-01,-1.645954698324203491e-02,-1.363509148359298706e-02,6.919643878936767578e-01,-7.216151952743530273e-01,-2.493906021118164062e-02,6.767605245113372803e-02,2.098533660173416138e-01,9.316504746675491333e-02,-8.436566591262817383e-02,-8.269908279180526733e-02,-4.564615711569786072e-02,-7.896424084901809692e-02,-2.202120423316955566e-01,1.147613450884819031e-01,-9.024845808744430542e-02,5.770729854702949524e-02,-3.451185300946235657e-02,3.225443363189697266e-01,4.224444925785064697e-01,-5.628322437405586243e-02,-5.068854093551635742e-01,-1.226303130388259888e-01,4.471946507692337036e-02,-5.329680442810058594e-01,2.310167104005813599e-01,-1.865601390600204468e-01,7.227389514446258545e-02,-2.686276100575923920e-02
-1.097035884857177734e+00,-1.865547895431518555e-01,8.272063136100769043e-01,-1.645931974053382874e-02,-1.362283714115619659e-02,6.919385790824890137e-01,-7.216401696205139160e-01,-2.498195320367813110e-02,6.762785464525222778e-02,2.098650932312011719e-01,9.324010461568832397e-02,-8.439852297306060791e-02,-8.265165984630584717e-02,-4.557931795716285706e-02,-7.902754098176956177e-02,-2.202514261007308960e-01,1.146370917558670044e-01,-9.013983607292175293e-02,5.786088109016418457e-02,-3.451504185795783997e-02,3.226109743118286133e-01,4.223896861076354980e-01,-5.623061582446098328e-02,-5.069101452827453613e-01,-1.226203367114067078e-01,4.478072375059127808e-02,-5.331828594207763672e-01,2.308012098073959351e-01,-1.863881796598434448e-01,7.232724130153656006e-02,-2.679530903697013855e-02
-1.096995353698730469e+00,-1.865428537130355835e-01,8.272047638893127441e-01,-1.646164432168006897e-02,-1.361930277198553085e-02,6.919081211090087891e-01,-7.216693758964538574e-01,-2.504372037947177887e-02,6.757016479969024658e-02,2.097752839326858521e-01,9.328463673591613770e-02,-8.441380411386489868e-02,-8.261509984731674194e-02,-4.569200053811073303e-02,-7.913742959499359131e-02,-2.202367484569549561e-01,1.148846223950386047e-01,-9.020384401082992554e-02,5.801688134670257568e-02,-3.448357805609703064e-02,3.226661682128906250e-01,4.223294258117675781e-01,-5.618186295032501221e-02,-5.069612860679626465e-01,-1.226119920611381531e-01,4.483605176210403442e-02,-5.334048867225646973e-01,2.305882573127746582e-01,-1.862343996763229370e-01,7.237283140420913696e-02,-2.675236761569976807e-02
-1.096954703330993652e+00,-1.865352243185043335e-01,8.272036910057067871e-01,-1.647923327982425690e-02,-1.362743135541677475e-02,6.918891072273254395e-01,-7.216870784759521484e-01,-2.513414062559604645e-02,6.752435863018035889e-02,2.098175883293151855e-01,9.337384253740310669e-02,-8.447162806987762451e-02,-8.260874450206756592e-02,-4.571272805333137512e-02,-7.921282947063446045e-02,-2.202586829662322998e-01,1.148453429341316223e-01,-9.014526754617691040e-02,5.813346803188323975e-02,-3.451313823461532593e-02,3.227179050445556641e-01,4.222798347473144531e-01,-5.613645911216735840e-02,-5.070286989212036133e-01,-1.225980296730995178e-01,4.486586526036262512e-02,-5.336388349533081055e-01,2.303582727909088135e-01,-1.861029267311096191e-01,7.239244133234024048e-02,-2.671937458217144012e-02
-1.096906065940856934e+00,-1.864966005086898804e-01,8.272038102149963379e-01,-1.648639701306819916e-02,-1.362077705562114716e-02,6.919066309928894043e-01,-7.216702103614807129e-01,-2.519030496478080750e-02,6.742013990879058838e-02,2.098215371370315552e-01,9.339611232280731201e-02,-8.446583896875381470e-02,-8.252346515655517578e-02,-4.585792869329452515e-02,-7.932837307453155518e-02,-2.201492041349411011e-01,1.149555519223213196e-01,-9.009937942028045654e-02,5.823340266942977905e-02,-3.455153107643127441e-02,3.227738440036773682e-01,4.222284853458404541e-01,-5.608252435922622681e-02,-5.070776939392089844e-01,-1.225551739335060120e-01,4.490373283624649048e-02,-5.338480472564697266e-01,2.301559150218963623e-01,-1.860095262527465820e-01,7.241868972778320312e-02,-2.669000625610351562e-02
-1.096832871437072754e+00,-1.864344626665115356e-01,8.272119760513305664e-01,-1.649907603859901428e-02,-1.362483203411102295e-02,6.919488906860351562e-01,-7.216293215751647949e-01,-2.527440153062343597e-02,6.730622798204421997e-02,2.098635584115982056e-01,9.339921176433563232e-02,-8.443532139062881470e-02,-8.243019133806228638e-02,-4.612655565142631531e-02,-7.946186512708663940e-02,-2.199313491582870483e-01,1.151774823665618896e-01,-9.006573259830474854e-02,5.834286287426948547e-02,-3.455458208918571472e-02,3.228280246257781982e-01,4.221672415733337402e-01,-5.601404607295989990e-02,-5.071142911911010742e-01,-1.224784329533576965e-01,4.491480812430381775e-02,-5.340666174888610840e-01,2.299547791481018066e-01,-1.859747171401977539e-01,7.243303954601287842e-02,-2.663307450711727142e-02
-1.096816301345825195e+00,-1.864283680915832520e-01,8.272119760513305664e-01,-1.654891110956668854e-02,-1.364189758896827698e-02,6.919082403182983398e-01,-7.216668128967285156e-01,-2.543052658438682556e-02,6.724465638399124146e-02,2.098405361175537109e-01,9.341695159673690796e-02,-8.442013710737228394e-02,-8.245103061199188232e-02,-4.618240147829055786e-02,-7.952970266342163086e-02,-2.199803143739700317e-01,1.150865480303764343e-01,-8.997691422700881958e-02,5.840936303138732910e-02,-3.439665585756301880e-02,3.228580653667449951e-01,4.221155345439910889e-01,-5.595826357603073120e-02,-5.072224140167236328e-01,-1.224291101098060608e-01,4.495383054018020630e-02,-5.342491269111633301e-01,2.297721952199935913e-01,-1.859214752912521362e-01,7.242586463689804077e-02,-2.659943699836730957e-02
-1.096800208091735840e+00,-1.864218115806579590e-01,8.272112011909484863e-01,-1.658664643764495850e-02,-1.364553812891244888e-02,6.918571591377258301e-01,-7.217148542404174805e-01,-2.553949877619743347e-02,6.717252731323242188e-02,2.098029106855392456e-01,9.347115457057952881e-02,-8.442855626344680786e-02,-8.246868103742599487e-02,-4.633566364645957947e-02,-7.964863628149032593e-02,-2.200788706541061401e-01,1.152972504496574402e-01,-9.004642814397811890e-02,5.848010629415512085e-02,-3.440932556986808777e-02,3.228809237480163574e-01,4.220630228519439697e-01,-5.591337010264396667e-02,-5.073534250259399414e-01,-1.223960444331169128e-01,4.498297721147537231e-02,-5.344262123107910156e-01,2.295766919851303101e-01,-1.858671903610229492e-01,7.238096743822097778e-02,-2.658836543560028076e-02
-1.096783876419067383e+00,-1.864038407802581787e-01,8.272181153297424316e-01,-1.661974191665649414e-02,-1.364358142018318176e-02,6.918010711669921875e-01,-7.217679023742675781e-01,-2.567533589899539948e-02,6.710035353899002075e-02,2.097025215625762939e-01,9.350409358739852905e-02,-8.439756929874420166e-02,-8.248075842857360840e-02,-4.653470590710639954e-02,-7.977377623319625854e-02,-2.201603949069976807e-01,1.156023666262626648e-01,-9.015740454196929932e-02,5.853776261210441589e-02,-3.444058075547218323e-02,3.229005038738250732e-01,4.220102429389953613e-01,-5.587638914585113525e-02,-5.074864625930786133e-01,-1.223708093166351318e-01,4.502396285533905029e-02,-5.345813632011413574e-01,2.293958365917205811e-01,-1.858171224594116211e-01,7.233940809965133667e-02,-2.658762782812118530e-02
-1.096767544746398926e+00,-1.863816678524017334e-01,8.272183537483215332e-01,-1.665688492357730865e-02,-1.365672517567873001e-02,6.917551159858703613e-01,-7.218108177185058594e-01,-2.581255510449409485e-02,6.704311072826385498e-02,2.096198350191116333e-01,9.351765364408493042e-02,-8.436729013919830322e-02,-8.248819410800933838e-02,-4.657582566142082214e-02,-7.983890175819396973e-02,-2.203068286180496216e-01,1.155171692371368408e-01,-9.008264541625976562e-02,5.858565494418144226e-02,-3.446059674024581909e-02,3.229176104068756104e-01,4.219676554203033447e-01,-5.585810542106628418e-02,-5.076555609703063965e-01,-1.223516389727592468e-01,4.505952447652816772e-02,-5.347251892089843750e-01,2.292155921459197998e-01,-1.857809722423553467e-01,7.229583710432052612e-02,-2.661083266139030457e-02
-1.096743226051330566e+00,-1.863565295934677124e-01,8.272190093994140625e-01,-1.667617447674274445e-02,-1.365710794925689697e-02,6.917123794555664062e-01,-7.218513488769531250e-01,-2.594232000410556793e-02,6.698966026306152344e-02,2.095868140459060669e-01,9.355088323354721069e-02,-8.430266380310058594e-02,-8.252566307783126831e-02,-4.653717204928398132e-02,-7.989467680454254150e-02,-2.204222381114959717e-01,1.153561845421791077e-01,-8.996167778968811035e-02,5.863076075911521912e-02,-3.453214094042778015e-02,3.229413330554962158e-01,4.219362735748291016e-01,-5.584751814603805542e-02,-5.078225731849670410e-01,-1.223172023892402649e-01,4.509795829653739929e-02,-5.348386168479919434e-01,2.290444672107696533e-01,-1.857648640871047974e-01,7.224950939416885376e-02,-2.667211554944515228e-02
-1.096710801124572754e+00,-1.863056868314743042e-01,8.272213339805603027e-01,-1.671200618147850037e-02,-1.365670375525951385e-02,6.916791200637817383e-01,-7.218824028968811035e-01,-2.610460296273231506e-02,6.688074022531509399e-02,2.094101160764694214e-01,9.359361231327056885e-02,-8.426983654499053955e-02,-8.249938488006591797e-02,-4.640184715390205383e-02,-7.995820790529251099e-02,-2.205679416656494141e-01,1.149346008896827698e-01,-8.974136412143707275e-02,5.865127965807914734e-02,-3.445801883935928345e-02,3.229642510414123535e-01,4.219273924827575684e-01,-5.583575740456581116e-02,-5.079880952835083008e-01,-1.222681999206542969e-01,4.514042288064956665e-02,-5.349225401878356934e-01,2.288765758275985718e-01,-1.857526898384094238e-01,7.218847423791885376e-02,-2.673055231571197510e-02
-1.096678376197814941e+00,-1.862625330686569214e-01,8.272221684455871582e-01,-1.674883253872394562e-02,-1.364932302385568619e-02,6.916072368621826172e-01,-7.219505310058593750e-01,-2.628672868013381958e-02,6.675583124160766602e-02,2.091820985078811646e-01,9.361299872398376465e-02,-8.418395370244979858e-02,-8.246591687202453613e-02,-4.659457132220268250e-02,-8.010818064212799072e-02,-2.206670790910720825e-01,1.151470765471458435e-01,-8.979416638612747192e-02,5.867732688784599304e-02,-3.449951112270355225e-02,3.229804933071136475e-01,4.219130277633666992e-01,-5.583427846431732178e-02,-5.081676840782165527e-01,-1.222061440348625183e-01,4.518670588731765747e-02,-5.350096821784973145e-01,2.287118285894393921e-01,-1.857404112815856934e-01,7.212794572114944458e-02,-2.683195099234580994e-02
-1.096662163734436035e+00,-1.862194985151290894e-01,8.272202610969543457e-01,-1.677889935672283173e-02,-1.362932566553354263e-02,6.915033459663391113e-01,-7.220497727394104004e-01,-2.652118355035781860e-02,6.666950881481170654e-02,2.089252173900604248e-01,9.374176710844039917e-02,-8.412349224090576172e-02,-8.246872574090957642e-02,-4.693775251507759094e-02,-8.029632270336151123e-02,-2.208015620708465576e-01,1.157838702201843262e-01,-9.007888287305831909e-02,5.871131271123886108e-02,-3.455093875527381897e-02,3.229908347129821777e-01,4.218955039978027344e-01,-5.584619194269180298e-02,-5.083472728729248047e-01,-1.221463754773139954e-01,4.524122923612594604e-02,-5.351065993309020996e-01,2.285432964563369751e-01,-1.857013702392578125e-01,7.207332551479339600e-02,-2.695561759173870087e-02
-1.096637845039367676e+00,-1.861947476863861084e-01,8.272296786308288574e-01,-1.685992628335952759e-02,-1.365692913532257080e-02,6.914495825767517090e-01,-7.220988273620605469e-01,-2.676242217421531677e-02,6.654882431030273438e-02,2.087592482566833496e-01,9.375279396772384644e-02,-8.406925946474075317e-02,-8.245375752449035645e-02,-4.690030217170715332e-02,-8.037888258695602417e-02,-2.209268957376480103e-01,1.154123768210411072e-01,-8.990719169378280640e-02,5.875472351908683777e-02,-3.460977599024772644e-02,3.229987621307373047e-01,4.219008088111877441e-01,-5.586900934576988220e-02,-5.085453391075134277e-01,-1.220730021595954895e-01,4.528465494513511658e-02,-5.351894497871398926e-01,2.283779382705688477e-01,-1.856921613216400146e-01,7.204388827085494995e-02,-2.706355601549148560e-02
-1.096621751785278320e+00,-1.861771941184997559e-01,8.272279500961303711e-01,-1.689626090228557587e-02,-1.363519113510847092e-02,6.913742423057556152e-01,-7.221705317497253418e-01,-2.689292654395103455e-02,6.645203381776809692e-02,2.086736112833023071e-01,9.382314234972000122e-02,-8.400282263755798340e-02,-8.252202719449996948e-02,-4.720912128686904907e-02,-8.058129251003265381e-02,-2.210310250520706177e-01,1.159422770142555237e-01,-9.008985012769699097e-02,5.884820967912673950e-02,-3.471138328313827515e-02,3.230128288269042969e-01,4.219178259372711182e-01,-5.589637532830238342e-02,-5.087152719497680664e-01,-1.219868808984756470e-01,4.532654955983161926e-02,-5.352745056152343750e-01,2.282131314277648926e-01,-1.856804639101028442e-01,7.203578948974609375e-02,-2.719247527420520782e-02
-1.096589326858520508e+00,-1.861478835344314575e-01,8.272282481193542480e-01,-1.697737351059913635e-02,-1.364061888307332993e-02,6.913257837295532227e-01,-7.222148776054382324e-01,-2.706402726471424103e-02,6.627664715051651001e-02,2.084878534078598022e-01,9.376089274883270264e-02,-8.390232920646667480e-02,-8.250000327825546265e-02,-4.737481847405433655e-02,-8.075926452875137329e-02,-2.210584133863449097e-01,1.160106509923934937e-01,-9.015102684497833252e-02,5.891820788383483887e-02,-3.470643237233161926e-02,3.230257034301757812e-01,4.219568073749542236e-01,-5.592525377869606018e-02,-5.088648200035095215e-01,-1.219004169106483459e-01,4.536496475338935852e-02,-5.353537201881408691e-01,2.280514091253280640e-01,-1.856720894575119019e-01,7.205146551132202148e-02,-2.734543010592460632e-02
-1.096564888954162598e+00,-1.861124783754348755e-01,8.272370696067810059e-01,-1.703501492738723755e-02,-1.364225521683692932e-02,6.912794709205627441e-01,-7.222578525543212891e-01,-2.729672752320766449e-02,6.615647673606872559e-02,2.083438783884048462e-01,9.383101761341094971e-02,-8.384418487548828125e-02,-8.247026801109313965e-02,-4.753012210130691528e-02,-8.090085536241531372e-02,-2.211257219314575195e-01,1.160531416535377502e-01,-9.012049436569213867e-02,5.899363011121749878e-02,-3.469858691096305847e-02,3.230452537536621094e-01,4.220215678215026855e-01,-5.596115067601203918e-02,-5.089730024337768555e-01,-1.218384653329849243e-01,4.540080577135086060e-02,-5.354183912277221680e-01,2.278899997472763062e-01,-1.856657266616821289e-01,7.207756489515304565e-02,-2.750166133046150208e-02
-1.096540331840515137e+00,-1.860726028680801392e-01,8.272383809089660645e-01,-1.708019897341728210e-02,-1.363644097000360489e-02,6.912493705749511719e-01,-7.222857475280761719e-01,-2.747593261301517487e-02,6.603969633579254150e-02,2.081908136606216431e-01,9.388168901205062866e-02,-8.379365503787994385e-02,-8.244013786315917969e-02,-4.746494442224502563e-02,-8.097941428422927856e-02,-2.211517393589019775e-01,1.157361716032028198e-01,-8.991034328937530518e-02,5.907260626554489136e-02,-3.470443934202194214e-02,3.230772018432617188e-01,4.221269786357879639e-01,-5.600150302052497864e-02,-5.090168118476867676e-01,-1.218090578913688660e-01,4.543979465961456299e-02,-5.354630351066589355e-01,2.277389764785766602e-01,-1.856600195169448853e-01,7.213328778743743896e-02,-2.765788696706295013e-02
-1.096524119377136230e+00,-1.860452741384506226e-01,8.272382616996765137e-01,-1.712146215140819550e-02,-1.361926365643739700e-02,6.911846995353698730e-01,-7.223469614982604980e-01,-2.760527469217777252e-02,6.591790169477462769e-02,2.080459296703338623e-01,9.392365068197250366e-02,-8.376657962799072266e-02,-8.241419494152069092e-02,-4.764829948544502258e-02,-8.114177733659744263e-02,-2.211753726005554199e-01,1.160077303647994995e-01,-9.001001715660095215e-02,5.914421752095222473e-02,-3.478590026497840881e-02,3.231128156185150146e-01,4.222459197044372559e-01,-5.606666952371597290e-02,-5.090454816818237305e-01,-1.218211352825164795e-01,4.548289999365806580e-02,-5.355098843574523926e-01,2.275920361280441284e-01,-1.856404840946197510e-01,7.221175730228424072e-02,-2.783005498349666595e-02
-1.096491575241088867e+00,-1.860185265541076660e-01,8.272395133972167969e-01,-1.719322986900806427e-02,-1.362833380699157715e-02,6.911388635635375977e-01,-7.223889231681823730e-01,-2.785688079893589020e-02,6.580310314893722534e-02,2.080513238906860352e-01,9.398966282606124878e-02,-8.369832485914230347e-02,-8.240848034620285034e-02,-4.774841666221618652e-02,-8.127769827842712402e-02,-2.212462872266769409e-01,1.159878820180892944e-01,-9.004339575767517090e-02,5.909736454486846924e-02,-3.487432375550270081e-02,3.231343626976013184e-01,4.223688840866088867e-01,-5.614239349961280823e-02,-5.090988278388977051e-01,-1.218525469303131104e-01,4.551892727613449097e-02,-5.355362892150878906e-01,2.274547368288040161e-01,-1.856513023376464844e-01,7.231288403272628784e-02,-2.797922119498252869e-02
-1.096475362777709961e+00,-1.859972625970840454e-01,8.272386193275451660e-01,-1.721747778356075287e-02,-1.359889470040798187e-02,6.911062002182006836e-01,-7.224201560020446777e-01,-2.792905829846858978e-02,6.570040434598922729e-02,2.080335766077041626e-01,9.406332671642303467e-02,-8.369594067335128784e-02,-8.238965272903442383e-02,-4.796492680907249451e-02,-8.144436776638031006e-02,-2.213050574064254761e-01,1.163781434297561646e-01,-9.021456539630889893e-02,5.905298516154289246e-02,-3.491102159023284912e-02,3.231603801250457764e-01,4.224826395511627197e-01,-5.623216181993484497e-02,-5.091390013694763184e-01,-1.219042837619781494e-01,4.555899649858474731e-02,-5.355534553527832031e-01,2.273240834474563599e-01,-1.856521368026733398e-01,7.243360579013824463e-02,-2.808844856917858124e-02
-1.096442699432373047e+00,-1.859599351882934570e-01,8.272411227226257324e-01,-1.725636050105094910e-02,-1.359542272984981537e-02,6.911069154739379883e-01,-7.224186062812805176e-01,-2.806522324681282043e-02,6.558161228895187378e-02,2.079532891511917114e-01,9.407981485128402710e-02,-8.363135904073715210e-02,-8.233208209276199341e-02,-4.784078896045684814e-02,-8.149688690900802612e-02,-2.213544547557830811e-01,1.159225478768348694e-01,-8.996411412954330444e-02,5.900515988469123840e-02,-3.486300259828567505e-02,3.231816291809082031e-01,4.225981533527374268e-01,-5.632298067212104797e-02,-5.091801285743713379e-01,-1.219558417797088623e-01,4.560199007391929626e-02,-5.355387330055236816e-01,2.272010743618011475e-01,-1.856603920459747314e-01,7.256280630826950073e-02,-2.814560011029243469e-02
