-1.339829921722412109e+00,-2.471670359373092651e-01,1.019111514091491699e+00,2.773216180503368378e-02,1.937762461602687836e-02,-7.098039984703063965e-01,7.035863399505615234e-01,-1.138683706521987915e-01,5.708625912666320801e-02,1.498399972915649414e-01,1.048862487077713013e-01,-6.150012463331222534e-02,-7.836660742759704590e-02,-1.609969735145568848e-01,-7.693330943584442139e-02,-1.317028254270553589e-01,1.664160490036010742e-01,-6.746228039264678955e-02,5.255813896656036377e-02,-3.968411684036254883e-02,3.275365531444549561e-01,3.282411396503448486e-01,-6.725186109542846680e-02,-5.003247857093811035e-01,-1.525445133447647095e-01,2.055052816867828369e-01,-4.181938171386718750e-01,6.718673557043075562e-02,-2.872996628284454346e-01,1.377471387386322021e-01,-7.907934486865997314e-02,2.164302393794059753e-02
-1.339830160140991211e+00,-2.472357004880905151e-01,1.019111156463623047e+00,2.773584611713886261e-02,1.936880126595497131e-02,-7.097908258438110352e-01,7.035996913909912109e-01,-1.138797327876091003e-01,5.703604966402053833e-02,1.497987210750579834e-01,1.051339432597160339e-01,-6.163152307271957397e-02,-7.837791740894317627e-02,-1.608980596065521240e-01,-7.694178819656372070e-02,-1.316871941089630127e-01,1.664291024208068848e-01,-6.755595654249191284e-02,5.256397277116775513e-02,-3.982168808579444885e-02,3.275181651115417480e-01,3.288596272468566895e-01,-6.814384460449218750e-02,-5.006493330001831055e-01,-1.464020609855651855e-01,2.062885910272598267e-01,-4.184760153293609619e-01,6.717208772897720337e-02,-2.901470959186553955e-01,1.351568996906280518e-01,-7.941249012947082520e-02,2.173127047717571259e-02
-1.339830398559570312e+00,-2.473064064979553223e-01,1.019110560417175293e+00,2.772694826126098633e-02,1.933280751109123230e-02,-7.097871899604797363e-01,7.036047577857971191e-01,-1.138673499226570129e-01,5.698763206601142883e-02,1.498109847307205200e-01,1.052981093525886536e-01,-6.172354891896247864e-02,-7.838279008865356445e-02,-1.606912463903427124e-01,-7.698405534029006958e-02,-1.317085772752761841e-01,1.664784997701644897e-01,-6.773708015680313110e-02,5.258570611476898193e-02,-3.983383998274803162e-02,3.274922072887420654e-01,3.295070827007293701e-01,-6.899006664752960205e-02,-5.008709430694580078e-01,-1.414783447980880737e-01,2.071411162614822388e-01,-4.187450706958770752e-01,6.716759502887725830e-02,-2.923143208026885986e-01,1.329902410507202148e-01,-7.980932295322418213e-02,2.185733430087566376e-02
-1.339830756187438965e+00,-2.473504394292831421e-01,1.019100189208984375e+00,2.771685272455215454e-02,1.927807368338108063e-02,-7.097863554954528809e-01,7.036074399948120117e-01,-1.137858256697654724e-01,5.691106617450714111e-02,1.498157382011413574e-01,1.054884120821952820e-01,-6.177423149347305298e-02,-7.838584482669830322e-02,-1.605125367641448975e-01,-7.705453038215637207e-02,-1.317042857408523560e-01,1.664774864912033081e-01,-6.782012432813644409e-02,5.260463058948516846e-02,-3.991185873746871948e-02,3.275147080421447754e-01,3.302157819271087646e-01,-6.990672647953033447e-02,-5.010243654251098633e-01,-1.374488025903701782e-01,2.080952525138854980e-01,-4.189811050891876221e-01,6.730957329273223877e-02,-2.939868867397308350e-01,1.311741620302200317e-01,-8.016414195299148560e-02,2.202540449798107147e-02
-1.339830994606018066e+00,-2.474151402711868286e-01,1.019099354743957520e+00,2.770319394767284393e-02,1.921991072595119476e-02,-7.098242640495300293e-01,7.035713791847229004e-01,-1.137289926409721375e-01,5.688257515430450439e-02,1.499185264110565186e-01,1.055304333567619324e-01,-6.186699122190475464e-02,-7.837483286857604980e-02,-1.601216644048690796e-01,-7.711480557918548584e-02,-1.318235099315643311e-01,1.664309501647949219e-01,-6.804389506578445435e-02,5.263565853238105774e-02,-3.989604860544204712e-02,3.275254964828491211e-01,3.309188187122344971e-01,-7.075557857751846313e-02,-5.011322498321533203e-01,-1.341044753789901733e-01,2.089500129222869873e-01,-4.191852509975433350e-01,6.733523309230804443e-02,-2.955453991889953613e-01,1.295740604400634766e-01,-8.060056716203689575e-02,2.224580757319927216e-02
-1.339830994606018066e+00,-2.474562227725982666e-01,1.019109845161437988e+00,2.766751870512962341e-02,1.918638870120048523e-02,-7.098339796066284180e-01,7.035638689994812012e-01,-1.135976091027259827e-01,5.687323957681655884e-02,1.498339474201202393e-01,1.057015582919120789e-01,-6.188402697443962097e-02,-7.839351147413253784e-02,-1.600474715232849121e-01,-7.711234688758850098e-02,-1.318382471799850464e-01,1.663235723972320557e-01,-6.791763007640838623e-02,5.263022705912590027e-02,-3.988205641508102417e-02,3.275429308414459229e-01,3.315900564193725586e-01,-7.162000983953475952e-02,-5.012541413307189941e-01,-1.313218921422958374e-01,2.098754048347473145e-01,-4.194480478763580322e-01,6.764739751815795898e-02,-2.968723475933074951e-01,1.281414031982421875e-01,-8.096554130315780640e-02,2.244078926742076874e-02
-1.339830994606018066e+00,-2.475022822618484497e-01,1.019109845161437988e+00,2.760561369359493256e-02,1.913689076900482178e-02,-7.098248600959777832e-01,7.035768628120422363e-01,-1.134795546531677246e-01,5.691627040505409241e-02,1.498107016086578369e-01,1.058000326156616211e-01,-6.190154328942298889e-02,-7.839675247669219971e-02,-1.599598526954650879e-01,-7.711862027645111084e-02,-1.318418532609939575e-01,1.662897616624832153e-01,-6.780919432640075684e-02,5.263679847121238708e-02,-3.987101837992668152e-02,3.275526165962219238e-01,3.321883976459503174e-01,-7.244163751602172852e-02,-5.013048052787780762e-01,-1.289857625961303711e-01,2.107204347848892212e-01,-4.197011888027191162e-01,6.786087155342102051e-02,-2.980735301971435547e-01,1.269597411155700684e-01,-8.132392913103103638e-02,2.264206670224666595e-02
-1.339831113815307617e+00,-2.475615590810775757e-01,1.019109725952148438e+00,2.757643535733222961e-02,1.910407096147537231e-02,-7.098186612129211426e-01,7.035851478576660156e-01,-1.133562922477722168e-01,5.692152678966522217e-02,1.497649401426315308e-01,1.057909280061721802e-01,-6.187008693814277649e-02,-7.838372886180877686e-02,-1.598352789878845215e-01,-7.710049301385879517e-02,-1.317590177059173584e-01,1.662025600671768188e-01,-6.775637716054916382e-02,5.262466147541999817e-02,-3.988356888294219971e-02,3.275860846042633057e-01,3.327588438987731934e-01,-7.329879701137542725e-02,-5.014371275901794434e-01,-1.269786357879638672e-01,2.115198075771331787e-01,-4.199862480163574219e-01,6.815159320831298828e-02,-2.992499470710754395e-01,1.259035468101501465e-01,-8.169399946928024292e-02,2.281030826270580292e-02
-1.339831352233886719e+00,-2.475925981998443604e-01,1.019109487533569336e+00,2.754729799926280975e-02,1.907045766711235046e-02,-7.098463773727416992e-01,7.035592198371887207e-01,-1.132218390703201294e-01,5.691646412014961243e-02,1.496737450361251831e-01,1.059324815869331360e-01,-6.180935725569725037e-02,-7.839384675025939941e-02,-1.595847457647323608e-01,-7.709829509258270264e-02,-1.317163109779357910e-01,1.660996377468109131e-01,-6.780334562063217163e-02,5.264493077993392944e-02,-3.984061256051063538e-02,3.276410698890686035e-01,3.332944512367248535e-01,-7.415445148944854736e-02,-5.015478730201721191e-01,-1.252725273370742798e-01,2.122526317834854126e-01,-4.202477633953094482e-01,6.838411092758178711e-02,-3.003062605857849121e-01,1.249649152159690857e-01,-8.200821280479431152e-02,2.292678691446781158e-02
-1.339861273765563965e+00,-2.476518452167510986e-01,1.019109487533569336e+00,2.753494493663311005e-02,1.902967691421508789e-02,-7.098650932312011719e-01,7.035419344902038574e-01,-1.131362244486808777e-01,5.692832544445991516e-02,1.496638804674148560e-01,1.059869155287742615e-01,-6.179804354906082153e-02,-7.838618755340576172e-02,-1.594089865684509277e-01,-7.709478586912155151e-02,-1.318072676658630371e-01,1.660639941692352295e-01,-6.786183267831802368e-02,5.260980129241943359e-02,-3.982261568307876587e-02,3.276667296886444092e-01,3.337987661361694336e-01,-7.498606294393539429e-02,-5.017353296279907227e-01,-1.238124966621398926e-01,2.130058854818344116e-01,-4.204871952533721924e-01,6.874250620603561401e-02,-3.012168109416961670e-01,1.241631433367729187e-01,-8.227116614580154419e-02,2.297883108258247375e-02
-1.339890956878662109e+00,-2.476798146963119507e-01,1.019119143486022949e+00,2.748482674360275269e-02,1.893297955393791199e-02,-7.098875045776367188e-01,7.035238742828369141e-01,-1.129339337348937988e-01,5.704613402485847473e-02,1.497295796871185303e-01,1.060516461730003357e-01,-6.182740256190299988e-02,-7.837397605180740356e-02,-1.592040061950683594e-01,-7.702826708555221558e-02,-1.320552825927734375e-01,1.662904471158981323e-01,-6.808268278837203979e-02,5.245447158813476562e-02,-3.982384875416755676e-02,3.276780843734741211e-01,3.343099057674407959e-01,-7.577576488256454468e-02,-5.018912553787231445e-01,-1.225960925221443176e-01,2.137016057968139648e-01,-4.206787049770355225e-01,6.902370601892471313e-02,-3.020685911178588867e-01,1.235461011528968811e-01,-8.252913504838943481e-02,2.299476042389869690e-02
-1.339941501617431641e+00,-2.477122694253921509e-01,1.019119024276733398e+00,2.745616063475608826e-02,1.890422217547893524e-02,-7.098922729492187500e-01,7.035210132598876953e-01,-1.128063872456550598e-01,5.707756802439689636e-02,1.497526317834854126e-01,1.060040369629859924e-01,-6.183715537190437317e-02,-7.838798314332962036e-02,-1.589697450399398804e-01,-7.701973617076873779e-02,-1.322131901979446411e-01,1.662020236253738403e-01,-6.814298778772354126e-02,5.244973301887512207e-02,-3.987218439579010010e-02,3.276965022087097168e-01,3.348153829574584961e-01,-7.658758759498596191e-02,-5.020855665206909180e-01,-1.214838325977325439e-01,2.143233716487884521e-01,-4.208693802356719971e-01,6.924990564584732056e-02,-3.028351068496704102e-01,1.231183409690856934e-01,-8.280350267887115479e-02,2.299484051764011383e-02
-1.339971423149108887e+00,-2.477406263351440430e-01,1.019119262695312500e+00,2.740993164479732513e-02,1.887293718755245209e-02,-7.098626494407653809e-01,7.035534977912902832e-01,-1.126856282353401184e-01,5.716859549283981323e-02,1.498092114925384521e-01,1.060368865728378296e-01,-6.186975166201591492e-02,-7.843209058046340942e-02,-1.588121503591537476e-01,-7.694220542907714844e-02,-1.322682499885559082e-01,1.661558449268341064e-01,-6.814461946487426758e-02,5.239113792777061462e-02,-4.003899544477462769e-02,3.277124166488647461e-01,3.352285921573638916e-01,-7.735733687877655029e-02,-5.023375749588012695e-01,-1.204363554716110229e-01,2.148659527301788330e-01,-4.210674166679382324e-01,6.944780796766281128e-02,-3.036304116249084473e-01,1.228181347250938416e-01,-8.302171528339385986e-02,2.299964241683483124e-02
-1.340021729469299316e+00,-2.477750331163406372e-01,1.019119501113891602e+00,2.738945372402667999e-02,1.885020546615123749e-02,-7.098364830017089844e-01,7.035812735557556152e-01,-1.125840768218040466e-01,5.719519779086112976e-02,1.498094350099563599e-01,1.060183867812156677e-01,-6.184414401650428772e-02,-7.847598940134048462e-02,-1.586673855781555176e-01,-7.688038796186447144e-02,-1.321604400873184204e-01,1.660606861114501953e-01,-6.814588606357574463e-02,5.234606564044952393e-02,-4.004766419529914856e-02,3.277511000633239746e-01,3.356402218341827393e-01,-7.810521870851516724e-02,-5.025088787078857422e-01,-1.195398420095443726e-01,2.153766751289367676e-01,-4.212562441825866699e-01,6.964014470577239990e-02,-3.043790161609649658e-01,1.225977465510368347e-01,-8.321073651313781738e-02,2.298813872039318085e-02
-1.340061783790588379e+00,-2.478022873401641846e-01,1.019119501113891602e+00,2.736634202301502228e-02,1.883058995008468628e-02,-7.098347544670104980e-01,7.035844922065734863e-01,-1.124932989478111267e-01,5.724342912435531616e-02,1.499003171920776367e-01,1.060164049267768860e-01,-6.184745579957962036e-02,-7.852227240800857544e-02,-1.585339307785034180e-01,-7.681605964899063110e-02,-1.321226507425308228e-01,1.659798622131347656e-01,-6.814570724964141846e-02,5.230015143752098083e-02,-4.014225304126739502e-02,3.277778029441833496e-01,3.359952569007873535e-01,-7.879213243722915649e-02,-5.027254223823547363e-01,-1.187385469675064087e-01,2.158318758010864258e-01,-4.214524030685424805e-01,6.976592540740966797e-02,-3.051060140132904053e-01,1.224636361002922058e-01,-8.335790783166885376e-02,2.295590378344058990e-02
-1.340091824531555176e+00,-2.478092759847640991e-01,1.019129157066345215e+00,2.729285322129726410e-02,1.876848563551902771e-02,-7.098478674888610840e-01,7.035757899284362793e-01,-1.122855767607688904e-01,5.728225037455558777e-02,1.499277353286743164e-01,1.061081960797309875e-01,-6.185171753168106079e-02,-7.856699079275131226e-02,-1.582879573106765747e-01,-7.673947513103485107e-02,-1.320922672748565674e-01,1.659633219242095947e-01,-6.818397343158721924e-02,5.224740132689476013e-02,-4.010893404483795166e-02,3.277999758720397949e-01,3.362472355365753174e-01,-7.942464202642440796e-02,-5.029081106185913086e-01,-1.180110797286033630e-01,2.163013517856597900e-01,-4.215844273567199707e-01,6.996735930442810059e-02,-3.056764006614685059e-01,1.224127411842346191e-01,-8.355258405208587646e-02,2.288483455777168274e-02
-1.340142011642456055e+00,-2.478156685829162598e-01,1.019129276275634766e+00,2.726844139397144318e-02,1.874973997473716736e-02,-7.098578214645385742e-01,7.035672068595886230e-01,-1.121281236410140991e-01,5.734411999583244324e-02,1.500513404607772827e-01,1.061046496033668518e-01,-6.181171908974647522e-02,-7.863016426563262939e-02,-1.580920070409774780e-01,-7.668764889240264893e-02,-1.321937143802642822e-01,1.658640950918197632e-01,-6.821648031473159790e-02,5.221433937549591064e-02,-4.012916982173919678e-02,3.278085589408874512e-01,3.364484608173370361e-01,-8.002015203237533569e-02,-5.031428933143615723e-01,-1.173164248466491699e-01,2.167156040668487549e-01,-4.217309951782226562e-01,7.011708617210388184e-02,-3.062248528003692627e-01,1.224334910511970520e-01,-8.371869474649429321e-02,2.272778563201427460e-02
-1.340192079544067383e+00,-2.478160411119461060e-01,1.019129395484924316e+00,2.725682593882083893e-02,1.873534359037876129e-02,-7.098698019981384277e-01,7.035558819770812988e-01,-1.120012179017066956e-01,5.740886926651000977e-02,1.501525342464447021e-01,1.061068028211593628e-01,-6.176720559597015381e-02,-7.872854918241500854e-02,-1.579554826021194458e-01,-7.665469497442245483e-02,-1.323321163654327393e-01,1.657840907573699951e-01,-6.823205947875976562e-02,5.217982828617095947e-02,-4.016400128602981567e-02,3.278121054172515869e-01,3.366333544254302979e-01,-8.057714998722076416e-02,-5.033322572708129883e-01,-1.166310459375381470e-01,2.170831561088562012e-01,-4.219004511833190918e-01,7.022880017757415771e-02,-3.067043423652648926e-01,1.225034967064857483e-01,-8.387098461389541626e-02,2.245247550308704376e-02
-1.340222358703613281e+00,-2.478264719247817993e-01,1.019129633903503418e+00,2.724153734743595123e-02,1.870093680918216705e-02,-7.098769545555114746e-01,7.035502195358276367e-01,-1.119321808218955994e-01,5.744879692792892456e-02,1.501267701387405396e-01,1.059918552637100220e-01,-6.169487163424491882e-02,-7.878795266151428223e-02,-1.578843891620635986e-01,-7.664611190557479858e-02,-1.324388533830642700e-01,1.657737940549850464e-01,-6.822523474693298340e-02,5.213344842195510864e-02,-4.009805247187614441e-02,3.277903795242309570e-01,3.367762863636016846e-01,-8.104953169822692871e-02,-5.034791231155395508e-01,-1.159741431474685669e-01,2.173910588026046753e-01,-4.220441877841949463e-01,7.032795995473861694e-02,-3.072681725025177002e-01,1.225649192929267883e-01,-8.402010053396224976e-02,2.218280546367168427e-02
-1.340282320976257324e+00,-2.478326112031936646e-01,1.019139647483825684e+00,2.722319588065147400e-02,1.868289150297641754e-02,-7.098650336265563965e-01,7.035634517669677734e-01,-1.118953675031661987e-01,5.749861150979995728e-02,1.500531435012817383e-01,1.059816107153892517e-01,-6.164540722966194153e-02,-7.885969430208206177e-02,-1.577685028314590454e-01,-7.659082859754562378e-02,-1.324993222951889038e-01,1.657256335020065308e-01,-6.824352592229843140e-02,5.208173766732215881e-02,-4.007400572299957275e-02,3.277283608913421631e-01,3.368677198886871338e-01,-8.146370947360992432e-02,-5.036033987998962402e-01,-1.153392717242240906e-01,2.176702469587326050e-01,-4.222006797790527344e-01,7.040349394083023071e-02,-3.077850043773651123e-01,1.226111650466918945e-01,-8.416554331779479980e-02,2.187332510948181152e-02
-1.340332508087158203e+00,-2.478386759757995605e-01,1.019139647483825684e+00,2.721386216580867767e-02,1.866848766803741455e-02,-7.098526954650878906e-01,7.035766243934631348e-01,-1.118541508913040161e-01,5.752537027001380920e-02,1.500321328639984131e-01,1.059587150812149048e-01,-6.160988286137580872e-02,-7.893858104944229126e-02,-1.577089577913284302e-01,-7.654935121536254883e-02,-1.326110959053039551e-01,1.656959503889083862e-01,-6.824278086423873901e-02,5.202488601207733154e-02,-4.009521380066871643e-02,3.276497423648834229e-01,3.369261622428894043e-01,-8.184904605150222778e-02,-5.037729144096374512e-01,-1.147444024682044983e-01,2.178956568241119385e-01,-4.223394095897674561e-01,7.037006318569183350e-02,-3.082783818244934082e-01,1.225961372256278992e-01,-8.432487398386001587e-02,2.160922810435295105e-02
-1.340382575988769531e+00,-2.478438317775726318e-01,1.019139885902404785e+00,2.721845731139183044e-02,1.866018027067184448e-02,-7.098340988159179688e-01,7.035953998565673828e-01,-1.118154674768447876e-01,5.756721273064613342e-02,1.500033885240554810e-01,1.058876588940620422e-01,-6.155098229646682739e-02,-7.900038361549377441e-02,-1.576938182115554810e-01,-7.651294767856597900e-02,-1.326870620250701904e-01,1.656911075115203857e-01,-6.825423985719680786e-02,5.196335539221763611e-02,-4.018453136086463928e-02,3.275807201862335205e-01,3.369861841201782227e-01,-8.226774632930755615e-02,-5.038797855377197266e-01,-1.141734346747398376e-01,2.181000560522079468e-01,-4.224760532379150391e-01,7.032275944948196411e-02,-3.087084293365478516e-01,1.226151883602142334e-01,-8.452215790748596191e-02,2.133033238351345062e-02
-1.340432643890380859e+00,-2.478528320789337158e-01,1.019139766693115234e+00,2.722534723579883575e-02,1.864706166088581085e-02,-7.098208069801330566e-01,7.036089301109313965e-01,-1.117589473724365234e-01,5.760865658521652222e-02,1.499554216861724854e-01,1.058535352349281311e-01,-6.150777265429496765e-02,-7.906082272529602051e-02,-1.577047854661941528e-01,-7.647154480218887329e-02,-1.327695548534393311e-01,1.657118201255798340e-01,-6.826590746641159058e-02,5.188257247209548950e-02,-4.022273048758506775e-02,3.274685144424438477e-01,3.370208740234375000e-01,-8.262751996517181396e-02,-5.039693117141723633e-01,-1.136685535311698914e-01,2.182676494121551514e-01,-4.225799143314361572e-01,7.021263986825942993e-02,-3.090884983539581299e-01,1.226206943392753601e-01,-8.479921519756317139e-02,2.112515270709991455e-02
-1.340472817420959473e+00,-2.478627413511276245e-01,1.019139766693115234e+00,2.726325578987598419e-02,1.866046153008937836e-02,-7.097917795181274414e-01,7.036363482475280762e-01,-1.116944774985313416e-01,5.763974785804748535e-02,1.499992161989212036e-01,1.056942567229270935e-01,-6.140716373920440674e-02,-7.912809401750564575e-02,-1.577120572328567505e-01,-7.643834501504898071e-02,-1.328645348548889160e-01,1.657366007566452026e-01,-6.836293637752532959e-02,5.181596055626869202e-02,-4.025628045201301575e-02,3.273552656173706055e-01,3.370364308357238770e-01,-8.299218863248825073e-02,-5.040640830993652344e-01,-1.132280007004737854e-01,2.184031307697296143e-01,-4.226506948471069336e-01,7.006736844778060913e-02,-3.094410002231597900e-01,1.226199418306350708e-01,-8.508878201246261597e-02,2.094990946352481842e-02
-1.340552926063537598e+00,-2.478716522455215454e-01,1.019149541854858398e+00,2.730590850114822388e-02,1.869979314506053925e-02,-7.098004817962646484e-01,7.036248445510864258e-01,-1.116750910878181458e-01,5.768135935068130493e-02,1.500797122716903687e-01,1.055832281708717346e-01,-6.128344312310218811e-02,-7.924273610115051270e-02,-1.576088517904281616e-01,-7.642441242933273315e-02,-1.330582499504089355e-01,1.656360924243927002e-01,-6.847285479307174683e-02,5.181618407368659973e-02,-4.025718197226524353e-02,3.272427618503570557e-01,3.370482027530670166e-01,-8.338575065135955811e-02,-5.041640996932983398e-01,-1.128011494874954224e-01,2.185230255126953125e-01,-4.226976037025451660e-01,6.991833448410034180e-02,-3.097406327724456787e-01,1.225636228919029236e-01,-8.539905399084091187e-02,2.078503742814064026e-02
-1.340602993965148926e+00,-2.478837817907333374e-01,1.019149899482727051e+00,2.730924822390079498e-02,1.868806965649127960e-02,-7.097747921943664551e-01,7.036510109901428223e-01,-1.115970909595489502e-01,5.772574245929718018e-02,1.500981450080871582e-01,1.054138466715812683e-01,-6.117409467697143555e-02,-7.931394875049591064e-02,-1.575789898633956909e-01,-7.640904188156127930e-02,-1.330960094928741455e-01,1.655910909175872803e-01,-6.845214962959289551e-02,5.177709460258483887e-02,-4.031708836555480957e-02,3.271165490150451660e-01,3.370603322982788086e-01,-8.377327769994735718e-02,-5.042219758033752441e-01,-1.124495565891265869e-01,2.186455279588699341e-01,-4.227509498596191406e-01,6.982143968343734741e-02,-3.100607395172119141e-01,1.224375441670417786e-01,-8.575832843780517578e-02,2.067354880273342133e-02
-1.340653061866760254e+00,-2.478941082954406738e-01,1.019150376319885254e+00,2.731270529329776764e-02,1.867275685071945190e-02,-7.097615599632263184e-01,7.036646008491516113e-01,-1.115297749638557434e-01,5.775098875164985657e-02,1.500574797391891479e-01,1.052091494202613831e-01,-6.104389205574989319e-02,-7.937049865722656250e-02,-1.576663851737976074e-01,-7.638883590698242188e-02,-1.330559551715850830e-01,1.656461507081985474e-01,-6.842041760683059692e-02,5.171741172671318054e-02,-4.030838981270790100e-02,3.269742727279663086e-01,3.370563089847564697e-01,-8.414250612258911133e-02,-5.043084621429443359e-01,-1.120954826474189758e-01,2.187627106904983521e-01,-4.227897524833679199e-01,6.972662359476089478e-02,-3.103748857975006104e-01,1.222948208451271057e-01,-8.607808500528335571e-02,2.067403495311737061e-02
-1.340723037719726562e+00,-2.479012161493301392e-01,1.019150733947753906e+00,2.731738425791263580e-02,1.865328662097454071e-02,-7.097471356391906738e-01,7.036794424057006836e-01,-1.115040257573127747e-01,5.776337906718254089e-02,1.500599384307861328e-01,1.050734594464302063e-01,-6.092031672596931458e-02,-7.945462316274642944e-02,-1.578151285648345947e-01,-7.636979222297668457e-02,-1.329972445964813232e-01,1.657809019088745117e-01,-6.840804964303970337e-02,5.164297670125961304e-02,-4.035574197769165039e-02,3.268337845802307129e-01,3.370473682880401611e-01,-8.450616151094436646e-02,-5.043463706970214844e-01,-1.117922440171241760e-01,2.188778221607208252e-01,-4.227910041809082031e-01,6.962190568447113037e-02,-3.106537759304046631e-01,1.221463456749916077e-01,-8.637382835149765015e-02,2.067377790808677673e-02
-1.340782880783081055e+00,-2.479069679975509644e-01,1.019160628318786621e+00,2.733006142079830170e-02,1.863815449178218842e-02,-7.097343206405639648e-01,7.036923170089721680e-01,-1.115042641758918762e-01,5.778571218252182007e-02,1.501308530569076538e-01,1.049673259258270264e-01,-6.085586547851562500e-02,-7.953245937824249268e-02,-1.579459011554718018e-01,-7.633464783430099487e-02,-1.329838484525680542e-01,1.659550666809082031e-01,-6.846678256988525391e-02,5.154886841773986816e-02,-4.032849892973899841e-02,3.267091214656829834e-01,3.370268940925598145e-01,-8.481284230947494507e-02,-5.042923092842102051e-01,-1.115621104836463928e-01,2.190028280019760132e-01,-4.227741658687591553e-01,6.957250833511352539e-02,-3.109174370765686035e-01,1.219861283898353577e-01,-8.667747676372528076e-02,2.063402347266674042e-02
-1.340852975845336914e+00,-2.479097843170166016e-01,1.019160389900207520e+00,2.734640985727310181e-02,1.862015202641487122e-02,-7.097086310386657715e-01,7.037180662155151367e-01,-1.114935353398323059e-01,5.779142305254936218e-02,1.501752585172653198e-01,1.048326045274734497e-01,-6.074615567922592163e-02,-7.960152626037597656e-02,-1.580143272876739502e-01,-7.630524784326553345e-02,-1.329812109470367432e-01,1.661180853843688965e-01,-6.857921928167343140e-02,5.145867168903350830e-02,-4.024623334407806396e-02,3.265635669231414795e-01,3.369869291782379150e-01,-8.509960770606994629e-02,-5.041897296905517578e-01,-1.114069446921348572e-01,2.191629856824874878e-01,-4.227505624294281006e-01,6.956512480974197388e-02,-3.111514747142791748e-01,1.218392774462699890e-01,-8.693353086709976196e-02,2.063727751374244690e-02
-1.340922832489013672e+00,-2.479087561368942261e-01,1.019160151481628418e+00,2.737603522837162018e-02,1.861643046140670776e-02,-7.096919417381286621e-01,7.037338614463806152e-01,-1.114578768610954285e-01,5.783222243189811707e-02,1.501857340335845947e-01,1.046765074133872986e-01,-6.062020361423492432e-02,-7.970181852579116821e-02,-1.580715328454971313e-01,-7.628750056028366089e-02,-1.330918520689010620e-01,1.662594228982925415e-01,-6.871555745601654053e-02,5.138001590967178345e-02,-4.018552973866462708e-02,3.263944983482360840e-01,3.369303643703460693e-01,-8.536493778228759766e-02,-5.042126774787902832e-01,-1.112660691142082214e-01,2.193357050418853760e-01,-4.226931631565093994e-01,6.956532597541809082e-02,-3.113649487495422363e-01,1.217050850391387939e-01,-8.721371740102767944e-02,2.057688124477863312e-02
-1.340983152389526367e+00,-2.479058653116226196e-01,1.019160151481628418e+00,2.740731276571750641e-02,1.859020628035068512e-02,-7.096897959709167480e-01,7.037354707717895508e-01,-1.114298775792121887e-01,5.781301856040954590e-02,1.500588059425354004e-01,1.046329289674758911e-01,-6.053792685270309448e-02,-7.974956929683685303e-02,-1.581590324640274048e-01,-7.630571722984313965e-02,-1.331464946269989014e-01,1.664445847272872925e-01,-6.884267181158065796e-02,5.130019038915634155e-02,-4.007919505238533020e-02,3.262604176998138428e-01,3.368642926216125488e-01,-8.562844991683959961e-02,-5.041126012802124023e-01,-1.111024394631385803e-01,2.195453047752380371e-01,-4.226161241531372070e-01,6.956753134727478027e-02,-3.115444183349609375e-01,1.216273531317710876e-01,-8.742631971836090088e-02,2.058184705674648285e-02
-1.341043233871459961e+00,-2.479047626256942749e-01,1.019169807434082031e+00,2.742264792323112488e-02,1.855057477951049805e-02,-7.096807360649108887e-01,7.037450671195983887e-01,-1.113745942711830139e-01,5.776446685194969177e-02,1.499563604593276978e-01,1.045119389891624451e-01,-6.040468066930770874e-02,-7.979948818683624268e-02,-1.582392752170562744e-01,-7.634779810905456543e-02,-1.332802474498748779e-01,1.666404455900192261e-01,-6.894090026617050171e-02,5.123232305049896240e-02,-4.000382497906684875e-02,3.261072337627410889e-01,3.367870450019836426e-01,-8.588179200887680054e-02,-5.041112303733825684e-01,-1.109124422073364258e-01,2.197282463312149048e-01,-4.225314855575561523e-01,6.958800554275512695e-02,-3.117600083351135254e-01,1.215788498520851135e-01,-8.769230544567108154e-02,2.061020024120807648e-02
-1.341122984886169434e+00,-2.478877305984497070e-01,1.019169569015502930e+00,2.741994522511959076e-02,1.852359995245933533e-02,-7.096441984176635742e-01,7.037827372550964355e-01,-1.113713681697845459e-01,5.778446048498153687e-02,1.498762816190719604e-01,1.044578403234481812e-01,-6.027387455105781555e-02,-7.990524917840957642e-02,-1.582630574703216553e-01,-7.639325410127639771e-02,-1.335379183292388916e-01,1.667965501546859741e-01,-6.903044879436492920e-02,5.120259523391723633e-02,-3.989716991782188416e-02,3.259576857089996338e-01,3.367021679878234863e-01,-8.612611889839172363e-02,-5.040960907936096191e-01,-1.107170283794403076e-01,2.199090272188186646e-01,-4.224429726600646973e-01,6.961483508348464966e-02,-3.119404315948486328e-01,1.215533092617988586e-01,-8.795403689146041870e-02,2.065994217991828918e-02
-1.341212749481201172e+00,-2.478487640619277954e-01,1.019169807434082031e+00,2.740873396396636963e-02,1.846171543002128601e-02,-7.095972895622253418e-01,7.038320899009704590e-01,-1.113562956452369690e-01,5.782387033104896545e-02,1.498003304004669189e-01,1.044080853462219238e-01,-6.007773429155349731e-02,-8.003724366426467896e-02,-1.583465933799743652e-01,-7.642073184251785278e-02,-1.337154656648635864e-01,1.671202480792999268e-01,-6.917545199394226074e-02,5.110738426446914673e-02,-3.999499604105949402e-02,3.258344531059265137e-01,3.366102278232574463e-01,-8.639360219240188599e-02,-5.040347576141357422e-01,-1.104959547519683838e-01,2.201096862554550171e-01,-4.223456978797912598e-01,6.965856999158859253e-02,-3.120885193347930908e-01,1.215922385454177856e-01,-8.810789883136749268e-02,2.072554640471935272e-02
-1.341362237930297852e+00,-2.477997839450836182e-01,1.019169926643371582e+00,2.738717198371887207e-02,1.838931441307067871e-02,-7.095066308975219727e-01,7.039262056350708008e-01,-1.113393902778625488e-01,5.787172168493270874e-02,1.495841443538665771e-01,1.043629124760627747e-01,-5.988576263189315796e-02,-8.018744736909866333e-02,-1.585027128458023071e-01,-7.639513909816741943e-02,-1.339485049247741699e-01,1.676978617906570435e-01,-6.947847455739974976e-02,5.093422904610633850e-02,-3.997557610273361206e-02,3.257109820842742920e-01,3.365591764450073242e-01,-8.662290871143341064e-02,-5.038836598396301270e-01,-1.103582456707954407e-01,2.203146815299987793e-01,-4.222307503223419189e-01,6.969696283340454102e-02,-3.121264576911926270e-01,1.216340661048889160e-01,-8.819852769374847412e-02,2.074194885790348053e-02
-1.341482043266296387e+00,-2.477517426013946533e-01,1.019179344177246094e+00,2.735401317477226257e-02,1.834913715720176697e-02,-7.094297409057617188e-01,7.040060162544250488e-01,-1.112826392054557800e-01,5.792840197682380676e-02,1.493679434061050415e-01,1.043748334050178528e-01,-5.961856991052627563e-02,-8.030473440885543823e-02,-1.585640907287597656e-01,-7.635959237813949585e-02,-1.342175304889678955e-01,1.680434346199035645e-01,-6.966928392648696899e-02,5.082567408680915833e-02,-4.008491709828376770e-02,3.255919814109802246e-01,3.365326821804046631e-01,-8.689857274293899536e-02,-5.037958025932312012e-01,-1.102406233549118042e-01,2.205109298229217529e-01,-4.220987856388092041e-01,6.972297281026840210e-02,-3.121686875820159912e-01,1.216886788606643677e-01,-8.824905753135681152e-02,2.077628858387470245e-02
-1.341621875762939453e+00,-2.477186918258666992e-01,1.019178986549377441e+00,2.732715941965579987e-02,1.829433627426624298e-02,-7.093496322631835938e-01,7.040892243385314941e-01,-1.112125515937805176e-01,5.797238647937774658e-02,1.490620076656341553e-01,1.043120250105857849e-01,-5.936770886182785034e-02,-8.038232475519180298e-02,-1.585638076066970825e-01,-7.632333040237426758e-02,-1.345128118991851807e-01,1.683008670806884766e-01,-6.981744617223739624e-02,5.069396272301673889e-02,-4.017532989382743835e-02,3.254656791687011719e-01,3.365187644958496094e-01,-8.718817681074142456e-02,-5.037611126899719238e-01,-1.101619079709053040e-01,2.207121104001998901e-01,-4.219514727592468262e-01,6.971922516822814941e-02,-3.121833205223083496e-01,1.217265799641609192e-01,-8.828716725111007690e-02,2.080255188047885895e-02
-1.341800928115844727e+00,-2.476848065853118896e-01,1.019178986549377441e+00,2.728179283440113068e-02,1.823177933692932129e-02,-7.092509269714355469e-01,7.041920423507690430e-01,-1.112428754568099976e-01,5.818326398730278015e-02,1.487934291362762451e-01,1.043546125292778015e-01,-5.918977409601211548e-02,-8.055993914604187012e-02,-1.585748493671417236e-01,-7.616531103849411011e-02,-1.348937302827835083e-01,1.686703413724899292e-01,-7.003888487815856934e-02,5.044163390994071960e-02,-4.021883383393287659e-02,3.253565132617950439e-01,3.365266323089599609e-01,-8.745251595973968506e-02,-5.036357641220092773e-01,-1.100979223847389221e-01,2.209109365940093994e-01,-4.217944145202636719e-01,6.974691152572631836e-02,-3.121633529663085938e-01,1.217414736747741699e-01,-8.827092498540878296e-02,2.081048302352428436e-02
-1.342020392417907715e+00,-2.476496398448944092e-01,1.019178628921508789e+00,2.720445580780506134e-02,1.819234713912010193e-02,-7.090821862220764160e-01,7.043659687042236328e-01,-1.112734302878379822e-01,5.849298834800720215e-02,1.484537124633789062e-01,1.044196933507919312e-01,-5.903659015893936157e-02,-8.077445626258850098e-02,-1.584845334291458130e-01,-7.592985779047012329e-02,-1.354031860828399658e-01,1.690254807472229004e-01,-7.031908631324768066e-02,5.018175020813941956e-02,-4.026499018073081970e-02,3.252358436584472656e-01,3.365497589111328125e-01,-8.770086616277694702e-02,-5.035321712493896484e-01,-1.100921705365180969e-01,2.211043089628219604e-01,-4.216137230396270752e-01,6.972327083349227905e-02,-3.120955228805541992e-01,1.217081546783447266e-01,-8.819752186536788940e-02,2.065432444214820862e-02
-1.342190861701965332e+00,-2.476221323013305664e-01,1.019178628921508789e+00,2.716610021889209747e-02,1.815262623131275177e-02,-7.089309692382812500e-01,7.045207023620605469e-01,-1.113485023379325867e-01,5.867128819227218628e-02,1.479354351758956909e-01,1.046348884701728821e-01,-5.897894129157066345e-02,-8.090952783823013306e-02,-1.584466993808746338e-01,-7.578638195991516113e-02,-1.358339041471481323e-01,1.692683845758438110e-01,-7.050281018018722534e-02,4.996679350733757019e-02,-4.026152193546295166e-02,3.251023292541503906e-01,3.366202712059020996e-01,-8.796848356723785400e-02,-5.034741163253784180e-01,-1.101533025503158569e-01,2.212973833084106445e-01,-4.213995337486267090e-01,6.963936984539031982e-02,-3.119888305664062500e-01,1.216256916522979736e-01,-8.811116963624954224e-02,2.050766348838806152e-02
-1.342410564422607422e+00,-2.475950121879577637e-01,1.019188404083251953e+00,2.711873874068260193e-02,1.812935993075370789e-02,-7.087465524673461914e-01,7.047086358070373535e-01,-1.114175990223884583e-01,5.891724675893783569e-02,1.474194228649139404e-01,1.047459319233894348e-01,-5.886221677064895630e-02,-8.111046999692916870e-02,-1.583485156297683716e-01,-7.558534294366836548e-02,-1.363501548767089844e-01,1.695113480091094971e-01,-7.073947787284851074e-02,4.973303526639938354e-02,-4.038936272263526917e-02,3.249660730361938477e-01,3.367097377777099609e-01,-8.822234719991683960e-02,-5.034485459327697754e-01,-1.102373078465461731e-01,2.214908152818679810e-01,-4.212044179439544678e-01,6.951516121625900269e-02,-3.118763566017150879e-01,1.214576885104179382e-01,-8.798556029796600342e-02,2.026154100894927979e-02
-1.342620849609375000e+00,-2.475621551275253296e-01,1.019188165664672852e+00,2.706535905599594116e-02,1.808618009090423584e-02,-7.085720300674438477e-01,7.048872709274291992e-01,-1.115339696407318115e-01,5.915005505084991455e-02,1.469167768955230713e-01,1.050140410661697388e-01,-5.881219357252120972e-02,-8.130612224340438843e-02,-1.582909673452377319e-01,-7.546586543321609497e-02,-1.369849294424057007e-01,1.698442250490188599e-01,-7.099296152591705322e-02,4.953468590974807739e-02,-4.052545502781867981e-02,3.248519301414489746e-01,3.368384838104248047e-01,-8.851394802331924438e-02,-5.034069418907165527e-01,-1.103476434946060181e-01,2.217261344194412231e-01,-4.209566116333007812e-01,6.944988667964935303e-02,-3.117149174213409424e-01,1.212631464004516602e-01,-8.785954862833023071e-02,2.006804756820201874e-02
-1.342870593070983887e+00,-2.475352436304092407e-01,1.019188046455383301e+00,2.699001319706439972e-02,1.803499273955821991e-02,-7.083886265754699707e-01,7.050758004188537598e-01,-1.116395071148872375e-01,5.945036560297012329e-02,1.463771611452102661e-01,1.052782759070396423e-01,-5.874063819646835327e-02,-8.148524910211563110e-02,-1.581917852163314819e-01,-7.524377852678298950e-02,-1.374109536409378052e-01,1.701840907335281372e-01,-7.125913351774215698e-02,4.927561059594154358e-02,-4.066142067313194275e-02,3.247574567794799805e-01,3.369702100753784180e-01,-8.879178017377853394e-02,-5.033368468284606934e-01,-1.104350239038467407e-01,2.219503819942474365e-01,-4.207255840301513672e-01,6.935778260231018066e-02,-3.115796744823455811e-01,1.210330128669738770e-01,-8.772472292184829712e-02,1.972208172082901001e-02
-1.343101263046264648e+00,-2.476097792387008667e-01,1.019187331199645996e+00,2.695437148213386536e-02,1.798176020383834839e-02,-7.081477642059326172e-01,7.053204178810119629e-01,-1.116790100932121277e-01,5.964962020516395569e-02,1.458882987499237061e-01,1.054599359631538391e-01,-5.867426842451095581e-02,-8.167202770709991455e-02,-1.579218357801437378e-01,-7.509625703096389771e-02,-1.377724111080169678e-01,1.703754812479019165e-01,-7.158003002405166626e-02,4.906761273741722107e-02,-4.062858223915100098e-02,3.246574103832244873e-01,3.371383845806121826e-01,-8.908886462450027466e-02,-5.032402873039245605e-01,-1.106227338314056396e-01,2.222169041633605957e-01,-4.203948378562927246e-01,6.927752494812011719e-02,-3.113102018833160400e-01,1.206764057278633118e-01,-8.755932003259658813e-02,1.954859308898448944e-02
-1.343351364135742188e+00,-2.476070225238800049e-01,1.019187331199645996e+00,2.690844982862472534e-02,1.793014816939830780e-02,-7.079934477806091309e-01,7.054783701896667480e-01,-1.116329506039619446e-01,5.986990407109260559e-02,1.455153971910476685e-01,1.055509895086288452e-01,-5.863476917147636414e-02,-8.191632479429244995e-02,-1.578234136104583740e-01,-7.495722919702529907e-02,-1.382801234722137451e-01,1.706576198339462280e-01,-7.183282077312469482e-02,4.884992539882659912e-02,-4.069583117961883545e-02,3.245595395565032959e-01,3.372597992420196533e-01,-8.938236534595489502e-02,-5.031354427337646484e-01,-1.107354015111923218e-01,2.225206643342971802e-01,-4.200685620307922363e-01,6.920152157545089722e-02,-3.110788464546203613e-01,1.203786581754684448e-01,-8.740626275539398193e-02,1.922680065035820007e-02
-1.343611240386962891e+00,-2.476508170366287231e-01,1.019187092781066895e+00,2.681845426559448242e-02,1.788053847849369049e-02,-7.077609300613403320e-01,7.057163119316101074e-01,-1.115672811865806580e-01,6.015832722187042236e-02,1.450026333332061768e-01,1.056469082832336426e-01,-5.859858542680740356e-02,-8.214018493890762329e-02,-1.575187146663665771e-01,-7.469637691974639893e-02,-1.385974586009979248e-01,1.708562672138214111e-01,-7.212404161691665649e-02,4.861066862940788269e-02,-4.074986651539802551e-02,3.244837820529937744e-01,3.373919129371643066e-01,-8.967468887567520142e-02,-5.029628276824951172e-01,-1.108846887946128845e-01,2.228301912546157837e-01,-4.197791516780853271e-01,6.908988952636718750e-02,-3.107804954051971436e-01,1.199923008680343628e-01,-8.721964806318283081e-02,1.885848306119441986e-02
-1.343871235847473145e+00,-2.477120310068130493e-01,1.019187211990356445e+00,2.675378695130348206e-02,1.782670244574546814e-02,-7.075554132461547852e-01,7.059261798858642578e-01,-1.115073114633560181e-01,6.046954914927482605e-02,1.445239186286926270e-01,1.056889891624450684e-01,-5.855314061045646667e-02,-8.236637711524963379e-02,-1.572849601507186890e-01,-7.442779093980789185e-02,-1.389645487070083618e-01,1.711085587739944458e-01,-7.244862616062164307e-02,4.831523448228836060e-02,-4.081163182854652405e-02,3.244118392467498779e-01,3.375118374824523926e-01,-8.999562263488769531e-02,-5.028328299522399902e-01,-1.110082119703292847e-01,2.231686115264892578e-01,-4.194560050964355469e-01,6.902731955051422119e-02,-3.104572892189025879e-01,1.196316406130790710e-01,-8.700958639383316040e-02,1.849886961281299591e-02
-1.344131588935852051e+00,-2.477680891752243042e-01,1.019186973571777344e+00,2.672311663627624512e-02,1.778962835669517517e-02,-7.074038982391357422e-01,7.060800790786743164e-01,-1.113794520497322083e-01,6.072007119655609131e-02,1.440616995096206665e-01,1.055731922388076782e-01,-5.840314179658889771e-02,-8.258806169033050537e-02,-1.570834964513778687e-01,-7.419051975011825562e-02,-1.393614262342453003e-01,1.712842136621475220e-01,-7.274945080280303955e-02,4.803500324487686157e-02,-4.079817607998847961e-02,3.243730664253234863e-01,3.376698791980743408e-01,-9.036608785390853882e-02,-5.026503801345825195e-01,-1.110984012484550476e-01,2.234927713871002197e-01,-4.191479086875915527e-01,6.898809969425201416e-02,-3.101971745491027832e-01,1.193335205316543579e-01,-8.682531118392944336e-02,1.809870265424251556e-02
-1.344421625137329102e+00,-2.477892488241195679e-01,1.019187211990356445e+00,2.664299122989177704e-02,1.772861182689666748e-02,-7.072474956512451172e-01,7.062413096427917480e-01,-1.112249344587326050e-01,6.099637225270271301e-02,1.437103152275085449e-01,1.055469736456871033e-01,-5.823893845081329346e-02,-8.289225399494171143e-02,-1.568561196327209473e-01,-7.392351329326629639e-02,-1.395238190889358521e-01,1.714758574962615967e-01,-7.298445701599121094e-02,4.776859283447265625e-02,-4.089282825589179993e-02,3.243286609649658203e-01,3.377541303634643555e-01,-9.061181545257568359e-02,-5.023871660232543945e-01,-1.111586987972259521e-01,2.238612473011016846e-01,-4.188930094242095947e-01,6.899676471948623657e-02,-3.098818957805633545e-01,1.191576644778251648e-01,-8.661958575248718262e-02,1.775733195245265961e-02
-1.344722390174865723e+00,-2.478384673595428467e-01,1.019187092781066895e+00,2.658723667263984680e-02,1.765229180455207825e-02,-7.070855498313903809e-01,7.064074873924255371e-01,-1.110413148999214172e-01,6.120584905147552490e-02,1.432335823774337769e-01,1.054496318101882935e-01,-5.805961042642593384e-02,-8.312946557998657227e-02,-1.565834581851959229e-01,-7.371227443218231201e-02,-1.397031247615814209e-01,1.716773808002471924e-01,-7.328286021947860718e-02,4.750962182879447937e-02,-4.096486046910285950e-02,3.242840468883514404e-01,3.378698825836181641e-01,-9.089482575654983521e-02,-5.021565556526184082e-01,-1.112182214856147766e-01,2.241996377706527710e-01,-4.186550378799438477e-01,6.898486614227294922e-02,-3.096078038215637207e-01,1.190877407789230347e-01,-8.645672351121902466e-02,1.737346313893795013e-02
-1.345021963119506836e+00,-2.479032725095748901e-01,1.019187092781066895e+00,2.652178891003131866e-02,1.759924553334712982e-02,-7.069348692893981934e-01,7.065620422363281250e-01,-1.108972728252410889e-01,6.153938546776771545e-02,1.429216712713241577e-01,1.054472476243972778e-01,-5.800250917673110962e-02,-8.336246013641357422e-02,-1.563749015331268311e-01,-7.341638207435607910e-02,-1.400197744369506836e-01,1.719880700111389160e-01,-7.365173101425170898e-02,4.719515144824981689e-02,-4.096424952149391174e-02,3.242538571357727051e-01,3.379982709884643555e-01,-9.115665405988693237e-02,-5.019042491912841797e-01,-1.112707033753395081e-01,2.245326787233352661e-01,-4.184168577194213867e-01,6.895682215690612793e-02,-3.093621730804443359e-01,1.190402060747146606e-01,-8.629044890403747559e-02,1.700383238494396210e-02
-1.345342040061950684e+00,-2.479403913021087646e-01,1.019177079200744629e+00,2.645867317914962769e-02,1.751977391541004181e-02,-7.068228125572204590e-01,7.066785097122192383e-01,-1.107363626360893250e-01,6.192547455430030823e-02,1.426800489425659180e-01,1.054382175207138062e-01,-5.794649198651313782e-02,-8.364049345254898071e-02,-1.563065201044082642e-01,-7.311890274286270142e-02,-1.403963863849639893e-01,1.725044399499893188e-01,-7.408063858747482300e-02,4.680824279785156250e-02,-4.104404523968696594e-02,3.242492377758026123e-01,3.381381332874298096e-01,-9.137707948684692383e-02,-5.016030073165893555e-01,-1.112627014517784119e-01,2.248338162899017334e-01,-4.181917309761047363e-01,6.887251138687133789e-02,-3.091550767421722412e-01,1.190724000334739685e-01,-8.608367294073104858e-02,1.690242253243923187e-02
-1.345672369003295898e+00,-2.479772269725799561e-01,1.019176721572875977e+00,2.637124247848987579e-02,1.742426119744777679e-02,-7.066953182220458984e-01,7.068116068840026855e-01,-1.104584783315658569e-01,6.227469071745872498e-02,1.423174440860748291e-01,1.054217144846916199e-01,-5.787559971213340759e-02,-8.388963341712951660e-02,-1.561346948146820068e-01,-7.278264313936233521e-02,-1.405159384012222290e-01,1.729636937379837036e-01,-7.449784129858016968e-02,4.642271995544433594e-02,-4.113645479083061218e-02,3.242512941360473633e-01,3.382627964019775391e-01,-9.149363636970520020e-02,-5.011666417121887207e-01,-1.112156659364700317e-01,2.251432687044143677e-01,-4.179727435111999512e-01,6.879542022943496704e-02,-3.089642822742462158e-01,1.191493943333625793e-01,-8.589834719896316528e-02,1.679236255586147308e-02
-1.345991969108581543e+00,-2.480105906724929810e-01,1.019176602363586426e+00,2.629158459603786469e-02,1.738999225199222565e-02,-7.066254615783691406e-01,7.068852782249450684e-01,-1.103938445448875427e-01,6.272000074386596680e-02,1.421108990907669067e-01,1.055677607655525208e-01,-5.773331224918365479e-02,-8.411945402622222900e-02,-1.559002548456192017e-01,-7.233019918203353882e-02,-1.405153125524520874e-01,1.730671077966690063e-01,-7.473000884056091309e-02,4.604218527674674988e-02,-4.129614681005477905e-02,3.242773413658142090e-01,3.383932113647460938e-01,-9.151753783226013184e-02,-5.007020235061645508e-01,-1.111437007784843445e-01,2.254395782947540283e-01,-4.177308380603790283e-01,6.868365406990051270e-02,-3.088444471359252930e-01,1.192356497049331665e-01,-8.572195470333099365e-02,1.685708388686180115e-02
-1.346341967582702637e+00,-2.480467706918716431e-01,1.019166469573974609e+00,2.621530741453170776e-02,1.736508309841156006e-02,-7.065852284431457520e-01,7.069289684295654297e-01,-1.102528795599937439e-01,6.318557262420654297e-02,1.418855190277099609e-01,1.056009531021118164e-01,-5.777536705136299133e-02,-8.436316996812820435e-02,-1.556851863861083984e-01,-7.184609025716781616e-02,-1.405326426029205322e-01,1.730949729681015015e-01,-7.488961517810821533e-02,4.564018175005912781e-02,-4.130567237734794617e-02,3.243365287780761719e-01,3.384880125522613525e-01,-9.152847528457641602e-02,-5.001916885375976562e-01,-1.110541522502899170e-01,2.257194668054580688e-01,-4.174810647964477539e-01,6.862560659646987915e-02,-3.088107109069824219e-01,1.193946301937103271e-01,-8.560057729482650757e-02,1.700222119688987732e-02
-1.346691727638244629e+00,-2.480540573596954346e-01,1.019165873527526855e+00,2.606177516281604767e-02,1.730210892856121063e-02,-7.066101431846618652e-01,7.069112658500671387e-01,-1.101200059056282043e-01,6.377594918012619019e-02,1.419075876474380493e-01,1.059930920600891113e-01,-5.792594701051712036e-02,-8.467058837413787842e-02,-1.553177535533905029e-01,-7.128793001174926758e-02,-1.405443102121353149e-01,1.730188876390457153e-01,-7.493768632411956787e-02,4.521994292736053467e-02,-4.142836108803749084e-02,3.244362175464630127e-01,3.386101424694061279e-01,-9.154558926820755005e-02,-4.996720254421234131e-01,-1.109454780817031860e-01,2.260096669197082520e-01,-4.172497391700744629e-01,6.872683763504028320e-02,-3.088224232196807861e-01,1.195791661739349365e-01,-8.550678193569183350e-02,1.712832041084766388e-02
-1.347101688385009766e+00,-2.480897307395935059e-01,1.019165635108947754e+00,2.593760751187801361e-02,1.726674474775791168e-02,-7.065971493721008301e-01,7.069296836853027344e-01,-1.101605817675590515e-01,6.444755941629409790e-02,1.419392526149749756e-01,1.065188199281692505e-01,-5.810303241014480591e-02,-8.501716703176498413e-02,-1.549037694931030273e-01,-7.063349336385726929e-02,-1.405568420886993408e-01,1.727820932865142822e-01,-7.495497912168502808e-02,4.472358897328376770e-02,-4.130170494318008423e-02,3.245699703693389893e-01,3.387129604816436768e-01,-9.157251566648483276e-02,-4.991290569305419922e-01,-1.109036281704902649e-01,2.263122349977493286e-01,-4.170043766498565674e-01,6.891659647226333618e-02,-3.088054955005645752e-01,1.196791976690292358e-01,-8.541797101497650146e-02,1.723720319569110870e-02
-1.347472310066223145e+00,-2.481164932250976562e-01,1.019156217575073242e+00,2.584651857614517212e-02,1.724326983094215393e-02,-7.065964341163635254e-01,7.069342732429504395e-01,-1.101820766925811768e-01,6.499306857585906982e-02,1.418029516935348511e-01,1.069079041481018066e-01,-5.820103362202644348e-02,-8.521299809217453003e-02,-1.546347737312316895e-01,-7.007500529289245605e-02,-1.404578238725662231e-01,1.727507412433624268e-01,-7.509790360927581787e-02,4.428809136152267456e-02,-4.122188687324523926e-02,3.247043490409851074e-01,3.387811481952667236e-01,-9.159717708826065063e-02,-4.986768960952758789e-01,-1.108420640230178833e-01,2.265328764915466309e-01,-4.167425334453582764e-01,6.904501467943191528e-02,-3.089416921138763428e-01,1.196945086121559143e-01,-8.534730970859527588e-02,1.735839992761611938e-02
-1.347872853279113770e+00,-2.481495440006256104e-01,1.019156217575073242e+00,2.578609995543956757e-02,1.721074804663658142e-02,-7.065834999084472656e-01,7.069502472877502441e-01,-1.103590726852416992e-01,6.559567898511886597e-02,1.420731842517852783e-01,1.075500100851058960e-01,-5.829501897096633911e-02,-8.548588305711746216e-02,-1.545295268297195435e-01,-6.956973671913146973e-02,-1.405477523803710938e-01,1.729305833578109741e-01,-7.532715797424316406e-02,4.381259158253669739e-02,-4.126032441854476929e-02,3.248385190963745117e-01,3.387966454029083252e-01,-9.155539423227310181e-02,-4.982871115207672119e-01,-1.108019575476646423e-01,2.267157584428787231e-01,-4.165038466453552246e-01,6.917154043912887573e-02,-3.091341853141784668e-01,1.196504533290863037e-01,-8.526741713285446167e-02,1.736608520150184631e-02
-1.348282814025878906e+00,-2.482486963272094727e-01,1.019145846366882324e+00,2.577707543969154358e-02,1.725641265511512756e-02,-7.066956162452697754e-01,7.068373560905456543e-01,-1.106639653444290161e-01,6.624335795640945435e-02,1.424772888422012329e-01,1.082825362682342529e-01,-5.833353847265243530e-02,-8.549409359693527222e-02,-1.545114368200302124e-01,-6.897557526826858521e-02,-1.404389888048171997e-01,1.729224771261215210e-01,-7.549475878477096558e-02,4.333469644188880920e-02,-4.121092334389686584e-02,3.250311315059661865e-01,3.388408720493316650e-01,-9.158544242382049561e-02,-4.978578686714172363e-01,-1.106823235750198364e-01,2.268846184015274048e-01,-4.162441194057464600e-01,6.947704404592514038e-02,-3.094308972358703613e-01,1.196834892034530640e-01,-8.522884547710418701e-02,1.741323247551918030e-02
-1.348772644996643066e+00,-2.482882440090179443e-01,1.019145250320434570e+00,2.569268271327018738e-02,1.723878271877765656e-02,-7.067455649375915527e-01,7.067909240722656250e-01,-1.110576316714286804e-01,6.703029572963714600e-02,1.428226232528686523e-01,1.093256995081901550e-01,-5.830695852637290955e-02,-8.549861609935760498e-02,-1.543183624744415283e-01,-6.825169175863265991e-02,-1.401621848344802856e-01,1.730158179998397827e-01,-7.573615759611129761e-02,4.275285080075263977e-02,-4.123875871300697327e-02,3.252244591712951660e-01,3.388389647006988525e-01,-9.156564623117446899e-02,-4.973877966403961182e-01,-1.105547770857810974e-01,2.269567847251892090e-01,-4.159995019435882568e-01,6.963276118040084839e-02,-3.097921013832092285e-01,1.197986379265785217e-01,-8.517876267433166504e-02,1.760975271463394165e-02
-1.349272489547729492e+00,-2.482823580503463745e-01,1.019144535064697266e+00,2.547968924045562744e-02,1.711560040712356567e-02,-7.068276405334472656e-01,7.067195177078247070e-01,-1.113946437835693359e-01,6.786755472421646118e-02,1.428437680006027222e-01,1.108583137392997742e-01,-5.826587975025177002e-02,-8.539295196533203125e-02,-1.539842933416366577e-01,-6.748300790786743164e-02,-1.398344784975051880e-01,1.732686012983322144e-01,-7.595497369766235352e-02,4.212583974003791809e-02,-4.119423404335975647e-02,3.254510462284088135e-01,3.388313055038452148e-01,-9.154359996318817139e-02,-4.967972934246063232e-01,-1.104550510644912720e-01,2.270210683345794678e-01,-4.157529175281524658e-01,6.967247277498245239e-02,-3.100529015064239502e-01,1.200120151042938232e-01,-8.508983999490737915e-02,1.770620420575141907e-02
-1.349871277809143066e+00,-2.482324242591857910e-01,1.019173741340637207e+00,2.531367540359497070e-02,1.696102507412433624e-02,-7.070012092590332031e-01,7.065556049346923828e-01,-1.117450445890426636e-01,6.885389983654022217e-02,1.428483426570892334e-01,1.124570444226264954e-01,-5.803283676505088806e-02,-8.529170602560043335e-02,-1.535264551639556885e-01,-6.652244180440902710e-02,-1.393328011035919189e-01,1.732397079467773438e-01,-7.609073817729949951e-02,4.125474020838737488e-02,-4.125105589628219604e-02,3.257350623607635498e-01,3.388183712959289551e-01,-9.148007631301879883e-02,-4.960585236549377441e-01,-1.102880239486694336e-01,2.270897775888442993e-01,-4.154790043830871582e-01,6.976620852947235107e-02,-3.103598952293395996e-01,1.203649193048477173e-01,-8.488671481609344482e-02,1.796095632016658783e-02
-1.350461721420288086e+00,-2.482027560472488403e-01,1.019251465797424316e+00,2.521900273859500885e-02,1.690703071653842926e-02,-7.071583271026611328e-01,7.064030766487121582e-01,-1.127581298351287842e-01,6.972229480743408203e-02,1.429726928472518921e-01,1.146220937371253967e-01,-5.769453942775726318e-02,-8.576268702745437622e-02,-1.524154692888259888e-01,-6.560839712619781494e-02,-1.391257792711257935e-01,1.713649034500122070e-01,-7.525341212749481201e-02,4.057799279689788818e-02,-4.100503399968147278e-02,3.260480761528015137e-01,3.388160467147827148e-01,-9.148268401622772217e-02,-4.954896569252014160e-01,-1.100886985659599304e-01,2.271189540624618530e-01,-4.152091741561889648e-01,6.984651088714599609e-02,-3.107687234878540039e-01,1.207331046462059021e-01,-8.469670265913009644e-02,1.826356910169124603e-02
-1.351151347160339355e+00,-2.481369525194168091e-01,1.019331216812133789e+00,2.506373263895511627e-02,1.678846962749958038e-02,-7.072368264198303223e-01,7.063328027725219727e-01,-1.137447580695152283e-01,7.080434262752532959e-02,1.432005763053894043e-01,1.169954016804695129e-01,-5.722564831376075745e-02,-8.568274974822998047e-02,-1.510851532220840454e-01,-6.450101733207702637e-02,-1.391169279813766479e-01,1.693532913923263550e-01,-7.429692149162292480e-02,3.969256952404975891e-02,-4.077165946364402771e-02,3.263575732707977295e-01,3.388215303421020508e-01,-9.147525578737258911e-02,-4.949448406696319580e-01,-1.099075525999069214e-01,2.271352559328079224e-01,-4.149017632007598877e-01,6.989883631467819214e-02,-3.111875951290130615e-01,1.210571601986885071e-01,-8.433589339256286621e-02,1.845346204936504364e-02
-1.351801037788391113e+00,-2.480044215917587280e-01,1.019429683685302734e+00,2.471706457436084747e-02,1.656829379498958588e-02,-7.073445916175842285e-01,7.062423229217529297e-01,-1.148106604814529419e-01,7.208658009767532349e-02,1.432672291994094849e-01,1.201148629188537598e-01,-5.696464329957962036e-02,-8.631300181150436401e-02,-1.487325727939605713e-01,-6.320422142744064331e-02,-1.393492370843887329e-01,1.661186069250106812e-01,-7.270308583974838257e-02,3.880678117275238037e-02,-4.045457765460014343e-02,3.267181813716888428e-01,3.388246297836303711e-01,-9.142641723155975342e-02,-4.942322671413421631e-01,-1.097939684987068176e-01,2.272388488054275513e-01,-4.145261347293853760e-01,7.011042535305023193e-02,-3.113140761852264404e-01,1.213628575205802917e-01,-8.385836333036422729e-02,1.858402788639068604e-02
-1.352431774139404297e+00,-2.477595657110214233e-01,1.019500851631164551e+00,2.417216077446937561e-02,1.620382815599441528e-02,-7.074090838432312012e-01,7.062050104141235352e-01,-1.156007647514343262e-01,7.341708987951278687e-02,1.431670337915420532e-01,1.235408410429954529e-01,-5.710133537650108337e-02,-8.676121383905410767e-02,-1.462731659412384033e-01,-6.195949390530586243e-02,-1.399143636226654053e-01,1.634743511676788330e-01,-7.161267846822738647e-02,3.793172910809516907e-02,-4.015224054455757141e-02,3.272001743316650391e-01,3.388376235961914062e-01,-9.136646240949630737e-02,-4.932746887207031250e-01,-1.097734197974205017e-01,2.274563908576965332e-01,-4.140959084033966064e-01,7.037828117609024048e-02,-3.112750649452209473e-01,1.216868907213211060e-01,-8.310461789369583130e-02,1.865348219871520996e-02
-1.353171467781066895e+00,-2.474982440471649170e-01,1.019581794738769531e+00,2.366407960653305054e-02,1.590662449598312378e-02,-7.075954675674438477e-01,7.060422897338867188e-01,-1.160437017679214478e-01,7.476512342691421509e-02,1.427509486675262451e-01,1.260323226451873779e-01,-5.682364851236343384e-02,-8.701599389314651489e-02,-1.438157558441162109e-01,-6.048044562339782715e-02,-1.403210908174514771e-01,1.606666445732116699e-01,-7.120795547962188721e-02,3.690204769372940063e-02,-3.996455296874046326e-02,3.277671933174133301e-01,3.388824462890625000e-01,-9.128810465335845947e-02,-4.922879636287689209e-01,-1.096774712204933167e-01,2.276680916547775269e-01,-4.136066436767578125e-01,7.068902999162673950e-02,-3.114088177680969238e-01,1.220986396074295044e-01,-8.220902830362319946e-02,1.906347461044788361e-02
-1.353982448577880859e+00,-2.472798228263854980e-01,1.019685506820678711e+00,2.343371137976646423e-02,1.579099707305431366e-02,-7.077726125717163086e-01,7.058749794960021973e-01,-1.173900961875915527e-01,7.617884129285812378e-02,1.428226232528686523e-01,1.290497779846191406e-01,-5.644673481583595276e-02,-8.770658820867538452e-02,-1.418703198432922363e-01,-5.897669866681098938e-02,-1.403243541717529297e-01,1.575975418090820312e-01,-7.098819315433502197e-02,3.576301038265228271e-02,-3.997048735618591309e-02,3.282755017280578613e-01,3.389268517494201660e-01,-9.110095351934432983e-02,-4.915412366390228271e-01,-1.094450652599334717e-01,2.277789562940597534e-01,-4.130781888961791992e-01,7.100413739681243896e-02,-3.118807375431060791e-01,1.224989742040634155e-01,-8.136062324047088623e-02,1.980789005756378174e-02
-1.354822874069213867e+00,-2.468342483043670654e-01,1.019766688346862793e+00,2.291587181389331818e-02,1.551942992955446243e-02,-7.079144120216369629e-01,7.057557702064514160e-01,-1.186696812510490417e-01,7.776938378810882568e-02,1.419122517108917236e-01,1.326258331537246704e-01,-5.624582991003990173e-02,-8.835636824369430542e-02,-1.396332085132598877e-01,-5.727832391858100891e-02,-1.404191851615905762e-01,1.546901613473892212e-01,-7.034529745578765869e-02,3.453272208571434021e-02,-3.933215886354446411e-02,3.287535905838012695e-01,3.389841616153717041e-01,-9.074006974697113037e-02,-4.907744228839874268e-01,-1.093823686242103577e-01,2.280120551586151123e-01,-4.125188887119293213e-01,7.152864336967468262e-02,-3.122486472129821777e-01,1.227712705731391907e-01,-8.032991737127304077e-02,2.030751854181289673e-02
-1.355632424354553223e+00,-2.462910413742065430e-01,1.019837379455566406e+00,2.206944487988948822e-02,1.510794274508953094e-02,-7.080489397048950195e-01,7.056567072868347168e-01,-1.199329271912574768e-01,7.972792536020278931e-02,1.404631584882736206e-01,1.373025923967361450e-01,-5.658397451043128967e-02,-8.914978057146072388e-02,-1.364746242761611938e-01,-5.530099943280220032e-02,-1.406884193420410156e-01,1.513949036598205566e-01,-7.001787424087524414e-02,3.328962624073028564e-02,-3.839479759335517883e-02,3.294283747673034668e-01,3.391604721546173096e-01,-9.057022631168365479e-02,-4.898515641689300537e-01,-1.095320060849189758e-01,2.285102307796478271e-01,-4.118248224258422852e-01,7.228457182645797729e-02,-3.122028112411499023e-01,1.230556219816207886e-01,-7.888963073492050171e-02,2.071043476462364197e-02
-1.356634140014648438e+00,-2.457813173532485962e-01,1.019911766052246094e+00,2.130385488271713257e-02,1.467594970017671585e-02,-7.081119418144226074e-01,7.056261301040649414e-01,-1.221899837255477905e-01,8.186171948909759521e-02,1.386397182941436768e-01,1.436253637075424194e-01,-5.725480243563652039e-02,-9.018699824810028076e-02,-1.335616707801818848e-01,-5.327109247446060181e-02,-1.409107744693756104e-01,1.482185423374176025e-01,-6.926023960113525391e-02,3.183292597532272339e-02,-3.795409202575683594e-02,3.301611542701721191e-01,3.393861949443817139e-01,-9.044165909290313721e-02,-4.889860451221466064e-01,-1.096844300627708435e-01,2.290720343589782715e-01,-4.110952019691467285e-01,7.312875241041183472e-02,-3.122015595436096191e-01,1.233779042959213257e-01,-7.726214081048965454e-02,2.103606984019279480e-02
-1.357707858085632324e+00,-2.454098612070083618e-01,1.020014882087707520e+00,2.105896174907684326e-02,1.460861321538686752e-02,-7.081119418144226074e-01,7.056348919868469238e-01,-1.258683800697326660e-01,8.382190018892288208e-02,1.367255300283432007e-01,1.503378450870513916e-01,-5.770288780331611633e-02,-9.127269685268402100e-02,-1.311739832162857056e-01,-5.137618258595466614e-02,-1.415575295686721802e-01,1.441478133201599121e-01,-6.851238012313842773e-02,3.039562329649925232e-02,-3.770499303936958313e-02,3.306541740894317627e-01,3.395925164222717285e-01,-9.017995744943618774e-02,-4.887497127056121826e-01,-1.097578629851341248e-01,2.295612245798110962e-01,-4.103486537933349609e-01,7.421234250068664551e-02,-3.129882216453552246e-01,1.239141076803207397e-01,-7.587675750255584717e-02,2.163261547684669495e-02
-1.358786582946777344e+00,-2.446565330028533936e-01,1.020035982131958008e+00,2.007672190666198730e-02,1.423035189509391785e-02,-7.082438468933105469e-01,7.055388689041137695e-01,-1.288938373327255249e-01,8.654684573411941528e-02,1.345758736133575439e-01,1.581572443246841431e-01,-5.918588489294052124e-02,-9.249986708164215088e-02,-1.280412673950195312e-01,-4.882449284195899963e-02,-1.420771777629852295e-01,1.405114680528640747e-01,-6.747605651617050171e-02,2.877732738852500916e-02,-3.728642687201499939e-02,3.314333558082580566e-01,3.399662971496582031e-01,-8.994331210851669312e-02,-4.883458018302917480e-01,-1.098921298980712891e-01,2.302919179201126099e-01,-4.095945954322814941e-01,7.564894109964370728e-02,-3.136238157749176025e-01,1.246570274233818054e-01,-7.433021068572998047e-02,2.240073494613170624e-02
-1.359940648078918457e+00,-2.440759837627410889e-01,1.020097851753234863e+00,1.932462304830551147e-02,1.385218743234872818e-02,-7.083521485328674316e-01,7.054586410522460938e-01,-1.321594566106796265e-01,8.887055516242980957e-02,1.315410584211349487e-01,1.659601330757141113e-01,-5.995301157236099243e-02,-9.333569556474685669e-02,-1.252336353063583374e-01,-4.658874869346618652e-02,-1.425220519304275513e-01,1.374420821666717529e-01,-6.670349091291427612e-02,2.716301381587982178e-02,-3.692877665162086487e-02,3.322581946849822998e-01,3.404144346714019775e-01,-8.971578627824783325e-02,-4.880295693874359131e-01,-1.099805757403373718e-01,2.311510294675827026e-01,-4.088329970836639404e-01,7.746082544326782227e-02,-3.142816126346588135e-01,1.255302131175994873e-01,-7.277837395668029785e-02,2.326334640383720398e-02
-1.361409783363342285e+00,-2.432760447263717651e-01,1.020112037658691406e+00,1.824248954653739929e-02,1.329545676708221436e-02,-7.082080245018005371e-01,7.056428790092468262e-01,-1.357544213533401489e-01,9.195958077907562256e-02,1.285229027271270752e-01,1.751548349857330322e-01,-6.113879382610321045e-02,-9.488786756992340088e-02,-1.219480261206626892e-01,-4.383378475904464722e-02,-1.435183882713317871e-01,1.346556991338729858e-01,-6.586191803216934204e-02,2.515698224306106567e-02,-3.640511259436607361e-02,3.331402838230133057e-01,3.408982455730438232e-01,-8.938075602054595947e-02,-4.874020218849182129e-01,-1.102717593312263489e-01,2.322138398885726929e-01,-4.079876244068145752e-01,7.960610091686248779e-02,-3.145749866962432861e-01,1.266549527645111084e-01,-7.103608548641204834e-02,2.423959225416183472e-02
-1.363069176673889160e+00,-2.423681765794754028e-01,1.020067930221557617e+00,1.686910912394523621e-02,1.282817870378494263e-02,-7.078628540039062500e-01,7.060319185256958008e-01,-1.400550752878189087e-01,9.596543759107589722e-02,1.254488378763198853e-01,1.857321411371231079e-01,-6.325944513082504272e-02,-9.637056291103363037e-02,-1.184129789471626282e-01,-4.035604000091552734e-02,-1.456463783979415894e-01,1.315842270851135254e-01,-6.512657552957534790e-02,2.285338006913661957e-02,-3.568897768855094910e-02,3.341508209705352783e-01,3.416536152362823486e-01,-8.913823217153549194e-02,-4.868394732475280762e-01,-1.108378991484642029e-01,2.334949523210525513e-01,-4.069191217422485352e-01,8.186747133731842041e-02,-3.143521249294281006e-01,1.278159916400909424e-01,-6.906612962484359741e-02,2.521103434264659882e-02
-1.365131616592407227e+00,-2.415773868560791016e-01,1.020377755165100098e+00,1.672322489321231842e-02,1.179213169962167740e-02,-7.075184583663940430e-01,7.063985466957092285e-01,-1.487516462802886963e-01,9.789627790451049805e-02,1.202231869101524353e-01,2.021518498659133911e-01,-6.061102822422981262e-02,-9.744261205196380615e-02,-1.167073920369148254e-01,-3.935229033231735229e-02,-1.466538608074188232e-01,1.305903196334838867e-01,-6.416202336549758911e-02,2.048307470977306366e-02,-3.458035364747047424e-02,3.350697457790374756e-01,3.422336876392364502e-01,-8.923839032649993896e-02,-4.870599508285522461e-01,-1.113246455788612366e-01,2.347384393215179443e-01,-4.061946570873260498e-01,8.432353287935256958e-02,-3.138830363750457764e-01,1.294494718313217163e-01,-6.692081689834594727e-02,2.613145299255847931e-02
-1.366924524307250977e+00,-2.406178265810012817e-01,1.020440340042114258e+00,1.661171205341815948e-02,1.189592201262712479e-02,-7.072912454605102539e-01,7.066269516944885254e-01,-1.553710103034973145e-01,1.000521630048751831e-01,1.134506762027740479e-01,2.113401442766189575e-01,-6.020651385188102722e-02,-9.857895225286483765e-02,-1.158332675695419312e-01,-3.663528710603713989e-02,-1.474216878414154053e-01,1.273075789213180542e-01,-6.328155845403671265e-02,1.814403943717479706e-02,-3.436611965298652649e-02,3.357149064540863037e-01,3.428553044795989990e-01,-8.898185193538665771e-02,-4.878056347370147705e-01,-1.114534363150596619e-01,2.357041984796524048e-01,-4.053934216499328613e-01,8.687403798103332520e-02,-3.140716552734375000e-01,1.312133371829986572e-01,-6.500375270843505859e-02,2.726256661117076874e-02
-1.369282126426696777e+00,-2.396011501550674438e-01,1.020831704139709473e+00,1.681994460523128510e-02,1.051672454923391342e-02,-7.067872881889343262e-01,7.071479558944702148e-01,-1.657311320304870605e-01,1.009521111845970154e-01,1.059126630425453186e-01,2.296684682369232178e-01,-5.512468144297599792e-02,-9.942460805177688599e-02,-1.155918389558792114e-01,-3.659557551145553589e-02,-1.485848873853683472e-01,1.283190399408340454e-01,-6.284677237272262573e-02,1.551222708076238632e-02,-3.328808769583702087e-02,3.363629579544067383e-01,3.432251513004302979e-01,-8.915438503026962280e-02,-4.886761009693145752e-01,-1.116651520133018494e-01,2.365031540393829346e-01,-4.049254655838012695e-01,8.921448886394500732e-02,-3.135583698749542236e-01,1.329817026853561401e-01,-6.284300982952117920e-02,2.814452908933162689e-02
-1.371833324432373047e+00,-2.383893281221389771e-01,1.021286845207214355e+00,1.783671043813228607e-02,9.405020624399185181e-03,-7.059152722358703613e-01,7.080091834068298340e-01,-1.779721975326538086e-01,1.007379963994026184e-01,9.781950712203979492e-02,2.471983730792999268e-01,-4.784494638442993164e-02,-1.004367247223854065e-01,-1.169861406087875366e-01,-3.730308264493942261e-02,-1.501722186803817749e-01,1.295709758996963501e-01,-6.267343461513519287e-02,1.285201031714677811e-02,-3.209926933050155640e-02,3.367947936058044434e-01,3.433180153369903564e-01,-8.970274776220321655e-02,-4.904077649116516113e-01,-1.118408814072608948e-01,2.370608597993850708e-01,-4.048375785350799561e-01,9.144198149442672729e-02,-3.124588727951049805e-01,1.347854882478713989e-01,-6.084256619215011597e-02,2.869445271790027618e-02
-1.374063849449157715e+00,-2.371162623167037964e-01,1.021533131599426270e+00,1.842503994703292847e-02,8.875600993633270264e-03,-7.051824331283569336e-01,7.087308764457702637e-01,-1.907032728195190430e-01,1.012580022215843201e-01,8.737858384847640991e-02,2.653277516365051270e-01,-4.312108829617500305e-02,-1.014413610100746155e-01,-1.189045682549476624e-01,-3.673301637172698975e-02,-1.516999006271362305e-01,1.304870396852493286e-01,-6.249332427978515625e-02,1.027409639209508896e-02,-3.127843141555786133e-02,3.371884226799011230e-01,3.435219526290893555e-01,-9.055124968290328979e-02,-4.921506345272064209e-01,-1.121106892824172974e-01,2.372444570064544678e-01,-4.047893583774566650e-01,9.357552230358123779e-02,-3.117981553077697754e-01,1.362360417842864990e-01,-5.894463136792182922e-02,2.939838729798793793e-02
-1.376181721687316895e+00,-2.357480674982070923e-01,1.021681070327758789e+00,1.853129453957080841e-02,8.302563801407814026e-03,-7.040596604347229004e-01,7.098504304885864258e-01,-2.042630314826965332e-01,1.023134887218475342e-01,7.767491787672042847e-02,2.857694625854492188e-01,-3.955129161477088928e-02,-1.026809513568878174e-01,-1.186422258615493774e-01,-3.563258796930313110e-02,-1.548986583948135376e-01,1.301615536212921143e-01,-6.316802650690078735e-02,7.812917232513427734e-03,-3.031119145452976227e-02,3.375255465507507324e-01,3.437387943267822266e-01,-9.140766412019729614e-02,-4.942063689231872559e-01,-1.122772395610809326e-01,2.372595369815826416e-01,-4.048144817352294922e-01,9.565079957246780396e-02,-3.101284801959991455e-01,1.372335255146026611e-01,-5.697292461991310120e-02,2.976124547421932220e-02
-1.378397583961486816e+00,-2.343093305826187134e-01,1.021766304969787598e+00,1.838565431535243988e-02,7.938155904412269592e-03,-7.028497457504272461e-01,7.110564112663269043e-01,-2.193362563848495483e-01,1.042314246296882629e-01,6.700068712234497070e-02,3.085648417472839355e-01,-3.558951616287231445e-02,-1.040628626942634583e-01,-1.192208230495452881e-01,-3.383635729551315308e-02,-1.590075045824050903e-01,1.305057406425476074e-01,-6.339410692453384399e-02,5.087367724627256393e-03,-3.017720952630043030e-02,3.378484249114990234e-01,3.441632390022277832e-01,-9.241408854722976685e-02,-4.958173334598541260e-01,-1.126782670617103577e-01,2.370543628931045532e-01,-4.046579897403717041e-01,9.768030792474746704e-02,-3.082447350025177002e-01,1.373863965272903442e-01,-5.507435649633407593e-02,3.005502186715602875e-02
-1.380677938461303711e+00,-2.328091710805892944e-01,1.021854877471923828e+00,1.841918565332889557e-02,7.686679717153310776e-03,-7.011910080909729004e-01,7.126940488815307617e-01,-2.379877418279647827e-01,1.060080081224441528e-01,5.515931174159049988e-02,3.358731865882873535e-01,-2.976396679878234863e-02,-1.055711284279823303e-01,-1.197886541485786438e-01,-3.212462365627288818e-02,-1.636101007461547852e-01,1.306495815515518188e-01,-6.357446312904357910e-02,2.358000027015805244e-03,-3.058856353163719177e-02,3.379687666893005371e-01,3.447331786155700684e-01,-9.333372116088867188e-02,-4.978785216808319092e-01,-1.130335256457328796e-01,2.366281747817993164e-01,-4.045340120792388916e-01,9.993800520896911621e-02,-3.058695793151855469e-01,1.375020295381546021e-01,-5.329490080475807190e-02,3.001973405480384827e-02
-1.383129715919494629e+00,-2.311069518327713013e-01,1.021941900253295898e+00,1.850249059498310089e-02,7.323255762457847595e-03,-6.991997361183166504e-01,7.146493792533874512e-01,-2.598508894443511963e-01,1.075639575719833374e-01,4.317712038755416870e-02,3.674895465373992920e-01,-2.148898690938949585e-02,-1.071692854166030884e-01,-1.198541745543479919e-01,-3.059356473386287689e-02,-1.694265156984329224e-01,1.306382566690444946e-01,-6.443968415260314941e-02,-4.637394449673593044e-04,-3.036360628902912140e-02,3.380322158336639404e-01,3.455774784088134766e-01,-9.468010812997817993e-02,-4.998949170112609863e-01,-1.139096096158027649e-01,2.360035330057144165e-01,-4.043114483356475830e-01,1.019586771726608276e-01,-3.026186525821685791e-01,1.369019299745559692e-01,-5.157164484262466431e-02,2.973316609859466553e-02
-1.385638594627380371e+00,-2.293042242527008057e-01,1.021968841552734375e+00,1.864332705736160278e-02,7.080246694386005402e-03,-6.971718668937683105e-01,7.166266441345214844e-01,-2.849115431308746338e-01,1.090779006481170654e-01,2.954528480768203735e-02,4.032884240150451660e-01,-1.031986065208911896e-02,-1.093106567859649658e-01,-1.215959563851356506e-01,-2.916349656879901886e-02,-1.754415631294250488e-01,1.329036355018615723e-01,-6.524716317653656006e-02,-3.352447180077433586e-03,-3.096470609307289124e-02,3.379108607769012451e-01,3.465686440467834473e-01,-9.603700041770935059e-02,-5.019409060478210449e-01,-1.147433072328567505e-01,2.350886613130569458e-01,-4.040421247482299805e-01,1.039416342973709106e-01,-2.986138164997100830e-01,1.358906775712966919e-01,-5.004820600152015686e-02,2.930028550326824188e-02
-1.388255238533020020e+00,-2.274890393018722534e-01,1.021989703178405762e+00,1.868370734155178070e-02,6.771698594093322754e-03,-6.943284273147583008e-01,7.193838357925415039e-01,-3.138359785079956055e-01,1.099577471613883972e-01,1.581867970526218414e-02,4.437744319438934326e-01,5.457501858472824097e-03,-1.092570796608924866e-01,-1.259897947311401367e-01,-2.792170643806457520e-02,-1.820766627788543701e-01,1.370493471622467041e-01,-6.546720117330551147e-02,-6.659591570496559143e-03,-3.155703842639923096e-02,3.377016186714172363e-01,3.477663397789001465e-01,-9.775301814079284668e-02,-5.042704939842224121e-01,-1.157429814338684082e-01,2.340117543935775757e-01,-4.036469757556915283e-01,1.055089011788368225e-01,-2.937726676464080811e-01,1.337989121675491333e-01,-4.848382994532585144e-02,2.830000221729278564e-02
-1.390952229499816895e+00,-2.255030423402786255e-01,1.021971821784973145e+00,1.906786113977432251e-02,7.095393259078264236e-03,-6.916343569755554199e-01,7.219612002372741699e-01,-3.468599617481231689e-01,1.108000576496124268e-01,-8.816462359391152859e-04,4.874799549579620361e-01,2.478875592350959778e-02,-1.140396744012832642e-01,-1.273390203714370728e-01,-2.598645538091659546e-02,-1.890488415956497192e-01,1.375212818384170532e-01,-6.687738746404647827e-02,-9.514862671494483948e-03,-3.104496188461780548e-02,3.371844589710235596e-01,3.492667376995086670e-01,-9.961781650781631470e-02,-5.068950057029724121e-01,-1.168679147958755493e-01,2.327678501605987549e-01,-4.032925367355346680e-01,1.074474528431892395e-01,-2.892666459083557129e-01,1.330057084560394287e-01,-4.709857702255249023e-02,2.667985297739505768e-02
-1.393299698829650879e+00,-2.236826717853546143e-01,1.021930456161499023e+00,1.932584680616855621e-02,7.738482207059860229e-03,-6.885777711868286133e-01,7.248636484146118164e-01,-3.821537792682647705e-01,1.111170426011085510e-01,-1.753568649291992188e-02,5.326276421546936035e-01,4.710662737488746643e-02,-1.227952018380165100e-01,-1.286235004663467407e-01,-2.361152134835720062e-02,-1.968181878328323364e-01,1.360214501619338989e-01,-6.746558099985122681e-02,-1.133733335882425308e-02,-3.237811103463172913e-02,3.363895714282989502e-01,3.509641885757446289e-01,-1.013053283095359802e-01,-5.095629692077636719e-01,-1.174668595194816589e-01,2.312712967395782471e-01,-4.027755260467529297e-01,1.092254817485809326e-01,-2.845536470413208008e-01,1.322468817234039307e-01,-4.574682563543319702e-02,2.517250739037990570e-02
-1.395655751228332520e+00,-2.218878567218780518e-01,1.021845221519470215e+00,1.987104304134845734e-02,8.800133131444454193e-03,-6.854398846626281738e-01,7.278048396110534668e-01,-4.191659390926361084e-01,1.106814742088317871e-01,-3.712704032659530640e-02,5.774550437927246094e-01,7.323366403579711914e-02,-1.352929174900054932e-01,-1.313042789697647095e-01,-2.113820426166057587e-02,-2.047017663717269897e-01,1.341481953859329224e-01,-6.639290601015090942e-02,-1.182136591523885727e-02,-3.224909305572509766e-02,3.352792263031005859e-01,3.529326617717742920e-01,-1.029861792922019958e-01,-5.125546455383300781e-01,-1.180711686611175537e-01,2.296325415372848511e-01,-4.021803140640258789e-01,1.111036986112594604e-01,-2.795676290988922119e-01,1.317481398582458496e-01,-4.487590864300727844e-02,2.334734424948692322e-02
-1.397680044174194336e+00,-2.202218919992446899e-01,1.021768569946289062e+00,2.053048089146614075e-02,1.010695099830627441e-02,-6.824241280555725098e-01,7.305981516838073730e-01,-4.566631615161895752e-01,1.091248318552970886e-01,-5.687293037772178650e-02,6.203458309173583984e-01,9.856864809989929199e-02,-1.458033472299575806e-01,-1.331388354301452637e-01,-1.892516203224658966e-02,-2.131053954362869263e-01,1.319551318883895874e-01,-6.607302278280258179e-02,-1.163207739591598511e-02,-3.354249149560928345e-02,3.339127600193023682e-01,3.550187051296234131e-01,-1.044418141245841980e-01,-5.156337022781372070e-01,-1.183575540781021118e-01,2.275097221136093140e-01,-4.015412628650665283e-01,1.130010262131690979e-01,-2.747124433517456055e-01,1.308426409959793091e-01,-4.461241886019706726e-02,2.173353731632232666e-02
-1.399618864059448242e+00,-2.187638133764266968e-01,1.021686673164367676e+00,2.118031866848468781e-02,1.162812951952219009e-02,-6.788247227668762207e-01,7.339027523994445801e-01,-4.944359064102172852e-01,1.077920868992805481e-01,-7.283611595630645752e-02,6.629489064216613770e-01,1.204959675669670105e-01,-1.605713963508605957e-01,-1.353655606508255005e-01,-1.659724488854408264e-02,-2.226037830114364624e-01,1.288631111383438110e-01,-6.440027058124542236e-02,-9.628109633922576904e-03,-3.675474971532821655e-02,3.324408233165740967e-01,3.572363853454589844e-01,-1.057184189558029175e-01,-5.186530351638793945e-01,-1.185500621795654297e-01,2.250969409942626953e-01,-4.008909165859222412e-01,1.152288764715194702e-01,-2.703504860401153564e-01,1.299681067466735840e-01,-4.498353973031044006e-02,1.997171342372894287e-02
-1.401439428329467773e+00,-2.175386846065521240e-01,1.021632909774780273e+00,2.230851538479328156e-02,1.321179792284965515e-02,-6.748312115669250488e-01,7.375165224075317383e-01,-5.323501229286193848e-01,1.071439310908317566e-01,-8.169572055339813232e-02,7.057514190673828125e-01,1.369424760341644287e-01,-1.781470328569412231e-01,-1.387442052364349365e-01,-1.526503637433052063e-02,-2.331678718328475952e-01,1.279956251382827759e-01,-6.480266153812408447e-02,-9.915711358189582825e-03,-4.187776148319244385e-02,3.307321965694427490e-01,3.593576848506927490e-01,-1.064124479889869690e-01,-5.216252207756042480e-01,-1.172435134649276733e-01,2.223812341690063477e-01,-4.005267620086669922e-01,1.181584671139717102e-01,-2.660737931728363037e-01,1.301726996898651123e-01,-4.583523049950599670e-02,1.843982562422752380e-02
-1.403092265129089355e+00,-2.165145725011825562e-01,1.021336436271667480e+00,2.325754426419734955e-02,1.445651799440383911e-02,-6.708830595016479492e-01,7.410573363304138184e-01,-5.683358907699584961e-01,1.083295419812202454e-01,-8.433413505554199219e-02,7.482739686965942383e-01,1.455805897712707520e-01,-1.912562400102615356e-01,-1.447129249572753906e-01,-1.469377707690000534e-02,-2.419414073228836060e-01,1.334964781999588013e-01,-6.815127283334732056e-02,-1.646561175584793091e-02,-4.809093102812767029e-02,3.291817605495452881e-01,3.611975908279418945e-01,-1.068687513470649719e-01,-5.237545967102050781e-01,-1.156354621052742004e-01,2.194862812757492065e-01,-4.005956649780273438e-01,1.219756081700325012e-01,-2.619428038597106934e-01,1.312364786863327026e-01,-4.711938276886940002e-02,1.734020747244358063e-02
-1.404718279838562012e+00,-2.155642509460449219e-01,1.021183848381042480e+00,2.438870631158351898e-02,1.535492762923240662e-02,-6.673924922943115234e-01,7.441483139991760254e-01,-6.017297506332397461e-01,1.116999462246894836e-01,-8.033727109432220459e-02,7.895259857177734375e-01,1.412360817193984985e-01,-1.933268606662750244e-01,-1.510296165943145752e-01,-1.520549692213535309e-02,-2.501636743545532227e-01,1.403188109397888184e-01,-7.218081504106521606e-02,-2.346579544246196747e-02,-5.367745459079742432e-02,3.278082907199859619e-01,3.626830577850341797e-01,-1.070556640625000000e-01,-5.251571536064147949e-01,-1.136581972241401672e-01,2.162607312202453613e-01,-4.012273848056793213e-01,1.261878907680511475e-01,-2.574958503246307373e-01,1.324356049299240112e-01,-4.844044148921966553e-02,1.650164648890495300e-02
-1.406273841857910156e+00,-2.147334367036819458e-01,1.021109461784362793e+00,2.542368695139884949e-02,1.550156623125076294e-02,-6.645354032516479492e-01,7.466632723808288574e-01,-6.309656500816345215e-01,1.176720857620239258e-01,-7.091064751148223877e-02,8.286284208297729492e-01,1.252808719873428345e-01,-1.884202957153320312e-01,-1.576513350009918213e-01,-1.741809025406837463e-02,-2.565942108631134033e-01,1.497618705034255981e-01,-7.416933774948120117e-02,-2.551743015646934509e-02,-5.838152393698692322e-02,3.268232941627502441e-01,3.635255992412567139e-01,-1.069981828331947327e-01,-5.256360173225402832e-01,-1.112629696726799011e-01,2.127753049135208130e-01,-4.024650454521179199e-01,1.308511048555374146e-01,-2.522702217102050781e-01,1.338522583246231079e-01,-4.969149455428123474e-02,1.631012372672557831e-02
-1.407774806022644043e+00,-2.139270305633544922e-01,1.021072745323181152e+00,2.643070556223392487e-02,1.521574612706899643e-02,-6.624802947044372559e-01,7.484582662582397461e-01,-6.579496264457702637e-01,1.259470731019973755e-01,-5.817472189664840698e-02,8.672201633453369141e-01,1.057674363255500793e-01,-1.763442009687423706e-01,-1.643403470516204834e-01,-2.029174752533435822e-02,-2.611711919307708740e-01,1.595612019300460815e-01,-7.475892454385757446e-02,-2.654088474810123444e-02,-6.147523596882820129e-02,3.263819813728332520e-01,3.638508617877960205e-01,-1.070562750101089478e-01,-5.251073241233825684e-01,-1.091447174549102783e-01,2.090698629617691040e-01,-4.044539034366607666e-01,1.359999626874923706e-01,-2.465262711048126221e-01,1.359445750713348389e-01,-5.053310841321945190e-02,1.655096001923084259e-02
-1.409062981605529785e+00,-2.131073176860809326e-01,1.021167039871215820e+00,2.719685994088649750e-02,1.429832912981510162e-02,-6.611244082450866699e-01,7.496468424797058105e-01,-6.818184852600097656e-01,1.352612823247909546e-01,-4.435523971915245056e-02,9.041916131973266602e-01,8.783645927906036377e-02,-1.570766121149063110e-01,-1.688894778490066528e-01,-2.346278540790081024e-02,-2.641516625881195068e-01,1.677163094282150269e-01,-7.530154287815093994e-02,-2.734501287341117859e-02,-6.296376883983612061e-02,3.264262974262237549e-01,3.635120391845703125e-01,-1.070449575781822205e-01,-5.238196253776550293e-01,-1.067805141210556030e-01,2.050151824951171875e-01,-4.069787561893463135e-01,1.411439329385757446e-01,-2.402871996164321899e-01,1.371728181838989258e-01,-5.089681968092918396e-02,1.713872700929641724e-02
-1.410247921943664551e+00,-2.123484909534454346e-01,1.021411180496215820e+00,2.827077172696590424e-02,1.338928379118442535e-02,-6.602306365966796875e-01,7.504112124443054199e-01,-7.045789957046508789e-01,1.457037478685379028e-01,-2.923110313713550568e-02,9.404357075691223145e-01,7.169973105192184448e-02,-1.353135704994201660e-01,-1.730722337961196899e-01,-2.672664262354373932e-02,-2.659814953804016113e-01,1.736509650945663452e-01,-7.501029968261718750e-02,-2.815231494605541229e-02,-6.356945633888244629e-02,3.268911838531494141e-01,3.624874949455261230e-01,-1.070219576358795166e-01,-5.218778848648071289e-01,-1.044819876551628113e-01,2.007556408643722534e-01,-4.102004468441009521e-01,1.466435641050338745e-01,-2.343562990427017212e-01,1.389915049076080322e-01,-5.086141452193260193e-02,1.805309206247329712e-02
-1.411410331726074219e+00,-2.115314602851867676e-01,1.021733641624450684e+00,2.933281101286411285e-02,1.191204600036144257e-02,-6.599041223526000977e-01,7.506825327873229980e-01,-7.236220240592956543e-01,1.558576226234436035e-01,-1.501065306365489960e-02,9.739608764648437500e-01,5.384972691535949707e-02,-1.123272627592086792e-01,-1.737613230943679810e-01,-3.030866943299770355e-02,-2.669444084167480469e-01,1.773004382848739624e-01,-7.468192279338836670e-02,-2.854092605412006378e-02,-6.277543306350708008e-02,3.278792202472686768e-01,3.606510460376739502e-01,-1.071265041828155518e-01,-5.192809104919433594e-01,-1.022650077939033508e-01,1.962477564811706543e-01,-4.138151109218597412e-01,1.517055034637451172e-01,-2.281073629856109619e-01,1.397632956504821777e-01,-5.019845813512802124e-02,1.920128054916858673e-02
-1.412345647811889648e+00,-2.106189280748367310e-01,1.022171735763549805e+00,2.986865304410457611e-02,9.859166108071804047e-03,-6.598618626594543457e-01,7.507283091545104980e-01,-7.395958900451660156e-01,1.658771932125091553e-01,-1.751928706653416157e-03,1.006447792053222656e+00,3.642759844660758972e-02,-8.857738971710205078e-02,-1.762382388114929199e-01,-3.418852388858795166e-02,-2.670617997646331787e-01,1.815840750932693481e-01,-7.304025441408157349e-02,-2.947824075818061829e-02,-6.189262866973876953e-02,3.294919729232788086e-01,3.581199347972869873e-01,-1.073761209845542908e-01,-5.160303115844726562e-01,-1.002509966492652893e-01,1.915030926465988159e-01,-4.178137481212615967e-01,1.562540531158447266e-01,-2.217813730239868164e-01,1.397094279527664185e-01,-4.897993430495262146e-02,2.037355862557888031e-02
-1.413137674331665039e+00,-2.097898423671722412e-01,1.022621989250183105e+00,3.085875138640403748e-02,8.146227337419986725e-03,-6.604593992233276367e-01,7.501831650733947754e-01,-7.544240355491638184e-01,1.750722527503967285e-01,9.744917973875999451e-03,1.037019133567810059e+00,1.813620515167713165e-02,-6.426872313022613525e-02,-1.719749718904495239e-01,-3.730329126119613647e-02,-2.674362063407897949e-01,1.799856275320053101e-01,-7.419519126415252686e-02,-2.923428453505039215e-02,-5.966043099761009216e-02,3.314621746540069580e-01,3.549714684486389160e-01,-1.076033487915992737e-01,-5.126705765724182129e-01,-9.816541522741317749e-02,1.865601986646652222e-01,-4.220444858074188232e-01,1.604424715042114258e-01,-2.159147411584854126e-01,1.390281766653060913e-01,-4.755351692438125610e-02,2.178729511797428131e-02
-1.413823246955871582e+00,-2.089037448167800903e-01,1.023105740547180176e+00,3.080506250262260437e-02,5.942232441157102585e-03,-6.608396172523498535e-01,7.498711943626403809e-01,-7.667133212089538574e-01,1.831084340810775757e-01,1.764653623104095459e-02,1.067012190818786621e+00,1.850960543379187584e-03,-4.271078109741210938e-02,-1.743222028017044067e-01,-4.026577249169349670e-02,-2.669807672500610352e-01,1.824649721384048462e-01,-7.081027328968048096e-02,-3.062504902482032776e-02,-5.815674364566802979e-02,3.340578377246856689e-01,3.513918817043304443e-01,-1.080063730478286743e-01,-5.084803104400634766e-01,-9.635335206985473633e-02,1.815055608749389648e-01,-4.262049794197082520e-01,1.642359495162963867e-01,-2.106400132179260254e-01,1.375414878129959106e-01,-4.575314745306968689e-02,2.337272092700004578e-02
-1.414347290992736816e+00,-2.081318497657775879e-01,1.023614287376403809e+00,3.172631189227104187e-02,4.095573443919420242e-03,-6.616496443748474121e-01,7.491304874420166016e-01,-7.781084179878234863e-01,1.889367401599884033e-01,2.421139739453792572e-02,1.094442844390869141e+00,-1.288070529699325562e-02,-2.214823290705680847e-02,-1.743216961622238159e-01,-4.387532547116279602e-02,-2.654641866683959961e-01,1.829249858856201172e-01,-6.996444612741470337e-02,-3.107223846018314362e-02,-5.634522810578346252e-02,3.370503187179565430e-01,3.472617566585540771e-01,-1.087844669818878174e-01,-5.043960809707641602e-01,-9.477640688419342041e-02,1.761697530746459961e-01,-4.304196238517761230e-01,1.678307503461837769e-01,-2.063363343477249146e-01,1.362467557191848755e-01,-4.399365186691284180e-02,2.509720623493194580e-02
-1.414831280708312988e+00,-2.073687463998794556e-01,1.024139046669006348e+00,3.261188045144081116e-02,2.524421317502856255e-03,-6.625085473060607910e-01,7.483398318290710449e-01,-7.885014414787292480e-01,1.929625272750854492e-01,2.789621241390705109e-02,1.119500875473022461e+00,-2.490208297967910767e-02,-7.576353382319211960e-03,-1.743493378162384033e-01,-4.682735353708267212e-02,-2.638403773307800293e-01,1.819244325160980225e-01,-6.815172731876373291e-02,-3.159511461853981018e-02,-5.434069409966468811e-02,3.402593731880187988e-01,3.429276943206787109e-01,-1.097240224480628967e-01,-5.004741549491882324e-01,-9.342063218355178833e-02,1.709105670452117920e-01,-4.347228407859802246e-01,1.713273227214813232e-01,-2.022776454687118530e-01,1.347644031047821045e-01,-4.244891181588172913e-02,2.696273103356361389e-02
-1.415066719055175781e+00,-2.066417634487152100e-01,1.024616718292236328e+00,3.386647254228591919e-02,1.340211369097232819e-03,-6.635089516639709473e-01,7.474002242088317871e-01,-7.979118824005126953e-01,1.945866048336029053e-01,2.913792245090007782e-02,1.142029404640197754e+00,-3.400903195142745972e-02,4.387707915157079697e-03,-1.748030185699462891e-01,-4.995064437389373779e-02,-2.618025541305541992e-01,1.805408447980880737e-01,-6.649639457464218140e-02,-3.174719586968421936e-02,-5.198241025209426880e-02,3.435540795326232910e-01,3.383584618568420410e-01,-1.108824983239173889e-01,-4.968181550502777100e-01,-9.225036203861236572e-02,1.655258238315582275e-01,-4.391084611415863037e-01,1.746202558279037476e-01,-1.989421695470809937e-01,1.325422078371047974e-01,-4.127230122685432434e-02,2.883512899279594421e-02
-1.415306091308593750e+00,-2.058820575475692749e-01,1.025038719177246094e+00,3.461902588605880737e-02,1.852160930866375566e-04,-6.642405390739440918e-01,7.467167973518371582e-01,-8.058665394783020020e-01,1.947333067655563354e-01,2.752670645713806152e-02,1.162562847137451172e+00,-3.988328203558921814e-02,1.132805086672306061e-02,-1.747843176126480103e-01,-5.231437087059020996e-02,-2.604158520698547363e-01,1.791205555200576782e-01,-6.460562348365783691e-02,-3.200098499655723572e-02,-4.975628107786178589e-02,3.470236659049987793e-01,3.339085578918457031e-01,-1.123577952384948730e-01,-4.931264221668243408e-01,-9.171867370605468750e-02,1.601625084877014160e-01,-4.435688257217407227e-01,1.777131557464599609e-01,-1.962363719940185547e-01,1.294825077056884766e-01,-4.036565497517585754e-02,3.056843206286430359e-02
-1.415463328361511230e+00,-2.050494998693466187e-01,1.025361537933349609e+00,3.499743714928627014e-02,-8.078018436208367348e-04,-6.647899150848388672e-01,7.462096810340881348e-01,-8.117907643318176270e-01,1.940170228481292725e-01,2.487600967288017273e-02,1.180110692977905273e+00,-4.512218758463859558e-02,1.603021100163459778e-02,-1.742151528596878052e-01,-5.395867675542831421e-02,-2.598241269588470459e-01,1.775070577859878540e-01,-6.273522973060607910e-02,-3.224535286426544189e-02,-4.853684082627296448e-02,3.505666553974151611e-01,3.295680880546569824e-01,-1.139254048466682434e-01,-4.894308745861053467e-01,-9.143406897783279419e-02,1.550781428813934326e-01,-4.480451345443725586e-01,1.809269040822982788e-01,-1.935268640518188477e-01,1.266808211803436279e-01,-3.972627222537994385e-02,3.220669552683830261e-02
-1.415570378303527832e+00,-2.043813765048980713e-01,1.025633335113525391e+00,3.552817925810813904e-02,-1.448931172490119934e-03,-6.651357412338256836e-01,7.458753585815429688e-01,-8.166397213935852051e-01,1.912558227777481079e-01,2.003664337098598480e-02,1.194782495498657227e+00,-4.910643026232719421e-02,1.806531473994255066e-02,-1.738396733999252319e-01,-5.533362179994583130e-02,-2.591879665851593018e-01,1.753696501255035400e-01,-6.086243316531181335e-02,-3.236827626824378967e-02,-4.721668362617492676e-02,3.540700674057006836e-01,3.254486024379730225e-01,-1.155784204602241516e-01,-4.859089851379394531e-01,-9.135838598012924194e-02,1.502397209405899048e-01,-4.524876475334167480e-01,1.845296919345855713e-01,-1.909134238958358765e-01,1.245999634265899658e-01,-3.939274325966835022e-02,3.361446037888526917e-02
-1.415604948997497559e+00,-2.037373781204223633e-01,1.025816559791564941e+00,3.570964187383651733e-02,-1.905932906083762646e-03,-6.651145219802856445e-01,7.458846569061279297e-01,-8.194435238838195801e-01,1.879686415195465088e-01,1.476790010929107666e-02,1.206644892692565918e+00,-5.092718452215194702e-02,1.869405992329120636e-02,-1.733961254358291626e-01,-5.614003166556358337e-02,-2.596498131752014160e-01,1.736356914043426514e-01,-5.917788669466972351e-02,-3.249841183423995972e-02,-4.631710797548294067e-02,3.575434982776641846e-01,3.216685950756072998e-01,-1.173624172806739807e-01,-4.824477136135101318e-01,-9.188105165958404541e-02,1.456260830163955688e-01,-4.566079676151275635e-01,1.882929801940917969e-01,-1.884785592555999756e-01,1.225816085934638977e-01,-3.932436555624008179e-02,3.475898876786231995e-02
-1.415510416030883789e+00,-2.031990587711334229e-01,1.025926232337951660e+00,3.577023744583129883e-02,-2.197498455643653870e-03,-6.649727821350097656e-01,7.460072636604309082e-01,-8.204841017723083496e-01,1.839845627546310425e-01,8.979000151157379150e-03,1.215346336364746094e+00,-5.183648690581321716e-02,1.957455463707447052e-02,-1.727582961320877075e-01,-5.674191564321517944e-02,-2.608236670494079590e-01,1.719744801521301270e-01,-5.775711685419082642e-02,-3.246274590492248535e-02,-4.539197310805320740e-02,3.608978986740112305e-01,3.182435631752014160e-01,-1.191553995013237000e-01,-4.791561365127563477e-01,-9.267780184745788574e-02,1.412665694952011108e-01,-4.604728221893310547e-01,1.923865526914596558e-01,-1.863267719745635986e-01,1.209746375679969788e-01,-3.937977924942970276e-02,3.568117693066596985e-02
-1.415365219116210938e+00,-2.027736306190490723e-01,1.025956749916076660e+00,3.558081015944480896e-02,-2.246942138299345970e-03,-6.644751429557800293e-01,7.464594841003417969e-01,-8.196626901626586914e-01,1.801343262195587158e-01,3.642487572506070137e-03,1.221093535423278809e+00,-5.118547379970550537e-02,1.980830915272235870e-02,-1.716646552085876465e-01,-5.674334242939949036e-02,-2.627392411231994629e-01,1.700366139411926270e-01,-5.645359307527542114e-02,-3.231362625956535339e-02,-4.544201120734214783e-02,3.641002178192138672e-01,3.152662217617034912e-01,-1.209231168031692505e-01,-4.759800136089324951e-01,-9.402144700288772583e-02,1.370696127414703369e-01,-4.638952612876892090e-01,1.964554935693740845e-01,-1.843523979187011719e-01,1.192083954811096191e-01,-3.948245942592620850e-02,3.651938959956169128e-02
-1.415107607841491699e+00,-2.024188041687011719e-01,1.025931835174560547e+00,3.525647148489952087e-02,-2.187153557315468788e-03,-6.638230681419372559e-01,7.470549941062927246e-01,-8.167164325714111328e-01,1.767797768115997314e-01,-6.429903442040085793e-04,1.223735809326171875e+00,-5.103535950183868408e-02,2.071612514555454254e-02,-1.707056760787963867e-01,-5.662198364734649658e-02,-2.650233805179595947e-01,1.686462759971618652e-01,-5.547096952795982361e-02,-3.204846009612083435e-02,-4.602213948965072632e-02,3.671322166919708252e-01,3.127247095108032227e-01,-1.225395575165748596e-01,-4.729565680027008057e-01,-9.557264298200607300e-02,1.331597119569778442e-01,-4.668564796447753906e-01,2.006416171789169312e-01,-1.822923719882965088e-01,1.174465417861938477e-01,-3.957997635006904602e-02,3.718004375696182251e-02
-1.414727687835693359e+00,-2.021072655916213989e-01,1.025836229324340820e+00,3.471832722425460815e-02,-2.024641958996653557e-03,-6.628590822219848633e-01,7.479360699653625488e-01,-8.112126588821411133e-01,1.734099537134170532e-01,-4.221321549266576767e-03,1.222621440887451172e+00,-5.062827840447425842e-02,1.996609941124916077e-02,-1.695429086685180664e-01,-5.630503222346305847e-02,-2.680286467075347900e-01,1.675538122653961182e-01,-5.473839119076728821e-02,-3.160607442259788513e-02,-4.735843092203140259e-02,3.702892363071441650e-01,3.100496232509613037e-01,-1.239807084202766418e-01,-4.683593809604644775e-01,-9.772105515003204346e-02,1.285679340362548828e-01,-4.698162674903869629e-01,2.057381123304367065e-01,-1.781790107488632202e-01,1.142168119549751282e-01,-3.963448107242584229e-02,3.801646083593368530e-02
-1.414393305778503418e+00,-2.018376588821411133e-01,1.025700926780700684e+00,3.405274823307991028e-02,-1.932843704707920551e-03,-6.619052886962890625e-01,7.488111257553100586e-01,-8.033072948455810547e-01,1.712147146463394165e-01,-5.791554693132638931e-03,1.218109607696533203e+00,-4.937582835555076599e-02,2.190808020532131195e-02,-1.686188280582427979e-01,-5.599525943398475647e-02,-2.708634436130523682e-01,1.676964312791824341e-01,-5.472946166992187500e-02,-3.120288066565990448e-02,-4.865004867315292358e-02,3.730258047580718994e-01,3.078823089599609375e-01,-1.250261515378952026e-01,-4.647347629070281982e-01,-9.966018050909042358e-02,1.241919398307800293e-01,-4.721523225307464600e-01,2.106019109487533569e-01,-1.742894053459167480e-01,1.109416633844375610e-01,-3.956386074423789978e-02,3.841816633939743042e-02
-1.413947105407714844e+00,-2.017749100923538208e-01,1.025485038757324219e+00,3.324677795171737671e-02,-1.618048874661326408e-03,-6.608546376228332520e-01,7.497754096984863281e-01,-7.934210896492004395e-01,1.702180653810501099e-01,-5.606765393167734146e-03,1.210446715354919434e+00,-4.916443675756454468e-02,2.316742576658725739e-02,-1.677725017070770264e-01,-5.532503128051757812e-02,-2.739817798137664795e-01,1.682562083005905151e-01,-5.517080053687095642e-02,-3.068104386329650879e-02,-5.003271624445915222e-02,3.754106462001800537e-01,3.062298893928527832e-01,-1.258238703012466431e-01,-4.621933400630950928e-01,-1.015613749623298645e-01,1.199172362685203552e-01,-4.739005267620086670e-01,2.150892466306686401e-01,-1.706350892782211304e-01,1.080887988209724426e-01,-3.921252861618995667e-02,3.872552886605262756e-02
-1.413474202156066895e+00,-2.016724795103073120e-01,1.025210261344909668e+00,3.206181153655052185e-02,-1.442537526600062847e-03,-6.597325205802917480e-01,7.508148550987243652e-01,-7.807792425155639648e-01,1.701927930116653442e-01,-3.892954438924789429e-03,1.199328422546386719e+00,-4.782311990857124329e-02,2.657397836446762085e-02,-1.663884520530700684e-01,-5.436402186751365662e-02,-2.773413658142089844e-01,1.691675782203674316e-01,-5.574757605791091919e-02,-3.016765601933002472e-02,-5.101813003420829773e-02,3.775675296783447266e-01,3.051083385944366455e-01,-1.261609196662902832e-01,-4.592336416244506836e-01,-1.033228337764739990e-01,1.157965958118438721e-01,-4.749864637851715088e-01,2.195064127445220947e-01,-1.651735454797744751e-01,1.036288663744926453e-01,-3.807380795478820801e-02,3.854424878954887390e-02
-1.412797689437866211e+00,-2.017502337694168091e-01,1.024892449378967285e+00,3.080520592629909515e-02,-9.909783257171511650e-04,-6.585928797721862793e-01,7.518680095672607422e-01,-7.663001418113708496e-01,1.705925762653350830e-01,-8.572494261898100376e-04,1.184906601905822754e+00,-4.747081175446510315e-02,2.946906723082065582e-02,-1.646509468555450439e-01,-5.296681076288223267e-02,-2.807013690471649170e-01,1.694187670946121216e-01,-5.625382438302040100e-02,-2.941765263676643372e-02,-5.174665525555610657e-02,3.794098794460296631e-01,3.047550618648529053e-01,-1.263312101364135742e-01,-4.576929807662963867e-01,-1.053678467869758606e-01,1.118147298693656921e-01,-4.753718674182891846e-01,2.234344184398651123e-01,-1.597901135683059692e-01,9.906420111656188965e-02,-3.671561554074287415e-02,3.842273354530334473e-02
-1.412112951278686523e+00,-2.018074989318847656e-01,1.024647831916809082e+00,2.976436913013458252e-02,-3.653257736004889011e-04,-6.575141549110412598e-01,7.528539896011352539e-01,-7.497529983520507812e-01,1.715161502361297607e-01,4.414492286741733551e-03,1.166290879249572754e+00,-4.747768864035606384e-02,2.941301278769969940e-02,-1.626753062009811401e-01,-5.138356611132621765e-02,-2.843428552150726318e-01,1.678014099597930908e-01,-5.581144988536834717e-02,-2.870722487568855286e-02,-5.202687904238700867e-02,3.808675706386566162e-01,3.048684597015380859e-01,-1.260321587324142456e-01,-4.568319022655487061e-01,-1.070838421583175659e-01,1.080631688237190247e-01,-4.751605987548828125e-01,2.269671857357025146e-01,-1.544912159442901611e-01,9.372358769178390503e-02,-3.513226285576820374e-02,3.785878792405128479e-02
-1.411333918571472168e+00,-2.020350992679595947e-01,1.024377226829528809e+00,2.890598401427268982e-02,7.541003287769854069e-04,-6.562570333480834961e-01,7.539831399917602539e-01,-7.319681644439697266e-01,1.726856082677841187e-01,1.099982671439647675e-02,1.143623590469360352e+00,-4.791772365570068359e-02,3.079191967844963074e-02,-1.608798056840896606e-01,-4.927827045321464539e-02,-2.879681587219238281e-01,1.653625965118408203e-01,-5.624779313802719116e-02,-2.791473641991615295e-02,-5.220563709735870361e-02,3.818471133708953857e-01,3.054894506931304932e-01,-1.252652555704116821e-01,-4.569676220417022705e-01,-1.084470301866531372e-01,1.043662279844284058e-01,-4.743591547012329102e-01,2.300868332386016846e-01,-1.500871926546096802e-01,8.845851570367813110e-02,-3.362835943698883057e-02,3.685163334012031555e-02
-1.410360455513000488e+00,-2.025036811828613281e-01,1.024137735366821289e+00,2.863577380776405334e-02,2.538668923079967499e-03,-6.550310850143432617e-01,7.550548315048217773e-01,-7.132787704467773438e-01,1.736174225807189941e-01,1.917903870344161987e-02,1.116544127464294434e+00,-4.726313799619674683e-02,3.193582594394683838e-02,-1.600067317485809326e-01,-4.704052582383155823e-02,-2.914826571941375732e-01,1.614111810922622681e-01,-5.629404261708259583e-02,-2.694215252995491028e-02,-5.208195000886917114e-02,3.821892738342285156e-01,3.066812753677368164e-01,-1.239604875445365906e-01,-4.582650661468505859e-01,-1.087688282132148743e-01,1.004617139697074890e-01,-4.730539619922637939e-01,2.325080037117004395e-01,-1.463944166898727417e-01,8.328372985124588013e-02,-3.284518420696258545e-02,3.587948903441429138e-02
-1.409262418746948242e+00,-2.029410749673843384e-01,1.023872494697570801e+00,2.781268954277038574e-02,4.007910843938589096e-03,-6.539658904075622559e-01,7.560019493103027344e-01,-6.911439299583435059e-01,1.755487769842147827e-01,2.992604486644268036e-02,1.085410237312316895e+00,-4.584025219082832336e-02,3.081812523305416107e-02,-1.581664830446243286e-01,-4.448225349187850952e-02,-2.946356832981109619e-01,1.577896475791931152e-01,-5.654983222484588623e-02,-2.592488378286361694e-02,-5.272172391414642334e-02,3.822903335094451904e-01,3.082650601863861084e-01,-1.221878752112388611e-01,-4.594303071498870850e-01,-1.090171933174133301e-01,9.669308364391326904e-02,-4.712824821472167969e-01,2.346900999546051025e-01,-1.427580565214157104e-01,7.878337800502777100e-02,-3.231375664472579956e-02,3.527350351214408875e-02
-1.408136129379272461e+00,-2.031804919242858887e-01,1.023606181144714355e+00,2.639565430581569672e-02,4.790396429598331451e-03,-6.532908678054809570e-01,7.566315531730651855e-01,-6.644959449768066406e-01,1.779795140027999878e-01,4.345962032675743103e-02,1.049288988113403320e+00,-4.256881400942802429e-02,2.905980497598648071e-02,-1.548784524202346802e-01,-4.189578443765640259e-02,-2.967559993267059326e-01,1.543187499046325684e-01,-5.634510144591331482e-02,-2.493776008486747742e-02,-5.316468328237533569e-02,3.822623491287231445e-01,3.100419044494628906e-01,-1.196806356310844421e-01,-4.596977233886718750e-01,-1.084797456860542297e-01,9.323956817388534546e-02,-4.691454768180847168e-01,2.368954122066497803e-01,-1.388700902462005615e-01,7.527834177017211914e-02,-3.149287402629852295e-02,3.502555564045906067e-02
-1.406927704811096191e+00,-2.036223411560058594e-01,1.023296952247619629e+00,2.503373846411705017e-02,5.801421124488115311e-03,-6.524880528450012207e-01,7.573632001876831055e-01,-6.360263228416442871e-01,1.808344423770904541e-01,5.960932001471519470e-02,1.008632302284240723e+00,-3.537976741790771484e-02,2.543941885232925415e-02,-1.507972925901412964e-01,-3.899125009775161743e-02,-2.989038825035095215e-01,1.501245051622390747e-01,-5.631301179528236389e-02,-2.366186492145061493e-02,-5.288776010274887085e-02,3.821278810501098633e-01,3.121590912342071533e-01,-1.171074062585830688e-01,-4.611214697360992432e-01,-1.069602146744728088e-01,8.986363559961318970e-02,-4.665610492229461670e-01,2.389252483844757080e-01,-1.357621848583221436e-01,7.199608534574508667e-02,-3.048826567828655243e-02,3.506254404783248901e-02
-1.405546069145202637e+00,-2.041076272726058960e-01,1.023132681846618652e+00,2.337304130196571350e-02,6.468048784881830215e-03,-6.519804000854492188e-01,7.578479051589965820e-01,-6.036345362663269043e-01,1.837405115365982056e-01,7.895872741937637329e-02,9.624879956245422363e-01,-2.583874017000198364e-02,1.835783198475837708e-02,-1.455179005861282349e-01,-3.576551377773284912e-02,-3.014194667339324951e-01,1.430035382509231567e-01,-5.538212880492210388e-02,-2.269376814365386963e-02,-5.222837626934051514e-02,3.819949328899383545e-01,3.144021332263946533e-01,-1.140925735235214233e-01,-4.619374275207519531e-01,-1.055120751261711121e-01,8.690764009952545166e-02,-4.635521769523620605e-01,2.409600466489791870e-01,-1.321594566106796265e-01,6.910359859466552734e-02,-2.906998991966247559e-02,3.532350808382034302e-02
-1.403977394104003906e+00,-2.044632732868194580e-01,1.022886991500854492e+00,2.145490236580371857e-02,7.051849737763404846e-03,-6.517673730850219727e-01,7.580825686454772949e-01,-5.685833692550659180e-01,1.862011849880218506e-01,1.008631736040115356e-01,9.118399024009704590e-01,-1.484884042292833328e-02,1.196111366152763367e-02,-1.356204599142074585e-01,-3.164083510637283325e-02,-3.034168779850006104e-01,1.317617595195770264e-01,-5.344598367810249329e-02,-2.093177847564220428e-02,-5.123612284660339355e-02,3.820278942584991455e-01,3.167821168899536133e-01,-1.113068610429763794e-01,-4.624642133712768555e-01,-1.045291349291801453e-01,8.410482853651046753e-02,-4.601054191589355469e-01,2.427061498165130615e-01,-1.287361085414886475e-01,6.663794815540313721e-02,-2.746690250933170319e-02,3.594189882278442383e-02
-1.402256608009338379e+00,-2.050296068191528320e-01,1.022581338882446289e+00,1.921892352402210236e-02,7.574438583105802536e-03,-6.511030197143554688e-01,7.587081789970397949e-01,-5.313383936882019043e-01,1.876256167888641357e-01,1.238519176840782166e-01,8.566407561302185059e-01,-1.643184659769758582e-04,3.269310574978590012e-03,-1.296621710062026978e-01,-2.811571583151817322e-02,-3.052554428577423096e-01,1.237901225686073303e-01,-4.877456277608871460e-02,-1.707215793430805206e-02,-5.029428005218505859e-02,3.820528984069824219e-01,3.194612562656402588e-01,-1.087013408541679382e-01,-4.637415409088134766e-01,-1.041476130485534668e-01,8.177292346954345703e-02,-4.563224017620086670e-01,2.446090131998062134e-01,-1.249513775110244751e-01,6.420765817165374756e-02,-2.550133131444454193e-02,3.617832064628601074e-02
-1.400375723838806152e+00,-2.054536342620849609e-01,1.022263765335083008e+00,1.681697927415370941e-02,8.158615790307521820e-03,-6.508747935295104980e-01,7.589550018310546875e-01,-4.917926490306854248e-01,1.880700886249542236e-01,1.487246900796890259e-01,7.962361574172973633e-01,1.789871230721473694e-02,-4.220665898174047470e-03,-1.207748875021934509e-01,-2.398696914315223694e-02,-3.073846697807312012e-01,1.123957261443138123e-01,-4.239315912127494812e-02,-1.071268040686845779e-02,-4.888868331909179688e-02,3.822302222251892090e-01,3.224185407161712646e-01,-1.061607226729393005e-01,-4.651056230068206787e-01,-1.040636077523231506e-01,7.977265864610671997e-02,-4.520387351512908936e-01,2.467430830001831055e-01,-1.216803863644599915e-01,6.200334057211875916e-02,-2.306940779089927673e-02,3.587607294321060181e-02
-1.398393750190734863e+00,-2.059177011251449585e-01,1.021808266639709473e+00,1.388257835060358047e-02,8.550321683287620544e-03,-6.505607962608337402e-01,7.592791318893432617e-01,-4.505905210971832275e-01,1.877528578042984009e-01,1.749994754791259766e-01,7.325308918952941895e-01,4.621130973100662231e-02,-1.734716258943080902e-02,-1.092313602566719055e-01,-1.877810619771480560e-02,-3.097465932369232178e-01,9.849248081445693970e-02,-3.553027659654617310e-02,-5.027135834097862244e-03,-4.759310558438301086e-02,3.826320767402648926e-01,3.256831765174865723e-01,-1.039012297987937927e-01,-4.657855629920959473e-01,-1.048038303852081299e-01,7.800298184156417847e-02,-4.470500051975250244e-01,2.491043806076049805e-01,-1.195765435695648193e-01,5.970154330134391785e-02,-1.986662484705448151e-02,3.605510666966438293e-02
-1.396246314048767090e+00,-2.062435746192932129e-01,1.021390080451965332e+00,1.089259609580039978e-02,8.767393417656421661e-03,-6.494538187980651855e-01,7.602725028991699219e-01,-4.099354445934295654e-01,1.867524683475494385e-01,2.037715315818786621e-01,6.716997623443603516e-01,6.323918700218200684e-02,-4.095876216888427734e-02,-1.021020337939262390e-01,-1.525059808045625687e-02,-3.130776584148406982e-01,9.288995712995529175e-02,-3.183076158165931702e-02,-3.926865756511688232e-03,-4.740516468882560730e-02,3.829686939716339111e-01,3.291049897670745850e-01,-1.018192321062088013e-01,-4.672840237617492676e-01,-1.055979356169700623e-01,7.603050023317337036e-02,-4.411862194538116455e-01,2.514158189296722412e-01,-1.198498085141181946e-01,5.718265473842620850e-02,-1.638215035200119019e-02,3.591357171535491943e-02
-1.393807649612426758e+00,-2.065353691577911377e-01,1.020857572555541992e+00,8.452443405985832214e-03,8.844198659062385559e-03,-6.480950117111206055e-01,7.614611983299255371e-01,-3.708754181861877441e-01,1.842316687107086182e-01,2.346674948930740356e-01,6.199599504470825195e-01,3.042321279644966125e-02,-5.663613229990005493e-02,-9.594625234603881836e-02,-1.369470078498125076e-02,-3.171636164188385010e-01,9.010318666696548462e-02,-3.053522668778896332e-02,-2.230645390227437019e-03,-4.854739084839820862e-02,3.833266794681549072e-01,3.324422240257263184e-01,-1.000065058469772339e-01,-4.693832993507385254e-01,-1.064240187406539917e-01,7.373752444982528687e-02,-4.345766007900238037e-01,2.538379728794097900e-01,-1.222574338316917419e-01,5.502106994390487671e-02,-1.275409199297428131e-02,3.561843559145927429e-02
-1.391409039497375488e+00,-2.067409008741378784e-01,1.020294785499572754e+00,6.199736613780260086e-03,9.058205410838127136e-03,-6.468586325645446777e-01,7.625309228897094727e-01,-3.332766294479370117e-01,1.798586994409561157e-01,2.606962025165557861e-01,5.746380686759948730e-01,-2.277817390859127045e-02,-5.458901822566986084e-02,-9.216816723346710205e-02,-1.255774218589067459e-02,-3.201290667057037354e-01,8.945909142494201660e-02,-2.938226982951164246e-02,-3.776698722504079342e-04,-4.912836849689483643e-02,3.835822045803070068e-01,3.358575105667114258e-01,-9.838198125362396240e-02,-4.721359610557556152e-01,-1.079738140106201172e-01,7.148590683937072754e-02,-4.279666543006896973e-01,2.563076913356781006e-01,-1.252204030752182007e-01,5.337678268551826477e-02,-9.169258177280426025e-03,3.520724922418594360e-02
-1.388582706451416016e+00,-2.068518549203872681e-01,1.019752025604248047e+00,4.376221448183059692e-03,9.775213897228240967e-03,-6.463790535926818848e-01,7.629413008689880371e-01,-2.986133098602294922e-01,1.730414628982543945e-01,2.781619727611541748e-01,5.286728739738464355e-01,-6.338568776845932007e-02,-4.594463855028152466e-02,-8.870305866003036499e-02,-1.131900399923324585e-02,-3.210366666316986084e-01,8.708033710718154907e-02,-2.785543538630008698e-02,1.976928906515240669e-03,-4.684222117066383362e-02,3.835720419883728027e-01,3.392421603202819824e-01,-9.677435457706451416e-02,-4.758220911026000977e-01,-1.089943051338195801e-01,6.974028050899505615e-02,-4.212323725223541260e-01,2.589005529880523682e-01,-1.263113915920257568e-01,5.118893086910247803e-02,-5.938669200986623764e-03,3.470114991068840027e-02
-1.385968446731567383e+00,-2.069661617279052734e-01,1.019187092781066895e+00,2.879009814932942390e-03,1.112826075404882431e-02,-6.446192264556884766e-01,7.644174098968505859e-01,-2.691735625267028809e-01,1.663582473993301392e-01,2.961733043193817139e-01,4.851626753807067871e-01,-1.002138555049896240e-01,-4.468495771288871765e-02,-8.923291414976119995e-02,-1.070698257535696030e-02,-3.240582346916198730e-01,9.026301652193069458e-02,-2.914870716631412506e-02,4.261772148311138153e-03,-4.763238131999969482e-02,3.833025097846984863e-01,3.429134786128997803e-01,-9.542089700698852539e-02,-4.802125990390777588e-01,-1.108300387859344482e-01,6.766808778047561646e-02,-4.146014153957366943e-01,2.608093321323394775e-01,-1.278926879167556763e-01,4.868045076727867126e-02,-3.783802734687924385e-03,3.372371196746826172e-02
-1.383206129074096680e+00,-2.069667279720306396e-01,1.018693923950195312e+00,1.971042482182383537e-03,1.246185135096311569e-02,-6.421671509742736816e-01,7.664608359336853027e-01,-2.445752024650573730e-01,1.595136821269989014e-01,3.135580420494079590e-01,4.461641907691955566e-01,-1.261092722415924072e-01,-4.872646927833557129e-02,-9.544622153043746948e-02,-1.335467305034399033e-02,-3.271961212158203125e-01,1.041944324970245361e-01,-3.604170680046081543e-02,7.287565618753433228e-03,-4.881495982408523560e-02,3.825207948684692383e-01,3.466012775897979736e-01,-9.427335858345031738e-02,-4.855386912822723389e-01,-1.124309226870536804e-01,6.562364101409912109e-02,-4.084290564060211182e-01,2.619362771511077881e-01,-1.280911117792129517e-01,4.506002739071846008e-02,-2.723565557971596718e-03,3.184190765023231506e-02
-1.380692362785339355e+00,-2.068155705928802490e-01,1.018462300300598145e+00,1.936034066602587700e-03,1.278866920620203018e-02,-6.404708027839660645e-01,7.678735852241516113e-01,-2.225472033023834229e-01,1.503266245126724243e-01,3.234993815422058105e-01,4.079741239547729492e-01,-1.382987052202224731e-01,-5.347383022308349609e-02,-1.044595018029212952e-01,-1.952722482383251190e-02,-3.278475105762481689e-01,1.235047206282615662e-01,-4.510710388422012329e-02,1.018525939434766769e-02,-4.729698225855827332e-02,3.813478052616119385e-01,3.498587906360626221e-01,-9.364591538906097412e-02,-4.916017055511474609e-01,-1.140818968415260315e-01,6.363961100578308105e-02,-4.032160341739654541e-01,2.621629834175109863e-01,-1.261185705661773682e-01,4.180410504341125488e-02,-2.259899862110614777e-03,2.948213927447795868e-02
-1.378332138061523438e+00,-2.066903412342071533e-01,1.018514871597290039e+00,3.212699899449944496e-03,1.223498024046421051e-02,-6.384555697441101074e-01,7.695547342300415039e-01,-2.035227119922637939e-01,1.376617103815078735e-01,3.302005827426910400e-01,3.705060780048370361e-01,-1.355430036783218384e-01,-4.962664842605590820e-02,-1.149018481373786926e-01,-2.937694638967514038e-02,-3.262501358985900879e-01,1.456729769706726074e-01,-5.588841810822486877e-02,1.335999649018049240e-02,-4.692490398883819580e-02,3.798115849494934082e-01,3.522325754165649414e-01,-9.358792006969451904e-02,-4.979757368564605713e-01,-1.155973002314567566e-01,6.164478510618209839e-02,-3.994330465793609619e-01,2.615709900856018066e-01,-1.226039826869964600e-01,3.867633268237113953e-02,-2.505454467609524727e-03,2.666678465902805328e-02
-1.376240730285644531e+00,-2.063198089599609375e-01,1.018496751785278320e+00,4.545715171843767166e-03,1.119277998805046082e-02,-6.357964277267456055e-01,7.717622518539428711e-01,-1.872059106826782227e-01,1.251043230295181274e-01,3.360761404037475586e-01,3.369175493717193604e-01,-1.296023726463317871e-01,-4.504328593611717224e-02,-1.256007999181747437e-01,-3.984070569276809692e-02,-3.235547244548797607e-01,1.687821596860885620e-01,-6.666473299264907837e-02,1.583141461014747620e-02,-4.803111404180526733e-02,3.780790269374847412e-01,3.537065088748931885e-01,-9.434013813734054565e-02,-5.029474496841430664e-01,-1.162676215171813965e-01,5.962191894650459290e-02,-3.968863189220428467e-01,2.603713274002075195e-01,-1.198962181806564331e-01,3.645754978060722351e-02,-2.908353460952639580e-03,2.409516274929046631e-02
-1.374157905578613281e+00,-2.055816799402236938e-01,1.018466591835021973e+00,6.218315567821264267e-03,9.628403000533580780e-03,-6.330861449241638184e-01,7.739964723587036133e-01,-1.729228347539901733e-01,1.113950312137603760e-01,3.395321071147918701e-01,3.070372343063354492e-01,-1.222957521677017212e-01,-3.961679711937904358e-02,-1.375204026699066162e-01,-5.173931270837783813e-02,-3.173236548900604248e-01,1.946220546960830688e-01,-7.848147302865982056e-02,1.796984113752841949e-02,-4.959439858794212341e-02,3.761379420757293701e-01,3.544495999813079834e-01,-9.587013721466064453e-02,-5.080385804176330566e-01,-1.176354214549064636e-01,5.727415904402732849e-02,-3.951773345470428467e-01,2.584443092346191406e-01,-1.177928447723388672e-01,3.387242555618286133e-02,-3.250455716624855995e-03,2.133687213063240051e-02
-1.372686386108398438e+00,-2.047108858823776245e-01,1.018629550933837891e+00,8.311565034091472626e-03,7.502016145735979080e-03,-6.302420496940612793e-01,7.763179540634155273e-01,-1.632181107997894287e-01,9.865204244852066040e-02,3.399938046932220459e-01,2.856457531452178955e-01,-1.122786551713943481e-01,-3.821496665477752686e-02,-1.504647135734558105e-01,-6.398244947195053101e-02,-3.095554709434509277e-01,2.214525341987609863e-01,-8.828978240489959717e-02,1.629213057458400726e-02,-5.004788562655448914e-02,3.739162683486938477e-01,3.545015752315521240e-01,-9.815651923418045044e-02,-5.133292078971862793e-01,-1.189622879028320312e-01,5.508607253432273865e-02,-3.944657146930694580e-01,2.558093965053558350e-01,-1.144849732518196106e-01,3.144833818078041077e-02,-3.402423346415162086e-03,1.799320802092552185e-02
-1.371211171150207520e+00,-2.037098705768585205e-01,1.019232630729675293e+00,1.011221017688512802e-02,5.635458510369062424e-03,-6.276025176048278809e-01,7.784478068351745605e-01,-1.569387167692184448e-01,8.830522000789642334e-02,3.393658101558685303e-01,2.706886231899261475e-01,-1.013474762439727783e-01,-4.223376139998435974e-02,-1.654694676399230957e-01,-7.565326988697052002e-02,-3.029439151287078857e-01,2.507510781288146973e-01,-9.325047582387924194e-02,1.249546743929386139e-02,-5.047805234789848328e-02,3.714544773101806641e-01,3.540528714656829834e-01,-1.009849384427070618e-01,-5.184242129325866699e-01,-1.198969557881355286e-01,5.265526100993156433e-02,-3.942453265190124512e-01,2.525154650211334229e-01,-1.117810383439064026e-01,2.878163941204547882e-02,-3.285954939201474190e-03,1.460695452988147736e-02
-1.369903326034545898e+00,-2.024179548025131226e-01,1.019971489906311035e+00,1.116385031491518021e-02,4.058045800775289536e-03,-6.247147917747497559e-01,7.807626724243164062e-01,-1.542213559150695801e-01,8.106577396392822266e-02,3.383561670780181885e-01,2.629567086696624756e-01,-9.312301129102706909e-02,-4.757027328014373779e-02,-1.782121360301971436e-01,-8.534635603427886963e-02,-2.964679896831512451e-01,2.757773697376251221e-01,-9.244104474782943726e-02,1.064945105463266373e-02,-5.121909454464912415e-02,3.692829608917236328e-01,3.535585701465606689e-01,-1.035786643624305725e-01,-5.211831927299499512e-01,-1.205046921968460083e-01,5.056635662913322449e-02,-3.941046297550201416e-01,2.492784112691879272e-01,-1.104972586035728455e-01,2.688261494040489197e-02,-3.008910920470952988e-03,1.261963974684476852e-02
-1.368546962738037109e+00,-2.007953226566314697e-01,1.020409464836120605e+00,1.158210635185241699e-02,1.769217662513256073e-03,-6.217527985572814941e-01,7.831259369850158691e-01,-1.496528685092926025e-01,7.383728772401809692e-02,3.370169103145599365e-01,2.547345757484436035e-01,-8.503244817256927490e-02,-5.115154013037681580e-02,-1.924029588699340820e-01,-9.641144424676895142e-02,-2.904062271118164062e-01,3.068564534187316895e-01,-9.328499436378479004e-02,1.066979113966226578e-02,-5.249379202723503113e-02,3.671108782291412354e-01,3.529879152774810791e-01,-1.066881790757179260e-01,-5.241042375564575195e-01,-1.211098358035087585e-01,4.865593090653419495e-02,-3.939248025417327881e-01,2.458834797143936157e-01,-1.090546920895576477e-01,2.496450021862983704e-02,-2.341883489862084389e-03,1.045192684978246689e-02
-1.367210745811462402e+00,-1.990091055631637573e-01,1.020726561546325684e+00,1.172840781509876251e-02,2.869344898499548435e-04,-6.186066269874572754e-01,7.856132984161376953e-01,-1.458668261766433716e-01,6.799112260341644287e-02,3.361446857452392578e-01,2.461053580045700073e-01,-7.851886004209518433e-02,-5.511633306741714478e-02,-2.106389552354812622e-01,-1.074349805712699890e-01,-2.861253321170806885e-01,3.437729477882385254e-01,-9.140148758888244629e-02,1.265167351812124252e-02,-5.383063107728958130e-02,3.649066984653472900e-01,3.528288602828979492e-01,-1.105227991938591003e-01,-5.273120403289794922e-01,-1.220168620347976685e-01,4.663616046309471130e-02,-3.932863175868988037e-01,2.423735857009887695e-01,-1.080361753702163696e-01,2.302098646759986877e-02,-1.529561355710029602e-03,8.047208189964294434e-03
-1.365574717521667480e+00,-1.970705837011337280e-01,1.020905733108520508e+00,1.142893265932798386e-02,-3.583730722311884165e-04,-6.153088808059692383e-01,7.882031798362731934e-01,-1.431712210178375244e-01,6.347739696502685547e-02,3.347100913524627686e-01,2.376009374856948853e-01,-7.372200489044189453e-02,-5.419098213315010071e-02,-2.322150766849517822e-01,-1.182354986667633057e-01,-2.815028429031372070e-01,3.843830823898315430e-01,-8.491641283035278320e-02,1.688011735677719116e-02,-5.564520135521888733e-02,3.625281453132629395e-01,3.530924320220947266e-01,-1.146610379219055176e-01,-5.309120416641235352e-01,-1.229836121201515198e-01,4.502127319574356079e-02,-3.923330307006835938e-01,2.386818081140518188e-01,-1.064063683152198792e-01,2.088040299713611603e-02,-6.902710883878171444e-04,5.562890321016311646e-03
-1.363695621490478516e+00,-1.952243596315383911e-01,1.020935535430908203e+00,1.125621981918811798e-02,-5.808368587167933583e-05,-6.123813986778259277e-01,7.904823422431945801e-01,-1.419786512851715088e-01,5.967045202851295471e-02,3.328019082546234131e-01,2.295379191637039185e-01,-7.097794860601425171e-02,-5.191445350646972656e-02,-2.570129632949829102e-01,-1.289336234331130981e-01,-2.771500945091247559e-01,4.273629486560821533e-01,-7.504194974899291992e-02,2.325242385268211365e-02,-5.703426524996757507e-02,3.599224686622619629e-01,3.540076911449432373e-01,-1.191009208559989929e-01,-5.349839329719543457e-01,-1.243220120668411255e-01,4.342352598905563354e-02,-3.908159136772155762e-01,2.348657250404357910e-01,-1.050614044070243835e-01,1.842211000621318817e-02,-8.826311386656016111e-06,3.046624595299363136e-03
-1.361602067947387695e+00,-1.934243887662887573e-01,1.020843982696533203e+00,1.136078033596277237e-02,7.883340003900229931e-04,-6.098507642745971680e-01,7.924344539642333984e-01,-1.416462212800979614e-01,5.585030466318130493e-02,3.304395973682403564e-01,2.216470986604690552e-01,-7.013695687055587769e-02,-4.945165663957595825e-02,-2.858084142208099365e-01,-1.405280828475952148e-01,-2.717038393020629883e-01,4.734766483306884766e-01,-6.026095896959304810e-02,2.986385673284530640e-02,-5.847089737653732300e-02,3.570475280284881592e-01,3.555607497692108154e-01,-1.236958354711532593e-01,-5.396624803543090820e-01,-1.259040087461471558e-01,4.179995879530906677e-02,-3.887098133563995361e-01,2.313891649246215820e-01,-1.046902835369110107e-01,1.612331904470920563e-02,3.199356724508106709e-04,6.199427298270165920e-04
-1.359568476676940918e+00,-1.916868984699249268e-01,1.020679116249084473e+00,1.205125730484724045e-02,1.818692311644554138e-03,-6.069955229759216309e-01,7.946117520332336426e-01,-1.427320241928100586e-01,5.114969983696937561e-02,3.267039060592651367e-01,2.143061608076095581e-01,-6.959000974893569946e-02,-4.661086201667785645e-02,-3.168875277042388916e-01,-1.525398343801498413e-01,-2.616700828075408936e-01,5.196402668952941895e-01,-4.528212547302246094e-02,2.312128432095050812e-02,-6.079616025090217590e-02,3.538823723793029785e-01,3.577312827110290527e-01,-1.283783465623855591e-01,-5.449374318122863770e-01,-1.278790980577468872e-01,4.047976806759834290e-02,-3.866274654865264893e-01,2.284601330757141113e-01,-1.042791679501533508e-01,1.480170153081417084e-02,2.449745952617377043e-04,-1.732351141981780529e-03
-1.357718348503112793e+00,-1.900229305028915405e-01,1.020448803901672363e+00,1.306947693228721619e-02,2.727612154558300972e-03,-6.050324440002441406e-01,7.960888743400573730e-01,-1.439783126115798950e-01,4.628381505608558655e-02,3.247954845428466797e-01,2.076627761125564575e-01,-6.934748589992523193e-02,-4.427468031644821167e-02,-3.494826853275299072e-01,-1.650614291429519653e-01,-2.520678937435150146e-01,5.667683482170104980e-01,-2.711990289390087128e-02,2.624477632343769073e-02,-6.204698607325553894e-02,3.505165278911590576e-01,3.602465987205505371e-01,-1.327848285436630249e-01,-5.505058169364929199e-01,-1.296916306018829346e-01,3.950813040137290955e-02,-3.847541213035583496e-01,2.267436683177947998e-01,-1.042735874652862549e-01,1.477192156016826630e-02,-3.025775367859750986e-04,-3.826992353424429893e-03
-1.355899930000305176e+00,-1.882707774639129639e-01,1.020181179046630859e+00,1.417860109359025955e-02,3.144297283142805099e-03,-6.032150983810424805e-01,7.974463105201721191e-01,-1.445644199848175049e-01,4.079564288258552551e-02,3.241738677024841309e-01,2.015575617551803589e-01,-6.903197616338729858e-02,-4.149311780929565430e-02,-3.822432756423950195e-01,-1.780560314655303955e-01,-2.403078526258468628e-01,6.134305000305175781e-01,-1.004594098776578903e-02,2.985793538391590118e-02,-6.349053978919982910e-02,3.471549749374389648e-01,3.629938662052154541e-01,-1.367619335651397705e-01,-5.558400750160217285e-01,-1.313450485467910767e-01,3.886841237545013428e-02,-3.832860887050628662e-01,2.264117002487182617e-01,-1.046453341841697693e-01,1.648730598390102386e-02,-1.174201024696230888e-03,-5.427305120974779129e-03
-1.354239106178283691e+00,-1.867443174123764038e-01,1.019801855087280273e+00,1.550270896404981613e-02,3.469350980594754219e-03,-6.016893386840820312e-01,7.985722422599792480e-01,-1.445109695196151733e-01,3.512444719672203064e-02,3.235828578472137451e-01,1.948642879724502563e-01,-6.915356218814849854e-02,-3.956175968050956726e-02,-4.143442511558532715e-01,-1.899061053991317749e-01,-2.271323800086975098e-01,6.573994159698486328e-01,3.747162409126758575e-03,2.792430669069290161e-02,-6.436016410589218140e-02,3.436886072158813477e-01,3.657953441143035889e-01,-1.399299055337905884e-01,-5.608604550361633301e-01,-1.323806196451187134e-01,3.841648995876312256e-02,-3.822563886642456055e-01,2.274771630764007568e-01,-1.055621430277824402e-01,1.992338337004184723e-02,-2.304138848558068275e-03,-6.756993476301431656e-03
-1.352860808372497559e+00,-1.853822618722915649e-01,1.019351005554199219e+00,1.682598888874053955e-02,3.499955870211124420e-03,-6.001583337783813477e-01,7.996965646743774414e-01,-1.455343961715698242e-01,2.996216900646686554e-02,3.224481642246246338e-01,1.903833001852035522e-01,-6.907445192337036133e-02,-3.869567438960075378e-02,-4.453820586204528809e-01,-2.004305869340896606e-01,-2.117914706468582153e-01,6.995752453804016113e-01,1.334256678819656372e-02,1.885114982724189758e-02,-6.475032866001129150e-02,3.402401506900787354e-01,3.685138225555419922e-01,-1.422130912542343140e-01,-5.651931166648864746e-01,-1.327339410781860352e-01,3.817600756883621216e-02,-3.816733956336975098e-01,2.299343645572662354e-01,-1.068488433957099915e-01,2.532897330820560455e-02,-3.563569625839591026e-03,-7.910914719104766846e-03
-1.351681590080261230e+00,-1.842111647129058838e-01,1.018952846527099609e+00,1.860589161515235901e-02,4.028307273983955383e-03,-5.982973575592041016e-01,8.010479807853698730e-01,-1.409873217344284058e-01,2.434364520013332367e-02,3.218018412590026855e-01,1.822187453508377075e-01,-7.021400332450866699e-02,-3.969176113605499268e-02,-4.758252501487731934e-01,-2.094735056161880493e-01,-1.962343305349349976e-01,7.384929060935974121e-01,1.856677792966365814e-02,5.387248471379280090e-03,-6.547658890485763550e-02,3.365091383457183838e-01,3.709955215454101562e-01,-1.432641446590423584e-01,-5.690142512321472168e-01,-1.319102495908737183e-01,3.758620843291282654e-02,-3.814883828163146973e-01,2.326950728893280029e-01,-1.087529882788658142e-01,3.114779107272624969e-02,-5.072715226560831070e-03,-8.814949542284011841e-03
-1.350681066513061523e+00,-1.833403408527374268e-01,1.018679380416870117e+00,1.986079290509223938e-02,3.212820505723357201e-03,-5.973998904228210449e-01,8.016911149024963379e-01,-1.456798762083053589e-01,1.914427056908607483e-02,3.208803236484527588e-01,1.803418248891830444e-01,-6.553643941879272461e-02,-3.771276772022247314e-02,-5.021412372589111328e-01,-2.180071473121643066e-01,-1.813508719205856323e-01,7.759133577346801758e-01,1.362328790128231049e-02,-1.672464772127568722e-03,-6.312649697065353394e-02,3.330155014991760254e-01,3.730432391166687012e-01,-1.435678899288177490e-01,-5.716629624366760254e-01,-1.301136016845703125e-01,3.735652938485145569e-02,-3.819361627101898193e-01,2.361395806074142456e-01,-1.099474281072616577e-01,3.835647180676460266e-02,-6.397303659468889236e-03,-9.563421830534934998e-03
-1.349905729293823242e+00,-1.825600564479827881e-01,1.018443584442138672e+00,2.134158276021480560e-02,3.209226997569203377e-03,-5.960601568222045898e-01,8.026496767997741699e-01,-1.458646655082702637e-01,1.437861192971467972e-02,3.198851644992828369e-01,1.763357967138290405e-01,-6.362965703010559082e-02,-3.763308748602867126e-02,-5.272009372711181641e-01,-2.251425087451934814e-01,-1.683117896318435669e-01,8.094262480735778809e-01,3.261916805058717728e-03,-4.706590902060270309e-03,-6.114576384425163269e-02,3.294811248779296875e-01,3.747517466545104980e-01,-1.428581625223159790e-01,-5.734990239143371582e-01,-1.269655227661132812e-01,3.706523776054382324e-02,-3.826754093170166016e-01,2.395495027303695679e-01,-1.110692545771598816e-01,4.575311392545700073e-02,-7.589669432491064072e-03,-1.019653491675853729e-02
-1.349224805831909180e+00,-1.818674653768539429e-01,1.018337607383728027e+00,2.237213775515556335e-02,3.166591050103306770e-03,-5.947058200836181641e-01,8.036257624626159668e-01,-1.466645449399948120e-01,1.049849577248096466e-02,3.186062872409820557e-01,1.723016202449798584e-01,-6.073398515582084656e-02,-3.643435239791870117e-02,-5.496658086776733398e-01,-2.309750765562057495e-01,-1.568408906459808350e-01,8.399376273155212402e-01,-5.346259567886590958e-03,-1.021409314125776291e-02,-5.866648256778717041e-02,3.260125815868377686e-01,3.761948347091674805e-01,-1.414428949356079102e-01,-5.743982195854187012e-01,-1.227370873093605042e-01,3.648275136947631836e-02,-3.834319412708282471e-01,2.423679530620574951e-01,-1.121251881122589111e-01,5.260372534394264221e-02,-8.503980934619903564e-03,-1.072267629206180573e-02
-1.348502874374389648e+00,-1.812830269336700439e-01,1.018374085426330566e+00,2.314106933772563934e-02,3.442840185016393661e-03,-5.933759212493896484e-01,8.045853972434997559e-01,-1.460659503936767578e-01,7.077011745423078537e-03,3.169324994087219238e-01,1.664896011352539062e-01,-5.782483518123626709e-02,-3.587913513183593750e-02,-5.695461630821228027e-01,-2.354950904846191406e-01,-1.469463258981704712e-01,8.662564158439636230e-01,-1.395862735807895660e-02,-1.584413088858127594e-02,-5.626676231622695923e-02,3.227327167987823486e-01,3.775810599327087402e-01,-1.394608914852142334e-01,-5.741896629333496094e-01,-1.179224997758865356e-01,3.547779098153114319e-02,-3.839380145072937012e-01,2.442206144332885742e-01,-1.131827607750892639e-01,5.835384130477905273e-02,-9.128388948738574982e-03,-1.107755769044160843e-02
-1.347909450531005859e+00,-1.810327023267745972e-01,1.018497705459594727e+00,2.373027056455612183e-02,3.719378961250185966e-03,-5.919069647789001465e-01,8.056483268737792969e-01,-1.443696320056915283e-01,4.148431122303009033e-03,3.161423802375793457e-01,1.595651507377624512e-01,-5.454875156283378601e-02,-3.581109270453453064e-02,-5.867558121681213379e-01,-2.394556254148483276e-01,-1.386145353317260742e-01,8.899762630462646484e-01,-2.592720091342926025e-02,-2.158305421471595764e-02,-5.425169691443443298e-02,3.196912705898284912e-01,3.790016174316406250e-01,-1.371969431638717651e-01,-5.731389522552490234e-01,-1.129638776183128357e-01,3.395535796880722046e-02,-3.839449286460876465e-01,2.449872195720672607e-01,-1.146064028143882751e-01,6.275820732116699219e-02,-9.470162913203239441e-03,-1.121583487838506699e-02
-1.347512841224670410e+00,-1.808715760707855225e-01,1.018714070320129395e+00,2.398783527314662933e-02,4.053439944982528687e-03,-5.904664993286132812e-01,8.066954016685485840e-01,-1.422992497682571411e-01,2.121432917192578316e-03,3.151223063468933105e-01,1.526154279708862305e-01,-5.166329443454742432e-02,-3.745818883180618286e-02,-6.012375950813293457e-01,-2.422154992818832397e-01,-1.318326592445373535e-01,9.105402231216430664e-01,-4.098253324627876282e-02,-2.935743145644664764e-02,-5.180547758936882019e-02,3.168466985225677490e-01,3.803665935993194580e-01,-1.346219629049301147e-01,-5.716537237167358398e-01,-1.076281443238258362e-01,3.256794437766075134e-02,-3.837824165821075439e-01,2.448801100254058838e-01,-1.150917112827301025e-01,6.576456874608993530e-02,-9.515783749520778656e-03,-1.129476632922887802e-02
-1.347146868705749512e+00,-1.809094995260238647e-01,1.019023895263671875e+00,2.368799038231372833e-02,4.516030661761760712e-03,-5.889149904251098633e-01,8.078351616859436035e-01,-1.401113271713256836e-01,1.458738697692751884e-03,3.136337101459503174e-01,1.464487910270690918e-01,-4.854066297411918640e-02,-3.742622211575508118e-02,-6.132025718688964844e-01,-2.433246970176696777e-01,-1.253640800714492798e-01,9.291162490844726562e-01,-5.609687417745590210e-02,-3.737063705921173096e-02,-4.994065687060356140e-02,3.144109249114990234e-01,3.820231258869171143e-01,-1.322506070137023926e-01,-5.695885419845581055e-01,-1.030412465333938599e-01,3.122224286198616028e-02,-3.831343054771423340e-01,2.439607828855514526e-01,-1.151300594210624695e-01,6.735370308160781860e-02,-9.182480163872241974e-03,-1.125468499958515167e-02
-1.346908211708068848e+00,-1.808461248874664307e-01,1.019290447235107422e+00,2.320436388254165649e-02,4.756204318255186081e-03,-5.872526764869689941e-01,8.090569972991943359e-01,-1.376126408576965332e-01,1.004126039333641529e-03,3.117184638977050781e-01,1.408085078001022339e-01,-4.583412781357765198e-02,-3.803865984082221985e-02,-6.230648756027221680e-01,-2.437822222709655762e-01,-1.189670786261558533e-01,9.452619552612304688e-01,-7.022290676832199097e-02,-4.521312564611434937e-02,-4.866289719939231873e-02,3.124617934226989746e-01,3.839219212532043457e-01,-1.303419619798660278e-01,-5.671809315681457520e-01,-9.932367503643035889e-02,3.002635762095451355e-02,-3.822382390499114990e-01,2.424919009208679199e-01,-1.147934719920158386e-01,6.793099641799926758e-02,-8.517994545400142670e-03,-1.096557732671499252e-02
-1.346709847450256348e+00,-1.809254735708236694e-01,1.019675254821777344e+00,2.282445318996906281e-02,5.827850662171840668e-03,-5.851058363914489746e-01,8.106147050857543945e-01,-1.368812620639801025e-01,1.443352550268173218e-03,3.088400363922119141e-01,1.351632177829742432e-01,-4.293737187981605530e-02,-3.915191814303398132e-02,-6.320040822029113770e-01,-2.426501512527465820e-01,-1.127159520983695984e-01,9.586488604545593262e-01,-8.263757824897766113e-02,-5.316493660211563110e-02,-4.784802347421646118e-02,3.106520473957061768e-01,3.861744403839111328e-01,-1.288980394601821899e-01,-5.649215579032897949e-01,-9.656407684087753296e-02,2.896475046873092651e-02,-3.811794817447662354e-01,2.407703846693038940e-01,-1.140583455562591553e-01,6.807330250740051270e-02,-7.870231755077838898e-03,-1.061334460973739624e-02
-1.346722245216369629e+00,-1.810254901647567749e-01,1.019859433174133301e+00,2.233611047267913818e-02,6.116197910159826279e-03,-5.828904509544372559e-01,8.122206926345825195e-01,-1.354225426912307739e-01,1.576176262460649014e-03,3.056278824806213379e-01,1.312794536352157593e-01,-4.085393249988555908e-02,-4.030334949493408203e-02,-6.394077539443969727e-01,-2.419925332069396973e-01,-1.061783432960510254e-01,9.718182086944580078e-01,-9.443479776382446289e-02,-5.981383100152015686e-02,-4.701378196477890015e-02,3.092308044433593750e-01,3.885302841663360596e-01,-1.281882822513580322e-01,-5.626468062400817871e-01,-9.489948302507400513e-02,2.833039499819278717e-02,-3.802360892295837402e-01,2.390416562557220459e-01,-1.124758943915367126e-01,6.812516599893569946e-02,-7.076086476445198059e-03,-1.025027409195899963e-02
-1.346815228462219238e+00,-1.812593191862106323e-01,1.020109057426452637e+00,2.187888137996196747e-02,6.706328131258487701e-03,-5.801150798797607422e-01,8.142129778861999512e-01,-1.348013728857040405e-01,2.062907442450523376e-03,3.012467026710510254e-01,1.276511251926422119e-01,-3.890281915664672852e-02,-4.182158038020133972e-02,-6.450761556625366211e-01,-2.400323599576950073e-01,-9.854305535554885864e-02,9.820919036865234375e-01,-1.046821996569633484e-01,-6.524829566478729248e-02,-4.643549770116806030e-02,3.080355525016784668e-01,3.911017775535583496e-01,-1.280661672353744507e-01,-5.605775713920593262e-01,-9.396190941333770752e-02,2.821738831698894501e-02,-3.794387578964233398e-01,2.380233854055404663e-01,-1.110309064388275146e-01,6.906443089246749878e-02,-6.261298432946205139e-03,-1.009392272680997849e-02
-1.347058534622192383e+00,-1.815200150012969971e-01,1.020262122154235840e+00,2.139254286885261536e-02,7.411095779389142990e-03,-5.771294236183166504e-01,8.163388371467590332e-01,-1.351133882999420166e-01,3.035513684153556824e-03,2.957803905010223389e-01,1.253181099891662598e-01,-3.700878843665122986e-02,-4.214501380920410156e-02,-6.500171422958374023e-01,-2.368904948234558105e-01,-9.033518284559249878e-02,9.910388588905334473e-01,-1.142009869217872620e-01,-6.939213722944259644e-02,-4.609061032533645630e-02,3.070351183414459229e-01,3.937475085258483887e-01,-1.285868585109710693e-01,-5.588715076446533203e-01,-9.350866079330444336e-02,2.857583016157150269e-02,-3.792647719383239746e-01,2.376773655414581299e-01,-1.091713607311248779e-01,7.178448140621185303e-02,-5.518771242350339890e-03,-1.010499615222215652e-02
-1.347443819046020508e+00,-1.817711889743804932e-01,1.020393610000610352e+00,2.071115374565124512e-02,7.784067653119564056e-03,-5.738892555236816406e-01,8.186339735984802246e-01,-1.358629614114761353e-01,4.243818577378988266e-03,2.894984483718872070e-01,1.246363744139671326e-01,-3.551421314477920532e-02,-4.222387075424194336e-02,-6.527924537658691406e-01,-2.331965863704681396e-01,-8.155429363250732422e-02,9.983323216438293457e-01,-1.235821768641471863e-01,-7.372283935546875000e-02,-4.561857879161834717e-02,3.063594102859497070e-01,3.964847326278686523e-01,-1.297822147607803345e-01,-5.571040511131286621e-01,-9.369593858718872070e-02,2.939773723483085632e-02,-3.793424069881439209e-01,2.375650405883789062e-01,-1.067228391766548157e-01,7.488968968391418457e-02,-4.803782328963279724e-03,-1.029665581881999969e-02
-1.347932219505310059e+00,-1.820658445358276367e-01,1.020496129989624023e+00,2.010469138622283936e-02,8.143101818859577179e-03,-5.704664587974548340e-01,8.210344314575195312e-01,-1.367934495210647583e-01,5.468940362334251404e-03,2.826845347881317139e-01,1.248351186513900757e-01,-3.475677967071533203e-02,-4.242263734340667725e-02,-6.543601751327514648e-01,-2.291198521852493286e-01,-7.302824407815933228e-02,1.003519773483276367e+00,-1.337123811244964600e-01,-7.743368297815322876e-02,-4.506558924913406372e-02,3.058398365974426270e-01,3.992218077182769775e-01,-1.315506547689437866e-01,-5.556880235671997070e-01,-9.443834424018859863e-02,3.057784773409366608e-02,-3.796085417270660400e-01,2.376066744327545166e-01,-1.039528474211692810e-01,7.834576070308685303e-02,-4.146378021687269211e-03,-1.064184773713350296e-02
-1.348610043525695801e+00,-1.824804842472076416e-01,1.020561218261718750e+00,1.956635341048240662e-02,8.487143553793430328e-03,-5.666381120681762695e-01,8.236907124519348145e-01,-1.390359401702880859e-01,6.790684536099433899e-03,2.738810479640960693e-01,1.264499872922897339e-01,-3.413854911923408508e-02,-4.268681257963180542e-02,-6.544111967086791992e-01,-2.241101115942001343e-01,-6.385074555873870850e-02,1.007127165794372559e+00,-1.456079185009002686e-01,-7.964546978473663330e-02,-4.517817124724388123e-02,3.051823973655700684e-01,4.024629592895507812e-01,-1.341675668954849243e-01,-5.538325905799865723e-01,-9.614880383014678955e-02,3.217513859272003174e-02,-3.801540732383728027e-01,2.375340908765792847e-01,-9.886632859706878662e-02,8.446536213159561157e-02,-3.133480204269289970e-03,-1.171184144914150238e-02
-1.349280118942260742e+00,-1.828874796628952026e-01,1.020560979843139648e+00,1.907668076455593109e-02,8.699272759258747101e-03,-5.629435777664184570e-01,8.262293934822082520e-01,-1.409125030040740967e-01,8.098460733890533447e-03,2.657698988914489746e-01,1.293965429067611694e-01,-3.503968194127082825e-02,-4.296426102519035339e-02,-6.533492207527160645e-01,-2.192899137735366821e-01,-5.487291887402534485e-02,1.008128166198730469e+00,-1.551978141069412231e-01,-8.072581887245178223e-02,-4.509377107024192810e-02,3.046334385871887207e-01,4.052449464797973633e-01,-1.369731873273849487e-01,-5.522534251213073730e-01,-9.753963351249694824e-02,3.350206837058067322e-02,-3.804798722267150879e-01,2.372916191816329956e-01,-9.606523811817169189e-02,8.951402455568313599e-02,-2.391149289906024933e-03,-1.305831689387559891e-02
-1.350070714950561523e+00,-1.834333389997482300e-01,1.020552039146423340e+00,1.856727898120880127e-02,8.755554445087909698e-03,-5.591580867767333984e-01,8.288068771362304688e-01,-1.446497589349746704e-01,9.485648944973945618e-03,2.562928497791290283e-01,1.336947977542877197e-01,-3.520189225673675537e-02,-4.318394511938095093e-02,-6.501541733741760254e-01,-2.135213166475296021e-01,-4.497610777616500854e-02,1.006302833557128906e+00,-1.644556820392608643e-01,-8.017254620790481567e-02,-4.466393217444419861e-02,3.042755722999572754e-01,4.076469242572784424e-01,-1.399332880973815918e-01,-5.501117706298828125e-01,-9.845729172229766846e-02,3.473618999123573303e-02,-3.804573714733123779e-01,2.367249578237533569e-01,-9.487117081880569458e-02,9.299133718013763428e-02,-1.746905036270618439e-03,-1.472821738570928574e-02
-1.351057052612304688e+00,-1.841673851013183594e-01,1.020518541336059570e+00,1.804853975772857666e-02,8.774111047387123108e-03,-5.550392270088195801e-01,8.315820693969726562e-01,-1.469479352235794067e-01,1.090715918689966202e-02,2.464780807495117188e-01,1.374821960926055908e-01,-3.600614517927169800e-02,-4.356208816170692444e-02,-6.448758244514465332e-01,-2.070054709911346436e-01,-3.502301126718521118e-02,1.001665353775024414e+00,-1.740907281637191772e-01,-7.919473201036453247e-02,-4.444802179932594299e-02,3.040438890457153320e-01,4.096632301807403564e-01,-1.429327875375747681e-01,-5.479080677032470703e-01,-9.890735149383544922e-02,3.603962808847427368e-02,-3.803258836269378662e-01,2.358636558055877686e-01,-9.392162412405014038e-02,9.515482932329177856e-02,-1.159228035248816013e-03,-1.661268062889575958e-02
-1.352057218551635742e+00,-1.850758492946624756e-01,1.020491242408752441e+00,1.743653975427150726e-02,8.663959801197052002e-03,-5.509463548660278320e-01,8.343135118484497070e-01,-1.488878279924392700e-01,1.237549260258674622e-02,2.368048131465911865e-01,1.409953981637954712e-01,-3.658990934491157532e-02,-4.399398714303970337e-02,-6.377393603324890137e-01,-1.993453055620193481e-01,-2.409119904041290283e-02,9.942458868026733398e-01,-1.812119483947753906e-01,-7.565657794475555420e-02,-4.484129324555397034e-02,3.038926422595977783e-01,4.112212359905242920e-01,-1.457210332155227661e-01,-5.455467700958251953e-01,-9.865690022706985474e-02,3.749768063426017761e-02,-3.800967633724212646e-01,2.350200861692428589e-01,-9.254939109086990356e-02,9.695812314748764038e-02,-5.529060144908726215e-04,-1.848276704549789429e-02
-1.353274703025817871e+00,-1.859028488397598267e-01,1.020466327667236328e+00,1.680084504187107086e-02,8.390573784708976746e-03,-5.469872355461120605e-01,8.369302749633789062e-01,-1.507871896028518677e-01,1.398252043873071671e-02,2.273632287979125977e-01,1.447353959083557129e-01,-3.709261119365692139e-02,-4.515434429049491882e-02,-6.286226511001586914e-01,-1.898999214172363281e-01,-1.101901475340127945e-02,9.834069013595581055e-01,-1.884155124425888062e-01,-6.925496459007263184e-02,-4.556519165635108948e-02,3.039166033267974854e-01,4.124915003776550293e-01,-1.483081430196762085e-01,-5.425589680671691895e-01,-9.811153262853622437e-02,3.890371322631835938e-02,-3.798498213291168213e-01,2.340938299894332886e-01,-9.121029078960418701e-02,9.844664484262466431e-02,3.068828955292701721e-04,-2.027570456266403198e-02
-1.354509115219116211e+00,-1.869146376848220825e-01,1.020435929298400879e+00,1.629345305263996124e-02,8.206613361835479736e-03,-5.433454513549804688e-01,8.393109440803527832e-01,-1.542449891567230225e-01,1.575849205255508423e-02,2.187901139259338379e-01,1.494057625532150269e-01,-3.738713264465332031e-02,-4.594887048006057739e-02,-6.184118986129760742e-01,-1.791713386774063110e-01,3.607570426538586617e-03,9.694970250129699707e-01,-1.930160224437713623e-01,-6.274064630270004272e-02,-4.618076607584953308e-02,3.039563000202178955e-01,4.131610691547393799e-01,-1.503419876098632812e-01,-5.394640564918518066e-01,-9.623915702104568481e-02,4.015770927071571350e-02,-3.795728683471679688e-01,2.330850064754486084e-01,-8.980356156826019287e-02,9.902064502239227295e-02,1.275813439860939980e-03,-2.181387692689895630e-02
-1.355875134468078613e+00,-1.880579739809036255e-01,1.020376682281494141e+00,1.583567075431346893e-02,8.067813701927661896e-03,-5.394756793975830078e-01,8.418135643005371094e-01,-1.555123180150985718e-01,1.750655286014080048e-02,2.101742029190063477e-01,1.528573334217071533e-01,-3.854388371109962463e-02,-4.752181097865104675e-02,-6.062565445899963379e-01,-1.674672812223434448e-01,1.964916661381721497e-02,9.521775245666503906e-01,-1.946582049131393433e-01,-5.114108696579933167e-02,-4.662081226706504822e-02,3.039598166942596436e-01,4.134886860847473145e-01,-1.521749943494796753e-01,-5.357673764228820801e-01,-9.352090954780578613e-02,4.140976071357727051e-02,-3.792997002601623535e-01,2.320865243673324585e-01,-8.762562274932861328e-02,9.945360571146011353e-02,2.460843184962868690e-03,-2.380966581404209137e-02
-1.357275247573852539e+00,-1.892020851373672485e-01,1.020206570625305176e+00,1.538882777094841003e-02,7.631082087755203247e-03,-5.357781052589416504e-01,8.441841006278991699e-01,-1.556391865015029907e-01,1.885939761996269226e-02,2.022047489881515503e-01,1.552282124757766724e-01,-3.929443284869194031e-02,-4.906149208545684814e-02,-5.922958254814147949e-01,-1.551918238401412964e-01,3.730067238211631775e-02,9.322663545608520508e-01,-1.949840486049652100e-01,-3.568102046847343445e-02,-4.679545387625694275e-02,3.040761947631835938e-01,4.133464992046356201e-01,-1.535785645246505737e-01,-5.318486690521240234e-01,-8.966614305973052979e-02,4.254688322544097900e-02,-3.791062831878662109e-01,2.311208844184875488e-01,-8.542200922966003418e-02,9.972824901342391968e-02,3.723749658092856407e-03,-2.514605037868022919e-02
-1.358779907226562500e+00,-1.905119866132736206e-01,1.019922137260437012e+00,1.510974392294883728e-02,7.170991972088813782e-03,-5.322742462158203125e-01,8.464067578315734863e-01,-1.569159775972366333e-01,2.023654989898204803e-02,1.944197416305541992e-01,1.589502096176147461e-01,-4.033284634351730347e-02,-5.052949115633964539e-02,-5.769012570381164551e-01,-1.419729888439178467e-01,5.758188664913177490e-02,9.096251130104064941e-01,-1.928082704544067383e-01,-1.886905543506145477e-02,-4.723950847983360291e-02,3.044257760047912598e-01,4.127797186374664307e-01,-1.548803299665451050e-01,-5.276950597763061523e-01,-8.597610145807266235e-02,4.344808310270309448e-02,-3.790186941623687744e-01,2.304578125476837158e-01,-8.440347760915756226e-02,1.006821617484092712e-01,5.005304701626300812e-03,-2.587167732417583466e-02
-1.360398292541503906e+00,-1.919419765472412109e-01,1.019620060920715332e+00,1.484830118715763092e-02,6.738142110407352448e-03,-5.287887454032897949e-01,8.485968708992004395e-01,-1.603242009878158569e-01,2.199756354093551636e-02,1.865960508584976196e-01,1.647420674562454224e-01,-4.144308343529701233e-02,-5.181666463613510132e-02,-5.595870018005371094e-01,-1.282640993595123291e-01,7.913211733102798462e-02,8.836816549301147461e-01,-1.889976859092712402e-01,2.802152303047478199e-04,-4.761556163430213928e-02,3.048443198204040527e-01,4.118397235870361328e-01,-1.558689773082733154e-01,-5.239331722259521484e-01,-8.273167908191680908e-02,4.433586820960044861e-02,-3.789896667003631592e-01,2.303021401166915894e-01,-8.444231748580932617e-02,1.024800240993499756e-01,6.161132361739873886e-03,-2.649101056158542633e-02
-1.362204909324645996e+00,-1.935139298439025879e-01,1.019161224365234375e+00,1.506903767585754395e-02,6.018922664225101471e-03,-5.253133773803710938e-01,8.507540822029113770e-01,-1.616388410329818726e-01,2.263849414885044098e-02,1.787222623825073242e-01,1.692737787961959839e-01,-4.297296330332756042e-02,-5.337382480502128601e-02,-5.410085916519165039e-01,-1.160251125693321228e-01,1.011003553867340088e-01,8.555186986923217773e-01,-1.842823326587677002e-01,2.048411406576633453e-02,-4.680179059505462646e-02,3.054898679256439209e-01,4.104290306568145752e-01,-1.568707227706909180e-01,-5.210784673690795898e-01,-7.890132814645767212e-02,4.530079662799835205e-02,-3.793339133262634277e-01,2.305158227682113647e-01,-8.436515927314758301e-02,1.055819988250732422e-01,6.666784640401601791e-03,-2.642519585788249969e-02
-1.363819837570190430e+00,-1.951262354850769043e-01,1.018781781196594238e+00,1.526045333594083786e-02,5.348204635083675385e-03,-5.219519138336181641e-01,8.528216481208801270e-01,-1.633928716182708740e-01,2.310557290911674500e-02,1.708885878324508667e-01,1.732386797666549683e-01,-4.395180940628051758e-02,-5.508298799395561218e-02,-5.205242037773132324e-01,-1.046127602458000183e-01,1.233045086264610291e-01,8.238710165023803711e-01,-1.768191903829574585e-01,4.026199877262115479e-02,-4.676131531596183777e-02,3.063828647136688232e-01,4.085645675659179688e-01,-1.578541547060012817e-01,-5.180664062500000000e-01,-7.554981112480163574e-02,4.630976542830467224e-02,-3.800031244754791260e-01,2.311330139636993408e-01,-8.447030931711196899e-02,1.085447594523429871e-01,7.598093710839748383e-03,-2.584668062627315521e-02
-1.365538120269775391e+00,-1.969260722398757935e-01,1.018256902694702148e+00,1.592698320746421814e-02,4.339613020420074463e-03,-5.184571146965026855e-01,8.549442887306213379e-01,-1.648484021425247192e-01,2.240387722849845886e-02,1.629312783479690552e-01,1.769642084836959839e-01,-4.460717365145683289e-02,-5.663917213678359985e-02,-4.985353052616119385e-01,-9.564581513404846191e-02,1.450156718492507935e-01,7.896775007247924805e-01,-1.662210971117019653e-01,5.902344360947608948e-02,-4.653166607022285461e-02,3.074730038642883301e-01,4.063310921192169189e-01,-1.588943749666213989e-01,-5.150930285453796387e-01,-7.329583913087844849e-02,4.743012785911560059e-02,-3.812114000320434570e-01,2.322212457656860352e-01,-8.451876044273376465e-02,1.124365851283073425e-01,8.732390590012073517e-03,-2.486117184162139893e-02
-1.367537021636962891e+00,-1.987392604351043701e-01,1.017656087875366211e+00,1.666939444839954376e-02,2.925044391304254532e-03,-5.149598717689514160e-01,8.570472002029418945e-01,-1.646677255630493164e-01,2.144648879766464233e-02,1.558929234743118286e-01,1.799628287553787231e-01,-4.550717398524284363e-02,-5.845047160983085632e-02,-4.750382900238037109e-01,-8.892758190631866455e-02,1.648976653814315796e-01,7.530220150947570801e-01,-1.510875821113586426e-01,7.576602697372436523e-02,-4.598327726125717163e-02,3.088226020336151123e-01,4.035331904888153076e-01,-1.601758897304534912e-01,-5.120685100555419922e-01,-7.123596966266632080e-02,4.858073219656944275e-02,-3.828984498977661133e-01,2.335449308156967163e-01,-8.544122427701950073e-02,1.157825440168380737e-01,1.008491311222314835e-02,-2.343283407390117645e-02
-1.369711756706237793e+00,-2.006230950355529785e-01,1.017066597938537598e+00,1.711795292794704437e-02,1.245885272510349751e-03,-5.112187862396240234e-01,8.592792153358459473e-01,-1.656496226787567139e-01,2.099154330790042877e-02,1.480430364608764648e-01,1.845137476921081543e-01,-4.577199369668960571e-02,-6.068430840969085693e-02,-4.487260580062866211e-01,-8.345758914947509766e-02,1.832408607006072998e-01,7.122867107391357422e-01,-1.267613768577575684e-01,8.953209221363067627e-02,-4.549108073115348816e-02,3.105059862136840820e-01,4.004352688789367676e-01,-1.617442071437835693e-01,-5.089879631996154785e-01,-6.927298009395599365e-02,4.980600252747535706e-02,-3.849195241928100586e-01,2.350936532020568848e-01,-8.641032874584197998e-02,1.193703562021255493e-01,1.202696003019809723e-02,-2.196992188692092896e-02
-1.371782064437866211e+00,-2.026785910129547119e-01,1.016455411911010742e+00,1.787603460252285004e-02,-3.351396298967301846e-04,-5.070313811302185059e-01,8.617421388626098633e-01,-1.675178408622741699e-01,1.993647217750549316e-02,1.393704861402511597e-01,1.897110044956207275e-01,-4.641322791576385498e-02,-6.269101053476333618e-02,-4.211946725845336914e-01,-8.042504638433456421e-02,1.997084319591522217e-01,6.677225232124328613e-01,-9.168348461389541626e-02,1.015041321516036987e-01,-4.527576640248298645e-02,3.123281896114349365e-01,3.971015810966491699e-01,-1.635494232177734375e-01,-5.061233043670654297e-01,-6.855285167694091797e-02,5.106575414538383484e-02,-3.871968686580657959e-01,2.364323288202285767e-01,-8.766023069620132446e-02,1.213376969099044800e-01,1.420366670936346054e-02,-2.015135996043682098e-02
-1.374164462089538574e+00,-2.047149389982223511e-01,1.015739321708679199e+00,1.866316422820091248e-02,-1.959797926247119904e-03,-5.024260282516479492e-01,8.644165396690368652e-01,-1.682045012712478638e-01,1.894662715494632721e-02,1.301091760396957397e-01,1.946954280138015747e-01,-4.778646305203437805e-02,-6.513030827045440674e-02,-3.936544656753540039e-01,-7.927970588207244873e-02,2.129753977060317993e-01,6.243659853935241699e-01,-6.071897223591804504e-02,1.029800623655319214e-01,-4.508516192436218262e-02,3.142035603523254395e-01,3.935949504375457764e-01,-1.655690670013427734e-01,-5.037740468978881836e-01,-6.857696175575256348e-02,5.243956297636032104e-02,-3.898006379604339600e-01,2.377064675092697144e-01,-8.898697793483734131e-02,1.231923475861549377e-01,1.654333062469959259e-02,-1.901938021183013916e-02
-1.376737356185913086e+00,-2.068068683147430420e-01,1.014945864677429199e+00,1.943970657885074615e-02,-3.382263239473104477e-03,-4.992057979106903076e-01,8.662587404251098633e-01,-1.708838492631912231e-01,1.917905732989311218e-02,1.237685084342956543e-01,2.021590173244476318e-01,-4.997685551643371582e-02,-6.775446981191635132e-02,-3.685548603534698486e-01,-8.123093843460083008e-02,2.169220298528671265e-01,5.900906324386596680e-01,-7.779482007026672363e-02,9.364277124404907227e-02,-4.212772101163864136e-02,3.160264790058135986e-01,3.898519277572631836e-01,-1.674709767103195190e-01,-5.020827651023864746e-01,-6.828512996435165405e-02,5.381942167878150940e-02,-3.926171362400054932e-01,2.388383746147155762e-01,-9.114630520343780518e-02,1.239829808473587036e-01,1.936054416000843048e-02,-1.782404445111751556e-02
-1.379370093345642090e+00,-2.089899927377700806e-01,1.014135837554931641e+00,2.001673355698585510e-02,-4.752147477120161057e-03,-4.964850544929504395e-01,8.678014278411865234e-01,-1.764678657054901123e-01,2.037980593740940094e-02,1.177655830979347229e-01,2.135926485061645508e-01,-5.285541713237762451e-02,-7.197733968496322632e-02,-3.446007072925567627e-01,-8.592422306537628174e-02,2.104030698537826538e-01,5.602195262908935547e-01,-1.081511527299880981e-01,9.628350287675857544e-02,-3.651982545852661133e-02,3.178116083145141602e-01,3.861153125762939453e-01,-1.693540513515472412e-01,-5.001743435859680176e-01,-6.796403229236602783e-02,5.533154681324958801e-02,-3.954548537731170654e-01,2.399396300315856934e-01,-9.257156401872634888e-02,1.243219524621963501e-01,2.208089642226696014e-02,-1.691319793462753296e-02
-1.382208943367004395e+00,-2.109984159469604492e-01,1.013380050659179688e+00,2.063470147550106049e-02,-5.324646364897489548e-03,-4.924904406070709229e-01,8.700569272041320801e-01,-1.819326728582382202e-01,2.176695689558982849e-02,1.090626940131187439e-01,2.235469669103622437e-01,-5.628500878810882568e-02,-7.531797140836715698e-02,-3.216568529605865479e-01,-8.933942764997482300e-02,2.013614773750305176e-01,5.310913920402526855e-01,-1.345120370388031006e-01,9.338384866714477539e-02,-3.435752168297767639e-02,3.193305730819702148e-01,3.826289474964141846e-01,-1.711672097444534302e-01,-4.992851018905639648e-01,-6.874886155128479004e-02,5.680874362587928772e-02,-3.983682692050933838e-01,2.409388720989227295e-01,-9.446400403976440430e-02,1.249336078763008118e-01,2.386538311839103699e-02,-1.612597331404685974e-02
-1.385186553001403809e+00,-2.131897956132888794e-01,1.012557625770568848e+00,2.057914063334465027e-02,-6.074852775782346725e-03,-4.883861243724822998e-01,8.723638057708740234e-01,-1.890852004289627075e-01,2.458616346120834351e-02,9.944536536931991577e-02,2.373280972242355347e-01,-6.085067242383956909e-02,-8.033299446105957031e-02,-2.981774210929870605e-01,-9.166387468576431274e-02,1.864123493432998657e-01,5.028454065322875977e-01,-1.615750789642333984e-01,8.206820487976074219e-02,-3.146123513579368591e-02,3.207765221595764160e-01,3.794734776020050049e-01,-1.726365387439727783e-01,-4.978787004947662354e-01,-6.999076902866363525e-02,5.851873382925987244e-02,-4.009942114353179932e-01,2.416770905256271362e-01,-9.625793248414993286e-02,1.261668801307678223e-01,2.489184960722923279e-02,-1.537524443119764328e-02
-1.388083577156066895e+00,-2.150941938161849976e-01,1.011926531791687012e+00,1.985503919422626495e-02,-6.239770445972681046e-03,-4.844412803649902344e-01,8.745761513710021973e-01,-1.975758969783782959e-01,2.878980897367000580e-02,8.830464631319046021e-02,2.521669864654541016e-01,-6.602025032043457031e-02,-8.402821421623229980e-02,-2.772963047027587891e-01,-9.271524101495742798e-02,1.655083596706390381e-01,4.755088388919830322e-01,-1.793442964553833008e-01,7.379290461540222168e-02,-2.829222194850444794e-02,3.220720589160919189e-01,3.768851161003112793e-01,-1.736816614866256714e-01,-4.963049292564392090e-01,-7.063987106084823608e-02,6.029343977570533752e-02,-4.030363261699676514e-01,2.421666979789733887e-01,-9.784635901451110840e-02,1.259585320949554443e-01,2.526452578604221344e-02,-1.473707053810358047e-02
-1.391057014465332031e+00,-2.170487940311431885e-01,1.011655449867248535e+00,1.911433786153793335e-02,-6.250594276934862137e-03,-4.800138771533966064e-01,8.770303726196289062e-01,-2.088569253683090210e-01,3.297176957130432129e-02,7.471890002489089966e-02,2.707493305206298828e-01,-6.812833249568939209e-02,-8.722263574600219727e-02,-2.585956156253814697e-01,-9.305267781019210815e-02,1.429252028465270996e-01,4.490130841732025146e-01,-1.880419254302978516e-01,6.284291297197341919e-02,-2.627829089760780334e-02,3.231230676174163818e-01,3.746834993362426758e-01,-1.742248982191085815e-01,-4.947737455368041992e-01,-7.084770500659942627e-02,6.203719228506088257e-02,-4.044820666313171387e-01,2.424405515193939209e-01,-9.943991154432296753e-02,1.241285279393196106e-01,2.551471441984176636e-02,-1.376058906316757202e-02
-1.394068956375122070e+00,-2.186262309551239014e-01,1.011524200439453125e+00,1.687802560627460480e-02,-5.420437082648277283e-03,-4.752647578716278076e-01,8.796642422676086426e-01,-2.227412164211273193e-01,3.989815711975097656e-02,5.722716078162193298e-02,2.926521599292755127e-01,-7.209365814924240112e-02,-9.056632220745086670e-02,-2.405188977718353271e-01,-8.893239498138427734e-02,1.203552037477493286e-01,4.221110045909881592e-01,-1.881225407123565674e-01,4.523344337940216064e-02,-2.501382306218147278e-02,3.240212202072143555e-01,3.735786378383636475e-01,-1.744260787963867188e-01,-4.922121763229370117e-01,-7.275703549385070801e-02,6.368573009967803955e-02,-4.047292768955230713e-01,2.427595108747482300e-01,-1.011885032057762146e-01,1.210241764783859253e-01,2.695564553141593933e-02,-1.224793680012226105e-02
-1.396951675415039062e+00,-2.198739945888519287e-01,1.011591553688049316e+00,1.439204160124063492e-02,-4.013220313936471939e-03,-4.704480767250061035e-01,8.823011517524719238e-01,-2.400163859128952026e-01,4.679898545145988464e-02,3.684827685356140137e-02,3.181400597095489502e-01,-7.418028265237808228e-02,-9.329050779342651367e-02,-2.226875275373458862e-01,-8.356476575136184692e-02,9.801252931356430054e-02,3.937174081802368164e-01,-1.863225400447845459e-01,2.842351607978343964e-02,-2.346971817314624786e-02,3.244137167930603027e-01,3.732942640781402588e-01,-1.735787540674209595e-01,-4.893746674060821533e-01,-7.390235364437103271e-02,6.540358811616897583e-02,-4.040351808071136475e-01,2.436408102512359619e-01,-1.029406338930130005e-01,1.188248470425605774e-01,2.852838858962059021e-02,-1.062873192131519318e-02
-1.400325417518615723e+00,-2.211012691259384155e-01,1.012037158012390137e+00,1.272953953593969345e-02,-2.932724310085177422e-03,-4.653517007827758789e-01,8.850294947624206543e-01,-2.631396353244781494e-01,5.152346193790435791e-02,1.437190547585487366e-02,3.516299724578857422e-01,-6.832634657621383667e-02,-9.403278678655624390e-02,-2.066879123449325562e-01,-7.943834364414215088e-02,7.829274237155914307e-02,3.670858740806579590e-01,-1.820681095123291016e-01,2.099627442657947540e-02,-2.303342893719673157e-02,3.245339691638946533e-01,3.732678890228271484e-01,-1.723592579364776611e-01,-4.869200587272644043e-01,-7.429430633783340454e-02,6.682525575160980225e-02,-4.026835858821868896e-01,2.449554353952407837e-01,-1.043405905365943909e-01,1.174710839986801147e-01,3.129570931196212769e-02,-8.866435848176479340e-03
-1.403533101081848145e+00,-2.218314409255981445e-01,1.012417078018188477e+00,1.003571506589651108e-02,-1.583508681505918503e-03,-4.598706662654876709e-01,8.879277706146240234e-01,-2.858097255229949951e-01,5.772525072097778320e-02,-3.898123744875192642e-03,3.834327757358551025e-01,-6.290841102600097656e-02,-9.499646723270416260e-02,-1.956676244735717773e-01,-7.344301044940948486e-02,6.139735504984855652e-02,3.485800325870513916e-01,-1.720149815082550049e-01,2.330002933740615845e-02,-2.357353083789348602e-02,3.245232403278350830e-01,3.737059831619262695e-01,-1.704157739877700806e-01,-4.852226078510284424e-01,-7.405526936054229736e-02,6.790506839752197266e-02,-4.007296264171600342e-01,2.464588433504104614e-01,-1.054705157876014709e-01,1.171170398592948914e-01,3.303277492523193359e-02,-7.643768563866615295e-03
-1.406665563583374023e+00,-2.224623709917068481e-01,1.012692332267761230e+00,7.233244366943836212e-03,-6.697063508909195662e-05,-4.543917775154113770e-01,8.907725811004638672e-01,-3.111483454704284668e-01,6.308726221323013306e-02,-1.894774846732616425e-02,4.187791347503662109e-01,-6.023334711790084839e-02,-9.250587224960327148e-02,-1.862370818853378296e-01,-6.655830144882202148e-02,4.382961988449096680e-02,3.331153690814971924e-01,-1.666041612625122070e-01,2.109893783926963806e-02,-2.467191033065319061e-02,3.244777023792266846e-01,3.743983507156372070e-01,-1.677192300558090210e-01,-4.833501875400543213e-01,-7.295965403318405151e-02,6.894858926534652710e-02,-3.980976641178131104e-01,2.485045939683914185e-01,-1.073288172483444214e-01,1.169868558645248413e-01,3.475835919380187988e-02,-5.781119223684072495e-03
-1.409810304641723633e+00,-2.229963243007659912e-01,1.013175368309020996e+00,5.250982008874416351e-03,1.541921403259038925e-03,-4.494403600692749023e-01,8.932935595512390137e-01,-3.388915359973907471e-01,6.695631891489028931e-02,-3.341476246714591980e-02,4.558458626270294189e-01,-4.987157136201858521e-02,-8.874126523733139038e-02,-1.790707558393478394e-01,-6.097775325179100037e-02,2.782814390957355499e-02,3.186961710453033447e-01,-1.594701260328292847e-01,2.416469901800155640e-02,-2.491326443850994110e-02,3.242965042591094971e-01,3.749526441097259521e-01,-1.647121608257293701e-01,-4.822648465633392334e-01,-7.146514207124710083e-02,6.967420130968093872e-02,-3.953281342983245850e-01,2.508963048458099365e-01,-1.095725595951080322e-01,1.171031296253204346e-01,3.631717339158058167e-02,-3.314016154035925865e-03
-1.413078427314758301e+00,-2.235864400863647461e-01,1.013672113418579102e+00,4.377942532300949097e-03,3.531022462993860245e-03,-4.446033835411071777e-01,8.957098722457885742e-01,-3.699228167533874512e-01,6.902004033327102661e-02,-4.604864493012428284e-02,4.938215017318725586e-01,-3.086068108677864075e-02,-8.391863107681274414e-02,-1.741941720247268677e-01,-5.728176608681678772e-02,1.248077675700187683e-02,3.046500980854034424e-01,-1.528266519308090210e-01,2.950731478631496429e-02,-2.488894946873188019e-02,3.238702714443206787e-01,3.751217424869537354e-01,-1.614578217267990112e-01,-4.823722541332244873e-01,-6.957633793354034424e-02,7.011970877647399902e-02,-3.927992582321166992e-01,2.540703415870666504e-01,-1.131985932588577271e-01,1.182849258184432983e-01,3.721478953957557678e-02,-3.906209894921630621e-04
-1.416452050209045410e+00,-2.242031246423721313e-01,1.014240503311157227e+00,3.966343123465776443e-03,5.297506693750619888e-03,-4.401012361049652100e-01,8.979237675666809082e-01,-4.013571143150329590e-01,7.045438140630722046e-02,-5.600799992680549622e-02,5.311617255210876465e-01,-6.370776798576116562e-03,-8.272505551576614380e-02,-1.694946438074111938e-01,-5.418718606233596802e-02,-3.327133134007453918e-03,2.901879251003265381e-01,-1.453741192817687988e-01,3.200809657573699951e-02,-2.554183453321456909e-02,3.234595060348510742e-01,3.747229874134063721e-01,-1.580628454685211182e-01,-4.833569228649139404e-01,-6.775545328855514526e-02,7.034352421760559082e-02,-3.907983303070068359e-01,2.580349743366241455e-01,-1.177025064826011658e-01,1.203113794326782227e-01,3.757899254560470581e-02,3.312282962724566460e-03
-1.419718503952026367e+00,-2.247218489646911621e-01,1.014858007431030273e+00,3.958445973694324493e-03,6.984244566410779953e-03,-4.358472526073455811e-01,8.999848365783691406e-01,-4.334458112716674805e-01,7.151751965284347534e-02,-6.230445578694343567e-02,5.681883692741394043e-01,2.110061421990394592e-02,-8.731910586357116699e-02,-1.655909717082977295e-01,-5.175822973251342773e-02,-1.913068629801273346e-02,2.762803435325622559e-01,-1.381339281797409058e-01,2.996711432933807373e-02,-2.692619524896144867e-02,3.231710791587829590e-01,3.735976815223693848e-01,-1.546859741210937500e-01,-4.853452444076538086e-01,-6.571403890848159790e-02,7.029782980680465698e-02,-3.895753026008605957e-01,2.628908157348632812e-01,-1.232301965355873108e-01,1.231894567608833313e-01,3.735630214214324951e-02,7.661359384655952454e-03
-1.423120260238647461e+00,-2.255940884351730347e-01,1.015534162521362305e+00,4.046204499900341034e-03,8.452893234789371490e-03,-4.313423633575439453e-01,9.021396636962890625e-01,-4.650042355060577393e-01,7.335998117923736572e-02,-6.417167931795120239e-02,6.033725738525390625e-01,5.098069459199905396e-02,-9.761037677526473999e-02,-1.605698615312576294e-01,-4.911670088768005371e-02,-3.561045601963996887e-02,2.616622745990753174e-01,-1.312521100044250488e-01,2.786722779273986816e-02,-2.891770936548709869e-02,3.231340646743774414e-01,3.718737661838531494e-01,-1.513997614383697510e-01,-4.882369339466094971e-01,-6.322786957025527954e-02,7.017704099416732788e-02,-3.892240524291992188e-01,2.687771022319793701e-01,-1.294593513011932373e-01,1.268582344055175781e-01,3.663343936204910278e-02,1.221237983554601669e-02
-1.426292657852172852e+00,-2.265660017728805542e-01,1.016254425048828125e+00,4.444111604243516922e-03,1.021427381783723831e-02,-4.268928766250610352e-01,9.042335748672485352e-01,-4.955009818077087402e-01,7.727673649787902832e-02,-6.110512837767601013e-02,6.335815787315368652e-01,7.795474678277969360e-02,-1.110152602195739746e-01,-1.562630087137222290e-01,-4.653748869895935059e-02,-5.096940323710441589e-02,2.470166534185409546e-01,-1.243552863597869873e-01,2.556973136961460114e-02,-3.257137164473533630e-02,3.235006332397460938e-01,3.697846531867980957e-01,-1.483832150697708130e-01,-4.917058050632476807e-01,-6.128623336553573608e-02,6.979653239250183105e-02,-3.899027705192565918e-01,2.758257389068603516e-01,-1.368503421545028687e-01,1.318104118108749390e-01,3.514521196484565735e-02,1.733352430164813995e-02
-1.429434895515441895e+00,-2.276501357555389404e-01,1.016921639442443848e+00,4.389010369777679443e-03,1.191656477749347687e-02,-4.218319952487945557e-01,9.065850973129272461e-01,-5.258690118789672852e-01,8.320270478725433350e-02,-5.266657844185829163e-02,6.670889258384704590e-01,9.324844181537628174e-02,-1.347682327032089233e-01,-1.509730666875839233e-01,-4.287139326333999634e-02,-6.620998680591583252e-02,2.321071922779083252e-01,-1.175688654184341431e-01,2.245230600237846375e-02,-3.641303628683090210e-02,3.243015706539154053e-01,3.675328791141510010e-01,-1.458116918802261353e-01,-4.952742457389831543e-01,-6.022199243307113647e-02,6.908486783504486084e-02,-3.913752436637878418e-01,2.833521664142608643e-01,-1.441620737314224243e-01,1.371434479951858521e-01,3.373785689473152161e-02,2.269492484629154205e-02
-1.432326436042785645e+00,-2.288329005241394043e-01,1.017423391342163086e+00,4.627710208296775818e-03,1.349008176475763321e-02,-4.172089695930480957e-01,9.086986780166625977e-01,-5.561901330947875977e-01,9.042526781558990479e-02,-4.066091403365135193e-02,7.037431001663208008e-01,9.559461474418640137e-02,-1.511382758617401123e-01,-1.468502283096313477e-01,-3.969661518931388855e-02,-7.908568531274795532e-02,2.191757559776306152e-01,-1.118791624903678894e-01,1.939212717115879059e-02,-4.045108333230018616e-02,3.256542980670928955e-01,3.650040924549102783e-01,-1.435652822256088257e-01,-4.985267817974090576e-01,-5.972740054130554199e-02,6.799451261758804321e-02,-3.936599195003509521e-01,2.913730740547180176e-01,-1.516563147306442261e-01,1.432054638862609863e-01,3.197497874498367310e-02,2.836366370320320129e-02
-1.435228705406188965e+00,-2.300255000591278076e-01,1.017969608306884766e+00,4.943776875734329224e-03,1.491282135248184204e-02,-4.130816757678985596e-01,9.105584621429443359e-01,-5.840120315551757812e-01,9.857034683227539062e-02,-2.687285281717777252e-02,7.386634945869445801e-01,8.746072649955749512e-02,-1.602719575166702271e-01,-1.429250538349151611e-01,-3.637839481234550476e-02,-9.084914624691009521e-02,2.067073732614517212e-01,-1.058222502470016479e-01,1.650226674973964691e-02,-4.284708946943283081e-02,3.274613022804260254e-01,3.624915182590484619e-01,-1.417658329010009766e-01,-5.013922452926635742e-01,-6.056349352002143860e-02,6.654904782772064209e-02,-3.967709839344024658e-01,2.996167838573455811e-01,-1.585801988840103149e-01,1.496975719928741455e-01,3.043807484209537506e-02,3.420076146721839905e-02
-1.437891006469726562e+00,-2.311804592609405518e-01,1.018507599830627441e+00,5.348485894501209259e-03,1.585803553462028503e-02,-4.094733893871307373e-01,9.121685624122619629e-01,-6.093568205833435059e-01,1.069893240928649902e-01,-1.335076894611120224e-02,7.732382416725158691e-01,7.282841205596923828e-02,-1.607495397329330444e-01,-1.384718716144561768e-01,-3.359729796648025513e-02,-1.007849723100662231e-01,1.944830864667892456e-01,-9.977344423532485962e-02,1.387479063123464584e-02,-4.382229596376419067e-02,3.297730982303619385e-01,3.598588407039642334e-01,-1.403025835752487183e-01,-5.032622218132019043e-01,-6.178531050682067871e-02,6.445460766553878784e-02,-4.005249440670013428e-01,3.071847259998321533e-01,-1.643155962228775024e-01,1.549435704946517944e-01,2.897515520453453064e-02,3.989024832844734192e-02
-1.440379381179809570e+00,-2.324730008840560913e-01,1.019122481346130371e+00,6.030121818184852600e-03,1.673447340726852417e-02,-4.058567881584167480e-01,9.137635827064514160e-01,-6.331480741500854492e-01,1.155154034495353699e-01,-9.609825792722404003e-05,8.066095709800720215e-01,5.955618619918823242e-02,-1.527633368968963623e-01,-1.336940824985504150e-01,-3.134752810001373291e-02,-1.105436980724334717e-01,1.817241162061691284e-01,-9.384565055370330811e-02,1.129772979766130447e-02,-4.430000483989715576e-02,3.324050605297088623e-01,3.572732210159301758e-01,-1.392388045787811279e-01,-5.042803287506103516e-01,-6.391850858926773071e-02,6.162446737289428711e-02,-4.047598242759704590e-01,3.136575818061828613e-01,-1.689606606960296631e-01,1.579640209674835205e-01,2.798772417008876801e-02,4.514837265014648438e-02
-1.442821502685546875e+00,-2.337124943733215332e-01,1.019757866859436035e+00,6.993098650127649307e-03,1.730083115398883820e-02,-4.017572402954101562e-01,9.155560731887817383e-01,-6.551729440689086914e-01,1.238381713628768921e-01,1.397306006401777267e-02,8.390568494796752930e-01,4.667808860540390015e-02,-1.375638544559478760e-01,-1.283418685197830200e-01,-2.992440015077590942e-02,-1.203189790248870850e-01,1.687152832746505737e-01,-8.784867823123931885e-02,8.924589492380619049e-03,-4.462864249944686890e-02,3.352150917053222656e-01,3.545454442501068115e-01,-1.384496241807937622e-01,-5.041816830635070801e-01,-6.601429730653762817e-02,5.818547680974006653e-02,-4.095157980918884277e-01,3.190332055091857910e-01,-1.720197796821594238e-01,1.598332077264785767e-01,2.768283896148204803e-02,4.954563081264495850e-02
-1.445059180259704590e+00,-2.349596470594406128e-01,1.020393490791320801e+00,8.169595152139663696e-03,1.783508248627185822e-02,-3.975480496883392334e-01,9.173716306686401367e-01,-6.758710741996765137e-01,1.329607516527175903e-01,2.976972050964832306e-02,8.710891008377075195e-01,3.239049389958381653e-02,-1.214705109596252441e-01,-1.240224167704582214e-01,-2.921775728464126587e-02,-1.304135620594024658e-01,1.575270593166351318e-01,-8.289781957864761353e-02,6.514271721243858337e-03,-4.587655514478683472e-02,3.381724059581756592e-01,3.517625629901885986e-01,-1.379106342792510986e-01,-5.030510425567626953e-01,-6.834366917610168457e-02,5.381101369857788086e-02,-4.145273864269256592e-01,3.224864602088928223e-01,-1.741442680358886719e-01,1.588356047868728638e-01,2.771303988993167877e-02,5.296741425991058350e-02
-1.447159409523010254e+00,-2.360240221023559570e-01,1.020929574966430664e+00,9.174503386020660400e-03,1.773184724152088165e-02,-3.928270339965820312e-01,9.193956255912780762e-01,-6.938588023185729980e-01,1.430753171443939209e-01,4.765491560101509094e-02,9.028248190879821777e-01,1.572244055569171906e-02,-1.046309247612953186e-01,-1.190779581665992737e-01,-2.922867797315120697e-02,-1.415679007768630981e-01,1.483603566884994507e-01,-7.923275232315063477e-02,4.439492244273424149e-03,-4.726641252636909485e-02,3.412669897079467773e-01,3.489105999469757080e-01,-1.375852674245834351e-01,-5.007012486457824707e-01,-7.069158554077148438e-02,4.892231151461601257e-02,-4.197158813476562500e-01,3.241658806800842285e-01,-1.746547073125839233e-01,1.554568260908126831e-01,2.820199728012084961e-02,5.553056672215461731e-02
-1.449224710464477539e+00,-2.371012121438980103e-01,1.021524548530578613e+00,1.048224698752164841e-02,1.750985719263553619e-02,-3.880749940872192383e-01,9.214017987251281738e-01,-7.098820805549621582e-01,1.537677198648452759e-01,6.690723448991775513e-02,9.333975315093994141e-01,-2.173697343096137047e-03,-8.556930720806121826e-02,-1.145320087671279907e-01,-2.994039840996265411e-02,-1.531063765287399292e-01,1.397851705551147461e-01,-7.589643448591232300e-02,2.286189235746860504e-03,-4.864042997360229492e-02,3.442972898483276367e-01,3.458519876003265381e-01,-1.372807919979095459e-01,-4.977039396762847900e-01,-7.272799313068389893e-02,4.362448304891586304e-02,-4.249888360500335693e-01,3.242744207382202148e-01,-1.746040135622024536e-01,1.503457576036453247e-01,2.890316024422645569e-02,5.763830989599227905e-02
-1.451074481010437012e+00,-2.381157130002975464e-01,1.022036910057067871e+00,1.194359548389911652e-02,1.752589270472526550e-02,-3.834255635738372803e-01,9.233282208442687988e-01,-7.247104644775390625e-01,1.653606593608856201e-01,8.666488528251647949e-02,9.630811214447021484e-01,-2.005742862820625305e-02,-6.291017681360244751e-02,-1.111776679754257202e-01,-3.096034564077854156e-02,-1.640135943889617920e-01,1.324819028377532959e-01,-7.313575595617294312e-02,2.912684576585888863e-04,-4.989933222532272339e-02,3.472482562065124512e-01,3.427111506462097168e-01,-1.370353847742080688e-01,-4.941286742687225342e-01,-7.458811998367309570e-02,3.806212171912193298e-02,-4.302667975425720215e-01,3.232792615890502930e-01,-1.745431423187255859e-01,1.442243456840515137e-01,2.964033931493759155e-02,5.905596911907196045e-02
-1.452937126159667969e+00,-2.390659153461456299e-01,1.022525906562805176e+00,1.327848620712757111e-02,1.733211427927017212e-02,-3.788047730922698975e-01,9.252189993858337402e-01,-7.375227808952331543e-01,1.773254722356796265e-01,1.059666574001312256e-01,9.916431307792663574e-01,-3.658091276884078979e-02,-3.833486139774322510e-02,-1.077235043048858643e-01,-3.180922940373420715e-02,-1.739441156387329102e-01,1.256577670574188232e-01,-7.029450684785842896e-02,-1.733168843202292919e-03,-5.079840868711471558e-02,3.500165045261383057e-01,3.395311534404754639e-01,-1.367498785257339478e-01,-4.904068112373352051e-01,-7.593578100204467773e-02,3.246987611055374146e-02,-4.354837238788604736e-01,3.210788667201995850e-01,-1.743145734071731567e-01,1.365535706281661987e-01,3.017732501029968262e-02,6.006783619523048401e-02
-1.454583644866943359e+00,-2.398566156625747681e-01,1.022897362709045410e+00,1.446768641471862793e-02,1.742861419916152954e-02,-3.746641278266906738e-01,9.268838763236999512e-01,-7.494346499443054199e-01,1.896426081657409668e-01,1.235909834504127502e-01,1.019249081611633301e+00,-5.244236811995506287e-02,-1.225708611309528351e-02,-1.051315292716026306e-01,-3.229093179106712341e-02,-1.828669607639312744e-01,1.194932386279106140e-01,-6.769831478595733643e-02,-3.998553380370140076e-03,-5.112104490399360657e-02,3.524854779243469238e-01,3.363518118858337402e-01,-1.363264471292495728e-01,-4.867770373821258545e-01,-7.681188732385635376e-02,2.694186940789222717e-02,-4.404565989971160889e-01,3.182393014430999756e-01,-1.742078214883804321e-01,1.284258216619491577e-01,3.041215054690837860e-02,6.060877814888954163e-02
-1.456199169158935547e+00,-2.406748682260513306e-01,1.023280024528503418e+00,1.565741002559661865e-02,1.728411205112934113e-02,-3.706002533435821533e-01,9.284996390342712402e-01,-7.589868307113647461e-01,2.012885957956314087e-01,1.395421922206878662e-01,1.044736385345458984e+00,-6.584297120571136475e-02,1.512036286294460297e-02,-1.030546128749847412e-01,-3.327165544033050537e-02,-1.917784810066223145e-01,1.151586398482322693e-01,-6.535581499338150024e-02,-5.362001247704029083e-03,-5.024019628763198853e-02,3.547750413417816162e-01,3.332791030406951904e-01,-1.360053122043609619e-01,-4.832316339015960693e-01,-7.765489816665649414e-02,2.181579172611236572e-02,-4.452857971191406250e-01,3.152029812335968018e-01,-1.739952415227890015e-01,1.200116872787475586e-01,3.035530634224414825e-02,6.061589717864990234e-02
-1.457638859748840332e+00,-2.414065450429916382e-01,1.023581147193908691e+00,1.647425256669521332e-02,1.718121580779552460e-02,-3.667661249637603760e-01,9.300085902214050293e-01,-7.669586539268493652e-01,2.125728577375411987e-01,1.532078683376312256e-01,1.068669438362121582e+00,-7.938939332962036133e-02,4.289493337273597717e-02,-1.011178269982337952e-01,-3.363245353102684021e-02,-1.999610811471939087e-01,1.115623489022254944e-01,-6.352169066667556763e-02,-7.054727058857679367e-03,-4.915635660290718079e-02,3.568748235702514648e-01,3.302999138832092285e-01,-1.357139945030212402e-01,-4.798483848571777344e-01,-7.838513702154159546e-02,1.715152151882648468e-02,-4.499865472316741943e-01,3.121730983257293701e-01,-1.736898273229598999e-01,1.117363944649696350e-01,3.027695417404174805e-02,6.034262105822563171e-02
-1.459059715270996094e+00,-2.418322265148162842e-01,1.023867011070251465e+00,1.727911457419395447e-02,1.683358475565910339e-02,-3.630041182041168213e-01,9.314752221107482910e-01,-7.725632190704345703e-01,2.225031107664108276e-01,1.656755656003952026e-01,1.089878320693969727e+00,-9.205706417560577393e-02,6.581345945596694946e-02,-9.972810000181198120e-02,-3.461995348334312439e-02,-2.076097279787063599e-01,1.095382198691368103e-01,-6.196110695600509644e-02,-7.580183446407318115e-03,-4.790673032402992249e-02,3.588221073150634766e-01,3.274488747119903564e-01,-1.356046646833419800e-01,-4.768308401107788086e-01,-7.908426225185394287e-02,1.318661402910947800e-02,-4.546117782592773438e-01,3.095393180847167969e-01,-1.732259094715118408e-01,1.044750735163688660e-01,3.004538454115390778e-02,5.968499183654785156e-02
-1.460186123847961426e+00,-2.429707497358322144e-01,1.024045705795288086e+00,1.827998273074626923e-02,1.788267306983470917e-02,-3.591289818286895752e-01,9.329375028610229492e-01,-7.789225578308105469e-01,2.320651561021804810e-01,1.758319288492202759e-01,1.108630537986755371e+00,-1.029224023222923279e-01,8.737801760435104370e-02,-1.001441031694412231e-01,-3.435619920492172241e-02,-2.150973975658416748e-01,1.070031598210334778e-01,-6.137801334261894226e-02,-9.020358324050903320e-03,-4.591935500502586365e-02,3.601704537868499756e-01,3.248687386512756348e-01,-1.354835927486419678e-01,-4.747625589370727539e-01,-7.971847057342529297e-02,9.572607465088367462e-03,-4.591878056526184082e-01,3.074297010898590088e-01,-1.731293797492980957e-01,9.858006983995437622e-02,2.943789958953857422e-02,5.870843306183815002e-02
-1.461427211761474609e+00,-2.436746060848236084e-01,1.024206995964050293e+00,1.869741827249526978e-02,1.813943870365619659e-02,-3.554117679595947266e-01,9.343467354774475098e-01,-7.822014689445495605e-01,2.414449006319046021e-01,1.854687482118606567e-01,1.125006079673767090e+00,-1.130713149905204773e-01,1.042542010545730591e-01,-9.973002225160598755e-02,-3.402289375662803650e-02,-2.225030958652496338e-01,1.059909015893936157e-01,-6.129695847630500793e-02,-1.002836320549249649e-02,-4.437822476029396057e-02,3.614650070667266846e-01,3.226059377193450928e-01,-1.355694532394409180e-01,-4.726833999156951904e-01,-8.063339442014694214e-02,6.681135389953851700e-03,-4.637044370174407959e-01,3.061719238758087158e-01,-1.729038804769515991e-01,9.432596713304519653e-02,2.875348739326000214e-02,5.757265910506248474e-02
-1.462521910667419434e+00,-2.444744855165481567e-01,1.024361491203308105e+00,1.925620995461940765e-02,1.864856854081153870e-02,-3.515921533107757568e-01,9.357693791389465332e-01,-7.839871048927307129e-01,2.493463754653930664e-01,1.937992125749588013e-01,1.138047218322753906e+00,-1.207900047302246094e-01,1.198019683361053467e-01,-9.994591772556304932e-02,-3.382093086838722229e-02,-2.295867651700973511e-01,1.053845956921577454e-01,-6.164527684450149536e-02,-1.098397187888622284e-02,-4.191746562719345093e-02,3.623855113983154297e-01,3.205782473087310791e-01,-1.357371807098388672e-01,-4.711372554302215576e-01,-8.150999993085861206e-02,4.384134430438280106e-03,-4.681219756603240967e-01,3.055635988712310791e-01,-1.723992526531219482e-01,9.135634452104568481e-02,2.806771360337734222e-02,5.628024414181709290e-02
-1.463374495506286621e+00,-2.452570050954818726e-01,1.024461150169372559e+00,1.961529627442359924e-02,1.944977976381778717e-02,-3.475732505321502686e-01,9.372458457946777344e-01,-7.844263315200805664e-01,2.563495337963104248e-01,2.013942301273345947e-01,1.148115873336791992e+00,-1.276122927665710449e-01,1.327152103185653687e-01,-1.002056077122688293e-01,-3.311850503087043762e-02,-2.368656843900680542e-01,1.046106442809104919e-01,-6.250241398811340332e-02,-1.251425035297870636e-02,-3.990976512432098389e-02,3.629327118396759033e-01,3.187399506568908691e-01,-1.358790695667266846e-01,-4.701654016971588135e-01,-8.231031149625778198e-02,2.513095503672957420e-03,-4.724131822586059570e-01,3.054215908050537109e-01,-1.718018651008605957e-01,8.930966258049011230e-02,2.725712954998016357e-02,5.483918264508247375e-02
-1.464363098144531250e+00,-2.459536194801330566e-01,1.024510741233825684e+00,1.948630250990390778e-02,1.967362500727176666e-02,-3.434215486049652100e-01,9.387730956077575684e-01,-7.818630933761596680e-01,2.630962133407592773e-01,2.084673941135406494e-01,1.155165076255798340e+00,-1.337508112192153931e-01,1.440394371747970581e-01,-9.947682917118072510e-02,-3.191538155078887939e-02,-2.446197420358657837e-01,1.044870615005493164e-01,-6.378109753131866455e-02,-1.439116429537534714e-02,-3.832640498876571655e-02,3.633749485015869141e-01,3.172763288021087646e-01,-1.362696141004562378e-01,-4.695066213607788086e-01,-8.329427987337112427e-02,1.258655567653477192e-03,-4.763483107089996338e-01,3.057131171226501465e-01,-1.707601696252822876e-01,8.790678530931472778e-02,2.653347887098789215e-02,5.327775329351425171e-02
-1.464974045753479004e+00,-2.466166317462921143e-01,1.024562478065490723e+00,1.942820660769939423e-02,2.022261172533035278e-02,-3.391433954238891602e-01,9.403166174888610840e-01,-7.776588201522827148e-01,2.688693702220916748e-01,2.160609215497970581e-01,1.158986568450927734e+00,-1.420017778873443604e-01,1.528022736310958862e-01,-9.912507981061935425e-02,-3.096083924174308777e-02,-2.527796328067779541e-01,1.044086590409278870e-01,-6.516326963901519775e-02,-1.586769148707389832e-02,-3.696132078766822815e-02,3.635818660259246826e-01,3.161388337612152100e-01,-1.367765665054321289e-01,-4.691190123558044434e-01,-8.451519906520843506e-02,3.936763969250023365e-04,-4.798770844936370850e-01,3.063900768756866455e-01,-1.695515662431716919e-01,8.698094636201858521e-02,2.586325258016586304e-02,5.168291181325912476e-02
-1.465553760528564453e+00,-2.473050802946090698e-01,1.024579286575317383e+00,1.935259625315666199e-02,2.077617309987545013e-02,-3.343026936054229736e-01,9.420379996299743652e-01,-7.718108296394348145e-01,2.732285559177398682e-01,2.237044870853424072e-01,1.159308314323425293e+00,-1.490375399589538574e-01,1.573519557714462280e-01,-9.852057695388793945e-02,-2.989965677261352539e-02,-2.605666220188140869e-01,1.040760874748229980e-01,-6.651229411363601685e-02,-1.747422106564044952e-02,-3.624142706394195557e-02,3.635070025920867920e-01,3.152924180030822754e-01,-1.373782306909561157e-01,-4.692995250225067139e-01,-8.565705269575119019e-02,-1.564706180943176150e-04,-4.829788506031036377e-01,3.071747720241546631e-01,-1.679341048002243042e-01,8.627711981534957886e-02,2.522054128348827362e-02,5.001863464713096619e-02
-1.466058135032653809e+00,-2.479232698678970337e-01,1.024541735649108887e+00,1.897700317203998566e-02,2.115664444863796234e-02,-3.291411399841308594e-01,9.438529610633850098e-01,-7.632138729095458984e-01,2.773540616035461426e-01,2.321573197841644287e-01,1.156079649925231934e+00,-1.571243405342102051e-01,1.638930439949035645e-01,-9.758266806602478027e-02,-2.859289385378360748e-02,-2.689819335937500000e-01,1.044621765613555908e-01,-6.823650747537612915e-02,-1.943803392350673676e-02,-3.578852117061614990e-02,3.632297217845916748e-01,3.148812055587768555e-01,-1.381147801876068115e-01,-4.698764681816101074e-01,-8.699996024370193481e-02,-3.190201823599636555e-04,-4.855374097824096680e-01,3.080606460571289062e-01,-1.658954918384552002e-01,8.567669987678527832e-02,2.477735280990600586e-02,4.830126836895942688e-02
-1.466426610946655273e+00,-2.484916597604751587e-01,1.024489045143127441e+00,1.838035695254802704e-02,2.126723900437355042e-02,-3.237125873565673828e-01,9.457378387451171875e-01,-7.520626187324523926e-01,2.807535231113433838e-01,2.412913590669631958e-01,1.149436593055725098e+00,-1.652419716119766235e-01,1.679996997117996216e-01,-9.548930823802947998e-02,-2.709779143333435059e-02,-2.783297002315521240e-01,1.044162958860397339e-01,-7.083137333393096924e-02,-2.216983214020729065e-02,-3.567814081907272339e-02,3.629069328308105469e-01,3.147897124290466309e-01,-1.389861404895782471e-01,-4.706141054630279541e-01,-8.834726363420486450e-02,-1.791117538232356310e-04,-4.875844717025756836e-01,3.088117539882659912e-01,-1.634439229965209961e-01,8.504052460193634033e-02,2.452856488525867462e-02,4.661559686064720154e-02
-1.466645121574401855e+00,-2.490670531988143921e-01,1.024481892585754395e+00,1.774013228714466095e-02,2.102797292172908783e-02,-3.173659741878509521e-01,9.479039907455444336e-01,-7.374213337898254395e-01,2.826514840126037598e-01,2.519228160381317139e-01,1.137965440750122070e+00,-1.729412823915481567e-01,1.744325309991836548e-01,-9.278794378042221069e-02,-2.620732225477695465e-02,-2.902670502662658691e-01,1.050852090120315552e-01,-7.345188409090042114e-02,-2.364486269652843475e-02,-3.686305508017539978e-02,3.623825311660766602e-01,3.150700032711029053e-01,-1.403103917837142944e-01,-4.721837639808654785e-01,-9.092899411916732788e-02,2.551776124164462090e-04,-4.895543754100799561e-01,3.094982504844665527e-01,-1.586617678403854370e-01,8.316899091005325317e-02,2.459916099905967712e-02,4.327462241053581238e-02
-1.466758608818054199e+00,-2.495519071817398071e-01,1.024445414543151855e+00,1.715132221579551697e-02,2.093520388007164001e-02,-3.114208579063415527e-01,9.498866200447082520e-01,-7.216534018516540527e-01,2.836206555366516113e-01,2.621062397956848145e-01,1.124044537544250488e+00,-1.792809069156646729e-01,1.744998246431350708e-01,-9.062765538692474365e-02,-2.551880851387977600e-02,-3.008708357810974121e-01,1.059706360101699829e-01,-7.503054291009902954e-02,-2.415177412331104279e-02,-3.766639530658721924e-02,3.617571294307708740e-01,3.157160282135009766e-01,-1.416616141796112061e-01,-4.739180803298950195e-01,-9.360590577125549316e-02,8.918418316170573235e-04,-4.908434152603149414e-01,3.101925551891326904e-01,-1.537017822265625000e-01,8.129879832267761230e-02,2.487238496541976929e-02,4.000693187117576599e-02
-1.466629028320312500e+00,-2.500371932983398438e-01,1.024317979812622070e+00,1.630675978958606720e-02,2.076568454504013062e-02,-3.050758838653564453e-01,9.519619345664978027e-01,-7.042772769927978516e-01,2.837480604648590088e-01,2.721955180168151855e-01,1.106975317001342773e+00,-1.841008365154266357e-01,1.745000034570693970e-01,-8.796826004981994629e-02,-2.463038824498653412e-02,-3.124204874038696289e-01,1.070970892906188965e-01,-7.691371440887451172e-02,-2.434997260570526123e-02,-3.801674768328666687e-02,3.609498441219329834e-01,3.167820870876312256e-01,-1.430169343948364258e-01,-4.765006899833679199e-01,-9.675476700067520142e-02,1.694164355285465717e-03,-4.914686679840087891e-01,3.106969296932220459e-01,-1.469964385032653809e-01,7.821961492300033569e-02,2.574926801025867462e-02,3.552256897091865540e-02
-1.466327667236328125e+00,-2.505291402339935303e-01,1.024106860160827637e+00,1.528457738459110260e-02,2.100482396781444550e-02,-2.984650135040283203e-01,9.540669918060302734e-01,-6.859858036041259766e-01,2.836115360260009766e-01,2.828226387500762939e-01,1.087047576904296875e+00,-1.878170818090438843e-01,1.745000034570693970e-01,-8.560672402381896973e-02,-2.315329015254974365e-02,-3.244426250457763672e-01,1.080689728260040283e-01,-7.898331433534622192e-02,-2.463051304221153259e-02,-3.902050107717514038e-02,3.599910736083984375e-01,3.184209167957305908e-01,-1.443052142858505249e-01,-4.792189598083496094e-01,-9.978260099887847900e-02,2.546226372942328453e-03,-4.913040697574615479e-01,3.109650015830993652e-01,-1.412523835897445679e-01,7.488197088241577148e-02,2.695266157388687134e-02,3.126557171344757080e-02
-1.465935826301574707e+00,-2.508979737758636475e-01,1.023853063583374023e+00,1.401566062122583389e-02,2.108096517622470856e-02,-2.917523384094238281e-01,9.561588168144226074e-01,-6.660255789756774902e-01,2.830827236175537109e-01,2.938110828399658203e-01,1.063816547393798828e+00,-1.878880858421325684e-01,1.745000034570693970e-01,-8.298172801733016968e-02,-2.143027819693088531e-02,-3.364415168762207031e-01,1.092675030231475830e-01,-8.112972974777221680e-02,-2.448807284235954285e-02,-4.009940475225448608e-02,3.588698208332061768e-01,3.204883635044097900e-01,-1.453918516635894775e-01,-4.817013740539550781e-01,-1.023692637681961060e-01,3.684307215735316277e-03,-4.903954565525054932e-01,3.111244440078735352e-01,-1.361331939697265625e-01,7.170989364385604858e-02,2.798925712704658508e-02,2.751543745398521423e-02
-1.465431690216064453e+00,-2.511572241783142090e-01,1.023507118225097656e+00,1.253891456872224808e-02,2.097762562334537506e-02,-2.849389612674713135e-01,9.582340717315673828e-01,-6.443670392036437988e-01,2.823376059532165527e-01,3.058053553104400635e-01,1.038359761238098145e+00,-1.867596656084060669e-01,1.741500645875930786e-01,-7.963074743747711182e-02,-1.955860666930675507e-02,-3.494142591953277588e-01,1.102952584624290466e-01,-8.334209024906158447e-02,-2.453788928687572479e-02,-4.122287034988403320e-02,3.576454520225524902e-01,3.229228556156158447e-01,-1.461753994226455688e-01,-4.838693439960479736e-01,-1.044554784893989563e-01,5.272839684039354324e-03,-4.887690544128417969e-01,3.113921582698822021e-01,-1.311057657003402710e-01,6.917215138673782349e-02,2.927677892148494720e-02,2.396821416914463043e-02
-1.464666128158569336e+00,-2.511905729770660400e-01,1.023190975189208984e+00,1.109532453119754791e-02,2.126583456993103027e-02,-2.781249880790710449e-01,9.602453708648681641e-01,-6.215736865997314453e-01,2.804998457431793213e-01,3.184351325035095215e-01,1.009182095527648926e+00,-1.825644820928573608e-01,1.732006818056106567e-01,-7.687520235776901245e-02,-1.773414015769958496e-02,-3.615163266658782959e-01,1.110159680247306824e-01,-8.549344539642333984e-02,-2.335901558399200439e-02,-4.243383556604385376e-02,3.562161624431610107e-01,3.257689476013183594e-01,-1.469076573848724365e-01,-4.864444732666015625e-01,-1.064478009939193726e-01,6.963196210563182831e-03,-4.864297807216644287e-01,3.115291595458984375e-01,-1.266617774963378906e-01,6.645276397466659546e-02,3.036729805171489716e-02,2.066791802644729614e-02
-1.463769555091857910e+00,-2.513038516044616699e-01,1.022833704948425293e+00,9.479481726884841919e-03,2.119527570903301239e-02,-2.714585065841674805e-01,9.621700048446655273e-01,-5.963292121887207031e-01,2.786981761455535889e-01,3.327645063400268555e-01,9.768528938293457031e-01,-1.768762469291687012e-01,1.693474352359771729e-01,-7.354720681905746460e-02,-1.590307988226413727e-02,-3.743436038494110107e-01,1.125060543417930603e-01,-8.810725063085556030e-02,-2.216355875134468079e-02,-4.359933361411094666e-02,3.547566235065460205e-01,3.288313448429107666e-01,-1.473131626844406128e-01,-4.884290397167205811e-01,-1.078367084264755249e-01,8.907802402973175049e-03,-4.835861623287200928e-01,3.115988373756408691e-01,-1.222838535904884338e-01,6.377880275249481201e-02,3.141730651259422302e-02,1.780620776116847992e-02
-1.462666869163513184e+00,-2.513293623924255371e-01,1.022418737411499023e+00,7.700426504015922546e-03,2.105865627527236938e-02,-2.648808658123016357e-01,9.640204310417175293e-01,-5.697273015975952148e-01,2.763488292694091797e-01,3.473408520221710205e-01,9.418541789054870605e-01,-1.674656867980957031e-01,1.618016809225082397e-01,-7.044465839862823486e-02,-1.407742872834205627e-02,-3.867290914058685303e-01,1.148137822747230530e-01,-9.083240479230880737e-02,-2.125787548720836639e-02,-4.407361522316932678e-02,3.532733917236328125e-01,3.321103751659393311e-01,-1.475543975830078125e-01,-4.902048408985137939e-01,-1.087974831461906433e-01,1.106930337846279144e-02,-4.802168011665344238e-01,3.116496801376342773e-01,-1.181176900863647461e-01,6.133755296468734741e-02,3.279083594679832458e-02,1.491081342101097107e-02
-1.461415767669677734e+00,-2.511703968048095703e-01,1.021993637084960938e+00,5.918958690017461777e-03,2.082071453332901001e-02,-2.582935988903045654e-01,9.658239483833312988e-01,-5.410182476043701172e-01,2.729320824146270752e-01,3.633304536342620850e-01,9.027106165885925293e-01,-1.539667397737503052e-01,1.545325368642807007e-01,-6.696325540542602539e-02,-1.247280463576316833e-02,-3.990623056888580322e-01,1.169854253530502319e-01,-9.355714172124862671e-02,-1.978634297847747803e-02,-4.472841322422027588e-02,3.517511785030364990e-01,3.356778621673583984e-01,-1.476164758205413818e-01,-4.919426739215850830e-01,-1.096965298056602478e-01,1.359617244452238083e-02,-4.764066934585571289e-01,3.117542266845703125e-01,-1.139157265424728394e-01,5.920541286468505859e-02,3.430609032511711121e-02,1.217024493962526321e-02
-1.460090041160583496e+00,-2.509722113609313965e-01,1.021557807922363281e+00,4.214390646666288376e-03,2.064961194992065430e-02,-2.517073750495910645e-01,9.675738811492919922e-01,-5.113072991371154785e-01,2.686345279216766357e-01,3.806893527507781982e-01,8.604931831359863281e-01,-1.376706212759017944e-01,1.439311504364013672e-01,-6.378246098756790161e-02,-1.104236952960491180e-02,-4.107283949851989746e-01,1.196063384413719177e-01,-9.673122316598892212e-02,-1.807676814496517181e-02,-4.558746144175529480e-02,3.501928150653839111e-01,3.392407298088073730e-01,-1.473902314901351929e-01,-4.936243295669555664e-01,-1.100310459733009338e-01,1.632494293153285980e-02,-4.722782671451568604e-01,3.118072748184204102e-01,-1.093417778611183167e-01,5.737629160284996033e-02,3.589077293872833252e-02,9.573554620146751404e-03
-1.458111166954040527e+00,-2.502682507038116455e-01,1.021058201789855957e+00,2.282456262037158012e-03,2.016335166990756989e-02,-2.461133003234863281e-01,9.690286517143249512e-01,-4.778564572334289551e-01,2.636932134628295898e-01,4.009038209915161133e-01,8.132193684577941895e-01,-1.168515682220458984e-01,1.329439729452133179e-01,-6.103648617863655090e-02,-1.069320831447839737e-02,-4.210683405399322510e-01,1.246496066451072693e-01,-1.002752110362052917e-01,-1.600876078009605408e-02,-4.581200331449508667e-02,3.488077819347381592e-01,3.428773880004882812e-01,-1.468515098094940186e-01,-4.947449266910552979e-01,-1.103692427277565002e-01,1.904857717454433441e-02,-4.677144289016723633e-01,3.118729591369628906e-01,-1.049619987607002258e-01,5.523180961608886719e-02,3.839671239256858826e-02,6.996486335992813110e-03
-1.456080794334411621e+00,-2.494828104972839355e-01,1.020361781120300293e+00,-2.579494503152091056e-05,1.984114572405815125e-02,-2.408913522958755493e-01,9.703492522239685059e-01,-4.444926679134368896e-01,2.593370974063873291e-01,4.217547476291656494e-01,7.641932964324951172e-01,-8.869950473308563232e-02,1.194970160722732544e-01,-5.828969180583953857e-02,-9.385060518980026245e-03,-4.296417534351348877e-01,1.296342909336090088e-01,-1.041200682520866394e-01,-1.382297091186046600e-02,-4.572204872965812683e-02,3.475003540515899658e-01,3.465976715087890625e-01,-1.459258049726486206e-01,-4.953685402870178223e-01,-1.101396754384040833e-01,2.182903885841369629e-02,-4.627461135387420654e-01,3.121055364608764648e-01,-1.009418815374374390e-01,5.396935716271400452e-02,4.101182520389556885e-02,5.022724159061908722e-03
-1.454019427299499512e+00,-2.485484033823013306e-01,1.019619703292846680e+00,-2.503029303625226021e-03,1.903190650045871735e-02,-2.360760569572448730e-01,9.715449810028076172e-01,-4.091578125953674316e-01,2.542666494846343994e-01,4.438044726848602295e-01,7.110690474510192871e-01,-5.058540031313896179e-02,1.018688827753067017e-01,-5.460826307535171509e-02,-8.404415100812911987e-03,-4.377681016921997070e-01,1.358951181173324585e-01,-1.087719425559043884e-01,-1.089685223996639252e-02,-4.493078589439392090e-02,3.465352058410644531e-01,3.503929376602172852e-01,-1.449158638715744019e-01,-4.955586194992065430e-01,-1.092786341905593872e-01,2.479620650410652161e-02,-4.573640823364257812e-01,3.125506043434143066e-01,-9.736186265945434570e-02,5.317929759621620178e-02,4.356003925204277039e-02,3.486700821667909622e-03
-1.451590895652770996e+00,-2.473266273736953735e-01,1.018932223320007324e+00,-4.278433974832296371e-03,1.815767772495746613e-02,-2.310347408056259155e-01,9.727666378021240234e-01,-3.735420107841491699e-01,2.467334121465682983e-01,4.670298099517822266e-01,6.580870151519775391e-01,-2.260860055685043335e-02,4.426502063870429993e-02,-5.418397858738899231e-02,-1.037398632615804672e-02,-4.448148608207702637e-01,1.464363187551498413e-01,-1.144061684608459473e-01,-7.723210845142602921e-03,-4.484865441918373108e-02,3.456677794456481934e-01,3.538440763950347900e-01,-1.437321454286575317e-01,-4.957601428031921387e-01,-1.082399636507034302e-01,2.776407077908515930e-02,-4.520242214202880859e-01,3.131514787673950195e-01,-9.371441602706909180e-02,5.300901830196380615e-02,4.623189568519592285e-02,2.440063050016760826e-03
-1.449152708053588867e+00,-2.458580583333969116e-01,1.018249392509460449e+00,-5.564969964325428009e-03,1.739272288978099823e-02,-2.269587516784667969e-01,9.737331271171569824e-01,-3.384533524513244629e-01,2.342005670070648193e-01,4.831386804580688477e-01,6.083806157112121582e-01,-5.033153295516967773e-02,-6.658215075731277466e-03,-5.514018610119819641e-02,-1.436640601605176926e-02,-4.508350491523742676e-01,1.596653163433074951e-01,-1.201476678252220154e-01,-4.396306816488504410e-03,-4.351906105875968933e-02,3.450030982494354248e-01,3.567624092102050781e-01,-1.425157338380813599e-01,-4.960765540599822998e-01,-1.071537882089614868e-01,3.067362867295742035e-02,-4.471258223056793213e-01,3.140328526496887207e-01,-9.101741015911102295e-02,5.322421342134475708e-02,4.830407351255416870e-02,1.970710698515176773e-03
-1.446722865104675293e+00,-2.440847754478454590e-01,1.017237305641174316e+00,-6.530710030347108841e-03,1.608165539801120758e-02,-2.225124537944793701e-01,9.747753143310546875e-01,-3.056215941905975342e-01,2.169943749904632568e-01,4.883511662483215332e-01,5.635411143302917480e-01,-9.370506554841995239e-02,-1.860024221241474152e-02,-5.847763642668724060e-02,-2.029888518154621124e-02,-4.497087299823760986e-01,1.795855015516281128e-01,-1.297714710235595703e-01,-7.419209578074514866e-04,-4.257081076502799988e-02,3.445955812931060791e-01,3.592671155929565430e-01,-1.414652466773986816e-01,-4.960287213325500488e-01,-1.061660051345825195e-01,3.364534303545951843e-02,-4.425924122333526611e-01,3.148967921733856201e-01,-8.845295011997222900e-02,5.332972481846809387e-02,5.037745460867881775e-02,1.760940300300717354e-03
-1.444059014320373535e+00,-2.422555238008499146e-01,1.016331672668457031e+00,-6.583342794328927994e-03,1.589656993746757507e-02,-2.192200273275375366e-01,9.755237102508544922e-01,-2.786936759948730469e-01,1.985786706209182739e-01,4.856490194797515869e-01,5.208230614662170410e-01,-1.221052557229995728e-01,-2.001944370567798615e-02,-6.581903994083404541e-02,-2.855094708502292633e-02,-4.483788907527923584e-01,2.017392665147781372e-01,-1.394332349300384521e-01,2.732254797592759132e-03,-3.939472511410713196e-02,3.439460992813110352e-01,3.611357510089874268e-01,-1.406552940607070923e-01,-4.972474873065948486e-01,-1.048780158162117004e-01,3.610139340162277222e-02,-4.385420382022857666e-01,3.155364394187927246e-01,-8.636435866355895996e-02,5.410978198051452637e-02,5.208112671971321106e-02,1.767453737556934357e-03
-1.441536784172058105e+00,-2.403954565525054932e-01,1.015459537506103516e+00,-6.833230145275592804e-03,1.668975874781608582e-02,-2.128009349107742310e-01,9.769291281700134277e-01,-2.572271227836608887e-01,1.809029132127761841e-01,4.834184050559997559e-01,4.794570207595825195e-01,-1.461051255464553833e-01,-1.976676285266876221e-02,-7.592430710792541504e-02,-3.579318895936012268e-02,-4.442711770534515381e-01,2.267586737871170044e-01,-1.489357501268386841e-01,5.697228945791721344e-03,-4.194082319736480713e-02,3.430131673812866211e-01,3.628069460391998291e-01,-1.398169398307800293e-01,-4.994280040264129639e-01,-1.038150861859321594e-01,3.800253942608833313e-02,-4.349901676177978516e-01,3.156281411647796631e-01,-8.539719879627227783e-02,5.436767637729644775e-02,5.280160158872604370e-02,1.849213265813887119e-03
-1.439165830612182617e+00,-2.385238409042358398e-01,1.014934420585632324e+00,-6.542708724737167358e-03,1.764461398124694824e-02,-2.071900963783264160e-01,9.781196713447570801e-01,-2.409797757863998413e-01,1.654689162969589233e-01,4.822354912757873535e-01,4.462545812129974365e-01,-1.630853563547134399e-01,-2.602225914597511292e-02,-8.836975693702697754e-02,-4.497770965099334717e-02,-4.415211677551269531e-01,2.539812326431274414e-01,-1.553988158702850342e-01,9.872966445982456207e-03,-4.239005595445632935e-02,3.417370617389678955e-01,3.640434443950653076e-01,-1.392714381217956543e-01,-5.016527175903320312e-01,-1.034063398838043213e-01,3.918922320008277893e-02,-4.322246015071868896e-01,3.152212202548980713e-01,-8.477959036827087402e-02,5.460765212774276733e-02,5.294349789619445801e-02,1.861218479461967945e-03
-1.437095761299133301e+00,-2.366943955421447754e-01,1.014789104461669922e+00,-5.111296195536851883e-03,1.803227141499519348e-02,-2.018783986568450928e-01,9.792312383651733398e-01,-2.279160767793655396e-01,1.490302979946136475e-01,4.766503572463989258e-01,4.159617125988006592e-01,-1.647162735462188721e-01,-2.438342012465000153e-02,-1.028772071003913879e-01,-5.822397768497467041e-02,-4.385130703449249268e-01,2.864200770854949951e-01,-1.609169691801071167e-01,1.422041095793247223e-02,-4.085626080632209778e-02,3.402668237686157227e-01,3.647055923938751221e-01,-1.393615901470184326e-01,-5.043066740036010742e-01,-1.033191829919815063e-01,4.001981765031814575e-02,-4.302125573158264160e-01,3.141900599002838135e-01,-8.396331220865249634e-02,5.446110293269157410e-02,5.291225388646125793e-02,1.706128008663654327e-03
-1.435277938842773438e+00,-2.350213229656219482e-01,1.014740824699401855e+00,-3.052348271012306213e-03,1.801715418696403503e-02,-1.956788897514343262e-01,9.804977774620056152e-01,-2.164358943700790405e-01,1.304806917905807495e-01,4.716802835464477539e-01,3.866056501865386963e-01,-1.613850146532058716e-01,-1.034880336374044418e-02,-1.183418706059455872e-01,-7.349689304828643799e-02,-4.373178482055664062e-01,3.210911750793457031e-01,-1.649395972490310669e-01,1.562178507447242737e-02,-4.067520797252655029e-02,3.387073278427124023e-01,3.645946979522705078e-01,-1.399912834167480469e-01,-5.071054100990295410e-01,-1.033019497990608215e-01,4.076710343360900879e-02,-4.291516840457916260e-01,3.127055466175079346e-01,-8.261016756296157837e-02,5.420075356960296631e-02,5.264694616198539734e-02,1.142185530625283718e-03
-1.433788776397705078e+00,-2.333827912807464600e-01,1.015001654624938965e+00,-6.467761704698204994e-04,1.772567257285118103e-02,-1.894877403974533081e-01,9.817228317260742188e-01,-2.067076116800308228e-01,1.123315915465354919e-01,4.660286307334899902e-01,3.614662587642669678e-01,-1.562257856130599976e-01,9.770400822162628174e-03,-1.365260481834411621e-01,-9.114062786102294922e-02,-4.376746416091918945e-01,3.618746399879455566e-01,-1.693587601184844971e-01,6.857683882117271423e-03,-4.054074361920356750e-02,3.371593356132507324e-01,3.638103306293487549e-01,-1.413886994123458862e-01,-5.097133517265319824e-01,-1.036049276590347290e-01,4.115865007042884827e-02,-4.289772510528564453e-01,3.103748857975006104e-01,-8.075802773237228394e-02,5.352257192134857178e-02,5.224766954779624939e-02,4.073363670613616705e-04
-1.432588458061218262e+00,-2.319906949996948242e-01,1.015509843826293945e+00,1.939023728482425213e-03,1.692503318190574646e-02,-1.830774545669555664e-01,9.829508662223815918e-01,-1.979544013738632202e-01,9.623336791992187500e-02,4.555174410343170166e-01,3.400189876556396484e-01,-1.465547829866409302e-01,1.182759925723075867e-02,-1.571288257837295532e-01,-1.112235784530639648e-01,-4.364978075027465820e-01,4.079444110393524170e-01,-1.670585721731185913e-01,7.499693427234888077e-03,-4.066767171025276184e-02,3.356207311153411865e-01,3.623590767383575439e-01,-1.433117389678955078e-01,-5.120641589164733887e-01,-1.039095371961593628e-01,4.139269888401031494e-02,-4.295349121093750000e-01,3.072704672813415527e-01,-7.806764543056488037e-02,5.259992554783821106e-02,5.186749249696731567e-02,-5.466731381602585316e-04
-1.431571125984191895e+00,-2.303550690412521362e-01,1.016419410705566406e+00,2.610349794849753380e-03,1.625699549913406372e-02,-1.775809675455093384e-01,9.839684367179870605e-01,-1.933620423078536987e-01,8.784326910972595215e-02,4.456669390201568604e-01,3.289140462875366211e-01,-1.398829668760299683e-01,7.593620568513870239e-03,-1.752234846353530884e-01,-1.256336420774459839e-01,-4.344093501567840576e-01,4.473534822463989258e-01,-1.553905904293060303e-01,6.061329040676355362e-04,-3.958925604820251465e-02,3.345731794834136963e-01,3.612489402294158936e-01,-1.447822302579879761e-01,-5.131108760833740234e-01,-1.040887236595153809e-01,4.113629832863807678e-02,-4.297198355197906494e-01,3.047250211238861084e-01,-7.712051272392272949e-02,5.172669142484664917e-02,5.168296769261360168e-02,-1.171312062069773674e-03
-1.430656552314758301e+00,-2.286177575588226318e-01,1.017245173454284668e+00,2.804409014061093330e-03,1.582853309810161591e-02,-1.709880530834197998e-01,9.851419329643249512e-01,-1.879965960979461670e-01,8.080792427062988281e-02,4.371401667594909668e-01,3.180799484252929688e-01,-1.329412162303924561e-01,4.258778411895036697e-03,-1.994139254093170166e-01,-1.429239064455032349e-01,-4.328274428844451904e-01,4.978547990322113037e-01,-1.372199654579162598e-01,-1.893125358037650585e-03,-4.059932753443717957e-02,3.334642052650451660e-01,3.603332042694091797e-01,-1.464527249336242676e-01,-5.142281651496887207e-01,-1.043976396322250366e-01,4.018115997314453125e-02,-4.292417168617248535e-01,3.018206059932708740e-01,-7.717148214578628540e-02,5.047795176506042480e-02,5.156552419066429138e-02,-1.836279872804880142e-03
-1.429801106452941895e+00,-2.267578840255737305e-01,1.017987012863159180e+00,2.484658034518361092e-03,1.502391789108514786e-02,-1.643027365207672119e-01,9.862924218177795410e-01,-1.875440031290054321e-01,7.591366767883300781e-02,4.291109144687652588e-01,3.109206259250640869e-01,-1.255651712417602539e-01,2.521723043173551559e-03,-2.247182428836822510e-01,-1.610056310892105103e-01,-4.310025870800018311e-01,5.497747659683227539e-01,-1.098408102989196777e-01,-6.227548699826002121e-03,-4.243014007806777954e-02,3.325120806694030762e-01,3.596884012222290039e-01,-1.484068930149078369e-01,-5.151420235633850098e-01,-1.047894135117530823e-01,3.863753005862236023e-02,-4.280159175395965576e-01,2.986473739147186279e-01,-7.808350026607513428e-02,4.884592443704605103e-02,5.147404968738555908e-02,-2.532115671783685684e-03
-1.428788542747497559e+00,-2.247262448072433472e-01,1.018600106239318848e+00,1.672849408350884914e-03,1.539058331400156021e-02,-1.567233204841613770e-01,9.875212311744689941e-01,-1.818641126155853271e-01,7.169181108474731445e-02,4.214271008968353271e-01,3.016142845153808594e-01,-1.232187896966934204e-01,-6.321755063254386187e-05,-2.542173266410827637e-01,-1.790258437395095825e-01,-4.290170669555664062e-01,6.016948223114013672e-01,-7.383643835783004761e-02,-1.741681434214115143e-02,-4.632443189620971680e-02,3.315059840679168701e-01,3.595134019851684570e-01,-1.506572216749191284e-01,-5.161778330802917480e-01,-1.054963767528533936e-01,3.665897995233535767e-02,-4.260691702365875244e-01,2.952561378479003906e-01,-7.961383461952209473e-02,4.688454046845436096e-02,5.129495635628700256e-02,-3.252112772315740585e-03
-1.427716732025146484e+00,-2.226248383522033691e-01,1.019251227378845215e+00,8.857546490617096424e-04,1.508671883493661880e-02,-1.494301110506057739e-01,9.886567592620849609e-01,-1.828518807888031006e-01,6.788284331560134888e-02,4.143660664558410645e-01,2.957129776477813721e-01,-1.182159110903739929e-01,1.705579226836562157e-03,-2.835818827152252197e-01,-1.980507522821426392e-01,-4.246589839458465576e-01,6.536148190498352051e-01,-3.445040062069892883e-02,-3.327773138880729675e-02,-5.059380829334259033e-02,3.305763006210327148e-01,3.596206903457641602e-01,-1.530029475688934326e-01,-5.172224640846252441e-01,-1.062808409333229065e-01,3.486131504178047180e-02,-4.238662421703338623e-01,2.919095754623413086e-01,-8.093641698360443115e-02,4.480894654989242554e-02,5.112995579838752747e-02,-3.958673682063817978e-03
-1.426662683486938477e+00,-2.203967720270156860e-01,1.019719123840332031e+00,-1.804170024115592241e-04,1.550143305212259293e-02,-1.416168808937072754e-01,9.898001551628112793e-01,-1.828210204839706421e-01,6.468763947486877441e-02,4.063882529735565186e-01,2.902170419692993164e-01,-1.154303103685379028e-01,1.056999200955033302e-03,-3.158240616321563721e-01,-2.165043354034423828e-01,-4.174959361553192139e-01,7.055348157882690430e-01,5.814884323626756668e-03,-5.523082986474037170e-02,-5.576017498970031738e-02,3.295804262161254883e-01,3.601947128772735596e-01,-1.555572301149368286e-01,-5.185201168060302734e-01,-1.072231829166412354e-01,3.331112861633300781e-02,-4.214154183864593506e-01,2.886205017566680908e-01,-8.199451118707656860e-02,4.260406270623207092e-02,5.079119279980659485e-02,-4.622762091457843781e-03
-1.425674676895141602e+00,-2.183268815279006958e-01,1.019830346107482910e+00,-9.592301794327795506e-04,1.599513739347457886e-02,-1.339676082134246826e-01,9.908561706542968750e-01,-1.836499124765396118e-01,6.135430932044982910e-02,3.975115418434143066e-01,2.863821089267730713e-01,-1.140821874141693115e-01,1.510863890871405602e-03,-3.500570356845855713e-01,-2.347341328859329224e-01,-4.065345525741577148e-01,7.574548125267028809e-01,4.208748787641525269e-02,-7.894270122051239014e-02,-6.159662827849388123e-02,3.285868763923645020e-01,3.611618578433990479e-01,-1.581165641546249390e-01,-5.199698805809020996e-01,-1.082800626754760742e-01,3.217269480228424072e-02,-4.189696609973907471e-01,2.857327163219451904e-01,-8.271748572587966919e-02,4.064275324344635010e-02,5.029717087745666504e-02,-5.195144563913345337e-03
-1.424689650535583496e+00,-2.163854092359542847e-01,1.019797444343566895e+00,-1.417588326148688793e-03,1.664324663579463959e-02,-1.262167096138000488e-01,9.918620586395263672e-01,-1.852360218763351440e-01,5.751152336597442627e-02,3.882385194301605225e-01,2.834638655185699463e-01,-1.140335500240325928e-01,3.260736819356679916e-03,-3.861644268035888672e-01,-2.525562345981597900e-01,-3.920624256134033203e-01,8.093748092651367188e-01,7.293722033500671387e-02,-1.034249141812324524e-01,-6.737951934337615967e-02,3.276542127132415771e-01,3.625479638576507568e-01,-1.609121263027191162e-01,-5.216091275215148926e-01,-1.095010489225387573e-01,3.134198859333992004e-02,-4.165918231010437012e-01,2.833120822906494141e-01,-8.330155909061431885e-02,3.906098753213882446e-02,4.953516274690628052e-02,-5.684046074748039246e-03
-1.423845767974853516e+00,-2.147364318370819092e-01,1.019591808319091797e+00,-1.344423275440931320e-03,1.692468486726284027e-02,-1.185538172721862793e-01,9.928024411201477051e-01,-1.865701973438262939e-01,5.285772681236267090e-02,3.791831731796264648e-01,2.815698683261871338e-01,-1.145768016576766968e-01,5.210110452026128769e-03,-4.227757453918457031e-01,-2.700206637382507324e-01,-3.747343719005584717e-01,8.612948060035705566e-01,9.512622654438018799e-02,-1.238528639078140259e-01,-7.245700806379318237e-02,3.267389833927154541e-01,3.642081618309020996e-01,-1.637378036975860596e-01,-5.233340263366699219e-01,-1.108395382761955261e-01,3.129118680953979492e-02,-4.146872758865356445e-01,2.816787362098693848e-01,-8.320888131856918335e-02,3.802179545164108276e-02,4.859390482306480408e-02,-6.018921267241239548e-03
-1.422904372215270996e+00,-2.131692022085189819e-01,1.019285321235656738e+00,-7.552664610557258129e-04,1.742968894541263580e-02,-1.109383702278137207e-01,9.936741590499877930e-01,-1.859709769487380981e-01,4.691741988062858582e-02,3.694212138652801514e-01,2.789107859134674072e-01,-1.156703084707260132e-01,6.629208102822303772e-03,-4.600844383239746094e-01,-2.872627973556518555e-01,-3.553783893585205078e-01,9.132148027420043945e-01,1.012348085641860962e-01,-1.358463317155838013e-01,-7.638563215732574463e-02,3.257736265659332275e-01,3.662023246288299561e-01,-1.665545701980590820e-01,-5.251040458679199219e-01,-1.122893169522285461e-01,3.161896765232086182e-02,-4.130826294422149658e-01,2.808157503604888916e-01,-8.309884369373321533e-02,3.769201040267944336e-02,4.746907949447631836e-02,-6.421050056815147400e-03
-1.422058224678039551e+00,-2.118669599294662476e-01,1.018918156623840332e+00,1.246405299752950668e-04,1.717148348689079285e-02,-1.038904115557670593e-01,9.944404959678649902e-01,-1.886500269174575806e-01,4.089080169796943665e-02,3.589703440666198730e-01,2.788375020027160645e-01,-1.154386624693870544e-01,9.747158735990524292e-03,-4.959484040737152100e-01,-3.036229908466339111e-01,-3.348832130432128906e-01,9.651347994804382324e-01,8.775256574153900146e-02,-1.390992254018783569e-01,-7.836166024208068848e-02,3.247974514961242676e-01,3.682929873466491699e-01,-1.692405790090560913e-01,-5.268419981002807617e-01,-1.136459186673164368e-01,3.274922445416450500e-02,-4.120514094829559326e-01,2.807197570800781250e-01,-8.223907649517059326e-02,3.821472078561782837e-02,4.620206728577613831e-02,-6.873226258903741837e-03
-1.421116709709167480e+00,-2.108692228794097900e-01,1.018448591232299805e+00,1.050541293807327747e-03,1.724033057689666748e-02,-9.650052338838577271e-02,9.951830506324768066e-01,-1.886015981435775757e-01,3.481684625148773193e-02,3.475565314292907715e-01,2.781209349632263184e-01,-1.169522479176521301e-01,1.166498288512229919e-02,-5.325396060943603516e-01,-3.190410733222961426e-01,-3.139001131057739258e-01,1.017054796218872070e+00,6.537348031997680664e-02,-1.447746604681015015e-01,-7.986210286617279053e-02,3.237994611263275146e-01,3.705896437168121338e-01,-1.717397719621658325e-01,-5.283077359199523926e-01,-1.148926913738250732e-01,3.431519865989685059e-02,-4.115020334720611572e-01,2.809951901435852051e-01,-8.092557638883590698e-02,3.915600851178169250e-02,4.482431709766387939e-02,-7.466855458915233612e-03
-1.420165061950683594e+00,-2.100159674882888794e-01,1.017854332923889160e+00,2.529647201299667358e-03,1.680011488497257233e-02,-8.909950405359268188e-02,9.958778023719787598e-01,-1.906149983406066895e-01,2.764055505394935608e-02,3.344520330429077148e-01,2.790943384170532227e-01,-1.171818599104881287e-01,1.418857555836439133e-02,-5.688993334770202637e-01,-3.343689441680908203e-01,-2.905874550342559814e-01,1.068974852561950684e+00,3.827849775552749634e-02,-1.571284681558609009e-01,-8.113519102334976196e-02,3.227413892745971680e-01,3.729043602943420410e-01,-1.739298701286315918e-01,-5.295144915580749512e-01,-1.158783137798309326e-01,3.600783646106719971e-02,-4.111705720424652100e-01,2.816143929958343506e-01,-7.965034246444702148e-02,4.054509475827217102e-02,4.351571202278137207e-02,-8.214692585170269012e-03
-1.418996691703796387e+00,-2.092951089143753052e-01,1.017684936523437500e+00,3.513745730742812157e-03,1.726004667580127716e-02,-8.235671371221542358e-02,9.964472651481628418e-01,-1.913837194442749023e-01,2.157161943614482880e-02,3.216209113597869873e-01,2.783696949481964111e-01,-1.176504045724868774e-01,1.547589804977178574e-02,-6.004549264907836914e-01,-3.443971276283264160e-01,-2.696871459484100342e-01,1.107375860214233398e+00,1.709960401058197021e-02,-1.701471656560897827e-01,-8.121852576732635498e-02,3.215281069278717041e-01,3.752049803733825684e-01,-1.753361225128173828e-01,-5.302799940109252930e-01,-1.162654757499694824e-01,3.762589022517204285e-02,-4.109295308589935303e-01,2.822156548500061035e-01,-7.848640531301498413e-02,4.211644455790519714e-02,4.210358858108520508e-02,-9.107667952775955200e-03
-1.417701363563537598e+00,-2.089279592037200928e-01,1.017747044563293457e+00,3.995563369244337082e-03,1.759988814592361450e-02,-7.596608251333236694e-02,9.969470500946044922e-01,-1.926736831665039062e-01,1.700201258063316345e-02,3.091374933719635010e-01,2.771989405155181885e-01,-1.169696450233459473e-01,1.698136515915393829e-02,-6.271493434906005859e-01,-3.502162694931030273e-01,-2.499968558549880981e-01,1.137264013290405273e+00,-7.116928463801741600e-04,-1.742823570966720581e-01,-8.152540773153305054e-02,3.202321827411651611e-01,3.775677382946014404e-01,-1.761040985584259033e-01,-5.304892063140869141e-01,-1.162136197090148926e-01,3.893703967332839966e-02,-4.104297757148742676e-01,2.828177511692047119e-01,-7.782066613435745239e-02,4.384148865938186646e-02,4.078552499413490295e-02,-1.003630738705396652e-02
-1.416317820549011230e+00,-2.085676342248916626e-01,1.018075585365295410e+00,3.750820411369204521e-03,1.812007091939449310e-02,-6.995280086994171143e-02,9.973786473274230957e-01,-1.933381259441375732e-01,1.410700101405382156e-02,2.975550889968872070e-01,2.750515043735504150e-01,-1.158955469727516174e-01,1.819160208106040955e-02,-6.506273150444030762e-01,-3.527266383171081543e-01,-2.320434451103210449e-01,1.161909461021423340e+00,-1.647405512630939484e-02,-1.744891107082366943e-01,-8.158385008573532104e-02,3.188702762126922607e-01,3.800529539585113525e-01,-1.760281920433044434e-01,-5.300342440605163574e-01,-1.156153678894042969e-01,3.982591629028320312e-02,-4.094871878623962402e-01,2.832155525684356689e-01,-7.776031643152236938e-02,4.543092101812362671e-02,3.952611982822418213e-02,-1.095191761851310730e-02
-1.414558649063110352e+00,-2.083264291286468506e-01,1.018562793731689453e+00,3.130684606730937958e-03,1.898079738020896912e-02,-6.393785029649734497e-02,9.977684617042541504e-01,-1.940914243459701538e-01,1.215949002653360367e-02,2.865368723869323730e-01,2.718716859817504883e-01,-1.142578497529029846e-01,1.914171688258647919e-02,-6.713327169418334961e-01,-3.522926568984985352e-01,-2.146950364112854004e-01,1.181236147880554199e+00,-2.921541407704353333e-02,-1.744994521141052246e-01,-8.192178606986999512e-02,3.174138069152832031e-01,3.825253546237945557e-01,-1.749076992273330688e-01,-5.288771390914916992e-01,-1.143025085330009460e-01,4.015848413109779358e-02,-4.079507887363433838e-01,2.832507789134979248e-01,-7.840976119041442871e-02,4.680188372731208801e-02,3.825341537594795227e-02,-1.179802697151899338e-02
-1.412939906120300293e+00,-2.084179818630218506e-01,1.019142270088195801e+00,2.429903950542211533e-03,1.985902525484561920e-02,-5.823113396763801575e-02,9.981026053428649902e-01,-1.902658492326736450e-01,1.048455107957124710e-02,2.770279049873352051e-01,2.648164629936218262e-01,-1.128457486629486084e-01,1.908830553293228149e-02,-6.900428533554077148e-01,-3.499647676944732666e-01,-1.988849192857742310e-01,1.196858763694763184e+00,-3.899754583835601807e-02,-1.744999736547470093e-01,-8.227878808975219727e-02,3.159527182579040527e-01,3.850768506526947021e-01,-1.730701625347137451e-01,-5.271927714347839355e-01,-1.124062985181808472e-01,4.001585021615028381e-02,-4.057689607143402100e-01,2.830608785152435303e-01,-7.979030907154083252e-02,4.780643433332443237e-02,3.707210719585418701e-02,-1.257510855793952942e-02
-1.411265254020690918e+00,-2.086290270090103149e-01,1.019713640213012695e+00,1.556212082505226135e-03,2.053675428032875061e-02,-5.219339206814765930e-02,9.984245896339416504e-01,-1.868713051080703735e-01,9.307942353188991547e-03,2.676467597484588623e-01,2.571838796138763428e-01,-1.101937741041183472e-01,1.871384307742118835e-02,-7.061097025871276855e-01,-3.453728556632995605e-01,-1.822694540023803711e-01,1.209020853042602539e+00,-4.773018881678581238e-02,-1.745000034570693970e-01,-8.230263739824295044e-02,3.144943714141845703e-01,3.876376450061798096e-01,-1.708552092313766479e-01,-5.253272056579589844e-01,-1.101117655634880066e-01,3.996441140770912170e-02,-4.033486843109130859e-01,2.824718654155731201e-01,-8.080272376537322998e-02,4.841797053813934326e-02,3.593311086297035217e-02,-1.331749279052019119e-02
-1.409612655639648438e+00,-2.088781446218490601e-01,1.020385980606079102e+00,9.292138274759054184e-04,2.164179831743240356e-02,-4.672372341156005859e-02,9.986729621887207031e-01,-1.840513348579406738e-01,7.497920654714107513e-03,2.588700950145721436e-01,2.464912086725234985e-01,-1.043509840965270996e-01,1.890817657113075256e-02,-7.222863435745239258e-01,-3.391807377338409424e-01,-1.654504984617233276e-01,1.219133496284484863e+00,-5.518550053238868713e-02,-1.745000034570693970e-01,-8.117797970771789551e-02,3.123950660228729248e-01,3.912332355976104736e-01,-1.675736457109451294e-01,-5.218093395233154297e-01,-1.052538678050041199e-01,3.974918276071548462e-02,-3.995436429977416992e-01,2.811668515205383301e-01,-8.279170840978622437e-02,4.905026778578758240e-02,3.359751403331756592e-02,-1.456071157008409500e-02
-1.407918930053710938e+00,-2.095388919115066528e-01,1.020890831947326660e+00,6.046356866136193275e-04,2.204256877303123474e-02,-4.194949194788932800e-02,9.988763928413391113e-01,-1.821267455816268921e-01,6.500806193798780441e-03,2.526316940784454346e-01,2.398168444633483887e-01,-9.967269003391265869e-02,1.897759363055229187e-02,-7.349083423614501953e-01,-3.328504562377929688e-01,-1.503978967666625977e-01,1.225308895111083984e+00,-6.188946962356567383e-02,-1.745000034570693970e-01,-7.849565893411636353e-02,3.104859292507171631e-01,3.945572674274444580e-01,-1.646261811256408691e-01,-5.186901092529296875e-01,-1.005153208971023560e-01,3.971444815397262573e-02,-3.958463072776794434e-01,2.795632183551788330e-01,-8.426231890916824341e-02,4.925182461738586426e-02,3.168674930930137634e-02,-1.559664402157068253e-02
-1.406136274337768555e+00,-2.102807462215423584e-01,1.021336197853088379e+00,2.955941272375639528e-05,2.204094082117080688e-02,-3.729041665792465210e-02,9.990613460540771484e-01,-1.798918396234512329e-01,6.551911588758230209e-03,2.468075454235076904e-01,2.351422756910324097e-01,-9.665995836257934570e-02,1.851916871964931488e-02,-7.441280484199523926e-01,-3.251624107360839844e-01,-1.364874094724655151e-01,1.228461027145385742e+00,-6.780043244361877441e-02,-1.745000034570693970e-01,-7.494072616100311279e-02,3.089590072631835938e-01,3.978761136531829834e-01,-1.624845415353775024e-01,-5.160947442054748535e-01,-9.633931517601013184e-02,4.028789326548576355e-02,-3.924416005611419678e-01,2.778397500514984131e-01,-8.434135466814041138e-02,4.942096397280693054e-02,2.980063110589981079e-02,-1.647890359163284302e-02
-1.404383182525634766e+00,-2.110708802938461304e-01,1.021678566932678223e+00,-7.043016958050429821e-04,2.207397855818271637e-02,-3.266114369034767151e-02,9.992224574089050293e-01,-1.740709692239761353e-01,7.166794035583734512e-03,2.420143932104110718e-01,2.291275858879089355e-01,-9.559343010187149048e-02,1.668918319046497345e-02,-7.515839338302612305e-01,-3.155743181705474854e-01,-1.227129548788070679e-01,1.228753685951232910e+00,-7.322586327791213989e-02,-1.745000034570693970e-01,-7.207722216844558716e-02,3.077863752841949463e-01,4.011964499950408936e-01,-1.610224545001983643e-01,-5.137783288955688477e-01,-9.273410588502883911e-02,4.107608273625373840e-02,-3.892052769660949707e-01,2.760607302188873291e-01,-8.408211171627044678e-02,4.956505820155143738e-02,2.803874574601650238e-02,-1.743748784065246582e-02
-1.402606844902038574e+00,-2.119122743606567383e-01,1.021982908248901367e+00,-1.388157368637621403e-03,2.174348197877407074e-02,-2.884566038846969604e-02,9.993463754653930664e-01,-1.696408092975616455e-01,8.179580792784690857e-03,2.383131235837936401e-01,2.245626896619796753e-01,-9.414859861135482788e-02,1.523885130882263184e-02,-7.567693591117858887e-01,-3.048188388347625732e-01,-1.097623184323310852e-01,1.226115584373474121e+00,-8.084443956613540649e-02,-1.744927614927291870e-01,-6.623756140470504761e-02,3.070005178451538086e-01,4.046840965747833252e-01,-1.605373322963714600e-01,-5.119079947471618652e-01,-9.040091931819915771e-02,4.247994348406791687e-02,-3.863071203231811523e-01,2.745110690593719482e-01,-8.273380249738693237e-02,5.029805377125740051e-02,2.633522450923919678e-02,-1.860406249761581421e-02
-1.400703191757202148e+00,-2.128368318080902100e-01,1.022144198417663574e+00,-1.373752835206687450e-03,2.105616033077239990e-02,-2.389659546315670013e-02,9.994917511940002441e-01,-1.679176390171051025e-01,7.524864748120307922e-03,2.319388538599014282e-01,2.221278697252273560e-01,-9.150177240371704102e-02,1.423910818994045258e-02,-7.595268487930297852e-01,-2.944410741329193115e-01,-9.459588676691055298e-02,1.221083402633666992e+00,-8.846023678779602051e-02,-1.674706339836120605e-01,-6.154197081923484802e-02,3.066724240779876709e-01,4.081693887710571289e-01,-1.614836901426315308e-01,-5.106120705604553223e-01,-8.948121964931488037e-02,4.446714371442794800e-02,-3.839774727821350098e-01,2.730588018894195557e-01,-8.005928248167037964e-02,5.144747719168663025e-02,2.491354010999202728e-02,-2.016478776931762695e-02
-1.398835420608520508e+00,-2.138776183128356934e-01,1.022152662277221680e+00,-9.172204881906509399e-04,2.005136013031005859e-02,-1.838145218789577484e-02,9.996295571327209473e-01,-1.651070863008499146e-01,6.299963220953941345e-03,2.251929193735122681e-01,2.211614102125167847e-01,-9.048654139041900635e-02,1.302307937294244766e-02,-7.604451775550842285e-01,-2.843174636363983154e-01,-7.906149327754974365e-02,1.214053869247436523e+00,-9.480731189250946045e-02,-1.569733917713165283e-01,-5.847441777586936951e-02,3.068600893020629883e-01,4.114225208759307861e-01,-1.634421199560165405e-01,-5.091649293899536133e-01,-8.966670930385589600e-02,4.684602841734886169e-02,-3.822906017303466797e-01,2.718174457550048828e-01,-7.679397612810134888e-02,5.344734340906143188e-02,2.387486398220062256e-02,-2.185338363051414490e-02
-1.396671772003173828e+00,-2.150922119617462158e-01,1.022143840789794922e+00,-4.609449242707341909e-04,1.979910396039485931e-02,-1.234985329210758209e-02,9.997276067733764648e-01,-1.628595888614654541e-01,4.850724712014198303e-03,2.169758975505828857e-01,2.188936173915863037e-01,-8.940636366605758667e-02,1.132096350193023682e-02,-7.600931525230407715e-01,-2.740183174610137939e-01,-6.459809094667434692e-02,1.204102993011474609e+00,-1.015508994460105896e-01,-1.441035270690917969e-01,-5.535113811492919922e-02,3.070695400238037109e-01,4.145415723323822021e-01,-1.661841422319412231e-01,-5.082388520240783691e-01,-9.107541292905807495e-02,4.921851307153701782e-02,-3.810013234615325928e-01,2.702282965183258057e-01,-7.351519912481307983e-02,5.505046993494033813e-02,2.260521613061428070e-02,-2.393226325511932373e-02
-1.394489049911499023e+00,-2.163098007440567017e-01,1.022184729576110840e+00,-1.521533849881961942e-04,1.938157714903354645e-02,-5.585750564932823181e-03,9.997965693473815918e-01,-1.598231345415115356e-01,3.514188108965754509e-03,2.073140293359756470e-01,2.159653156995773315e-01,-8.824013918638229370e-02,9.601740166544914246e-03,-7.567906975746154785e-01,-2.633780241012573242e-01,-5.109039321541786194e-02,1.190695643424987793e+00,-1.077357903122901917e-01,-1.325538605451583862e-01,-5.249371379613876343e-02,3.073917925357818604e-01,4.174610376358032227e-01,-1.694935411214828491e-01,-5.076878666877746582e-01,-9.268778562545776367e-02,5.207068100571632385e-02,-3.801172971725463867e-01,2.685616612434387207e-01,-6.926455348730087280e-02,5.686608329415321350e-02,2.119264751672744751e-02,-2.644949592649936676e-02
-1.392264604568481445e+00,-2.176121771335601807e-01,1.022320508956909180e+00,-7.832454139133915305e-05,1.946650817990303040e-02,1.147054019384086132e-03,9.998098611831665039e-01,-1.571079790592193604e-01,2.744341967627406120e-03,1.974225044250488281e-01,2.122441381216049194e-01,-8.693419396877288818e-02,7.807035930454730988e-03,-7.516522407531738281e-01,-2.517189085483551025e-01,-3.859296813607215881e-02,1.172798871994018555e+00,-1.113015636801719666e-01,-1.211675554513931274e-01,-5.143826827406883240e-02,3.075378835201263428e-01,4.202509224414825439e-01,-1.726294308900833130e-01,-5.067005753517150879e-01,-9.442596137523651123e-02,5.489256605505943298e-02,-3.793785870075225830e-01,2.669349312782287598e-01,-6.613263487815856934e-02,5.844489857554435730e-02,1.930650137364864349e-02,-2.895420044660568237e-02
-1.390223741531372070e+00,-2.190589904785156250e-01,1.022465348243713379e+00,-1.922320661833509803e-04,1.975513622164726257e-02,8.185981772840023041e-03,9.997712969779968262e-01,-1.556891947984695435e-01,2.654707524925470352e-03,1.871479898691177368e-01,2.091209590435028076e-01,-8.548529446125030518e-02,5.668791476637125015e-03,-7.446778416633605957e-01,-2.388627678155899048e-01,-2.618378959596157074e-02,1.151739239692687988e+00,-1.141567379236221313e-01,-1.064626574516296387e-01,-5.000744014978408813e-02,3.074486851692199707e-01,4.229991137981414795e-01,-1.757243722677230835e-01,-5.059402585029602051e-01,-9.614402055740356445e-02,5.733571201562881470e-02,-3.783453106880187988e-01,2.651808857917785645e-01,-6.448404490947723389e-02,5.985848233103752136e-02,1.683175377547740936e-02,-3.130418062210083008e-02
-1.387930631637573242e+00,-2.204406708478927612e-01,1.022594809532165527e+00,-2.948358596768230200e-04,1.999705657362937927e-02,1.524371001869440079e-02,9.996837973594665527e-01,-1.546030491590499878e-01,2.561114262789487839e-03,1.765433996915817261e-01,2.068007141351699829e-01,-8.420269191265106201e-02,3.750564530491828918e-03,-7.351689338684082031e-01,-2.260721176862716675e-01,-1.411237288266420364e-02,1.126998424530029297e+00,-1.159376055002212524e-01,-9.342893958091735840e-02,-4.835033416748046875e-02,3.069295883178710938e-01,4.255757927894592285e-01,-1.785053014755249023e-01,-5.049074888229370117e-01,-9.679343551397323608e-02,5.959156528115272522e-02,-3.770807981491088867e-01,2.629616260528564453e-01,-6.357171386480331421e-02,6.057155877351760864e-02,1.293929293751716614e-02,-3.529415652155876160e-02
-1.385452985763549805e+00,-2.219140231609344482e-01,1.022661089897155762e+00,-2.135617542080581188e-04,2.022658288478851318e-02,2.236815355718135834e-02,9.995451569557189941e-01,-1.538172364234924316e-01,2.276494167745113373e-03,1.658502668142318726e-01,2.052465230226516724e-01,-8.376442641019821167e-02,1.555708236992359161e-03,-7.234411239624023438e-01,-2.130122929811477661e-01,-1.140259671956300735e-03,1.099160552024841309e+00,-1.174661591649055481e-01,-7.665570825338363647e-02,-4.709876328706741333e-02,3.061762750148773193e-01,4.277684986591339111e-01,-1.808884292840957642e-01,-5.037245154380798340e-01,-9.613239765167236328e-02,6.165377795696258545e-02,-3.759508430957794189e-01,2.606739699840545654e-01,-6.267307698726654053e-02,6.143268197774887085e-02,8.994135074317455292e-03,-3.817866370081901550e-02
-1.383079051971435547e+00,-2.236002981662750244e-01,1.022730350494384766e+00,-3.107674419879913330e-04,2.049262635409832001e-02,2.933142147958278656e-02,9.993596076965332031e-01,-1.521428823471069336e-01,2.672638278454542160e-03,1.554775238037109375e-01,2.029322832822799683e-01,-8.305580914020538330e-02,-1.299728639423847198e-03,-7.098523974418640137e-01,-1.988199949264526367e-01,1.219940464943647385e-02,1.067632436752319336e+00,-1.181869879364967346e-01,-6.064953282475471497e-02,-4.651928693056106567e-02,3.052208721637725830e-01,4.295173287391662598e-01,-1.826349496841430664e-01,-5.019516944885253906e-01,-9.337352961301803589e-02,6.311479955911636353e-02,-3.746966123580932617e-01,2.580805420875549316e-01,-6.327209621667861938e-02,6.180865317583084106e-02,4.991613794118165970e-03,-4.062614589929580688e-02
-1.380770564079284668e+00,-2.253177762031555176e-01,1.022790908813476562e+00,-4.321990127209573984e-04,2.079877816140651703e-02,3.653995692729949951e-02,9.991156458854675293e-01,-1.495267748832702637e-01,3.155206562951207161e-03,1.448291689157485962e-01,1.999202519655227661e-01,-8.285208046436309814e-02,-4.176049958914518356e-03,-6.937662959098815918e-01,-1.840183734893798828e-01,2.642406523227691650e-02,1.032339334487915039e+00,-1.208350583910942078e-01,-4.349916055798530579e-02,-4.587760195136070251e-02,3.040622174739837646e-01,4.308750629425048828e-01,-1.839189827442169189e-01,-5.002918243408203125e-01,-8.989867568016052246e-02,6.468792259693145752e-02,-3.736512362957000732e-01,2.557380795478820801e-01,-6.322750449180603027e-02,6.291627138853073120e-02,1.253348425962030888e-03,-4.293571412563323975e-02
-1.378275036811828613e+00,-2.273005247116088867e-01,1.022840857505798340e+00,-7.402669289149343967e-04,2.113151736557483673e-02,4.412080347537994385e-02,9.988024234771728516e-01,-1.444317847490310669e-01,4.248004872351884842e-03,1.344274580478668213e-01,1.949266642332077026e-01,-8.292173594236373901e-02,-8.083355613052845001e-03,-6.754556298255920410e-01,-1.680704355239868164e-01,4.240870475769042969e-02,9.941168427467346191e-01,-1.222159266471862793e-01,-2.394429966807365417e-02,-4.635924845933914185e-02,3.027533590793609619e-01,4.319446384906768799e-01,-1.846616268157958984e-01,-4.981229007244110107e-01,-8.509679883718490601e-02,6.595839560031890869e-02,-3.723370134830474854e-01,2.534982860088348389e-01,-6.500242650508880615e-02,6.352505087852478027e-02,-2.546490635722875595e-03,-4.512297734618186951e-02
-1.375820517539978027e+00,-2.291991710662841797e-01,1.022854924201965332e+00,-6.756756338290870190e-04,2.072680927813053131e-02,5.056977644562721252e-02,9.985051751136779785e-01,-1.490339338779449463e-01,5.396970082074403763e-03,1.231585070490837097e-01,1.988080590963363647e-01,-8.121220767498016357e-02,-1.029562857002019882e-02,-6.540945172309875488e-01,-1.519257575273513794e-01,6.104287132620811462e-02,9.520437121391296387e-01,-1.223513260483741760e-01,-1.848409592639654875e-04,-4.554994776844978333e-02,3.015555143356323242e-01,4.325519204139709473e-01,-1.851747781038284302e-01,-4.951857030391693115e-01,-7.985805720090866089e-02,6.700962036848068237e-02,-3.710787296295166016e-01,2.513957023620605469e-01,-6.737000495195388794e-02,6.385571509599685669e-02,-5.751502700150012970e-03,-4.640780389308929443e-02
-1.373098015785217285e+00,-2.315584570169448853e-01,1.022604346275329590e+00,-7.690221536904573441e-04,2.084208279848098755e-02,5.795045569539070129e-02,9.981015920639038086e-01,-1.511110812425613403e-01,7.256664335727691650e-03,1.109770759940147400e-01,2.036224901676177979e-01,-8.337672799825668335e-02,-1.376598048955202103e-02,-6.315412521362304688e-01,-1.361311823129653931e-01,8.003003150224685669e-02,9.077868461608886719e-01,-1.219255775213241577e-01,2.448992803692817688e-02,-4.559144750237464905e-02,3.002593815326690674e-01,4.329140186309814453e-01,-1.854980587959289551e-01,-4.931315481662750244e-01,-7.538691163063049316e-02,6.806347519159317017e-02,-3.698311746120452881e-01,2.494605928659439087e-01,-6.968963891267776489e-02,6.399817764759063721e-02,-8.964806795120239258e-03,-4.761439189314842224e-02
-1.370476245880126953e+00,-2.338001877069473267e-01,1.022292375564575195e+00,-7.497927872464060783e-04,2.059580199420452118e-02,6.528835743665695190e-02,9.976536035537719727e-01,-1.525550484657287598e-01,8.770352229475975037e-03,9.899032115936279297e-02,2.084736227989196777e-01,-8.567942678928375244e-02,-1.677221432328224182e-02,-6.066771745681762695e-01,-1.215251609683036804e-01,9.958165138959884644e-02,8.606247901916503906e-01,-1.194326728582382202e-01,5.304935202002525330e-02,-4.604800418019294739e-02,2.991701960563659668e-01,4.328190982341766357e-01,-1.860338449478149414e-01,-4.915728867053985596e-01,-7.115127891302108765e-02,6.900896877050399780e-02,-3.684810996055603027e-01,2.477389425039291382e-01,-7.200142741203308105e-02,6.548417359590530396e-02,-1.153410971164703369e-02,-4.868347942829132080e-02
-1.367729902267456055e+00,-2.363515794277191162e-01,1.021934032440185547e+00,-5.561353755183517933e-04,2.051187679171562195e-02,7.296067476272583008e-02,9.971237182617187500e-01,-1.542188972234725952e-01,1.013629697263240814e-02,8.631198853254318237e-02,2.129630893468856812e-01,-8.742541819810867310e-02,-1.980317197740077972e-02,-5.804912447929382324e-01,-1.086016520857810974e-01,1.190068349242210388e-01,8.115309476852416992e-01,-1.153683736920356750e-01,7.784549891948699951e-02,-4.676960408687591553e-02,2.982952594757080078e-01,4.324920773506164551e-01,-1.867452412843704224e-01,-4.911876320838928223e-01,-6.769308447837829590e-02,6.993529200553894043e-02,-3.671297430992126465e-01,2.459657788276672363e-01,-7.379983365535736084e-02,6.608492136001586914e-02,-1.395119540393352509e-02,-4.938018321990966797e-02
-1.364868760108947754e+00,-2.387999296188354492e-01,1.021551847457885742e+00,-2.626822679303586483e-04,2.006966434419155121e-02,8.089565485715866089e-02,9.965204596519470215e-01,-1.512573957443237305e-01,1.108527462929487228e-02,7.431965321302413940e-02,2.145107090473175049e-01,-9.000352770090103149e-02,-2.369070984423160553e-02,-5.516474246978759766e-01,-9.837383776903152466e-02,1.366766095161437988e-01,7.597662210464477539e-01,-1.119669452309608459e-01,9.903322160243988037e-02,-4.735197499394416809e-02,2.977475225925445557e-01,4.319546222686767578e-01,-1.877900213003158569e-01,-4.908845722675323486e-01,-6.546638160943984985e-02,7.104683667421340942e-02,-3.660426139831542969e-01,2.442066073417663574e-01,-7.407429814338684082e-02,6.619217991828918457e-02,-1.559878513216972351e-02,-4.994778335094451904e-02
-1.362005352973937988e+00,-2.414377629756927490e-01,1.021111726760864258e+00,4.745407786685973406e-04,1.874194666743278503e-02,8.840377628803253174e-02,9.959082603454589844e-01,-1.531324535608291626e-01,1.179537922143936157e-02,6.188904494047164917e-02,2.216578125953674316e-01,-9.174750000238418579e-02,-2.686254307627677917e-02,-5.207098126411437988e-01,-9.065856039524078369e-02,1.528140157461166382e-01,7.068266868591308594e-01,-1.060178577899932861e-01,1.183430403470993042e-01,-4.737843200564384460e-02,2.976468801498413086e-01,4.311122894287109375e-01,-1.892476081848144531e-01,-4.900976717472076416e-01,-6.443415582180023193e-02,7.235965877771377563e-02,-3.653237521648406982e-01,2.426244914531707764e-01,-7.284743338823318481e-02,6.798744946718215942e-02,-1.642970554530620575e-02,-4.979637265205383301e-02
-1.359322667121887207e+00,-2.440694868564605713e-01,1.020505428314208984e+00,1.083260634914040565e-03,1.740408875048160553e-02,9.620583057403564453e-02,9.952086806297302246e-01,-1.560546904802322388e-01,1.285734400153160095e-02,4.929020255804061890e-02,2.330857217311859131e-01,-9.675944596529006958e-02,-2.994740009307861328e-02,-4.890335202217102051e-01,-8.510690182447433472e-02,1.657758802175521851e-01,6.528558135032653809e-01,-9.868033230304718018e-02,1.299250274896621704e-01,-4.753558710217475891e-02,2.979329526424407959e-01,4.300656318664550781e-01,-1.911968588829040527e-01,-4.896309971809387207e-01,-6.452300399541854858e-02,7.373569160699844360e-02,-3.647983670234680176e-01,2.410042136907577515e-01,-7.151201367378234863e-02,6.919755041599273682e-02,-1.681365258991718292e-02,-5.024758726358413696e-02
-1.356564402580261230e+00,-2.466874867677688599e-01,1.019822597503662109e+00,1.735131139867007732e-03,1.588864624500274658e-02,1.040996089577674866e-01,9.944384694099426270e-01,-1.597933769226074219e-01,1.378807984292507172e-02,3.586897626519203186e-02,2.460860013961791992e-01,-1.023177355527877808e-01,-3.352113068103790283e-02,-4.564436376094818115e-01,-8.147822320461273193e-02,1.755204051733016968e-01,5.980351567268371582e-01,-8.874383568763732910e-02,1.398185491561889648e-01,-4.743753373622894287e-02,2.984371185302734375e-01,4.288468658924102783e-01,-1.934664547443389893e-01,-4.890982806682586670e-01,-6.520742177963256836e-02,7.557012885808944702e-02,-3.646530807018280029e-01,2.398800104856491089e-01,-6.843486428260803223e-02,7.222776859998703003e-02,-1.654849201440811157e-02,-5.003952234983444214e-02
-1.353627920150756836e+00,-2.493255287408828735e-01,1.019005894660949707e+00,2.851643599569797516e-03,1.423143781721591949e-02,1.121930852532386780e-01,9.935804009437561035e-01,-1.622263342142105103e-01,1.368684228509664536e-02,2.240785583853721619e-02,2.582416832447052002e-01,-1.078900322318077087e-01,-3.681278973817825317e-02,-4.232547581195831299e-01,-8.035331964492797852e-02,1.823317557573318481e-01,5.427283048629760742e-01,-7.483276724815368652e-02,1.412595063447952271e-01,-4.799155890941619873e-02,2.993007600307464600e-01,4.274373352527618408e-01,-1.961976289749145508e-01,-4.887266159057617188e-01,-6.619667261838912964e-02,7.744079083204269409e-02,-3.647817969322204590e-01,2.384739816188812256e-01,-6.581597775220870972e-02,7.291486114263534546e-02,-1.524328812956809998e-02,-4.970199614763259888e-02
-1.350581288337707520e+00,-2.522065639495849609e-01,1.018250584602355957e+00,4.225207492709159851e-03,1.254634279757738113e-02,1.203190609812736511e-01,9.926469922065734863e-01,-1.631291508674621582e-01,1.311857718974351883e-02,8.662466891109943390e-03,2.680152654647827148e-01,-1.123206615447998047e-01,-4.030660539865493774e-02,-3.900733292102813721e-01,-8.034320920705795288e-02,1.862035840749740601e-01,4.880175292491912842e-01,-5.462497100234031677e-02,1.426143348217010498e-01,-4.829814657568931580e-02,3.003206849098205566e-01,4.256850779056549072e-01,-1.990543901920318604e-01,-4.887968599796295166e-01,-6.765686720609664917e-02,7.934903353452682495e-02,-3.650361299514770508e-01,2.372480630874633789e-01,-6.594388186931610107e-02,7.473331689834594727e-02,-1.332880929112434387e-02,-4.976637288928031921e-02
-1.347620487213134766e+00,-2.552248537540435791e-01,1.017447948455810547e+00,5.769865121692419052e-03,1.096481364220380783e-02,1.288507878780364990e-01,9.915865659713745117e-01,-1.650389283895492554e-01,1.209833007305860519e-02,-5.746152251958847046e-03,2.785827219486236572e-01,-1.161547377705574036e-01,-4.443926736712455750e-02,-3.581630289554595947e-01,-8.088970929384231567e-02,1.868226081132888794e-01,4.348380267620086670e-01,-2.412777394056320190e-02,1.477229446172714233e-01,-4.846696928143501282e-02,3.013562262058258057e-01,4.236856997013092041e-01,-2.019541114568710327e-01,-4.888291060924530029e-01,-6.883992999792098999e-02,8.137185126543045044e-02,-3.654853403568267822e-01,2.360148429870605469e-01,-6.683979183435440063e-02,7.633916288614273071e-02,-1.071572955697774887e-02,-5.017442628741264343e-02
-1.344874143600463867e+00,-2.583134174346923828e-01,1.016643166542053223e+00,7.047886960208415985e-03,9.336628019809722900e-03,1.362538486719131470e-01,9.906048774719238281e-01,-1.687787920236587524e-01,1.194938272237777710e-02,-1.887970790266990662e-02,2.919944524765014648e-01,-1.209223344922065735e-01,-4.853252694010734558e-02,-3.294636607170104980e-01,-8.138975501060485840e-02,1.794497519731521606e-01,3.925968408584594727e-01,-7.860933430492877960e-03,1.211225241422653198e-01,-4.662501811981201172e-02,3.022941946983337402e-01,4.215973615646362305e-01,-2.047539949417114258e-01,-4.885360896587371826e-01,-6.966605037450790405e-02,8.367180824279785156e-02,-3.660505115985870361e-01,2.350592315196990967e-01,-6.903796643018722534e-02,7.824857532978057861e-02,-7.531751412898302078e-03,-4.960712417960166931e-02
-1.342194199562072754e+00,-2.614267170429229736e-01,1.016023397445678711e+00,7.409029640257358551e-03,8.827267214655876160e-03,1.420434266328811646e-01,9.897933602333068848e-01,-1.748806089162826538e-01,1.390575338155031204e-02,-3.026535734534263611e-02,3.061327338218688965e-01,-1.257668137550354004e-01,-5.276665091514587402e-02,-3.087389767169952393e-01,-8.272259682416915894e-02,1.591177582740783691e-01,3.662736117839813232e-01,-2.257525362074375153e-02,9.057581424713134766e-02,-4.090490192174911499e-02,3.028004467487335205e-01,4.198883473873138428e-01,-2.072748392820358276e-01,-4.896086156368255615e-01,-7.104180753231048584e-02,8.585438132286071777e-02,-3.665165305137634277e-01,2.341704666614532471e-01,-7.219716161489486694e-02,8.017977327108383179e-02,-4.970160778611898422e-03,-4.930959641933441162e-02
-1.339681506156921387e+00,-2.649281620979309082e-01,1.015153288841247559e+00,7.973476313054561615e-03,7.969845086336135864e-03,1.480825543403625488e-01,9.889107346534729004e-01,-1.829216927289962769e-01,1.600852608680725098e-02,-4.101176932454109192e-02,3.242267370223999023e-01,-1.316870450973510742e-01,-5.800695717334747314e-02,-2.880514860153198242e-01,-8.515521138906478882e-02,1.310322433710098267e-01,3.446407616138458252e-01,-4.038983583450317383e-02,7.964713871479034424e-02,-3.608170151710510254e-02,3.030771315097808838e-01,4.182715117931365967e-01,-2.092952281236648560e-01,-4.906089603900909424e-01,-7.197360694408416748e-02,8.823375403881072998e-02,-3.667580783367156982e-01,2.335416972637176514e-01,-7.651855051517486572e-02,8.221902698278427124e-02,-2.965204883366823196e-03,-4.890337586402893066e-02
-1.337254285812377930e+00,-2.685725390911102295e-01,1.014685273170471191e+00,8.315041661262512207e-03,7.319610100239515305e-03,1.560686528682708740e-01,9.876840710639953613e-01,-1.937414258718490601e-01,1.819238439202308655e-02,-5.429527908563613892e-02,3.445619940757751465e-01,-1.335563659667968750e-01,-6.366894394159317017e-02,-2.717506289482116699e-01,-8.714318275451660156e-02,1.067882478237152100e-01,3.307115137577056885e-01,-5.497635900974273682e-02,6.481626629829406738e-02,-3.572170063853263855e-02,3.030812144279479980e-01,4.168154299259185791e-01,-2.107966095209121704e-01,-4.913464784622192383e-01,-7.261056452989578247e-02,9.058757871389389038e-02,-3.667905628681182861e-01,2.331051230430603027e-01,-8.126129209995269775e-02,8.414208143949508667e-02,-6.818723049946129322e-04,-4.811544716358184814e-02
-1.334801673889160156e+00,-2.725352942943572998e-01,1.014691710472106934e+00,9.258979931473731995e-03,7.632200140506029129e-03,1.629438549280166626e-01,9.865623712539672852e-01,-2.083862274885177612e-01,1.931428350508213043e-02,-6.578449159860610962e-02,3.677354156970977783e-01,-1.279401928186416626e-01,-6.825581192970275879e-02,-2.619534730911254883e-01,-9.005100280046463013e-02,8.734845370054244995e-02,3.216038048267364502e-01,-6.196109578013420105e-02,6.039012223482131958e-02,-3.324176371097564697e-02,3.025979101657867432e-01,4.154029786586761475e-01,-2.114419192075729370e-01,-4.923392236232757568e-01,-7.254499197006225586e-02,9.218341857194900513e-02,-3.670565187931060791e-01,2.329409122467041016e-01,-8.481039851903915405e-02,8.544854074716567993e-02,6.786831072531640530e-04,-4.734258726239204407e-02
-1.332716822624206543e+00,-2.761738300323486328e-01,1.014527797698974609e+00,9.201861917972564697e-03,7.766762748360633850e-03,1.693868637084960938e-01,9.854760766029357910e-01,-2.236392199993133545e-01,2.096158824861049652e-02,-8.043327182531356812e-02,3.919708430767059326e-01,-1.258897483348846436e-01,-7.269654422998428345e-02,-2.537609934806823730e-01,-9.043880552053451538e-02,6.984317302703857422e-02,3.134232163429260254e-01,-6.473532319068908691e-02,6.125165149569511414e-02,-3.125656768679618835e-02,3.018157780170440674e-01,4.140477478504180908e-01,-2.110733985900878906e-01,-4.931738674640655518e-01,-7.173718512058258057e-02,9.358920902013778687e-02,-3.672149479389190674e-01,2.331010401248931885e-01,-8.943761140108108521e-02,8.729816973209381104e-02,1.409083604812622070e-03,-4.593548551201820374e-02
-1.331124067306518555e+00,-2.796761989593505859e-01,1.014422774314880371e+00,8.356828242540359497e-03,7.682654540985822678e-03,1.761433035135269165e-01,9.842990636825561523e-01,-2.404430210590362549e-01,2.308472432196140289e-02,-9.663702547550201416e-02,4.178678989410400391e-01,-1.233276650309562683e-01,-7.595967501401901245e-02,-2.471673190593719482e-01,-8.811036497354507446e-02,5.560736730694770813e-02,3.067275583744049072e-01,-6.388905644416809082e-02,5.821643397212028503e-02,-3.069676645100116730e-02,3.008340001106262207e-01,4.129868447780609131e-01,-2.096353620290756226e-01,-4.934414327144622803e-01,-7.039891183376312256e-02,9.503979235887527466e-02,-3.671137392520904541e-01,2.340721189975738525e-01,-9.471321851015090942e-02,8.991042524576187134e-02,1.757594873197376728e-03,-4.402483254671096802e-02
-1.329744935035705566e+00,-2.834093272686004639e-01,1.014554262161254883e+00,7.283568847924470901e-03,7.305961102247238159e-03,1.829283982515335083e-01,9.830721020698547363e-01,-2.604517638683319092e-01,2.551570348441600800e-02,-1.104327291250228882e-01,4.487654566764831543e-01,-1.170028671622276306e-01,-7.931256294250488281e-02,-2.421127408742904663e-01,-8.484000712633132935e-02,4.113100469112396240e-02,3.033323585987091064e-01,-6.200783699750900269e-02,5.375922843813896179e-02,-3.012156672775745392e-02,2.997411489486694336e-01,4.120421409606933594e-01,-2.071372121572494507e-01,-4.929518401622772217e-01,-6.815664470195770264e-02,9.655132144689559937e-02,-3.667173981666564941e-01,2.357255220413208008e-01,-1.003269553184509277e-01,9.266696125268936157e-02,2.121818019077181816e-03,-4.156849533319473267e-02
-1.328528881072998047e+00,-2.873989343643188477e-01,1.014849305152893066e+00,6.440493743866682053e-03,6.979931145906448364e-03,1.903879791498184204e-01,9.816629886627197266e-01,-2.848142385482788086e-01,2.749861963093280792e-02,-1.163396090269088745e-01,4.849594235420227051e-01,-1.115949302911758423e-01,-9.012906253337860107e-02,-2.383439987897872925e-01,-8.263085782527923584e-02,2.385382913053035736e-02,3.025421798229217529e-01,-6.241150200366973877e-02,5.360247567296028137e-02,-3.116453997790813446e-02,2.986727654933929443e-01,4.110529720783233643e-01,-2.039590328931808472e-01,-4.918639659881591797e-01,-6.558126956224441528e-02,9.809575229883193970e-02,-3.663493096828460693e-01,2.382818609476089478e-01,-1.063629537820816040e-01,9.600134193897247314e-02,2.726073144003748894e-03,-3.867121785879135132e-02
-1.327346205711364746e+00,-2.913829386234283447e-01,1.015215754508972168e+00,5.876555573195219040e-03,6.908655632287263870e-03,1.962019652128219604e-01,9.805215597152709961e-01,-3.107938170433044434e-01,2.877864241600036621e-02,-1.274044662714004517e-01,5.229877233505249023e-01,-9.724342823028564453e-02,-9.057933092117309570e-02,-2.358945906162261963e-01,-8.071846514940261841e-02,9.070303291082382202e-03,3.014836013317108154e-01,-6.116592139005661011e-02,5.449875816702842712e-02,-2.921344898641109467e-02,2.975934147834777832e-01,4.097703993320465088e-01,-1.999932378530502319e-01,-4.902226030826568604e-01,-6.221466138958930969e-02,9.956222772598266602e-02,-3.662469387054443359e-01,2.415716648101806641e-01,-1.123898178339004517e-01,1.002340242266654968e-01,3.677857574075460434e-03,-3.533731773495674133e-02
-1.326277375221252441e+00,-2.955013811588287354e-01,1.015657067298889160e+00,5.775922909379005432e-03,7.187490351498126984e-03,2.024927139282226562e-01,9.792403578758239746e-01,-3.393996655941009521e-01,2.803693898022174835e-02,-1.377639323472976685e-01,5.632096529006958008e-01,-7.593274861574172974e-02,-9.538640081882476807e-02,-2.326642572879791260e-01,-7.991327345371246338e-02,-7.040763739496469498e-03,2.978158593177795410e-01,-6.002812832593917847e-02,5.364510416984558105e-02,-2.729946188628673553e-02,2.964428961277008057e-01,4.081265330314636230e-01,-1.957737356424331665e-01,-4.887674450874328613e-01,-5.875412002205848694e-02,1.008799672126770020e-01,-3.665880262851715088e-01,2.452418059110641479e-01,-1.186423152685165405e-01,1.047705411911010742e-01,4.583383444696664810e-03,-3.189602494239807129e-02
-1.325003743171691895e+00,-2.997058331966400146e-01,1.016110062599182129e+00,5.863307043910026550e-03,7.847381755709648132e-03,2.098739445209503174e-01,9.776793718338012695e-01,-3.708370327949523926e-01,2.648537792265415192e-02,-1.467444002628326416e-01,6.048004031181335449e-01,-4.955305531620979309e-02,-1.052831783890724182e-01,-2.274777591228485107e-01,-7.957541942596435547e-02,-2.466524019837379456e-02,2.905455231666564941e-01,-5.993605405092239380e-02,5.043373629450798035e-02,-2.666762657463550568e-02,2.951854467391967773e-01,4.060891270637512207e-01,-1.917108446359634399e-01,-4.879554808139801025e-01,-5.545924603939056396e-02,1.019419357180595398e-01,-3.674288392066955566e-01,2.490637898445129395e-01,-1.251121461391448975e-01,1.088444143533706665e-01,5.434204824268817902e-03,-2.859193645417690277e-02
-1.323599219322204590e+00,-3.038061261177062988e-01,1.016526222229003906e+00,5.708514247089624405e-03,8.620093576610088348e-03,2.180742770433425903e-01,9.758774042129516602e-01,-4.040420055389404297e-01,2.550129033625125885e-02,-1.528410315513610840e-01,6.457762122154235840e-01,-1.833507418632507324e-02,-1.231211200356483459e-01,-2.214128226041793823e-01,-7.882206141948699951e-02,-4.449985176324844360e-02,2.819265127182006836e-01,-5.978636816143989563e-02,4.584569856524467468e-02,-2.784192562103271484e-02,2.940506339073181152e-01,4.037829041481018066e-01,-1.881475895643234253e-01,-4.874158501625061035e-01,-5.262271687388420105e-02,1.028812974691390991e-01,-3.687183856964111328e-01,2.529030144214630127e-01,-1.321061700582504272e-01,1.125560030341148376e-01,6.152878515422344208e-03,-2.552701719105243683e-02
-1.322035908699035645e+00,-3.076750040054321289e-01,1.016924142837524414e+00,5.272051785141229630e-03,9.842416271567344666e-03,2.272712886333465576e-01,9.737674593925476074e-01,-4.382561445236206055e-01,2.603557519614696503e-02,-1.551771759986877441e-01,6.825172901153564453e-01,1.534993387758731842e-02,-1.501146554946899414e-01,-2.158674150705337524e-01,-7.787139713764190674e-02,-6.595559418201446533e-02,2.739795446395874023e-01,-6.264607608318328857e-02,4.053914919495582581e-02,-3.131965175271034241e-02,2.929589450359344482e-01,4.013276696205139160e-01,-1.853881329298019409e-01,-4.877323508262634277e-01,-5.050503090023994446e-02,1.036600023508071899e-01,-3.705727756023406982e-01,2.566418349742889404e-01,-1.398348063230514526e-01,1.160563752055168152e-01,6.365956738591194153e-03,-2.277070656418800354e-02
-1.320391178131103516e+00,-3.114244043827056885e-01,1.017353296279907227e+00,4.507104400545358658e-03,1.119285169988870621e-02,2.371343970298767090e-01,9.714019298553466797e-01,-4.728071987628936768e-01,2.786970324814319611e-02,-1.529317200183868408e-01,7.189418077468872070e-01,4.420091211795806885e-02,-1.844755262136459351e-01,-2.103752642869949341e-01,-7.620047032833099365e-02,-8.822254091501235962e-02,2.660228610038757324e-01,-6.581202894449234009e-02,3.453319519758224487e-02,-3.660652041435241699e-02,2.920115888118743896e-01,3.989353775978088379e-01,-1.835596859455108643e-01,-4.888157844543457031e-01,-4.918498545885086060e-02,1.043719574809074402e-01,-3.730291724205017090e-01,2.604683935642242432e-01,-1.486728936433792114e-01,1.196990907192230225e-01,6.062187254428863525e-03,-1.992882601916790009e-02
-1.318607926368713379e+00,-3.149202764034271240e-01,1.017663717269897461e+00,3.773748409003019333e-03,1.269798167049884796e-02,2.473985105752944946e-01,9.688232541084289551e-01,-5.083632469177246094e-01,3.140182420611381531e-02,-1.443671584129333496e-01,7.581248283386230469e-01,6.417929381132125854e-02,-2.159303277730941772e-01,-2.057245373725891113e-01,-7.470779865980148315e-02,-1.103779226541519165e-01,2.597113847732543945e-01,-7.050695270299911499e-02,2.859149500727653503e-02,-4.384113103151321411e-02,2.913386225700378418e-01,3.966812789440155029e-01,-1.829117089509963989e-01,-4.905273616313934326e-01,-4.931120574474334717e-02,1.050050407648086548e-01,-3.761373758316040039e-01,2.638542652130126953e-01,-1.586689054965972900e-01,1.226388067007064819e-01,5.455262027680873871e-03,-1.683489233255386353e-02
-1.316667914390563965e+00,-3.182922303676605225e-01,1.017979741096496582e+00,2.840222092345356941e-03,1.407502405345439911e-02,2.576797902584075928e-01,9.661237001419067383e-01,-5.425161719322204590e-01,3.816946595907211304e-02,-1.296830177307128906e-01,7.946292757987976074e-01,8.243736624717712402e-02,-2.392542958259582520e-01,-2.006264030933380127e-01,-7.253962755203247070e-02,-1.318359076976776123e-01,2.528094649314880371e-01,-7.437667250633239746e-02,2.373903617262840271e-02,-5.192457139492034912e-02,2.909918129444122314e-01,3.946220576763153076e-01,-1.830186694860458374e-01,-4.925717115402221680e-01,-5.066141113638877869e-02,1.059003844857215881e-01,-3.799022734165191650e-01,2.670914530754089355e-01,-1.695312857627868652e-01,1.254337430000305176e-01,4.678433295339345932e-03,-1.370930857956409454e-02
-1.314838409423828125e+00,-3.215758502483367920e-01,1.018429398536682129e+00,1.891808118671178818e-03,1.554378680884838104e-02,2.672668695449829102e-01,9.634953141212463379e-01,-5.742980837821960449e-01,4.799417033791542053e-02,-1.097622886300086975e-01,8.278138637542724609e-01,9.327076375484466553e-02,-2.423180490732192993e-01,-1.959705501794815063e-01,-7.001398503780364990e-02,-1.514326632022857666e-01,2.448555976152420044e-01,-7.483547925949096680e-02,2.005428262054920197e-02,-6.024868786334991455e-02,2.909884750843048096e-01,3.928370773792266846e-01,-1.839925497770309448e-01,-4.951047599315643311e-01,-5.369416624307632446e-02,1.068348288536071777e-01,-3.843120634555816650e-01,2.696142196655273438e-01,-1.816094517707824707e-01,1.270436942577362061e-01,3.802550490945577621e-03,-1.013644877821207047e-02
-1.313081145286560059e+00,-3.247509598731994629e-01,1.018993735313415527e+00,1.368570374324917793e-03,1.634502783417701721e-02,2.757286727428436279e-01,9.610955715179443359e-01,-6.013109683990478516e-01,6.032619252800941467e-02,-8.594758063554763794e-02,8.584970235824584961e-01,8.964667469263076782e-02,-2.269440740346908569e-01,-1.900473088026046753e-01,-6.769522279500961304e-02,-1.692706048488616943e-01,2.362818866968154907e-01,-7.375301420688629150e-02,1.700294017791748047e-02,-6.687353551387786865e-02,2.916390299797058105e-01,3.911913931369781494e-01,-1.854941546916961670e-01,-4.969474375247955322e-01,-5.809219554066658020e-02,1.082935631275177002e-01,-3.896541893482208252e-01,2.717713713645935059e-01,-1.941586136817932129e-01,1.283092349767684937e-01,2.944142557680606842e-03,-6.483896169811487198e-03
-1.311276197433471680e+00,-3.276372253894805908e-01,1.019636154174804688e+00,1.563696190714836121e-03,1.689749024808406830e-02,2.827342152595520020e-01,9.590481519699096680e-01,-6.236910820007324219e-01,7.423906028270721436e-02,-5.892048776149749756e-02,8.870075345039367676e-01,7.503828406333923340e-02,-2.026687413454055786e-01,-1.838519871234893799e-01,-6.639055162668228149e-02,-1.845442354679107666e-01,2.278664708137512207e-01,-7.291564345359802246e-02,1.476434431970119476e-02,-7.166986912488937378e-02,2.929171323776245117e-01,3.893846869468688965e-01,-1.872550249099731445e-01,-4.978334605693817139e-01,-6.358329951763153076e-02,1.102193519473075867e-01,-3.959164917469024658e-01,2.731379568576812744e-01,-2.060420513153076172e-01,1.286016851663589478e-01,2.317037433385848999e-03,-2.568370662629604340e-03
-1.309514641761779785e+00,-3.302615284919738770e-01,1.020296812057495117e+00,2.025038702413439751e-03,1.698208414018154144e-02,2.884718775749206543e-01,9.573355913162231445e-01,-6.427195072174072266e-01,8.937617391347885132e-02,-3.167846053838729858e-02,9.151927232742309570e-01,5.448064953088760376e-02,-1.742141395807266235e-01,-1.768841892480850220e-01,-6.503436714410781860e-02,-1.974407136440277100e-01,2.191807031631469727e-01,-7.111733406782150269e-02,1.274814829230308533e-02,-7.377562671899795532e-02,2.947278022766113281e-01,3.872694373130798340e-01,-1.889106929302215576e-01,-4.976526498794555664e-01,-6.904891878366470337e-02,1.126989349722862244e-01,-4.029553830623626709e-01,2.738917469978332520e-01,-2.169102132320404053e-01,1.281831860542297363e-01,2.469110069796442986e-03,1.335449633188545704e-03
-1.307718634605407715e+00,-3.326813876628875732e-01,1.021000623703002930e+00,2.946816850453615189e-03,1.735017634928226471e-02,2.932317852973937988e-01,9.558793902397155762e-01,-6.592078208923339844e-01,1.040020883083343506e-01,-5.354907829314470291e-03,9.417231678962707520e-01,3.187769278883934021e-02,-1.448849141597747803e-01,-1.709135025739669800e-01,-6.466177105903625488e-02,-2.083211988210678101e-01,2.111876904964447021e-01,-6.945734471082687378e-02,1.157283782958984375e-02,-7.426514476537704468e-02,2.969267070293426514e-01,3.845989108085632324e-01,-1.902071982622146606e-01,-4.960434734821319580e-01,-7.399120181798934937e-02,1.152727305889129639e-01,-4.106121063232421875e-01,2.734767794609069824e-01,-2.267034500837326050e-01,1.266006529331207275e-01,3.065785858780145645e-03,5.008078180253505707e-03
-1.306021809577941895e+00,-3.348638713359832764e-01,1.021714687347412109e+00,4.173302557319402695e-03,1.796655915677547455e-02,2.973057925701141357e-01,9.546041488647460938e-01,-6.736187338829040527e-01,1.174764856696128845e-01,1.950847916305065155e-02,9.674335718154907227e-01,1.015627477318048477e-02,-1.138187199831008911e-01,-1.658342331647872925e-01,-6.514365971088409424e-02,-2.178039997816085815e-01,2.037917226552963257e-01,-6.786067783832550049e-02,1.066473592072725296e-02,-7.321987301111221313e-02,2.992495000362396240e-01,3.812791407108306885e-01,-1.907961815595626831e-01,-4.934851229190826416e-01,-7.780817896127700806e-02,1.179257929325103760e-01,-4.188242554664611816e-01,2.719713151454925537e-01,-2.355608493089675903e-01,1.242093369364738464e-01,3.887129016220569611e-03,8.703123778104782104e-03
-1.304290175437927246e+00,-3.370115756988525391e-01,1.022372961044311523e+00,5.356285721063613892e-03,1.849743723869323730e-02,3.011063337326049805e-01,9.533960819244384766e-01,-6.864458322525024414e-01,1.301843523979187012e-01,4.095041751861572266e-02,9.926857352256774902e-01,-9.937175549566745758e-03,-8.653934299945831299e-02,-1.610114574432373047e-01,-6.534466147422790527e-02,-2.263222783803939819e-01,1.970585435628890991e-01,-6.654551625251770020e-02,9.652821347117424011e-03,-7.138923555612564087e-02,3.016625642776489258e-01,3.773596286773681641e-01,-1.906849741935729980e-01,-4.900525212287902832e-01,-7.998072355985641479e-02,1.205852478742599487e-01,-4.272312521934509277e-01,2.693367004394531250e-01,-2.435148060321807861e-01,1.204813346266746521e-01,4.815447609871625900e-03,1.216606516391038895e-02
-1.302734017372131348e+00,-3.390788733959197998e-01,1.022986888885498047e+00,6.515787914395332336e-03,1.889438368380069733e-02,3.048153221607208252e-01,9.522017240524291992e-01,-6.978717446327209473e-01,1.417291611433029175e-01,5.938670411705970764e-02,1.017114043235778809e+00,-2.534595690667629242e-02,-6.353431940078735352e-02,-1.564877331256866455e-01,-6.553597748279571533e-02,-2.346257865428924561e-01,1.910846382379531860e-01,-6.544128805398941040e-02,8.032482117414474487e-03,-6.889501214027404785e-02,3.041355609893798828e-01,3.729778230190277100e-01,-1.899301856756210327e-01,-4.858973920345306396e-01,-8.100251853466033936e-02,1.232945844531059265e-01,-4.356170594692230225e-01,2.656431198120117188e-01,-2.506093680858612061e-01,1.158129870891571045e-01,5.693264771252870560e-03,1.517896912992000580e-02
-1.301248908042907715e+00,-3.408212959766387939e-01,1.023530602455139160e+00,7.675280794501304626e-03,1.908472739160060883e-02,3.082049489021301270e-01,9.510975480079650879e-01,-7.074696421623229980e-01,1.521205157041549683e-01,7.524441927671432495e-02,1.040983200073242188e+00,-3.695399686694145203e-02,-4.292370006442070007e-02,-1.519688963890075684e-01,-6.597512960433959961e-02,-2.426022887229919434e-01,1.859061717987060547e-01,-6.469924747943878174e-02,6.979408673942089081e-03,-6.650944799184799194e-02,3.067417442798614502e-01,3.681689500808715820e-01,-1.886571794748306274e-01,-4.812230467796325684e-01,-8.079300075769424438e-02,1.261599808931350708e-01,-4.438356161117553711e-01,2.613562941551208496e-01,-2.572484910488128662e-01,1.105413138866424561e-01,6.662024185061454773e-03,1.797797717154026031e-02
-1.299769639968872070e+00,-3.425997197628021240e-01,1.024098277091979980e+00,8.833528496325016022e-03,1.969119161367416382e-02,3.113554716110229492e-01,9.500483870506286621e-01,-7.162337899208068848e-01,1.607781946659088135e-01,8.797033131122589111e-02,1.062574744224548340e+00,-4.416263103485107422e-02,-2.630069106817245483e-02,-1.484773159027099609e-01,-6.639726459980010986e-02,-2.499661147594451904e-01,1.807703226804733276e-01,-6.384692341089248657e-02,4.835497122257947922e-03,-6.390233337879180908e-02,3.093345761299133301e-01,3.631270825862884521e-01,-1.871854066848754883e-01,-4.767528772354125977e-01,-8.013670146465301514e-02,1.289727985858917236e-01,-4.517875909805297852e-01,2.566944658756256104e-01,-2.637135386466979980e-01,1.046951860189437866e-01,7.503243628889322281e-03,2.062788046896457672e-02
-1.298459291458129883e+00,-3.441331386566162109e-01,1.024479031562805176e+00,9.901228360831737518e-03,1.967861317098140717e-02,3.145564496517181396e-01,9.489831328392028809e-01,-7.231182456016540527e-01,1.687876582145690918e-01,9.895238280296325684e-02,1.083740234375000000e+00,-4.839957132935523987e-02,-1.078367978334426880e-02,-1.444554179906845093e-01,-6.688412278890609741e-02,-2.575238049030303955e-01,1.770982295274734497e-01,-6.374246627092361450e-02,4.163700155913829803e-03,-6.157330423593521118e-02,3.121273815631866455e-01,3.580903410911560059e-01,-1.856378167867660522e-01,-4.720667004585266113e-01,-7.943031191825866699e-02,1.319515407085418701e-01,-4.593740701675415039e-01,2.517747879028320312e-01,-2.697949409484863281e-01,9.832184761762619019e-02,8.582670241594314575e-03,2.276293747127056122e-02
-1.297086715698242188e+00,-3.458872437477111816e-01,1.024834036827087402e+00,1.071173418313264847e-02,1.984585635364055634e-02,3.178235590457916260e-01,9.478816390037536621e-01,-7.293355464935302734e-01,1.755512952804565430e-01,1.064017117023468018e-01,1.103336811065673828e+00,-5.251203477382659912e-02,1.419423846527934074e-03,-1.409131735563278198e-01,-6.646335870027542114e-02,-2.651618123054504395e-01,1.730908602476119995e-01,-6.339170783758163452e-02,2.034960547462105751e-03,-5.878503620624542236e-02,3.148983418941497803e-01,3.532429635524749756e-01,-1.840424090623855591e-01,-4.674044549465179443e-01,-7.876476645469665527e-02,1.351607888936996460e-01,-4.664344489574432373e-01,2.470313310623168945e-01,-2.756786346435546875e-01,9.174450486898422241e-02,9.020909667015075684e-03,2.458576485514640808e-02
-1.295861005783081055e+00,-3.472478389739990234e-01,1.025084018707275391e+00,1.108008529990911484e-02,2.010051533579826355e-02,3.211581110954284668e-01,9.467474222183227539e-01,-7.349182963371276855e-01,1.812601834535598755e-01,1.117487698793411255e-01,1.121296644210815430e+00,-5.582925677299499512e-02,1.130407676100730896e-02,-1.377500295639038086e-01,-6.565370410680770874e-02,-2.730163633823394775e-01,1.692217290401458740e-01,-6.319466233253479004e-02,8.430131128989160061e-05,-5.605387687683105469e-02,3.175916373729705811e-01,3.487174808979034424e-01,-1.824997961521148682e-01,-4.630230069160461426e-01,-7.833907008171081543e-02,1.385528892278671265e-01,-4.729336500167846680e-01,2.424925416707992554e-01,-2.813326418399810791e-01,8.508130908012390137e-02,9.027339518070220947e-03,2.604596875607967377e-02
-1.294563293457031250e+00,-3.485141992568969727e-01,1.025279879570007324e+00,1.142317336052656174e-02,2.005256339907646179e-02,3.246315121650695801e-01,9.455589652061462402e-01,-7.384306192398071289e-01,1.854821592569351196e-01,1.147141829133033752e-01,1.137334823608398438e+00,-6.056304275989532471e-02,1.909860223531723022e-02,-1.340998709201812744e-01,-6.475935131311416626e-02,-2.811916470527648926e-01,1.659359335899353027e-01,-6.340013444423675537e-02,-1.810066052712500095e-03,-5.328469350934028625e-02,3.202975094318389893e-01,3.446377515792846680e-01,-1.813191473484039307e-01,-4.590336978435516357e-01,-7.853715121746063232e-02,1.423880308866500854e-01,-4.789352118968963623e-01,2.384812235832214355e-01,-2.865923941135406494e-01,7.882715761661529541e-02,8.720988407731056213e-03,2.720366232097148895e-02
-1.293482542037963867e+00,-3.495681881904602051e-01,1.025425910949707031e+00,1.147557515650987625e-02,2.035469375550746918e-02,3.279950618743896484e-01,9.443904161453247070e-01,-7.411900162696838379e-01,1.889174133539199829e-01,1.168693900108337402e-01,1.150894880294799805e+00,-6.522719562053680420e-02,2.649670280516147614e-02,-1.316965222358703613e-01,-6.389040499925613403e-02,-2.893871963024139404e-01,1.631161421537399292e-01,-6.367336213588714600e-02,-3.426090348511934280e-03,-5.105958133935928345e-02,3.228656351566314697e-01,3.409642875194549561e-01,-1.801672577857971191e-01,-4.554835557937622070e-01,-7.891161739826202393e-02,1.463661789894104004e-01,-4.844400286674499512e-01,2.350206077098846436e-01,-2.920935451984405518e-01,7.292968034744262695e-02,8.031846024096012115e-03,2.831932157278060913e-02
-1.292140841484069824e+00,-3.504953086376190186e-01,1.025490880012512207e+00,1.144012436270713806e-02,2.043925784528255463e-02,3.319109082221984863e-01,9.430198669433593750e-01,-7.418210506439208984e-01,1.914108246564865112e-01,1.180516034364700317e-01,1.162061572074890137e+00,-7.017035782337188721e-02,3.107801638543605804e-02,-1.285336017608642578e-01,-6.269377470016479492e-02,-2.983117997646331787e-01,1.605262607336044312e-01,-6.445147097110748291e-02,-5.079980008304119110e-03,-4.865853488445281982e-02,3.254531025886535645e-01,3.377868831157684326e-01,-1.794126778841018677e-01,-4.519149363040924072e-01,-7.970879226922988892e-02,1.507692635059356689e-01,-4.894262254238128662e-01,2.322315722703933716e-01,-2.971743345260620117e-01,6.822378188371658325e-02,7.176748942583799362e-03,2.910088375210762024e-02
-1.290698051452636719e+00,-3.516673743724822998e-01,1.025542259216308594e+00,1.131159812211990356e-02,2.056754752993583679e-02,3.363358974456787109e-01,9.414495229721069336e-01,-7.414413690567016602e-01,1.935017704963684082e-01,1.185511797666549683e-01,1.170475840568542480e+00,-7.486688345670700073e-02,3.325524181127548218e-02,-1.255476474761962891e-01,-6.110065057873725891e-02,-3.080331981182098389e-01,1.581096798181533813e-01,-6.545205414295196533e-02,-7.416855543851852417e-03,-4.663418233394622803e-02,3.277874886989593506e-01,3.351263999938964844e-01,-1.787069141864776611e-01,-4.488103091716766357e-01,-8.068810403347015381e-02,1.554126590490341187e-01,-4.939318597316741943e-01,2.299696803092956543e-01,-3.016332089900970459e-01,6.472597271203994751e-02,6.134916096925735474e-03,2.932975627481937408e-02
-1.289087653160095215e+00,-3.525920212268829346e-01,1.025494217872619629e+00,1.100437249988317490e-02,2.037132903933525085e-02,3.412937819957733154e-01,9.396714568138122559e-01,-7.389278411865234375e-01,1.951220780611038208e-01,1.183813661336898804e-01,1.176352143287658691e+00,-7.979918271303176880e-02,3.621090948581695557e-02,-1.216207519173622131e-01,-5.912693217396736145e-02,-3.192763626575469971e-01,1.558313220739364624e-01,-6.693757325410842896e-02,-9.801085107028484344e-03,-4.475334659218788147e-02,3.299387097358703613e-01,3.330134749412536621e-01,-1.781822144985198975e-01,-4.458524882793426514e-01,-8.207020908594131470e-02,1.604624837636947632e-01,-4.978505671024322510e-01,2.282185554504394531e-01,-3.056038320064544678e-01,6.204280629754066467e-02,4.975784569978713989e-03,2.896340936422348022e-02
-1.287542343139648438e+00,-3.534383475780487061e-01,1.025378942489624023e+00,1.048872992396354675e-02,1.961795799434185028e-02,3.466321229934692383e-01,9.377373456954956055e-01,-7.340474724769592285e-01,1.968322843313217163e-01,1.178252771496772766e-01,1.179304599761962891e+00,-8.362905681133270264e-02,3.935061767697334290e-02,-1.165417507290840149e-01,-5.639790743589401245e-02,-3.316529989242553711e-01,1.533897072076797485e-01,-6.843764334917068481e-02,-1.273317169398069382e-02,-4.319213330745697021e-02,3.319731056690216064e-01,3.315537571907043457e-01,-1.778512895107269287e-01,-4.429022073745727539e-01,-8.383058011531829834e-02,1.659347862005233765e-01,-5.010080933570861816e-01,2.268413156270980835e-01,-3.086462914943695068e-01,6.025529280304908752e-02,3.968072589486837387e-03,2.829736284911632538e-02
-1.286337971687316895e+00,-3.543995022773742676e-01,1.025309324264526367e+00,1.004115771502256393e-02,1.852959394454956055e-02,3.522889316082000732e-01,9.356539845466613770e-01,-7.270546555519104004e-01,1.986371874809265137e-01,1.181950345635414124e-01,1.178827881813049316e+00,-8.735952526330947876e-02,4.341245442628860474e-02,-1.112193167209625244e-01,-5.366418138146400452e-02,-3.434010446071624756e-01,1.511862128973007202e-01,-6.978679448366165161e-02,-1.581875979900360107e-02,-4.291265085339546204e-02,3.339236974716186523e-01,3.306233286857604980e-01,-1.774690747261047363e-01,-4.398523271083831787e-01,-8.543977141380310059e-02,1.716080009937286377e-01,-5.034035444259643555e-01,2.257083058357238770e-01,-3.108221292495727539e-01,5.913418158888816833e-02,3.349508857354521751e-03,2.731058560311794281e-02
-1.284870505332946777e+00,-3.550471663475036621e-01,1.025296449661254883e+00,9.682147763669490814e-03,1.733716763556003571e-02,3.588817417621612549e-01,9.331718087196350098e-01,-7.170783281326293945e-01,1.994525641202926636e-01,1.190916672348976135e-01,1.173990130424499512e+00,-9.022168070077896118e-02,4.670311510562896729e-02,-1.041595637798309326e-01,-5.075890570878982544e-02,-3.576691746711730957e-01,1.471391320228576660e-01,-7.022418081760406494e-02,-1.969032920897006989e-02,-4.420445114374160767e-02,3.358584344387054443e-01,3.299084007740020752e-01,-1.765972524881362915e-01,-4.348604679107666016e-01,-8.812756836414337158e-02,1.791157722473144531e-01,-5.054702162742614746e-01,2.244491279125213623e-01,-3.138274252414703369e-01,5.777249857783317566e-02,2.749583218246698380e-03,2.511286363005638123e-02
-1.283624410629272461e+00,-3.554387986660003662e-01,1.025269985198974609e+00,9.391762316226959229e-03,1.644706726074218750e-02,3.650422692298889160e-01,9.307982921600341797e-01,-7.055351138114929199e-01,2.002309858798980713e-01,1.218377724289894104e-01,1.166364550590515137e+00,-9.272889792919158936e-02,4.975278675556182861e-02,-9.853337705135345459e-02,-4.891762137413024902e-02,-3.705621063709259033e-01,1.444140523672103882e-01,-6.986863166093826294e-02,-2.072780020534992218e-02,-4.536712914705276489e-02,3.373154997825622559e-01,3.294850885868072510e-01,-1.753855049610137939e-01,-4.310332834720611572e-01,-9.025765955448150635e-02,1.864954531192779541e-01,-5.066705346107482910e-01,2.232012450695037842e-01,-3.160118460655212402e-01,5.710910633206367493e-02,2.629142953082919121e-03,2.306382730603218079e-02
-1.282394409179687500e+00,-3.557174205780029297e-01,1.025229811668395996e+00,9.016421623528003693e-03,1.547446940094232559e-02,3.708873391151428223e-01,9.285051822662353516e-01,-6.915000677108764648e-01,2.020066529512405396e-01,1.265498250722885132e-01,1.154948115348815918e+00,-9.504823386669158936e-02,5.290171876549720764e-02,-9.324397891759872437e-02,-4.696894064545631409e-02,-3.831997811794281006e-01,1.423323303461074829e-01,-6.923897564411163330e-02,-2.152161486446857452e-02,-4.599776864051818848e-02,3.384659588336944580e-01,3.293477892875671387e-01,-1.738547384738922119e-01,-4.277127981185913086e-01,-9.195981174707412720e-02,1.936646699905395508e-01,-5.069563984870910645e-01,2.218229770660400391e-01,-3.181328773498535156e-01,5.652824416756629944e-02,2.938920632004737854e-03,2.109199762344360352e-02
-1.281046390533447266e+00,-3.558555543422698975e-01,1.025187849998474121e+00,8.673720993101596832e-03,1.495735161006450653e-02,3.766166567802429199e-01,9.262078404426574707e-01,-6.758350729942321777e-01,2.040935307741165161e-01,1.337150037288665771e-01,1.139885902404785156e+00,-9.760684520006179810e-02,5.529484152793884277e-02,-8.883196115493774414e-02,-4.536532983183860779e-02,-3.947830200195312500e-01,1.406201273202896118e-01,-6.989604979753494263e-02,-2.254258468747138977e-02,-4.686560481786727905e-02,3.392134606838226318e-01,3.293640017509460449e-01,-1.720320731401443481e-01,-4.255518019199371338e-01,-9.305953234434127808e-02,2.005273252725601196e-01,-5.064146518707275391e-01,2.203063964843750000e-01,-3.199776113033294678e-01,5.547308549284934998e-02,3.328745719045400620e-03,1.932141557335853577e-02
-1.279857754707336426e+00,-3.557511568069458008e-01,1.025157570838928223e+00,8.324667811393737793e-03,1.413933560252189636e-02,3.822762668132781982e-01,9.239023923873901367e-01,-6.573544740676879883e-01,2.070943415164947510e-01,1.437016576528549194e-01,1.120857000350952148e+00,-1.002850830554962158e-01,5.756815522909164429e-02,-8.363110572099685669e-02,-4.370929673314094543e-02,-4.069117605686187744e-01,1.382100880146026611e-01,-6.858289986848831177e-02,-2.247364073991775513e-02,-4.755644127726554871e-02,3.397307693958282471e-01,3.295280039310455322e-01,-1.698214411735534668e-01,-4.234467744827270508e-01,-9.413922578096389771e-02,2.076707482337951660e-01,-5.050806999206542969e-01,2.186970561742782593e-01,-3.228941261768341064e-01,5.403427034616470337e-02,4.079034551978111267e-03,1.752356439828872681e-02
-1.278705477714538574e+00,-3.556809127330780029e-01,1.025099277496337891e+00,8.174768649041652679e-03,1.314707938581705093e-02,3.876644968986511230e-01,9.216704964637756348e-01,-6.361289620399475098e-01,2.101617157459259033e-01,1.554584503173828125e-01,1.097937822341918945e+00,-1.028802767395973206e-01,6.127367913722991943e-02,-7.864876836538314819e-02,-4.250204190611839294e-02,-4.186799228191375732e-01,1.372842788696289062e-01,-6.895373761653900146e-02,-2.285746484994888306e-02,-4.748161882162094116e-02,3.400102555751800537e-01,3.298829197883605957e-01,-1.673472821712493896e-01,-4.221380054950714111e-01,-9.469628334045410156e-02,2.146160453557968140e-01,-5.030357837677001953e-01,2.169444113969802856e-01,-3.252430558204650879e-01,5.209153145551681519e-02,5.273803137242794037e-03,1.613654196262359619e-02
-1.277302265167236328e+00,-3.556095957756042480e-01,1.025026321411132812e+00,7.804876659065485001e-03,1.242243312299251556e-02,3.939504325389862061e-01,9.190145730972290039e-01,-6.141160130500793457e-01,2.124476879835128784e-01,1.670765876770019531e-01,1.071344256401062012e+00,-1.049819141626358032e-01,6.318216025829315186e-02,-7.313652336597442627e-02,-4.047050327062606812e-02,-4.317292273044586182e-01,1.344050765037536621e-01,-6.780037283897399902e-02,-2.257533557713031769e-02,-4.668883606791496277e-02,3.399619162082672119e-01,3.306292295455932617e-01,-1.653412133455276489e-01,-4.227550923824310303e-01,-9.596691280603408813e-02,2.214916646480560303e-01,-5.001985430717468262e-01,2.149909585714340210e-01,-3.272294402122497559e-01,4.972846433520317078e-02,6.403565872460603714e-03,1.430584676563739777e-02
-1.276354432106018066e+00,-3.554215133190155029e-01,1.024877667427062988e+00,7.335822563618421555e-03,1.158648263663053513e-02,4.001990556716918945e-01,9.163256287574768066e-01,-5.904482603073120117e-01,2.146063596010208130e-01,1.808432787656784058e-01,1.040889859199523926e+00,-1.073001101613044739e-01,6.548040360212326050e-02,-6.840438395738601685e-02,-3.882969915866851807e-02,-4.450131654739379883e-01,1.330394297838211060e-01,-6.792399287223815918e-02,-2.288452163338661194e-02,-4.705834388732910156e-02,3.397208154201507568e-01,3.316277861595153809e-01,-1.634076684713363647e-01,-4.241086244583129883e-01,-9.698897600173950195e-02,2.281806021928787231e-01,-4.967818856239318848e-01,2.130958735942840576e-01,-3.290151953697204590e-01,4.756005853414535522e-02,7.623808924108743668e-03,1.299779023975133896e-02
-1.275517582893371582e+00,-3.548555076122283936e-01,1.024692535400390625e+00,6.815736182034015656e-03,1.054459437727928162e-02,4.061221778392791748e-01,9.137325286865234375e-01,-5.645238161087036133e-01,2.167262434959411621e-01,1.966669708490371704e-01,1.007069706916809082e+00,-1.086663156747817993e-01,6.730075180530548096e-02,-6.330439448356628418e-02,-3.720661997795104980e-02,-4.573993384838104248e-01,1.317609846591949463e-01,-6.753468513488769531e-02,-2.230297774076461792e-02,-4.793896153569221497e-02,3.394702374935150146e-01,3.327699601650238037e-01,-1.615606099367141724e-01,-4.263777732849121094e-01,-9.761196374893188477e-02,2.346982806921005249e-01,-4.928640127182006836e-01,2.114947140216827393e-01,-3.312145769596099854e-01,4.606830701231956482e-02,8.923839777708053589e-03,1.226384472101926804e-02
-1.274798393249511719e+00,-3.542430102825164795e-01,1.024452805519104004e+00,6.046552676707506180e-03,9.792694821953773499e-03,4.119851291179656982e-01,9.111179113388061523e-01,-5.374680757522583008e-01,2.179882973432540894e-01,2.133267521858215332e-01,9.684532284736633301e-01,-1.074935346841812134e-01,6.836818158626556396e-02,-5.923829600214958191e-02,-3.544104844331741333e-02,-4.693928956985473633e-01,1.308888494968414307e-01,-6.777472794055938721e-02,-2.254418283700942993e-02,-4.807223379611968994e-02,3.390114307403564453e-01,3.342257440090179443e-01,-1.596231311559677124e-01,-4.291281402111053467e-01,-9.804248809814453125e-02,2.409913390874862671e-01,-4.885804057121276855e-01,2.102406769990921021e-01,-3.338893055915832520e-01,4.582952708005905151e-02,1.012258604168891907e-02,1.156909950077533722e-02
-1.274189472198486328e+00,-3.534198403358459473e-01,1.024155259132385254e+00,5.188111215829849243e-03,8.609882555902004242e-03,4.178124368190765381e-01,9.084777235984802246e-01,-5.085532069206237793e-01,2.193486243486404419e-01,2.313954085111618042e-01,9.268876910209655762e-01,-1.037475466728210449e-01,6.864064186811447144e-02,-5.453572049736976624e-02,-3.342934697866439819e-02,-4.816191494464874268e-01,1.302452087402343750e-01,-6.688456237316131592e-02,-2.180118672549724579e-02,-4.822688177227973938e-02,3.385978043079376221e-01,3.360294997692108154e-01,-1.578239649534225464e-01,-4.320913255214691162e-01,-9.918309748172760010e-02,2.470856308937072754e-01,-4.836825728416442871e-01,2.090666294097900391e-01,-3.367633521556854248e-01,4.586008191108703613e-02,1.126653421670198441e-02,1.082898490130901337e-02
-1.273612737655639648e+00,-3.522901535034179688e-01,1.023863792419433594e+00,4.121874459087848663e-03,7.512624841183423996e-03,4.235211014747619629e-01,9.058457016944885254e-01,-4.782839119434356689e-01,2.198032438755035400e-01,2.509564459323883057e-01,8.814629316329956055e-01,-9.783025085926055908e-02,6.376421451568603516e-02,-4.950384795665740967e-02,-3.087859787046909332e-02,-4.932669997215270996e-01,1.282714456319808960e-01,-6.455852091312408447e-02,-2.126751095056533813e-02,-4.835051670670509338e-02,3.381689488887786865e-01,3.379956483840942383e-01,-1.559628546237945557e-01,-4.353346228599548340e-01,-1.000762805342674255e-01,2.530014514923095703e-01,-4.783783555030822754e-01,2.080680578947067261e-01,-3.401769399642944336e-01,4.622572287917137146e-02,1.231134030967950821e-02,1.063407864421606064e-02
-1.273336052894592285e+00,-3.509874045848846436e-01,1.023510694503784180e+00,2.748747589066624641e-03,6.332296878099441528e-03,4.290671050548553467e-01,9.032462239265441895e-01,-4.470444321632385254e-01,2.195592820644378662e-01,2.712657451629638672e-01,8.322434425354003906e-01,-8.771961927413940430e-02,5.785031244158744812e-02,-4.434492066502571106e-02,-2.777587994933128357e-02,-5.048648118972778320e-01,1.252087205648422241e-01,-6.021007522940635681e-02,-1.894796453416347504e-02,-4.830172657966613770e-02,3.377351164817810059e-01,3.403533399105072021e-01,-1.539739221334457397e-01,-4.384033679962158203e-01,-1.010280251502990723e-01,2.587092816829681396e-01,-4.727112948894500732e-01,2.073942720890045166e-01,-3.439890146255493164e-01,4.700873792171478271e-02,1.310856919735670090e-02,1.013992447406053543e-02
-1.273257017135620117e+00,-3.495120704174041748e-01,1.023061156272888184e+00,1.714311889372766018e-03,4.616223275661468506e-03,4.346451461315155029e-01,9.005883336067199707e-01,-4.138297140598297119e-01,2.178643047809600830e-01,2.925443649291992188e-01,7.797484397888183594e-01,-7.112918049097061157e-02,5.041654407978057861e-02,-3.944061324000358582e-02,-2.590630576014518738e-02,-5.164836645126342773e-01,1.262057125568389893e-01,-6.111766397953033447e-02,-1.836236566305160522e-02,-4.766474291682243347e-02,3.373413681983947754e-01,3.428597152233123779e-01,-1.519388407468795776e-01,-4.414645433425903320e-01,-1.018699854612350464e-01,2.644321620464324951e-01,-4.668198823928833008e-01,2.069997340440750122e-01,-3.472594618797302246e-01,4.849528521299362183e-02,1.431689411401748657e-02,9.375602938234806061e-03
-1.273364067077636719e+00,-3.478112816810607910e-01,1.022383332252502441e+00,2.770495775621384382e-04,2.589064650237560272e-03,4.403561949729919434e-01,8.978193998336791992e-01,-3.804312646389007568e-01,2.162587046623229980e-01,3.146122694015502930e-01,7.251013517379760742e-01,-4.756966978311538696e-02,4.126190766692161560e-02,-3.459513932466506958e-02,-2.355943992733955383e-02,-5.280556082725524902e-01,1.287963092327117920e-01,-6.370296329259872437e-02,-1.614654250442981720e-02,-4.761767387390136719e-02,3.370952606201171875e-01,3.457878232002258301e-01,-1.498356610536575317e-01,-4.441783726215362549e-01,-1.026572957634925842e-01,2.701739072799682617e-01,-4.606336653232574463e-01,2.070669084787368774e-01,-3.504279553890228271e-01,5.122025683522224426e-02,1.569567061960697174e-02,9.072314947843551636e-03
-1.273584723472595215e+00,-3.458009660243988037e-01,1.021586060523986816e+00,-1.331735285930335522e-03,5.406170967034995556e-04,4.456074833869934082e-01,8.952273130416870117e-01,-3.472447991371154785e-01,2.133564800024032593e-01,3.352773487567901611e-01,6.689208149909973145e-01,-1.761568337678909302e-02,2.234493382275104523e-02,-3.071557544171810150e-02,-2.159702777862548828e-02,-5.386130809783935547e-01,1.332112103700637817e-01,-6.690103560686111450e-02,-1.347367092967033386e-02,-4.607668519020080566e-02,3.369122743606567383e-01,3.490217924118041992e-01,-1.478274464607238770e-01,-4.464764595031738281e-01,-1.035492420196533203e-01,2.757233679294586182e-01,-4.539897739887237549e-01,2.071569710969924927e-01,-3.539604246616363525e-01,5.389082804322242737e-02,1.740241236984729767e-02,8.807254955172538757e-03
-1.274129629135131836e+00,-3.437722921371459961e-01,1.020831465721130371e+00,-2.704530023038387299e-03,-7.776328711770474911e-04,4.506739079952239990e-01,8.926842212677001953e-01,-3.173083961009979248e-01,2.080166190862655640e-01,3.531883955001831055e-01,6.206078529357910156e-01,-1.471172180026769638e-02,-1.722373440861701965e-02,-2.864403277635574341e-02,-2.136762812733650208e-02,-5.481977462768554688e-01,1.386146694421768188e-01,-6.992175430059432983e-02,-1.131677906960248947e-02,-4.530661180615425110e-02,3.366343975067138672e-01,3.523305952548980713e-01,-1.457478702068328857e-01,-4.490794241428375244e-01,-1.039593070745468140e-01,2.808389365673065186e-01,-4.472519755363464355e-01,2.069157809019088745e-01,-3.576119244098663330e-01,5.617339536547660828e-02,1.922316104173660278e-02,8.604288101196289062e-03
-1.274906277656555176e+00,-3.415208160877227783e-01,1.020045161247253418e+00,-4.044740460813045502e-03,-1.368479570373892784e-03,4.558934569358825684e-01,8.900241255760192871e-01,-2.886475026607513428e-01,1.985974907875061035e-01,3.656235933303833008e-01,5.759816169738769531e-01,-5.345306918025016785e-02,-3.060071542859077454e-02,-2.829046547412872314e-02,-2.295537665486335754e-02,-5.573610067367553711e-01,1.464240550994873047e-01,-7.476022094488143921e-02,-7.717717904597520828e-03,-4.393471777439117432e-02,3.360619246959686279e-01,3.555342853069305420e-01,-1.437420994043350220e-01,-4.519690573215484619e-01,-1.042944863438606262e-01,2.853930592536926270e-01,-4.404065012931823730e-01,2.060703039169311523e-01,-3.619953095912933350e-01,5.766398087143898010e-02,2.068840153515338898e-02,8.387774229049682617e-03
-1.275667667388916016e+00,-3.392150104045867920e-01,1.019266843795776367e+00,-5.350682884454727173e-03,-1.570089370943605900e-03,4.609596729278564453e-01,8.874035477638244629e-01,-2.625872194766998291e-01,1.875590234994888306e-01,3.707413077354431152e-01,5.351785421371459961e-01,-8.974973857402801514e-02,-3.216418996453285217e-02,-3.011490590870380402e-02,-2.560476772487163544e-02,-5.656264424324035645e-01,1.560330986976623535e-01,-7.990398257970809937e-02,-4.471876192837953568e-03,-4.189572483301162720e-02,3.350998163223266602e-01,3.585377037525177002e-01,-1.417131870985031128e-01,-4.556829929351806641e-01,-1.043078154325485229e-01,2.894873321056365967e-01,-4.336046278476715088e-01,2.044927179813385010e-01,-3.667652010917663574e-01,5.849697440862655640e-02,2.175670489668846130e-02,7.898803800344467163e-03
-1.276737093925476074e+00,-3.366850912570953369e-01,1.018532156944274902e+00,-6.657479330897331238e-03,-1.936374697834253311e-03,4.665877819061279297e-01,8.844476938247680664e-01,-2.391618788242340088e-01,1.758864074945449829e-01,3.706849813461303711e-01,4.958301782608032227e-01,-1.195693463087081909e-01,-3.196431696414947510e-02,-3.401286527514457703e-02,-2.994600310921669006e-02,-5.741061568260192871e-01,1.701494902372360229e-01,-8.551114797592163086e-02,-2.419629745418205857e-04,-4.100811481475830078e-02,3.340167105197906494e-01,3.614586591720581055e-01,-1.400894224643707275e-01,-4.596466422080993652e-01,-1.047249063849449158e-01,2.932371497154235840e-01,-4.267763495445251465e-01,2.019161880016326904e-01,-3.713736534118652344e-01,5.795192718505859375e-02,2.258930355310440063e-02,7.086091209203004837e-03
-1.277986049652099609e+00,-3.343580961227416992e-01,1.017780542373657227e+00,-7.708533667027950287e-03,-1.748127397149801254e-03,4.729844331741333008e-01,8.810353279113769531e-01,-2.202482074499130249e-01,1.644520908594131470e-01,3.722723424434661865e-01,4.615517258644104004e-01,-1.453701853752136230e-01,-3.279156610369682312e-02,-3.797532618045806885e-02,-3.557512164115905762e-02,-5.838320851325988770e-01,1.843939274549484253e-01,-9.219416975975036621e-02,4.180271644145250320e-03,-4.122246801853179932e-02,3.327174782752990723e-01,3.640079796314239502e-01,-1.390445679426193237e-01,-4.627526700496673584e-01,-1.055852249264717102e-01,2.962429225444793701e-01,-4.206971228122711182e-01,1.986275911331176758e-01,-3.744294643402099609e-01,5.679077282547950745e-02,2.298291400074958801e-02,6.222466472536325455e-03
-1.279351472854614258e+00,-3.320760428905487061e-01,1.017204523086547852e+00,-7.936752401292324066e-03,-1.353990403003990650e-03,4.796166718006134033e-01,8.774411678314208984e-01,-2.041557878255844116e-01,1.520625501871109009e-01,3.684438467025756836e-01,4.301454722881317139e-01,-1.607592552900314331e-01,-3.842617571353912354e-02,-4.313175007700920105e-02,-4.425385594367980957e-02,-5.917200446128845215e-01,2.028314322233200073e-01,-9.987422078847885132e-02,9.333538822829723358e-03,-4.091110453009605408e-02,3.311113417148590088e-01,3.662390410900115967e-01,-1.386387646198272705e-01,-4.665666818618774414e-01,-1.068192273378372192e-01,2.989594340324401855e-01,-4.150257706642150879e-01,1.944220662117004395e-01,-3.772103786468505859e-01,5.553048476576805115e-02,2.357043139636516571e-02,5.178154911845922470e-03
-1.280524611473083496e+00,-3.301365375518798828e-01,1.016811728477478027e+00,-6.960625760257244110e-03,-4.323384491726756096e-04,4.868524372577667236e-01,8.734564185142517090e-01,-1.917816698551177979e-01,1.376372128725051880e-01,3.596400916576385498e-01,4.010113775730133057e-01,-1.612862795591354370e-01,-3.480824828147888184e-02,-4.989071935415267944e-02,-5.603323876857757568e-02,-5.959535241127014160e-01,2.248476296663284302e-01,-1.089750006794929504e-01,1.463612262159585953e-02,-4.128388687968254089e-02,3.291441500186920166e-01,3.677265942096710205e-01,-1.388719230890274048e-01,-4.708565473556518555e-01,-1.082116290926933289e-01,3.015119135379791260e-01,-4.099673628807067871e-01,1.890735179185867310e-01,-3.792232871055603027e-01,5.364179983735084534e-02,2.385746128857135773e-02,3.711891360580921173e-03
-1.281844258308410645e+00,-3.282883763313293457e-01,1.016616821289062500e+00,-5.453652236610651016e-03,5.358477937988936901e-04,4.947713017463684082e-01,8.690059781074523926e-01,-1.803478300571441650e-01,1.214737966656684875e-01,3.511670231819152832e-01,3.715939521789550781e-01,-1.562232375144958496e-01,-2.149987407028675079e-02,-5.823319032788276672e-02,-7.048494368791580200e-02,-5.986474752426147461e-01,2.512857317924499512e-01,-1.171138882637023926e-01,2.029250562191009521e-02,-4.300630092620849609e-02,3.270842730998992920e-01,3.684230744838714600e-01,-1.398939490318298340e-01,-4.751448929309844971e-01,-1.098280251026153564e-01,3.039826154708862305e-01,-4.056121408939361572e-01,1.828851848840713501e-01,-3.804307878017425537e-01,5.162146314978599548e-02,2.407684922218322754e-02,1.730616320855915546e-03
-1.283494591712951660e+00,-3.266222774982452393e-01,1.016645073890686035e+00,-3.677080385386943817e-03,1.810918794944882393e-03,5.020368099212646484e-01,8.648365139961242676e-01,-1.699443757534027100e-01,1.048281863331794739e-01,3.426532447338104248e-01,3.441787660121917725e-01,-1.502567976713180542e-01,-4.504724871367216110e-03,-6.965405493974685669e-02,-8.826283365488052368e-02,-6.013292670249938965e-01,2.832825779914855957e-01,-1.228380128741264343e-01,2.658817544579505920e-02,-4.435732215642929077e-02,3.247649967670440674e-01,3.682605028152465820e-01,-1.412232518196105957e-01,-4.794461727142333984e-01,-1.111930832266807556e-01,3.060977160930633545e-01,-4.019763767719268799e-01,1.755907386541366577e-01,-3.811250925064086914e-01,4.900193586945533752e-02,2.425399608910083771e-02,-4.341903841122984886e-04
-1.284383416175842285e+00,-3.250872194766998291e-01,1.016987442970275879e+00,-1.643680850975215435e-03,3.324050921946763992e-03,5.094953179359436035e-01,8.604654073715209961e-01,-1.610797196626663208e-01,9.007900953292846680e-02,3.313702940940856934e-01,3.203001618385314941e-01,-1.410832256078720093e-01,8.677771547809243202e-04,-8.300201594829559326e-02,-1.075522825121879578e-01,-6.021708250045776367e-01,3.194656074047088623e-01,-1.259128600358963013e-01,3.114652074873447418e-02,-4.606367275118827820e-02,3.223259150981903076e-01,3.674414157867431641e-01,-1.431267261505126953e-01,-4.836631417274475098e-01,-1.124591082334518433e-01,3.080294132232666016e-01,-3.988564312458038330e-01,1.675254106521606445e-01,-3.812518715858459473e-01,4.618541896343231201e-02,2.453440241515636444e-02,-2.623706124722957611e-03
-1.286404252052307129e+00,-3.238786458969116211e-01,1.017702579498291016e+00,3.062870528083294630e-04,5.046539474278688431e-03,5.165700912475585938e-01,8.562299609184265137e-01,-1.545402854681015015e-01,7.553589344024658203e-02,3.188477754592895508e-01,2.994471192359924316e-01,-1.298874616622924805e-01,-2.165381098166108131e-03,-1.018177866935729980e-01,-1.305909454822540283e-01,-5.996552705764770508e-01,3.633494377136230469e-01,-1.274002045392990112e-01,2.158899605274200439e-02,-4.883285239338874817e-02,3.196990489959716797e-01,3.658295869827270508e-01,-1.450834870338439941e-01,-4.878892898559570312e-01,-1.133254244923591614e-01,3.095058202743530273e-01,-3.964572250843048096e-01,1.590510606765747070e-01,-3.812822699546813965e-01,4.382248222827911377e-02,2.458430640399456024e-02,-4.772573709487915039e-03
-1.288069486618041992e+00,-3.228569030761718750e-01,1.018649935722351074e+00,1.083911862224340439e-03,5.987071897834539413e-03,5.223565101623535156e-01,8.527054786682128906e-01,-1.506794542074203491e-01,6.748277693986892700e-02,3.109749257564544678e-01,2.873803079128265381e-01,-1.222177520394325256e-01,-7.978346198797225952e-03,-1.189441382884979248e-01,-1.478648632764816284e-01,-5.973690152168273926e-01,4.002610445022583008e-01,-1.151637509465217590e-01,1.620878279209136963e-02,-4.898289591073989868e-02,3.177214562892913818e-01,3.645213842391967773e-01,-1.464241594076156616e-01,-4.901158809661865234e-01,-1.136798858642578125e-01,3.102128505706787109e-01,-3.949427902698516846e-01,1.530188024044036865e-01,-3.812083899974822998e-01,4.260791838169097900e-02,2.434707805514335632e-02,-5.878039170056581497e-03
-1.289810299873352051e+00,-3.218128383159637451e-01,1.019552707672119141e+00,1.620154827833175659e-03,6.500870455056428909e-03,5.281659364700317383e-01,8.491147160530090332e-01,-1.483845561742782593e-01,6.085043400526046753e-02,3.039253056049346924e-01,2.760670483112335205e-01,-1.127292588353157043e-01,-1.269956212490797043e-02,-1.411492377519607544e-01,-1.691779196262359619e-01,-5.967254042625427246e-01,4.482771754264831543e-01,-9.725381433963775635e-02,1.497237198054790497e-02,-4.922792688012123108e-02,3.156309127807617188e-01,3.631018698215484619e-01,-1.478136181831359863e-01,-4.923962950706481934e-01,-1.139323562383651733e-01,3.107852637767791748e-01,-3.934820890426635742e-01,1.471524834632873535e-01,-3.810818493366241455e-01,4.176809266209602356e-02,2.401894330978393555e-02,-7.025421597063541412e-03
-1.291720986366271973e+00,-3.207801580429077148e-01,1.020242691040039062e+00,1.457489910535514355e-03,6.872956175357103348e-03,5.349819064140319824e-01,8.448343276977539062e-01,-1.466731876134872437e-01,5.561148002743721008e-02,2.971497774124145508e-01,2.657814919948577881e-01,-1.049284040927886963e-01,-1.661708578467369080e-02,-1.659422665834426880e-01,-1.917773336172103882e-01,-5.939877033233642578e-01,5.001971721649169922e-01,-7.445484399795532227e-02,1.315873395651578903e-02,-5.193565785884857178e-02,3.134281933307647705e-01,3.617984950542449951e-01,-1.492674052715301514e-01,-4.947880506515502930e-01,-1.142139658331871033e-01,3.111583888530731201e-01,-3.916501700878143311e-01,1.411374658346176147e-01,-3.810696601867675781e-01,4.071595147252082825e-02,2.358967438340187073e-02,-8.097291924059391022e-03
-1.293636918067932129e+00,-3.198033571243286133e-01,1.020874381065368652e+00,1.220702659338712692e-03,7.205484434962272644e-03,5.419735312461853027e-01,8.403638005256652832e-01,-1.450332701206207275e-01,5.060445517301559448e-02,2.892782390117645264e-01,2.568500638008117676e-01,-9.856756031513214111e-02,-1.802617497742176056e-02,-1.923980712890625000e-01,-2.150246649980545044e-01,-5.898268818855285645e-01,5.521171689033508301e-01,-4.292153567075729370e-02,2.887499984353780746e-03,-5.537341535091400146e-02,3.111834228038787842e-01,3.606336414813995361e-01,-1.509936898946762085e-01,-4.974347054958343506e-01,-1.145589798688888550e-01,3.113066256046295166e-01,-3.894724547863006592e-01,1.350730955600738525e-01,-3.813221454620361328e-01,3.944546729326248169e-02,2.312069199979305267e-02,-9.125180542469024658e-03
-1.295881867408752441e+00,-3.190800845623016357e-01,1.021396756172180176e+00,7.520044455304741859e-04,7.369347847998142242e-03,5.486695170402526855e-01,8.360065221786499023e-01,-1.455374509096145630e-01,4.623110964894294739e-02,2.804428040981292725e-01,2.502261996269226074e-01,-9.306597709655761719e-02,-1.779155805706977844e-02,-2.205097526311874390e-01,-2.391468584537506104e-01,-5.852136611938476562e-01,6.040371656417846680e-01,-7.724003400653600693e-03,-5.005494225770235062e-03,-5.869813635945320129e-02,3.089660406112670898e-01,3.597281873226165771e-01,-1.530602127313613892e-01,-5.002603530883789062e-01,-1.150330379605293274e-01,3.113327622413635254e-01,-3.870127201080322266e-01,1.292776465415954590e-01,-3.819601237773895264e-01,3.815129026770591736e-02,2.255718037486076355e-02,-1.005685981363058090e-02
-1.298043727874755859e+00,-3.182645142078399658e-01,1.021699666976928711e+00,2.585351467132568359e-04,7.665388286113739014e-03,5.557941198348999023e-01,8.312845826148986816e-01,-1.474754363298416138e-01,4.171931743621826172e-02,2.700924575328826904e-01,2.448732852935791016e-01,-8.866582065820693970e-02,-1.751036942005157471e-02,-2.498632371425628662e-01,-2.639862000942230225e-01,-5.780014395713806152e-01,6.559571623802185059e-01,3.003313578665256500e-02,-1.834795437753200531e-02,-6.309708952903747559e-02,3.067662417888641357e-01,3.591281175613403320e-01,-1.555735617876052856e-01,-5.033936500549316406e-01,-1.156973913311958313e-01,3.113037347793579102e-01,-3.844108283519744873e-01,1.239627897739410400e-01,-3.830153048038482666e-01,3.703777119517326355e-02,2.177098207175731659e-02,-1.095114368945360184e-02
-1.300081253051757812e+00,-3.175950944423675537e-01,1.021581292152404785e+00,-1.644968288019299507e-04,8.080626837909221649e-03,5.634330511093139648e-01,8.261221647262573242e-01,-1.494540274143218994e-01,3.709085658192634583e-02,2.582110762596130371e-01,2.414578348398208618e-01,-8.676996827125549316e-02,-1.683276332914829254e-02,-2.810292840003967285e-01,-2.890186607837677002e-01,-5.672124624252319336e-01,7.078771591186523438e-01,6.514806300401687622e-02,-3.595562651753425598e-02,-6.870227307081222534e-02,3.046637475490570068e-01,3.589535355567932129e-01,-1.586703956127166748e-01,-5.067723989486694336e-01,-1.168437972664833069e-01,3.112240433692932129e-01,-3.817711472511291504e-01,1.191212460398674011e-01,-3.845302164554595947e-01,3.615142405033111572e-02,2.082055062055587769e-02,-1.179623696953058243e-02
-1.302097678184509277e+00,-3.169677555561065674e-01,1.021259427070617676e+00,-5.068235259386710823e-05,8.228286169469356537e-03,5.713104009628295898e-01,8.206928372383117676e-01,-1.522564142942428589e-01,3.192132711410522461e-02,2.456908673048019409e-01,2.403778284788131714e-01,-8.600027114152908325e-02,-1.566288433969020844e-02,-3.126018643379211426e-01,-3.143110871315002441e-01,-5.529974699020385742e-01,7.597971558570861816e-01,9.461601078510284424e-02,-5.772733315825462341e-02,-7.463967800140380859e-02,3.026694953441619873e-01,3.590826392173767090e-01,-1.623029708862304688e-01,-5.104251503944396973e-01,-1.182813420891761780e-01,3.113125860691070557e-01,-3.791340887546539307e-01,1.148769557476043701e-01,-3.863135576248168945e-01,3.553064912557601929e-02,1.981829479336738586e-02,-1.257821172475814819e-02
-1.303818702697753906e+00,-3.164559304714202881e-01,1.020800352096557617e+00,3.370964259374886751e-04,8.799111470580101013e-03,5.794400572776794434e-01,8.149672746658325195e-01,-1.558650583028793335e-01,2.597976662218570709e-02,2.317056655883789062e-01,2.409718185663223267e-01,-8.607281744480133057e-02,-1.325548812747001648e-02,-3.462349772453308105e-01,-3.388370871543884277e-01,-5.337204337120056152e-01,8.117171525955200195e-01,1.163699328899383545e-01,-8.174502849578857422e-02,-8.149148523807525635e-02,3.008774220943450928e-01,3.596751689910888672e-01,-1.667159497737884521e-01,-5.143356323242187500e-01,-1.203150227665901184e-01,3.115216493606567383e-01,-3.767371773719787598e-01,1.113367006182670593e-01,-3.885511755943298340e-01,3.542373701930046082e-02,1.871642470359802246e-02,-1.331330649554729462e-02
-1.305569767951965332e+00,-3.160905539989471436e-01,1.020074248313903809e+00,1.312247244641184807e-03,9.492110460996627808e-03,5.875707268714904785e-01,8.091160655021667480e-01,-1.597696244716644287e-01,1.860619522631168365e-02,2.155934721231460571e-01,2.427839785814285278e-01,-8.695594221353530884e-02,-1.090073026716709137e-02,-3.810917735099792480e-01,-3.623799979686737061e-01,-5.091985464096069336e-01,8.636371493339538574e-01,1.260353177785873413e-01,-1.009819433093070984e-01,-8.809467405080795288e-02,2.991625964641571045e-01,3.605829775333404541e-01,-1.717207878828048706e-01,-5.184673070907592773e-01,-1.228479966521263123e-01,3.119091391563415527e-01,-3.747154772281646729e-01,1.083401590585708618e-01,-3.911341428756713867e-01,3.577890247106552124e-02,1.755038835108280182e-02,-1.402569189667701721e-02
-1.306890845298767090e+00,-3.155892789363861084e-01,1.019345760345458984e+00,2.578443149104714394e-03,1.045573689043521881e-02,5.954943895339965820e-01,8.032872676849365234e-01,-1.636451184749603271e-01,1.056747417896986008e-02,1.983434557914733887e-01,2.453555613756179810e-01,-8.769986033439636230e-02,-9.608520194888114929e-03,-4.169378280639648438e-01,-3.834422230720520020e-01,-4.800855815410614014e-01,9.155571460723876953e-01,1.171061620116233826e-01,-1.047461405396461487e-01,-9.435596317052841187e-02,2.975449860095977783e-01,3.617234528064727783e-01,-1.770819723606109619e-01,-5.226278305053710938e-01,-1.255714893341064453e-01,3.125931322574615479e-01,-3.731371164321899414e-01,1.059986427426338196e-01,-3.938394784927368164e-01,3.686659783124923706e-02,1.636300422251224518e-02,-1.477775350213050842e-02
-1.307997345924377441e+00,-3.152205646038055420e-01,1.018536090850830078e+00,4.211619496345520020e-03,1.135213766247034073e-02,6.029664874076843262e-01,7.976746559143066406e-01,-1.677250564098358154e-01,2.334090415388345718e-03,1.811252236366271973e-01,2.497434914112091064e-01,-8.853936195373535156e-02,-7.746097166091203690e-03,-4.532993733882904053e-01,-4.030564129352569580e-01,-4.486349523067474365e-01,9.674771428108215332e-01,9.723432362079620361e-02,-1.021515205502510071e-01,-9.943722188472747803e-02,2.961011528968811035e-01,3.630610406398773193e-01,-1.826335787773132324e-01,-5.265802145004272461e-01,-1.284914314746856689e-01,3.135578930377960205e-01,-3.720405101776123047e-01,1.040681004524230957e-01,-3.963658511638641357e-01,3.862917423248291016e-02,1.510520186275243759e-02,-1.550035737454891205e-02
-1.308940172195434570e+00,-3.147387802600860596e-01,1.017683386802673340e+00,6.024062167853116989e-03,1.235304865986108780e-02,6.100978851318359375e-01,7.922068834304809570e-01,-1.716887056827545166e-01,-6.244342308491468430e-03,1.640366017818450928e-01,2.549318075180053711e-01,-8.960211277008056641e-02,-5.613906774669885635e-03,-4.908933341503143311e-01,-4.213011860847473145e-01,-4.151446223258972168e-01,1.019397139549255371e+00,7.377162575721740723e-02,-1.046438366174697876e-01,-1.041698828339576721e-01,2.946593165397644043e-01,3.644635379314422607e-01,-1.881749182939529419e-01,-5.305385589599609375e-01,-1.316460222005844116e-01,3.148181438446044922e-01,-3.715348839759826660e-01,1.025059595704078674e-01,-3.985939621925354004e-01,4.116616025567054749e-02,1.388951484113931656e-02,-1.623905263841152191e-02
-1.309676289558410645e+00,-3.140996694564819336e-01,1.016971349716186523e+00,7.455608807504177094e-03,1.363699603825807571e-02,6.163623929023742676e-01,7.873092293739318848e-01,-1.759520918130874634e-01,-1.430809590965509415e-02,1.481342017650604248e-01,2.599225938320159912e-01,-9.085338562726974487e-02,-3.550822380930185318e-03,-5.276854038238525391e-01,-4.367113709449768066e-01,-3.826709091663360596e-01,1.066346645355224609e+00,5.003570765256881714e-02,-1.101687476038932800e-01,-1.072990521788597107e-01,2.931320965290069580e-01,3.660788238048553467e-01,-1.927800178527832031e-01,-5.338915586471557617e-01,-1.344063133001327515e-01,3.162247240543365479e-01,-3.714998960494995117e-01,1.012331917881965637e-01,-4.006119668483734131e-01,4.430295154452323914e-02,1.266160979866981506e-02,-1.689440011978149414e-02
-1.310305476188659668e+00,-3.134219348430633545e-01,1.016738891601562500e+00,8.084979839622974396e-03,1.469048857688903809e-02,6.212020516395568848e-01,7.834710478782653809e-01,-1.795802265405654907e-01,-2.012051828205585480e-02,1.356511116027832031e-01,2.636575698852539062e-01,-9.190843999385833740e-02,-1.538106589578092098e-03,-5.585992932319641113e-01,-4.448090195655822754e-01,-3.532014787197113037e-01,1.098363995552062988e+00,3.112696483731269836e-02,-1.167165786027908325e-01,-1.089876443147659302e-01,2.917000949382781982e-01,3.678582310676574707e-01,-1.958235800266265869e-01,-5.359746217727661133e-01,-1.359269320964813232e-01,3.176024258136749268e-01,-3.716088831424713135e-01,1.002159938216209412e-01,-4.024398326873779297e-01,4.787708818912506104e-02,1.136143598705530167e-02,-1.731995865702629089e-02
-1.310748815536499023e+00,-3.125725090503692627e-01,1.016896367073059082e+00,7.736041210591793060e-03,1.516260392963886261e-02,6.250013113021850586e-01,7.804380655288696289e-01,-1.824658364057540894e-01,-2.295714803040027618e-02,1.257722824811935425e-01,2.659894526004791260e-01,-9.252089262008666992e-02,3.612300497479736805e-04,-5.850508809089660645e-01,-4.475200474262237549e-01,-3.269005417823791504e-01,1.122882127761840820e+00,1.463841181248426437e-02,-1.210187599062919617e-01,-1.087333634495735168e-01,2.902999818325042725e-01,3.697183728218078613e-01,-1.974681615829467773e-01,-5.370043516159057617e-01,-1.366172879934310913e-01,3.188726007938385010e-01,-3.716478645801544189e-01,9.945378452539443970e-02,-4.040518105030059814e-01,5.180675908923149109e-02,1.009297184646129608e-02,-1.746811717748641968e-02
-1.311132073402404785e+00,-3.115899562835693359e-01,1.017364740371704102e+00,6.560538895428180695e-03,1.520648878067731857e-02,6.279406547546386719e-01,7.780849933624267578e-01,-1.843128800392150879e-01,-2.334253303706645966e-02,1.179002970457077026e-01,2.665371894836425781e-01,-9.269967675209045410e-02,1.350408652797341347e-03,-6.082313060760498047e-01,-4.459631741046905518e-01,-3.035444319248199463e-01,1.141851902008056641e+00,-1.134520047344267368e-03,-1.235429868102073669e-01,-1.069902256131172180e-01,2.890104949474334717e-01,3.717499077320098877e-01,-1.976039111614227295e-01,-5.369217395782470703e-01,-1.363451480865478516e-01,3.198964893817901611e-01,-3.714061379432678223e-01,9.885203093290328979e-02,-4.056501388549804688e-01,5.576384067535400391e-02,8.837813511490821838e-03,-1.737198233604431152e-02
-1.311355113983154297e+00,-3.105286955833435059e-01,1.017974972724914551e+00,5.219669081270694733e-03,1.477653998881578445e-02,6.303488016128540039e-01,7.761538624763488770e-01,-1.853217482566833496e-01,-2.242698334157466888e-02,1.112771853804588318e-01,2.667211294174194336e-01,-9.197480976581573486e-02,2.676463685929775238e-03,-6.280227899551391602e-01,-4.411429166793823242e-01,-2.814691066741943359e-01,1.156411290168762207e+00,-1.442215871065855026e-02,-1.285635977983474731e-01,-1.048508808016777039e-01,2.878196239471435547e-01,3.738224208354949951e-01,-1.961997598409652710e-01,-5.357918143272399902e-01,-1.350489258766174316e-01,3.207371532917022705e-01,-3.707849979400634766e-01,9.851451963186264038e-02,-4.072631001472473145e-01,5.978163331747055054e-02,7.786733563989400864e-03,-1.682171784341335297e-02
-1.311337947845458984e+00,-3.094419538974761963e-01,1.018494129180908203e+00,4.033002536743879318e-03,1.406341325491666794e-02,6.325082778930664062e-01,7.744154334068298340e-01,-1.859518289566040039e-01,-2.062356658279895782e-02,1.063387244939804077e-01,2.675202488899230957e-01,-9.149359166622161865e-02,3.644674783572554588e-03,-6.450887322425842285e-01,-4.346255958080291748e-01,-2.606364190578460693e-01,1.168222427368164062e+00,-2.578890696167945862e-02,-1.335770636796951294e-01,-1.018565222620964050e-01,2.868441343307495117e-01,3.759088516235351562e-01,-1.936162114143371582e-01,-5.337761044502258301e-01,-1.328268349170684814e-01,3.213325738906860352e-01,-3.697738051414489746e-01,9.819324314594268799e-02,-4.089469015598297119e-01,6.355675309896469116e-02,6.825558841228485107e-03,-1.609012484550476074e-02
-1.311025261878967285e+00,-3.083190917968750000e-01,1.018972635269165039e+00,2.672001253813505173e-03,1.372510101646184921e-02,6.338008046150207520e-01,7.733699083328247070e-01,-1.865682303905487061e-01,-1.847800798714160919e-02,1.027051880955696106e-01,2.676761150360107422e-01,-9.130545705556869507e-02,4.370185546576976776e-03,-6.631668210029602051e-01,-4.244858026504516602e-01,-2.372615635395050049e-01,1.178721308708190918e+00,-3.643339499831199646e-02,-1.398301273584365845e-01,-9.566580504179000854e-02,2.856009304523468018e-01,3.787972927093505859e-01,-1.890455633401870728e-01,-5.293310880661010742e-01,-1.274918615818023682e-01,3.220905065536499023e-01,-3.678520321846008301e-01,9.778140485286712646e-02,-4.124866724014282227e-01,7.037124782800674438e-02,5.423537455499172211e-03,-1.430732663720846176e-02
-1.310544252395629883e+00,-3.072175383567810059e-01,1.019494771957397461e+00,1.429995521903038025e-03,1.303541567176580429e-02,6.353132724761962891e-01,7.721431851387023926e-01,-1.861829906702041626e-01,-1.570755988359451294e-02,9.976241737604141235e-02,2.677540779113769531e-01,-9.100909531116485596e-02,4.675013478845357895e-03,-6.768334507942199707e-01,-4.135819077491760254e-01,-2.168920487165451050e-01,1.185115694999694824e+00,-4.302829131484031677e-02,-1.429055929183959961e-01,-9.010862559080123901e-02,2.845425903797149658e-01,3.815269470214843750e-01,-1.840394884347915649e-01,-5.249406099319458008e-01,-1.214516535401344299e-01,3.226310312747955322e-01,-3.655218482017517090e-01,9.729313850402832031e-02,-4.164678454399108887e-01,7.599204033613204956e-02,4.464913159608840942e-03,-1.248356234282255173e-02
-1.310079097747802734e+00,-3.061300218105316162e-01,1.020006895065307617e+00,2.939082332886755466e-04,1.209753751754760742e-02,6.373322010040283203e-01,7.704941034317016602e-01,-1.852466166019439697e-01,-1.304392237216234207e-02,9.566680341958999634e-02,2.674096822738647461e-01,-9.057192504405975342e-02,5.019217263907194138e-03,-6.871485710144042969e-01,-4.021565616130828857e-01,-1.986965686082839966e-01,1.188448667526245117e+00,-4.944121092557907104e-02,-1.438477188348770142e-01,-8.470962196588516235e-02,2.838662862777709961e-01,3.843569755554199219e-01,-1.794386953115463257e-01,-5.208376049995422363e-01,-1.155241504311561584e-01,3.232086002826690674e-01,-3.629886507987976074e-01,9.690823405981063843e-02,-4.204856157302856445e-01,8.099798858165740967e-02,3.907240927219390869e-03,-1.073247753083705902e-02
-1.309466361999511719e+00,-3.048560023307800293e-01,1.020436882972717285e+00,-3.214348689652979374e-04,1.086003519594669342e-02,6.396190524101257324e-01,7.686152458190917969e-01,-1.851047575473785400e-01,-1.072937343269586563e-02,9.091877937316894531e-02,2.686955034732818604e-01,-9.010498970746994019e-02,5.257351789623498917e-03,-6.941486001014709473e-01,-3.909656703472137451e-01,-1.820360422134399414e-01,1.189830899238586426e+00,-5.486596375703811646e-02,-1.391856372356414795e-01,-7.978148758411407471e-02,2.838178277015686035e-01,3.872058987617492676e-01,-1.758212596178054810e-01,-5.172386169433593750e-01,-1.100905314087867737e-01,3.239990472793579102e-01,-3.604801297187805176e-01,9.688204526901245117e-02,-4.244895875453948975e-01,8.582112938165664673e-02,3.628941718488931656e-03,-8.959580212831497192e-03
-1.308487296104431152e+00,-3.033573329448699951e-01,1.020655989646911621e+00,-6.984432693570852280e-04,1.037879381328821182e-02,6.426044702529907227e-01,7.661274671554565430e-01,-1.842364072799682617e-01,-9.748297743499279022e-03,8.560970425605773926e-02,2.688840329647064209e-01,-9.016509354114532471e-02,5.047752987593412399e-03,-7.001469731330871582e-01,-3.807998299598693848e-01,-1.662140637636184692e-01,1.190307855606079102e+00,-6.223480030894279480e-02,-1.346285939216613770e-01,-7.592076063156127930e-02,2.842053771018981934e-01,3.902099728584289551e-01,-1.734621673822402954e-01,-5.140326023101806641e-01,-1.060982421040534973e-01,3.247956335544586182e-01,-3.582411408424377441e-01,9.666814655065536499e-02,-4.288454055786132812e-01,9.043534845113754272e-02,3.682450158521533012e-03,-7.644086144864559174e-03
-1.307471632957458496e+00,-3.021627366542816162e-01,1.020814895629882812e+00,-3.427249612286686897e-04,9.446932934224605560e-03,6.457431912422180176e-01,7.634961605072021484e-01,-1.820489317178726196e-01,-9.311411529779434204e-03,8.003408461809158325e-02,2.691162228584289551e-01,-8.995234221220016479e-02,4.886903800070285797e-03,-7.030184268951416016e-01,-3.705084621906280518e-01,-1.510674208402633667e-01,1.188040137290954590e+00,-6.826607882976531982e-02,-1.303316950798034668e-01,-7.293102145195007324e-02,2.852764427661895752e-01,3.933077752590179443e-01,-1.725222021341323853e-01,-5.111606121063232422e-01,-1.036328449845314026e-01,3.258684873580932617e-01,-3.564212620258331299e-01,9.648676961660385132e-02,-4.329861998558044434e-01,9.480561316013336182e-02,3.956675995141267776e-03,-6.487461272627115250e-03
-1.306342363357543945e+00,-3.009267747402191162e-01,1.020948052406311035e+00,2.669946297828573734e-05,8.763734251260757446e-03,6.491808295249938965e-01,7.605836391448974609e-01,-1.798522472381591797e-01,-9.403005242347717285e-03,7.357928901910781860e-02,2.685029804706573486e-01,-8.921641111373901367e-02,4.847127478569746017e-03,-7.041478157043457031e-01,-3.603279888629913330e-01,-1.373393982648849487e-01,1.183644175529479980e+00,-7.468954473733901978e-02,-1.245822757482528687e-01,-6.990170478820800781e-02,2.868466675281524658e-01,3.965376913547515869e-01,-1.731208264827728271e-01,-5.087482929229736328e-01,-1.030765995383262634e-01,3.272636234760284424e-01,-3.551085293292999268e-01,9.634454548358917236e-02,-4.369890391826629639e-01,9.914005547761917114e-02,4.429728724062442780e-03,-5.667139310389757156e-03
-1.304979324340820312e+00,-2.994945347309112549e-01,1.020996332168579102e+00,1.491107541369274259e-04,8.784836158156394958e-03,6.527570486068725586e-01,7.575163841247558594e-01,-1.785098463296890259e-01,-1.001141872256994247e-02,6.602644175291061401e-02,2.671376764774322510e-01,-8.844457566738128662e-02,4.486252553761005402e-03,-7.047190666198730469e-01,-3.504311144351959229e-01,-1.247082725167274475e-01,1.176805138587951660e+00,-8.082960546016693115e-02,-1.163808032870292664e-01,-6.698546558618545532e-02,2.886073589324951172e-01,3.997185528278350830e-01,-1.749136745929718018e-01,-5.072425603866577148e-01,-1.039855033159255981e-01,3.286188244819641113e-01,-3.542122840881347656e-01,9.579144418239593506e-02,-4.411339759826660156e-01,1.027298122644424438e-01,4.857481922954320908e-03,-5.233985371887683868e-03
-1.303531050682067871e+00,-2.982296943664550781e-01,1.020945549011230469e+00,3.197726910002529621e-04,9.000122547149658203e-03,6.567027568817138672e-01,7.540957331657409668e-01,-1.779758930206298828e-01,-1.092587038874626160e-02,5.787455663084983826e-02,2.663280665874481201e-01,-8.781187236309051514e-02,4.011894110590219498e-03,-7.039785385131835938e-01,-3.406242430210113525e-01,-1.126207485795021057e-01,1.168520927429199219e+00,-8.679510653018951416e-02,-1.070526763796806335e-01,-6.515259295701980591e-02,2.904751598834991455e-01,4.029706418514251709e-01,-1.777613908052444458e-01,-5.061463117599487305e-01,-1.065730899572372437e-01,3.300384581089019775e-01,-3.537093698978424072e-01,9.482123702764511108e-02,-4.447306990623474121e-01,1.060118004679679871e-01,5.166448187083005905e-03,-5.316456779837608337e-03
-1.302059054374694824e+00,-2.968259751796722412e-01,1.020862936973571777e+00,4.525094700511544943e-04,9.588484652340412140e-03,6.608581542968750000e-01,7.504494786262512207e-01,-1.750253289937973022e-01,-1.240622531622648239e-02,5.000298097729682922e-02,2.630645632743835449e-01,-8.750696480274200439e-02,3.390864701941609383e-03,-7.017247080802917480e-01,-3.309440314769744873e-01,-1.010900214314460754e-01,1.157048583030700684e+00,-9.043578803539276123e-02,-9.993293136358261108e-02,-6.355383247137069702e-02,2.923253178596496582e-01,4.060365557670593262e-01,-1.813010126352310181e-01,-5.056220889091491699e-01,-1.100883781909942627e-01,3.314803540706634521e-01,-3.537013828754425049e-01,9.320750087499618530e-02,-4.477841258049011230e-01,1.086927577853202820e-01,5.130818113684654236e-03,-6.323806941509246826e-03
-1.300603866577148438e+00,-2.954809963703155518e-01,1.020761847496032715e+00,1.004293910227715969e-03,9.874104522168636322e-03,6.645489335060119629e-01,7.471788525581359863e-01,-1.762446314096450806e-01,-1.393133029341697693e-02,4.184617847204208374e-02,2.636644542217254639e-01,-8.638450503349304199e-02,2.646820154041051865e-03,-6.970934867858886719e-01,-3.203428685665130615e-01,-8.921638131141662598e-02,1.143180489540100098e+00,-9.496852010488510132e-02,-8.953077346086502075e-02,-6.199358776211738586e-02,2.942135632038116455e-01,4.087874591350555420e-01,-1.851389706134796143e-01,-5.045960545539855957e-01,-1.143468618392944336e-01,3.328881561756134033e-01,-3.541022241115570068e-01,9.104353934526443481e-02,-4.500664770603179932e-01,1.107706800103187561e-01,5.055758170783519745e-03,-7.580803707242012024e-03
-1.299044966697692871e+00,-2.940861880779266357e-01,1.020641326904296875e+00,1.123465364798903465e-03,1.025675330311059952e-02,6.683182120323181152e-01,7.438039183616638184e-01,-1.769556552171707153e-01,-1.474026869982481003e-02,3.377198055386543274e-02,2.645070254802703857e-01,-8.666347712278366089e-02,1.899531576782464981e-03,-6.908190846443176270e-01,-3.083887696266174316e-01,-7.772247493267059326e-02,1.126284599304199219e+00,-9.777374565601348877e-02,-7.826574891805648804e-02,-6.056926026940345764e-02,2.958967387676239014e-01,4.111740291118621826e-01,-1.887899488210678101e-01,-5.035883784294128418e-01,-1.183668449521064758e-01,3.342307806015014648e-01,-3.547999262809753418e-01,8.857768028974533081e-02,-4.519351124763488770e-01,1.129443943500518799e-01,4.548507276922464371e-03,-9.423173032701015472e-03
-1.297248482704162598e+00,-2.926340103149414062e-01,1.020537137985229492e+00,1.155135687440633774e-03,1.066677179187536240e-02,6.721659898757934570e-01,7.403227686882019043e-01,-1.760115176439285278e-01,-1.520676538348197937e-02,2.563526853919029236e-02,2.637751996517181396e-01,-8.718715608119964600e-02,7.222085841931402683e-04,-6.823213696479797363e-01,-2.952581048011779785e-01,-6.616971641778945923e-02,1.106165051460266113e+00,-9.973674267530441284e-02,-6.849832087755203247e-02,-5.930697172880172729e-02,2.973775863647460938e-01,4.132231771945953369e-01,-1.922009438276290894e-01,-5.025516748428344727e-01,-1.220854520797729492e-01,3.354760110378265381e-01,-3.555619120597839355e-01,8.539748936891555786e-02,-4.533127546310424805e-01,1.142626553773880005e-01,3.688699798658490181e-03,-1.123708114027976990e-02
-1.295132637023925781e+00,-2.911480367183685303e-01,1.020424962043762207e+00,1.190802315250039101e-03,1.077753584831953049e-02,6.763546466827392578e-01,7.364962697029113770e-01,-1.757399290800094604e-01,-1.489502657204866409e-02,1.683316193521022797e-02,2.640374302864074707e-01,-8.757431060075759888e-02,-1.115725375711917877e-03,-6.707322597503662109e-01,-2.809058427810668945e-01,-5.465285480022430420e-02,1.083492875099182129e+00,-1.010628938674926758e-01,-5.651216208934783936e-02,-5.706798657774925232e-02,2.984955310821533203e-01,4.149202108383178711e-01,-1.951121538877487183e-01,-5.015352964401245117e-01,-1.249352619051933289e-01,3.368320167064666748e-01,-3.562002778053283691e-01,8.153080940246582031e-02,-4.534659683704376221e-01,1.147518604993820190e-01,2.323687309399247169e-03,-1.366983260959386826e-02
-1.293296098709106445e+00,-2.898265719413757324e-01,1.020304799079895020e+00,1.341960392892360687e-03,1.074005383998155594e-02,6.801809072494506836e-01,7.329643964767456055e-01,-1.755064725875854492e-01,-1.475373841822147369e-02,8.277036249637603760e-03,2.649183571338653564e-01,-8.819629997014999390e-02,-2.434883499518036842e-03,-6.574504375457763672e-01,-2.655601501464843750e-01,-4.126862064003944397e-02,1.057737231254577637e+00,-1.009276509284973145e-01,-4.045535996556282043e-02,-5.589210987091064453e-02,2.993633747100830078e-01,4.161129891872406006e-01,-1.972467601299285889e-01,-4.994342625141143799e-01,-1.265261173248291016e-01,3.381878137588500977e-01,-3.568920195102691650e-01,7.710556685924530029e-02,-4.530786573886871338e-01,1.150111779570579529e-01,3.974067221861332655e-04,-1.674576848745346069e-02
-1.290983676910400391e+00,-2.882599234580993652e-01,1.020188927650451660e+00,1.579501549713313580e-03,1.083515118807554245e-02,6.843521595001220703e-01,7.290694117546081543e-01,-1.771156340837478638e-01,-1.448462810367345810e-02,-1.104882918298244476e-03,2.675052583217620850e-01,-8.848761767148971558e-02,-4.488452803343534470e-03,-6.417682170867919922e-01,-2.497610002756118774e-01,-2.757594175636768341e-02,1.029852747917175293e+00,-1.012831404805183411e-01,-1.953478716313838959e-02,-5.366655439138412476e-02,2.998228073120117188e-01,4.169518649578094482e-01,-1.987584531307220459e-01,-4.977332055568695068e-01,-1.261632889509201050e-01,3.395854830741882324e-01,-3.574321568012237549e-01,7.214267551898956299e-02,-4.514772593975067139e-01,1.143351644277572632e-01,-1.844372251071035862e-03,-2.050474286079406738e-02
-1.288522481918334961e+00,-2.866984009742736816e-01,1.020062088966369629e+00,1.663106610067188740e-03,1.062208414077758789e-02,6.887382864952087402e-01,7.249302864074707031e-01,-1.780036240816116333e-01,-1.350492518395185471e-02,-1.134302001446485519e-02,2.707025408744812012e-01,-8.981984853744506836e-02,-6.924795918166637421e-03,-6.236625313758850098e-01,-2.326457202434539795e-01,-1.316322293132543564e-02,1.000030159950256348e+00,-1.024295538663864136e-01,3.904354991391301155e-03,-5.273500457406044006e-02,3.000037968158721924e-01,4.175043106079101562e-01,-1.996513456106185913e-01,-4.961119890213012695e-01,-1.241857334971427917e-01,3.409630656242370605e-01,-3.577000200748443604e-01,6.684804707765579224e-02,-4.497312307357788086e-01,1.121833324432373047e-01,-3.980329725891351700e-03,-2.388834767043590546e-02
-1.285987496376037598e+00,-2.853307127952575684e-01,1.019865989685058594e+00,1.943892217241227627e-03,9.650324471294879913e-03,6.932383179664611816e-01,7.206411957740783691e-01,-1.791064739227294922e-01,-1.161422766745090485e-02,-2.195505425333976746e-02,2.763055860996246338e-01,-9.206803888082504272e-02,-9.326845407485961914e-03,-6.023567318916320801e-01,-2.149325460195541382e-01,1.602842006832361221e-03,9.677284955978393555e-01,-1.016477793455123901e-01,2.733981795608997345e-02,-5.160989239811897278e-02,3.000550866127014160e-01,4.179701805114746094e-01,-2.000816017389297485e-01,-4.944341778755187988e-01,-1.215731874108314514e-01,3.426903784275054932e-01,-3.577491044998168945e-01,6.183717027306556702e-02,-4.470567405223846436e-01,1.106248497962951660e-01,-5.737709812819957733e-03,-2.737657167017459869e-02
-1.283531427383422852e+00,-2.841268777847290039e-01,1.019597887992858887e+00,2.487685531377792358e-03,9.168265387415885925e-03,6.974610090255737305e-01,7.165597677230834961e-01,-1.807172745466232300e-01,-1.094297133386135101e-02,-3.195195272564888000e-02,2.819276452064514160e-01,-9.351477026939392090e-02,-1.137394830584526062e-02,-5.810129046440124512e-01,-1.982340961694717407e-01,1.835822314023971558e-02,9.339755177497863770e-01,-1.007168889045715332e-01,5.322563275694847107e-02,-5.120606347918510437e-02,2.999294102191925049e-01,4.180472195148468018e-01,-1.997749209403991699e-01,-4.931983053684234619e-01,-1.168146282434463501e-01,3.443923890590667725e-01,-3.576650023460388184e-01,5.693000182509422302e-02,-4.450738430023193359e-01,1.083981692790985107e-01,-6.939990445971488953e-03,-3.011455200612545013e-02
-1.281132221221923828e+00,-2.829060256481170654e-01,1.019141793251037598e+00,3.150165313854813576e-03,8.527987636625766754e-03,7.016405463218688965e-01,7.124730944633483887e-01,-1.834076493978500366e-01,-1.042373944073915482e-02,-4.269263520836830139e-02,2.903982102870941162e-01,-9.614122658967971802e-02,-1.367527525871992111e-02,-5.574565529823303223e-01,-1.815590113401412964e-01,3.647443652153015137e-02,8.981321454048156738e-01,-1.011053696274757385e-01,7.597463577985763550e-02,-5.066047608852386475e-02,2.998270392417907715e-01,4.178733527660369873e-01,-1.991376876831054688e-01,-4.920608997344970703e-01,-1.122022867202758789e-01,3.462430238723754883e-01,-3.575240373611450195e-01,5.229597911238670349e-02,-4.424303770065307617e-01,1.059879213571548462e-01,-7.829787209630012512e-03,-3.154435381293296814e-02
-1.278540134429931641e+00,-2.816655039787292480e-01,1.018688201904296875e+00,3.919134847819805145e-03,7.755131926387548447e-03,7.058243751525878906e-01,7.083336114883422852e-01,-1.864152848720550537e-01,-9.558750316500663757e-03,-5.252792313694953918e-02,3.001295626163482666e-01,-9.934060275554656982e-02,-1.595228351652622223e-02,-5.321509242057800293e-01,-1.660190075635910034e-01,5.347022414207458496e-02,8.602423071861267090e-01,-9.758882969617843628e-02,9.855718165636062622e-02,-5.013118684291839600e-02,2.998231053352355957e-01,4.173529148101806641e-01,-1.982803493738174438e-01,-4.912159442901611328e-01,-1.071391329169273376e-01,3.482631742954254150e-01,-3.573463261127471924e-01,4.817817732691764832e-02,-4.405564665794372559e-01,1.046365648508071899e-01,-8.767486549913883209e-03,-3.251378238201141357e-02
-1.275940179824829102e+00,-2.805667221546173096e-01,1.018121838569641113e+00,4.876440856605768204e-03,6.568178534507751465e-03,7.100022435188293457e-01,7.041518688201904297e-01,-1.888752579689025879e-01,-8.420918136835098267e-03,-6.278059631586074829e-02,3.101308345794677734e-01,-1.033148765563964844e-01,-1.834554038941860199e-02,-5.050628185272216797e-01,-1.514446586370468140e-01,6.949972361326217651e-02,8.212197422981262207e-01,-9.366602450609207153e-02,1.213091909885406494e-01,-4.934526979923248291e-02,3.000159859657287598e-01,4.168307781219482422e-01,-1.972675621509552002e-01,-4.910119473934173584e-01,-1.019936650991439819e-01,3.507405221462249756e-01,-3.570186495780944824e-01,4.504585638642311096e-02,-4.386773407459259033e-01,1.044954806566238403e-01,-8.969333022832870483e-03,-3.269153088331222534e-02
-1.273317933082580566e+00,-2.793375551700592041e-01,1.017604112625122070e+00,5.804343614727258682e-03,6.090184673666954041e-03,7.140249609947204590e-01,7.000696659088134766e-01,-1.913775801658630371e-01,-8.429144509136676788e-03,-7.340072840452194214e-02,3.183768093585968018e-01,-1.059069782495498657e-01,-2.086014300584793091e-02,-4.779002666473388672e-01,-1.393180340528488159e-01,8.520390838384628296e-02,7.802705168724060059e-01,-8.799490332603454590e-02,1.383752077817916870e-01,-4.903489723801612854e-02,3.003188371658325195e-01,4.160060286521911621e-01,-1.961952298879623413e-01,-4.913547933101654053e-01,-9.706777334213256836e-02,3.532102406024932861e-01,-3.567705154418945312e-01,4.241737723350524902e-02,-4.379126131534576416e-01,1.041391044855117798e-01,-9.256795048713684082e-03,-3.207166865468025208e-02
-1.270277023315429688e+00,-2.782496511936187744e-01,1.017068624496459961e+00,7.104011252522468567e-03,5.099737085402011871e-03,7.179930806159973145e-01,6.959953308105468750e-01,-1.937697380781173706e-01,-7.708272896707057953e-03,-8.376340568065643311e-02,3.274979293346405029e-01,-1.087885871529579163e-01,-2.387708984315395355e-02,-4.482392370700836182e-01,-1.281403601169586182e-01,9.852158278226852417e-02,7.369137406349182129e-01,-7.942561060190200806e-02,1.517506539821624756e-01,-4.817081615328788757e-02,3.009215891361236572e-01,4.150464236736297607e-01,-1.952469944953918457e-01,-4.917888045310974121e-01,-9.282508492469787598e-02,3.561199903488159180e-01,-3.567172288894653320e-01,4.098768159747123718e-02,-4.370473623275756836e-01,1.071038693189620972e-01,-9.165618568658828735e-03,-3.098961152136325836e-02
-1.267133355140686035e+00,-2.770059406757354736e-01,1.016489863395690918e+00,8.565459400415420532e-03,4.290997050702571869e-03,7.217295169830322266e-01,6.921088695526123047e-01,-1.921130120754241943e-01,-7.266528438776731491e-03,-9.357136487960815430e-02,3.330602049827575684e-01,-1.118632182478904724e-01,-2.682892046868801117e-02,-4.178990125656127930e-01,-1.193928793072700500e-01,1.092561930418014526e-01,6.911931037902832031e-01,-6.309232115745544434e-02,1.612307727336883545e-01,-4.738986119627952576e-02,3.017467558383941650e-01,4.136623144149780273e-01,-1.941600888967514038e-01,-4.917521774768829346e-01,-8.855531364679336548e-02,3.592365980148315430e-01,-3.568685352802276611e-01,4.029795527458190918e-02,-4.366051256656646729e-01,1.111720427870750427e-01,-8.546961471438407898e-03,-2.965756319463253021e-02
-1.264062047004699707e+00,-2.758161127567291260e-01,1.015938520431518555e+00,1.027372200042009354e-02,3.485528053715825081e-03,7.254307866096496582e-01,6.882096529006958008e-01,-1.950515657663345337e-01,-7.570796180516481400e-03,-1.040266454219818115e-01,3.422686755657196045e-01,-1.137031093239784241e-01,-2.979456447064876556e-02,-3.860642910003662109e-01,-1.124133914709091187e-01,1.182052046060562134e-01,6.421699523925781250e-01,-3.736480325460433960e-02,1.696512848138809204e-01,-4.619218036532402039e-02,3.028007149696350098e-01,4.119416177272796631e-01,-1.931051909923553467e-01,-4.923321604728698730e-01,-8.501980453729629517e-02,3.625345826148986816e-01,-3.571544885635375977e-01,4.043802246451377869e-02,-4.360597729682922363e-01,1.166378185153007507e-01,-6.126363296061754227e-03,-2.749221958220005035e-02
-1.260847330093383789e+00,-2.746465504169464111e-01,1.015287756919860840e+00,1.114623248577117920e-02,3.022229764610528946e-03,7.292944192886352539e-01,6.841025352478027344e-01,-1.951609104871749878e-01,-6.827460601925849915e-03,-1.137924119830131531e-01,3.490830957889556885e-01,-1.172631233930587769e-01,-3.253192454576492310e-02,-3.560871481895446777e-01,-1.067717894911766052e-01,1.218516901135444641e-01,5.963864922523498535e-01,-2.077258378267288208e-02,1.488121151924133301e-01,-4.476493597030639648e-02,3.039221167564392090e-01,4.101856350898742676e-01,-1.919419765472412109e-01,-4.939715564250946045e-01,-8.175648748874664307e-02,3.657651841640472412e-01,-3.573664426803588867e-01,4.088666662573814392e-02,-4.369145333766937256e-01,1.211956739425659180e-01,-3.620497416704893112e-03,-2.491786517202854156e-02
-1.257531404495239258e+00,-2.735580205917358398e-01,1.014616727828979492e+00,1.177847012877464294e-02,2.314151264727115631e-03,7.320038080215454102e-01,6.811947822570800781e-01,-2.006361782550811768e-01,-5.125451367348432541e-03,-1.225799694657325745e-01,3.609077334403991699e-01,-1.208929568529129028e-01,-3.591198101639747620e-02,-3.290556669235229492e-01,-1.041737869381904602e-01,1.154436022043228149e-01,5.600824356079101562e-01,-3.469092398881912231e-02,1.273567676544189453e-01,-3.958765044808387756e-02,3.049507141113281250e-01,4.085064828395843506e-01,-1.905172467231750488e-01,-4.952117204666137695e-01,-7.946100831031799316e-02,3.689122200012207031e-01,-3.574566841125488281e-01,4.170400649309158325e-02,-4.373005926609039307e-01,1.244276762008666992e-01,-1.206235261633992195e-03,-2.306218817830085754e-02
-1.254101395606994629e+00,-2.725803554058074951e-01,1.013921737670898438e+00,1.202638167887926102e-02,1.819600234739482403e-03,7.345159649848937988e-01,6.784824132919311523e-01,-2.067918926477432251e-01,-2.922006649896502495e-03,-1.304222345352172852e-01,3.732112050056457520e-01,-1.250235885381698608e-01,-3.937978670001029968e-02,-3.042404949665069580e-01,-1.038195043802261353e-01,1.001541912555694580e-01,5.302166938781738281e-01,-6.182450801134109497e-02,1.201488226652145386e-01,-3.485343977808952332e-02,3.059358298778533936e-01,4.069286584854125977e-01,-1.888250559568405151e-01,-4.968140423297882080e-01,-7.698271423578262329e-02,3.716508746147155762e-01,-3.571811318397521973e-01,4.240465536713600159e-02,-4.378983080387115479e-01,1.251979768276214600e-01,1.356207882054150105e-03,-2.043494023382663727e-02
-1.250609755516052246e+00,-2.717314958572387695e-01,1.013253211975097656e+00,1.222588773816823959e-02,1.421331893652677536e-03,7.379220128059387207e-01,6.747737526893615723e-01,-2.126639336347579956e-01,-1.447792281396687031e-03,-1.413243263959884644e-01,3.843154311180114746e-01,-1.280438601970672607e-01,-4.318759217858314514e-02,-2.774291634559631348e-01,-1.028042286634445190e-01,8.431974798440933228e-02,4.977111220359802246e-01,-8.707599341869354248e-02,1.110565587878227234e-01,-3.219246864318847656e-02,3.068802058696746826e-01,4.054256081581115723e-01,-1.871161460876464844e-01,-4.979600012302398682e-01,-7.541574537754058838e-02,3.744267523288726807e-01,-3.570483326911926270e-01,4.392709210515022278e-02,-4.390487968921661377e-01,1.283846348524093628e-01,3.043302102014422417e-03,-1.794511638581752777e-02
-1.247073173522949219e+00,-2.710144817829132080e-01,1.012598156929016113e+00,1.244666706770658493e-02,1.517511322163045406e-03,7.408769130706787109e-01,6.715238094329833984e-01,-2.206123024225234985e-01,-7.339499425143003464e-04,-1.509188413619995117e-01,3.979144692420959473e-01,-1.294482946395874023e-01,-4.636337980628013611e-02,-2.542504370212554932e-01,-1.029512211680412292e-01,6.302250921726226807e-02,4.680605828762054443e-01,-1.113725081086158752e-01,9.709211438894271851e-02,-2.965626306831836700e-02,3.077200055122375488e-01,4.037451148033142090e-01,-1.849753409624099731e-01,-4.991570115089416504e-01,-7.338611781597137451e-02,3.767679035663604736e-01,-3.570301830768585205e-01,4.534085094928741455e-02,-4.402519166469573975e-01,1.302884817123413086e-01,4.046987276524305344e-03,-1.445715781301259995e-02
-1.243208885192871094e+00,-2.702467739582061768e-01,1.012389183044433594e+00,1.308429334312677383e-02,2.533416496589779854e-03,7.441424727439880371e-01,6.678879857063293457e-01,-2.338764071464538574e-01,-2.306733513250946999e-03,-1.601108461618423462e-01,4.183732271194458008e-01,-1.231760457158088684e-01,-4.849494248628616333e-02,-2.336121052503585815e-01,-1.048884168267250061e-01,3.878136724233627319e-02,4.394088089466094971e-01,-1.284676194190979004e-01,8.524272590875625610e-02,-2.721692807972431183e-02,3.084002137184143066e-01,4.016460776329040527e-01,-1.828346848487854004e-01,-5.010454058647155762e-01,-7.124008238315582275e-02,3.786606490612030029e-01,-3.573199510574340820e-01,4.651639237999916077e-02,-4.411892294883728027e-01,1.314202547073364258e-01,5.925050005316734314e-03,-1.080365013331174850e-02
-1.239401698112487793e+00,-2.696599364280700684e-01,1.012161254882812500e+00,1.308440044522285461e-02,2.923592459410429001e-03,7.476402521133422852e-01,6.639686226844787598e-01,-2.473928034305572510e-01,-2.759956987574696541e-03,-1.712109595537185669e-01,4.388408362865447998e-01,-1.186534464359283447e-01,-5.126057565212249756e-02,-2.137986123561859131e-01,-1.045307815074920654e-01,1.418041251599788666e-02,4.094822108745574951e-01,-1.377410143613815308e-01,7.361480593681335449e-02,-2.619161643087863922e-02,3.090524375438690186e-01,3.995091915130615234e-01,-1.804689168930053711e-01,-5.023976564407348633e-01,-6.925877928733825684e-02,3.801579773426055908e-01,-3.576889336109161377e-01,4.777685552835464478e-02,-4.425100982189178467e-01,1.321083754301071167e-01,8.098472841084003448e-03,-6.721346639096736908e-03
-1.235856533050537109e+00,-2.693246006965637207e-01,1.011893630027770996e+00,1.225119922310113907e-02,2.665194682776927948e-03,7.512843608856201172e-01,6.598595380783081055e-01,-2.617745995521545410e-01,-1.814296585507690907e-03,-1.837993413209915161e-01,4.592052102088928223e-01,-1.164779067039489746e-01,-5.553806200623512268e-02,-1.952643543481826782e-01,-1.019521206617355347e-01,-1.112322788685560226e-02,3.800075352191925049e-01,-1.425716578960418701e-01,6.134800985455513000e-02,-2.563724108040332794e-02,3.095923960208892822e-01,3.979020714759826660e-01,-1.776709258556365967e-01,-5.027073025703430176e-01,-6.816753745079040527e-02,3.812169432640075684e-01,-3.576455414295196533e-01,4.909524694085121155e-02,-4.441771805286407471e-01,1.321377456188201904e-01,9.778026491403579712e-03,-2.429916057735681534e-03
-1.232237219810485840e+00,-2.692059576511383057e-01,1.011778235435485840e+00,1.138725690543651581e-02,2.138898940756917000e-03,7.545587420463562012e-01,6.561301946640014648e-01,-2.754255533218383789e-01,1.207636596518568695e-04,-1.946409195661544800e-01,4.781781136989593506e-01,-1.117487400770187378e-01,-5.935870110988616943e-02,-1.784507632255554199e-01,-9.785599261522293091e-02,-3.125177323818206787e-02,3.549747169017791748e-01,-1.532283872365951538e-01,4.580672085285186768e-02,-2.427545934915542603e-02,3.099481761455535889e-01,3.967775106430053711e-01,-1.749586910009384155e-01,-5.024268627166748047e-01,-6.766428053379058838e-02,3.817907273769378662e-01,-3.574186861515045166e-01,5.055473372340202332e-02,-4.451315701007843018e-01,1.322690844535827637e-01,1.087263785302639008e-02,4.906416288577020168e-04
-1.228486418724060059e+00,-2.692560553550720215e-01,1.011742115020751953e+00,1.030888687819242477e-02,9.318342199549078941e-04,7.582053542137145996e-01,6.519336104393005371e-01,-2.914274036884307861e-01,2.325448906049132347e-03,-2.077697962522506714e-01,5.011191964149475098e-01,-1.047663763165473938e-01,-6.266088038682937622e-02,-1.658873707056045532e-01,-9.380430728197097778e-02,-4.731507599353790283e-02,3.365549743175506592e-01,-1.541183739900588989e-01,6.457884609699249268e-02,-2.478998713195323944e-02,3.103726506233215332e-01,3.959414362907409668e-01,-1.717622131109237671e-01,-5.012866854667663574e-01,-6.696066260337829590e-02,3.820829689502716064e-01,-3.568384647369384766e-01,5.232207477092742920e-02,-4.462986886501312256e-01,1.323159784078598022e-01,1.197394542396068573e-02,3.601573174819350243e-03
-1.224629044532775879e+00,-2.695835232734680176e-01,1.011878371238708496e+00,9.362856857478618622e-03,4.284374008420854807e-04,7.621375918388366699e-01,6.473472714424133301e-01,-3.117637038230895996e-01,1.799273770302534103e-03,-2.215681225061416626e-01,5.288618803024291992e-01,-9.208345413208007812e-02,-6.395633518695831299e-02,-1.613869369029998779e-01,-8.951389789581298828e-02,-5.943996459245681763e-02,3.294128477573394775e-01,-1.509784311056137085e-01,6.180669739842414856e-02,-2.639180980622768402e-02,3.106186985969543457e-01,3.951473236083984375e-01,-1.680457741022109985e-01,-4.999018013477325439e-01,-6.613042205572128296e-02,3.820757567882537842e-01,-3.563794791698455811e-01,5.456176027655601501e-02,-4.479988515377044678e-01,1.326651573181152344e-01,1.296654064208269119e-02,6.990825291723012924e-03
-1.220699071884155273e+00,-2.700476646423339844e-01,1.012183070182800293e+00,7.693585939705371857e-03,6.757097435183823109e-04,7.657516598701477051e-01,6.430900096893310547e-01,-3.367035388946533203e-01,3.730754251591861248e-04,-2.331979572772979736e-01,5.595831274986267090e-01,-7.505136728286743164e-02,-6.288226693868637085e-02,-1.599110364913940430e-01,-8.513564616441726685e-02,-7.139784842729568481e-02,3.230897188186645508e-01,-1.485029608011245728e-01,5.789799615740776062e-02,-2.723765745759010315e-02,3.105131983757019043e-01,3.943335413932800293e-01,-1.638523042201995850e-01,-4.988137483596801758e-01,-6.505627930164337158e-02,3.814529180526733398e-01,-3.559637069702148438e-01,5.704748257994651794e-02,-4.504638910293579102e-01,1.329909563064575195e-01,1.368536241352558136e-02,1.051201019436120987e-02
-1.216725707054138184e+00,-2.707282602787017822e-01,1.012495160102844238e+00,6.147616077214479446e-03,1.156234415248036385e-03,7.693519592285156250e-01,6.387944817543029785e-01,-3.654507398605346680e-01,-1.930569997057318687e-03,-2.428953796625137329e-01,5.951076745986938477e-01,-5.602366477251052856e-02,-7.569548487663269043e-02,-1.595599502325057983e-01,-8.129896968603134155e-02,-8.399488031864166260e-02,3.182183206081390381e-01,-1.466354876756668091e-01,5.374827235937118530e-02,-2.738995477557182312e-02,3.101792931556701660e-01,3.933242261409759521e-01,-1.594757735729217529e-01,-4.979296624660491943e-01,-6.377907842397689819e-02,3.805264532566070557e-01,-3.558836877346038818e-01,5.992845445871353149e-02,-4.531522989273071289e-01,1.336737722158432007e-01,1.423224806785583496e-02,1.408250164240598679e-02
-1.212906122207641602e+00,-2.714037597179412842e-01,1.013039946556091309e+00,4.582586232572793961e-03,1.787888817489147186e-03,7.722242474555969238e-01,6.353310346603393555e-01,-3.950887024402618408e-01,-5.289995111525058746e-03,-2.557734549045562744e-01,6.312304735183715820e-01,-3.103281371295452118e-02,-8.673491328954696655e-02,-1.584085524082183838e-01,-7.766730338335037231e-02,-9.693185240030288696e-02,3.104440569877624512e-01,-1.432027220726013184e-01,4.967608302831649780e-02,-2.572939544916152954e-02,3.098107576370239258e-01,3.921608626842498779e-01,-1.551764756441116333e-01,-4.971458315849304199e-01,-6.282259523868560791e-02,3.791343867778778076e-01,-3.559826612472534180e-01,6.281556934118270874e-02,-4.562037587165832520e-01,1.340223848819732666e-01,1.448780857026576996e-02,1.759605482220649719e-02
-1.209294199943542480e+00,-2.721652388572692871e-01,1.013545274734497070e+00,2.905743429437279701e-03,2.421855228021740913e-03,7.749421000480651855e-01,6.320208907127380371e-01,-4.258177876472473145e-01,-9.757604449987411499e-03,-2.700906991958618164e-01,6.670089960098266602e-01,-4.445635422598570585e-04,-9.887686371803283691e-02,-1.571763157844543457e-01,-7.429230958223342896e-02,-1.110229045152664185e-01,3.017431199550628662e-01,-1.390993148088455200e-01,4.590605199337005615e-02,-2.368519641458988190e-02,3.093242049217224121e-01,3.907537758350372314e-01,-1.507371068000793457e-01,-4.965580999851226807e-01,-6.156539171934127808e-02,3.775369226932525635e-01,-3.564881682395935059e-01,6.609787046909332275e-02,-4.591311514377593994e-01,1.349534094333648682e-01,1.458961423486471176e-02,2.116329781711101532e-02
-1.205775976181030273e+00,-2.729847431182861328e-01,1.014172315597534180e+00,1.258935662917792797e-03,3.132904181256890297e-03,7.780756950378417969e-01,6.281614303588867188e-01,-4.563845694065093994e-01,-1.458008494228124619e-02,-2.834069728851318359e-01,6.991948485374450684e-01,3.362838178873062134e-02,-1.215112432837486267e-01,-1.550134718418121338e-01,-7.125771045684814453e-02,-1.264120787382125854e-01,2.912283539772033691e-01,-1.340777575969696045e-01,4.236652702093124390e-02,-2.305754087865352631e-02,3.088007569313049316e-01,3.890723586082458496e-01,-1.464933305978775024e-01,-4.962519407272338867e-01,-6.034028902649879456e-02,3.756038844585418701e-01,-3.574037253856658936e-01,6.942936033010482788e-02,-4.622887670993804932e-01,1.360437422990798950e-01,1.439401693642139435e-02,2.459606342017650604e-02
-1.202378392219543457e+00,-2.737039923667907715e-01,1.014755487442016602e+00,-2.896061923820525408e-04,3.984172362834215164e-03,7.817330360412597656e-01,6.236004233360290527e-01,-4.864531755447387695e-01,-1.900335960090160370e-02,-2.939405441284179688e-01,7.284076809883117676e-01,6.315593421459197998e-02,-1.503374129533767700e-01,-1.523948460817337036e-01,-6.868232041597366333e-02,-1.421066224575042725e-01,2.805318236351013184e-01,-1.292310953140258789e-01,3.910460323095321655e-02,-2.517825551331043243e-02,3.084117770195007324e-01,3.871825337409973145e-01,-1.425726711750030518e-01,-4.960566461086273193e-01,-5.927668884396553040e-02,3.733470141887664795e-01,-3.587580919265747070e-01,7.295023649930953979e-02,-4.657591283321380615e-01,1.372810006141662598e-01,1.387646701186895370e-02,2.790068089962005615e-02
-1.199009060859680176e+00,-2.743385434150695801e-01,1.015350461006164551e+00,-1.675391569733619690e-03,4.823927301913499832e-03,7.856199741363525391e-01,6.186882257461547852e-01,-5.161118507385253906e-01,-2.249518968164920807e-02,-2.990891337394714355e-01,7.587630152702331543e-01,8.782943338155746460e-02,-1.891193538904190063e-01,-1.494549959897994995e-01,-6.604195386171340942e-02,-1.574043035507202148e-01,2.701131701469421387e-01,-1.247183680534362793e-01,3.582148998975753784e-02,-2.999466285109519958e-02,3.083462715148925781e-01,3.850033879280090332e-01,-1.389527916908264160e-01,-4.959257245063781738e-01,-5.823584273457527161e-02,3.707956075668334961e-01,-3.606493175029754639e-01,7.662592083215713501e-02,-4.692758023738861084e-01,1.386231929063796997e-01,1.326349377632141113e-02,3.126332163810729980e-02
-1.195590972900390625e+00,-2.749004065990447998e-01,1.015792369842529297e+00,-2.873292891308665276e-03,5.867919884622097015e-03,7.899270653724670410e-01,6.131659746170043945e-01,-5.463233590126037598e-01,-2.500583417713642120e-02,-2.985363304615020752e-01,7.903363704681396484e-01,1.048972830176353455e-01,-2.238777428865432739e-01,-1.479828059673309326e-01,-6.402135640382766724e-02,-1.720372736454010010e-01,2.630241215229034424e-01,-1.220196038484573364e-01,3.252540528774261475e-02,-3.623237833380699158e-02,3.085556030273437500e-01,3.825857639312744141e-01,-1.359352916479110718e-01,-4.961007237434387207e-01,-5.781310796737670898e-02,3.681148886680603027e-01,-3.634168207645416260e-01,8.085162192583084106e-02,-4.729180932044982910e-01,1.406459510326385498e-01,1.242814492434263229e-02,3.492084890604019165e-02
-1.192371487617492676e+00,-2.753050029277801514e-01,1.016182899475097656e+00,-4.246341530233621597e-03,6.980432663112878799e-03,7.940798997879028320e-01,6.077584624290466309e-01,-5.754841566085815430e-01,-2.482159808278083801e-02,-2.921771109104156494e-01,8.193973302841186523e-01,1.168786957859992981e-01,-2.498394101858139038e-01,-1.473297178745269775e-01,-6.193155422806739807e-02,-1.854065060615539551e-01,2.569106221199035645e-01,-1.200309097766876221e-01,2.939668670296669006e-02,-4.370526224374771118e-02,3.091122508049011230e-01,3.798792958259582520e-01,-1.332636028528213501e-01,-4.964279830455780029e-01,-5.764767155051231384e-02,3.649836182594299316e-01,-3.667919635772705078e-01,8.518534898757934570e-02,-4.767918884754180908e-01,1.431590914726257324e-01,1.129081193357706070e-02,3.886126354336738586e-02
-1.189086556434631348e+00,-2.756175696849822998e-01,1.016652107238769531e+00,-5.554609000682830811e-03,8.245045319199562073e-03,7.980609536170959473e-01,6.024946570396423340e-01,-6.031085848808288574e-01,-2.123786509037017822e-02,-2.801980674266815186e-01,8.459169268608093262e-01,1.221830844879150391e-01,-2.514953613281250000e-01,-1.471065282821655273e-01,-6.006813794374465942e-02,-1.983054429292678833e-01,2.512187361717224121e-01,-1.182738244533538818e-01,2.622394450008869171e-02,-5.089102685451507568e-02,3.100208342075347900e-01,3.769204318523406982e-01,-1.310554146766662598e-01,-4.970259666442871094e-01,-5.805205926299095154e-02,3.613915741443634033e-01,-3.705787062644958496e-01,8.938656747341156006e-02,-4.809900522232055664e-01,1.451637297868728638e-01,9.847242385149002075e-03,4.315721988677978516e-02
-1.186007261276245117e+00,-2.758259177207946777e-01,1.017174482345581055e+00,-6.826383527368307114e-03,9.578386321663856506e-03,8.019470572471618652e-01,5.972793102264404297e-01,-6.291061043739318848e-01,-1.449320837855339050e-02,-2.628226280212402344e-01,8.709125518798828125e-01,1.150354519486427307e-01,-2.370941936969757080e-01,-1.464573740959167480e-01,-5.849296227097511292e-02,-2.112999111413955688e-01,2.448771893978118896e-01,-1.163711100816726685e-01,2.330187149345874786e-02,-5.731639266014099121e-02,3.113649487495422363e-01,3.739198446273803711e-01,-1.296291798353195190e-01,-4.979214966297149658e-01,-5.959820374846458435e-02,3.574766218662261963e-01,-3.749900162220001221e-01,9.354774653911590576e-02,-4.854056239128112793e-01,1.475237458944320679e-01,7.895292714238166809e-03,4.768112301826477051e-02
-1.182813048362731934e+00,-2.760284841060638428e-01,1.017650961875915527e+00,-7.289451081305742264e-03,1.041797269135713577e-02,8.056189417839050293e-01,5.922976136207580566e-01,-6.518863439559936523e-01,-5.031818989664316177e-03,-2.427604943513870239e-01,8.951992988586425781e-01,9.882457554340362549e-02,-2.138342559337615967e-01,-1.444161087274551392e-01,-5.698029324412345886e-02,-2.237774282693862915e-01,2.394022941589355469e-01,-1.148561239242553711e-01,2.029183879494667053e-02,-6.201688945293426514e-02,3.132697939872741699e-01,3.708922564983367920e-01,-1.289659440517425537e-01,-4.987714588642120361e-01,-6.209041923284530640e-02,3.535967469215393066e-01,-3.797360658645629883e-01,9.726966917514801025e-02,-4.891228377819061279e-01,1.495651751756668091e-01,6.072615273296833038e-03,5.212904885411262512e-02
-1.179842114448547363e+00,-2.761157453060150146e-01,1.018216490745544434e+00,-7.404091767966747284e-03,1.170348748564720154e-02,8.089567422866821289e-01,5.877050161361694336e-01,-6.722488999366760254e-01,5.403283052146434784e-03,-2.205990552902221680e-01,9.173824787139892578e-01,7.841931283473968506e-02,-1.878487914800643921e-01,-1.432796567678451538e-01,-5.699080601334571838e-02,-2.353067398071289062e-01,2.354059219360351562e-01,-1.139900907874107361e-01,1.761233992874622345e-02,-6.552992016077041626e-02,3.156860768795013428e-01,3.677988648414611816e-01,-1.292627453804016113e-01,-4.992597699165344238e-01,-6.577929109334945679e-02,3.496142923831939697e-01,-3.848057389259338379e-01,1.003364473581314087e-01,-4.919202029705047607e-01,1.510082930326461792e-01,4.652045667171478271e-03,5.623367801308631897e-02
-1.177027702331542969e+00,-2.762058079242706299e-01,1.018689155578613281e+00,-6.944273132830858231e-03,1.266987435519695282e-02,8.120671510696411133e-01,5.833851099014282227e-01,-6.903698444366455078e-01,1.751738600432872772e-02,-1.962569355964660645e-01,9.398601055145263672e-01,5.622351914644241333e-02,-1.571804881095886230e-01,-1.417539268732070923e-01,-5.756931751966476440e-02,-2.465192526578903198e-01,2.332813143730163574e-01,-1.140069887042045593e-01,1.516107749193906784e-02,-6.802847981452941895e-02,3.185895085334777832e-01,3.647106587886810303e-01,-1.302940994501113892e-01,-4.991864562034606934e-01,-7.022610306739807129e-02,3.456759452819824219e-01,-3.900578916072845459e-01,1.024939939379692078e-01,-4.938609004020690918e-01,1.514491885900497437e-01,3.530620830133557320e-03,6.009391695261001587e-02
-1.174278140068054199e+00,-2.761496305465698242e-01,1.019214630126953125e+00,-6.564933806657791138e-03,1.416716631501913071e-02,8.148412704467773438e-01,5.794737935066223145e-01,-7.071377038955688477e-01,2.933922037482261658e-02,-1.728448867797851562e-01,9.616817235946655273e-01,3.336257115006446838e-02,-1.271983236074447632e-01,-1.414239555597305298e-01,-5.887551233172416687e-02,-2.560001611709594727e-01,2.318291515111923218e-01,-1.144124120473861694e-01,1.282884832471609116e-02,-6.932481378316879272e-02,3.217023015022277832e-01,3.615459799766540527e-01,-1.317383348941802979e-01,-4.985251724720001221e-01,-7.526058703660964966e-02,3.415718376636505127e-01,-3.953652679920196533e-01,1.033068448305130005e-01,-4.948220252990722656e-01,1.503927111625671387e-01,2.762180985882878304e-03,6.332356482744216919e-02
-1.171773672103881836e+00,-2.760344445705413818e-01,1.019683480262756348e+00,-6.175900343805551529e-03,1.558858714997768402e-02,8.173719644546508789e-01,5.758662223815917969e-01,-7.222346067428588867e-01,4.143034666776657104e-02,-1.500876396894454956e-01,9.832023382186889648e-01,1.204344071447849274e-02,-9.697762131690979004e-02,-1.414116173982620239e-01,-6.030743569135665894e-02,-2.646144032478332520e-01,2.311878204345703125e-01,-1.151786744594573975e-01,1.072076614946126938e-02,-6.997955590486526489e-02,3.249335289001464844e-01,3.582151532173156738e-01,-1.332971900701522827e-01,-4.974581003189086914e-01,-7.990632206201553345e-02,3.374189138412475586e-01,-4.005519151687622070e-01,1.028741523623466492e-01,-4.950082302093505859e-01,1.479342877864837646e-01,2.426826627925038338e-03,6.609017401933670044e-02
-1.169283032417297363e+00,-2.760190963745117188e-01,1.020103096961975098e+00,-5.588523112237453461e-03,1.684520021080970764e-02,8.197880387306213379e-01,5.723919868469238281e-01,-7.359254956245422363e-01,5.365154147148132324e-02,-1.282095760107040405e-01,1.004943013191223145e+00,-7.953955791890621185e-03,-6.603919714689254761e-02,-1.414018124341964722e-01,-6.181676313281059265e-02,-2.727855741977691650e-01,2.312940806150436401e-01,-1.161717250943183899e-01,8.643341250717639923e-03,-7.000705599784851074e-02,3.282601535320281982e-01,3.549766242504119873e-01,-1.349654048681259155e-01,-4.952970445156097412e-01,-8.477382361888885498e-02,3.334722816944122314e-01,-4.055590331554412842e-01,1.015996262431144714e-01,-4.944452941417694092e-01,1.444255560636520386e-01,2.411599038168787956e-03,6.813029199838638306e-02
-1.167061209678649902e+00,-2.759611308574676514e-01,1.020446300506591797e+00,-4.950515925884246826e-03,1.774998195469379425e-02,8.220254182815551758e-01,5.691525936126708984e-01,-7.478349208831787109e-01,6.570361554622650146e-02,-1.084245517849922180e-01,1.026555418968200684e+00,-2.452119253575801849e-02,-4.144972562789916992e-02,-1.409276574850082397e-01,-6.300763040781021118e-02,-2.804542779922485352e-01,2.316419482231140137e-01,-1.173109561204910278e-01,6.797070614993572235e-03,-6.955294311046600342e-02,3.315149843692779541e-01,3.516140878200531006e-01,-1.363901644945144653e-01,-4.929258823394775391e-01,-8.877835422754287720e-02,3.297762870788574219e-01,-4.103115797042846680e-01,9.974003583192825317e-02,-4.932889342308044434e-01,1.400201618671417236e-01,2.713485853746533394e-03,6.942176818847656250e-02
-1.164897680282592773e+00,-2.758733928203582764e-01,1.020758748054504395e+00,-4.512973595410585403e-03,1.880332082509994507e-02,8.242471814155578613e-01,5.658997893333435059e-01,-7.589382529258728027e-01,7.759189605712890625e-02,-8.944542706012725830e-02,1.047063827514648438e+00,-3.624115511775016785e-02,-1.731092110276222229e-02,-1.408140361309051514e-01,-6.414871662855148315e-02,-2.877734899520874023e-01,2.316609323024749756e-01,-1.182932257652282715e-01,4.995533730834722519e-03,-6.906073540449142456e-02,3.345715701580047607e-01,3.481842577457427979e-01,-1.373516172170639038e-01,-4.900927245616912842e-01,-9.170337766408920288e-02,3.261186182498931885e-01,-4.145973920822143555e-01,9.693780541419982910e-02,-4.921699464321136475e-01,1.338718384504318237e-01,3.087990451604127884e-03,7.023771107196807861e-02
-1.162911295890808105e+00,-2.758866846561431885e-01,1.020997405052185059e+00,-4.186026751995086670e-03,1.963219791650772095e-02,8.262371420860290527e-01,5.629646182060241699e-01,-7.687128782272338867e-01,8.905580639839172363e-02,-7.276336103677749634e-02,1.066997647285461426e+00,-4.636783897876739502e-02,1.575751928612589836e-03,-1.408203840255737305e-01,-6.494484841823577881e-02,-2.947770059108734131e-01,2.317555099725723267e-01,-1.191278323531150818e-01,3.320544259622693062e-03,-6.780932098627090454e-02,3.374668657779693604e-01,3.449580073356628418e-01,-1.378960758447647095e-01,-4.868924319744110107e-01,-9.411314874887466431e-02,3.228434920310974121e-01,-4.186863601207733154e-01,9.401211142539978027e-02,-4.908208847045898438e-01,1.275785565376281738e-01,3.486847039312124252e-03,7.041813433170318604e-02
-1.161060690879821777e+00,-2.759427428245544434e-01,1.021222472190856934e+00,-3.843687940388917923e-03,2.042053267359733582e-02,8.282586932182312012e-01,5.599605441093444824e-01,-7.771118283271789551e-01,9.952230751514434814e-02,-5.741938948631286621e-02,1.086095333099365234e+00,-5.561101064085960388e-02,1.776602678000926971e-02,-1.407801061868667603e-01,-6.594136357307434082e-02,-3.019323945045471191e-01,2.320464998483657837e-01,-1.200469955801963806e-01,1.852922257967293262e-03,-6.607709079980850220e-02,3.400291502475738525e-01,3.417634367942810059e-01,-1.379527002573013306e-01,-4.835685491561889648e-01,-9.568457305431365967e-02,3.200116455554962158e-01,-4.226060509681701660e-01,9.118280559778213501e-02,-4.893179535865783691e-01,1.214125007390975952e-01,3.921427763998508453e-03,6.978201866149902344e-02
-1.159369468688964844e+00,-2.759564518928527832e-01,1.021317601203918457e+00,-3.714232007041573524e-03,2.073359861969947815e-02,8.302754163742065430e-01,5.569551587104797363e-01,-7.845615744590759277e-01,1.097120419144630432e-01,-4.448154196143150330e-02,1.105041146278381348e+00,-6.456740200519561768e-02,2.909478917717933655e-02,-1.403456926345825195e-01,-6.581386923789978027e-02,-3.087325096130371094e-01,2.320927083492279053e-01,-1.208910197019577026e-01,3.995041770394891500e-04,-6.452826410531997681e-02,3.424015641212463379e-01,3.388589620590209961e-01,-1.375549733638763428e-01,-4.801991879940032959e-01,-9.660130739212036133e-02,3.176724910736083984e-01,-4.262361228466033936e-01,8.872001618146896362e-02,-4.876222908496856689e-01,1.154166683554649353e-01,4.561327863484621048e-03,6.948459148406982422e-02
-1.157693982124328613e+00,-2.757435441017150879e-01,1.021457910537719727e+00,-3.656256478279829025e-03,2.125333063304424286e-02,8.322131037712097168e-01,5.540363788604736328e-01,-7.900474667549133301e-01,1.186049953103065491e-01,-3.307180479168891907e-02,1.121845602989196777e+00,-7.280860841274261475e-02,3.974262252449989319e-02,-1.400220543146133423e-01,-6.589489430189132690e-02,-3.156294822692871094e-01,2.319870740175247192e-01,-1.218490526080131531e-01,-1.018008566461503506e-03,-6.266049295663833618e-02,3.444278836250305176e-01,3.362124860286712646e-01,-1.368565857410430908e-01,-4.771247506141662598e-01,-9.719020128250122070e-02,3.158232271671295166e-01,-4.298660159111022949e-01,8.681518584489822388e-02,-4.859334528446197510e-01,1.105269640684127808e-01,5.154205486178398132e-03,6.889551132917404175e-02
-1.156115531921386719e+00,-2.756009995937347412e-01,1.021490454673767090e+00,-3.606964834034442902e-03,2.152183651924133301e-02,8.341857194900512695e-01,5.510517358779907227e-01,-7.940217256546020508e-01,1.268897503614425659e-01,-2.299786731600761414e-02,1.136911034584045410e+00,-8.123120665550231934e-02,4.947010427713394165e-02,-1.394062489271163940e-01,-6.559249013662338257e-02,-3.222770690917968750e-01,2.318666577339172363e-01,-1.227912083268165588e-01,-2.362505299970507622e-03,-6.077613309025764465e-02,3.462795615196228027e-01,3.339072167873382568e-01,-1.360975056886672974e-01,-4.743752777576446533e-01,-9.758496284484863281e-02,3.144090771675109863e-01,-4.332604110240936279e-01,8.539304882287979126e-02,-4.842048883438110352e-01,1.061961203813552856e-01,5.687384866178035736e-03,6.829746067523956299e-02
-1.154599666595458984e+00,-2.754145562648773193e-01,1.021530985832214355e+00,-3.608691273257136345e-03,2.171092852950096130e-02,8.361173868179321289e-01,5.481088757514953613e-01,-7.965867519378662109e-01,1.343717873096466064e-01,-1.398252975195646286e-02,1.150577068328857422e+00,-8.967306464910507202e-02,5.529256910085678101e-02,-1.385746300220489502e-01,-6.505519896745681763e-02,-3.289042115211486816e-01,2.314299941062927246e-01,-1.236298531293869019e-01,-3.664224874228239059e-03,-5.869603157043457031e-02,3.479896187782287598e-01,3.319957256317138672e-01,-1.353361755609512329e-01,-4.717774987220764160e-01,-9.813468158245086670e-02,3.134450912475585938e-01,-4.366029202938079834e-01,8.460839837789535522e-02,-4.822271168231964111e-01,1.034519374370574951e-01,6.240251008421182632e-03,6.767802685499191284e-02
-1.153330802917480469e+00,-2.751262784004211426e-01,1.021542072296142578e+00,-4.059780389070510864e-03,2.223942242562770844e-02,8.382220268249511719e-01,5.448603630065917969e-01,-7.980090975761413574e-01,1.408741027116775513e-01,-4.765328485518693924e-03,1.161389112472534180e+00,-9.829418361186981201e-02,5.960653349757194519e-02,-1.389868706464767456e-01,-6.493087857961654663e-02,-3.355788588523864746e-01,2.316327691078186035e-01,-1.249077245593070984e-01,-4.682978149503469467e-03,-5.718882381916046143e-02,3.492984473705291748e-01,3.303707838058471680e-01,-1.345109790563583374e-01,-4.700122475624084473e-01,-9.872145950794219971e-02,3.127672374248504639e-01,-4.398272633552551270e-01,8.437377214431762695e-02,-4.802595674991607666e-01,1.020080447196960449e-01,6.531483493745326996e-03,6.694702804088592529e-02
-1.151904106140136719e+00,-2.748489677906036377e-01,1.021538853645324707e+00,-4.295261111110448837e-03,2.243416383862495422e-02,8.405538797378540039e-01,5.412462353706359863e-01,-7.977488040924072266e-01,1.468366384506225586e-01,3.030032385140657425e-03,1.170328021049499512e+00,-1.049416437745094299e-01,6.300856918096542358e-02,-1.384586393833160400e-01,-6.434186547994613647e-02,-3.428546488285064697e-01,2.316365242004394531e-01,-1.261888146400451660e-01,-5.833698902279138565e-03,-5.531515553593635559e-02,3.504072427749633789e-01,3.291810452938079834e-01,-1.339473277330398560e-01,-4.688675999641418457e-01,-9.964714199304580688e-02,3.123222887516021729e-01,-4.426043033599853516e-01,8.432309329509735107e-02,-4.782275855541229248e-01,1.007512435317039490e-01,6.814500316977500916e-03,6.608707457780838013e-02
-1.150805592536926270e+00,-2.742845714092254639e-01,1.021509408950805664e+00,-4.677974153310060501e-03,2.247946709394454956e-02,8.430930376052856445e-01,5.372773408889770508e-01,-7.957342267036437988e-01,1.529275476932525635e-01,1.156235206872224808e-02,1.177223324775695801e+00,-1.126158013939857483e-01,6.431293487548828125e-02,-1.372966170310974121e-01,-6.357653439044952393e-02,-3.512142896652221680e-01,2.312563955783843994e-01,-1.276461929082870483e-01,-6.660367362201213837e-03,-5.423014238476753235e-02,3.512122035026550293e-01,3.284031152725219727e-01,-1.334606260061264038e-01,-4.682605564594268799e-01,-1.008028388023376465e-01,3.121968209743499756e-01,-4.450080692768096924e-01,8.458387106657028198e-02,-4.761277735233306885e-01,1.000148579478263855e-01,6.991367321461439133e-03,6.524102389812469482e-02
-1.149705171585083008e+00,-2.739009857177734375e-01,1.021490097045898438e+00,-4.718259442597627640e-03,2.221092209219932556e-02,8.457338213920593262e-01,5.331216454505920410e-01,-7.915467619895935059e-01,1.588721722364425659e-01,2.037552185356616974e-02,1.181980371475219727e+00,-1.188136562705039978e-01,6.705546379089355469e-02,-1.347785890102386475e-01,-6.256231665611267090e-02,-3.598576784133911133e-01,2.299037128686904907e-01,-1.285581141710281372e-01,-7.424428593367338181e-03,-5.359033495187759399e-02,3.519570827484130859e-01,3.280510902404785156e-01,-1.331512778997421265e-01,-4.679627418518066406e-01,-1.021529883146286011e-01,3.122215569019317627e-01,-4.468471407890319824e-01,8.473487943410873413e-02,-4.738417863845825195e-01,9.877333045005798340e-02,7.260915823280811310e-03,6.431256979703903198e-02
-1.148813128471374512e+00,-2.734290957450866699e-01,1.021403193473815918e+00,-4.813794512301683426e-03,2.175220288336277008e-02,8.485151529312133789e-01,5.287019014358520508e-01,-7.854933738708496094e-01,1.653485149145126343e-01,3.017427399754524231e-02,1.183811902999877930e+00,-1.243050247430801392e-01,7.031071186065673828e-02,-1.320916265249252319e-01,-6.143317744135856628e-02,-3.692262172698974609e-01,2.289054244756698608e-01,-1.297188252210617065e-01,-7.978076115250587463e-03,-5.336009338498115540e-02,3.525754511356353760e-01,3.280003964900970459e-01,-1.329706609249114990e-01,-4.679623842239379883e-01,-1.035788431763648987e-01,3.125894367694854736e-01,-4.481852054595947266e-01,8.498372137546539307e-02,-4.710054695606231689e-01,9.770903736352920532e-02,7.692356593906879425e-03,6.331546604633331299e-02
-1.147917270660400391e+00,-2.729003727436065674e-01,1.021327614784240723e+00,-5.031941924244165421e-03,2.133929170668125153e-02,8.514709472656250000e-01,5.239433050155639648e-01,-7.778866291046142578e-01,1.717997342348098755e-01,4.071700200438499451e-02,1.183036923408508301e+00,-1.296908706426620483e-01,7.297892868518829346e-02,-1.292863488197326660e-01,-6.018029153347015381e-02,-3.791232705116271973e-01,2.275362461805343628e-01,-1.308848857879638672e-01,-8.460481651127338409e-03,-5.319200828671455383e-02,3.529489040374755859e-01,3.282802402973175049e-01,-1.329906284809112549e-01,-4.685168862342834473e-01,-1.052965819835662842e-01,3.132989704608917236e-01,-4.490097165107727051e-01,8.546416461467742920e-02,-4.679409861564636230e-01,9.713061153888702393e-02,8.176560513675212860e-03,6.221914291381835938e-02
-1.147237181663513184e+00,-2.723565995693206787e-01,1.021250486373901367e+00,-4.978511948138475418e-03,2.073900587856769562e-02,8.546357750892639160e-01,5.187897086143493652e-01,-7.676473855972290039e-01,1.780220717191696167e-01,5.250854790210723877e-02,1.178968667984008789e+00,-1.352937370538711548e-01,7.523488253355026245e-02,-1.251726150512695312e-01,-5.902271717786788940e-02,-3.905160427093505859e-01,2.252769470214843750e-01,-1.317802220582962036e-01,-8.698833175003528595e-03,-5.369029939174652100e-02,3.533148467540740967e-01,3.288847506046295166e-01,-1.329468041658401489e-01,-4.698226749897003174e-01,-1.078485250473022461e-01,3.142134249210357666e-01,-4.492425024509429932e-01,8.572239428758621216e-02,-4.626718759536743164e-01,9.487535804510116577e-02,9.258614853024482727e-03,6.019248068332672119e-02
-1.146680355072021484e+00,-2.716253995895385742e-01,1.021148920059204102e+00,-5.019085016101598740e-03,2.003506012260913849e-02,8.579379320144653320e-01,5.133380293846130371e-01,-7.560526132583618164e-01,1.848416179418563843e-01,6.578393280506134033e-02,1.173060894012451172e+00,-1.428138017654418945e-01,7.834219187498092651e-02,-1.206783801317214966e-01,-5.759994313120841980e-02,-4.028500020503997803e-01,2.228729128837585449e-01,-1.327632516622543335e-01,-8.763827383518218994e-03,-5.401059240102767944e-02,3.534057438373565674e-01,3.299853801727294922e-01,-1.331966072320938110e-01,-4.720715880393981934e-01,-1.107757240533828735e-01,3.153300583362579346e-01,-4.488588273525238037e-01,8.598855882883071899e-02,-4.575811624526977539e-01,9.308325499296188354e-02,1.034467201679944992e-02,5.796556919813156128e-02
-1.146218299865722656e+00,-2.710282504558563232e-01,1.021001935005187988e+00,-4.964503925293684006e-03,1.916574686765670776e-02,8.611745238304138184e-01,5.079236626625061035e-01,-7.423321008682250977e-01,1.912283450365066528e-01,7.883334159851074219e-02,1.164016962051391602e+00,-1.488558202981948853e-01,8.290793001651763916e-02,-1.159608736634254456e-01,-5.588743090629577637e-02,-4.139097034931182861e-01,2.203138023614883423e-01,-1.335240900516510010e-01,-8.768245577812194824e-03,-5.474089831113815308e-02,3.535197973251342773e-01,3.315057158470153809e-01,-1.337255835533142090e-01,-4.742555022239685059e-01,-1.137495115399360657e-01,3.165240287780761719e-01,-4.478202462196350098e-01,8.615097403526306152e-02,-4.532338678836822510e-01,9.127940237522125244e-02,1.147927343845367432e-02,5.595986172556877136e-02
-1.145923733711242676e+00,-2.704071998596191406e-01,1.020822167396545410e+00,-4.980355966836214066e-03,1.822459697723388672e-02,8.644242286682128906e-01,5.024080276489257812e-01,-7.271302342414855957e-01,1.985270678997039795e-01,9.428786486387252808e-02,1.152410030364990234e+00,-1.540694385766983032e-01,8.620239049196243286e-02,-1.112041473388671875e-01,-5.413897708058357239e-02,-4.254559278488159180e-01,2.179336100816726685e-01,-1.344468891620635986e-01,-8.548413403332233429e-03,-5.555348098278045654e-02,3.534950911998748779e-01,3.332409560680389404e-01,-1.342336088418960571e-01,-4.766680896282196045e-01,-1.162259876728057861e-01,3.179529905319213867e-01,-4.462048709392547607e-01,8.636855334043502808e-02,-4.494957327842712402e-01,8.948945999145507812e-02,1.257713697850704193e-02,5.410926789045333862e-02
-1.145814538002014160e+00,-2.698844671249389648e-01,1.020594000816345215e+00,-5.083579570055007935e-03,1.704536192119121552e-02,8.675811886787414551e-01,4.969773292541503906e-01,-7.099240422248840332e-01,2.065905034542083740e-01,1.115924119949340820e-01,1.137667298316955566e+00,-1.591850221157073975e-01,8.927005529403686523e-02,-1.059728041291236877e-01,-5.188737064599990845e-02,-4.376027882099151611e-01,2.147077322006225586e-01,-1.348260641098022461e-01,-8.117087185382843018e-03,-5.619335919618606567e-02,3.534376323223114014e-01,3.354145288467407227e-01,-1.347422897815704346e-01,-4.797397553920745850e-01,-1.195614039897918701e-01,3.194785416126251221e-01,-4.437735676765441895e-01,8.658678829669952393e-02,-4.451275765895843506e-01,8.700637519359588623e-02,1.419528480619192123e-02,5.166642367839813232e-02
-1.145809769630432129e+00,-2.692080438137054443e-01,1.020476937294006348e+00,-5.568022374063730240e-03,1.640993729233741760e-02,8.707159161567687988e-01,4.914808869361877441e-01,-6.916463971138000488e-01,2.139523774385452271e-01,1.310495585203170776e-01,1.119342684745788574e+00,-1.639876812696456909e-01,9.148845821619033813e-02,-1.016882732510566711e-01,-4.987452179193496704e-02,-4.489329755306243896e-01,2.106746584177017212e-01,-1.348223239183425903e-01,-7.674128748476505280e-03,-5.661266297101974487e-02,3.529960215091705322e-01,3.377367854118347168e-01,-1.352736502885818481e-01,-4.832212328910827637e-01,-1.224281638860702515e-01,3.208723068237304688e-01,-4.409467279911041260e-01,8.680079877376556396e-02,-4.420322477817535400e-01,8.448503166437149048e-02,1.539973169565200806e-02,4.965480044484138489e-02
-1.145980477333068848e+00,-2.686163187026977539e-01,1.020263195037841797e+00,-5.507892929017543793e-03,1.522460673004388809e-02,8.736364245414733887e-01,4.863097965717315674e-01,-6.699624061584472656e-01,2.227647155523300171e-01,1.534664332866668701e-01,1.098295092582702637e+00,-1.683830320835113525e-01,9.380996227264404297e-02,-9.606489539146423340e-02,-4.776547104120254517e-02,-4.603126645088195801e-01,2.073486596345901489e-01,-1.351497322320938110e-01,-6.935622077435255051e-03,-5.744230747222900391e-02,3.526229262351989746e-01,3.399731218814849854e-01,-1.354129612445831299e-01,-4.860756099224090576e-01,-1.239878013730049133e-01,3.225338459014892578e-01,-4.377913177013397217e-01,8.729451894760131836e-02,-4.394690990447998047e-01,8.224155008792877197e-02,1.651744917035102844e-02,4.758299142122268677e-02
-1.146305084228515625e+00,-2.680102884769439697e-01,1.020068287849426270e+00,-5.678037181496620178e-03,1.422813627868890762e-02,8.764690160751342773e-01,4.812144637107849121e-01,-6.466032862663269043e-01,2.309885025024414062e-01,1.780249327421188354e-01,1.073559045791625977e+00,-1.741365045309066772e-01,9.598308801651000977e-02,-9.095662832260131836e-02,-4.565169289708137512e-02,-4.713449478149414062e-01,2.037012279033660889e-01,-1.352879703044891357e-01,-6.116508971899747849e-03,-5.777209997177124023e-02,3.520321547985076904e-01,3.423136472702026367e-01,-1.353550106287002563e-01,-4.889792203903198242e-01,-1.253649145364761353e-01,3.242234289646148682e-01,-4.343706369400024414e-01,8.784568309783935547e-02,-4.373561739921569824e-01,8.036833256483078003e-02,1.760539785027503967e-02,4.604125022888183594e-02
-1.146949291229248047e+00,-2.675621807575225830e-01,1.019834995269775391e+00,-6.037821993231773376e-03,1.311451476067304611e-02,8.792456984519958496e-01,4.761496782302856445e-01,-6.215973496437072754e-01,2.387118786573410034e-01,2.045432627201080322e-01,1.045109152793884277e+00,-1.773574501276016235e-01,1.006640568375587463e-01,-8.574068546295166016e-02,-4.322949424386024475e-02,-4.819923937320709229e-01,1.992672383785247803e-01,-1.348464787006378174e-01,-4.952641203999519348e-03,-5.776063725352287292e-02,3.512017428874969482e-01,3.447562456130981445e-01,-1.350379586219787598e-01,-4.922380745410919189e-01,-1.261396110057830811e-01,3.260086178779602051e-01,-4.307229518890380859e-01,8.883029967546463013e-02,-4.354651570320129395e-01,8.000691980123519897e-02,1.822656393051147461e-02,4.468534514307975769e-02
-1.147660255432128906e+00,-2.672241032123565674e-01,1.019551753997802734e+00,-5.922225303947925568e-03,1.159581542015075684e-02,8.819030523300170898e-01,4.712509810924530029e-01,-5.938408374786376953e-01,2.461032718420028687e-01,2.328171879053115845e-01,1.013535499572753906e+00,-1.791341304779052734e-01,1.022127047181129456e-01,-7.960779964923858643e-02,-4.070717841386795044e-02,-4.931771755218505859e-01,1.950798630714416504e-01,-1.342591047286987305e-01,-3.737682709470391273e-03,-5.753153562545776367e-02,3.504727780818939209e-01,3.472710251808166504e-01,-1.346490681171417236e-01,-4.950029253959655762e-01,-1.266268491744995117e-01,3.278439342975616455e-01,-4.267102777957916260e-01,8.979421108961105347e-02,-4.334245324134826660e-01,7.949612289667129517e-02,1.905367895960807800e-02,4.328126460313796997e-02
-1.148642539978027344e+00,-2.669701874256134033e-01,1.019253015518188477e+00,-5.741321481764316559e-03,1.011018268764019012e-02,8.844044208526611328e-01,4.665765464305877686e-01,-5.634685158729553223e-01,2.527347803115844727e-01,2.643589973449707031e-01,9.780230522155761719e-01,-1.791227459907531738e-01,1.011162251234054565e-01,-7.351138442754745483e-02,-3.866731002926826477e-02,-5.037345290184020996e-01,1.916029006242752075e-01,-1.340453922748565674e-01,-2.111846813932061195e-03,-5.810705944895744324e-02,3.498755097389221191e-01,3.496808409690856934e-01,-1.339127868413925171e-01,-4.971691071987152100e-01,-1.262183636426925659e-01,3.297788500785827637e-01,-4.226288199424743652e-01,9.136436134576797485e-02,-4.318110048770904541e-01,8.066076785326004028e-02,2.031122706830501556e-02,4.228137060999870300e-02
-1.149824023246765137e+00,-2.665098607540130615e-01,1.018938541412353516e+00,-5.689349491149187088e-03,8.819757029414176941e-03,8.867388963699340820e-01,4.621514379978179932e-01,-5.312282443046569824e-01,2.574193477630615234e-01,2.976207435131072998e-01,9.380487203598022461e-01,-1.750339567661285400e-01,9.912504255771636963e-02,-6.857294589281082153e-02,-3.696781024336814880e-02,-5.124624371528625488e-01,1.891896128654479980e-01,-1.342091709375381470e-01,-5.293501890264451504e-04,-5.844492465257644653e-02,3.492671251296997070e-01,3.519571423530578613e-01,-1.329881101846694946e-01,-4.993130266666412354e-01,-1.255815029144287109e-01,3.314846456050872803e-01,-4.183497130870819092e-01,9.291478246450424194e-02,-4.307268261909484863e-01,8.108553290367126465e-02,2.143970504403114319e-02,4.181002452969551086e-02
-1.151296854019165039e+00,-2.662435770034790039e-01,1.018661499023437500e+00,-5.871498025953769684e-03,7.772281765937805176e-03,8.889567852020263672e-01,4.578875303268432617e-01,-4.979148805141448975e-01,2.599323391914367676e-01,3.327687382698059082e-01,8.937042951583862305e-01,-1.682681590318679810e-01,9.401692450046539307e-02,-6.387291103601455688e-02,-3.581770882010459900e-02,-5.213181376457214355e-01,1.867036372423171997e-01,-1.344188302755355835e-01,1.616118475794792175e-03,-5.776222050189971924e-02,3.485681116580963135e-01,3.541241288185119629e-01,-1.320682018995285034e-01,-5.019873380661010742e-01,-1.246328800916671753e-01,3.330707848072052002e-01,-4.140945374965667725e-01,9.463779628276824951e-02,-4.299132227897644043e-01,8.211585134267807007e-02,2.216982282698154449e-02,4.153823852539062500e-02
-1.152926921844482422e+00,-2.659564912319183350e-01,1.018294215202331543e+00,-5.537719465792179108e-03,6.327108945697546005e-03,8.911290764808654785e-01,4.536719918251037598e-01,-4.618806540966033936e-01,2.604145407676696777e-01,3.684069216251373291e-01,8.451848626136779785e-01,-1.569540351629257202e-01,8.561749011278152466e-02,-5.893822386860847473e-02,-3.482957184314727783e-02,-5.296933650970458984e-01,1.856027543544769287e-01,-1.348787099123001099e-01,3.656637156382203102e-03,-5.720499530434608459e-02,3.480543792247772217e-01,3.562240302562713623e-01,-1.311493664979934692e-01,-5.042983889579772949e-01,-1.238445118069648743e-01,3.346767723560333252e-01,-4.099329710006713867e-01,9.672100841999053955e-02,-4.291416704654693604e-01,8.389793336391448975e-02,2.321183308959007263e-02,4.129470884799957275e-02
-1.154764890670776367e+00,-2.657889127731323242e-01,1.017898201942443848e+00,-5.295796785503625870e-03,4.976905416697263718e-03,8.930231928825378418e-01,4.499519467353820801e-01,-4.247002601623535156e-01,2.581488788127899170e-01,4.043337106704711914e-01,7.919567823410034180e-01,-1.385677158832550049e-01,7.688407599925994873e-02,-5.368797108530998230e-02,-3.409845381975173950e-02,-5.367319583892822266e-01,1.845166832208633423e-01,-1.356388628482818604e-01,6.266954820603132248e-03,-5.635588243603706360e-02,3.476606011390686035e-01,3.583273887634277344e-01,-1.303668618202209473e-01,-5.068008899688720703e-01,-1.231091991066932678e-01,3.361708521842956543e-01,-4.056576788425445557e-01,9.910982102155685425e-02,-4.288311302661895752e-01,8.640316128730773926e-02,2.443737722933292389e-02,4.115423932671546936e-02
-1.156969666481018066e+00,-2.657636702060699463e-01,1.017385959625244141e+00,-4.766729660332202911e-03,3.127096220850944519e-03,8.948551416397094727e-01,4.463202655315399170e-01,-3.870580196380615234e-01,2.541368901729583740e-01,4.393416643142700195e-01,7.363950014114379883e-01,-1.134793460369110107e-01,5.962677299976348877e-02,-4.808220267295837402e-02,-3.324726969003677368e-02,-5.439401865005493164e-01,1.841917484998703003e-01,-1.363379359245300293e-01,9.034315124154090881e-03,-5.462564155459403992e-02,3.475744724273681641e-01,3.603737950325012207e-01,-1.298490762710571289e-01,-5.089196562767028809e-01,-1.224088817834854126e-01,3.376488983631134033e-01,-4.012800157070159912e-01,1.016705334186553955e-01,-4.287934899330139160e-01,8.898199349641799927e-02,2.587149292230606079e-02,4.092432558536529541e-02
-1.159466147422790527e+00,-2.656971514225006104e-01,1.016851663589477539e+00,-4.824349656701087952e-03,1.531811780296266079e-03,8.966573476791381836e-01,4.426963031291961670e-01,-3.505254387855529785e-01,2.470703572034835815e-01,4.712368249893188477e-01,6.766152977943420410e-01,-7.745443284511566162e-02,3.503466397523880005e-02,-4.331642016768455505e-02,-3.213201835751533508e-02,-5.504951477050781250e-01,1.827124357223510742e-01,-1.363494396209716797e-01,1.196375768631696701e-02,-5.185952410101890564e-02,3.474700748920440674e-01,3.625626564025878906e-01,-1.296765059232711792e-01,-5.113776922225952148e-01,-1.223756372928619385e-01,3.388541042804718018e-01,-3.968541026115417480e-01,1.038959994912147522e-01,-4.292231500148773193e-01,9.104681760072708130e-02,2.730093151330947876e-02,4.037768393754959106e-02
-1.161920547485351562e+00,-2.657951116561889648e-01,1.016248941421508789e+00,-4.445006605237722397e-03,3.169426345266401768e-04,8.985364437103271484e-01,4.388762414455413818e-01,-3.175504803657531738e-01,2.378387004137039185e-01,4.979628324508666992e-01,6.241514086723327637e-01,-6.254276633262634277e-02,-6.881055422127246857e-03,-4.033304005861282349e-02,-3.389463573694229126e-02,-5.567740201950073242e-01,1.871870905160903931e-01,-1.393818110227584839e-01,1.533151045441627502e-02,-4.931720718741416931e-02,3.474378883838653564e-01,3.647269010543823242e-01,-1.301291137933731079e-01,-5.140896439552307129e-01,-1.232394203543663025e-01,3.399507999420166016e-01,-3.926114141941070557e-01,1.059754565358161926e-01,-4.300517737865447998e-01,9.316119551658630371e-02,2.882710471749305725e-02,3.953275829553604126e-02
-1.164507985115051270e+00,-2.660488486289978027e-01,1.015512347221374512e+00,-4.609873052686452866e-03,-5.890349857509136200e-04,9.006362557411193848e-01,4.345489442348480225e-01,-2.879503667354583740e-01,2.241944074630737305e-01,5.154038071632385254e-01,5.776787400245666504e-01,-9.967606514692306519e-02,-2.500393614172935486e-02,-3.981545567512512207e-02,-3.676302731037139893e-02,-5.634961128234863281e-01,1.942241042852401733e-01,-1.434052437543869019e-01,1.892300322651863098e-02,-4.720143973827362061e-02,3.471706211566925049e-01,3.667893707752227783e-01,-1.309757381677627563e-01,-5.169239044189453125e-01,-1.243690773844718933e-01,3.407036960124969482e-01,-3.887076973915100098e-01,1.075069755315780640e-01,-4.310228824615478516e-01,9.438207000494003296e-02,2.991921082139015198e-02,3.853429108858108521e-02
-1.167225480079650879e+00,-2.665493786334991455e-01,1.014843821525573730e+00,-4.322089720517396927e-03,-1.360964728519320488e-03,9.027392268180847168e-01,4.301643371582031250e-01,-2.603219151496887207e-01,2.068647593259811401e-01,5.210387110710144043e-01,5.340521335601806641e-01,-1.302867680788040161e-01,-3.102287463843822479e-02,-3.935804218053817749e-02,-4.065006971359252930e-02,-5.681518912315368652e-01,2.024039924144744873e-01,-1.476927846670150757e-01,2.253877744078636169e-02,-4.379590600728988647e-02,3.468844294548034668e-01,3.687823414802551270e-01,-1.325129270553588867e-01,-5.202389359474182129e-01,-1.261074990034103394e-01,3.414015769958496094e-01,-3.850002586841583252e-01,1.082889586687088013e-01,-4.317783117294311523e-01,9.490802139043807983e-02,3.087503090500831604e-02,3.673493489623069763e-02
-1.170071005821228027e+00,-2.670035958290100098e-01,1.014155864715576172e+00,-4.045973531901836395e-03,-1.668745768256485462e-03,9.048430919647216797e-01,4.257227182388305664e-01,-2.368975579738616943e-01,1.881879568099975586e-01,5.178754925727844238e-01,4.937341511249542236e-01,-1.557971835136413574e-01,-2.096379920840263367e-02,-4.010370373725891113e-02,-4.646742343902587891e-02,-5.733230113983154297e-01,2.130752503871917725e-01,-1.531233787536621094e-01,2.662671729922294617e-02,-4.074096307158470154e-02,3.466637730598449707e-01,3.706060647964477539e-01,-1.347317844629287720e-01,-5.235863327980041504e-01,-1.281078904867172241e-01,3.419739902019500732e-01,-3.815898299217224121e-01,1.082689762115478516e-01,-4.328213930130004883e-01,9.466262161731719971e-02,3.203874826431274414e-02,3.471282497048377991e-02
-1.172785758972167969e+00,-2.675664126873016357e-01,1.013610959053039551e+00,-4.238289780914783478e-03,-1.325733144767582417e-03,9.081841111183166504e-01,4.185474216938018799e-01,-2.194770276546478271e-01,1.702830046415328979e-01,5.142039656639099121e-01,4.584875702857971191e-01,-1.741752028465270996e-01,-1.651689223945140839e-02,-4.295615106821060181e-02,-5.278369784355163574e-02,-5.780686736106872559e-01,2.257586270570755005e-01,-1.599958837032318115e-01,2.558118104934692383e-02,-4.270078241825103760e-02,3.459228873252868652e-01,3.720318973064422607e-01,-1.373804658651351929e-01,-5.276703834533691406e-01,-1.302770972251892090e-01,3.423395752906799316e-01,-3.786763250827789307e-01,1.073707118630409241e-01,-4.335848093032836914e-01,9.416933357715606689e-02,3.299380093812942505e-02,3.177633509039878845e-02
-1.175065875053405762e+00,-2.681075930595397949e-01,1.013188838958740234e+00,-3.789164824411273003e-03,2.806996417348273098e-05,9.117286801338195801e-01,4.107754528522491455e-01,-2.062281072139739990e-01,1.528753042221069336e-01,5.074025988578796387e-01,4.289104044437408447e-01,-1.798287183046340942e-01,-1.612273417413234711e-02,-4.802815243601799011e-02,-6.200738251209259033e-02,-5.778310894966125488e-01,2.435389310121536255e-01,-1.695585101842880249e-01,2.270964160561561584e-02,-4.593617469072341919e-02,3.448710441589355469e-01,3.729299008846282959e-01,-1.407237946987152100e-01,-5.319133996963500977e-01,-1.324462890625000000e-01,3.424228131771087646e-01,-3.764217495918273926e-01,1.050677075982093811e-01,-4.338546097278594971e-01,9.287340939044952393e-02,3.380820900201797485e-02,2.840639464557170868e-02
-1.177316784858703613e+00,-2.685882747173309326e-01,1.013027429580688477e+00,-3.301386488601565361e-03,2.174490364268422127e-03,9.149240255355834961e-01,4.036067426204681396e-01,-1.948111057281494141e-01,1.340819746255874634e-01,4.982673525810241699e-01,3.989761769771575928e-01,-1.779920011758804321e-01,-1.338343787938356400e-02,-5.619166046380996704e-02,-7.449492812156677246e-02,-5.770666599273681641e-01,2.657473385334014893e-01,-1.763973087072372437e-01,1.810793206095695496e-02,-4.717014357447624207e-02,3.435507118701934814e-01,3.731873035430908203e-01,-1.448320150375366211e-01,-5.361922979354858398e-01,-1.347608268260955811e-01,3.423086106777191162e-01,-3.750903606414794922e-01,1.016501262784004211e-01,-4.338050782680511475e-01,9.138106554746627808e-02,3.428027406334877014e-02,2.471910603344440460e-02
-1.179261684417724609e+00,-2.692555189132690430e-01,1.013207554817199707e+00,-2.440067008137702942e-03,4.240035079419612885e-03,9.178814888000488281e-01,3.968244194984436035e-01,-1.854727268218994141e-01,1.165286526083946228e-01,4.904823005199432373e-01,3.739542961120605469e-01,-1.736084073781967163e-01,1.084243180230259895e-03,-6.627108901739120483e-02,-9.023799747228622437e-02,-5.767611265182495117e-01,2.916226685047149658e-01,-1.659467518329620361e-01,2.505864575505256653e-02,-4.817350953817367554e-02,3.422133624553680420e-01,3.728216886520385742e-01,-1.488890200853347778e-01,-5.389968752861022949e-01,-1.362589746713638306e-01,3.420858681201934814e-01,-3.744796216487884521e-01,9.754304587841033936e-02,-4.331470727920532227e-01,8.991853892803192139e-02,3.449009358882904053e-02,2.193730138242244720e-02
-1.181031703948974609e+00,-2.700119614601135254e-01,1.013884544372558594e+00,-1.056425622664391994e-03,6.421070545911788940e-03,9.208624362945556641e-01,3.898333907127380371e-01,-1.757365167140960693e-01,9.906084090471267700e-02,4.809756875038146973e-01,3.494384884834289551e-01,-1.636013239622116089e-01,1.067177020013332367e-02,-7.898637652397155762e-02,-1.092955991625785828e-01,-5.766794681549072266e-01,3.271304070949554443e-01,-1.642912179231643677e-01,2.962158992886543274e-02,-4.873206466436386108e-02,3.407068252563476562e-01,3.718787431716918945e-01,-1.534712612628936768e-01,-5.418646931648254395e-01,-1.379760503768920898e-01,3.418576717376708984e-01,-3.743320107460021973e-01,9.215752035379409790e-02,-4.317319393157958984e-01,8.785716444253921509e-02,3.481038659811019897e-02,1.880231313407421112e-02
-1.182400941848754883e+00,-2.708826363086700439e-01,1.014778256416320801e+00,2.166812628274783492e-04,8.050775155425071716e-03,9.243543148040771484e-01,3.814501464366912842e-01,-1.685354113578796387e-01,8.467055857181549072e-02,4.662634134292602539e-01,3.295838534832000732e-01,-1.520954221487045288e-01,9.084916673600673676e-03,-9.506984800100326538e-02,-1.296948641538619995e-01,-5.807370543479919434e-01,3.711267709732055664e-01,-1.653266698122024536e-01,1.572799496352672577e-02,-4.756506904959678650e-02,3.388309776782989502e-01,3.709681332111358643e-01,-1.587958186864852905e-01,-5.448280572891235352e-01,-1.401240080595016479e-01,3.419143259525299072e-01,-3.740044832229614258e-01,8.545774966478347778e-02,-4.291310608386993408e-01,8.529138565063476562e-02,3.531160950660705566e-02,1.503684837371110916e-02
-1.183921813964843750e+00,-2.717614471912384033e-01,1.015765070915222168e+00,1.011168933473527431e-03,8.146196603775024414e-03,9.268543124198913574e-01,3.753315210342407227e-01,-1.647023707628250122e-01,7.774656265974044800e-02,4.573214054107666016e-01,3.197812438011169434e-01,-1.454905271530151367e-01,6.219363305717706680e-03,-1.096747666597366333e-01,-1.453556865453720093e-01,-5.812003016471862793e-01,4.089699387550354004e-01,-1.519304513931274414e-01,1.778769493103027344e-02,-4.856753349304199219e-02,3.375269472599029541e-01,3.704204857349395752e-01,-1.622999161481857300e-01,-5.461654067039489746e-01,-1.411618441343307495e-01,3.418658077716827393e-01,-3.735956549644470215e-01,8.058437705039978027e-02,-4.275459647178649902e-01,8.390582352876663208e-02,3.565375506877899170e-02,1.305542327463626862e-02
-1.185532450675964355e+00,-2.728839218616485596e-01,1.016670823097229004e+00,1.517551485449075699e-03,7.687860634177923203e-03,9.296506643295288086e-01,3.683589100837707520e-01,-1.608316600322723389e-01,7.223109900951385498e-02,4.497225284576416016e-01,3.098911046981811523e-01,-1.387894153594970703e-01,2.801914466544985771e-03,-1.301797032356262207e-01,-1.649153381586074829e-01,-5.803897380828857422e-01,4.586912095546722412e-01,-1.329171508550643921e-01,1.624936051666736603e-02,-5.201305076479911804e-02,3.361898362636566162e-01,3.700417876243591309e-01,-1.658393889665603638e-01,-5.474992394447326660e-01,-1.421708762645721436e-01,3.416337370872497559e-01,-3.728794455528259277e-01,7.540634274482727051e-02,-4.259106218814849854e-01,8.231378346681594849e-02,3.606940060853958130e-02,1.102685648947954178e-02
-1.187320232391357422e+00,-2.741529643535614014e-01,1.017541885375976562e+00,1.618662150576710701e-03,7.114218547940254211e-03,9.325556755065917969e-01,3.609524667263031006e-01,-1.568499952554702759e-01,6.694754213094711304e-02,4.418592453002929688e-01,2.990920245647430420e-01,-1.331078857183456421e-01,2.953566436190158129e-04,-1.535800397396087646e-01,-1.856028139591217041e-01,-5.774109363555908203e-01,5.106111764907836914e-01,-1.081781685352325439e-01,1.654710248112678528e-02,-5.634313449263572693e-02,3.347856700420379639e-01,3.698916435241699219e-01,-1.694485694169998169e-01,-5.489279627799987793e-01,-1.431998759508132935e-01,3.411511480808258057e-01,-3.718179762363433838e-01,6.997226923704147339e-02,-4.244284629821777344e-01,8.047934621572494507e-02,3.654171526432037354e-02,8.958979509770870209e-03
-1.188870191574096680e+00,-2.756014466285705566e-01,1.018260598182678223e+00,1.518196193501353264e-03,6.388858426362276077e-03,9.352536797523498535e-01,3.539172410964965820e-01,-1.544147580862045288e-01,6.246131286025047302e-02,4.349511861801147461e-01,2.889127135276794434e-01,-1.277288198471069336e-01,9.953709377441555262e-05,-1.788350045680999756e-01,-2.069323360919952393e-01,-5.736397504806518555e-01,5.625312328338623047e-01,-7.735575735569000244e-02,1.398565806448459625e-02,-6.130313873291015625e-02,3.332879245281219482e-01,3.699969351291656494e-01,-1.728928685188293457e-01,-5.503824353218078613e-01,-1.441846191883087158e-01,3.404977321624755859e-01,-3.704532086849212646e-01,6.481799483299255371e-02,-4.231906533241271973e-01,7.875292748212814331e-02,3.694746270775794983e-02,6.974537391215562820e-03
-1.190442204475402832e+00,-2.770847082138061523e-01,1.018897533416748047e+00,1.097415573894977570e-03,5.601242650300264359e-03,9.379835724830627441e-01,3.466327488422393799e-01,-1.512037962675094604e-01,5.804799869656562805e-02,4.280178546905517578e-01,2.782856822013854980e-01,-1.231371164321899414e-01,6.722735706716775894e-04,-2.058191448450088501e-01,-2.289273291826248169e-01,-5.679196119308471680e-01,6.144512295722961426e-01,-4.238763079047203064e-02,2.859729109331965446e-03,-6.704661995172500610e-02,3.316516876220703125e-01,3.704006671905517578e-01,-1.763257980346679688e-01,-5.520921945571899414e-01,-1.452208757400512695e-01,3.396512269973754883e-01,-3.687888085842132568e-01,6.005573272705078125e-02,-4.224476516246795654e-01,7.710196077823638916e-02,3.731089457869529724e-02,5.045629572123289108e-03
-1.191956400871276855e+00,-2.785545289516448975e-01,1.019490599632263184e+00,6.462924065999686718e-04,5.005937535315752029e-03,9.407070279121398926e-01,3.391826152801513672e-01,-1.490099281072616577e-01,5.339539796113967896e-02,4.205426871776580811e-01,2.678439617156982422e-01,-1.180805042386054993e-01,1.332256069872528315e-04,-2.349733114242553711e-01,-2.513679265975952148e-01,-5.584942698478698730e-01,6.663712263107299805e-01,-6.721781101077795029e-03,-1.581420190632343292e-02,-7.351098954677581787e-02,3.300269842147827148e-01,3.711229264736175537e-01,-1.798347681760787964e-01,-5.539416074752807617e-01,-1.463043689727783203e-01,3.386435210704803467e-01,-3.669649958610534668e-01,5.591622740030288696e-02,-4.224129021167755127e-01,7.573593407869338989e-02,3.755272179841995239e-02,3.207682399079203606e-03
-1.193325877189636230e+00,-2.800338864326477051e-01,1.019801378250122070e+00,5.851467722095549107e-04,4.504239186644554138e-03,9.434019327163696289e-01,3.316204249858856201e-01,-1.465979665517807007e-01,4.850924015045166016e-02,4.119127988815307617e-01,2.584864199161529541e-01,-1.143877133727073669e-01,2.211647079093381763e-04,-2.653018832206726074e-01,-2.735077738761901855e-01,-5.444760322570800781e-01,7.182912230491638184e-01,2.605022676289081573e-02,-4.037888348102569580e-02,-8.058788627386093140e-02,3.284361958503723145e-01,3.721942901611328125e-01,-1.834065914154052734e-01,-5.560262203216552734e-01,-1.474444717168807983e-01,3.375987410545349121e-01,-3.651356101036071777e-01,5.267442762851715088e-02,-4.230772554874420166e-01,7.482747733592987061e-02,3.772512823343276978e-02,1.465761219151318073e-03
-1.194676041603088379e+00,-2.813858687877655029e-01,1.019780755043029785e+00,5.412872415035963058e-04,4.222753457725048065e-03,9.460203051567077637e-01,3.240794539451599121e-01,-1.447298526763916016e-01,4.348975419998168945e-02,4.024272859096527100e-01,2.505258321762084961e-01,-1.120958551764488220e-01,8.565135067328810692e-04,-2.975603938102722168e-01,-2.951125502586364746e-01,-5.261594057083129883e-01,7.702112197875976562e-01,5.365910381078720093e-02,-6.815688312053680420e-02,-8.745260536670684814e-02,3.268761932849884033e-01,3.736520409584045410e-01,-1.871281266212463379e-01,-5.583519339561462402e-01,-1.487800925970077515e-01,3.365944325923919678e-01,-3.635396957397460938e-01,5.060872808098793030e-02,-4.245311319828033447e-01,7.462027668952941895e-02,3.775127604603767395e-02,-2.004782145377248526e-04
-1.195879459381103516e+00,-2.825057208538055420e-01,1.019581437110900879e+00,5.953845102339982986e-04,4.397628363221883774e-03,9.486075043678283691e-01,3.164239823818206787e-01,-1.434431821107864380e-01,3.784527257084846497e-02,3.922862112522125244e-01,2.438465505838394165e-01,-1.107828766107559204e-01,1.910848310217261314e-03,-3.314797878265380859e-01,-3.153660893440246582e-01,-5.030763745307922363e-01,8.221312165260314941e-01,7.363856583833694458e-02,-9.231628477573394775e-02,-9.423624724149703979e-02,3.252697288990020752e-01,3.754476308822631836e-01,-1.909798085689544678e-01,-5.609326362609863281e-01,-1.502604931592941284e-01,3.356553018093109131e-01,-3.623854219913482666e-01,4.969245940446853638e-02,-4.266882836818695068e-01,7.517624646425247192e-02,3.762157261371612549e-02,-1.814682618714869022e-03
-1.196948409080505371e+00,-2.833275496959686279e-01,1.019237995147705078e+00,6.473227986134588718e-04,4.975702613592147827e-03,9.510897397994995117e-01,3.088740110397338867e-01,-1.426014602184295654e-01,3.166829794645309448e-02,3.809266090393066406e-01,2.378227114677429199e-01,-1.100133582949638367e-01,3.513543633744120598e-03,-3.671031892299652100e-01,-3.334424793720245361e-01,-4.750486314296722412e-01,8.740512132644653320e-01,8.149465918540954590e-02,-1.042518839240074158e-01,-9.994252026081085205e-02,3.236191570758819580e-01,3.775533437728881836e-01,-1.949589997529983521e-01,-5.636931061744689941e-01,-1.518499702215194702e-01,3.348529934883117676e-01,-3.617299199104309082e-01,4.992688074707984924e-02,-4.294968843460083008e-01,7.667651027441024780e-02,3.734766319394111633e-02,-3.441931679844856262e-03
-1.197827577590942383e+00,-2.842044532299041748e-01,1.018677592277526855e+00,1.054316409863531590e-03,5.696237552911043167e-03,9.532991647720336914e-01,3.019720315933227539e-01,-1.416644603013992310e-01,2.531436458230018616e-02,3.697016835212707520e-01,2.329508066177368164e-01,-1.102154850959777832e-01,5.198075436055660248e-03,-4.034481048583984375e-01,-3.495759963989257812e-01,-4.441935420036315918e-01,9.259712100028991699e-01,7.395582646131515503e-02,-1.036097556352615356e-01,-1.041551977396011353e-01,3.220123946666717529e-01,3.799679577350616455e-01,-1.990226656198501587e-01,-5.664670467376708984e-01,-1.536489278078079224e-01,3.342067599296569824e-01,-3.616842925548553467e-01,5.114697292447090149e-02,-4.328610002994537354e-01,7.906176894903182983e-02,3.700486943125724792e-02,-5.066540557891130447e-03
-1.198732495307922363e+00,-2.845908999443054199e-01,1.018186926841735840e+00,1.508018816821277142e-03,6.786938756704330444e-03,9.552924036979675293e-01,2.955808639526367188e-01,-1.409849971532821655e-01,1.899526454508304596e-02,3.585475385189056396e-01,2.295362502336502075e-01,-1.100134253501892090e-01,6.953884381800889969e-03,-4.405444860458374023e-01,-3.642533719539642334e-01,-4.118567705154418945e-01,9.778912067413330078e-01,5.707015097141265869e-02,-1.011653244495391846e-01,-1.066886931657791138e-01,3.203494846820831299e-01,3.826533257961273193e-01,-2.027762681245803833e-01,-5.690528154373168945e-01,-1.554041802883148193e-01,3.337492048740386963e-01,-3.621740639209747314e-01,5.299309641122817993e-02,-4.365233480930328369e-01,8.208980411291122437e-02,3.664482384920120239e-02,-6.749687716364860535e-03
-1.199607968330383301e+00,-2.846423685550689697e-01,1.017623305320739746e+00,2.197797177359461784e-03,8.335505612194538116e-03,9.571094512939453125e-01,2.895982265472412109e-01,-1.404896527528762817e-01,1.226770505309104919e-02,3.478462696075439453e-01,2.275158762931823730e-01,-1.096633896231651306e-01,8.504861034452915192e-03,-4.784212410449981689e-01,-3.786688446998596191e-01,-3.788503110408782959e-01,1.029811263084411621e+00,3.980113193392753601e-02,-1.062913835048675537e-01,-1.080896705389022827e-01,3.186499178409576416e-01,3.853644430637359619e-01,-2.060145884752273560e-01,-5.712830424308776855e-01,-1.568418145179748535e-01,3.334718346595764160e-01,-3.631923496723175049e-01,5.496660619974136353e-02,-4.400140643119812012e-01,8.572503179311752319e-02,3.629658371210098267e-02,-8.474390953779220581e-03
-1.200472831726074219e+00,-2.843939065933227539e-01,1.017032027244567871e+00,2.621615072712302208e-03,1.047792471945285797e-02,9.587367177009582520e-01,2.840901911258697510e-01,-1.404777318239212036e-01,4.836697131395339966e-03,3.376046717166900635e-01,2.253550589084625244e-01,-1.088074147701263428e-01,9.922113269567489624e-03,-5.178508162498474121e-01,-3.937381803989410400e-01,-3.469702899456024170e-01,1.081731200218200684e+00,2.035989426076412201e-02,-1.131041795015335083e-01,-1.084969043731689453e-01,3.167923390865325928e-01,3.880378007888793945e-01,-2.085962891578674316e-01,-5.731805562973022461e-01,-1.577907800674438477e-01,3.331404328346252441e-01,-3.646021485328674316e-01,5.665549263358116150e-02,-4.433159828186035156e-01,8.964953571557998657e-02,3.588876873254776001e-02,-1.028157677501440048e-02
-1.201349258422851562e+00,-2.840708494186401367e-01,1.016594767570495605e+00,2.715759212151169777e-03,1.253809966146945953e-02,9.601945281028747559e-01,2.790374457836151123e-01,-1.406557708978652954e-01,-1.988658681511878967e-03,3.286751508712768555e-01,2.229257375001907349e-01,-1.077808067202568054e-01,1.109022833406925201e-02,-5.544903278350830078e-01,-4.057334661483764648e-01,-3.172448873519897461e-01,1.126425981521606445e+00,-3.294320486020296812e-04,-1.141784340143203735e-01,-1.084051132202148438e-01,3.146873712539672852e-01,3.906005620956420898e-01,-2.102661132812500000e-01,-5.745017528533935547e-01,-1.581592708826065063e-01,3.327607512474060059e-01,-3.662381470203399658e-01,5.805068090558052063e-02,-4.463726580142974854e-01,9.382451325654983521e-02,3.552358597517013550e-02,-1.193598844110965729e-02
-1.202165007591247559e+00,-2.835901379585266113e-01,1.016612529754638672e+00,2.159879077225923538e-03,1.393550075590610504e-02,9.614265561103820801e-01,2.747001051902770996e-01,-1.408247947692871094e-01,-6.748980842530727386e-03,3.215403258800506592e-01,2.191652059555053711e-01,-1.061979085206985474e-01,1.200309395790100098e-02,-5.846825838088989258e-01,-4.117260277271270752e-01,-2.915567159652709961e-01,1.157415032386779785e+00,-1.662128046154975891e-02,-1.162179708480834961e-01,-1.067594885826110840e-01,3.123985230922698975e-01,3.930836915969848633e-01,-2.107931673526763916e-01,-5.751104354858398438e-01,-1.578288376331329346e-01,3.322881162166595459e-01,-3.677400946617126465e-01,5.893957987427711487e-02,-4.491071105003356934e-01,9.768477827310562134e-02,3.518959879875183105e-02,-1.359741389751434326e-02
-1.203202247619628906e+00,-2.828524112701416016e-01,1.016997218132019043e+00,1.202789018861949444e-03,1.419226266443729401e-02,9.625532031059265137e-01,2.707184255123138428e-01,-1.400069445371627808e-01,-8.841139264404773712e-03,3.153884112834930420e-01,2.137406319379806519e-01,-1.039877608418464661e-01,1.250124443322420120e-02,-6.102141737937927246e-01,-4.128469228744506836e-01,-2.693701684474945068e-01,1.181627154350280762e+00,-3.201508149504661560e-02,-1.195795089006423950e-01,-1.041989549994468689e-01,3.099559545516967773e-01,3.956453204154968262e-01,-2.101064920425415039e-01,-5.749450922012329102e-01,-1.567460000514984131e-01,3.316472172737121582e-01,-3.686932623386383057e-01,5.929577350616455078e-02,-4.514528512954711914e-01,1.009812206029891968e-01,3.491457179188728333e-02,-1.522179879248142242e-02
-1.204245209693908691e+00,-2.821077704429626465e-01,1.017488241195678711e+00,1.088849749066866934e-04,1.386301498860120773e-02,9.636632800102233887e-01,2.667600512504577637e-01,-1.387094408273696899e-01,-9.620565921068191528e-03,3.094863593578338623e-01,2.074754387140274048e-01,-1.011637821793556213e-01,1.269133388996124268e-02,-6.325675249099731445e-01,-4.103438854217529297e-01,-2.484482824802398682e-01,1.200717926025390625e+00,-4.595924913883209229e-02,-1.254158914089202881e-01,-1.016523391008377075e-01,3.072965145111083984e-01,3.982430696487426758e-01,-2.081970125436782837e-01,-5.740377902984619141e-01,-1.548305302858352661e-01,3.308491110801696777e-01,-3.689420819282531738e-01,5.900380387902259827e-02,-4.533720016479492188e-01,1.035259738564491272e-01,3.473087400197982788e-02,-1.678776182234287262e-02
-1.204922199249267578e+00,-2.813490033149719238e-01,1.017829895019531250e+00,-5.442207329906523228e-04,1.346284244209527969e-02,9.646445512771606445e-01,2.632096409797668457e-01,-1.373452693223953247e-01,-9.818146936595439911e-03,3.042472898960113525e-01,2.025445103645324707e-01,-9.855522215366363525e-02,1.264504715800285339e-02,-6.527556180953979492e-01,-4.053301215171813965e-01,-2.269227504730224609e-01,1.216701865196228027e+00,-5.962926521897315979e-02,-1.309277415275573730e-01,-1.000355556607246399e-01,3.047323524951934814e-01,4.008018672466278076e-01,-2.053679674863815308e-01,-5.723478794097900391e-01,-1.521293967962265015e-01,3.298746347427368164e-01,-3.686690926551818848e-01,5.852142348885536194e-02,-4.553157687187194824e-01,1.056789681315422058e-01,3.478221595287322998e-02,-1.816929690539836884e-02
-1.206258058547973633e+00,-2.799613773822784424e-01,1.018540024757385254e+00,-2.149259904399514198e-03,1.245345082134008408e-02,9.657781124114990234e-01,2.590617239475250244e-01,-1.368184536695480347e-01,-8.021362125873565674e-03,2.982051074504852295e-01,1.975671201944351196e-01,-9.598512202501296997e-02,1.204543467611074448e-02,-6.695997714996337891e-01,-3.963404893875122070e-01,-2.072924673557281494e-01,1.227876305580139160e+00,-7.276102900505065918e-02,-1.362210512161254883e-01,-9.634974598884582520e-02,3.019582331180572510e-01,4.035748541355133057e-01,-2.018857896327972412e-01,-5.703870058059692383e-01,-1.489296257495880127e-01,3.288040757179260254e-01,-3.676009476184844971e-01,5.767468735575675964e-02,-4.571382701396942139e-01,1.073219999670982361e-01,3.477558121085166931e-02,-1.954197883605957031e-02
-1.207135796546936035e+00,-2.787481248378753662e-01,1.018971443176269531e+00,-3.369378624483942986e-03,1.158712524920701981e-02,9.665852189064025879e-01,2.560612261295318604e-01,-1.366806626319885254e-01,-6.052901502698659897e-03,2.934551835060119629e-01,1.941509842872619629e-01,-9.353297948837280273e-02,1.128068380057811737e-02,-6.864158511161804199e-01,-3.844294250011444092e-01,-1.857163161039352417e-01,1.237770915031433105e+00,-8.754589408636093140e-02,-1.390827596187591553e-01,-9.053367376327514648e-02,2.981951534748077393e-01,4.075843691825866699e-01,-1.970615535974502563e-01,-5.663439035415649414e-01,-1.426040977239608765e-01,3.275153636932373047e-01,-3.653480410575866699e-01,5.603514611721038818e-02,-4.602365195751190186e-01,1.094740852713584900e-01,3.500832989811897278e-02,-2.199765294790267944e-02
-1.207890987396240234e+00,-2.775353491306304932e-01,1.019309997558593750e+00,-3.705743467435240746e-03,1.058983616530895233e-02,9.674503803253173828e-01,2.528119683265686035e-01,-1.363307535648345947e-01,-3.723769448697566986e-03,2.884209752082824707e-01,1.940383613109588623e-01,-9.304174780845642090e-02,1.049905549734830856e-02,-6.983835697174072266e-01,-3.723571300506591797e-01,-1.659249663352966309e-01,1.243022322654724121e+00,-9.825146198272705078e-02,-1.404636353254318237e-01,-8.495389670133590698e-02,2.948636710643768311e-01,4.114782512187957764e-01,-1.927665323019027710e-01,-5.622038245201110840e-01,-1.365955471992492676e-01,3.267759084701538086e-01,-3.628438413143157959e-01,5.454482138156890869e-02,-4.627706110477447510e-01,1.113287657499313354e-01,3.538414835929870605e-02,-2.440547384321689606e-02
-1.208706974983215332e+00,-2.763460576534271240e-01,1.019626498222351074e+00,-3.552422858774662018e-03,9.409305639564990997e-03,9.684138298034667969e-01,2.491455078125000000e-01,-1.357809603214263916e-01,-1.231983304023742676e-03,2.824651300907135010e-01,1.952280402183532715e-01,-9.309944510459899902e-02,9.912114590406417847e-03,-7.064334750175476074e-01,-3.602572083473205566e-01,-1.484061181545257568e-01,1.244913697242736816e+00,-1.089098155498504639e-01,-1.371988207101821899e-01,-7.965121418237686157e-02,2.918953597545623779e-01,4.153327047824859619e-01,-1.893658339977264404e-01,-5.586524009704589844e-01,-1.310996264219284058e-01,3.266378939151763916e-01,-3.602000176906585693e-01,5.354879051446914673e-02,-4.647092521190643311e-01,1.133550778031349182e-01,3.595076501369476318e-02,-2.655922621488571167e-02
-1.209457755088806152e+00,-2.749053239822387695e-01,1.019838690757751465e+00,-3.396118525415658951e-03,8.390577509999275208e-03,9.694257974624633789e-01,2.452176213264465332e-01,-1.351950168609619141e-01,1.061513670720160007e-03,2.755151987075805664e-01,1.965126842260360718e-01,-9.348591417074203491e-02,9.314276278018951416e-03,-7.124078273773193359e-01,-3.477419912815093994e-01,-1.322933286428451538e-01,1.243778109550476074e+00,-1.188632473349571228e-01,-1.343979686498641968e-01,-7.532595098018646240e-02,2.894235551357269287e-01,4.193637371063232422e-01,-1.872468441724777222e-01,-5.554726719856262207e-01,-1.274188905954360962e-01,3.269870877265930176e-01,-3.577775061130523682e-01,5.304201692342758179e-02,-4.666441082954406738e-01,1.157020181417465210e-01,3.669892996549606323e-02,-2.866997011005878448e-02
-1.210293650627136230e+00,-2.733386754989624023e-01,1.020108103752136230e+00,-3.092692932114005089e-03,7.424704264849424362e-03,9.705369472503662109e-01,2.408179789781570435e-01,-1.345865279436111450e-01,3.172472352162003517e-03,2.678356468677520752e-01,1.980093866586685181e-01,-9.374784678220748901e-02,8.617926388978958130e-03,-7.149297595024108887e-01,-3.357925713062286377e-01,-1.187320277094841003e-01,1.239055752754211426e+00,-1.274862140417098999e-01,-1.312878429889678955e-01,-7.043839991092681885e-02,2.873965501785278320e-01,4.233904778957366943e-01,-1.864316910505294800e-01,-5.530542135238647461e-01,-1.250300854444503784e-01,3.279175162315368652e-01,-3.555660247802734375e-01,5.314552411437034607e-02,-4.685719609260559082e-01,1.185524091124534607e-01,3.747774660587310791e-02,-3.073786757886409760e-02
-1.211103439331054688e+00,-2.715975642204284668e-01,1.020259737968444824e+00,-3.263289341703057289e-03,6.678765174001455307e-03,9.717128872871398926e-01,2.360483258962631226e-01,-1.345712244510650635e-01,4.992818459868431091e-03,2.592193484306335449e-01,1.988490521907806396e-01,-9.421696513891220093e-02,7.543780375272035599e-03,-7.163312435150146484e-01,-3.239035010337829590e-01,-1.065773516893386841e-01,1.231481075286865234e+00,-1.357087194919586182e-01,-1.279799193143844604e-01,-6.699508428573608398e-02,2.856880426406860352e-01,4.272983372211456299e-01,-1.866911947727203369e-01,-5.513282418251037598e-01,-1.240293607115745544e-01,3.291660845279693604e-01,-3.536091148853302002e-01,5.383383482694625854e-02,-4.710181355476379395e-01,1.218530014157295227e-01,3.778894618153572083e-02,-3.321054577827453613e-02
-1.211835026741027832e+00,-2.697806954383850098e-01,1.020400404930114746e+00,-3.713459474965929985e-03,6.030043587088584900e-03,9.729190468788146973e-01,2.310375422239303589e-01,-1.359866708517074585e-01,6.863748654723167419e-03,2.499430477619171143e-01,2.001419961452484131e-01,-9.447281062602996826e-02,6.526550278067588806e-03,-7.160183787345886230e-01,-3.120096325874328613e-01,-9.613140672445297241e-02,1.220608830451965332e+00,-1.436363905668258667e-01,-1.240635067224502563e-01,-6.417578458786010742e-02,2.841196656227111816e-01,4.310607612133026123e-01,-1.877289414405822754e-01,-5.503515005111694336e-01,-1.242207512259483337e-01,3.305957317352294922e-01,-3.519202470779418945e-01,5.497766658663749695e-02,-4.735571444034576416e-01,1.256554573774337769e-01,3.759915381669998169e-02,-3.583807870745658875e-02
-1.212579131126403809e+00,-2.679930925369262695e-01,1.020456910133361816e+00,-4.488416016101837158e-03,5.759125109761953354e-03,9.741307497024536133e-01,2.258670479059219360e-01,-1.374356448650360107e-01,7.895099930465221405e-03,2.405670732259750366e-01,2.007438987493515015e-01,-9.470752626657485962e-02,5.713975988328456879e-03,-7.151244282722473145e-01,-3.001291751861572266e-01,-8.522029221057891846e-02,1.207306504249572754e+00,-1.512104570865631104e-01,-1.171333789825439453e-01,-6.223438680171966553e-02,2.826602756977081299e-01,4.344939887523651123e-01,-1.892545223236083984e-01,-5.500115752220153809e-01,-1.250838190317153931e-01,3.320167064666748047e-01,-3.507740199565887451e-01,5.640338361263275146e-02,-4.763808846473693848e-01,1.301327496767044067e-01,3.696107491850852966e-02,-3.825253620743751526e-02
-1.213323593139648438e+00,-2.659832537174224854e-01,1.020443201065063477e+00,-5.003107711672782898e-03,5.516916513442993164e-03,9.753764271736145020e-01,2.204209417104721069e-01,-1.383454203605651855e-01,8.987810462713241577e-03,2.309890687465667725e-01,2.017325907945632935e-01,-9.535836428403854370e-02,4.257771652191877365e-03,-7.114815115928649902e-01,-2.880938351154327393e-01,-7.513420283794403076e-02,1.190849781036376953e+00,-1.576451659202575684e-01,-1.136782690882682800e-01,-6.004594638943672180e-02,2.813085913658142090e-01,4.376506507396697998e-01,-1.912821829319000244e-01,-5.499920845031738281e-01,-1.263500303030014038e-01,3.335773944854736328e-01,-3.499177694320678711e-01,5.782940238714218140e-02,-4.791708290576934814e-01,1.344941556453704834e-01,3.613221272826194763e-02,-4.045428708195686340e-02
-1.214116692543029785e+00,-2.640490531921386719e-01,1.020439386367797852e+00,-5.524883046746253967e-03,5.517079494893550873e-03,9.766128659248352051e-01,2.148636281490325928e-01,-1.398946642875671387e-01,9.364383295178413391e-03,2.209155112504959106e-01,2.025109827518463135e-01,-9.539993852376937866e-02,3.435342106968164444e-03,-7.061241865158081055e-01,-2.750774621963500977e-01,-6.345634907484054565e-02,1.170920014381408691e+00,-1.634742468595504761e-01,-1.066404283046722412e-01,-5.862362310290336609e-02,2.799454629421234131e-01,4.403946697711944580e-01,-1.932948380708694458e-01,-5.503292679786682129e-01,-1.273644268512725830e-01,3.350526094436645508e-01,-3.493749797344207764e-01,5.898072570562362671e-02,-4.817821681499481201e-01,1.385096609592437744e-01,3.500521183013916016e-02,-4.246402159333229065e-02
-1.214803099632263184e+00,-2.618917822837829590e-01,1.020418167114257812e+00,-5.726906470954418182e-03,5.441202782094478607e-03,9.778555035591125488e-01,2.091319859027862549e-01,-1.426136642694473267e-01,1.025096792727708817e-02,2.105083614587783813e-01,2.051562368869781494e-01,-9.550049155950546265e-02,2.252413192763924599e-03,-6.976315379142761230e-01,-2.604963779449462891e-01,-5.087630078196525574e-02,1.147745251655578613e+00,-1.667623072862625122e-01,-9.791930764913558960e-02,-5.740534141659736633e-02,2.787513732910156250e-01,4.426789283752441406e-01,-1.952983736991882324e-01,-5.504858493804931641e-01,-1.278853863477706909e-01,3.366452455520629883e-01,-3.490941226482391357e-01,5.991861596703529358e-02,-4.834664165973663330e-01,1.424235850572586060e-01,3.378714248538017273e-02,-4.482455551624298096e-02
-1.215721130371093750e+00,-2.591961622238159180e-01,1.020385980606079102e+00,-6.492088548839092255e-03,5.397784523665904999e-03,9.792202115058898926e-01,2.026240378618240356e-01,-1.440932303667068481e-01,1.152135431766510010e-02,1.994550675153732300e-01,2.065035253763198853e-01,-9.642839431762695312e-02,1.330215018242597580e-04,-6.871787309646606445e-01,-2.447808533906936646e-01,-3.832600265741348267e-02,1.120900630950927734e+00,-1.703608036041259766e-01,-8.375120908021926880e-02,-5.615287274122238159e-02,2.774250209331512451e-01,4.445317983627319336e-01,-1.972232460975646973e-01,-5.508226156234741211e-01,-1.277205348014831543e-01,3.381641507148742676e-01,-3.488017022609710693e-01,6.013653427362442017e-02,-4.842497408390045166e-01,1.454084515571594238e-01,3.205217048525810242e-02,-4.706425219774246216e-02
-1.216555953025817871e+00,-2.564897835254669189e-01,1.020327448844909668e+00,-6.965448614209890366e-03,5.168599542230367661e-03,9.806003570556640625e-01,1.958256065845489502e-01,-1.460509896278381348e-01,1.305270101875066757e-02,1.873609423637390137e-01,2.085910737514495850e-01,-9.713514894247055054e-02,-1.871381304226815701e-03,-6.735897660255432129e-01,-2.273532748222351074e-01,-2.398945577442646027e-02,1.090041518211364746e+00,-1.714518070220947266e-01,-6.652240455150604248e-02,-5.555537343025207520e-02,2.760628163814544678e-01,4.460763931274414062e-01,-1.992529630661010742e-01,-5.511031746864318848e-01,-1.267263740301132202e-01,3.397163748741149902e-01,-3.485158085823059082e-01,5.970086529850959778e-02,-4.843878149986267090e-01,1.480660289525985718e-01,2.895358763635158539e-02,-4.991718009114265442e-02
-1.217271566390991211e+00,-2.539832890033721924e-01,1.020241975784301758e+00,-7.021793629974126816e-03,4.939312115311622620e-03,9.819388985633850098e-01,1.890034526586532593e-01,-1.476616561412811279e-01,1.419829856604337692e-02,1.748476922512054443e-01,2.111261188983917236e-01,-9.782247245311737061e-02,-3.709411714226007462e-03,-6.574860215187072754e-01,-2.078076601028442383e-01,-5.642848089337348938e-03,1.055915832519531250e+00,-1.722574383020401001e-01,-4.586888477206230164e-02,-5.590391159057617188e-02,2.747977375984191895e-01,4.470902979373931885e-01,-2.009573876857757568e-01,-5.504370927810668945e-01,-1.243897899985313416e-01,3.411514759063720703e-01,-3.482215404510498047e-01,5.874302238225936890e-02,-4.832152724266052246e-01,1.493816524744033813e-01,2.617311850190162659e-02,-5.293360352516174316e-02
-1.217988371849060059e+00,-2.513326704502105713e-01,1.020110130310058594e+00,-7.083955686539411545e-03,4.817556589841842651e-03,9.832519888877868652e-01,1.820499449968338013e-01,-1.494258195161819458e-01,1.523717865347862244e-02,1.618860214948654175e-01,2.137952297925949097e-01,-9.842267632484436035e-02,-5.430529825389385223e-03,-6.397314071655273438e-01,-1.869665086269378662e-01,1.661920920014381409e-02,1.019060254096984863e+00,-1.703233420848846436e-01,-1.706180907785892487e-02,-5.652642995119094849e-02,2.736066877841949463e-01,4.475755095481872559e-01,-2.023797929286956787e-01,-5.490902662277221680e-01,-1.211127862334251404e-01,3.423048853874206543e-01,-3.479161560535430908e-01,5.715904384851455688e-02,-4.813163280487060547e-01,1.490985006093978882e-01,2.405422367155551910e-02,-5.523187667131423950e-02
-1.218831658363342285e+00,-2.484683841466903687e-01,1.019945740699768066e+00,-7.130397018045186996e-03,4.922997672110795975e-03,9.845160245895385742e-01,1.750804036855697632e-01,-1.511757224798202515e-01,1.595048978924751282e-02,1.489823013544082642e-01,2.166676223278045654e-01,-9.927063435316085815e-02,-7.677833084017038345e-03,-6.194159984588623047e-01,-1.659805774688720703e-01,4.049211740493774414e-02,9.786468744277954102e-01,-1.688527762889862061e-01,8.175175637006759644e-03,-5.655010417103767395e-02,2.725394666194915771e-01,4.475920796394348145e-01,-2.038382887840270996e-01,-5.479953885078430176e-01,-1.176471412181854248e-01,3.433581590652465820e-01,-3.477577865123748779e-01,5.523741245269775391e-02,-4.793100655078887939e-01,1.481908261775970459e-01,2.216399461030960083e-02,-5.747774988412857056e-02
-1.219746828079223633e+00,-2.457858473062515259e-01,1.019580483436584473e+00,-7.148780860006809235e-03,5.197207909077405930e-03,9.857070446014404297e-01,1.682363450527191162e-01,-1.537142097949981689e-01,1.614627242088317871e-02,1.358867287635803223e-01,2.211117297410964966e-01,-1.009151116013526917e-01,-9.408810175955295563e-03,-5.977997779846191406e-01,-1.465595960617065430e-01,6.539055705070495605e-02,9.366210103034973145e-01,-1.680063754320144653e-01,3.824868425726890564e-02,-5.633152276277542114e-02,2.715845406055450439e-01,4.470987319946289062e-01,-2.052491307258605957e-01,-5.471809506416320801e-01,-1.140647456049919128e-01,3.442765176296234131e-01,-3.477979600429534912e-01,5.301451683044433594e-02,-4.768427610397338867e-01,1.471270620822906494e-01,2.026186324656009674e-02,-5.929093807935714722e-02
-1.220036983489990234e+00,-2.426471114158630371e-01,1.018999695777893066e+00,-5.603894591331481934e-03,5.550712347030639648e-03,9.867534637451171875e-01,1.620350778102874756e-01,-1.547414809465408325e-01,1.691886782646179199e-02,1.248118802905082703e-01,2.282230556011199951e-01,-1.034687831997871399e-01,-1.205839216709136963e-02,-5.723543763160705566e-01,-1.285139471292495728e-01,9.016600251197814941e-02,8.924041986465454102e-01,-1.663569658994674683e-01,6.647516787052154541e-02,-5.655748769640922546e-02,2.713065743446350098e-01,4.459657669067382812e-01,-2.067874968051910400e-01,-5.444162487983703613e-01,-1.102375164628028870e-01,3.453571796417236328e-01,-3.482026755809783936e-01,5.098084360361099243e-02,-4.735299348831176758e-01,1.473243683576583862e-01,1.967662386596202850e-02,-6.036955118179321289e-02
-1.220810890197753906e+00,-2.396297901868820190e-01,1.018411993980407715e+00,-4.994268063455820084e-03,6.433732341974973679e-03,9.877070188522338867e-01,1.561039984226226807e-01,-1.564472168684005737e-01,1.643511094152927399e-02,1.142576858401298523e-01,2.336306720972061157e-01,-1.057352498173713684e-01,-1.470775995403528214e-02,-5.475748777389526367e-01,-1.136694476008415222e-01,1.141126975417137146e-01,8.461089134216308594e-01,-1.639214903116226196e-01,9.316001832485198975e-02,-5.606374144554138184e-02,2.712668776512145996e-01,4.444006681442260742e-01,-2.084032297134399414e-01,-5.414801836013793945e-01,-1.071968004107475281e-01,3.461704552173614502e-01,-3.489745557308197021e-01,4.872497171163558960e-02,-4.713272452354431152e-01,1.474001258611679077e-01,1.890141703188419342e-02,-6.073272600769996643e-02
-1.221810340881347656e+00,-2.363319993019104004e-01,1.017936348915100098e+00,-4.699213430285453796e-03,6.957068108022212982e-03,9.886521697044372559e-01,1.499878168106079102e-01,-1.585569828748703003e-01,1.705565117299556732e-02,1.035611033439636230e-01,2.391611337661743164e-01,-1.083096265792846680e-01,-1.740216650068759918e-02,-5.208354592323303223e-01,-1.009253859519958496e-01,1.340758949518203735e-01,7.971357703208923340e-01,-1.626325249671936035e-01,1.144991070032119751e-01,-5.518554896116256714e-02,2.713491022586822510e-01,4.424753189086914062e-01,-2.101070880889892578e-01,-5.397216081619262695e-01,-1.052075624465942383e-01,3.470241427421569824e-01,-3.499439060688018799e-01,4.679615423083305359e-02,-4.701676666736602783e-01,1.476154476404190063e-01,1.808242313563823700e-02,-6.133189052343368530e-02
-1.222749829292297363e+00,-2.330270856618881226e-01,1.017337441444396973e+00,-4.530235659331083298e-03,7.684899494051933289e-03,9.896259903907775879e-01,1.433906406164169312e-01,-1.565266400575637817e-01,1.706309244036674500e-02,9.304872900247573853e-02,2.416264414787292480e-01,-1.118303984403610229e-01,-2.017266117036342621e-02,-4.927474260330200195e-01,-9.167975932359695435e-02,1.513085365295410156e-01,7.454797029495239258e-01,-1.608880162239074707e-01,1.282192468643188477e-01,-5.471597984433174133e-02,2.716235220432281494e-01,4.402825832366943359e-01,-2.120789885520935059e-01,-5.387974381446838379e-01,-1.033721342682838440e-01,3.479715585708618164e-01,-3.511589169502258301e-01,4.512785375118255615e-02,-4.703914821147918701e-01,1.488323658704757690e-01,1.727559976279735565e-02,-6.171693652868270874e-02
-1.223634123802185059e+00,-2.296929508447647095e-01,1.016789555549621582e+00,-3.594761947169899940e-03,8.428252302110195160e-03,9.904624819755554199e-01,1.374777257442474365e-01,-1.601802408695220947e-01,1.722871884703636169e-02,8.236234635114669800e-02,2.488719075918197632e-01,-1.132969930768013000e-01,-2.267286367714405060e-02,-4.629532992839813232e-01,-8.481255918741226196e-02,1.665040552616119385e-01,6.924670934677124023e-01,-1.552862375974655151e-01,1.382914334535598755e-01,-5.413966998457908630e-02,2.721566557884216309e-01,4.376391470432281494e-01,-2.140255868434906006e-01,-5.369199514389038086e-01,-1.015280783176422119e-01,3.491303026676177979e-01,-3.526759147644042969e-01,4.389093816280364990e-02,-4.707904756069183350e-01,1.501358747482299805e-01,1.689585484564304352e-02,-6.148015335202217102e-02
-1.224492907524108887e+00,-2.263073325157165527e-01,1.016151547431945801e+00,-2.438023453578352928e-03,8.970681577920913696e-03,9.912515282630920410e-01,1.316585987806320190e-01,-1.655237227678298950e-01,1.795112341642379761e-02,7.100968807935714722e-02,2.604453563690185547e-01,-1.168971210718154907e-01,-2.519443072378635406e-02,-4.318117201328277588e-01,-7.959866523742675781e-02,1.785540580749511719e-01,6.371451020240783691e-01,-1.452607959508895874e-01,1.443666517734527588e-01,-5.333097279071807861e-02,2.729976475238800049e-01,4.346835017204284668e-01,-2.159751504659652710e-01,-5.342118740081787109e-01,-9.969948232173919678e-02,3.505738973617553711e-01,-3.544291853904724121e-01,4.321476072072982788e-02,-4.713045358657836914e-01,1.525382846593856812e-01,1.741903647780418396e-02,-6.050423905253410339e-02
-1.225375890731811523e+00,-2.226808816194534302e-01,1.015490174293518066e+00,-1.780433929525315762e-03,9.632155299186706543e-03,9.920959472656250000e-01,1.250988543033599854e-01,-1.669316589832305908e-01,1.846908219158649445e-02,5.968384444713592529e-02,2.677663266658782959e-01,-1.212040111422538757e-01,-2.857374586164951324e-02,-4.003852307796478271e-01,-7.648824155330657959e-02,1.875715851783752441e-01,5.799684524536132812e-01,-1.327261477708816528e-01,1.482460349798202515e-01,-5.345351248979568481e-02,2.739909589290618896e-01,4.315828382968902588e-01,-2.177281230688095093e-01,-5.327460169792175293e-01,-9.752620011568069458e-02,3.520792424678802490e-01,-3.562855422496795654e-01,4.282951727509498596e-02,-4.727858901023864746e-01,1.545324027538299561e-01,1.755709387362003326e-02,-5.968252196907997131e-02
-1.226287841796875000e+00,-2.191372364759445190e-01,1.014813542366027832e+00,-7.660071714781224728e-04,1.043147686868906021e-02,9.928653836250305176e-01,1.187811046838760376e-01,-1.685829162597656250e-01,1.834065467119216919e-02,4.792904481291770935e-02,2.746641933917999268e-01,-1.242546439170837402e-01,-3.191005438566207886e-02,-3.684850335121154785e-01,-7.467283308506011963e-02,1.954315155744552612e-01,5.220018625259399414e-01,-1.083275303244590759e-01,1.495862454175949097e-01,-5.381835252046585083e-02,2.751941382884979248e-01,4.282393157482147217e-01,-2.193927615880966187e-01,-5.300965309143066406e-01,-9.564078599214553833e-02,3.537399470806121826e-01,-3.583987355232238770e-01,4.291663691401481628e-02,-4.742806851863861084e-01,1.574098765850067139e-01,1.913152635097503662e-02,-5.824672430753707886e-02
-1.227028131484985352e+00,-2.154637575149536133e-01,1.014112830162048340e+00,1.961254456546157598e-04,1.125255785882472992e-02,9.936153888702392578e-01,1.122577786445617676e-01,-1.722882688045501709e-01,1.831193454563617706e-02,3.550439327955245972e-02,2.836910188198089600e-01,-1.274878084659576416e-01,-3.541252389550209045e-02,-3.372182250022888184e-01,-7.330869138240814209e-02,1.996122598648071289e-01,4.653908610343933105e-01,-8.127817511558532715e-02,1.358810812234878540e-01,-5.335550010204315186e-02,2.765866816043853760e-01,4.247941076755523682e-01,-2.211410105228424072e-01,-5.277644991874694824e-01,-9.410265088081359863e-02,3.554114103317260742e-01,-3.606090247631072998e-01,4.306600615382194519e-02,-4.756400883197784424e-01,1.602251976728439331e-01,2.058166451752185822e-02,-5.689003691077232361e-02
-1.227508902549743652e+00,-2.119175791740417480e-01,1.013523697853088379e+00,8.145588799379765987e-04,1.125236228108406067e-02,9.941953420639038086e-01,1.069967523217201233e-01,-1.776761561632156372e-01,2.045489102602005005e-02,2.443828620016574860e-02,2.951097190380096436e-01,-1.319718509912490845e-01,-3.930724784731864929e-02,-3.114321529865264893e-01,-7.199943065643310547e-02,1.944175809621810913e-01,4.249294102191925049e-01,-8.098303526639938354e-02,9.724496304988861084e-02,-5.035180225968360901e-02,2.778710424900054932e-01,4.215068817138671875e-01,-2.225918620824813843e-01,-5.254343748092651367e-01,-9.272492676973342896e-02,3.570146262645721436e-01,-3.624752461910247803e-01,4.346037283539772034e-02,-4.774627089500427246e-01,1.614996492862701416e-01,2.237714268267154694e-02,-5.579808354377746582e-02
-1.227861285209655762e+00,-2.083785384893417358e-01,1.012948393821716309e+00,9.693762403912842274e-04,1.113767828792333603e-02,9.945632815361022949e-01,1.035322770476341248e-01,-1.830147206783294678e-01,2.353189699351787567e-02,1.623252592980861664e-02,3.059621453285217285e-01,-1.366735398769378662e-01,-4.317962005734443665e-02,-2.888917028903961182e-01,-7.281532883644104004e-02,1.750395596027374268e-01,3.930917382240295410e-01,-9.860625863075256348e-02,8.081604540348052979e-02,-4.368976876139640808e-02,2.790669202804565430e-01,4.185423552989959717e-01,-2.237572968006134033e-01,-5.232819318771362305e-01,-9.217135608196258545e-02,3.584365546703338623e-01,-3.640397787094116211e-01,4.406756535172462463e-02,-4.798724651336669922e-01,1.628172695636749268e-01,2.362104877829551697e-02,-5.465361103415489197e-02
-1.228033065795898438e+00,-2.046430259943008423e-01,1.012589812278747559e+00,1.066856551915407181e-03,1.067819632589817047e-02,9.951062202453613281e-01,9.822642058134078979e-02,-1.915112137794494629e-01,2.699529193341732025e-02,4.520789720118045807e-03,3.205505609512329102e-01,-1.392727345228195190e-01,-4.711084067821502686e-02,-2.701043188571929932e-01,-7.289453595876693726e-02,1.534049808979034424e-01,3.708424568176269531e-01,-1.122979670763015747e-01,6.322072446346282959e-02,-4.048040881752967834e-02,2.801574170589447021e-01,4.160043299198150635e-01,-2.246680855751037598e-01,-5.209099054336547852e-01,-9.168614447116851807e-02,3.596345186233520508e-01,-3.652021884918212891e-01,4.469940438866615295e-02,-4.820153117179870605e-01,1.633654236793518066e-01,2.502477169036865234e-02,-5.282596126198768616e-02
-1.228121399879455566e+00,-2.011586278676986694e-01,1.012250900268554688e+00,9.076042333617806435e-04,9.830504655838012695e-03,9.956793785095214844e-01,9.233162552118301392e-02,-2.018291503190994263e-01,3.048758581280708313e-02,-9.371883235871791840e-03,3.367419838905334473e-01,-1.420455724000930786e-01,-5.062333494424819946e-02,-2.560466527938842773e-01,-7.238061726093292236e-02,1.327396780252456665e-01,3.539331555366516113e-01,-1.189432740211486816e-01,4.929866641759872437e-02,-3.924847394227981567e-02,2.810198366641998291e-01,4.138942062854766846e-01,-2.250838577747344971e-01,-5.180637240409851074e-01,-9.181449562311172485e-02,3.605329990386962891e-01,-3.658875524997711182e-01,4.567697644233703613e-02,-4.852975010871887207e-01,1.635013222694396973e-01,2.616077102720737457e-02,-5.035857111215591431e-02
-1.228040337562561035e+00,-1.975754350423812866e-01,1.012242436408996582e+00,2.727697137743234634e-04,9.459696710109710693e-03,9.961280226707458496e-01,8.740337938070297241e-02,-2.144971191883087158e-01,3.331468626856803894e-02,-2.255277708172798157e-02,3.550373911857604980e-01,-1.401894092559814453e-01,-5.352030694484710693e-02,-2.471229285001754761e-01,-7.278867065906524658e-02,1.151618137955665588e-01,3.409823179244995117e-01,-1.196791082620620728e-01,4.991999641060829163e-02,-3.684912621974945068e-02,2.815886735916137695e-01,4.121573567390441895e-01,-2.248427271842956543e-01,-5.163311362266540527e-01,-9.197704493999481201e-02,3.608605265617370605e-01,-3.664336502552032471e-01,4.671073704957962036e-02,-4.877206087112426758e-01,1.635732948780059814e-01,2.647921629250049591e-02,-4.842171445488929749e-02
-1.227837085723876953e+00,-1.940344572067260742e-01,1.012549757957458496e+00,-4.322251188568770885e-04,9.032185189425945282e-03,9.965967535972595215e-01,8.193372189998626709e-02,-2.310690581798553467e-01,3.521599620580673218e-02,-3.854021802544593811e-02,3.787180781364440918e-01,-1.348915696144104004e-01,-5.560651794075965881e-02,-2.397970706224441528e-01,-7.292293012142181396e-02,1.001606509089469910e-01,3.280231952667236328e-01,-1.117046326398849487e-01,5.855727195739746094e-02,-3.521766886115074158e-02,2.819631099700927734e-01,4.105568826198577881e-01,-2.240439057350158691e-01,-5.143604874610900879e-01,-9.206814318895339966e-02,3.608427047729492188e-01,-3.668625950813293457e-01,4.805072769522666931e-02,-4.906729459762573242e-01,1.635737270116806030e-01,2.690593712031841278e-02,-4.588662832975387573e-02
-1.227256298065185547e+00,-1.910034567117691040e-01,1.012818694114685059e+00,-1.062095514498651028e-03,7.870514877140522003e-03,9.970221519470214844e-01,7.670537382364273071e-02,-2.478776425123214722e-01,3.759511187672615051e-02,-5.521674081683158875e-02,4.023514986038208008e-01,-1.304421573877334595e-01,-5.704416707158088684e-02,-2.338093370199203491e-01,-7.059631496667861938e-02,8.629856258630752563e-02,3.175741136074066162e-01,-1.048345491290092468e-01,5.995310842990875244e-02,-3.441588580608367920e-02,2.822244167327880859e-01,4.091060161590576172e-01,-2.223879992961883545e-01,-5.116270780563354492e-01,-9.189248830080032349e-02,3.605463206768035889e-01,-3.671086132526397705e-01,5.000606551766395569e-02,-4.942601323127746582e-01,1.631642729043960571e-01,2.731104381382465363e-02,-4.259226843714714050e-02
-1.226316452026367188e+00,-1.880772411823272705e-01,1.013106942176818848e+00,-1.341691124252974987e-03,6.168234162032604218e-03,9.974021911621093750e-01,7.175691425800323486e-02,-2.647140622138977051e-01,4.086495190858840942e-02,-7.003681361675262451e-02,4.263490438461303711e-01,-1.254286915063858032e-01,-5.810731276869773865e-02,-2.284887880086898804e-01,-6.657560169696807861e-02,7.088531553745269775e-02,3.104744553565979004e-01,-1.037976965308189392e-01,5.298106744885444641e-02,-3.320140764117240906e-02,2.824714779853820801e-01,4.078459441661834717e-01,-2.197333127260208130e-01,-5.080494284629821777e-01,-9.108825027942657471e-02,3.600783050060272217e-01,-3.673743009567260742e-01,5.281614884734153748e-02,-4.973031282424926758e-01,1.637039333581924438e-01,2.784932777285575867e-02,-3.845597058534622192e-02
-1.225331187248229980e+00,-1.848271042108535767e-01,1.013532996177673340e+00,-1.743089640513062477e-03,4.707255400717258453e-03,9.978287816047668457e-01,6.566971540451049805e-02,-2.842865288257598877e-01,4.319294542074203491e-02,-7.668321579694747925e-02,4.529189765453338623e-01,-1.179864555597305298e-01,-5.311625450849533081e-02,-2.243556678295135498e-01,-6.378612667322158813e-02,5.449450016021728516e-02,3.047259747982025146e-01,-1.003510579466819763e-01,5.413785949349403381e-02,-3.501911461353302002e-02,2.826045453548431396e-01,4.063513576984405518e-01,-2.159598022699356079e-01,-5.039960741996765137e-01,-8.885277807712554932e-02,3.592718541622161865e-01,-3.676812648773193359e-01,5.631845444440841675e-02,-5.005385875701904297e-01,1.645645797252655029e-01,2.867733873426914215e-02,-3.430948406457901001e-02
-1.224323272705078125e+00,-1.814080029726028442e-01,1.014050841331481934e+00,-2.499013906344771385e-03,4.083085805177688599e-03,9.981676340103149414e-01,6.031978875398635864e-02,-3.055144846439361572e-01,4.473388940095901489e-02,-8.291667699813842773e-02,4.820785522460937500e-01,-1.099865809082984924e-01,-5.355096235871315002e-02,-2.203774303197860718e-01,-6.222603842616081238e-02,3.832419589161872864e-02,2.968335151672363281e-01,-9.585511684417724609e-02,5.605039373040199280e-02,-3.466378524899482727e-02,2.826052010059356689e-01,4.043820202350616455e-01,-2.115750610828399658e-01,-5.002585649490356445e-01,-8.572759479284286499e-02,3.580864369869232178e-01,-3.685617148876190186e-01,6.054720282554626465e-02,-5.039892196655273438e-01,1.661663204431533813e-01,2.938484773039817810e-02,-2.934165485203266144e-02
-1.223147630691528320e+00,-1.778638511896133423e-01,1.014584183692932129e+00,-3.958471119403839111e-03,3.816439537331461906e-03,9.984774589538574219e-01,5.488635227084159851e-02,-3.298348188400268555e-01,4.588452354073524475e-02,-8.951772004365921021e-02,5.115729570388793945e-01,-9.467831254005432129e-02,-5.790024250745773315e-02,-2.160156816244125366e-01,-6.076855212450027466e-02,2.295782230794429779e-02,2.851733267307281494e-01,-9.143995493650436401e-02,5.432195961475372314e-02,-3.433980792760848999e-02,2.823926508426666260e-01,4.018758535385131836e-01,-2.068768143653869629e-01,-4.978421926498413086e-01,-8.171573281288146973e-02,3.563637435436248779e-01,-3.699824810028076172e-01,6.522776931524276733e-02,-5.082625150680541992e-01,1.684391349554061890e-01,2.952493913471698761e-02,-2.448573336005210876e-02
-1.221803784370422363e+00,-1.741693019866943359e-01,1.015008687973022461e+00,-4.660439677536487579e-03,3.641938325017690659e-03,9.987885951995849609e-01,4.884989932179450989e-02,-3.547157645225524902e-01,4.656070098280906677e-02,-9.594237059354782104e-02,5.432567000389099121e-01,-7.580752670764923096e-02,-6.115432083606719971e-02,-2.096983641386032104e-01,-5.900005996227264404e-02,6.705347914248704910e-03,2.731178700923919678e-01,-8.852136135101318359e-02,4.781387001276016235e-02,-3.411913663148880005e-02,2.823701202869415283e-01,3.989597558975219727e-01,-2.025269567966461182e-01,-4.961709678173065186e-01,-7.767239212989807129e-02,3.544236719608306885e-01,-3.717842996120452881e-01,6.996045261621475220e-02,-5.121492743492126465e-01,1.705085486173629761e-01,2.942380309104919434e-02,-2.011455036699771881e-02
-1.220649123191833496e+00,-1.703549325466156006e-01,1.015452861785888672e+00,-5.625396501272916794e-03,3.253571689128875732e-03,9.990893602371215820e-01,4.216836392879486084e-02,-3.811040520668029785e-01,4.758279770612716675e-02,-1.034445539116859436e-01,5.741019248962402344e-01,-5.224732309579849243e-02,-6.538090854883193970e-02,-2.053741067647933960e-01,-5.663759633898735046e-02,-9.720079600811004639e-03,2.638668119907379150e-01,-8.269923180341720581e-02,4.285520315170288086e-02,-3.458391129970550537e-02,2.824491858482360840e-01,3.958355784416198730e-01,-1.987009197473526001e-01,-4.958785176277160645e-01,-7.378394901752471924e-02,3.522615134716033936e-01,-3.739913702011108398e-01,7.496302574872970581e-02,-5.164300799369812012e-01,1.726963967084884644e-01,2.895600348711013794e-02,-1.593589410185813904e-02
-1.219602465629577637e+00,-1.665404140949249268e-01,1.015962123870849609e+00,-7.185865193605422974e-03,2.786736935377120972e-03,9.993749260902404785e-01,3.450099751353263855e-02,-4.098201096057891846e-01,4.850259423255920410e-02,-1.083886697888374329e-01,6.060708165168762207e-01,-2.808752283453941345e-02,-7.435683906078338623e-02,-2.014261633157730103e-01,-5.417407304048538208e-02,-2.703729830682277679e-02,2.541455328464508057e-01,-7.824324071407318115e-02,3.879056125879287720e-02,-3.661538287997245789e-02,2.826610207557678223e-01,3.928467035293579102e-01,-1.958439350128173828e-01,-4.970396161079406738e-01,-7.108477503061294556e-02,3.497659564018249512e-01,-3.764227628707885742e-01,7.991918176412582397e-02,-5.213178396224975586e-01,1.744926571846008301e-01,2.795391157269477844e-02,-1.254460308700799942e-02
-1.218627452850341797e+00,-1.627736985683441162e-01,1.016444444656372070e+00,-8.737329393625259399e-03,2.090981462970376015e-03,9.996208548545837402e-01,2.602816000580787659e-02,-4.390307366847991943e-01,5.045018717646598816e-02,-1.091100126504898071e-01,6.379253864288330078e-01,-6.049400195479393005e-03,-9.136673063039779663e-02,-1.968434900045394897e-01,-5.128436535596847534e-02,-4.529841989278793335e-02,2.436975091695785522e-01,-7.434805482625961304e-02,3.477471321821212769e-02,-4.020428657531738281e-02,2.832540571689605713e-01,3.903214335441589355e-01,-1.945914328098297119e-01,-4.995797276496887207e-01,-7.033432275056838989e-02,3.469696044921875000e-01,-3.790842294692993164e-01,8.463574200868606567e-02,-5.265837311744689941e-01,1.760776937007904053e-01,2.658045105636119843e-02,-9.517336264252662659e-03
-1.217818021774291992e+00,-1.590930074453353882e-01,1.017000794410705566e+00,-1.040365733206272125e-02,1.293993555009365082e-03,9.997948408126831055e-01,1.733206026256084442e-02,-4.679231643676757812e-01,5.409850552678108215e-02,-1.047956570982933044e-01,6.689115762710571289e-01,1.154170185327529907e-02,-1.134751066565513611e-01,-1.909924000501632690e-01,-4.808002710342407227e-02,-6.456147134304046631e-02,2.311315238475799561e-01,-7.167193293571472168e-02,3.074804320931434631e-02,-4.466539993882179260e-02,2.841156423091888428e-01,3.883163034915924072e-01,-1.945685148239135742e-01,-5.029107928276062012e-01,-7.142215222120285034e-02,3.438630998134613037e-01,-3.818765580654144287e-01,8.903028070926666260e-02,-5.324766635894775391e-01,1.768237799406051636e-01,2.481778711080551147e-02,-6.664221175014972687e-03
-1.217196106910705566e+00,-1.554926037788391113e-01,1.017644047737121582e+00,-1.219163183122873306e-02,5.265751387923955917e-04,9.998909235000610352e-01,8.317819796502590179e-03,-4.965792894363403320e-01,5.966968089342117310e-02,-9.498432278633117676e-02,6.997753381729125977e-01,2.362290024757385254e-02,-1.371412873268127441e-01,-1.837492585182189941e-01,-4.478983581066131592e-02,-8.442705124616622925e-02,2.157480865716934204e-01,-6.868469715118408203e-02,2.684640139341354370e-02,-4.977649077773094177e-02,2.852150499820709229e-01,3.869036138057708740e-01,-1.957351714372634888e-01,-5.067769289016723633e-01,-7.469861954450607300e-02,3.405821323394775391e-01,-3.847717046737670898e-01,9.305591136217117310e-02,-5.379728078842163086e-01,1.767869740724563599e-01,2.266509272158145905e-02,-4.297694191336631775e-03
-1.216697096824645996e+00,-1.519497931003570557e-01,1.018092632293701172e+00,-1.371709350496530533e-02,-2.713952562771737576e-04,9.999056458473205566e-01,-6.881382432766258717e-04,-5.235695838928222656e-01,6.743475049734115601e-02,-8.029793202877044678e-02,7.301911115646362305e-01,2.767013013362884521e-02,-1.450653374195098877e-01,-1.768966317176818848e-01,-4.126110300421714783e-02,-1.034379005432128906e-01,2.018133550882339478e-01,-6.515424698591232300e-02,2.310866490006446838e-02,-5.534225702285766602e-02,2.866804599761962891e-01,3.861335813999176025e-01,-1.980084329843521118e-01,-5.105617642402648926e-01,-8.047159761190414429e-02,3.370561897754669189e-01,-3.877124190330505371e-01,9.635215997695922852e-02,-5.430207848548889160e-01,1.757135391235351562e-01,2.051301859319210052e-02,-2.172364387661218643e-03
-1.216223239898681641e+00,-1.486307978630065918e-01,1.018437504768371582e+00,-1.494323182851076126e-02,-9.524686611257493496e-04,9.998467564582824707e-01,-9.072747081518173218e-03,-5.478774309158325195e-01,7.650106400251388550e-02,-6.302247941493988037e-02,7.595439553260803223e-01,1.985321752727031708e-02,-1.381496191024780273e-01,-1.709204167127609253e-01,-3.786476328969001770e-02,-1.202802881598472595e-01,1.898605525493621826e-01,-6.134876608848571777e-02,1.970104686915874481e-02,-6.029516458511352539e-02,2.884704470634460449e-01,3.859739005565643311e-01,-2.009309232234954834e-01,-5.138224363327026367e-01,-8.761050552129745483e-02,3.333674669265747070e-01,-3.907563388347625732e-01,9.916750341653823853e-02,-5.473163723945617676e-01,1.738867461681365967e-01,1.835243217647075653e-02,-2.362746454309672117e-04
-1.215824484825134277e+00,-1.455032527446746826e-01,1.018759489059448242e+00,-1.575532928109169006e-02,-1.294355723075568676e-03,9.997382760047912598e-01,-1.653668098151683807e-02,-5.690969824790954590e-01,8.645144104957580566e-02,-4.369516298174858093e-02,7.874847054481506348e-01,4.787830170243978500e-03,-1.242560818791389465e-01,-1.653097718954086304e-01,-3.510180860757827759e-02,-1.350904554128646851e-01,1.795956492424011230e-01,-5.801906436681747437e-02,1.658987253904342651e-02,-6.398510932922363281e-02,2.904295623302459717e-01,3.861870765686035156e-01,-2.039882540702819824e-01,-5.162463188171386719e-01,-9.537450224161148071e-02,3.296215236186981201e-01,-3.938406109809875488e-01,1.013575941324234009e-01,-5.505783557891845703e-01,1.711436808109283447e-01,1.614501699805259705e-02,1.604080665856599808e-03
-1.215491294860839844e+00,-1.424911320209503174e-01,1.019143342971801758e+00,-1.630267873406410217e-02,-1.360078691504895687e-03,9.995939135551452637e-01,-2.333228476345539093e-02,-5.876489281654357910e-01,9.694315493106842041e-02,-2.358825877308845520e-02,8.140148520469665527e-01,-1.234933175146579742e-02,-1.062100678682327271e-01,-1.599751859903335571e-01,-3.283726796507835388e-02,-1.485671699047088623e-01,1.704108268022537231e-01,-5.538442730903625488e-02,1.364072319120168686e-02,-6.608906388282775879e-02,2.926027178764343262e-01,3.864713907241821289e-01,-2.070544809103012085e-01,-5.174736380577087402e-01,-1.029861345887184143e-01,3.258455097675323486e-01,-3.969400823116302490e-01,1.027333810925483704e-01,-5.526213645935058594e-01,1.678749322891235352e-01,1.463132444769144058e-02,3.139972919598221779e-03
-1.215044498443603516e+00,-1.395540386438369751e-01,1.019541263580322266e+00,-1.651835627853870392e-02,-9.761590044945478439e-04,9.994238615036010742e-01,-2.963297255337238312e-02,-6.035705804824829102e-01,1.076213791966438293e-01,-2.378386445343494415e-03,8.392090201377868652e-01,-2.897398173809051514e-02,-8.739804476499557495e-02,-1.550220102071762085e-01,-3.150973096489906311e-02,-1.607132256031036377e-01,1.630161255598068237e-01,-5.312728509306907654e-02,1.086407154798507690e-02,-6.759709864854812622e-02,2.948661148548126221e-01,3.863915503025054932e-01,-2.095592468976974487e-01,-5.172408223152160645e-01,-1.093851774930953979e-01,3.220471143722534180e-01,-4.000053703784942627e-01,1.032455563545227051e-01,-5.532729029655456543e-01,1.641339659690856934e-01,1.377345807850360870e-02,4.383913241326808929e-03
-1.215007305145263672e+00,-1.367833614349365234e-01,1.020035743713378906e+00,-1.689312793314456940e-02,-6.400146230589598417e-05,9.992173910140991211e-01,-3.576578199863433838e-02,-6.170729398727416992e-01,1.174257770180702209e-01,1.956282183527946472e-02,8.630338311195373535e-01,-4.676296934485435486e-02,-6.932041794061660767e-02,-1.516785025596618652e-01,-3.179791942238807678e-02,-1.731976419687271118e-01,1.583171486854553223e-01,-5.211771652102470398e-02,8.470948785543441772e-03,-6.766881048679351807e-02,2.968872487545013428e-01,3.857856392860412598e-01,-2.110368609428405762e-01,-5.157235264778137207e-01,-1.140538454055786133e-01,3.182732164859771729e-01,-4.031457006931304932e-01,1.029533147811889648e-01,-5.533313155174255371e-01,1.599959880113601685e-01,1.344924420118331909e-02,5.244537256658077240e-03
-1.214913368225097656e+00,-1.339632868766784668e-01,1.020570516586303711e+00,-1.720811799168586731e-02,1.123828114941716194e-03,9.989741444587707520e-01,-4.187219217419624329e-02,-6.281522512435913086e-01,1.268903762102127075e-01,4.149873182177543640e-02,8.843790888786315918e-01,-6.438987702131271362e-02,-5.025129020214080811e-02,-1.492448896169662476e-01,-3.270744904875755310e-02,-1.850539296865463257e-01,1.552892625331878662e-01,-5.130513757467269897e-02,6.130044814199209213e-03,-6.816834211349487305e-02,2.986648976802825928e-01,3.845017850399017334e-01,-2.116294503211975098e-01,-5.138291120529174805e-01,-1.166353896260261536e-01,3.145484328269958496e-01,-4.063344597816467285e-01,1.019152179360389709e-01,-5.527179241180419922e-01,1.555385887622833252e-01,1.362139638513326645e-02,5.703719798475503922e-03
-1.214882254600524902e+00,-1.314141601324081421e-01,1.021140933036804199e+00,-1.742531545460224152e-02,2.785023301839828491e-03,9.987040162086486816e-01,-4.773818701505661011e-02,-6.369885802268981934e-01,1.351496279239654541e-01,6.303107738494873047e-02,9.047210216522216797e-01,-8.078456670045852661e-02,-3.370526805520057678e-02,-1.473352015018463135e-01,-3.508356213569641113e-02,-1.966573745012283325e-01,1.537245213985443115e-01,-5.100432783365249634e-02,4.236051347106695175e-03,-6.772626936435699463e-02,3.002266287803649902e-01,3.824617862701416016e-01,-2.114007920026779175e-01,-5.113813877105712891e-01,-1.173929944634437561e-01,3.109800219535827637e-01,-4.096954762935638428e-01,1.002289429306983948e-01,-5.517953038215637207e-01,1.508270204067230225e-01,1.407540496438741684e-02,5.715923849493265152e-03
-1.214922666549682617e+00,-1.289527565240859985e-01,1.021695613861083984e+00,-1.784238405525684357e-02,4.416347946971654892e-03,9.984167814254760742e-01,-5.316099897027015686e-02,-6.445200443267822266e-01,1.433047205209732056e-01,8.328875154256820679e-02,9.239403009414672852e-01,-9.538608789443969727e-02,-1.651160791516304016e-02,-1.461590528488159180e-01,-3.741664439439773560e-02,-2.073637545108795166e-01,1.526635587215423584e-01,-5.093440786004066467e-02,2.446813508868217468e-03,-6.729918718338012695e-02,3.015624880790710449e-01,3.797894418239593506e-01,-2.103190124034881592e-01,-5.084565877914428711e-01,-1.164178326725959778e-01,3.076409101486206055e-01,-4.132340550422668457e-01,9.837295860052108765e-02,-5.508306622505187988e-01,1.464626342058181763e-01,1.477683056145906448e-02,5.380656104534864426e-03
-1.214960694313049316e+00,-1.265434473752975464e-01,1.022179603576660156e+00,-1.822743378579616547e-02,5.917895585298538208e-03,9.981226325035095215e-01,-5.817181244492530823e-02,-6.507053971290588379e-01,1.510263383388519287e-01,1.010430231690406799e-01,9.422842264175415039e-01,-1.091204360127449036e-01,-4.241048009134829044e-04,-1.451436132192611694e-01,-3.941269591450691223e-02,-2.172765731811523438e-01,1.518436521291732788e-01,-5.109566077589988708e-02,6.558739114552736282e-04,-6.615984439849853516e-02,3.026822507381439209e-01,3.765013217926025391e-01,-2.085455805063247681e-01,-5.055823922157287598e-01,-1.139967888593673706e-01,3.045539855957031250e-01,-4.167376458644866943e-01,9.644130617380142212e-02,-5.499485731124877930e-01,1.419881582260131836e-01,1.566147059202194214e-02,4.974952898919582367e-03
-1.214940786361694336e+00,-1.243883594870567322e-01,1.022634506225585938e+00,-1.842597499489784241e-02,7.313566748052835464e-03,9.978297352790832520e-01,-6.279227137565612793e-02,-6.552318930625915527e-01,1.581659913063049316e-01,1.172498688101768494e-01,9.594992995262145996e-01,-1.222172453999519348e-01,1.499465573579072952e-02,-1.439145058393478394e-01,-4.136243462562561035e-02,-2.264484763145446777e-01,1.511958539485931396e-01,-5.116882547736167908e-02,-9.003882296383380890e-04,-6.501055508852005005e-02,3.037629127502441406e-01,3.729693591594696045e-01,-2.064156830310821533e-01,-5.027277469635009766e-01,-1.109183728694915771e-01,3.017314076423645020e-01,-4.203107357025146484e-01,9.472982585430145264e-02,-5.493851900100708008e-01,1.378087252378463745e-01,1.617415621876716614e-02,4.621692933142185211e-03
-1.215198278427124023e+00,-1.222093552350997925e-01,1.022986173629760742e+00,-1.911348104476928711e-02,8.590674027800559998e-03,9.975208640098571777e-01,-6.717873364686965942e-02,-6.589010953903198242e-01,1.643834114074707031e-01,1.307601779699325562e-01,9.750019907951354980e-01,-1.352883577346801758e-01,2.808440476655960083e-02,-1.434858888387680054e-01,-4.295821115374565125e-02,-2.355044931173324585e-01,1.505096107721328735e-01,-5.190239101648330688e-02,-2.521336311474442482e-03,-6.316550076007843018e-02,3.047850131988525391e-01,3.694194257259368896e-01,-2.044332921504974365e-01,-5.003637671470642090e-01,-1.078243330121040344e-01,2.992326617240905762e-01,-4.239144027233123779e-01,9.356640279293060303e-02,-5.491629838943481445e-01,1.340738981962203979e-01,1.665890589356422424e-02,4.094441421329975128e-03
-1.215336680412292480e+00,-1.201628074049949646e-01,1.023236036300659180e+00,-1.952392421662807465e-02,9.478154592216014862e-03,9.971905350685119629e-01,-7.169415801763534546e-02,-6.618993282318115234e-01,1.708597093820571899e-01,1.430460512638092041e-01,9.900348782539367676e-01,-1.462056785821914673e-01,3.874802216887474060e-02,-1.423235982656478882e-01,-4.375103116035461426e-02,-2.446203231811523438e-01,1.494078338146209717e-01,-5.261968448758125305e-02,-4.112950526177883148e-03,-6.144919618964195251e-02,3.057434856891632080e-01,3.661167919635772705e-01,-2.026650458574295044e-01,-4.985017776489257812e-01,-1.051441878080368042e-01,2.970584034919738770e-01,-4.275359213352203369e-01,9.293281286954879761e-02,-5.489501357078552246e-01,1.310287266969680786e-01,1.701097376644611359e-02,3.635848639532923698e-03
-1.215526700019836426e+00,-1.182246357202529907e-01,1.023413181304931641e+00,-1.992182806134223938e-02,1.003177743405103683e-02,9.968444108963012695e-01,-7.618234306573867798e-02,-6.638880968093872070e-01,1.770173460245132446e-01,1.531089395284652710e-01,1.003760337829589844e+00,-1.571310758590698242e-01,4.654094204306602478e-02,-1.411534845829010010e-01,-4.388825222849845886e-02,-2.537791132926940918e-01,1.483052372932434082e-01,-5.336118489503860474e-02,-5.672565195709466934e-03,-5.958751589059829712e-02,3.067799508571624756e-01,3.632684051990509033e-01,-2.013446390628814697e-01,-4.969014823436737061e-01,-1.034036651253700256e-01,2.952336072921752930e-01,-4.311076402664184570e-01,9.301224350929260254e-02,-5.489326715469360352e-01,1.287709474563598633e-01,1.705544814467430115e-02,3.073101863265037537e-03
-1.215722084045410156e+00,-1.164534687995910645e-01,1.023522496223449707e+00,-2.039956115186214447e-02,1.033874601125717163e-02,9.964694976806640625e-01,-8.078026026487350464e-02,-6.643546223640441895e-01,1.829855591058731079e-01,1.626184433698654175e-01,1.015003442764282227e+00,-1.663172543048858643e-01,5.589102581143379211e-02,-1.400480717420578003e-01,-4.371166601777076721e-02,-2.633045017719268799e-01,1.471070945262908936e-01,-5.432103574275970459e-02,-7.066064514219760895e-03,-5.764587968587875366e-02,3.077307045459747314e-01,3.609336018562316895e-01,-2.003175467252731323e-01,-4.957573115825653076e-01,-1.024463847279548645e-01,2.938152849674224854e-01,-4.346180260181427002e-01,9.378381073474884033e-02,-5.490782856941223145e-01,1.272669881582260132e-01,1.688242144882678986e-02,2.495910041034221649e-03
-1.216042280197143555e+00,-1.147055998444557190e-01,1.023555517196655273e+00,-2.056643366813659668e-02,1.027183886617422104e-02,9.960371255874633789e-01,-8.591612428426742554e-02,-6.634032726287841797e-01,1.892291903495788574e-01,1.711303293704986572e-01,1.024849891662597656e+00,-1.759518235921859741e-01,6.321699917316436768e-02,-1.379716396331787109e-01,-4.281834140419960022e-02,-2.743073999881744385e-01,1.458989679813385010e-01,-5.567795038223266602e-02,-8.428442291915416718e-03,-5.597460269927978516e-02,3.086771965026855469e-01,3.592890202999114990e-01,-1.999352276325225830e-01,-4.951578080654144287e-01,-1.027454286813735962e-01,2.927751541137695312e-01,-4.378587305545806885e-01,9.494443237781524658e-02,-5.490257740020751953e-01,1.262617558240890503e-01,1.667524687945842743e-02,1.650196732953190804e-03
-1.216382026672363281e+00,-1.129798814654350281e-01,1.023549199104309082e+00,-2.088270336389541626e-02,1.021008845418691635e-02,9.955363273620605469e-01,-9.147190302610397339e-02,-6.615639925003051758e-01,1.949130296707153320e-01,1.795075684785842896e-01,1.032417535781860352e+00,-1.834585368633270264e-01,6.958335638046264648e-02,-1.362386494874954224e-01,-4.202630370855331421e-02,-2.855581343173980713e-01,1.448539495468139648e-01,-5.682034790515899658e-02,-9.712585248053073883e-03,-5.456422641873359680e-02,3.095057308673858643e-01,3.582304418087005615e-01,-2.000694274902343750e-01,-4.949734508991241455e-01,-1.038159355521202087e-01,2.920650839805603027e-01,-4.408018887042999268e-01,9.643542766571044922e-02,-5.488529205322265625e-01,1.256224960088729858e-01,1.633937470614910126e-02,6.307087605819106102e-04
-1.216939568519592285e+00,-1.113453954458236694e-01,1.023450374603271484e+00,-2.150162868201732635e-02,9.727770462632179260e-03,9.949722290039062500e-01,-9.733077883720397949e-02,-6.587551236152648926e-01,2.012027353048324585e-01,1.879759132862091064e-01,1.038058400154113770e+00,-1.930144876241683960e-01,7.690621167421340942e-02,-1.345990002155303955e-01,-4.048035666346549988e-02,-2.977707684040069580e-01,1.434263736009597778e-01,-5.823637545108795166e-02,-1.084062643349170685e-02,-5.379226803779602051e-02,3.101571798324584961e-01,3.577345609664916992e-01,-2.004755288362503052e-01,-4.951929748058319092e-01,-1.053843200206756592e-01,2.915596365928649902e-01,-4.433408081531524658e-01,9.797697514295578003e-02,-5.482918024063110352e-01,1.251340955495834351e-01,1.572914235293865204e-02,-3.254593757446855307e-04
-1.217371582984924316e+00,-1.098087877035140991e-01,1.023304700851440430e+00,-2.158353663980960846e-02,8.957299403846263885e-03,9.943586587905883789e-01,-1.034636721014976501e-01,-6.538849472999572754e-01,2.082630991935729980e-01,1.972198486328125000e-01,1.041427493095397949e+00,-2.012757509946823120e-01,8.634876459836959839e-02,-1.318241506814956665e-01,-3.824339434504508972e-02,-3.104665279388427734e-01,1.418713480234146118e-01,-6.023662909865379333e-02,-1.198514737188816071e-02,-5.341868847608566284e-02,3.107445538043975830e-01,3.577596545219421387e-01,-2.010062932968139648e-01,-4.954920411109924316e-01,-1.072951704263687134e-01,2.913568317890167236e-01,-4.453493058681488037e-01,9.965091198682785034e-02,-5.473319292068481445e-01,1.248221322894096375e-01,1.505928114056587219e-02,-1.521250116638839245e-03
-1.218012571334838867e+00,-1.083722040057182312e-01,1.023102045059204102e+00,-2.125206962227821350e-02,8.131596259772777557e-03,9.936411976814270020e-01,-1.102695390582084656e-01,-6.464948654174804688e-01,2.154643833637237549e-01,2.074721306562423706e-01,1.042728185653686523e+00,-2.114724814891815186e-01,9.508940577507019043e-02,-1.283518821001052856e-01,-3.622479364275932312e-02,-3.243904709815979004e-01,1.411168128252029419e-01,-6.204010173678398132e-02,-1.285927649587392807e-02,-5.337791144847869873e-02,3.112117350101470947e-01,3.581559658050537109e-01,-2.014129310846328735e-01,-4.955234527587890625e-01,-1.091694235801696777e-01,2.915133237838745117e-01,-4.466685652732849121e-01,1.010461375117301941e-01,-5.457537770271301270e-01,1.240155771374702454e-01,1.446128170937299728e-02,-2.884374465793371201e-03
-1.218647003173828125e+00,-1.072202175855636597e-01,1.022958636283874512e+00,-2.125452645123004913e-02,7.243578787893056870e-03,9.928780794143676758e-01,-1.169996410608291626e-01,-6.375059485435485840e-01,2.229315340518951416e-01,2.198850959539413452e-01,1.040565729141235352e+00,-2.197867631912231445e-01,1.040711477398872375e-01,-1.253464967012405396e-01,-3.435271978378295898e-02,-3.383269906044006348e-01,1.399882733821868896e-01,-6.347981840372085571e-02,-1.333773881196975708e-02,-5.415632948279380798e-02,3.114384412765502930e-01,3.588385581970214844e-01,-2.016590982675552368e-01,-4.957207739353179932e-01,-1.108946725726127625e-01,2.918183505535125732e-01,-4.474591016769409180e-01,1.022615432739257812e-01,-5.435588955879211426e-01,1.232184842228889465e-01,1.390895899385213852e-02,-4.312614910304546356e-03
-1.219312906265258789e+00,-1.062431633472442627e-01,1.022751212120056152e+00,-2.082370966672897339e-02,6.125956773757934570e-03,9.920421242713928223e-01,-1.240211129188537598e-01,-6.266742944717407227e-01,2.308072149753570557e-01,2.334216684103012085e-01,1.036870837211608887e+00,-2.283567190170288086e-01,1.132243424654006958e-01,-1.201926395297050476e-01,-3.138141706585884094e-02,-3.522205352783203125e-01,1.364240795373916626e-01,-6.563318520784378052e-02,-1.386010926216840744e-02,-5.541871115565299988e-02,3.116106986999511719e-01,3.598240315914154053e-01,-2.016934454441070557e-01,-4.957284629344940186e-01,-1.123144179582595825e-01,2.924396097660064697e-01,-4.477215707302093506e-01,1.034493893384933472e-01,-5.412735939025878906e-01,1.223101913928985596e-01,1.353008113801479340e-02,-5.767339374870061874e-03
-1.220004200935363770e+00,-1.053077876567840576e-01,1.022608160972595215e+00,-2.051614224910736084e-02,5.007105879485607147e-03,9.911329150199890137e-01,-1.311852037906646729e-01,-6.138866543769836426e-01,2.383667677640914917e-01,2.487846463918685913e-01,1.029749035835266113e+00,-2.358669191598892212e-01,1.197084635496139526e-01,-1.130853369832038879e-01,-2.767354249954223633e-02,-3.661625981330871582e-01,1.295690387487411499e-01,-6.728525459766387939e-02,-1.427124720066785812e-02,-5.621152371168136597e-02,3.116116821765899658e-01,3.611095547676086426e-01,-2.016205191612243652e-01,-4.957035779953002930e-01,-1.135788336396217346e-01,2.932001948356628418e-01,-4.473046958446502686e-01,1.042060405015945435e-01,-5.385156273841857910e-01,1.210836172103881836e-01,1.326664350926876068e-02,-7.311900611966848373e-03
-1.220717668533325195e+00,-1.044599935412406921e-01,1.022467494010925293e+00,-2.006177417933940887e-02,3.989867400377988815e-03,9.901976585388183594e-01,-1.381673216819763184e-01,-5.988597273826599121e-01,2.453797459602355957e-01,2.653412222862243652e-01,1.019465804100036621e+00,-2.424751818180084229e-01,1.272138804197311401e-01,-1.064389646053314209e-01,-2.435269206762313843e-02,-3.804069459438323975e-01,1.232506930828094482e-01,-6.690377742052078247e-02,-1.451685745269060135e-02,-5.723334476351737976e-02,3.113742470741271973e-01,3.624623119831085205e-01,-2.012345492839813232e-01,-4.958023726940155029e-01,-1.146211400628089905e-01,2.941041290760040283e-01,-4.463534951210021973e-01,1.046523228287696838e-01,-5.355423092842102051e-01,1.195238754153251648e-01,1.315002422779798508e-02,-8.862243033945560455e-03
-1.221447229385375977e+00,-1.036531776189804077e-01,1.022417306900024414e+00,-1.862743124365806580e-02,3.279998898506164551e-03,9.891071915626525879e-01,-1.459768712520599365e-01,-5.787380933761596680e-01,2.507628500461578369e-01,2.841071486473083496e-01,1.004011034965515137e+00,-2.484280169010162354e-01,1.351470798254013062e-01,-9.372456371784210205e-02,-1.916532777249813080e-02,-3.978642821311950684e-01,1.066466867923736572e-01,-6.225685775279998779e-02,-1.528463885188102722e-02,-5.933135002851486206e-02,3.109881281852722168e-01,3.643824458122253418e-01,-2.004536241292953491e-01,-4.955573678016662598e-01,-1.169089004397392273e-01,2.954328656196594238e-01,-4.442737102508544922e-01,1.050966009497642517e-01,-5.276534557342529297e-01,1.149339303374290466e-01,1.375580579042434692e-02,-1.291074324399232864e-02
-1.222249627113342285e+00,-1.030477434396743774e-01,1.022302865982055664e+00,-1.737158186733722687e-02,2.322655636817216873e-03,9.879934191703796387e-01,-1.534984856843948364e-01,-5.585714578628540039e-01,2.558491230010986328e-01,3.026812672615051270e-01,9.867464303970336914e-01,-2.527419924736022949e-01,1.400555521249771118e-01,-8.173464238643646240e-02,-1.396666560322046280e-02,-4.146032035350799561e-01,9.204337000846862793e-02,-5.688220262527465820e-02,-1.522639114409685135e-02,-6.054292246699333191e-02,3.105158507823944092e-01,3.663576543331146240e-01,-1.995424330234527588e-01,-4.954544603824615479e-01,-1.186190247535705566e-01,2.968320548534393311e-01,-4.416947364807128906e-01,1.054454445838928223e-01,-5.208786129951477051e-01,1.110567525029182434e-01,1.456604246050119400e-02,-1.655201241374015808e-02
-1.223100900650024414e+00,-1.024788394570350647e-01,1.022237658500671387e+00,-1.636348664760589600e-02,1.726351445540785789e-03,9.867578744888305664e-01,-1.613634526729583740e-01,-5.372235178947448730e-01,2.587865591049194336e-01,3.217978775501251221e-01,9.664605855941772461e-01,-2.561268508434295654e-01,1.409670859575271606e-01,-7.508010417222976685e-02,-1.164112612605094910e-02,-4.300913214683532715e-01,8.795604854822158813e-02,-5.643671751022338867e-02,-1.642946526408195496e-02,-6.199936941266059875e-02,3.098411262035369873e-01,3.682109415531158447e-01,-1.988832205533981323e-01,-4.964202046394348145e-01,-1.199259385466575623e-01,2.982123494148254395e-01,-4.387267231941223145e-01,1.054628118872642517e-01,-5.148519873619079590e-01,1.072007343173027039e-01,1.556100603193044662e-02,-1.995893567800521851e-02
-1.223965048789978027e+00,-1.021044552326202393e-01,1.022117137908935547e+00,-1.517346408218145370e-02,8.809941355139017105e-04,9.854382872581481934e-01,-1.693528443574905396e-01,-5.142734050750732422e-01,2.612096965312957764e-01,3.417911529541015625e-01,9.428259730339050293e-01,-2.576720118522644043e-01,1.418071836233139038e-01,-7.233838737010955811e-02,-1.020403299480676651e-02,-4.448646903038024902e-01,8.995963633060455322e-02,-5.802046135067939758e-02,-1.705411262810230255e-02,-6.372044980525970459e-02,3.091256618499755859e-01,3.701811134815216064e-01,-1.984842419624328613e-01,-4.978215694427490234e-01,-1.212427839636802673e-01,2.996355891227722168e-01,-4.353794455528259277e-01,1.053347364068031311e-01,-5.093222856521606445e-01,1.038291156291961670e-01,1.661804504692554474e-02,-2.348000556230545044e-02
-1.224759221076965332e+00,-1.017808616161346436e-01,1.021971702575683594e+00,-1.439737528562545776e-02,-8.843439718475565314e-05,9.840868115425109863e-01,-1.771039962768554688e-01,-4.912915825843811035e-01,2.627897560596466064e-01,3.625487983226776123e-01,9.165458083152770996e-01,-2.581815719604492188e-01,1.408476829528808594e-01,-6.586161255836486816e-02,-7.843003608286380768e-03,-4.593971073627471924e-01,8.915834128856658936e-02,-6.105332821607589722e-02,-1.606007665395736694e-02,-6.453160941600799561e-02,3.083180487155914307e-01,3.722585141658782959e-01,-1.983270496129989624e-01,-4.997564256191253662e-01,-1.224142983555793762e-01,3.011520504951477051e-01,-4.316639900207519531e-01,1.052388921380043030e-01,-5.044487118721008301e-01,1.009515672922134399e-01,1.766077987849712372e-02,-2.707650698721408844e-02
-1.225551366806030273e+00,-1.017073169350624084e-01,1.021858096122741699e+00,-1.333831716328859329e-02,-9.438886190764605999e-04,9.826825857162475586e-01,-1.848139315843582153e-01,-4.666378200054168701e-01,2.623298466205596924e-01,3.827253580093383789e-01,8.871607184410095215e-01,-2.561749517917633057e-01,1.390028297901153564e-01,-6.241432949900627136e-02,-6.436808966100215912e-03,-4.732969403266906738e-01,9.050000458955764771e-02,-6.190381944179534912e-02,-1.780623942613601685e-02,-6.563305854797363281e-02,3.074183166027069092e-01,3.743016421794891357e-01,-1.984932124614715576e-01,-5.023529529571533203e-01,-1.234568357467651367e-01,3.028148412704467773e-01,-4.277088940143585205e-01,1.052671223878860474e-01,-5.000197887420654297e-01,9.875869005918502808e-02,1.873662322759628296e-02,-3.060721047222614288e-02
-1.226397752761840820e+00,-1.017219647765159607e-01,1.021683812141418457e+00,-1.234365068376064301e-02,-1.599621609784662724e-03,9.812064170837402344e-01,-1.925590932369232178e-01,-4.410413801670074463e-01,2.599936723709106445e-01,4.032611548900604248e-01,8.545483350753784180e-01,-2.515268325805664062e-01,1.332241594791412354e-01,-5.787871405482292175e-02,-5.621606484055519104e-03,-4.875754714012145996e-01,9.253863245248794556e-02,-6.527953594923019409e-02,-1.737690903246402740e-02,-6.637076288461685181e-02,3.065938353538513184e-01,3.765519559383392334e-01,-1.993458867073059082e-01,-5.051985383033752441e-01,-1.255414485931396484e-01,3.045972883701324463e-01,-4.236073791980743408e-01,1.053213179111480713e-01,-4.959961771965026855e-01,9.702485799789428711e-02,1.999270170927047729e-02,-3.406960144639015198e-02
-1.227150797843933105e+00,-1.019443124532699585e-01,1.021509289741516113e+00,-1.160407997667789459e-02,-2.306904643774032593e-03,9.796546697616577148e-01,-2.003415971994400024e-01,-4.156109690666198730e-01,2.557333409786224365e-01,4.226962625980377197e-01,8.192139863967895508e-01,-2.444432824850082397e-01,1.249701902270317078e-01,-5.575553327798843384e-02,-5.350035615265369415e-03,-5.002630949020385742e-01,9.594283252954483032e-02,-6.809586286544799805e-02,-1.725241541862487793e-02,-6.709758192300796509e-02,3.055987656116485596e-01,3.788012564182281494e-01,-2.006176859140396118e-01,-5.089176893234252930e-01,-1.278038918972015381e-01,3.063732385635375977e-01,-4.194110929965972900e-01,1.054626256227493286e-01,-4.927543103694915771e-01,9.587857127189636230e-02,2.122494205832481384e-02,-3.759882971644401550e-02
-1.227895498275756836e+00,-1.024497896432876587e-01,1.021303176879882812e+00,-1.066002435982227325e-02,-3.220153041183948517e-03,9.780129194259643555e-01,-2.082469016313552856e-01,-3.895639777183532715e-01,2.508586049079895020e-01,4.426017105579376221e-01,7.818480730056762695e-01,-2.349687069654464722e-01,1.128785312175750732e-01,-5.367629230022430420e-02,-5.384868010878562927e-03,-5.146288275718688965e-01,1.011662185192108154e-01,-7.161723822355270386e-02,-1.617994531989097595e-02,-6.732556223869323730e-02,3.045616745948791504e-01,3.810901939868927002e-01,-2.021592110395431519e-01,-5.127674937248229980e-01,-1.301034986972808838e-01,3.082811534404754639e-01,-4.148101806640625000e-01,1.054657995700836182e-01,-4.900390207767486572e-01,9.422702342271804810e-02,2.247570082545280457e-02,-4.125906899571418762e-02
-1.228618264198303223e+00,-1.030975952744483948e-01,1.021065473556518555e+00,-1.002569310367107391e-02,-4.297842737287282944e-03,9.762710928916931152e-01,-2.162771373987197876e-01,-3.643288612365722656e-01,2.450903058052062988e-01,4.622205793857574463e-01,7.422631382942199707e-01,-2.200552821159362793e-01,9.787792712450027466e-02,-5.124212801456451416e-02,-4.956105258315801620e-03,-5.283545255661010742e-01,1.052587479352951050e-01,-7.438578456640243530e-02,-1.576143316924571991e-02,-6.814880669116973877e-02,3.034417927265167236e-01,3.835917711257934570e-01,-2.040965259075164795e-01,-5.168458819389343262e-01,-1.323899179697036743e-01,3.102448880672454834e-01,-4.099453985691070557e-01,1.056205481290817261e-01,-4.878218770027160645e-01,9.298063814640045166e-02,2.378964237868785858e-02,-4.458202049136161804e-02
-1.229192733764648438e+00,-1.040044873952865601e-01,1.020709395408630371e+00,-9.070826694369316101e-03,-5.232579074800014496e-03,9.744925498962402344e-01,-2.241753339767456055e-01,-3.385352790355682373e-01,2.381910532712936401e-01,4.816887080669403076e-01,7.013387680053710938e-01,-2.013445645570755005e-01,8.353549987077713013e-02,-4.906295984983444214e-02,-5.373982246965169907e-03,-5.421417355537414551e-01,1.104663237929344177e-01,-7.749526947736740112e-02,-1.476543303579092026e-02,-6.839456409215927124e-02,3.022656440734863281e-01,3.861994445323944092e-01,-2.062532454729080200e-01,-5.209383368492126465e-01,-1.345084160566329956e-01,3.123565018177032471e-01,-4.048803150653839111e-01,1.058035269379615784e-01,-4.857790172100067139e-01,9.193819016218185425e-02,2.540490776300430298e-02,-4.788047075271606445e-02
-1.229635953903198242e+00,-1.051340177655220032e-01,1.020320296287536621e+00,-8.484699763357639313e-03,-6.022342946380376816e-03,9.726295471191406250e-01,-2.321280986070632935e-01,-3.131841421127319336e-01,2.298635393381118774e-01,5.012340545654296875e-01,6.578925251960754395e-01,-1.746006458997726440e-01,6.649849563837051392e-02,-4.732152819633483887e-02,-6.515340413898229599e-03,-5.551887750625610352e-01,1.158558800816535950e-01,-8.171798288822174072e-02,-1.242681685835123062e-02,-6.840269267559051514e-02,3.009049296379089355e-01,3.887298107147216797e-01,-2.085167765617370605e-01,-5.251355171203613281e-01,-1.363042742013931274e-01,3.144024014472961426e-01,-3.998479545116424561e-01,1.059422791004180908e-01,-4.844919741153717041e-01,9.111012518405914307e-02,2.671364322304725647e-02,-5.107494816184043884e-02
-1.230113506317138672e+00,-1.064144968986511230e-01,1.019981026649475098e+00,-7.942652329802513123e-03,-7.035996764898300171e-03,9.707326889038085938e-01,-2.399279475212097168e-01,-2.885756194591522217e-01,2.215176522731781006e-01,5.203695297241210938e-01,6.131833195686340332e-01,-1.392136365175247192e-01,4.908277839422225952e-02,-4.670358076691627502e-02,-7.734300103038549423e-03,-5.676032304763793945e-01,1.225449517369270325e-01,-8.521013706922531128e-02,-1.021515019237995148e-02,-6.846192479133605957e-02,2.992510199546813965e-01,3.912542164325714111e-01,-2.107288390398025513e-01,-5.296854376792907715e-01,-1.382260322570800781e-01,3.163940310478210449e-01,-3.947630822658538818e-01,1.060453429818153381e-01,-4.834549427032470703e-01,9.064339846372604370e-02,2.810231596231460571e-02,-5.370992422103881836e-02
-1.230522155761718750e+00,-1.079014465212821960e-01,1.019613981246948242e+00,-7.773049641400575638e-03,-7.949887774884700775e-03,9.686604142189025879e-01,-2.481397837400436401e-01,-2.652104794979095459e-01,2.127704173326492310e-01,5.401667952537536621e-01,5.684952139854431152e-01,-1.049253046512603760e-01,1.351979840546846390e-02,-4.632456228137016296e-02,-9.797325357794761658e-03,-5.800991654396057129e-01,1.300726532936096191e-01,-9.000068157911300659e-02,-7.215347141027450562e-03,-6.953266263008117676e-02,2.973776161670684814e-01,3.938362300395965576e-01,-2.128701210021972656e-01,-5.338255167007446289e-01,-1.401310414075851440e-01,3.182438611984252930e-01,-3.896436989307403564e-01,1.061161532998085022e-01,-4.829213023185729980e-01,9.052497148513793945e-02,2.934391424059867859e-02,-5.650321021676063538e-02
-1.230463266372680664e+00,-1.096206083893775940e-01,1.019054532051086426e+00,-7.638176437467336655e-03,-9.380138479173183441e-03,9.666178822517395020e-01,-2.559365630149841309e-01,-2.479852288961410522e-01,2.069048881530761719e-01,5.547383427619934082e-01,5.380150079727172852e-01,-1.190289855003356934e-01,-2.932344563305377960e-02,-4.614096507430076599e-02,-1.048249844461679459e-02,-5.901027321815490723e-01,1.355883032083511353e-01,-9.292925149202346802e-02,-4.790538921952247620e-03,-6.872646510601043701e-02,2.958824336528778076e-01,3.955264985561370850e-01,-2.143018096685409546e-01,-5.356907844543457031e-01,-1.408932060003280640e-01,3.193949759006500244e-01,-3.862769007682800293e-01,1.061232164502143860e-01,-4.828533232212066650e-01,9.032507240772247314e-02,2.972535043954849243e-02,-5.761217698454856873e-02
-1.230047821998596191e+00,-1.115354672074317932e-01,1.018650770187377930e+00,-6.521381903439760208e-03,-9.698890149593353271e-03,9.645103216171264648e-01,-2.637863159179687500e-01,-2.225607782602310181e-01,1.908069252967834473e-01,5.628620982170104980e-01,4.926373064517974854e-01,-1.379833221435546875e-01,-4.271938279271125793e-02,-4.612029343843460083e-02,-1.624114625155925751e-02,-6.028203964233398438e-01,1.494408249855041504e-01,-9.996458142995834351e-02,-4.047117545269429684e-04,-6.736379116773605347e-02,2.935377657413482666e-01,3.982932567596435547e-01,-2.170894294977188110e-01,-5.407832264900207520e-01,-1.432255804538726807e-01,3.215914070606231689e-01,-3.807860314846038818e-01,1.060406491160392761e-01,-4.823269248008728027e-01,8.971744030714035034e-02,3.128749504685401917e-02,-6.115547940135002136e-02
-1.229634404182434082e+00,-1.135546118021011353e-01,1.018327116966247559e+00,-5.550597794353961945e-03,-9.390772320330142975e-03,9.625366926193237305e-01,-2.709318399429321289e-01,-2.026353776454925537e-01,1.740677654743194580e-01,5.563977956771850586e-01,4.547009170055389404e-01,-1.489995419979095459e-01,-3.777851909399032593e-02,-4.952539131045341492e-02,-2.385621517896652222e-02,-6.081704497337341309e-01,1.661250144243240356e-01,-1.059535890817642212e-01,2.242666669189929962e-03,-6.476458162069320679e-02,2.912851572036743164e-01,4.007143676280975342e-01,-2.203961014747619629e-01,-5.455335378646850586e-01,-1.453719139099121094e-01,3.238772153854370117e-01,-3.757838904857635498e-01,1.057689860463142395e-01,-4.815061092376708984e-01,8.992062509059906006e-02,3.331533446907997131e-02,-6.482171267271041870e-02
-1.229096174240112305e+00,-1.155990660190582275e-01,1.018028736114501953e+00,-5.194541532546281815e-03,-9.445778094232082367e-03,9.598681926727294922e-01,-2.802442014217376709e-01,-1.876081824302673340e-01,1.582681834697723389e-01,5.483552217483520508e-01,4.200838804244995117e-01,-1.568648368120193481e-01,-3.591216728091239929e-02,-5.459965020418167114e-02,-3.191592544317245483e-02,-6.118756532669067383e-01,1.862718164920806885e-01,-1.129228919744491577e-01,5.848739296197891235e-03,-6.580730527639389038e-02,2.888295948505401611e-01,4.028763473033905029e-01,-2.238762378692626953e-01,-5.502524375915527344e-01,-1.475015431642532349e-01,3.259970545768737793e-01,-3.710874319076538086e-01,1.049111485481262207e-01,-4.808729290962219238e-01,8.988502621650695801e-02,3.512230515480041504e-02,-6.840404868125915527e-02
-1.228285908699035645e+00,-1.175896674394607544e-01,1.017817378044128418e+00,-4.772175103425979614e-03,-9.854230098426342010e-03,9.572771787643432617e-01,-2.889646291732788086e-01,-1.767609566450119019e-01,1.463309377431869507e-01,5.401157736778259277e-01,3.947495520114898682e-01,-1.639755368232727051e-01,-3.409929201006889343e-02,-6.137021631002426147e-02,-4.054709896445274353e-02,-6.164941191673278809e-01,2.089346349239349365e-01,-1.175164729356765747e-01,1.014513242989778519e-02,-6.488513946533203125e-02,2.863277792930603027e-01,4.047082066535949707e-01,-2.272219061851501465e-01,-5.537179112434387207e-01,-1.491944491863250732e-01,3.278520405292510986e-01,-3.669541776180267334e-01,1.037457808852195740e-01,-4.803419113159179688e-01,8.960685133934020996e-02,3.635641187429428101e-02,-7.113008201122283936e-02
-1.227520465850830078e+00,-1.194170117378234863e-01,1.017892360687255859e+00,-5.126806907355785370e-03,-9.055062197148799896e-03,9.546537995338439941e-01,-2.975363433361053467e-01,-1.684419959783554077e-01,1.318600475788116455e-01,5.270593166351318359e-01,3.696083128452301025e-01,-1.614754199981689453e-01,-3.331244736909866333e-02,-6.995685398578643799e-02,-5.315503105521202087e-02,-6.199539303779602051e-01,2.349604219198226929e-01,-1.229199171066284180e-01,1.518303807824850082e-02,-6.338794529438018799e-02,2.835719585418701172e-01,4.061266481876373291e-01,-2.312019169330596924e-01,-5.576170086860656738e-01,-1.511624902486801147e-01,3.296161890029907227e-01,-3.634227216243743896e-01,1.022023856639862061e-01,-4.795923233032226562e-01,8.969280123710632324e-02,3.735570609569549561e-02,-7.410439103841781616e-02
-1.226340770721435547e+00,-1.212002336978912354e-01,1.018029570579528809e+00,-5.392522085458040237e-03,-8.168538101017475128e-03,9.517897367477416992e-01,-3.065949380397796631e-01,-1.622031182050704956e-01,1.169933378696441650e-01,5.119712352752685547e-01,3.464590311050415039e-01,-1.555460095405578613e-01,-2.453237213194370270e-02,-8.193704485893249512e-02,-6.869943439960479736e-02,-6.218584179878234863e-01,2.680907249450683594e-01,-1.270661354064941406e-01,1.962160505354404449e-02,-6.368796527385711670e-02,2.805700302124023438e-01,4.071834385395050049e-01,-2.354536354541778564e-01,-5.617163777351379395e-01,-1.529186069965362549e-01,3.310973346233367920e-01,-3.602893054485321045e-01,1.000847592949867249e-01,-4.787923693656921387e-01,8.968544751405715942e-02,3.825474902987480164e-02,-7.695549726486206055e-02
-1.225019693374633789e+00,-1.229490861296653748e-01,1.018561840057373047e+00,-5.713764112442731857e-03,-7.241698447614908218e-03,9.487667083740234375e-01,-3.158427774906158447e-01,-1.572660356760025024e-01,1.023489460349082947e-01,4.945802390575408936e-01,3.256218731403350830e-01,-1.474940627813339233e-01,-1.306141074746847153e-02,-9.739706665277481079e-02,-8.731979131698608398e-02,-6.221582889556884766e-01,3.083593845367431641e-01,-1.277098953723907471e-01,2.107617072761058807e-02,-6.426092237234115601e-02,2.773004174232482910e-01,4.078825414180755615e-01,-2.399122267961502075e-01,-5.657305121421813965e-01,-1.546179205179214478e-01,3.323712944984436035e-01,-3.575033247470855713e-01,9.742565453052520752e-02,-4.777947962284088135e-01,8.943229913711547852e-02,3.899539634585380554e-02,-7.982503622770309448e-02
-1.223606824874877930e+00,-1.245772168040275574e-01,1.019073009490966797e+00,-6.193432025611400604e-03,-6.398478522896766663e-03,9.456583261489868164e-01,-3.250400125980377197e-01,-1.534843295812606812e-01,8.906253427267074585e-02,4.749138951301574707e-01,3.072248101234436035e-01,-1.394725292921066284e-01,-8.525702171027660370e-03,-1.180841252207756042e-01,-1.093735173344612122e-01,-6.206180453300476074e-01,3.585389554500579834e-01,-1.278539448976516724e-01,1.154773402959108353e-02,-6.571240723133087158e-02,2.737969160079956055e-01,4.083386361598968506e-01,-2.444616854190826416e-01,-5.695478916168212891e-01,-1.563540995121002197e-01,3.333585560321807861e-01,-3.549655973911285400e-01,9.438058733940124512e-02,-4.769124984741210938e-01,8.915436267852783203e-02,3.962299227714538574e-02,-8.246365189552307129e-02
-1.221968889236450195e+00,-1.261502504348754883e-01,1.019753217697143555e+00,-6.580242421478033066e-03,-5.662740673869848251e-03,9.423928260803222656e-01,-3.343956470489501953e-01,-1.513618230819702148e-01,7.754620164632797241e-02,4.553438425064086914e-01,2.924894690513610840e-01,-1.308249384164810181e-01,-8.613108657300472260e-03,-1.433768421411514282e-01,-1.353490352630615234e-01,-6.173902750015258789e-01,4.175195991992950439e-01,-1.206731945276260376e-01,5.966878961771726608e-03,-6.776215881109237671e-02,2.702438235282897949e-01,4.084939360618591309e-01,-2.492232173681259155e-01,-5.731406211853027344e-01,-1.579042822122573853e-01,3.341506421566009521e-01,-3.526065945625305176e-01,9.112888574600219727e-02,-4.761321246623992920e-01,8.871939033269882202e-02,4.010630398988723755e-02,-8.489175140857696533e-02
-1.220458626747131348e+00,-1.277458518743515015e-01,1.020701646804809570e+00,-6.327616050839424133e-03,-6.244814023375511169e-03,9.398168921470642090e-01,-3.415628075599670410e-01,-1.501141935586929321e-01,7.242511212825775146e-02,4.432196915149688721e-01,2.842307090759277344e-01,-1.253556013107299805e-01,-1.002135779708623886e-02,-1.655466407537460327e-01,-1.547784656286239624e-01,-6.141852140426635742e-01,4.654558598995208740e-01,-9.825879335403442383e-02,-9.404186857864260674e-04,-6.770844757556915283e-02,2.678709626197814941e-01,4.086696803569793701e-01,-2.522895038127899170e-01,-5.748803019523620605e-01,-1.587491780519485474e-01,3.344264924526214600e-01,-3.510467112064361572e-01,8.908835053443908691e-02,-4.758141934871673584e-01,8.848430216312408447e-02,4.028439894318580627e-02,-8.599111437797546387e-02
-1.218769073486328125e+00,-1.292776614427566528e-01,1.021511077880859375e+00,-6.070591043680906296e-03,-7.044439669698476791e-03,9.369224905967712402e-01,-3.494133949279785156e-01,-1.495569199323654175e-01,6.805880367755889893e-02,4.316791296005249023e-01,2.757704854011535645e-01,-1.197684109210968018e-01,-1.139534078538417816e-02,-1.909117400646209717e-01,-1.767896860837936401e-01,-6.102346181869506836e-01,5.173758268356323242e-01,-6.600545346736907959e-02,-1.108474656939506531e-02,-6.927673518657684326e-02,2.654376924037933350e-01,4.089996218681335449e-01,-2.553949356079101562e-01,-5.765883326530456543e-01,-1.597180217504501343e-01,3.345730602741241455e-01,-3.492985069751739502e-01,8.717890083789825439e-02,-4.754526019096374512e-01,8.817549794912338257e-02,4.042898118495941162e-02,-8.696758747100830078e-02
-1.217013716697692871e+00,-1.308873593807220459e-01,1.022309660911560059e+00,-5.969441961497068405e-03,-8.140783756971359253e-03,9.337757825851440430e-01,-3.577161729335784912e-01,-1.491061598062515259e-01,6.420898437500000000e-02,4.209239482879638672e-01,2.671243548393249512e-01,-1.145803108811378479e-01,-1.282096467912197113e-02,-2.181435227394104004e-01,-1.998692452907562256e-01,-6.052543520927429199e-01,5.692958235740661621e-01,-2.707901969552040100e-02,-2.460093423724174500e-02,-7.243779301643371582e-02,2.628813683986663818e-01,4.094013869762420654e-01,-2.584669888019561768e-01,-5.783408284187316895e-01,-1.606401503086090088e-01,3.345485627651214600e-01,-3.474503159523010254e-01,8.562482893466949463e-02,-4.752893447875976562e-01,8.801425993442535400e-02,4.052888229489326477e-02,-8.779970556497573853e-02
-1.215218901634216309e+00,-1.322012096643447876e-01,1.022810935974121094e+00,-5.814540665596723557e-03,-9.479544125497341156e-03,9.303212761878967285e-01,-3.665769994258880615e-01,-1.494487076997756958e-01,6.122818216681480408e-02,4.102066457271575928e-01,2.592170834541320801e-01,-1.099352613091468811e-01,-1.344456151127815247e-02,-2.469284236431121826e-01,-2.227614820003509521e-01,-5.965940952301025391e-01,6.212158203125000000e-01,1.407520100474357605e-02,-4.463804513216018677e-02,-7.803363353013992310e-02,2.603250443935394287e-01,4.101130366325378418e-01,-2.616782188415527344e-01,-5.801303982734680176e-01,-1.616898030042648315e-01,3.342723846435546875e-01,-3.454698026180267334e-01,8.452621847391128540e-02,-4.755484163761138916e-01,8.794735372066497803e-02,4.055327177047729492e-02,-8.849272131919860840e-02
-1.213463902473449707e+00,-1.335384696722030640e-01,1.023081183433532715e+00,-5.538757424801588058e-03,-1.103500649333000183e-02,9.266237616539001465e-01,-3.757871985435485840e-01,-1.505936086177825928e-01,5.885937437415122986e-02,3.979234099388122559e-01,2.529793083667755127e-01,-1.066711843013763428e-01,-1.253694482147693634e-02,-2.774271965026855469e-01,-2.452103197574615479e-01,-5.838761925697326660e-01,6.731358170509338379e-01,5.501398444175720215e-02,-7.074806094169616699e-02,-8.397883921861648560e-02,2.577202320098876953e-01,4.110629558563232422e-01,-2.650129199028015137e-01,-5.820875763893127441e-01,-1.628173589706420898e-01,3.337844014167785645e-01,-3.434013128280639648e-01,8.394777774810791016e-02,-4.762621819972991943e-01,8.812284469604492188e-02,4.047415778040885925e-02,-8.905330300331115723e-02
-1.211791753768920898e+00,-1.345921605825424194e-01,1.023025751113891602e+00,-5.501684732735157013e-03,-1.250892691314220428e-02,9.225990772247314453e-01,-3.855180740356445312e-01,-1.503792554140090942e-01,5.625098198652267456e-02,3.843795955181121826e-01,2.471870779991149902e-01,-1.058765724301338196e-01,-1.276180893182754517e-02,-3.104518055915832520e-01,-2.667593955993652344e-01,-5.658782124519348145e-01,7.250558733940124512e-01,9.100887179374694824e-02,-9.963978826999664307e-02,-9.119187295436859131e-02,2.550788223743438721e-01,4.122948646545410156e-01,-2.686155736446380615e-01,-5.842813849449157715e-01,-1.641214042901992798e-01,3.330705761909484863e-01,-3.413583934307098389e-01,8.391039073467254639e-02,-4.774122238159179688e-01,8.863092213869094849e-02,4.029887169599533081e-02,-8.953966200351715088e-02
-1.210290312767028809e+00,-1.354493200778961182e-01,1.022846937179565430e+00,-5.076527595520019531e-03,-1.322437915951013565e-02,9.185122847557067871e-01,-3.951386511325836182e-01,-1.541783809661865234e-01,5.320787802338600159e-02,3.698936998844146729e-01,2.444953769445419312e-01,-1.043803989887237549e-01,-1.239661220461130142e-02,-3.442577719688415527e-01,-2.875508069992065430e-01,-5.423342585563659668e-01,7.769758701324462891e-01,1.218165531754493713e-01,-1.306865364313125610e-01,-9.787741303443908691e-02,2.525371015071868896e-01,4.138319194316864014e-01,-2.725952565670013428e-01,-5.866153836250305176e-01,-1.656598448753356934e-01,3.322556912899017334e-01,-3.395259678363800049e-01,8.446994423866271973e-02,-4.789697527885437012e-01,8.949260413646697998e-02,4.008396342396736145e-02,-8.994919061660766602e-02
-1.209067344665527344e+00,-1.360407918691635132e-01,1.022540807723999023e+00,-5.011618603020906448e-03,-1.380749791860580444e-02,9.143763184547424316e-01,-4.045988321304321289e-01,-1.573393344879150391e-01,5.000198259949684143e-02,3.545890152454376221e-01,2.431929856538772583e-01,-1.044082418084144592e-01,-1.103909872472286224e-02,-3.794229328632354736e-01,-3.060633242130279541e-01,-5.148661732673645020e-01,8.288958668708801270e-01,1.378778070211410522e-01,-1.515108048915863037e-01,-1.037881374359130859e-01,2.499659210443496704e-01,4.157137572765350342e-01,-2.768763601779937744e-01,-5.891788005828857422e-01,-1.673737764358520508e-01,3.313042521476745605e-01,-3.379135131835937500e-01,8.558375388383865356e-02,-4.810288548469543457e-01,9.078995138406753540e-02,3.978179022669792175e-02,-9.034190326929092407e-02
-1.208087921142578125e+00,-1.366246640682220459e-01,1.022195339202880859e+00,-5.085882265120744705e-03,-1.402739994227886200e-02,9.104450345039367676e-01,-4.133608341217041016e-01,-1.611217707395553589e-01,4.636960476636886597e-02,3.391993641853332520e-01,2.434647083282470703e-01,-1.045501232147216797e-01,-9.287287481129169464e-03,-4.147368371486663818e-01,-3.227464854717254639e-01,-4.852815270423889160e-01,8.808158636093139648e-01,1.316545158624649048e-01,-1.619328409433364868e-01,-1.076049506664276123e-01,2.473368495702743530e-01,4.179448783397674561e-01,-2.815366387367248535e-01,-5.920129418373107910e-01,-1.695053279399871826e-01,3.302097022533416748e-01,-3.365995287895202637e-01,8.700103312730789185e-02,-4.835226237773895264e-01,9.243853390216827393e-02,3.944119438529014587e-02,-9.074864536523818970e-02
-1.207374334335327148e+00,-1.369667500257492065e-01,1.021864295005798340e+00,-5.204343702644109726e-03,-1.388107612729072571e-02,9.068729877471923828e-01,-4.211432635784149170e-01,-1.644160747528076172e-01,4.265241324901580811e-02,3.251324295997619629e-01,2.444529831409454346e-01,-1.044667586684226990e-01,-7.884332910180091858e-03,-4.500896632671356201e-01,-3.384089469909667969e-01,-4.557305276393890381e-01,9.327358603477478027e-01,1.121478006243705750e-01,-1.670916527509689331e-01,-1.090188100934028625e-01,2.447546571493148804e-01,4.204414784908294678e-01,-2.865075170993804932e-01,-5.949145555496215820e-01,-1.718398034572601318e-01,3.290956914424896240e-01,-3.356291353702545166e-01,8.866573870182037354e-02,-4.862906336784362793e-01,9.451784938573837280e-02,3.909643366932868958e-02,-9.121561795473098755e-02
-1.206867337226867676e+00,-1.375218331813812256e-01,1.021602988243103027e+00,-5.366679746657609940e-03,-1.361741311848163605e-02,9.034523367881774902e-01,-4.284386336803436279e-01,-1.673140376806259155e-01,3.859531879425048828e-02,3.107193112373352051e-01,2.455313652753829956e-01,-1.041925847530364990e-01,-6.304624956101179123e-03,-4.859147369861602783e-01,-3.529749214649200439e-01,-4.254577755928039551e-01,9.846558570861816406e-01,8.901876211166381836e-02,-1.741295754909515381e-01,-1.090674027800559998e-01,2.421492040157318115e-01,4.232808649539947510e-01,-2.915602028369903564e-01,-5.976780652999877930e-01,-1.743523329496383667e-01,3.279133737087249756e-01,-3.349440991878509521e-01,9.031973779201507568e-02,-4.891788959503173828e-01,9.691134840250015259e-02,3.879168629646301270e-02,-9.174261242151260376e-02
-1.206456542015075684e+00,-1.380597800016403198e-01,1.021306753158569336e+00,-5.303592886775732040e-03,-1.288735773414373398e-02,8.998691439628601074e-01,-4.359372854232788086e-01,-1.693365871906280518e-01,3.365309908986091614e-02,2.950391173362731934e-01,2.465671300888061523e-01,-1.036959215998649597e-01,-4.452240187674760818e-03,-5.216876268386840820e-01,-3.663597404956817627e-01,-3.928371667861938477e-01,1.036575794219970703e+00,6.178385019302368164e-02,-1.744814813137054443e-01,-1.099410429596900940e-01,2.396736741065979004e-01,4.263935089111328125e-01,-2.966980934143066406e-01,-6.000844836235046387e-01,-1.770491749048233032e-01,3.267454206943511963e-01,-3.343923389911651611e-01,9.175774455070495605e-02,-4.920231103897094727e-01,9.921874850988388062e-02,3.862114623188972473e-02,-9.227264672517776489e-02
-1.206234931945800781e+00,-1.386498510837554932e-01,1.020900964736938477e+00,-5.066085141152143478e-03,-1.146113779395818710e-02,8.962500095367431641e-01,-4.433722198009490967e-01,-1.699807345867156982e-01,2.752017416059970856e-02,2.793444991111755371e-01,2.473393380641937256e-01,-1.029942408204078674e-01,-2.633705036714673042e-03,-5.571041107177734375e-01,-3.790920376777648926e-01,-3.585064411163330078e-01,1.088495850563049316e+00,3.132413327693939209e-02,-1.744990795850753784e-01,-1.115331351757049561e-01,2.372980117797851562e-01,4.294921755790710449e-01,-3.013490736484527588e-01,-6.017718315124511719e-01,-1.794515401124954224e-01,3.257339000701904297e-01,-3.341747522354125977e-01,9.309935569763183594e-02,-4.945609569549560547e-01,1.016936302185058594e-01,3.867752477526664734e-02,-9.276415407657623291e-02
-1.206329107284545898e+00,-1.394271552562713623e-01,1.020393967628479004e+00,-5.241787526756525040e-03,-9.496608749032020569e-03,8.926545977592468262e-01,-4.506107866764068604e-01,-1.696749925613403320e-01,1.999550126492977142e-02,2.644727230072021484e-01,2.470740675926208496e-01,-1.021943017840385437e-01,-9.009208297356963158e-04,-5.937026739120483398e-01,-3.910826742649078369e-01,-3.229966759681701660e-01,1.140415787696838379e+00,-1.539962366223335266e-03,-1.744999587535858154e-01,-1.136431768536567688e-01,2.350620180368423462e-01,4.324392676353454590e-01,-3.054134845733642578e-01,-6.026131510734558105e-01,-1.814926415681838989e-01,3.247836232185363770e-01,-3.341303467750549316e-01,9.400419890880584717e-02,-4.967541396617889404e-01,1.040672287344932556e-01,3.899645060300827026e-02,-9.314011782407760620e-02
-1.206655979156494141e+00,-1.404092758893966675e-01,1.019925594329833984e+00,-5.649522878229618073e-03,-7.384988013654947281e-03,8.887646198272705078e-01,-4.582695066928863525e-01,-1.685824543237686157e-01,1.172009855508804321e-02,2.495796084403991699e-01,2.452441900968551636e-01,-1.007690653204917908e-01,9.690131992101669312e-04,-6.312232017517089844e-01,-4.006585776805877686e-01,-2.844812870025634766e-01,1.192335844039916992e+00,-3.504318743944168091e-02,-1.745000034570693970e-01,-1.176904812455177307e-01,2.328929156064987183e-01,4.352169334888458252e-01,-3.087818324565887451e-01,-6.026298999786376953e-01,-1.831775158643722534e-01,3.237387537956237793e-01,-3.342365324497222900e-01,9.452479332685470581e-02,-4.988630712032318115e-01,1.062546446919441223e-01,3.960531949996948242e-02,-9.340515732765197754e-02
-1.207085490226745605e+00,-1.412815898656845093e-01,1.019264817237854004e+00,-6.485688500106334686e-03,-5.027251783758401871e-03,8.849118351936340332e-01,-4.656862318515777588e-01,-1.675266623497009277e-01,2.840957138687372208e-03,2.358814328908920288e-01,2.428836822509765625e-01,-9.897307306528091431e-02,2.739060204476118088e-03,-6.686260700225830078e-01,-4.068833291530609131e-01,-2.443948537111282349e-01,1.240823388099670410e+00,-6.780724227428436279e-02,-1.745000034570693970e-01,-1.215386018157005310e-01,2.307342290878295898e-01,4.374994039535522461e-01,-3.111960291862487793e-01,-6.017781496047973633e-01,-1.842832714319229126e-01,3.226611316204071045e-01,-3.346157670021057129e-01,9.465719759464263916e-02,-5.009555816650390625e-01,1.082811951637268066e-01,4.053194448351860046e-02,-9.347417950630187988e-02
-1.207687497138977051e+00,-1.423559486865997314e-01,1.019586682319641113e+00,-7.839953526854515076e-03,-4.571446683257818222e-03,8.819309473037719727e-01,-4.712912142276763916e-01,-1.669756174087524414e-01,-2.489650389179587364e-03,2.255064547061920166e-01,2.374436706304550171e-01,-9.622968733310699463e-02,3.870942164212465286e-03,-6.962256431579589844e-01,-4.008485078811645508e-01,-2.089897692203521729e-01,1.265508174896240234e+00,-8.707655966281890869e-02,-1.745000034570693970e-01,-1.222375035285949707e-01,2.283914238214492798e-01,4.395605027675628662e-01,-3.123035728931427002e-01,-6.000404357910156250e-01,-1.847660839557647705e-01,3.213313817977905273e-01,-3.348746597766876221e-01,9.463651478290557861e-02,-5.032956600189208984e-01,1.102102845907211304e-01,4.159626364707946777e-02,-9.324605017900466919e-02
-1.208543300628662109e+00,-1.433053016662597656e-01,1.020187139511108398e+00,-8.162154816091060638e-03,-5.108473356813192368e-03,8.794637918472290039e-01,-4.758684039115905762e-01,-1.652105152606964111e-01,-3.875968512147665024e-03,2.180864810943603516e-01,2.315822243690490723e-01,-9.291481226682662964e-02,4.342403728514909744e-03,-7.173765897750854492e-01,-3.877751827239990234e-01,-1.768374294042587280e-01,1.282745718955993652e+00,-1.013730838894844055e-01,-1.745000034570693970e-01,-1.195292100310325623e-01,2.260355353355407715e-01,4.415724575519561768e-01,-3.123777806758880615e-01,-5.973882079124450684e-01,-1.848428100347518921e-01,3.199781179428100586e-01,-3.349513113498687744e-01,9.480050206184387207e-02,-5.058237910270690918e-01,1.123418733477592468e-01,4.286982119083404541e-02,-9.278069436550140381e-02
-1.209403157234191895e+00,-1.442333906888961792e-01,1.020685911178588867e+00,-9.222248569130897522e-03,-6.169362459331750870e-03,8.781200051307678223e-01,-4.783118069171905518e-01,-1.637160778045654297e-01,-4.139113239943981171e-03,2.159393727779388428e-01,2.241238802671432495e-01,-8.857228606939315796e-02,4.152878187596797943e-03,-7.398348450660705566e-01,-3.674506843090057373e-01,-1.410984396934509277e-01,1.296936869621276855e+00,-1.115999072790145874e-01,-1.745000034570693970e-01,-1.119013130664825439e-01,2.223264575004577637e-01,4.441020786762237549e-01,-3.110628128051757812e-01,-5.918079018592834473e-01,-1.835884898900985718e-01,3.182533979415893555e-01,-3.348497152328491211e-01,9.557545185089111328e-02,-5.107530355453491211e-01,1.169705018401145935e-01,4.537392407655715942e-02,-9.150166809558868408e-02
-1.210445046424865723e+00,-1.451422572135925293e-01,1.021193146705627441e+00,-9.265759959816932678e-03,-7.123908959329128265e-03,8.772131800651550293e-01,-4.799587428569793701e-01,-1.613839268684387207e-01,-2.680757781490683556e-03,2.157125622034072876e-01,2.191500067710876465e-01,-8.593271672725677490e-02,3.486593952402472496e-03,-7.560145854949951172e-01,-3.447470664978027344e-01,-1.082122325897216797e-01,1.305343151092529297e+00,-1.194634512066841125e-01,-1.745000034570693970e-01,-1.019135862588882446e-01,2.186096012592315674e-01,4.461109936237335205e-01,-3.088576495647430420e-01,-5.859712958335876465e-01,-1.812516152858734131e-01,3.168243467807769775e-01,-3.346376717090606689e-01,9.658049792051315308e-02,-5.154616832733154297e-01,1.217975169420242310e-01,4.776465520262718201e-02,-8.969389647245407104e-02
-1.211538314819335938e+00,-1.459936052560806274e-01,1.021730065345764160e+00,-8.460089564323425293e-03,-7.961483672261238098e-03,8.758796453475952148e-01,-4.823897480964660645e-01,-1.586722731590270996e-01,-3.736156795639544725e-04,2.141108661890029907e-01,2.161579281091690063e-01,-8.395897597074508667e-02,2.608510665595531464e-03,-7.663499116897583008e-01,-3.207008540630340576e-01,-7.800234109163284302e-02,1.309838294982910156e+00,-1.252564936876296997e-01,-1.674321442842483521e-01,-9.254308789968490601e-02,2.151086181402206421e-01,4.477398395538330078e-01,-3.063592314720153809e-01,-5.803568959236145020e-01,-1.781669557094573975e-01,3.159183263778686523e-01,-3.342612981796264648e-01,9.774874150753021240e-02,-5.196330547332763672e-01,1.265742927789688110e-01,5.011332035064697266e-02,-8.759679645299911499e-02
-1.212804198265075684e+00,-1.468525677919387817e-01,1.022209286689758301e+00,-7.564558647572994232e-03,-8.864379487931728363e-03,8.739558458328247070e-01,-4.858655929565429688e-01,-1.569071561098098755e-01,2.098109573125839233e-03,2.097284793853759766e-01,2.146618068218231201e-01,-8.265823125839233398e-02,1.785498927347362041e-03,-7.723317146301269531e-01,-2.965905070304870605e-01,-5.075647309422492981e-02,1.310368895530700684e+00,-1.313054412603378296e-01,-1.581082493066787720e-01,-8.446436375379562378e-02,2.120655924081802368e-01,4.491670131683349609e-01,-3.044619560241699219e-01,-5.752731561660766602e-01,-1.750306189060211182e-01,3.155449032783508301e-01,-3.337892591953277588e-01,9.898178279399871826e-02,-5.231091976165771484e-01,1.312824636697769165e-01,5.228004977107048035e-02,-8.558151870965957642e-02
-1.214196443557739258e+00,-1.476603150367736816e-01,1.022502899169921875e+00,-6.567112635821104050e-03,-9.489869698882102966e-03,8.716855049133300781e-01,-4.899297356605529785e-01,-1.550405174493789673e-01,4.263475537300109863e-03,2.040021121501922607e-01,2.144140750169754028e-01,-8.241575956344604492e-02,6.573112914338707924e-04,-7.752059698104858398e-01,-2.728900611400604248e-01,-2.500337548553943634e-02,1.308402180671691895e+00,-1.385958045721054077e-01,-1.473802179098129272e-01,-7.810423523187637329e-02,2.094913125038146973e-01,4.503299295902252197e-01,-3.031510114669799805e-01,-5.710299611091613770e-01,-1.716986298561096191e-01,3.156301975250244141e-01,-3.334628641605377197e-01,1.002559140324592590e-01,-5.261910557746887207e-01,1.358025819063186646e-01,5.422922596335411072e-02,-8.315414935350418091e-02
-1.215591669082641602e+00,-1.485800594091415405e-01,1.022727251052856445e+00,-6.385841406881809235e-03,-1.017289888113737106e-02,8.692473173141479492e-01,-4.942315518856048584e-01,-1.523241549730300903e-01,5.008580628782510757e-03,1.965234726667404175e-01,2.117154747247695923e-01,-8.217552304267883301e-02,-4.925039247609674931e-04,-7.766253352165222168e-01,-2.510958909988403320e-01,-1.971876015886664391e-03,1.302524566650390625e+00,-1.454128473997116089e-01,-1.353515833616256714e-01,-7.180061191320419312e-02,2.071658670902252197e-01,4.513994157314300537e-01,-3.027037680149078369e-01,-5.682475566864013672e-01,-1.689237654209136963e-01,3.158502876758575439e-01,-3.333250284194946289e-01,1.012350693345069885e-01,-5.292903780937194824e-01,1.401768624782562256e-01,5.543483421206474304e-02,-8.093779534101486206e-02
-1.217249512672424316e+00,-1.492780148983001709e-01,1.022823691368103027e+00,-5.725544411689043045e-03,-1.008714083582162857e-02,8.665620684623718262e-01,-4.989345669746398926e-01,-1.507181227207183838e-01,5.295061971992254257e-03,1.880549639463424683e-01,2.110196202993392944e-01,-8.135943859815597534e-02,-1.597448484972119331e-03,-7.745559811592102051e-01,-2.315837740898132324e-01,1.875619776546955109e-02,1.294478416442871094e+00,-1.517310738563537598e-01,-1.248028725385665894e-01,-6.636602431535720825e-02,2.055400609970092773e-01,4.524518251419067383e-01,-3.035635054111480713e-01,-5.660827159881591797e-01,-1.675827950239181519e-01,3.165114223957061768e-01,-3.335867226123809814e-01,1.019806563854217529e-01,-5.316918492317199707e-01,1.444929987192153931e-01,5.607426539063453674e-02,-7.887208461761474609e-02
-1.218951582908630371e+00,-1.500061005353927612e-01,1.022817134857177734e+00,-5.568184889853000641e-03,-9.887423366308212280e-03,8.634735345840454102e-01,-5.042665004730224609e-01,-1.498640328645706177e-01,4.530409816652536392e-03,1.777654886245727539e-01,2.101523727178573608e-01,-8.060815185308456421e-02,-2.496265806257724762e-03,-7.704966664314270020e-01,-2.139747291803359985e-01,3.782794624567031860e-02,1.282867670059204102e+00,-1.573390364646911621e-01,-1.122158691287040710e-01,-6.173473969101905823e-02,2.042960375547409058e-01,4.533698260784149170e-01,-3.055419921875000000e-01,-5.652071833610534668e-01,-1.675227731466293335e-01,3.173574209213256836e-01,-3.340672254562377930e-01,1.018476039171218872e-01,-5.332862734794616699e-01,1.475122869014739990e-01,5.611186102032661438e-02,-7.695682346820831299e-02
-1.220789551734924316e+00,-1.508051156997680664e-01,1.022803425788879395e+00,-5.576155614107847214e-03,-9.795369580388069153e-03,8.601788878440856934e-01,-5.098679065704345703e-01,-1.510502398014068604e-01,4.035563673824071884e-03,1.670382916927337646e-01,2.109643369913101196e-01,-7.997455447912216187e-02,-3.609433304518461227e-03,-7.642659544944763184e-01,-1.971802115440368652e-01,5.526391416788101196e-02,1.267969608306884766e+00,-1.637809425592422485e-01,-1.025818660855293274e-01,-5.830350890755653381e-02,2.033742666244506836e-01,4.541908204555511475e-01,-3.082685470581054688e-01,-5.652124881744384766e-01,-1.682754307985305786e-01,3.183802366256713867e-01,-3.348473310470581055e-01,1.013486757874488831e-01,-5.342704057693481445e-01,1.500461250543594360e-01,5.536983907222747803e-02,-7.519376277923583984e-02
-1.222629785537719727e+00,-1.516379863023757935e-01,1.022663593292236328e+00,-5.849118344485759735e-03,-9.431834332644939423e-03,8.565267324447631836e-01,-5.159832835197448730e-01,-1.512822955846786499e-01,2.365812892094254494e-03,1.544633507728576660e-01,2.111182510852813721e-01,-7.975058257579803467e-02,-4.724580794572830200e-03,-7.563859224319458008e-01,-1.818408519029617310e-01,7.233639061450958252e-02,1.250637769699096680e+00,-1.706666946411132812e-01,-9.284810721874237061e-02,-5.500327795743942261e-02,2.027169018983840942e-01,4.548882544040679932e-01,-3.119556605815887451e-01,-5.659610033035278320e-01,-1.706321090459823608e-01,3.195230066776275635e-01,-3.358077704906463623e-01,9.999153763055801392e-02,-5.347499251365661621e-01,1.508891135454177856e-01,5.405039340257644653e-02,-7.380428910255432129e-02
-1.224586248397827148e+00,-1.524797081947326660e-01,1.022567868232727051e+00,-6.007257848978042603e-03,-9.216183796525001526e-03,8.527980446815490723e-01,-5.221249461174011230e-01,-1.511718034744262695e-01,1.337553258053958416e-03,1.422775089740753174e-01,2.112852782011032104e-01,-7.985269278287887573e-02,-6.810130085796117783e-03,-7.461350560188293457e-01,-1.676049977540969849e-01,8.659023791551589966e-02,1.229986190795898438e+00,-1.785057783126831055e-01,-7.933685183525085449e-02,-5.219006910920143127e-02,2.023029476404190063e-01,4.554461538791656494e-01,-3.160244524478912354e-01,-5.666958689689636230e-01,-1.736263185739517212e-01,3.208138048648834229e-01,-3.370005786418914795e-01,9.812697023153305054e-02,-5.342682600021362305e-01,1.514972150325775146e-01,5.214959010481834412e-02,-7.304181158542633057e-02
-1.226686835289001465e+00,-1.533623337745666504e-01,1.022448658943176270e+00,-6.521936040371656418e-03,-9.190262295305728912e-03,8.488333821296691895e-01,-5.285403132438659668e-01,-1.526789665222167969e-01,3.561980847734957933e-04,1.292726397514343262e-01,2.119496017694473267e-01,-7.993695884943008423e-02,-9.485973976552486420e-03,-7.340736985206604004e-01,-1.531072705984115601e-01,1.016765907406806946e-01,1.205808997154235840e+00,-1.866028159856796265e-01,-6.914655119180679321e-02,-5.043484270572662354e-02,2.017967700958251953e-01,4.557629525661468506e-01,-3.199351131916046143e-01,-5.676901936531066895e-01,-1.762943863868713379e-01,3.219575583934783936e-01,-3.383162617683410645e-01,9.554883092641830444e-02,-5.334129333496093750e-01,1.512702107429504395e-01,4.960319772362709045e-02,-7.221608608961105347e-02
-1.228995800018310547e+00,-1.542747169733047485e-01,1.022291660308837891e+00,-7.044857833534479141e-03,-9.149752557277679443e-03,8.446463942527770996e-01,-5.352001190185546875e-01,-1.541627049446105957e-01,-4.061054496560245752e-04,1.163333803415298462e-01,2.131918370723724365e-01,-8.044601976871490479e-02,-1.209597103297710419e-02,-7.196457386016845703e-01,-1.398207098245620728e-01,1.150560826063156128e-01,1.178394556045532227e+00,-1.959461122751235962e-01,-5.648152530193328857e-02,-4.837533086538314819e-02,2.011261433362960815e-01,4.557811021804809570e-01,-3.233914673328399658e-01,-5.686004757881164551e-01,-1.778754293918609619e-01,3.231638371944427490e-01,-3.397844731807708740e-01,9.254261106252670288e-02,-5.316920876502990723e-01,1.507345885038375854e-01,4.623766243457794189e-02,-7.210661470890045166e-02
-1.231138586997985840e+00,-1.551352888345718384e-01,1.022104144096374512e+00,-7.221248000860214233e-03,-9.044018574059009552e-03,8.404882550239562988e-01,-5.417060852050781250e-01,-1.538629829883575439e-01,-1.059552188962697983e-03,1.036789566278457642e-01,2.134494781494140625e-01,-8.132740110158920288e-02,-1.443826314061880112e-02,-7.028502821922302246e-01,-1.273789554834365845e-01,1.275175809860229492e-01,1.147669911384582520e+00,-2.049917429685592651e-01,-4.276731982827186584e-02,-4.667150229215621948e-02,2.005173414945602417e-01,4.553913474082946777e-01,-3.262940645217895508e-01,-5.685114860534667969e-01,-1.783711165189743042e-01,3.244567811489105225e-01,-3.413535952568054199e-01,8.944721519947052002e-02,-5.295391678810119629e-01,1.501826047897338867e-01,4.294280335307121277e-02,-7.231496274471282959e-02
-1.233785152435302734e+00,-1.561370491981506348e-01,1.021946787834167480e+00,-7.143512833863496780e-03,-8.946621790528297424e-03,8.358918428421020508e-01,-5.487747192382812500e-01,-1.538368761539459229e-01,-7.347471546381711960e-04,8.994097262620925903e-02,2.144006937742233276e-01,-8.256700634956359863e-02,-1.837528124451637268e-02,-6.829681992530822754e-01,-1.164636239409446716e-01,1.371413767337799072e-01,1.113335728645324707e+00,-2.129953950643539429e-01,-2.947570569813251495e-02,-4.480291530489921570e-02,1.996444016695022583e-01,4.546017944812774658e-01,-3.285923600196838379e-01,-5.679412484169006348e-01,-1.771770715713500977e-01,3.259069025516510010e-01,-3.428130447864532471e-01,8.592323958873748779e-02,-5.258334279060363770e-01,1.487641632556915283e-01,3.924151882529258728e-02,-7.299733161926269531e-02
-1.236329078674316406e+00,-1.570899486541748047e-01,1.021678209304809570e+00,-7.362842559814453125e-03,-8.507682010531425476e-03,8.313758969306945801e-01,-5.555965900421142578e-01,-1.553199142217636108e-01,-1.522725913673639297e-03,7.658998668193817139e-02,2.159926146268844604e-01,-8.269590139389038086e-02,-2.203216403722763062e-02,-6.623336076736450195e-01,-1.074962168931961060e-01,1.467666178941726685e-01,1.076413750648498535e+00,-2.201104462146759033e-01,-1.720787771046161652e-02,-4.397018253803253174e-02,1.986171752214431763e-01,4.531819820404052734e-01,-3.298644125461578369e-01,-5.663794279098510742e-01,-1.734438091516494751e-01,3.273494541645050049e-01,-3.442324697971343994e-01,8.219894766807556152e-02,-5.217320919036865234e-01,1.463334262371063232e-01,3.603965789079666138e-02,-7.361443340778350830e-02
-1.238993406295776367e+00,-1.582124531269073486e-01,1.021462440490722656e+00,-7.660389877855777740e-03,-8.323132991790771484e-03,8.265714645385742188e-01,-5.627180933952331543e-01,-1.544354259967803955e-01,-1.972232712432742119e-03,6.365437805652618408e-02,2.161412984132766724e-01,-8.446857333183288574e-02,-2.581346035003662109e-02,-6.395271420478820801e-01,-1.000380441546440125e-01,1.535772383213043213e-01,1.035580396652221680e+00,-2.288123369216918945e-01,-4.293269943445920944e-03,-4.330866783857345581e-02,1.975564807653427124e-01,4.513481557369232178e-01,-3.305004537105560303e-01,-5.644034147262573242e-01,-1.685760021209716797e-01,3.288685679435729980e-01,-3.457897901535034180e-01,7.854261249303817749e-02,-5.174801945686340332e-01,1.449012458324432373e-01,3.355417773127555847e-02,-7.442099601030349731e-02
-1.241821885108947754e+00,-1.593841314315795898e-01,1.021052598953247070e+00,-7.815211080014705658e-03,-7.916425354778766632e-03,8.218051195144653320e-01,-5.696601271629333496e-01,-1.574974805116653442e-01,-2.282511675730347633e-03,5.005780607461929321e-02,2.208022922277450562e-01,-8.607137948274612427e-02,-2.972375042736530304e-02,-6.148934364318847656e-01,-9.423745423555374146e-02,1.586346775293350220e-01,9.918414950370788574e-01,-2.369208633899688721e-01,6.827931851148605347e-03,-4.239204898476600647e-02,1.964412927627563477e-01,4.489627778530120850e-01,-3.304385840892791748e-01,-5.621082782745361328e-01,-1.622992455959320068e-01,3.304716050624847412e-01,-3.473974764347076416e-01,7.496626675128936768e-02,-5.130445361137390137e-01,1.438889801502227783e-01,3.122782707214355469e-02,-7.495588064193725586e-02
-1.244638442993164062e+00,-1.608107537031173706e-01,1.020685672760009766e+00,-8.232204243540763855e-03,-7.694929372519254684e-03,8.168839812278747559e-01,-5.766919851303100586e-01,-1.568910926580429077e-01,-2.950030844658613205e-03,3.622477874159812927e-02,2.224662154912948608e-01,-8.890893310308456421e-02,-3.393393382430076599e-02,-5.889697670936584473e-01,-9.010264277458190918e-02,1.617257148027420044e-01,9.443313479423522949e-01,-2.423809021711349487e-01,1.610489562153816223e-02,-4.220686107873916626e-02,1.953551471233367920e-01,4.462412297725677490e-01,-3.299303352832794189e-01,-5.596929192543029785e-01,-1.560386121273040771e-01,3.320150673389434814e-01,-3.490359783172607422e-01,7.144226878881454468e-02,-5.087213516235351562e-01,1.433382779359817505e-01,2.928183414041996002e-02,-7.533629983663558960e-02
-1.247607469558715820e+00,-1.623048782348632812e-01,1.020349502563476562e+00,-8.372347801923751831e-03,-7.420079782605171204e-03,8.116931915283203125e-01,-5.839768648147583008e-01,-1.561420410871505737e-01,-3.242762992158532143e-03,2.225879766047000885e-02,2.239610105752944946e-01,-9.088397026062011719e-02,-3.654197603464126587e-02,-5.602578520774841309e-01,-8.729839324951171875e-02,1.621080636978149414e-01,8.924966454505920410e-01,-2.465026527643203735e-01,2.250215038657188416e-02,-4.206145554780960083e-02,1.944703608751296997e-01,4.433496594429016113e-01,-3.293644487857818604e-01,-5.575081110000610352e-01,-1.511088311672210693e-01,3.336778879165649414e-01,-3.504059016704559326e-01,6.808379292488098145e-02,-5.039363503456115723e-01,1.425305306911468506e-01,2.797275967895984650e-02,-7.574512064456939697e-02
-1.250397682189941406e+00,-1.636228859424591064e-01,1.020000815391540527e+00,-8.468504063785076141e-03,-6.951506249606609344e-03,8.065559864044189453e-01,-5.910562276840209961e-01,-1.571813523769378662e-01,-3.983787260949611664e-03,7.847149856388568878e-03,2.269146889448165894e-01,-9.224258363246917725e-02,-3.952515870332717896e-02,-5.303661823272705078e-01,-8.538958430290222168e-02,1.613488644361495972e-01,8.371612429618835449e-01,-2.462962716817855835e-01,2.856339141726493835e-02,-4.254637658596038818e-02,1.938157081604003906e-01,4.402932822704315186e-01,-3.285988867282867432e-01,-5.544069409370422363e-01,-1.472804695367813110e-01,3.353120088577270508e-01,-3.517271280288696289e-01,6.514679640531539917e-02,-4.994449615478515625e-01,1.419614106416702271e-01,2.738028392195701599e-02,-7.592900097370147705e-02
-1.253607869148254395e+00,-1.652825772762298584e-01,1.019655466079711914e+00,-8.786532096564769745e-03,-6.454926449805498123e-03,8.008908629417419434e-01,-5.987111330032348633e-01,-1.555409431457519531e-01,-4.908611997961997986e-03,-7.135945372283458710e-03,2.280354648828506470e-01,-9.511491656303405762e-02,-4.275722056627273560e-02,-4.981320500373840332e-01,-8.448891341686248779e-02,1.587216258049011230e-01,7.779834270477294922e-01,-2.448586225509643555e-01,2.971797063946723938e-02,-4.340539500117301941e-02,1.934118270874023438e-01,4.371401667594909668e-01,-3.281455636024475098e-01,-5.522240996360778809e-01,-1.447737067937850952e-01,3.370565474033355713e-01,-3.529533147811889648e-01,6.246050447225570679e-02,-4.951720535755157471e-01,1.414102464914321899e-01,2.725578472018241882e-02,-7.604289054870605469e-02
-1.256749033927917480e+00,-1.669267565011978149e-01,1.019353151321411133e+00,-8.816126734018325806e-03,-5.410008598119020462e-03,7.954148650169372559e-01,-6.059771180152893066e-01,-1.609064638614654541e-01,-6.396540906280279160e-03,-2.305516786873340607e-02,2.348249256610870361e-01,-9.544079750776290894e-02,-4.545309022068977356e-02,-4.639628529548645020e-01,-8.385388553142547607e-02,1.561822891235351562e-01,7.159179449081420898e-01,-2.378302961587905884e-01,3.515373170375823975e-02,-4.443359747529029846e-02,1.935097724199295044e-01,4.337793290615081787e-01,-3.281247019767761230e-01,-5.497084856033325195e-01,-1.437815129756927490e-01,3.387567996978759766e-01,-3.542098999023437500e-01,5.997206643223762512e-02,-4.911321997642517090e-01,1.413807123899459839e-01,2.776830457150936127e-02,-7.590917497873306274e-02
-1.259881258010864258e+00,-1.688285917043685913e-01,1.018979191780090332e+00,-9.382014162838459015e-03,-4.633115138858556747e-03,7.895824909210205078e-01,-6.135552525520324707e-01,-1.589179337024688721e-01,-8.352879434823989868e-03,-3.861198201775550842e-02,2.356876432895660400e-01,-9.815880656242370605e-02,-4.807664453983306885e-02,-4.296853244304656982e-01,-8.357219398021697998e-02,1.529796421527862549e-01,6.510003805160522461e-01,-2.238972485065460205e-01,3.886083886027336121e-02,-4.704807698726654053e-02,1.937924772500991821e-01,4.300246834754943848e-01,-3.279715776443481445e-01,-5.471720099449157715e-01,-1.424223482608795166e-01,3.403247296810150146e-01,-3.554961383342742920e-01,5.774340033531188965e-02,-4.872537255287170410e-01,1.410266607999801636e-01,2.833523042500019073e-02,-7.576352357864379883e-02
-1.262850165367126465e+00,-1.703844219446182251e-01,1.018495202064514160e+00,-9.887577965855598450e-03,-3.058448899537324905e-03,7.839543223381042480e-01,-6.207322478294372559e-01,-1.591573804616928101e-01,-1.148523762822151184e-02,-5.340625345706939697e-02,2.375405281782150269e-01,-9.878288954496383667e-02,-5.062204226851463318e-02,-3.947956264019012451e-01,-8.391895145177841187e-02,1.507505923509597778e-01,5.847663283348083496e-01,-1.993108391761779785e-01,4.588124528527259827e-02,-4.936109110713005066e-02,1.944870054721832275e-01,4.259395301342010498e-01,-3.279339671134948730e-01,-5.448242425918579102e-01,-1.420801132917404175e-01,3.419334590435028076e-01,-3.572803437709808350e-01,5.615609884262084961e-02,-4.836334586143493652e-01,1.422736942768096924e-01,2.964849397540092468e-02,-7.512266933917999268e-02
-1.266389131546020508e+00,-1.724151074886322021e-01,1.018071651458740234e+00,-1.060682814568281174e-02,-1.464789384044706821e-03,7.778649330139160156e-01,-6.283402442932128906e-01,-1.592880487442016602e-01,-1.442335918545722961e-02,-6.857785582542419434e-02,2.392741888761520386e-01,-9.961098432540893555e-02,-5.403210595250129700e-02,-3.588402569293975830e-01,-8.423973619937896729e-02,1.472550481557846069e-01,5.165434479713439941e-01,-1.617177128791809082e-01,5.327290296554565430e-02,-5.122482776641845703e-02,1.954372674226760864e-01,4.214102327823638916e-01,-3.282059729099273682e-01,-5.425489544868469238e-01,-1.425079107284545898e-01,3.436039388179779053e-01,-3.592637777328491211e-01,5.471143499016761780e-02,-4.801800847053527832e-01,1.428556740283966064e-01,3.122583776712417603e-02,-7.468770444393157959e-02
-1.269816398620605469e+00,-1.744491010904312134e-01,1.017501831054687500e+00,-1.184173021465539932e-02,5.491836927831172943e-04,7.716323137283325195e-01,-6.359583735466003418e-01,-1.575268656015396118e-01,-1.873407326638698578e-02,-8.309885114431381226e-02,2.385429143905639648e-01,-1.001697704195976257e-01,-5.768617615103721619e-02,-3.242864310741424561e-01,-8.508059382438659668e-02,1.445297300815582275e-01,4.486240744590759277e-01,-1.065609380602836609e-01,6.981915980577468872e-02,-5.443861708045005798e-02,1.967412680387496948e-01,4.163548350334167480e-01,-3.288071155548095703e-01,-5.408999919891357422e-01,-1.425645500421524048e-01,3.452511429786682129e-01,-3.618361651897430420e-01,5.360353738069534302e-02,-4.772476851940155029e-01,1.449140310287475586e-01,3.264843299984931946e-02,-7.428565621376037598e-02
-1.273522734642028809e+00,-1.765009909868240356e-01,1.017018437385559082e+00,-1.233318541198968887e-02,2.595778554677963257e-03,7.660385370254516602e-01,-6.426711082458496094e-01,-1.548932939767837524e-01,-2.104396373033523560e-02,-9.446224570274353027e-02,2.386636883020401001e-01,-1.012631133198738098e-01,-6.237740814685821533e-02,-2.923119366168975830e-01,-8.596025407314300537e-02,1.344065368175506592e-01,3.947567045688629150e-01,-7.735047489404678345e-02,6.389310210943222046e-02,-5.415148660540580750e-02,1.984820663928985596e-01,4.113489985466003418e-01,-3.300250172615051270e-01,-5.389104485511779785e-01,-1.434412747621536255e-01,3.472131192684173584e-01,-3.644727468490600586e-01,5.265032127499580383e-02,-4.745346605777740479e-01,1.460647583007812500e-01,3.493811935186386108e-02,-7.410378009080886841e-02
-1.276864647865295410e+00,-1.781678348779678345e-01,1.016612410545349121e+00,-1.274637691676616669e-02,4.118222277611494064e-03,7.627457976341247559e-01,-6.465596556663513184e-01,-1.522701978683471680e-01,-2.158402837812900543e-02,-9.995515644550323486e-02,2.387529760599136353e-01,-1.029080450534820557e-01,-6.663171947002410889e-02,-2.687929570674896240e-01,-9.034107625484466553e-02,1.095637306571006775e-01,3.628868758678436279e-01,-9.488389641046524048e-02,3.581985086202621460e-02,-4.863870143890380859e-02,2.004013955593109131e-01,4.062747955322265625e-01,-3.310013711452484131e-01,-5.365555286407470703e-01,-1.430940777063369751e-01,3.492029309272766113e-01,-3.672838211059570312e-01,5.202173441648483276e-02,-4.721452593803405762e-01,1.472707837820053101e-01,3.749812394380569458e-02,-7.274865359067916870e-02
-1.280580520629882812e+00,-1.792497187852859497e-01,1.016057372093200684e+00,-1.157632004469633102e-02,7.046699523925781250e-03,7.586711645126342773e-01,-6.513327956199645996e-01,-1.466613411903381348e-01,-2.153701148927211761e-02,-1.056828349828720093e-01,2.398334890604019165e-01,-1.046636253595352173e-01,-7.193740457296371460e-02,-2.418631911277770996e-01,-9.524832665920257568e-02,8.418227732181549072e-02,3.361511528491973877e-01,-1.076819598674774170e-01,2.452625520527362823e-02,-4.619867727160453796e-02,2.031919211149215698e-01,4.013036191463470459e-01,-3.321685194969177246e-01,-5.313795804977416992e-01,-1.433071792125701904e-01,3.517121076583862305e-01,-3.702459037303924561e-01,5.202557891607284546e-02,-4.689507484436035156e-01,1.500342637300491333e-01,4.157505556941032410e-02,-7.112451642751693726e-02
-1.284556627273559570e+00,-1.806595474481582642e-01,1.015822291374206543e+00,-1.182469818741083145e-02,7.407776080071926117e-03,7.539707422256469727e-01,-6.567597389221191406e-01,-1.454903334379196167e-01,-1.944202743470668793e-02,-1.148553714156150818e-01,2.389955371618270874e-01,-1.061181277036666870e-01,-7.887270301580429077e-02,-2.232351005077362061e-01,-9.777335822582244873e-02,6.182930991053581238e-02,3.172062933444976807e-01,-1.221394911408424377e-01,1.849593408405780792e-02,-4.590639099478721619e-02,2.056183964014053345e-01,3.967911303043365479e-01,-3.331834673881530762e-01,-5.273066759109497070e-01,-1.437247246503829956e-01,3.538019657135009766e-01,-3.727626502513885498e-01,5.234652012586593628e-02,-4.684593081474304199e-01,1.517762243747711182e-01,4.523381590843200684e-02,-6.874298304319381714e-02
-1.288645744323730469e+00,-1.821521371603012085e-01,1.015623927116394043e+00,-1.191727258265018463e-02,6.763570010662078857e-03,7.494695782661437988e-01,-6.618970036506652832e-01,-1.478689163923263550e-01,-1.567820273339748383e-02,-1.252554208040237427e-01,2.426341474056243896e-01,-1.093461439013481140e-01,-8.389893174171447754e-02,-2.118474841117858887e-01,-1.002614721655845642e-01,4.312422499060630798e-02,3.036739826202392578e-01,-1.131906211376190186e-01,5.781236290931701660e-02,-4.602242633700370789e-02,2.076859027147293091e-01,3.931893110275268555e-01,-3.335766792297363281e-01,-5.242654681205749512e-01,-1.443135738372802734e-01,3.554111421108245850e-01,-3.747553825378417969e-01,5.307319387793540955e-02,-4.695979356765747070e-01,1.525703519582748413e-01,4.695300012826919556e-02,-6.655137985944747925e-02
-1.291809082031250000e+00,-1.835065484046936035e-01,1.015365004539489746e+00,-1.098516955971717834e-02,5.398164503276348114e-03,7.458282709121704102e-01,-6.660258173942565918e-01,-1.559478789567947388e-01,-1.068919897079467773e-02,-1.345786154270172119e-01,2.577018439769744873e-01,-1.180809363722801208e-01,-8.798159658908843994e-02,-2.029222995042800903e-01,-9.813309460878372192e-02,2.437129616737365723e-02,2.931447625160217285e-01,-1.031612977385520935e-01,7.357860356569290161e-02,-4.600876942276954651e-02,2.096887975931167603e-01,3.904768824577331543e-01,-3.327405750751495361e-01,-5.193819999694824219e-01,-1.446040570735931396e-01,3.566852211952209473e-01,-3.760680258274078369e-01,5.444309860467910767e-02,-4.711799621582031250e-01,1.528305262327194214e-01,4.780225455760955811e-02,-6.321398913860321045e-02
-1.294221043586730957e+00,-1.848288476467132568e-01,1.015659213066101074e+00,-9.635297581553459167e-03,3.473681630566716194e-03,7.429345250129699707e-01,-6.692857146263122559e-01,-1.608427762985229492e-01,-4.720406141132116318e-03,-1.430469006299972534e-01,2.673671543598175049e-01,-1.248781457543373108e-01,-9.006188809871673584e-02,-1.930138021707534790e-01,-9.334093332290649414e-02,7.220253348350524902e-03,2.801201641559600830e-01,-9.779213368892669678e-02,6.732713431119918823e-02,-4.618249461054801941e-02,2.115810513496398926e-01,3.883153796195983887e-01,-3.304661512374877930e-01,-5.103916525840759277e-01,-1.442417651414871216e-01,3.576356470584869385e-01,-3.767288625240325928e-01,5.690248683094978333e-02,-4.737787544727325439e-01,1.533901542425155640e-01,4.941879585385322571e-02,-5.746650695800781250e-02
-1.296441793441772461e+00,-1.859145164489746094e-01,1.016307592391967773e+00,-7.633776869624853134e-03,2.332306001335382462e-03,7.409648895263671875e-01,-6.714963316917419434e-01,-1.605266481637954712e-01,1.373318140394985676e-03,-1.489269882440567017e-01,2.703987061977386475e-01,-1.274373680353164673e-01,-9.018237143754959106e-02,-1.813008934259414673e-01,-8.767643570899963379e-02,-9.778975509107112885e-03,2.680574059486389160e-01,-1.018481254577636719e-01,5.151367187500000000e-02,-4.474468901753425598e-02,2.135731279850006104e-01,3.865096569061279297e-01,-3.268156945705413818e-01,-4.996312856674194336e-01,-1.426112949848175049e-01,3.581802845001220703e-01,-3.771748244762420654e-01,6.000929325819015503e-02,-4.751361608505249023e-01,1.535511761903762817e-01,5.227787420153617859e-02,-5.023208260536193848e-02
-1.298741102218627930e+00,-1.869280934333801270e-01,1.017213582992553711e+00,-5.458980333060026169e-03,1.782016828656196594e-03,7.391773462295532227e-01,-6.734863519668579102e-01,-1.586117893457412720e-01,7.224794011563062668e-03,-1.531969308853149414e-01,2.719209492206573486e-01,-1.259518414735794067e-01,-9.052892029285430908e-02,-1.701249182224273682e-01,-8.322415500879287720e-02,-2.591170370578765869e-02,2.578698098659515381e-01,-1.012583673000335693e-01,4.842152446508407593e-02,-4.296315461397171021e-02,2.154142707586288452e-01,3.844161331653594971e-01,-3.217922747135162354e-01,-4.854952096939086914e-01,-1.380352824926376343e-01,3.583085834980010986e-01,-3.776449561119079590e-01,6.407897174358367920e-02,-4.740793406963348389e-01,1.546614766120910645e-01,5.684489756822586060e-02,-4.156937077641487122e-02
-1.301146626472473145e+00,-1.879514008760452271e-01,1.018071413040161133e+00,-3.816494485363364220e-03,1.376722007989883423e-03,7.376654148101806641e-01,-6.751542687416076660e-01,-1.569165140390396118e-01,1.198954042047262192e-02,-1.575423777103424072e-01,2.731481492519378662e-01,-1.234735175967216492e-01,-9.030415117740631104e-02,-1.606554239988327026e-01,-8.006992936134338379e-02,-4.024330154061317444e-02,2.478771358728408813e-01,-9.409001469612121582e-02,5.266128107905387878e-02,-4.132821038365364075e-02,2.171551585197448730e-01,3.818444609642028809e-01,-3.156610727310180664e-01,-4.713151156902313232e-01,-1.319584250450134277e-01,3.576176762580871582e-01,-3.781161010265350342e-01,6.865487992763519287e-02,-4.730310738086700439e-01,1.560393422842025757e-01,6.215159595012664795e-02,-3.278353437781333923e-02
-1.303587198257446289e+00,-1.888820379972457886e-01,1.018871665000915527e+00,-2.234683372080326080e-03,1.196744968183338642e-03,7.359763383865356445e-01,-6.770024895668029785e-01,-1.554235368967056274e-01,1.623028703033924103e-02,-1.620090454816818237e-01,2.748064994812011719e-01,-1.210905313491821289e-01,-8.957716077566146851e-02,-1.490677148103713989e-01,-7.637929171323776245e-02,-5.364279448986053467e-02,2.342256158590316772e-01,-8.613589406013488770e-02,5.420051142573356628e-02,-4.013794288039207458e-02,2.190188765525817871e-01,3.786122798919677734e-01,-3.090273737907409668e-01,-4.574431180953979492e-01,-1.257291436195373535e-01,3.562051951885223389e-01,-3.786085844039916992e-01,7.331977039575576782e-02,-4.716516137123107910e-01,1.570320427417755127e-01,6.792780756950378418e-02,-2.458595111966133118e-02
-1.306234002113342285e+00,-1.897491365671157837e-01,1.019608974456787109e+00,-1.340248272754251957e-03,1.326218713074922562e-03,7.339465022087097168e-01,-6.792047023773193359e-01,-1.544397920370101929e-01,1.906132511794567108e-02,-1.666535437107086182e-01,2.758054733276367188e-01,-1.174046024680137634e-01,-8.815843611955642700e-02,-1.362988203763961792e-01,-7.316121459007263184e-02,-6.583342701196670532e-02,2.176505923271179199e-01,-7.928705215454101562e-02,5.288999155163764954e-02,-3.954686224460601807e-02,2.210432589054107666e-01,3.744999468326568604e-01,-3.019311428070068359e-01,-4.466691613197326660e-01,-1.193123832345008850e-01,3.542362749576568604e-01,-3.795115649700164795e-01,7.803247869014739990e-02,-4.714436233043670654e-01,1.583783030509948730e-01,7.265450060367584229e-02,-1.882765442132949829e-02
-1.309164285659790039e+00,-1.907059699296951294e-01,1.020102620124816895e+00,-6.289032171480357647e-04,1.788308843970298767e-03,7.304738759994506836e-01,-6.829379796981811523e-01,-1.548241525888442993e-01,2.066008560359477997e-02,-1.621141582727432251e-01,2.778824269771575928e-01,-1.118820831179618835e-01,-8.139880746603012085e-02,-1.235782951116561890e-01,-7.062403857707977295e-02,-8.052809536457061768e-02,2.033868581056594849e-01,-7.562309503555297852e-02,4.970322921872138977e-02,-4.252716526389122009e-02,2.233781218528747559e-01,3.696460425853729248e-01,-2.950194776058197021e-01,-4.374512135982513428e-01,-1.131874993443489075e-01,3.519956171512603760e-01,-3.807645142078399658e-01,8.264559507369995117e-02,-4.714206755161285400e-01,1.600213795900344849e-01,7.727743685245513916e-02,-1.374633423984050751e-02
-1.312132120132446289e+00,-1.916518211364746094e-01,1.020525217056274414e+00,-5.420140223577618599e-04,2.549855038523674011e-03,7.273703217506408691e-01,-6.862401962280273438e-01,-1.551957577466964722e-01,2.188083902001380920e-02,-1.584362089633941650e-01,2.814524769783020020e-01,-1.126052066683769226e-01,-7.395218312740325928e-02,-1.131315678358078003e-01,-6.935465335845947266e-02,-9.448151290416717529e-02,1.919509768486022949e-01,-7.355161756277084351e-02,4.712375998497009277e-02,-4.389739781618118286e-02,2.260415703058242798e-01,3.639455437660217285e-01,-2.887507677078247070e-01,-4.318070411682128906e-01,-1.069700792431831360e-01,3.493509292602539062e-01,-3.824283480644226074e-01,8.653253316879272461e-02,-4.733019173145294189e-01,1.587843894958496094e-01,8.136912435293197632e-02,-9.417525492608547211e-03
-1.315118312835693359e+00,-1.926433295011520386e-01,1.020834803581237793e+00,-9.562227205606177449e-05,2.867767820134758949e-03,7.238581180572509766e-01,-6.899428963661193848e-01,-1.558052152395248413e-01,2.500418759882450104e-02,-1.535787731409072876e-01,2.828281819820404053e-01,-1.104787513613700867e-01,-7.363623380661010742e-02,-1.034788191318511963e-01,-6.688533723354339600e-02,-1.102947592735290527e-01,1.822446584701538086e-01,-7.167450338602066040e-02,4.339133948087692261e-02,-4.470590874552726746e-02,2.292497903108596802e-01,3.583685755729675293e-01,-2.842669785022735596e-01,-4.293971061706542969e-01,-1.043170094490051270e-01,3.468024134635925293e-01,-3.841373026371002197e-01,8.992043882608413696e-02,-4.756154417991638184e-01,1.573484688997268677e-01,8.400966227054595947e-02,-7.303276564925909042e-03
-1.317911267280578613e+00,-1.936823278665542603e-01,1.021055579185485840e+00,7.456233142875134945e-04,2.801550086587667465e-03,7.197653055191040039e-01,-6.942114233970642090e-01,-1.569581031799316406e-01,2.927639149129390717e-02,-1.456807702779769897e-01,2.844929695129394531e-01,-1.085918694734573364e-01,-7.516518235206604004e-02,-9.148734807968139648e-02,-6.314153224229812622e-02,-1.274240612983703613e-01,1.685204058885574341e-01,-6.797541677951812744e-02,4.037732258439064026e-02,-4.712283238768577576e-02,2.330707907676696777e-01,3.532341718673706055e-01,-2.816404998302459717e-01,-4.288745224475860596e-01,-1.042629703879356384e-01,3.443580865859985352e-01,-3.857994079589843750e-01,9.270551800727844238e-02,-4.795959889888763428e-01,1.545931994915008545e-01,8.650048822164535522e-02,-6.008121185004711151e-03
-1.320749759674072266e+00,-1.947010308504104614e-01,1.021172285079956055e+00,1.544440281577408314e-03,2.691961824893951416e-03,7.153456211090087891e-01,-6.987639069557189941e-01,-1.581796109676361084e-01,3.391947224736213684e-02,-1.347327530384063721e-01,2.858126163482666016e-01,-1.078805178403854370e-01,-7.629645615816116333e-02,-7.917985320091247559e-02,-5.898869410157203674e-02,-1.437311023473739624e-01,1.539716124534606934e-01,-6.415317952632904053e-02,3.829959779977798462e-02,-5.100126937031745911e-02,2.374985218048095703e-01,3.490036725997924805e-01,-2.812569737434387207e-01,-4.300237298011779785e-01,-1.083125546574592590e-01,3.421002328395843506e-01,-3.875904381275177002e-01,9.497328847646713257e-02,-4.842105507850646973e-01,1.514036655426025391e-01,8.872661739587783813e-02,-5.508471280336380005e-03
-1.323339223861694336e+00,-1.956531703472137451e-01,1.021198511123657227e+00,2.430718624964356422e-03,2.449316438287496567e-03,7.109159827232360840e-01,-7.032684683799743652e-01,-1.597599983215332031e-01,3.879930078983306885e-02,-1.205212399363517761e-01,2.875125408172607422e-01,-1.070111244916915894e-01,-7.668286561965942383e-02,-6.740338355302810669e-02,-5.446375161409378052e-02,-1.583159118890762329e-01,1.398856043815612793e-01,-5.987275019288063049e-02,3.916216641664505005e-02,-5.539537966251373291e-02,2.423898726701736450e-01,3.457836508750915527e-01,-2.828767001628875732e-01,-4.327020049095153809e-01,-1.160254329442977905e-01,3.400773108005523682e-01,-3.893404304981231689e-01,9.691805392503738403e-02,-4.890150725841522217e-01,1.480314880609512329e-01,9.041097760200500488e-02,-5.233780946582555771e-03
-1.325710654258728027e+00,-1.966638565063476562e-01,1.021194100379943848e+00,2.944667590782046318e-03,2.449762774631381035e-03,7.072069048881530762e-01,-7.069962620735168457e-01,-1.607731431722640991e-01,4.249478131532669067e-02,-1.070628091692924500e-01,2.882585525512695312e-01,-1.056416109204292297e-01,-7.324957847595214844e-02,-5.751900002360343933e-02,-5.076805502176284790e-02,-1.707514077425003052e-01,1.282751113176345825e-01,-5.702667310833930969e-02,3.863257169723510742e-02,-5.832115560770034790e-02,2.475980818271636963e-01,3.435099422931671143e-01,-2.863058149814605713e-01,-4.367603957653045654e-01,-1.270632445812225342e-01,3.380763530731201172e-01,-3.912923336029052734e-01,9.815087914466857910e-02,-4.940014779567718506e-01,1.436000466346740723e-01,9.166424721479415894e-02,-5.836741998791694641e-03
-1.327887415885925293e+00,-1.977172195911407471e-01,1.021130561828613281e+00,3.162975888699293137e-03,2.316248835995793343e-03,7.042226195335388184e-01,-7.099683880805969238e-01,-1.612215340137481689e-01,4.557460546493530273e-02,-9.636759757995605469e-02,2.876873612403869629e-01,-1.031172871589660645e-01,-6.755707412958145142e-02,-4.977667331695556641e-02,-4.733429104089736938e-02,-1.802146881818771362e-01,1.187220141291618347e-01,-5.506389215588569641e-02,3.746877983212471008e-02,-5.991392582654953003e-02,2.528067827224731445e-01,3.420853316783905029e-01,-2.906893491744995117e-01,-4.408199191093444824e-01,-1.397373825311660767e-01,3.360154628753662109e-01,-3.932699859142303467e-01,9.851434081792831421e-02,-4.984895288944244385e-01,1.381568908691406250e-01,9.273710846900939941e-02,-6.325452122837305069e-03
-1.329652905464172363e+00,-1.987116783857345581e-01,1.020937561988830566e+00,3.484603250399231911e-03,1.879788702353835106e-03,7.020149230957031250e-01,-7.121512293815612793e-01,-1.613442301750183105e-01,4.823800921440124512e-02,-8.958087116479873657e-02,2.873800396919250488e-01,-1.042209565639495850e-01,-6.079176440834999084e-02,-4.453855752944946289e-02,-4.387034475803375244e-02,-1.870243400335311890e-01,1.126255095005035400e-01,-5.448832362890243530e-02,3.632370010018348694e-02,-5.970144644379615784e-02,2.569813728332519531e-01,3.416631817817687988e-01,-2.950140237808227539e-01,-4.428552389144897461e-01,-1.482925117015838623e-01,3.340398669242858887e-01,-3.948442935943603516e-01,9.808328002691268921e-02,-5.010182261466979980e-01,1.346450448036193848e-01,9.319755434989929199e-02,-6.890183314681053162e-03
-1.331124067306518555e+00,-1.998146176338195801e-01,1.020786046981811523e+00,3.669852158054709435e-03,1.383777474984526634e-03,7.001794576644897461e-01,-7.139561176300048828e-01,-1.612961143255233765e-01,5.007878690958023071e-02,-8.773131668567657471e-02,2.872645556926727295e-01,-1.057611182332038879e-01,-5.714672431349754333e-02,-3.984921425580978394e-02,-4.072066396474838257e-02,-1.930721849203109741e-01,1.066751927137374878e-01,-5.375388264656066895e-02,3.508503362536430359e-02,-5.841489136219024658e-02,2.607817351818084717e-01,3.418030440807342529e-01,-2.992129325866699219e-01,-4.443702399730682373e-01,-1.576413363218307495e-01,3.319222331047058105e-01,-3.963178992271423340e-01,9.689620137214660645e-02,-5.032109022140502930e-01,1.306057721376419067e-01,9.352204948663711548e-02,-7.793828379362821579e-03
-1.332637667655944824e+00,-2.009496688842773438e-01,1.020659327507019043e+00,3.349630627781152725e-03,8.808778366073966026e-04,6.984680891036987305e-01,-7.156327962875366211e-01,-1.614616811275482178e-01,5.111347883939743042e-02,-8.976983278989791870e-02,2.864864468574523926e-01,-1.075827181339263916e-01,-5.603672936558723450e-02,-3.659524768590927124e-02,-3.837562352418899536e-02,-1.982995420694351196e-01,1.021093875169754028e-01,-5.375983938574790955e-02,3.425192832946777344e-02,-5.674939230084419250e-02,2.638635337352752686e-01,3.420762121677398682e-01,-3.024261295795440674e-01,-4.456379711627960205e-01,-1.661188155412673950e-01,3.296049833297729492e-01,-3.976061344146728516e-01,9.472611546516418457e-02,-5.051527619361877441e-01,1.256432086229324341e-01,9.342882782220840454e-02,-8.995572105050086975e-03
-1.334171533584594727e+00,-2.020962536334991455e-01,1.020525217056274414e+00,2.954948460683226585e-03,2.879813255276530981e-04,6.965466141700744629e-01,-7.175053954124450684e-01,-1.623526513576507568e-01,5.235051736235618591e-02,-9.345129877328872681e-02,2.859932184219360352e-01,-1.085309013724327087e-01,-5.688011273741722107e-02,-3.465508669614791870e-02,-3.622370213270187378e-02,-2.036666721105575562e-01,9.977933764457702637e-02,-5.488081276416778564e-02,3.328436240553855896e-02,-5.548288673162460327e-02,2.662428319454193115e-01,3.423834741115570068e-01,-3.045392036437988281e-01,-4.460812509059906006e-01,-1.731428503990173340e-01,3.271570205688476562e-01,-3.987760245800018311e-01,9.179897606372833252e-02,-5.063135623931884766e-01,1.198011413216590881e-01,9.327024221420288086e-02,-1.068799477070569992e-02
-1.335415005683898926e+00,-2.030633985996246338e-01,1.020409107208251953e+00,2.889992902055382729e-03,-3.360817572684027255e-05,6.949098110198974609e-01,-7.190910577774047852e-01,-1.628469377756118774e-01,5.330483987927436829e-02,-9.864239394664764404e-02,2.861777245998382568e-01,-1.096507757902145386e-01,-5.800582468509674072e-02,-3.290981799364089966e-02,-3.445696458220481873e-02,-2.088701575994491577e-01,9.873146563768386841e-02,-5.621876195073127747e-02,3.219449520111083984e-02,-5.431199073791503906e-02,2.679843306541442871e-01,3.423372209072113037e-01,-3.049897551536560059e-01,-4.452597498893737793e-01,-1.775367707014083862e-01,3.248076140880584717e-01,-3.997619152069091797e-01,8.844029158353805542e-02,-5.062905550003051758e-01,1.137140765786170959e-01,9.295922517776489258e-02,-1.261410489678382874e-02
-1.336692571640014648e+00,-2.039264142513275146e-01,1.020300030708312988e+00,2.890184056013822556e-03,-1.265514147235080600e-04,6.929319500923156738e-01,-7.209972143173217773e-01,-1.629199534654617310e-01,5.398700758814811707e-02,-1.049171239137649536e-01,2.859131097793579102e-01,-1.106516048312187195e-01,-5.960777401924133301e-02,-3.053085133433341980e-02,-3.292563557624816895e-02,-2.150106132030487061e-01,9.755455702543258667e-02,-5.774759873747825623e-02,3.114092908799648285e-02,-5.324529111385345459e-02,2.691970169544219971e-01,3.417145013809204102e-01,-3.036405146121978760e-01,-4.427774250507354736e-01,-1.797958314418792725e-01,3.222810029983520508e-01,-4.008191823959350586e-01,8.425753563642501831e-02,-5.047129988670349121e-01,1.040159165859222412e-01,9.205584228038787842e-02,-1.643100008368492126e-02
-1.337924480438232422e+00,-2.046435773372650146e-01,1.020170569419860840e+00,3.239696845412254333e-03,-2.267348754685372114e-04,6.911536455154418945e-01,-7.227005362510681152e-01,-1.628239899873733521e-01,5.544584244489669800e-02,-1.109751239418983459e-01,2.859430015087127686e-01,-1.111665144562721252e-01,-6.318563222885131836e-02,-2.832418493926525116e-02,-3.095798194408416748e-02,-2.203302085399627686e-01,9.728148579597473145e-02,-5.936985090374946594e-02,3.017606213688850403e-02,-5.320318043231964111e-02,2.697021961212158203e-01,3.405697047710418701e-01,-3.004285097122192383e-01,-4.387125968933105469e-01,-1.764499247074127197e-01,3.198943436145782471e-01,-4.017790853977203369e-01,8.025295287370681763e-02,-5.012843012809753418e-01,9.413914382457733154e-02,9.143412858247756958e-02,-2.053783088922500610e-02
-1.339101076126098633e+00,-2.053449600934982300e-01,1.020090937614440918e+00,3.384157083928585052e-03,-1.654670195421203971e-04,6.897084712982177734e-01,-7.240792512893676758e-01,-1.624322533607482910e-01,5.643061548471450806e-02,-1.160996258258819580e-01,2.856186330318450928e-01,-1.115343496203422546e-01,-6.593856215476989746e-02,-2.685388177633285522e-02,-2.967571280896663666e-02,-2.248890250921249390e-01,9.772434085607528687e-02,-6.112639233469963074e-02,2.918235585093498230e-02,-5.261594057083129883e-02,2.695820331573486328e-01,3.390220403671264648e-01,-2.958748638629913330e-01,-4.351128935813903809e-01,-1.687470972537994385e-01,3.175956606864929199e-01,-4.026931524276733398e-01,7.674027979373931885e-02,-4.976664781570434570e-01,8.770278841257095337e-02,9.091069549322128296e-02,-2.352037653326988220e-02
-1.340251564979553223e+00,-2.060223668813705444e-01,1.020001053810119629e+00,3.556175623089075089e-03,-3.698973741848021746e-04,6.884050369262695312e-01,-7.253176569938659668e-01,-1.621876657009124756e-01,5.796697363257408142e-02,-1.209260225296020508e-01,2.848603427410125732e-01,-1.113647967576980591e-01,-7.007194310426712036e-02,-2.467070147395133972e-02,-2.768394351005554199e-02,-2.287856638431549072e-01,9.649211168289184570e-02,-6.232361122965812683e-02,2.821315079927444458e-02,-5.248058214783668518e-02,2.690560817718505859e-01,3.371179997920989990e-01,-2.903269827365875244e-01,-4.324249923229217529e-01,-1.582491397857666016e-01,3.154229223728179932e-01,-4.035654366016387939e-01,7.407823204994201660e-02,-4.937879145145416260e-01,8.432877808809280396e-02,9.010644257068634033e-02,-2.632493153214454651e-02
-1.341335296630859375e+00,-2.067745029926300049e-01,1.019982933998107910e+00,3.615674562752246857e-03,-5.320179043337702751e-04,6.872501969337463379e-01,-7.264115810394287109e-01,-1.617138236761093140e-01,5.928388610482215881e-02,-1.241428554058074951e-01,2.837315201759338379e-01,-1.109304651618003845e-01,-7.262912392616271973e-02,-2.412562444806098938e-02,-2.624427154660224915e-02,-2.323254644870758057e-01,9.698683023452758789e-02,-6.379391252994537354e-02,2.745093591511249542e-02,-5.296847969293594360e-02,2.683510482311248779e-01,3.351142108440399170e-01,-2.845161259174346924e-01,-4.308423101902008057e-01,-1.485327333211898804e-01,3.132624626159667969e-01,-4.043314158916473389e-01,7.214553654193878174e-02,-4.907807409763336182e-01,8.289285004138946533e-02,8.935490995645523071e-02,-2.777548320591449738e-02
-1.342268109321594238e+00,-2.073713243007659912e-01,1.019990682601928711e+00,3.521193284541368484e-03,-6.040430744178593159e-04,6.863703131675720215e-01,-7.272434830665588379e-01,-1.612291038036346436e-01,6.016770750284194946e-02,-1.269910335540771484e-01,2.824369072914123535e-01,-1.103831529617309570e-01,-7.511821389198303223e-02,-2.328758127987384796e-02,-2.523031458258628845e-02,-2.349293380975723267e-01,9.694744646549224854e-02,-6.503727287054061890e-02,2.674786373972892761e-02,-5.264791473746299744e-02,2.675924003124237061e-01,3.331266045570373535e-01,-2.788701951503753662e-01,-4.312928617000579834e-01,-1.418063938617706299e-01,3.111514151096343994e-01,-4.048995077610015869e-01,7.083079218864440918e-02,-4.887793362140655518e-01,8.168585598468780518e-02,8.870760351419448853e-02,-2.886591479182243347e-02
-1.343073844909667969e+00,-2.079786211252212524e-01,1.019999861717224121e+00,3.213619114831089973e-03,-5.647373618558049202e-04,6.854923367500305176e-01,-7.280725240707397461e-01,-1.604981124401092529e-01,6.029642000794410706e-02,-1.291591078042984009e-01,2.804738581180572510e-01,-1.094876527786254883e-01,-7.617267966270446777e-02,-2.300323545932769775e-02,-2.497466467320919037e-02,-2.374783456325531006e-01,9.760217368602752686e-02,-6.641680747270584106e-02,2.599324844777584076e-02,-5.243033543229103088e-02,2.669408917427062988e-01,3.313622772693634033e-01,-2.737621665000915527e-01,-4.334053993225097656e-01,-1.370939761400222778e-01,3.090359568595886230e-01,-4.053709208965301514e-01,7.006613165140151978e-02,-4.869221746921539307e-01,8.058378845453262329e-02,8.766601234674453735e-02,-2.960906922817230225e-02
-1.343667030334472656e+00,-2.085889726877212524e-01,1.020018696784973145e+00,2.732071559876203537e-03,-6.444083992391824722e-04,6.847904920578002930e-01,-7.287346124649047852e-01,-1.596144586801528931e-01,6.013802811503410339e-02,-1.302627772092819214e-01,2.776218652725219727e-01,-1.083747074007987976e-01,-7.581878453493118286e-02,-2.203924022614955902e-02,-2.482636645436286926e-02,-2.396339774131774902e-01,9.654175490140914917e-02,-6.709413975477218628e-02,2.558555267751216888e-02,-5.273372307419776917e-02,2.664490044116973877e-01,3.298537731170654297e-01,-2.695640027523040771e-01,-4.372533559799194336e-01,-1.350028067827224731e-01,3.069242835044860840e-01,-4.060547649860382080e-01,7.002040743827819824e-02,-4.858719110488891602e-01,8.174198120832443237e-02,8.593949675559997559e-02,-3.005431406199932098e-02
-1.344211339950561523e+00,-2.092838734388351440e-01,1.020026803016662598e+00,2.127064159139990807e-03,-5.501928972080349922e-04,6.840851902961730957e-01,-7.293987870216369629e-01,-1.583736240863800049e-01,5.942304804921150208e-02,-1.312292516231536865e-01,2.745817601680755615e-01,-1.072569489479064941e-01,-7.525785267353057861e-02,-2.170300856232643127e-02,-2.532123029232025146e-02,-2.415721267461776733e-01,9.632398188114166260e-02,-6.779065728187561035e-02,2.521841600537300110e-02,-5.210310220718383789e-02,2.659929692745208740e-01,3.287078440189361572e-01,-2.667841911315917969e-01,-4.406055808067321777e-01,-1.353964060544967651e-01,3.051888346672058105e-01,-4.068149626255035400e-01,7.083325088024139404e-02,-4.860158562660217285e-01,8.529938757419586182e-02,8.479828387498855591e-02,-3.007905371487140656e-02
-1.344599485397338867e+00,-2.098551094532012939e-01,1.020046353340148926e+00,1.673463149927556515e-03,-5.979455891065299511e-04,6.835327148437500000e-01,-7.299177050590515137e-01,-1.569525301456451416e-01,5.915047600865364075e-02,-1.320121586322784424e-01,2.710499167442321777e-01,-1.060571968555450439e-01,-7.492348551750183105e-02,-2.133902721107006073e-02,-2.558241412043571472e-02,-2.433772385120391846e-01,9.621417522430419922e-02,-6.860589236021041870e-02,2.493837475776672363e-02,-5.209901928901672363e-02,2.656442523002624512e-01,3.278729021549224854e-01,-2.648658752441406250e-01,-4.448511302471160889e-01,-1.375899165868759155e-01,3.033913671970367432e-01,-4.074047803878784180e-01,7.205065339803695679e-02,-4.867832660675048828e-01,8.910176903009414673e-02,8.328767865896224976e-02,-2.996538765728473663e-02
-1.344940423965454102e+00,-2.105121165513992310e-01,1.020068526268005371e+00,1.118780928663909435e-03,-6.487080245278775692e-04,6.828641891479492188e-01,-7.305441498756408691e-01,-1.554710566997528076e-01,5.864436924457550049e-02,-1.331549733877182007e-01,2.672165036201477051e-01,-1.048006042838096619e-01,-7.480454444885253906e-02,-2.133244089782238007e-02,-2.599577233195304871e-02,-2.453579902648925781e-01,9.652496874332427979e-02,-6.956485658884048462e-02,2.479122206568717957e-02,-5.204980447888374329e-02,2.653183043003082275e-01,3.273492753505706787e-01,-2.636422216892242432e-01,-4.496895968914031982e-01,-1.410907357931137085e-01,3.015927374362945557e-01,-4.077602028846740723e-01,7.346022129058837891e-02,-4.878269731998443604e-01,9.256871044635772705e-02,8.140493929386138916e-02,-2.988406084477901459e-02
-1.345243453979492188e+00,-2.111618071794509888e-01,1.020081043243408203e+00,5.042036646045744419e-04,-7.695118547417223454e-04,6.821184754371643066e-01,-7.312411069869995117e-01,-1.542900353670120239e-01,5.816504731774330139e-02,-1.337880790233612061e-01,2.633643150329589844e-01,-1.031825765967369080e-01,-7.392634451389312744e-02,-2.108017727732658386e-02,-2.649050951004028320e-02,-2.476140856742858887e-01,9.655293822288513184e-02,-7.065566629171371460e-02,2.462589181959629059e-02,-5.223080515861511230e-02,2.650076746940612793e-01,3.269381225109100342e-01,-2.627283036708831787e-01,-4.544343054294586182e-01,-1.449819952249526978e-01,2.997905611991882324e-01,-4.079219698905944824e-01,7.493260502815246582e-02,-4.890106022357940674e-01,9.576053917407989502e-02,7.913118600845336914e-02,-3.005080111324787140e-02
-1.345484018325805664e+00,-2.117887586355209351e-01,1.020102620124816895e+00,-1.803718332666903734e-04,-9.554553544148802757e-04,6.814039349555969238e-01,-7.319068908691406250e-01,-1.532541066408157349e-01,5.760758742690086365e-02,-1.343569755554199219e-01,2.594147622585296631e-01,-1.016030088067054749e-01,-7.341474294662475586e-02,-2.246401086449623108e-02,-2.717562392354011536e-02,-2.500005066394805908e-01,9.741575270891189575e-02,-7.108011841773986816e-02,2.396176569163799286e-02,-5.217167735099792480e-02,2.647195458412170410e-01,3.267602920532226562e-01,-2.623212039470672607e-01,-4.591862261295318604e-01,-1.490631252527236938e-01,2.979761958122253418e-01,-4.079287350177764893e-01,7.643226534128189087e-02,-4.901224076747894287e-01,9.884191304445266724e-02,7.668357342481613159e-02,-3.020439296960830688e-02
-1.345703482627868652e+00,-2.123503535985946655e-01,1.020127058029174805e+00,-7.950608851388096809e-04,-1.144086709246039391e-03,6.807641983032226562e-01,-7.325012683868408203e-01,-1.522834151983261108e-01,5.724274739623069763e-02,-1.348254233598709106e-01,2.557239532470703125e-01,-1.004098132252693176e-01,-7.367090880870819092e-02,-2.229432202875614166e-02,-2.767442911863327026e-02,-2.525115013122558594e-01,9.775950014591217041e-02,-7.237916439771652222e-02,2.352236956357955933e-02,-5.195467174053192139e-02,2.644076049327850342e-01,3.266518712043762207e-01,-2.618843615055084229e-01,-4.633810818195343018e-01,-1.525251120328903198e-01,2.961749434471130371e-01,-4.078068733215332031e-01,7.785258442163467407e-02,-4.912888407707214355e-01,1.016306877136230469e-01,7.396869361400604248e-02,-3.032596409320831299e-02
-1.345844864845275879e+00,-2.129963934421539307e-01,1.020140290260314941e+00,-1.440599095076322556e-03,-1.429783762432634830e-03,6.801200509071350098e-01,-7.330979704856872559e-01,-1.513715684413909912e-01,5.689354240894317627e-02,-1.356089115142822266e-01,2.520892620086669922e-01,-9.960264712572097778e-02,-7.424772530794143677e-02,-2.280201390385627747e-02,-2.812099270522594452e-02,-2.546484172344207764e-01,9.763234108686447144e-02,-7.288020849227905273e-02,2.354544587433338165e-02,-5.206407606601715088e-02,2.639969289302825928e-01,3.265981376171112061e-01,-2.613170444965362549e-01,-4.671462774276733398e-01,-1.553155928850173950e-01,2.942968308925628662e-01,-4.073715806007385254e-01,7.905302941799163818e-02,-4.922622442245483398e-01,1.037565171718597412e-01,7.119255512952804565e-02,-3.046103939414024353e-02
-1.345964312553405762e+00,-2.135681658983230591e-01,1.020124912261962891e+00,-1.912291976623237133e-03,-1.730485237203538418e-03,6.794611811637878418e-01,-7.337069511413574219e-01,-1.507913321256637573e-01,5.680752173066139221e-02,-1.363787949085235596e-01,2.493218183517456055e-01,-9.920256584882736206e-02,-7.483927160501480103e-02,-2.344591729342937469e-02,-2.834027074277400970e-02,-2.566771805286407471e-01,9.800449013710021973e-02,-7.355292886495590210e-02,2.326015755534172058e-02,-5.199592188000679016e-02,2.635181844234466553e-01,3.265773355960845947e-01,-2.606171071529388428e-01,-4.702485501766204834e-01,-1.576315760612487793e-01,2.925068736076354980e-01,-4.068369269371032715e-01,8.013705909252166748e-02,-4.928501546382904053e-01,1.055904999375343323e-01,6.837268918752670288e-02,-3.072564676403999329e-02
-1.346053719520568848e+00,-2.141090929508209229e-01,1.020068287849426270e+00,-2.390280598774552345e-03,-2.215201733633875847e-03,6.788914799690246582e-01,-7.342314124107360840e-01,-1.508132517337799072e-01,5.701995640993118286e-02,-1.369592398405075073e-01,2.470764517784118652e-01,-9.847725182771682739e-02,-7.726734876632690430e-02,-2.340877987444400787e-02,-2.826469019055366516e-02,-2.585937678813934326e-01,9.790373593568801880e-02,-7.470054924488067627e-02,2.333607524633407593e-02,-5.208263173699378967e-02,2.629495859146118164e-01,3.266577124595642090e-01,-2.598680257797241211e-01,-4.728259146213531494e-01,-1.599022001028060913e-01,2.907596528530120850e-01,-4.061580300331115723e-01,8.125250041484832764e-02,-4.933160841464996338e-01,1.075721755623817444e-01,6.539855897426605225e-02,-3.110047802329063416e-02
-1.346114039421081543e+00,-2.147216796875000000e-01,1.019989252090454102e+00,-2.754943445324897766e-03,-2.703372621908783913e-03,6.783267855644226074e-01,-7.347502112388610840e-01,-1.507459133863449097e-01,5.743336305022239685e-02,-1.373636126518249512e-01,2.451207339763641357e-01,-9.808526933193206787e-02,-8.015033602714538574e-02,-2.322547137737274170e-02,-2.791926451027393341e-02,-2.602632641792297363e-01,9.727326035499572754e-02,-7.546621561050415039e-02,2.321427874267101288e-02,-5.247813090682029724e-02,2.622293829917907715e-01,3.268885016441345215e-01,-2.589443325996398926e-01,-4.749319553375244141e-01,-1.619415730237960815e-01,2.889550328254699707e-01,-4.051602780818939209e-01,8.202728629112243652e-02,-4.936172962188720703e-01,1.082626581192016602e-01,6.246190518140792847e-02,-3.131758794188499451e-02
-1.346094608306884766e+00,-2.152372151613235474e-01,1.019862055778503418e+00,-2.713028341531753540e-03,-3.054371103644371033e-03,6.777454614639282227e-01,-7.352852225303649902e-01,-1.500300765037536621e-01,5.819217115640640259e-02,-1.382379531860351562e-01,2.434124201536178589e-01,-9.932534396648406982e-02,-8.115342259407043457e-02,-2.335120178759098053e-02,-2.734029293060302734e-02,-2.617934644222259521e-01,9.733884781599044800e-02,-7.580500841140747070e-02,2.310964092612266541e-02,-5.275924876332283020e-02,2.614842951297760010e-01,3.272903859615325928e-01,-2.578862011432647705e-01,-4.762264490127563477e-01,-1.637572944164276123e-01,2.872870862483978271e-01,-4.040138721466064453e-01,8.272643387317657471e-02,-4.933483004570007324e-01,1.086418777704238892e-01,5.968076363205909729e-02,-3.158920630812644958e-02
-1.346087574958801270e+00,-2.157710492610931396e-01,1.019771575927734375e+00,-2.755400957539677620e-03,-3.315510461106896400e-03,6.771644353866577148e-01,-7.358191013336181641e-01,-1.491220295429229736e-01,5.873641744256019592e-02,-1.389462500810623169e-01,2.413763701915740967e-01,-9.995640069246292114e-02,-8.231706917285919189e-02,-2.402930706739425659e-02,-2.719057723879814148e-02,-2.631545960903167725e-01,9.863919764757156372e-02,-7.680449634790420532e-02,2.306428924202919006e-02,-5.316926911473274231e-02,2.605726122856140137e-01,3.278909921646118164e-01,-2.565506994724273682e-01,-4.774009585380554199e-01,-1.645905822515487671e-01,2.857579886913299561e-01,-4.027710556983947754e-01,8.341629803180694580e-02,-4.925532042980194092e-01,1.090841665863990784e-01,5.710281804203987122e-02,-3.193695098161697388e-02
-1.346090793609619141e+00,-2.162958383560180664e-01,1.019676089286804199e+00,-2.844047034159302711e-03,-3.517424687743186951e-03,6.765688657760620117e-01,-7.363654971122741699e-01,-1.487120687961578369e-01,5.900184810161590576e-02,-1.394593715667724609e-01,2.403066158294677734e-01,-1.004521995782852173e-01,-8.314100652933120728e-02,-2.368832007050514221e-02,-2.703690156340599060e-02,-2.647985816001892090e-01,9.881133586168289185e-02,-7.776579260826110840e-02,2.308295294642448425e-02,-5.361528694629669189e-02,2.593594193458557129e-01,3.288274407386779785e-01,-2.545922696590423584e-01,-4.790657460689544678e-01,-1.643784344196319580e-01,2.838785648345947266e-01,-4.011821448802947998e-01,8.380098640918731689e-02,-4.903073906898498535e-01,1.096710488200187683e-01,5.313248932361602783e-02,-3.252400457859039307e-02
-1.346082568168640137e+00,-2.168838381767272949e-01,1.019595623016357422e+00,-3.023033495992422104e-03,-3.743375185877084732e-03,6.760452985763549805e-01,-7.368443608283996582e-01,-1.478481590747833252e-01,5.918935686349868774e-02,-1.398723274469375610e-01,2.383134067058563232e-01,-1.008938029408454895e-01,-8.355207741260528564e-02,-2.365682087838649750e-02,-2.703312039375305176e-02,-2.663985192775726318e-01,9.935820847749710083e-02,-7.883725315332412720e-02,2.312132902443408966e-02,-5.397637933492660522e-02,2.582130730152130127e-01,3.300370872020721436e-01,-2.529593110084533691e-01,-4.803651869297027588e-01,-1.643581837415695190e-01,2.819650769233703613e-01,-3.995983302593231201e-01,8.406343311071395874e-02,-4.877371191978454590e-01,1.099601015448570251e-01,4.972619935870170593e-02,-3.318018466234207153e-02
-1.346095085144042969e+00,-2.176228314638137817e-01,1.019536256790161133e+00,-3.342462005093693733e-03,-3.992307931184768677e-03,6.755247712135314941e-01,-7.373189330101013184e-01,-1.467837095260620117e-01,5.920193344354629517e-02,-1.404730528593063354e-01,2.358113825321197510e-01,-1.011732146143913269e-01,-8.345951884984970093e-02,-2.335546351969242096e-02,-2.709681540727615356e-02,-2.678242325782775879e-01,9.920865297317504883e-02,-7.973149418830871582e-02,2.313897386193275452e-02,-5.438787490129470825e-02,2.570272684097290039e-01,3.314203917980194092e-01,-2.516303360462188721e-01,-4.816648662090301514e-01,-1.645639091730117798e-01,2.800210714340209961e-01,-3.978908658027648926e-01,8.413290977478027344e-02,-4.852464497089385986e-01,1.102028489112854004e-01,4.678747430443763733e-02,-3.417905792593955994e-02
-1.346018671989440918e+00,-2.182044088840484619e-01,1.019484877586364746e+00,-3.665013704448938370e-03,-4.249260760843753815e-03,6.750552058219909668e-01,-7.377458810806274414e-01,-1.454936712980270386e-01,5.925845354795455933e-02,-1.403342336416244507e-01,2.325317561626434326e-01,-1.009774431586265564e-01,-8.365108072757720947e-02,-2.298381738364696503e-02,-2.719098702073097229e-02,-2.692553699016571045e-01,9.848389029502868652e-02,-8.016916364431381226e-02,2.315397374331951141e-02,-5.517203360795974731e-02,2.557729184627532959e-01,3.328320086002349854e-01,-2.504223287105560303e-01,-4.831091463565826416e-01,-1.647078990936279297e-01,2.780895531177520752e-01,-3.962444365024566650e-01,8.420367538928985596e-02,-4.828768968582153320e-01,1.105728223919868469e-01,4.416004568338394165e-02,-3.515852987766265869e-02
-1.345980048179626465e+00,-2.188836336135864258e-01,1.019466042518615723e+00,-3.956712316721677780e-03,-4.377732984721660614e-03,6.747109293937683105e-01,-7.380585074424743652e-01,-1.440500915050506592e-01,5.915552005171775818e-02,-1.403350979089736938e-01,2.297403216361999512e-01,-1.007176414132118225e-01,-8.360314369201660156e-02,-2.293720468878746033e-02,-2.753843367099761963e-02,-2.705194652080535889e-01,9.902604669332504272e-02,-8.125817030668258667e-02,2.314800769090652466e-02,-5.565733835101127625e-02,2.545529603958129883e-01,3.342756330966949463e-01,-2.493965327739715576e-01,-4.844757616519927979e-01,-1.648954153060913086e-01,2.762768268585205078e-01,-3.945109844207763672e-01,8.426782488822937012e-02,-4.806293845176696777e-01,1.109566390514373779e-01,4.189858585596084595e-02,-3.587472811341285706e-02
-1.345861196517944336e+00,-2.195030301809310913e-01,1.019426703453063965e+00,-4.308622796088457108e-03,-4.574925638735294342e-03,6.743804216384887695e-01,-7.383573055267333984e-01,-1.428712606430053711e-01,5.898063257336616516e-02,-1.402117758989334106e-01,2.270221561193466187e-01,-1.005380302667617798e-01,-8.332395553588867188e-02,-2.341018430888652802e-02,-2.807685546576976776e-02,-2.717342376708984375e-01,1.001195609569549561e-01,-8.258956670761108398e-02,2.318396419286727905e-02,-5.617907270789146423e-02,2.534770071506500244e-01,3.357323110103607178e-01,-2.487551271915435791e-01,-4.855043590068817139e-01,-1.649716645479202271e-01,2.744684815406799316e-01,-3.927612602710723877e-01,8.405492454767227173e-02,-4.782183766365051270e-01,1.112708523869514465e-01,3.988145291805267334e-02,-3.652464225888252258e-02
-1.345782637596130371e+00,-2.201618254184722900e-01,1.019415736198425293e+00,-4.738272167742252350e-03,-4.828788340091705322e-03,6.741067171096801758e-01,-7.386029958724975586e-01,-1.414729207754135132e-01,5.886182561516761780e-02,-1.399032920598983765e-01,2.236175686120986938e-01,-1.000719591975212097e-01,-8.322355896234512329e-02,-2.321309223771095276e-02,-2.831640467047691345e-02,-2.725855410099029541e-01,9.943387657403945923e-02,-8.297319710254669189e-02,2.322501316666603088e-02,-5.666503310203552246e-02,2.523871958255767822e-01,3.371272683143615723e-01,-2.481431961059570312e-01,-4.864392280578613281e-01,-1.649821400642395020e-01,2.727057933807373047e-01,-3.910471796989440918e-01,8.375632762908935547e-02,-4.757342934608459473e-01,1.116322800517082214e-01,3.814335912466049194e-02,-3.727330639958381653e-02
-1.345663785934448242e+00,-2.208330631256103516e-01,1.019405603408813477e+00,-5.058133509010076523e-03,-4.917677957564592361e-03,6.738926768302917480e-01,-7.387955784797668457e-01,-1.395822167396545410e-01,5.873670056462287903e-02,-1.389875262975692749e-01,2.201443463563919067e-01,-9.947741776704788208e-02,-8.319707214832305908e-02,-2.296802774071693420e-02,-2.882205322384834290e-02,-2.738071680068969727e-01,9.950375556945800781e-02,-8.368131518363952637e-02,2.322551421821117401e-02,-5.705041438341140747e-02,2.512130439281463623e-01,3.385326266288757324e-01,-2.474173158407211304e-01,-4.877800345420837402e-01,-1.648154407739639282e-01,2.710601091384887695e-01,-3.893988728523254395e-01,8.352615684270858765e-02,-4.732265770435333252e-01,1.120547428727149963e-01,3.666676953434944153e-02,-3.787405788898468018e-02
-1.345613837242126465e+00,-2.214903235435485840e-01,1.019396305084228516e+00,-5.500610917806625366e-03,-5.232321098446846008e-03,6.737196445465087891e-01,-7.389480471611022949e-01,-1.380026191473007202e-01,5.881364643573760986e-02,-1.382766813039779663e-01,2.162337303161621094e-01,-9.871645271778106689e-02,-8.314100652933120728e-02,-2.319596335291862488e-02,-2.907882817089557648e-02,-2.746318280696868896e-01,9.938874095678329468e-02,-8.430255204439163208e-02,2.331732772290706635e-02,-5.743820220232009888e-02,2.500165402889251709e-01,3.399635255336761475e-01,-2.467025518417358398e-01,-4.887676835060119629e-01,-1.645344197750091553e-01,2.694379687309265137e-01,-3.877539634704589844e-01,8.331135660409927368e-02,-4.708188474178314209e-01,1.123831123113632202e-01,3.510845452547073364e-02,-3.888538852334022522e-02
-1.345495462417602539e+00,-2.220629751682281494e-01,1.019377470016479492e+00,-5.791839677840471268e-03,-5.353634711354970932e-03,6.735685467720031738e-01,-7.390826940536499023e-01,-1.363700926303863525e-01,5.878930538892745972e-02,-1.371576637029647827e-01,2.130784839391708374e-01,-9.815078973770141602e-02,-8.315040171146392822e-02,-2.313957177102565765e-02,-2.949418872594833374e-02,-2.754376828670501709e-01,9.952651709318161011e-02,-8.497600257396697998e-02,2.351786568760871887e-02,-5.790861696004867554e-02,2.488269209861755371e-01,3.414226472377777100e-01,-2.458828538656234741e-01,-4.896089136600494385e-01,-1.641821861267089844e-01,2.679783701896667480e-01,-3.861713409423828125e-01,8.328450471162796021e-02,-4.684799313545227051e-01,1.129081770777702332e-01,3.374726697802543640e-02,-3.979614004492759705e-02
-1.345356106758117676e+00,-2.225525379180908203e-01,1.019368290901184082e+00,-6.084916647523641586e-03,-5.511652212589979172e-03,6.734944581985473633e-01,-7.391467094421386719e-01,-1.349767893552780151e-01,5.879086256027221680e-02,-1.359688788652420044e-01,2.101401388645172119e-01,-9.764561802148818970e-02,-8.308405429124832153e-02,-2.342666126787662506e-02,-2.994072623550891876e-02,-2.759840786457061768e-01,9.999950975179672241e-02,-8.577877283096313477e-02,2.358061634004116058e-02,-5.831278115510940552e-02,2.476877868175506592e-01,3.428811728954315186e-01,-2.450308352708816528e-01,-4.901487529277801514e-01,-1.636881977319717407e-01,2.666510641574859619e-01,-3.846921622753143311e-01,8.336706459522247314e-02,-4.661543071269989014e-01,1.134155243635177612e-01,3.239795938134193420e-02,-4.057701304554939270e-02
-1.345216870307922363e+00,-2.230954617261886597e-01,1.019358277320861816e+00,-6.407175213098526001e-03,-5.696225445717573166e-03,6.735981106758117676e-01,-7.390480637550354004e-01,-1.333594918251037598e-01,5.880399420857429504e-02,-1.346946209669113159e-01,2.068890184164047241e-01,-9.697996079921722412e-02,-8.291015774011611938e-02,-2.348167262971401215e-02,-3.028774075210094452e-02,-2.762665748596191406e-01,9.979061037302017212e-02,-8.615149557590484619e-02,2.369027025997638702e-02,-5.858820304274559021e-02,2.466136515140533447e-01,3.442741930484771729e-01,-2.440538108348846436e-01,-4.904273748397827148e-01,-1.630501002073287964e-01,2.654549479484558105e-01,-3.833470344543457031e-01,8.366328477859497070e-02,-4.640928804874420166e-01,1.140825822949409485e-01,3.111180104315280914e-02,-4.117164760828018188e-02
-1.345049381256103516e+00,-2.234584391117095947e-01,1.019349694252014160e+00,-6.658028345555067062e-03,-5.817791447043418884e-03,6.737079024314880371e-01,-7.389448285102844238e-01,-1.316769421100616455e-01,5.886853486299514771e-02,-1.329148411750793457e-01,2.035586684942245483e-01,-9.626993536949157715e-02,-8.290059864521026611e-02,-2.333272248506546021e-02,-3.057851083576679230e-02,-2.763048410415649414e-01,9.915174543857574463e-02,-8.612003177404403687e-02,2.374319918453693390e-02,-5.909049138426780701e-02,2.456305325031280518e-01,3.457208275794982910e-01,-2.430922389030456543e-01,-4.905283451080322266e-01,-1.621103584766387939e-01,2.644678652286529541e-01,-3.822129666805267334e-01,8.424224704504013062e-02,-4.616962969303131104e-01,1.149173304438591003e-01,2.976378425955772400e-02,-4.171954095363616943e-02
-1.344811439514160156e+00,-2.238695174455642700e-01,1.019351601600646973e+00,-7.097594439983367920e-03,-6.049904506653547287e-03,6.740128397941589355e-01,-7.386607527732849121e-01,-1.303341537714004517e-01,5.863741785287857056e-02,-1.314424276351928711e-01,2.003436535596847534e-01,-9.548465162515640259e-02,-8.272827416658401489e-02,-2.378113195300102234e-02,-3.115362860262393951e-02,-2.759535014629364014e-01,9.879350662231445312e-02,-8.622591197490692139e-02,2.404953539371490479e-02,-5.915750190615653992e-02,2.445777654647827148e-01,3.472292423248291016e-01,-2.418646514415740967e-01,-4.905955791473388672e-01,-1.606368869543075562e-01,2.634182870388031006e-01,-3.810786306858062744e-01,8.473849296569824219e-02,-4.597052633762359619e-01,1.160538494586944580e-01,2.834190800786018372e-02,-4.236774146556854248e-02
-1.344681501388549805e+00,-2.243138998746871948e-01,1.019353151321411133e+00,-7.386916317045688629e-03,-6.207613740116357803e-03,6.743046045303344727e-01,-7.383902668952941895e-01,-1.288883388042449951e-01,5.866998806595802307e-02,-1.299274414777755737e-01,1.975502073764801025e-01,-9.484354406595230103e-02,-8.253231644630432129e-02,-2.412511967122554779e-02,-3.150361403822898865e-02,-2.754697203636169434e-01,9.894376248121261597e-02,-8.653889596462249756e-02,2.430939674377441406e-02,-5.934543162584304810e-02,2.435569167137145996e-01,3.487364649772644043e-01,-2.403057962656021118e-01,-4.899675846099853516e-01,-1.584538221359252930e-01,2.625286281108856201e-01,-3.800373971462249756e-01,8.538975566625595093e-02,-4.575018882751464844e-01,1.174072921276092529e-01,2.684564515948295593e-02,-4.272117838263511658e-02
-1.344492435455322266e+00,-2.247183769941329956e-01,1.019344091415405273e+00,-7.648206315934658051e-03,-6.351117044687271118e-03,6.746107339859008789e-01,-7.381067276000976562e-01,-1.274229884147644043e-01,5.862811580300331116e-02,-1.284893900156021118e-01,1.948047131299972534e-01,-9.422782808542251587e-02,-8.224838972091674805e-02,-2.484679222106933594e-02,-3.205164521932601929e-02,-2.749918401241302490e-01,9.991386532783508301e-02,-8.725090324878692627e-02,2.457078918814659119e-02,-5.944674089550971985e-02,2.426263391971588135e-01,3.501652777194976807e-01,-2.388235479593276978e-01,-4.892246723175048828e-01,-1.564525812864303589e-01,2.616844773292541504e-01,-3.790453970432281494e-01,8.589587360620498657e-02,-4.554247558116912842e-01,1.187399700284004211e-01,2.540343441069126129e-02,-4.297399148344993591e-02
-1.344341993331909180e+00,-2.251364290714263916e-01,1.019344449043273926e+00,-7.902591489255428314e-03,-6.514789070934057236e-03,6.748777031898498535e-01,-7.378584742546081543e-01,-1.263000518083572388e-01,5.860118567943572998e-02,-1.272882521152496338e-01,1.926741749048233032e-01,-9.385164082050323486e-02,-8.201500773429870605e-02,-2.637394890189170837e-02,-3.253550454974174500e-02,-2.741618156433105469e-01,1.011137515306472778e-01,-8.750458806753158569e-02,2.461821958422660828e-02,-5.963714793324470520e-02,2.416918426752090454e-01,3.515218496322631836e-01,-2.371573746204376221e-01,-4.883661866188049316e-01,-1.541357934474945068e-01,2.608567178249359131e-01,-3.781033754348754883e-01,8.633527159690856934e-02,-4.536048173904418945e-01,1.198716536164283752e-01,2.384851127862930298e-02,-4.303443804383277893e-02
-1.344161748886108398e+00,-2.254525870084762573e-01,1.019344091415405273e+00,-8.130969479680061340e-03,-6.691708695143461227e-03,6.752749681472778320e-01,-7.374908924102783203e-01,-1.253329366445541382e-01,5.857414007186889648e-02,-1.260307282209396362e-01,1.907828152179718018e-01,-9.355179220438003540e-02,-8.170899748802185059e-02,-2.788374200463294983e-02,-3.297775611281394958e-02,-2.732512652873992920e-01,1.020933464169502258e-01,-8.756418526172637939e-02,2.463023364543914795e-02,-5.987459793686866760e-02,2.408709377050399780e-01,3.528295457363128662e-01,-2.354850769042968750e-01,-4.875995516777038574e-01,-1.516878008842468262e-01,2.601425051689147949e-01,-3.771061301231384277e-01,8.668194711208343506e-02,-4.513282775878906250e-01,1.212641447782516479e-01,2.247635461390018463e-02,-4.300919547677040100e-02
-1.343946337699890137e+00,-2.257245332002639771e-01,1.019348740577697754e+00,-8.682655170559883118e-03,-7.023580372333526611e-03,6.758288145065307617e-01,-7.369740009307861328e-01,-1.251021474599838257e-01,5.822527036070823669e-02,-1.245823949575424194e-01,1.890180259943008423e-01,-9.319981187582015991e-02,-8.134827017784118652e-02,-2.483270876109600067e-02,-3.311369940638542175e-02,-2.728430032730102539e-01,9.922557324171066284e-02,-8.894213289022445679e-02,2.520160563290119171e-02,-5.913525819778442383e-02,2.400104403495788574e-01,3.541117012500762939e-01,-2.336467057466506958e-01,-4.869842529296875000e-01,-1.489623039960861206e-01,2.594356536865234375e-01,-3.762444853782653809e-01,8.702930808067321777e-02,-4.493419826030731201e-01,1.224094778299331665e-01,2.075408026576042175e-02,-4.307183995842933655e-02
-1.343726158142089844e+00,-2.260137647390365601e-01,1.019358158111572266e+00,-8.803620003163814545e-03,-7.012934889644384384e-03,6.761878728866577148e-01,-7.366432547569274902e-01,-1.241835951805114746e-01,5.797281488776206970e-02,-1.235202029347419739e-01,1.879647076129913330e-01,-9.317322820425033569e-02,-8.098568022251129150e-02,-2.591082453727722168e-02,-3.356944769620895386e-02,-2.717961370944976807e-01,9.947997331619262695e-02,-8.835657685995101929e-02,2.515037730336189270e-02,-5.946092680096626282e-02,2.392750680446624756e-01,3.553552627563476562e-01,-2.316832840442657471e-01,-4.860138297080993652e-01,-1.460874676704406738e-01,2.588659226894378662e-01,-3.755427598953247070e-01,8.737388998270034790e-02,-4.471089541912078857e-01,1.235016658902168274e-01,1.920721307396888733e-02,-4.303712397813796997e-02
-1.343477725982666016e+00,-2.262731790542602539e-01,1.019359350204467773e+00,-9.088044986128807068e-03,-7.156486157327890396e-03,6.767178177833557129e-01,-7.361516356468200684e-01,-1.235184520483016968e-01,5.770256370306015015e-02,-1.221308857202529907e-01,1.866628527641296387e-01,-9.300345182418823242e-02,-8.060759305953979492e-02,-2.554283291101455688e-02,-3.390279784798622131e-02,-2.708041369915008545e-01,9.849090129137039185e-02,-8.828291296958923340e-02,2.545993216335773468e-02,-5.951219052076339722e-02,2.386960685253143311e-01,3.565230369567871094e-01,-2.299157828092575073e-01,-4.850468933582305908e-01,-1.437321603298187256e-01,2.583223283290863037e-01,-3.748810291290283203e-01,8.759368956089019775e-02,-4.447274804115295410e-01,1.242645382881164551e-01,1.752373948693275452e-02,-4.298104345798492432e-02
-1.343228101730346680e+00,-2.265915870666503906e-01,1.019358992576599121e+00,-9.330542758107185364e-03,-7.270727306604385376e-03,6.773200631141662598e-01,-7.355933785438537598e-01,-1.226858198642730713e-01,5.748185142874717712e-02,-1.204573363065719604e-01,1.854002922773361206e-01,-9.286504983901977539e-02,-8.024862408638000488e-02,-2.575187757611274719e-02,-3.434816747903823853e-02,-2.695570886135101318e-01,9.839680045843124390e-02,-8.844700455665588379e-02,2.569625340402126312e-02,-5.958326160907745361e-02,2.382578700780868530e-01,3.575476408004760742e-01,-2.281137555837631226e-01,-4.841709136962890625e-01,-1.417195349931716919e-01,2.578122317790985107e-01,-3.742780685424804688e-01,8.773832023143768311e-02,-4.421168267726898193e-01,1.247421726584434509e-01,1.594562456011772156e-02,-4.260519146919250488e-02
-1.342966675758361816e+00,-2.268327027559280396e-01,1.019358038902282715e+00,-9.481302462518215179e-03,-7.307574152946472168e-03,6.778734922409057617e-01,-7.350810766220092773e-01,-1.217916905879974365e-01,5.726604908704757690e-02,-1.188294962048530579e-01,1.842727363109588623e-01,-9.271240234375000000e-02,-7.986475527286529541e-02,-2.792460285127162933e-02,-3.500664606690406799e-02,-2.680644392967224121e-01,9.970793128013610840e-02,-8.790346235036849976e-02,2.563844807446002960e-02,-5.963509529829025269e-02,2.378828972578048706e-01,3.583642244338989258e-01,-2.262046784162521362e-01,-4.833455979824066162e-01,-1.401328742504119873e-01,2.573904991149902344e-01,-3.737424314022064209e-01,8.795727789402008057e-02,-4.397326409816741943e-01,1.252804398536682129e-01,1.463290024548768997e-02,-4.232784360647201538e-02
-1.342716813087463379e+00,-2.270854860544204712e-01,1.019359469413757324e+00,-9.897852316498756409e-03,-7.686027325689792633e-03,6.785918474197387695e-01,-7.344086766242980957e-01,-1.216352134943008423e-01,5.718918889760971069e-02,-1.168985366821289062e-01,1.830134093761444092e-01,-9.250207990407943726e-02,-7.962104678153991699e-02,-2.750528603792190552e-02,-3.527415171265602112e-02,-2.668975889682769775e-01,9.913725405931472778e-02,-8.861897140741348267e-02,2.631241641938686371e-02,-5.920512229204177856e-02,2.375574558973312378e-01,3.592125475406646729e-01,-2.242953479290008545e-01,-4.827888906002044678e-01,-1.380955874919891357e-01,2.569993138313293457e-01,-3.732701838016510010e-01,8.815207332372665405e-02,-4.371197223663330078e-01,1.253358423709869385e-01,1.311925239861011505e-02,-4.201095551252365112e-02
-1.342476367950439453e+00,-2.272623777389526367e-01,1.019370675086975098e+00,-1.016532257199287415e-02,-7.920603267848491669e-03,6.792293190956115723e-01,-7.338129878044128418e-01,-1.214079037308692932e-01,5.714372918009757996e-02,-1.152186617255210876e-01,1.821558028459548950e-01,-9.233637154102325439e-02,-7.934107631444931030e-02,-2.730801515281200409e-02,-3.536445647478103638e-02,-2.660332024097442627e-01,9.776297956705093384e-02,-8.796457946300506592e-02,2.672207728028297424e-02,-5.895755439996719360e-02,2.373059242963790894e-01,3.599408566951751709e-01,-2.223096787929534912e-01,-4.820056557655334473e-01,-1.362407207489013672e-01,2.566243410110473633e-01,-3.728232085704803467e-01,8.828913420438766479e-02,-4.346036016941070557e-01,1.254246681928634644e-01,1.171597465872764587e-02,-4.162461310625076294e-02
-1.342195391654968262e+00,-2.274136841297149658e-01,1.019388914108276367e+00,-1.039353199303150177e-02,-8.104869164526462555e-03,6.797707676887512207e-01,-7.333061695098876953e-01,-1.211190521717071533e-01,5.692619085311889648e-02,-1.137999817728996277e-01,1.813185065984725952e-01,-9.204491227865219116e-02,-7.902376353740692139e-02,-2.973811514675617218e-02,-3.600168600678443909e-02,-2.647953331470489502e-01,9.924065321683883667e-02,-8.749031275510787964e-02,2.684906683862209320e-02,-5.894306302070617676e-02,2.371560335159301758e-01,3.605917394161224365e-01,-2.202927917242050171e-01,-4.810989499092102051e-01,-1.341890543699264526e-01,2.562640905380249023e-01,-3.724739849567413330e-01,8.841732144355773926e-02,-4.321306645870208740e-01,1.254975944757461548e-01,1.039259787648916245e-02,-4.118167981505393982e-02
-1.341935038566589355e+00,-2.276508063077926636e-01,1.019417285919189453e+00,-1.070334762334823608e-02,-8.366039954125881195e-03,6.804373264312744141e-01,-7.326803803443908691e-01,-1.208490058779716492e-01,5.669546872377395630e-02,-1.119887009263038635e-01,1.803332269191741943e-01,-9.178021550178527832e-02,-7.866249978542327881e-02,-3.056308068335056305e-02,-3.658785670995712280e-02,-2.633866965770721436e-01,1.001431047916412354e-01,-8.816205710172653198e-02,2.735882811248302460e-02,-5.878686159849166870e-02,2.371314316987991333e-01,3.612318336963653564e-01,-2.184046208858489990e-01,-4.801874756813049316e-01,-1.321258544921875000e-01,2.559690773487091064e-01,-3.723441362380981445e-01,8.864492923021316528e-02,-4.290196895599365234e-01,1.252065896987915039e-01,9.146808646619319916e-03,-4.067920520901679993e-02
-1.341684103012084961e+00,-2.277941703796386719e-01,1.019446492195129395e+00,-1.098671369254589081e-02,-8.485151454806327820e-03,6.809711456298828125e-01,-7.321786284446716309e-01,-1.204761713743209839e-01,5.642138049006462097e-02,-1.104695424437522888e-01,1.793329864740371704e-01,-9.147995710372924805e-02,-7.830855250358581543e-02,-3.270867094397544861e-02,-3.716484084725379944e-02,-2.618057429790496826e-01,1.009108275175094604e-01,-8.728907257318496704e-02,2.749441005289554596e-02,-5.848800390958786011e-02,2.371929734945297241e-01,3.617679476737976074e-01,-2.165700942277908325e-01,-4.794777929782867432e-01,-1.302646100521087646e-01,2.556810379028320312e-01,-3.722956478595733643e-01,8.897411078214645386e-02,-4.264335930347442627e-01,1.249626725912094116e-01,7.751858793199062347e-03,-4.035616293549537659e-02
-1.341374039649963379e+00,-2.279082238674163818e-01,1.019465327262878418e+00,-1.125339511781930923e-02,-8.636402897536754608e-03,6.816281080245971680e-01,-7.315613031387329102e-01,-1.201247274875640869e-01,5.612026527523994446e-02,-1.086100265383720398e-01,1.784082204103469849e-01,-9.124858677387237549e-02,-7.788471132516860962e-02,-3.413378447294235229e-02,-3.792590647935867310e-02,-2.602485120296478271e-01,1.024077385663986206e-01,-8.783910423517227173e-02,2.794454991817474365e-02,-5.818166211247444153e-02,2.374284863471984863e-01,3.622767031192779541e-01,-2.148587256669998169e-01,-4.789173007011413574e-01,-1.282870471477508545e-01,2.555008530616760254e-01,-3.722701370716094971e-01,8.945809304714202881e-02,-4.235569536685943604e-01,1.246815547347068787e-01,6.719318684190511703e-03,-4.008182883262634277e-02
-1.341083526611328125e+00,-2.280769348144531250e-01,1.019495606422424316e+00,-1.159070152789354324e-02,-8.869037032127380371e-03,6.823633313179016113e-01,-7.308674454689025879e-01,-1.198561415076255798e-01,5.586856603622436523e-02,-1.067521944642066956e-01,1.774107664823532104e-01,-9.106557816267013550e-02,-7.756584882736206055e-02,-3.386723995208740234e-02,-3.825979307293891907e-02,-2.589288055896759033e-01,1.014411449432373047e-01,-8.778908848762512207e-02,2.844320237636566162e-02,-5.766875669360160828e-02,2.377461940050125122e-01,3.626993596553802490e-01,-2.130947858095169067e-01,-4.783001244068145752e-01,-1.262101233005523682e-01,2.552877068519592285e-01,-3.723594546318054199e-01,8.994855731725692749e-02,-4.214876890182495117e-01,1.245933473110198975e-01,5.444595590233802795e-03,-3.950284048914909363e-02
-1.340773344039916992e+00,-2.281905710697174072e-01,1.019525408744812012e+00,-1.183037273585796356e-02,-8.944141678512096405e-03,6.829948425292968750e-01,-7.302725911140441895e-01,-1.193336769938468933e-01,5.546538159251213074e-02,-1.051126793026924133e-01,1.764746308326721191e-01,-9.078053385019302368e-02,-7.720537483692169189e-02,-3.514085337519645691e-02,-3.888786584138870239e-02,-2.574003934860229492e-01,1.017254292964935303e-01,-8.724810928106307983e-02,2.861235104501247406e-02,-5.749189481139183044e-02,2.382372170686721802e-01,3.630549013614654541e-01,-2.114300131797790527e-01,-4.777569770812988281e-01,-1.242942661046981812e-01,2.551759183406829834e-01,-3.725503981113433838e-01,9.051559865474700928e-02,-4.193386435508728027e-01,1.245321333408355713e-01,4.316549282521009445e-03,-3.906998783349990845e-02
-1.340482711791992188e+00,-2.283617258071899414e-01,1.019565343856811523e+00,-1.218188088387250900e-02,-9.156981483101844788e-03,6.836885213851928711e-01,-7.296147942543029785e-01,-1.190146878361701965e-01,5.513623729348182678e-02,-1.033331006765365601e-01,1.753271073102951050e-01,-9.039128571748733521e-02,-7.688963413238525391e-02,-3.577862679958343506e-02,-3.936763107776641846e-02,-2.557248175144195557e-01,1.014367938041687012e-01,-8.705468475818634033e-02,2.893036603927612305e-02,-5.724715068936347961e-02,2.387668490409851074e-01,3.633418679237365723e-01,-2.097095996141433716e-01,-4.772058129310607910e-01,-1.225013583898544312e-01,2.550482153892517090e-01,-3.728139400482177734e-01,9.109530597925186157e-02,-4.175894260406494141e-01,1.245485246181488037e-01,3.133901394903659821e-03,-3.851602599024772644e-02
-1.340153336524963379e+00,-2.284235507249832153e-01,1.019594311714172363e+00,-1.236084662377834320e-02,-9.207421913743019104e-03,6.842842698097229004e-01,-7.290524840354919434e-01,-1.185716912150382996e-01,5.475319921970367432e-02,-1.017492413520812988e-01,1.745973080396652222e-01,-9.021025896072387695e-02,-7.647512108087539673e-02,-3.711907938122749329e-02,-4.008999466896057129e-02,-2.542316317558288574e-01,1.024774610996246338e-01,-8.706900477409362793e-02,2.923884242773056030e-02,-5.728378519415855408e-02,2.393225729465484619e-01,3.635399341583251953e-01,-2.081532925367355347e-01,-4.766917228698730469e-01,-1.214732825756072998e-01,2.550924122333526611e-01,-3.731669783592224121e-01,9.175858646631240845e-02,-4.166378676891326904e-01,1.246453449130058289e-01,2.572778612375259399e-03,-3.802715241909027100e-02
-1.339890956878662109e+00,-2.285341024398803711e-01,1.019614338874816895e+00,-1.262839417904615402e-02,-9.412731975317001343e-03,6.849040389060974121e-01,-7.284630537033081055e-01,-1.181711629033088684e-01,5.455158650875091553e-02,-9.997564554214477539e-02,1.733380258083343506e-01,-8.974757790565490723e-02,-7.614801079034805298e-02,-3.829741105437278748e-02,-4.057626053690910339e-02,-2.526025176048278809e-01,1.030907034873962402e-01,-8.704855293035507202e-02,2.955098636448383331e-02,-5.694620311260223389e-02,2.400831133127212524e-01,3.637531697750091553e-01,-2.065194547176361084e-01,-4.758772253990173340e-01,-1.196983531117439270e-01,2.551623582839965820e-01,-3.736459910869598389e-01,9.245296567678451538e-02,-4.144572019577026367e-01,1.245206370949745178e-01,1.618293579667806625e-03,-3.720812872052192688e-02
-1.339610576629638672e+00,-2.286804020404815674e-01,1.019644141197204590e+00,-1.291939709335565567e-02,-9.593595750629901886e-03,6.855381727218627930e-01,-7.278587818145751953e-01,-1.175969094038009644e-01,5.433100461959838867e-02,-9.830576181411743164e-02,1.718962341547012329e-01,-8.930261433124542236e-02,-7.577240467071533203e-02,-3.921803832054138184e-02,-4.105324670672416687e-02,-2.510986030101776123e-01,1.034475490450859070e-01,-8.698167651891708374e-02,3.003623895347118378e-02,-5.663092806935310364e-02,2.408504635095596313e-01,3.638885915279388428e-01,-2.049063295125961304e-01,-4.751605093479156494e-01,-1.180482879281044006e-01,2.551877498626708984e-01,-3.741325736045837402e-01,9.293933957815170288e-02,-4.124996364116668701e-01,1.245058029890060425e-01,7.275349344126880169e-04,-3.656136989593505859e-02
-1.339370131492614746e+00,-2.287778854370117188e-01,1.019665002822875977e+00,-1.313616242259740829e-02,-9.748843498528003693e-03,6.860878467559814453e-01,-7.273347973823547363e-01,-1.171191781759262085e-01,5.412477999925613403e-02,-9.670254588127136230e-02,1.706662923097610474e-01,-8.897124230861663818e-02,-7.552907615900039673e-02,-3.960726782679557800e-02,-4.145196452736854553e-02,-2.500322461128234863e-01,1.033963263034820557e-01,-8.703549206256866455e-02,3.029873035848140717e-02,-5.623598769307136536e-02,2.416652888059616089e-01,3.640225231647491455e-01,-2.033836096525192261e-01,-4.745772480964660645e-01,-1.165773719549179077e-01,2.552389204502105713e-01,-3.746795952320098877e-01,9.332131594419479370e-02,-4.103894233703613281e-01,1.243119761347770691e-01,-7.817844743840396404e-05,-3.610501065850257874e-02
-1.339139342308044434e+00,-2.288983017206192017e-01,1.019675016403198242e+00,-1.332682371139526367e-02,-9.895543567836284637e-03,6.865393519401550293e-01,-7.269031405448913574e-01,-1.166677176952362061e-01,5.404045805335044861e-02,-9.512961655855178833e-02,1.696068197488784790e-01,-8.879023045301437378e-02,-7.530060410499572754e-02,-4.022070765495300293e-02,-4.164602234959602356e-02,-2.488573044538497925e-01,1.028079017996788025e-01,-8.634111285209655762e-02,3.041763044893741608e-02,-5.610463768243789673e-02,2.425320297479629517e-01,3.642007410526275635e-01,-2.019503265619277954e-01,-4.738880991935729980e-01,-1.152864322066307068e-01,2.553076148033142090e-01,-3.752609789371490479e-01,9.364821016788482666e-02,-4.081017374992370605e-01,1.238562092185020447e-01,-6.978064775466918945e-04,-3.560923412442207336e-02
-1.338860988616943359e+00,-2.289724200963973999e-01,1.019695758819580078e+00,-1.361169386655092239e-02,-1.005453057587146759e-02,6.869436502456665039e-01,-7.265136241912841797e-01,-1.165691539645195007e-01,5.367553234100341797e-02,-9.392911195755004883e-02,1.687871515750885010e-01,-8.857195824384689331e-02,-7.504916191101074219e-02,-4.052801802754402161e-02,-4.212199524044990540e-02,-2.480169385671615601e-01,1.027120277285575867e-01,-8.648018538951873779e-02,3.075109981000423431e-02,-5.587412416934967041e-02,2.433083951473236084e-01,3.643661737442016602e-01,-2.008051276206970215e-01,-4.735485613346099854e-01,-1.145703718066215515e-01,2.554815709590911865e-01,-3.759193420410156250e-01,9.404242038726806641e-02,-4.068366885185241699e-01,1.234416887164115906e-01,-1.025506295263767242e-03,-3.545276075601577759e-02
-1.338550925254821777e+00,-2.290997803211212158e-01,1.019705414772033691e+00,-1.399507001042366028e-02,-1.029580272734165192e-02,6.873591542243957520e-01,-7.261098623275756836e-01,-1.166581213474273682e-01,5.326648429036140442e-02,-9.251466393470764160e-02,1.678826212882995605e-01,-8.830434828996658325e-02,-7.475648820400238037e-02,-4.142541065812110901e-02,-4.266537725925445557e-02,-2.468895167112350464e-01,1.024838835000991821e-01,-8.628170937299728394e-02,3.102777898311614990e-02,-5.567707121372222900e-02,2.442559599876403809e-01,3.645486235618591309e-01,-1.995837688446044922e-01,-4.730467796325683594e-01,-1.132648363709449768e-01,2.556079328060150146e-01,-3.767944574356079102e-01,9.422186017036437988e-02,-4.040500819683074951e-01,1.223946586251258850e-01,-1.663528964854776859e-03,-3.512238338589668274e-02
-1.338310599327087402e+00,-2.291684597730636597e-01,1.019704937934875488e+00,-1.421391684561967850e-02,-1.046847924590110779e-02,6.876754164695739746e-01,-7.258036136627197266e-01,-1.167626902461051941e-01,5.306211486458778381e-02,-9.142277389764785767e-02,1.673638820648193359e-01,-8.816406875848770142e-02,-7.460072636604309082e-02,-4.235873743891716003e-02,-4.303701967000961304e-02,-2.460954338312149048e-01,1.027208045125007629e-01,-8.595759421586990356e-02,3.139207884669303894e-02,-5.554842203855514526e-02,2.450926005840301514e-01,3.646971881389617920e-01,-1.985095888376235962e-01,-4.725571572780609131e-01,-1.124741211533546448e-01,2.556876242160797119e-01,-3.774969875812530518e-01,9.421285986900329590e-02,-4.026118516921997070e-01,1.217670813202857971e-01,-1.996800769120454788e-03,-3.480507805943489075e-02
-1.338050484657287598e+00,-2.292180806398391724e-01,1.019714236259460449e+00,-1.442859135568141937e-02,-1.062531210482120514e-02,6.879891157150268555e-01,-7.254997491836547852e-01,-1.167564317584037781e-01,5.271333456039428711e-02,-9.060041606426239014e-02,1.668293029069900513e-01,-8.804805576801300049e-02,-7.434143126010894775e-02,-4.355370998382568359e-02,-4.353049024939537048e-02,-2.450288087129592896e-01,1.032623648643493652e-01,-8.579328656196594238e-02,3.167701512575149536e-02,-5.543937161564826965e-02,2.459872514009475708e-01,3.648687303066253662e-01,-1.974656581878662109e-01,-4.719019830226898193e-01,-1.116302609443664551e-01,2.558916509151458740e-01,-3.783141374588012695e-01,9.423575550317764282e-02,-4.007043838500976562e-01,1.210564896464347839e-01,-2.239982830360531807e-03,-3.447936475276947021e-02
-1.337790369987487793e+00,-2.292505949735641479e-01,1.019713401794433594e+00,-1.465268712490797043e-02,-1.073678769171237946e-02,6.883031725883483887e-01,-7.251956462860107422e-01,-1.167526394128799438e-01,5.241236090660095215e-02,-8.942917734384536743e-02,1.664921939373016357e-01,-8.803816884756088257e-02,-7.413039356470108032e-02,-4.410928115248680115e-02,-4.400641098618507385e-02,-2.441339492797851562e-01,1.036440581083297729e-01,-8.606424927711486816e-02,3.202622756361961365e-02,-5.540773272514343262e-02,2.468386590480804443e-01,3.649888932704925537e-01,-1.962440907955169678e-01,-4.713031947612762451e-01,-1.107724606990814209e-01,2.560954988002777100e-01,-3.791352510452270508e-01,9.426523000001907349e-02,-3.990696072578430176e-01,1.203616261482238770e-01,-2.446932252496480942e-03,-3.432603552937507629e-02
-1.337570309638977051e+00,-2.292762845754623413e-01,1.019723296165466309e+00,-1.482075825333595276e-02,-1.077593863010406494e-02,6.885625720024108887e-01,-7.249453663825988770e-01,-1.166647672653198242e-01,5.206364393234252930e-02,-8.857308328151702881e-02,1.660188138484954834e-01,-8.790055662393569946e-02,-7.400873303413391113e-02,-4.457294195890426636e-02,-4.448775574564933777e-02,-2.435439676046371460e-01,1.037776619195938110e-01,-8.600889891386032104e-02,3.230030834674835205e-02,-5.495762079954147339e-02,2.477408796548843384e-01,3.651455640792846680e-01,-1.951781660318374634e-01,-4.707118570804595947e-01,-1.100079268217086792e-01,2.563716769218444824e-01,-3.799569308757781982e-01,9.424213320016860962e-02,-3.973940610885620117e-01,1.196533814072608948e-01,-2.594685181975364685e-03,-3.415028005838394165e-02
-1.337300539016723633e+00,-2.293176054954528809e-01,1.019723176956176758e+00,-1.497669611126184464e-02,-1.075135823339223862e-02,6.888342499732971191e-01,-7.246844172477722168e-01,-1.163695678114891052e-01,5.159265920519828796e-02,-8.769424259662628174e-02,1.653903275728225708e-01,-8.771286159753799438e-02,-7.385499030351638794e-02,-4.492104798555374146e-02,-4.501592740416526794e-02,-2.424958050251007080e-01,1.035968735814094543e-01,-8.564472198486328125e-02,3.255182504653930664e-02,-5.491543933749198914e-02,2.487532347440719604e-01,3.652222454547882080e-01,-1.938362568616867065e-01,-4.698400795459747314e-01,-1.088011413812637329e-01,2.565855979919433594e-01,-3.809100389480590820e-01,9.394906461238861084e-02,-3.945510387420654297e-01,1.182886362075805664e-01,-2.602508524432778358e-03,-3.395971283316612244e-02
-1.337050557136535645e+00,-2.293525338172912598e-01,1.019723892211914062e+00,-1.513228751718997955e-02,-1.080715749412775040e-02,6.890869140625000000e-01,-7.244400978088378906e-01,-1.163096502423286438e-01,5.121021717786788940e-02,-8.717134594917297363e-02,1.648869067430496216e-01,-8.758006989955902100e-02,-7.364507764577865601e-02,-4.491105675697326660e-02,-4.541230201721191406e-02,-2.419639527797698975e-01,1.033021509647369385e-01,-8.557987213134765625e-02,3.286865726113319397e-02,-5.458159372210502625e-02,2.496200650930404663e-01,3.652293384075164795e-01,-1.926600933074951172e-01,-4.693688154220581055e-01,-1.082477718591690063e-01,2.568238675594329834e-01,-3.817386925220489502e-01,9.371221810579299927e-02,-3.930666446685791016e-01,1.175712049007415771e-01,-2.623064676299691200e-03,-3.376096859574317932e-02
-1.336820363998413086e+00,-2.293906509876251221e-01,1.019733905792236328e+00,-1.523928716778755188e-02,-1.080693211406469345e-02,6.892745494842529297e-01,-7.242593765258789062e-01,-1.159982234239578247e-01,5.083817988634109497e-02,-8.666256815195083618e-02,1.644440144300460815e-01,-8.745080232620239258e-02,-7.354309409856796265e-02,-4.582123458385467529e-02,-4.601472243666648865e-02,-2.412869036197662354e-01,1.047049909830093384e-01,-8.610347658395767212e-02,3.318242728710174561e-02,-5.463418364524841309e-02,2.505550980567932129e-01,3.652864694595336914e-01,-1.915624588727951050e-01,-4.686767756938934326e-01,-1.076620817184448242e-01,2.571474313735961914e-01,-3.826194703578948975e-01,9.353788942098617554e-02,-3.915159106254577637e-01,1.169066205620765686e-01,-2.532873069867491722e-03,-3.360382840037345886e-02
-1.336620092391967773e+00,-2.294106185436248779e-01,1.019733071327209473e+00,-1.542253047227859497e-02,-1.082798931747674942e-02,6.894939541816711426e-01,-7.240462303161621094e-01,-1.158238202333450317e-01,5.043607577681541443e-02,-8.600546419620513916e-02,1.638410985469818115e-01,-8.724459260702133179e-02,-7.337830960750579834e-02,-4.576984792947769165e-02,-4.639576002955436707e-02,-2.408877313137054443e-01,1.038963496685028076e-01,-8.568457514047622681e-02,3.337276354432106018e-02,-5.448515340685844421e-02,2.514989972114562988e-01,3.652940392494201660e-01,-1.904661059379577637e-01,-4.680600166320800781e-01,-1.070621013641357422e-01,2.574907839298248291e-01,-3.835129737854003906e-01,9.332867711782455444e-02,-3.900153338909149170e-01,1.162225976586341858e-01,-2.425963059067726135e-03,-3.336019814014434814e-02
-1.336369752883911133e+00,-2.294280827045440674e-01,1.019743442535400391e+00,-1.549862418323755264e-02,-1.080111321061849594e-02,6.896618008613586426e-01,-7.238851785659790039e-01,-1.154465228319168091e-01,5.009376630187034607e-02,-8.528433740139007568e-02,1.632753461599349976e-01,-8.701607584953308105e-02,-7.330255955457687378e-02,-4.636351019144058228e-02,-4.692936688661575317e-02,-2.406119406223297119e-01,1.044518724083900452e-01,-8.558779209852218628e-02,3.356207907199859619e-02,-5.443640053272247314e-02,2.524628639221191406e-01,3.653075098991394043e-01,-1.894514560699462891e-01,-4.676300585269927979e-01,-1.065145134925842285e-01,2.578554153442382812e-01,-3.843948245048522949e-01,9.302040189504623413e-02,-3.884004354476928711e-01,1.155800670385360718e-01,-2.319263527169823647e-03,-3.324649855494499207e-02
-1.336209177970886230e+00,-2.294645160436630249e-01,1.019743680953979492e+00,-1.561788842082023621e-02,-1.084428373724222183e-02,6.897924542427062988e-01,-7.237575054168701172e-01,-1.152140200138092041e-01,4.988779872655868530e-02,-8.464362472295761108e-02,1.626061648130416870e-01,-8.678813278675079346e-02,-7.327055931091308594e-02,-4.671277850866317749e-02,-4.728714749217033386e-02,-2.403313964605331421e-01,1.048511713743209839e-01,-8.581808209419250488e-02,3.376393392682075500e-02,-5.430902168154716492e-02,2.534089386463165283e-01,3.653167486190795898e-01,-1.884761154651641846e-01,-4.673174917697906494e-01,-1.059484630823135376e-01,2.581923604011535645e-01,-3.853174149990081787e-01,9.258852154016494751e-02,-3.870177567005157471e-01,1.149744763970375061e-01,-2.178966300562024117e-03,-3.307673335075378418e-02
-1.336029291152954102e+00,-2.294853776693344116e-01,1.019753575325012207e+00,-1.572756841778755188e-02,-1.085898000746965408e-02,6.899242401123046875e-01,-7.236292362213134766e-01,-1.149611771106719971e-01,4.961321875452995300e-02,-8.401407301425933838e-02,1.619942635297775269e-01,-8.654984086751937866e-02,-7.315389066934585571e-02,-4.685397073626518250e-02,-4.761266335844993591e-02,-2.398535609245300293e-01,1.047447398304939270e-01,-8.573618531227111816e-02,3.385848924517631531e-02,-5.424142256379127502e-02,2.543523311614990234e-01,3.652382791042327881e-01,-1.874062716960906982e-01,-4.670728147029876709e-01,-1.053435057401657104e-01,2.585499286651611328e-01,-3.861450850963592529e-01,9.213417768478393555e-02,-3.857098817825317383e-01,1.145431920886039734e-01,-2.106973202899098396e-03,-3.289231657981872559e-02
-1.335849404335021973e+00,-2.295075058937072754e-01,1.019753932952880859e+00,-1.582364365458488464e-02,-1.083643548190593719e-02,6.900715827941894531e-01,-7.234869599342346191e-01,-1.146774142980575562e-01,4.930066689848899841e-02,-8.345662057399749756e-02,1.614335775375366211e-01,-8.635451644659042358e-02,-7.300990819931030273e-02,-4.701932892203330994e-02,-4.793443530797958374e-02,-2.393078356981277466e-01,1.044965535402297974e-01,-8.549308776855468750e-02,3.389237821102142334e-02,-5.414333567023277283e-02,2.553019523620605469e-01,3.651552796363830566e-01,-1.863257735967636108e-01,-4.668597877025604248e-01,-1.047261208295822144e-01,2.589707970619201660e-01,-3.870206177234649658e-01,9.171665459871292114e-02,-3.844181597232818604e-01,1.142239570617675781e-01,-2.042636275291442871e-03,-3.267786279320716858e-02
-1.335649251937866211e+00,-2.295377999544143677e-01,1.019754648208618164e+00,-1.591701060533523560e-02,-1.083512697368860245e-02,6.901773214340209961e-01,-7.233840823173522949e-01,-1.145255491137504578e-01,4.897863045334815979e-02,-8.301132172346115112e-02,1.610402911901473999e-01,-8.622106909751892090e-02,-7.293879985809326172e-02,-4.745955392718315125e-02,-4.837287589907646179e-02,-2.387508749961853027e-01,1.050549298524856567e-01,-8.575937151908874512e-02,3.405509144067764282e-02,-5.405036360025405884e-02,2.562781572341918945e-01,3.651120364665985107e-01,-1.853315532207489014e-01,-4.666452109813690186e-01,-1.041032746434211731e-01,2.594015896320343018e-01,-3.879179954528808594e-01,9.129507094621658325e-02,-3.830864727497100830e-01,1.139261871576309204e-01,-2.063717460259795189e-03,-3.253046795725822449e-02
-1.335488796234130859e+00,-2.295354157686233521e-01,1.019764065742492676e+00,-1.602220721542835236e-02,-1.085464749485254288e-02,6.903319954872131348e-01,-7.232338786125183105e-01,-1.144200488924980164e-01,4.873528704047203064e-02,-8.240364491939544678e-02,1.606368273496627808e-01,-8.604180067777633667e-02,-7.287707179784774780e-02,-4.771193116903305054e-02,-4.867378994822502136e-02,-2.384190261363983154e-01,1.049724519252777100e-01,-8.561603724956512451e-02,3.412894159555435181e-02,-5.383177474141120911e-02,2.572475075721740723e-01,3.650835752487182617e-01,-1.843684613704681396e-01,-4.664606750011444092e-01,-1.035022288560867310e-01,2.598545253276824951e-01,-3.888663053512573242e-01,9.091390669345855713e-02,-3.820039927959442139e-01,1.135584563016891479e-01,-2.125927945598959923e-03,-3.240664303302764893e-02
-1.335269093513488770e+00,-2.294983267784118652e-01,1.019764423370361328e+00,-1.608505100011825562e-02,-1.086127292364835739e-02,6.904699206352233887e-01,-7.231006622314453125e-01,-1.142711937427520752e-01,4.850533977150917053e-02,-8.182556927204132080e-02,1.602765023708343506e-01,-8.602362871170043945e-02,-7.288136333227157593e-02,-4.794915020465850830e-02,-4.902875423431396484e-02,-2.379468828439712524e-01,1.053447872400283813e-01,-8.572009950876235962e-02,3.437442332506179810e-02,-5.380218103528022766e-02,2.582114636898040771e-01,3.650718927383422852e-01,-1.834325641393661499e-01,-4.662765860557556152e-01,-1.029445230960845947e-01,2.602981030941009521e-01,-3.897601068019866943e-01,9.054238349199295044e-02,-3.811380863189697266e-01,1.132332980632781982e-01,-2.229354111477732658e-03,-3.226470947265625000e-02
-1.335129022598266602e+00,-2.294525206089019775e-01,1.019764900207519531e+00,-1.610232517123222351e-02,-1.082174386829137802e-02,6.905194520950317383e-01,-7.230536341667175293e-01,-1.142555624246597290e-01,4.829488694667816162e-02,-8.128068596124649048e-02,1.601780951023101807e-01,-8.599726855754852295e-02,-7.292765378952026367e-02,-4.813676699995994568e-02,-4.929777607321739197e-02,-2.374411523342132568e-01,1.053969636559486389e-01,-8.574109524488449097e-02,3.442654758691787720e-02,-5.384285002946853638e-02,2.591661810874938965e-01,3.650293052196502686e-01,-1.824811100959777832e-01,-4.661046862602233887e-01,-1.024772524833679199e-01,2.607480585575103760e-01,-3.905958235263824463e-01,9.008996933698654175e-02,-3.802303969860076904e-01,1.129155978560447693e-01,-2.371370093896985054e-03,-3.215196356177330017e-02
-1.334959149360656738e+00,-2.294060736894607544e-01,1.019764780998229980e+00,-1.613939739763736725e-02,-1.080264989286661148e-02,6.906592249870300293e-01,-7.229195237159729004e-01,-1.140503734350204468e-01,4.806899651885032654e-02,-8.097308129072189331e-02,1.599503755569458008e-01,-8.603407442569732666e-02,-7.289832830429077148e-02,-4.829452559351921082e-02,-4.957668483257293701e-02,-2.368571311235427856e-01,1.055741682648658752e-01,-8.582030981779098511e-02,3.448298200964927673e-02,-5.372959375381469727e-02,2.601611316204071045e-01,3.650490939617156982e-01,-1.815959662199020386e-01,-4.659584462642669678e-01,-1.020258441567420959e-01,2.612763345241546631e-01,-3.914421796798706055e-01,8.968091011047363281e-02,-3.794451355934143066e-01,1.125664636492729187e-01,-2.503201132640242577e-03,-3.200903534889221191e-02
-1.334790110588073730e+00,-2.294070571660995483e-01,1.019764900207519531e+00,-1.625035516917705536e-02,-1.082346774637699127e-02,6.907126903533935547e-01,-7.228656411170959473e-01,-1.141531318426132202e-01,4.779068380594253540e-02,-8.032431453466415405e-02,1.598145663738250732e-01,-8.607904613018035889e-02,-7.297886908054351807e-02,-4.824397340416908264e-02,-4.984197765588760376e-02,-2.363374829292297363e-01,1.050904095172882080e-01,-8.562684059143066406e-02,3.457631915807723999e-02,-5.376965552568435669e-02,2.611257731914520264e-01,3.651101291179656982e-01,-1.807152479887008667e-01,-4.658566415309906006e-01,-1.015584096312522888e-01,2.618217766284942627e-01,-3.922453224658966064e-01,8.925766497850418091e-02,-3.786754608154296875e-01,1.121874824166297913e-01,-2.655202290043234825e-03,-3.191201016306877136e-02
-1.334669709205627441e+00,-2.294034808874130249e-01,1.019775032997131348e+00,-1.631307229399681091e-02,-1.079473830759525299e-02,6.908233165740966797e-01,-7.227589488029479980e-01,-1.140891015529632568e-01,4.756602644920349121e-02,-8.008944988250732422e-02,1.596897542476654053e-01,-8.602559566497802734e-02,-7.294756174087524414e-02,-4.847506433725357056e-02,-5.007057264447212219e-02,-2.357972413301467896e-01,1.050839275121688843e-01,-8.547734469175338745e-02,3.457426279783248901e-02,-5.359635129570960999e-02,2.620340883731842041e-01,3.651317954063415527e-01,-1.797821670770645142e-01,-4.657885432243347168e-01,-1.010821759700775146e-01,2.623621523380279541e-01,-3.930706381797790527e-01,8.890396356582641602e-02,-3.778872489929199219e-01,1.117617487907409668e-01,-2.816649153828620911e-03,-3.183634206652641296e-02
-1.334549903869628906e+00,-2.293931692838668823e-01,1.019774794578552246e+00,-1.639927551150321960e-02,-1.081436965614557266e-02,6.908993124961853027e-01,-7.226840853691101074e-01,-1.140156388282775879e-01,4.738803580403327942e-02,-7.970432937145233154e-02,1.593590527772903442e-01,-8.596710860729217529e-02,-7.294459640979766846e-02,-4.865526407957077026e-02,-5.029090866446495056e-02,-2.353733181953430176e-01,1.051380410790443420e-01,-8.541616052389144897e-02,3.459673002362251282e-02,-5.356724932789802551e-02,2.630261182785034180e-01,3.652517795562744141e-01,-1.790523827075958252e-01,-4.657764732837677002e-01,-1.005713716149330139e-01,2.628576755523681641e-01,-3.937901258468627930e-01,8.850476890802383423e-02,-3.772281110286712646e-01,1.113920137286186218e-01,-2.958448138087987900e-03,-3.174565359950065613e-02
-1.334419965744018555e+00,-2.293493151664733887e-01,1.019774675369262695e+00,-1.644767634570598602e-02,-1.081558503210544586e-02,6.910108327865600586e-01,-7.225763201713562012e-01,-1.138029322028160095e-01,4.722175002098083496e-02,-7.939592748880386353e-02,1.589320152997970581e-01,-8.581791818141937256e-02,-7.290640473365783691e-02,-4.889170080423355103e-02,-5.051504075527191162e-02,-2.347805947065353394e-01,1.054123267531394958e-01,-8.545386791229248047e-02,3.461606800556182861e-02,-5.349645018577575684e-02,2.639737725257873535e-01,3.653232753276824951e-01,-1.782148629426956177e-01,-4.657790958881378174e-01,-1.000743210315704346e-01,2.634292840957641602e-01,-3.945250213146209717e-01,8.825533837080001831e-02,-3.765714764595031738e-01,1.109579727053642273e-01,-3.089979523792862892e-03,-3.162406757473945618e-02
-1.334290027618408203e+00,-2.292933315038681030e-01,1.019774794578552246e+00,-1.650757156312465668e-02,-1.081598922610282898e-02,6.911988258361816406e-01,-7.223951220512390137e-01,-1.136906221508979797e-01,4.701945558190345764e-02,-7.897926867008209229e-02,1.586212068796157837e-01,-8.569543063640594482e-02,-7.287026941776275635e-02,-4.878076165914535522e-02,-5.069805309176445007e-02,-2.342667132616043091e-01,1.047980487346649170e-01,-8.522909134626388550e-02,3.465401381254196167e-02,-5.338490754365921021e-02,2.649621367454528809e-01,3.654159307479858398e-01,-1.774645000696182251e-01,-4.657228589057922363e-01,-9.954403340816497803e-02,2.639699280261993408e-01,-3.952717781066894531e-01,8.804865926504135132e-02,-3.761681318283081055e-01,1.105678305029869080e-01,-3.216898767277598381e-03,-3.146751970052719116e-02
-1.334189772605895996e+00,-2.292517721652984619e-01,1.019785165786743164e+00,-1.652906276285648346e-02,-1.078174263238906860e-02,6.913214921951293945e-01,-7.222777605056762695e-01,-1.135433092713356018e-01,4.689223691821098328e-02,-7.850074023008346558e-02,1.584121137857437134e-01,-8.564485609531402588e-02,-7.289282977581024170e-02,-4.901187866926193237e-02,-5.088273808360099792e-02,-2.338201850652694702e-01,1.048319265246391296e-01,-8.512763679027557373e-02,3.463588282465934753e-02,-5.330833792686462402e-02,2.659444212913513184e-01,3.655253946781158447e-01,-1.766271144151687622e-01,-4.655487835407257080e-01,-9.903082251548767090e-02,2.645024061203002930e-01,-3.959021568298339844e-01,8.780655264854431152e-02,-3.757407963275909424e-01,1.102167591452598572e-01,-3.332515479996800423e-03,-3.131361678242683411e-02
-1.334049701690673828e+00,-2.292172163724899292e-01,1.019785046577453613e+00,-1.659634895622730255e-02,-1.081272400915622711e-02,6.915342211723327637e-01,-7.220720648765563965e-01,-1.134581565856933594e-01,4.671002179384231567e-02,-7.806144654750823975e-02,1.581276804208755493e-01,-8.558686077594757080e-02,-7.287906855344772339e-02,-4.923347383737564087e-02,-5.106325820088386536e-02,-2.332189530134201050e-01,1.046213284134864807e-01,-8.487712591886520386e-02,3.463288024067878723e-02,-5.323310941457748413e-02,2.669221460819244385e-01,3.656896352767944336e-01,-1.758288592100143433e-01,-4.653919637203216553e-01,-9.849528968334197998e-02,2.650248706340789795e-01,-3.965828120708465576e-01,8.761250227689743042e-02,-3.753280341625213623e-01,1.098520085215568542e-01,-3.436357947066426277e-03,-3.112407401204109192e-02
-1.333969116210937500e+00,-2.291888296604156494e-01,1.019785165786743164e+00,-1.663777418434619904e-02,-1.080960407853126526e-02,6.916968226432800293e-01,-7.219154238700866699e-01,-1.132836118340492249e-01,4.663686081767082214e-02,-7.759536802768707275e-02,1.579272449016571045e-01,-8.557134866714477539e-02,-7.289519160985946655e-02,-4.948652535676956177e-02,-5.124695599079132080e-02,-2.326915711164474487e-01,1.051857769489288330e-01,-8.517729490995407104e-02,3.467212244868278503e-02,-5.310114473104476929e-02,2.678522765636444092e-01,3.658440411090850830e-01,-1.749753057956695557e-01,-4.652140438556671143e-01,-9.794715791940689087e-02,2.655350267887115479e-01,-3.972491323947906494e-01,8.749611675739288330e-02,-3.750161826610565186e-01,1.094708889722824097e-01,-3.526128362864255905e-03,-3.098214976489543915e-02
-1.333889007568359375e+00,-2.291619777679443359e-01,1.019784688949584961e+00,-1.665588282048702240e-02,-1.077077817171812057e-02,6.918680071830749512e-01,-7.217515110969543457e-01,-1.131090372800827026e-01,4.650914669036865234e-02,-7.717036455869674683e-02,1.576547175645828247e-01,-8.551669120788574219e-02,-7.289804518222808838e-02,-4.975776746869087219e-02,-5.144833773374557495e-02,-2.321782410144805908e-01,1.054767295718193054e-01,-8.523530513048171997e-02,3.469496220350265503e-02,-5.301504954695701599e-02,2.687566578388214111e-01,3.660089373588562012e-01,-1.741270869970321655e-01,-4.650298953056335449e-01,-9.743055701255798340e-02,2.659972608089447021e-01,-3.978703618049621582e-01,8.732462674379348755e-02,-3.747171163558959961e-01,1.091384887695312500e-01,-3.620871808379888535e-03,-3.088700212538242340e-02
-1.333818793296813965e+00,-2.291179746389389038e-01,1.019784450531005859e+00,-1.668473519384860992e-02,-1.075497083365917206e-02,6.920356750488281250e-01,-7.215902805328369141e-01,-1.129580885171890259e-01,4.640608653426170349e-02,-7.671975344419479370e-02,1.574334651231765747e-01,-8.544878661632537842e-02,-7.291930168867111206e-02,-4.985385760664939880e-02,-5.158238112926483154e-02,-2.317594289779663086e-01,1.053284630179405212e-01,-8.506071567535400391e-02,3.470293432474136353e-02,-5.280032381415367126e-02,2.696486115455627441e-01,3.661330938339233398e-01,-1.732456237077713013e-01,-4.647966623306274414e-01,-9.692450612783432007e-02,2.664077877998352051e-01,-3.984881639480590820e-01,8.712594211101531982e-02,-3.745349347591400146e-01,1.088927015662193298e-01,-3.722701920196413994e-03,-3.074868954718112946e-02
-1.333738684654235840e+00,-2.290659695863723755e-01,1.019784331321716309e+00,-1.670124195516109467e-02,-1.071590371429920197e-02,6.922160387039184570e-01,-7.214174866676330566e-01,-1.127365007996559143e-01,4.632294550538063049e-02,-7.619781047105789185e-02,1.571619212627410889e-01,-8.539977669715881348e-02,-7.295615971088409424e-02,-4.988139495253562927e-02,-5.170195549726486206e-02,-2.313716113567352295e-01,1.051350012421607971e-01,-8.477896451950073242e-02,3.468086943030357361e-02,-5.267570540308952332e-02,2.705314755439758301e-01,3.662546277046203613e-01,-1.723972707986831665e-01,-4.646575450897216797e-01,-9.645380824804306030e-02,2.667712569236755371e-01,-3.991105854511260986e-01,8.696074783802032471e-02,-3.744429945945739746e-01,1.086469739675521851e-01,-3.869199659675359726e-03,-3.050232492387294769e-02
-1.333678603172302246e+00,-2.290253192186355591e-01,1.019794583320617676e+00,-1.669367402791976929e-02,-1.067197695374488831e-02,6.923771500587463379e-01,-7.212636470794677734e-01,-1.125000193715095520e-01,4.625597223639488220e-02,-7.570976763963699341e-02,1.569179445505142212e-01,-8.534250408411026001e-02,-7.298620790243148804e-02,-5.010437965393066406e-02,-5.185642465949058533e-02,-2.309165596961975098e-01,1.053797453641891479e-01,-8.485621958971023560e-02,3.472065553069114685e-02,-5.263751745223999023e-02,2.714012265205383301e-01,3.663617670536041260e-01,-1.715566068887710571e-01,-4.644941687583923340e-01,-9.601446241140365601e-02,2.670729458332061768e-01,-3.996941447257995605e-01,8.676748722791671753e-02,-3.744031190872192383e-01,1.083632037043571472e-01,-3.995331004261970520e-03,-3.011954575777053833e-02
-1.333618283271789551e+00,-2.289664000272750854e-01,1.019794464111328125e+00,-1.671551167964935303e-02,-1.064263284206390381e-02,6.925652027130126953e-01,-7.210830450057983398e-01,-1.123136356472969055e-01,4.618506133556365967e-02,-7.515464723110198975e-02,1.566947549581527710e-01,-8.529348671436309814e-02,-7.300372421741485596e-02,-5.012159422039985657e-02,-5.196356773376464844e-02,-2.305630445480346680e-01,1.051689907908439636e-01,-8.468925952911376953e-02,3.471037000417709351e-02,-5.248780921101570129e-02,2.722490131855010986e-01,3.664633333683013916e-01,-1.707102209329605103e-01,-4.643200039863586426e-01,-9.559483081102371216e-02,2.673634290695190430e-01,-4.001810550689697266e-01,8.662935346364974976e-02,-3.743144273757934570e-01,1.081373393535614014e-01,-4.151889123022556305e-03,-2.976587601006031036e-02
-1.333568215370178223e+00,-2.288491427898406982e-01,1.019794583320617676e+00,-1.670618914067745209e-02,-1.059727370738983154e-02,6.927758455276489258e-01,-7.208815217018127441e-01,-1.121362075209617615e-01,4.613405466079711914e-02,-7.460878789424896240e-02,1.566016227006912231e-01,-8.524418622255325317e-02,-7.302836328744888306e-02,-5.044272541999816895e-02,-5.210748314857482910e-02,-2.298739403486251831e-01,1.056297123432159424e-01,-8.477820456027984619e-02,3.471103683114051819e-02,-5.248171836137771606e-02,2.730991840362548828e-01,3.665558397769927979e-01,-1.698326319456100464e-01,-4.640939831733703613e-01,-9.517445415258407593e-02,2.675898969173431396e-01,-4.006772041320800781e-01,8.645790070295333862e-02,-3.743202686309814453e-01,1.079104170203208923e-01,-4.329051356762647629e-03,-2.925864607095718384e-02
-1.333518028259277344e+00,-2.287640273571014404e-01,1.019794106483459473e+00,-1.671335101127624512e-02,-1.058463100343942642e-02,6.929939389228820801e-01,-7.206718921661376953e-01,-1.120298430323600769e-01,4.608245193958282471e-02,-7.399079203605651855e-02,1.564500033855438232e-01,-8.526823669672012329e-02,-7.306512445211410522e-02,-5.056008324027061462e-02,-5.218749493360519409e-02,-2.292210310697555542e-01,1.055089756846427917e-01,-8.465842902660369873e-02,3.468048572540283203e-02,-5.236987769603729248e-02,2.739243805408477783e-01,3.666360080242156982e-01,-1.689770072698593140e-01,-4.639763236045837402e-01,-9.474708884954452515e-02,2.677555680274963379e-01,-4.011612534523010254e-01,8.627325296401977539e-02,-3.743889629840850830e-01,1.076793968677520752e-01,-4.546971060335636139e-03,-2.877993509173393250e-02
-1.333477616310119629e+00,-2.287032306194305420e-01,1.019794106483459473e+00,-1.669039018452167511e-02,-1.055498234927654266e-02,6.932041049003601074e-01,-7.204707264900207520e-01,-1.119325906038284302e-01,4.604296386241912842e-02,-7.347276061773300171e-02,1.562681496143341064e-01,-8.531703799962997437e-02,-7.311649620532989502e-02,-5.090339109301567078e-02,-5.233734473586082458e-02,-2.286290079355239868e-01,1.058696508407592773e-01,-8.479989320039749146e-02,3.459779173135757446e-02,-5.217658728361129761e-02,2.747427225112915039e-01,3.666881620883941650e-01,-1.681730151176452637e-01,-4.638497829437255859e-01,-9.432160854339599609e-02,2.679080367088317871e-01,-4.016111493110656738e-01,8.612544089555740356e-02,-3.744634687900543213e-01,1.074701100587844849e-01,-4.821877926588058472e-03,-2.835708111524581909e-02
-1.333437561988830566e+00,-2.286120653152465820e-01,1.019793748855590820e+00,-1.671375520527362823e-02,-1.054841000586748123e-02,6.934043169021606445e-01,-7.202776074409484863e-01,-1.118705794215202332e-01,4.596965014934539795e-02,-7.295627892017364502e-02,1.561361998319625854e-01,-8.530652523040771484e-02,-7.317481189966201782e-02,-5.098238587379455566e-02,-5.243882536888122559e-02,-2.281459569931030273e-01,1.056814715266227722e-01,-8.472970128059387207e-02,3.458927944302558899e-02,-5.201751366257667542e-02,2.755485475063323975e-01,3.667642176151275635e-01,-1.674250960350036621e-01,-4.639342725276947021e-01,-9.393473714590072632e-02,2.680343091487884521e-01,-4.020221829414367676e-01,8.600014448165893555e-02,-3.746157884597778320e-01,1.072493866086006165e-01,-5.038618110120296478e-03,-2.791293896734714508e-02
-1.333397150039672852e+00,-2.284982800483703613e-01,1.019793629646301270e+00,-1.667523384094238281e-02,-1.049077603965997696e-02,6.935763359069824219e-01,-7.201136946678161621e-01,-1.117128059267997742e-01,4.599647969007492065e-02,-7.253493368625640869e-02,1.561503708362579346e-01,-8.531932532787322998e-02,-7.323312759399414062e-02,-5.142784863710403442e-02,-5.254073441028594971e-02,-2.275976985692977905e-01,1.061952337622642517e-01,-8.482058346271514893e-02,3.456342592835426331e-02,-5.193765461444854736e-02,2.763172388076782227e-01,3.667916357517242432e-01,-1.666816622018814087e-01,-4.640331864356994629e-01,-9.357675164937973022e-02,2.681344151496887207e-01,-4.023995399475097656e-01,8.582337200641632080e-02,-3.747892975807189941e-01,1.070204824209213257e-01,-5.272764712572097778e-03,-2.765377052128314972e-02
-1.333376884460449219e+00,-2.283852249383926392e-01,1.019783735275268555e+00,-1.669498719274997711e-02,-1.048398111015558243e-02,6.937252879142761230e-01,-7.199698686599731445e-01,-1.117847934365272522e-01,4.599769786000251770e-02,-7.217526435852050781e-02,1.561478376388549805e-01,-8.528718352317810059e-02,-7.332202047109603882e-02,-5.115557461977005005e-02,-5.248157307505607605e-02,-2.273305803537368774e-01,1.053755730390548706e-01,-8.438891917467117310e-02,3.453965857625007629e-02,-5.165885761380195618e-02,2.770483493804931641e-01,3.668313920497894287e-01,-1.659977585077285767e-01,-4.641762673854827881e-01,-9.331794828176498413e-02,2.682293355464935303e-01,-4.027515947818756104e-01,8.567791432142257690e-02,-3.749504387378692627e-01,1.067057773470878601e-01,-5.567633546888828278e-03,-2.734153904020786285e-02
-1.333376646041870117e+00,-2.282829582691192627e-01,1.019784569740295410e+00,-1.663409732282161713e-02,-1.042510196566581726e-02,6.937699913978576660e-01,-7.199290394783020020e-01,-1.117595732212066650e-01,4.601330682635307312e-02,-7.206685096025466919e-02,1.562866419553756714e-01,-8.530438691377639771e-02,-7.345110923051834106e-02,-5.150118470191955566e-02,-5.253351107239723206e-02,-2.271422296762466431e-01,1.059752702713012695e-01,-8.452348411083221436e-02,3.451146185398101807e-02,-5.152102559804916382e-02,2.777750492095947266e-01,3.669015169143676758e-01,-1.654262691736221313e-01,-4.642816185951232910e-01,-9.318915009498596191e-02,2.683463394641876221e-01,-4.030845165252685547e-01,8.556687086820602417e-02,-3.750241100788116455e-01,1.063688695430755615e-01,-5.818815901875495911e-03,-2.704863250255584717e-02
-1.333366632461547852e+00,-2.281469553709030151e-01,1.019784450531005859e+00,-1.657527498900890350e-02,-1.035241875797510147e-02,6.938013434410095215e-01,-7.199012637138366699e-01,-1.118124127388000488e-01,4.599078744649887085e-02,-7.203644514083862305e-02,1.565206646919250488e-01,-8.534280955791473389e-02,-7.357430458068847656e-02,-5.167157948017120361e-02,-5.259567871689796448e-02,-2.269980311393737793e-01,1.063685864210128784e-01,-8.464539051055908203e-02,3.450842201709747314e-02,-5.142141133546829224e-02,2.784183025360107422e-01,3.669685125350952148e-01,-1.648993641138076782e-01,-4.645113348960876465e-01,-9.314979612827301025e-02,2.684786617755889893e-01,-4.034208953380584717e-01,8.552542328834533691e-02,-3.750717043876647949e-01,1.060346961021423340e-01,-6.077652797102928162e-03,-2.686560153961181641e-02
-1.333366394042968750e+00,-2.280157655477523804e-01,1.019784569740295410e+00,-1.653507351875305176e-02,-1.030691433697938919e-02,6.938340067863464355e-01,-7.198713421821594238e-01,-1.119667291641235352e-01,4.597092419862747192e-02,-7.206221669912338257e-02,1.568006873130798340e-01,-8.538746088743209839e-02,-7.368237525224685669e-02,-5.134821310639381409e-02,-5.256717279553413391e-02,-2.270104885101318359e-01,1.060057058930397034e-01,-8.454418182373046875e-02,3.452536463737487793e-02,-5.141760408878326416e-02,2.790473997592926025e-01,3.670433163642883301e-01,-1.644404381513595581e-01,-4.647211134433746338e-01,-9.321060031652450562e-02,2.686012983322143555e-01,-4.037355184555053711e-01,8.551093190908432007e-02,-3.751466274261474609e-01,1.056309938430786133e-01,-6.235174834728240967e-03,-2.693007141351699829e-02
-1.333366036415100098e+00,-2.278695255517959595e-01,1.019775032997131348e+00,-1.642431505024433136e-02,-1.021057926118373871e-02,6.938281655311584473e-01,-7.198808789253234863e-01,-1.120483279228210449e-01,4.596187174320220947e-02,-7.226790487766265869e-02,1.572882086038589478e-01,-8.556250482797622681e-02,-7.379641383886337280e-02,-5.146486312150955200e-02,-5.255655944347381592e-02,-2.271379828453063965e-01,1.062827408313751221e-01,-8.452677726745605469e-02,3.449142351746559143e-02,-5.134354531764984131e-02,2.796320915222167969e-01,3.671092689037322998e-01,-1.640283018350601196e-01,-4.649701416492462158e-01,-9.330604970455169678e-02,2.687279284000396729e-01,-4.040497541427612305e-01,8.554968237876892090e-02,-3.752642869949340820e-01,1.052194833755493164e-01,-6.394005846232175827e-03,-2.695947326719760895e-02
-1.333356022834777832e+00,-2.277355194091796875e-01,1.019775032997131348e+00,-1.639402471482753754e-02,-1.017188001424074173e-02,6.938653588294982910e-01,-7.198462486267089844e-01,-1.123701930046081543e-01,4.591577500104904175e-02,-7.245986908674240112e-02,1.578760147094726562e-01,-8.581628650426864624e-02,-7.393170148134231567e-02,-5.119085684418678284e-02,-5.249629169702529907e-02,-2.272770553827285767e-01,1.057882159948348999e-01,-8.433222770690917969e-02,3.449556976556777954e-02,-5.131269246339797974e-02,2.801951467990875244e-01,3.671795129776000977e-01,-1.636698991060256958e-01,-4.652607440948486328e-01,-9.345573186874389648e-02,2.687959671020507812e-01,-4.043437540531158447e-01,8.558803796768188477e-02,-3.755314350128173828e-01,1.048539653420448303e-01,-6.527980323880910873e-03,-2.700797282159328461e-02
-1.333355784416198730e+00,-2.276058793067932129e-01,1.019775032997131348e+00,-1.630051992833614349e-02,-1.008305326104164124e-02,6.938783526420593262e-01,-7.198370695114135742e-01,-1.126019284129142761e-01,4.589626193046569824e-02,-7.271067798137664795e-02,1.586005091667175293e-01,-8.613383024930953979e-02,-7.404439151287078857e-02,-5.140091851353645325e-02,-5.257272347807884216e-02,-2.271943837404251099e-01,1.063004434108734131e-01,-8.456812798976898193e-02,3.450048714876174927e-02,-5.140272900462150574e-02,2.807118892669677734e-01,3.672447800636291504e-01,-1.633285582065582275e-01,-4.655774533748626709e-01,-9.362065047025680542e-02,2.688513398170471191e-01,-4.046298265457153320e-01,8.567509055137634277e-02,-3.758347630500793457e-01,1.045126244425773621e-01,-6.629723589867353439e-03,-2.708005346357822418e-02
-1.333345651626586914e+00,-2.274666130542755127e-01,1.019763946533203125e+00,-1.627853326499462128e-02,-1.004731748253107071e-02,6.939333081245422363e-01,-7.197850942611694336e-01,-1.128973066806793213e-01,4.586874693632125854e-02,-7.280631363391876221e-02,1.591503173112869263e-01,-8.636748790740966797e-02,-7.414125651121139526e-02,-5.122698470950126648e-02,-5.251188948750495911e-02,-2.271281927824020386e-01,1.057873219251632690e-01,-8.432476222515106201e-02,3.450428694486618042e-02,-5.138848721981048584e-02,2.811707556247711182e-01,3.672979772090911865e-01,-1.629815995693206787e-01,-4.659325778484344482e-01,-9.376406669616699219e-02,2.688428461551666260e-01,-4.049169719219207764e-01,8.577374368906021118e-02,-3.762818872928619385e-01,1.042142659425735474e-01,-6.717825774103403091e-03,-2.706605754792690277e-02
-1.333345532417297363e+00,-2.273555696010589600e-01,1.019763469696044922e+00,-1.621356606483459473e-02,-9.998934343457221985e-03,6.939821243286132812e-01,-7.197402119636535645e-01,-1.130398809909820557e-01,4.588807374238967896e-02,-7.283774018287658691e-02,1.595735549926757812e-01,-8.649815618991851807e-02,-7.422391325235366821e-02,-5.111277848482131958e-02,-5.247521400451660156e-02,-2.270677089691162109e-01,1.055661812424659729e-01,-8.419273048639297485e-02,3.449188172817230225e-02,-5.132912471890449524e-02,2.816222012042999268e-01,3.673337996006011963e-01,-1.626927554607391357e-01,-4.663143754005432129e-01,-9.391583502292633057e-02,2.688342928886413574e-01,-4.051805436611175537e-01,8.587031066417694092e-02,-3.766813278198242188e-01,1.039613112807273865e-01,-6.741749588400125504e-03,-2.706853486597537994e-02
-1.333345532417297363e+00,-2.272229790687561035e-01,1.019763588905334473e+00,-1.615718193352222443e-02,-9.982745163142681122e-03,6.939933896064758301e-01,-7.197307944297790527e-01,-1.131845936179161072e-01,4.592633992433547974e-02,-7.287092506885528564e-02,1.599486172199249268e-01,-8.655860275030136108e-02,-7.431878894567489624e-02,-5.103739351034164429e-02,-5.242521315813064575e-02,-2.270899266004562378e-01,1.055032461881637573e-01,-8.411998301744461060e-02,3.447796404361724854e-02,-5.124155804514884949e-02,2.820173501968383789e-01,3.673587441444396973e-01,-1.623907089233398438e-01,-4.668013751506805420e-01,-9.406492114067077637e-02,2.688033580780029297e-01,-4.054550528526306152e-01,8.594261854887008667e-02,-3.770771026611328125e-01,1.037556156516075134e-01,-6.786882877349853516e-03,-2.706071734428405762e-02
-1.333345293998718262e+00,-2.271279096603393555e-01,1.019753098487854004e+00,-1.607916690409183502e-02,-9.934275411069393158e-03,6.940656900405883789e-01,-7.196635007858276367e-01,-1.132611855864524841e-01,4.598756507039070129e-02,-7.281442731618881226e-02,1.601749956607818604e-01,-8.665894716978073120e-02,-7.439477741718292236e-02,-5.125935748219490051e-02,-5.251561477780342102e-02,-2.269634753465652466e-01,1.060538068413734436e-01,-8.442122489213943481e-02,3.448714315891265869e-02,-5.129233747720718384e-02,2.824163138866424561e-01,3.673662841320037842e-01,-1.621014177799224854e-01,-4.673298895359039307e-01,-9.417080879211425781e-02,2.687822282314300537e-01,-4.057292938232421875e-01,8.604799956083297729e-02,-3.774607777595520020e-01,1.036190763115882874e-01,-6.830840837210416794e-03,-2.697100490331649780e-02
-1.333345174789428711e+00,-2.270507812500000000e-01,1.019752621650695801e+00,-1.603753305971622467e-02,-9.893984533846378326e-03,6.940921545028686523e-01,-7.196394801139831543e-01,-1.132911667227745056e-01,4.598211124539375305e-02,-7.280244678258895874e-02,1.603224128484725952e-01,-8.672641217708587646e-02,-7.447335124015808105e-02,-5.137940496206283569e-02,-5.254732444882392883e-02,-2.269149422645568848e-01,1.063197776675224304e-01,-8.447992801666259766e-02,3.448494896292686462e-02,-5.119777843356132507e-02,2.828080356121063232e-01,3.673692643642425537e-01,-1.618145704269409180e-01,-4.678424000740051270e-01,-9.427826851606369019e-02,2.687575817108154297e-01,-4.059874713420867920e-01,8.616534620523452759e-02,-3.778457045555114746e-01,1.034805700182914734e-01,-6.865823641419410706e-03,-2.695819362998008728e-02
-1.333335041999816895e+00,-2.269807904958724976e-01,1.019742369651794434e+00,-1.596968621015548706e-02,-9.836066514253616333e-03,6.941291689872741699e-01,-7.196060419082641602e-01,-1.132371425628662109e-01,4.596855863928794861e-02,-7.281094789505004883e-02,1.604816019535064697e-01,-8.679758757352828979e-02,-7.453566044569015503e-02,-5.153292790055274963e-02,-5.256310477852821350e-02,-2.267969101667404175e-01,1.067100167274475098e-01,-8.455297350883483887e-02,3.449769318103790283e-02,-5.116675049066543579e-02,2.831878364086151123e-01,3.673365414142608643e-01,-1.615119427442550659e-01,-4.683169126510620117e-01,-9.437963366508483887e-02,2.687237262725830078e-01,-4.062461555004119873e-01,8.628705888986587524e-02,-3.782424032688140869e-01,1.033596768975257874e-01,-6.892742123454809189e-03,-2.700304053723812103e-02
-1.333334922790527344e+00,-2.269077301025390625e-01,1.019742250442504883e+00,-1.592340879142284393e-02,-9.806624613702297211e-03,6.941456794738769531e-01,-7.195916175842285156e-01,-1.132778897881507874e-01,4.600188881158828735e-02,-7.275327295064926147e-02,1.606115996837615967e-01,-8.682271093130111694e-02,-7.459770888090133667e-02,-5.127307400107383728e-02,-5.248943716287612915e-02,-2.268304526805877686e-01,1.062599867582321167e-01,-8.431771397590637207e-02,3.451782837510108948e-02,-5.107810720801353455e-02,2.835476696491241455e-01,3.672647774219512939e-01,-1.612259745597839355e-01,-4.688095152378082275e-01,-9.447419643402099609e-02,2.686723172664642334e-01,-4.065271615982055664e-01,8.636904507875442505e-02,-3.785861432552337646e-01,1.032644286751747131e-01,-6.913000717759132385e-03,-2.690456993877887726e-02
-1.333324909210205078e+00,-2.268368303775787354e-01,1.019742608070373535e+00,-1.585471816360950470e-02,-9.756054729223251343e-03,6.941592097282409668e-01,-7.195807099342346191e-01,-1.132419109344482422e-01,4.605056717991828918e-02,-7.272119820117950439e-02,1.607395559549331665e-01,-8.687992393970489502e-02,-7.466273009777069092e-02,-5.107535421848297119e-02,-5.243243277072906494e-02,-2.268706262111663818e-01,1.061424836516380310e-01,-8.424001932144165039e-02,3.454110026359558105e-02,-5.104221403598785400e-02,2.839085161685943604e-01,3.671674430370330811e-01,-1.609850227832794189e-01,-4.693127572536468506e-01,-9.455243498086929321e-02,2.686567306518554688e-01,-4.068517982959747314e-01,8.650736510753631592e-02,-3.788202702999114990e-01,1.032107025384902954e-01,-6.848221179097890854e-03,-2.685599587857723236e-02
-1.333325147628784180e+00,-2.267704159021377563e-01,1.019732594490051270e+00,-1.580606400966644287e-02,-9.708907455205917358e-03,6.941326260566711426e-01,-7.196080684661865234e-01,-1.131797954440116882e-01,4.607763513922691345e-02,-7.266569882631301880e-02,1.608055084943771362e-01,-8.693017065525054932e-02,-7.472397387027740479e-02,-5.095469951629638672e-02,-5.238927155733108521e-02,-2.267578989267349243e-01,1.058958247303962708e-01,-8.401273190975189209e-02,3.454909101128578186e-02,-5.113244056701660156e-02,2.842572629451751709e-01,3.670874536037445068e-01,-1.607934087514877319e-01,-4.698682725429534912e-01,-9.462011605501174927e-02,2.686228454113006592e-01,-4.071486294269561768e-01,8.660935610532760620e-02,-3.790258169174194336e-01,1.031727194786071777e-01,-6.870378740131855011e-03,-2.677422203123569489e-02
-1.333325266838073730e+00,-2.266974300146102905e-01,1.019733071327209473e+00,-1.577107422053813934e-02,-9.676728397607803345e-03,6.941871643066406250e-01,-7.195566892623901367e-01,-1.131966635584831238e-01,4.610001668334007263e-02,-7.257022708654403687e-02,1.609013527631759644e-01,-8.699001371860504150e-02,-7.476215809583663940e-02,-5.061971023678779602e-02,-5.233341827988624573e-02,-2.268725037574768066e-01,1.054712906479835510e-01,-8.383218199014663696e-02,3.459290042519569397e-02,-5.107892677187919617e-02,2.845798432826995850e-01,3.670124113559722900e-01,-1.605843901634216309e-01,-4.703889787197113037e-01,-9.467776864767074585e-02,2.686037421226501465e-01,-4.074635505676269531e-01,8.671806752681732178e-02,-3.792235553264617920e-01,1.031279265880584717e-01,-6.925209891051054001e-03,-2.661436609923839569e-02
-1.333315372467041016e+00,-2.266507744789123535e-01,1.019723296165466309e+00,-1.570623181760311127e-02,-9.625341743230819702e-03,6.942088603973388672e-01,-7.195378541946411133e-01,-1.130731254816055298e-01,4.612689465284347534e-02,-7.254449278116226196e-02,1.610110551118850708e-01,-8.712174743413925171e-02,-7.479342818260192871e-02,-5.071066692471504211e-02,-5.237391218543052673e-02,-2.270116060972213745e-01,1.057965606451034546e-01,-8.393310010433197021e-02,3.460320457816123962e-02,-5.106375366449356079e-02,2.848887443542480469e-01,3.669417798519134521e-01,-1.603865772485733032e-01,-4.709020853042602539e-01,-9.472400695085525513e-02,2.685815691947937012e-01,-4.077769517898559570e-01,8.681646734476089478e-02,-3.794137835502624512e-01,1.031025797128677368e-01,-6.971244234591722488e-03,-2.649218216538429260e-02
-1.333315372467041016e+00,-2.265975475311279297e-01,1.019723176956176758e+00,-1.561193354427814484e-02,-9.553452953696250916e-03,6.942195296287536621e-01,-7.195305228233337402e-01,-1.129235103726387024e-01,4.615298286080360413e-02,-7.255886495113372803e-02,1.610968410968780518e-01,-8.721969276666641235e-02,-7.482067495584487915e-02,-5.070513859391212463e-02,-5.239722877740859985e-02,-2.271105498075485229e-01,1.062704175710678101e-01,-8.420450985431671143e-02,3.465765714645385742e-02,-5.102085322141647339e-02,2.851980924606323242e-01,3.668224811553955078e-01,-1.601980328559875488e-01,-4.713590443134307861e-01,-9.474093466997146606e-02,2.685739398002624512e-01,-4.081296324729919434e-01,8.691705763339996338e-02,-3.795394003391265869e-01,1.031049266457557678e-01,-7.017169147729873657e-03,-2.635286748409271240e-02
-1.333305239677429199e+00,-2.265618145465850830e-01,1.019723057746887207e+00,-1.553478743880987167e-02,-9.478975087404251099e-03,6.942138671875000000e-01,-7.195386886596679688e-01,-1.128278374671936035e-01,4.615039750933647156e-02,-7.261415570974349976e-02,1.611778885126113892e-01,-8.728256076574325562e-02,-7.484689354896545410e-02,-5.085451528429985046e-02,-5.245283246040344238e-02,-2.271038889884948730e-01,1.067083328962326050e-01,-8.433624356985092163e-02,3.466701135039329529e-02,-5.112081766128540039e-02,2.855001091957092285e-01,3.667267560958862305e-01,-1.600347608327865601e-01,-4.718069434165954590e-01,-9.476587921380996704e-02,2.686096727848052979e-01,-4.084627926349639893e-01,8.705285191535949707e-02,-3.795485198497772217e-01,1.031155586242675781e-01,-7.049178238958120346e-03,-2.633704058825969696e-02
-1.333305239677429199e+00,-2.265246361494064331e-01,1.019712805747985840e+00,-1.550757233053445816e-02,-9.460808709263801575e-03,6.942088007926940918e-01,-7.195444107055664062e-01,-1.128768846392631531e-01,4.615686088800430298e-02,-7.257281988859176636e-02,1.611889749765396118e-01,-8.734644949436187744e-02,-7.487214356660842896e-02,-5.061518400907516479e-02,-5.239909514784812927e-02,-2.271326035261154175e-01,1.062535494565963745e-01,-8.420116454362869263e-02,3.470682725310325623e-02,-5.115955322980880737e-02,2.857884168624877930e-01,3.666425645351409912e-01,-1.598987579345703125e-01,-4.722953140735626221e-01,-9.476824849843978882e-02,2.686475813388824463e-01,-4.088110625743865967e-01,8.718983829021453857e-02,-3.795667886734008789e-01,1.031326279044151306e-01,-7.160048466175794601e-03,-2.633790299296379089e-02
-1.333295464515686035e+00,-2.264719456434249878e-01,1.019713044166564941e+00,-1.545574516057968140e-02,-9.429803118109703064e-03,6.942141056060791016e-01,-7.195408344268798828e-01,-1.128397285938262939e-01,4.618105664849281311e-02,-7.263622432947158813e-02,1.613029539585113525e-01,-8.740336447954177856e-02,-7.489630579948425293e-02,-5.056181550025939941e-02,-5.240660533308982849e-02,-2.271478176116943359e-01,1.061479374766349792e-01,-8.412530273199081421e-02,3.471937030553817749e-02,-5.111807957291603088e-02,2.860589623451232910e-01,3.665556907653808594e-01,-1.597462296485900879e-01,-4.727780520915985107e-01,-9.473858773708343506e-02,2.686874568462371826e-01,-4.091660082340240479e-01,8.732857555150985718e-02,-3.795966207981109619e-01,1.031488403677940369e-01,-7.262884173542261124e-03,-2.631685510277748108e-02
-1.333255529403686523e+00,-2.264151424169540405e-01,1.019703030586242676e+00,-1.542020030319690704e-02,-9.410504251718521118e-03,6.942164897918701172e-01,-7.195395231246948242e-01,-1.128068119287490845e-01,4.619048908352851868e-02,-7.275886833667755127e-02,1.613374501466751099e-01,-8.744446188211441040e-02,-7.491102814674377441e-02,-5.065348744392395020e-02,-5.247296020388603210e-02,-2.271262109279632568e-01,1.064654365181922913e-01,-8.429754525423049927e-02,3.475254029035568237e-02,-5.105808377265930176e-02,2.863143980503082275e-01,3.664605021476745605e-01,-1.595962941646575928e-01,-4.732657372951507568e-01,-9.468188136816024780e-02,2.687404155731201172e-01,-4.095074534416198730e-01,8.750616014003753662e-02,-3.796434402465820312e-01,1.032167449593544006e-01,-7.391236722469329834e-03,-2.632097154855728149e-02
-1.333225607872009277e+00,-2.263640910387039185e-01,1.019702911376953125e+00,-1.538510806858539581e-02,-9.389376267790794373e-03,6.942010521888732910e-01,-7.195554375648498535e-01,-1.128259003162384033e-01,4.620582237839698792e-02,-7.273565232753753662e-02,1.613880097866058350e-01,-8.748580515384674072e-02,-7.492204755544662476e-02,-5.056816712021827698e-02,-5.247448012232780457e-02,-2.271588742733001709e-01,1.063069105148315430e-01,-8.423273265361785889e-02,3.479158505797386169e-02,-5.104001984000205994e-02,2.865719795227050781e-01,3.663452565670013428e-01,-1.594259142875671387e-01,-4.737015962600708008e-01,-9.459355473518371582e-02,2.687595784664154053e-01,-4.098972976207733154e-01,8.761367201805114746e-02,-3.797063827514648438e-01,1.032890230417251587e-01,-7.596396841108798981e-03,-2.624606899917125702e-02
-1.333185553550720215e+00,-2.263202220201492310e-01,1.019702672958374023e+00,-1.534894015640020370e-02,-9.371675550937652588e-03,6.941688656806945801e-01,-7.195875048637390137e-01,-1.127595305442810059e-01,4.623577371239662170e-02,-7.265195250511169434e-02,1.614176630973815918e-01,-8.753517270088195801e-02,-7.493542134761810303e-02,-5.052830278873443604e-02,-5.244803801178932190e-02,-2.271426469087600708e-01,1.060648337006568909e-01,-8.397701382637023926e-02,3.480001911520957947e-02,-5.108651891350746155e-02,2.868301272392272949e-01,3.662418425083160400e-01,-1.592695862054824829e-01,-4.741073846817016602e-01,-9.451247006654739380e-02,2.687918841838836670e-01,-4.102689921855926514e-01,8.772100508213043213e-02,-3.797516524791717529e-01,1.033642739057540894e-01,-7.801225408911705017e-03,-2.614976838231086731e-02
-1.333125710487365723e+00,-2.262649983167648315e-01,1.019692897796630859e+00,-1.531445607542991638e-02,-9.369687177240848541e-03,6.941689252853393555e-01,-7.195882201194763184e-01,-1.127397492527961731e-01,4.628327116370201111e-02,-7.254450768232345581e-02,1.614335179328918457e-01,-8.757929503917694092e-02,-7.495631277561187744e-02,-5.027886852622032166e-02,-5.241384357213973999e-02,-2.271236032247543335e-01,1.058747768402099609e-01,-8.393782377243041992e-02,3.485659137368202209e-02,-5.110498517751693726e-02,2.871048748493194580e-01,3.661195933818817139e-01,-1.591333746910095215e-01,-4.744499921798706055e-01,-9.443365782499313354e-02,2.688194215297698975e-01,-4.106788337230682373e-01,8.778993040323257446e-02,-3.797749876976013184e-01,1.034123674035072327e-01,-8.088911883533000946e-03,-2.607713826000690460e-02
-1.333065986633300781e+00,-2.262034118175506592e-01,1.019693017005920410e+00,-1.528647821396589279e-02,-9.351787157356739044e-03,6.942141056060791016e-01,-7.195454239845275879e-01,-1.127119809389114380e-01,4.630819335579872131e-02,-7.240821421146392822e-02,1.614475697278976440e-01,-8.760610967874526978e-02,-7.496799528598785400e-02,-5.012088268995285034e-02,-5.247121304273605347e-02,-2.271242737770080566e-01,1.057823374867439270e-01,-8.385437726974487305e-02,3.490503504872322083e-02,-5.113706737756729126e-02,2.873554825782775879e-01,3.659937083721160889e-01,-1.589796692132949829e-01,-4.748067855834960938e-01,-9.438486397266387939e-02,2.688560485839843750e-01,-4.110711812973022461e-01,8.788783848285675049e-02,-3.797636628150939941e-01,1.034752503037452698e-01,-8.387949317693710327e-03,-2.605696581304073334e-02
-1.333016037940979004e+00,-2.261606901884078979e-01,1.019683122634887695e+00,-1.525939069688320160e-02,-9.332377463579177856e-03,6.942265629768371582e-01,-7.195342779159545898e-01,-1.126794591546058655e-01,4.631926119327545166e-02,-7.221743464469909668e-02,1.614051163196563721e-01,-8.767005056142807007e-02,-7.498735189437866211e-02,-5.004824697971343994e-02,-5.252589657902717590e-02,-2.271110415458679199e-01,1.057116314768791199e-01,-8.377191424369812012e-02,3.494486957788467407e-02,-5.118510872125625610e-02,2.876110970973968506e-01,3.658775687217712402e-01,-1.588350087404251099e-01,-4.751144051551818848e-01,-9.433460980653762817e-02,2.688862681388854980e-01,-4.114618003368377686e-01,8.800274878740310669e-02,-3.797574937343597412e-01,1.035616695880889893e-01,-8.742430247366428375e-03,-2.602354064583778381e-02
-1.332976102828979492e+00,-2.261247634887695312e-01,1.019683003425598145e+00,-1.523177418857812881e-02,-9.315345436334609985e-03,6.942513585090637207e-01,-7.195111513137817383e-01,-1.125527247786521912e-01,4.633526876568794250e-02,-7.206138968467712402e-02,1.613435298204421997e-01,-8.769959956407546997e-02,-7.500185817480087280e-02,-5.002361536026000977e-02,-5.255914479494094849e-02,-2.270548045635223389e-01,1.056987047195434570e-01,-8.373595774173736572e-02,3.497173637151718140e-02,-5.118583887815475464e-02,2.878713309764862061e-01,3.657576143741607666e-01,-1.586546748876571655e-01,-4.753453135490417480e-01,-9.430050849914550781e-02,2.688965201377868652e-01,-4.118783473968505859e-01,8.808565884828567505e-02,-3.797749578952789307e-01,1.036533862352371216e-01,-9.078438393771648407e-03,-2.597693353891372681e-02
-1.332926034927368164e+00,-2.260881960391998291e-01,1.019683241844177246e+00,-1.520105637609958649e-02,-9.300912730395793915e-03,6.942850351333618164e-01,-7.194795012474060059e-01,-1.124830245971679688e-01,4.634775221347808838e-02,-7.191129028797149658e-02,1.613104641437530518e-01,-8.768211305141448975e-02,-7.501830160617828369e-02,-5.017467960715293884e-02,-5.256791412830352783e-02,-2.269019931554794312e-01,1.060274168848991394e-01,-8.380851149559020996e-02,3.500280156731605530e-02,-5.121744796633720398e-02,2.881390452384948730e-01,3.655918240547180176e-01,-1.584205925464630127e-01,-4.754934906959533691e-01,-9.429576992988586426e-02,2.689194679260253906e-01,-4.123147428035736084e-01,8.815927803516387939e-02,-3.797605931758880615e-01,1.037525758147239685e-01,-9.409814141690731049e-03,-2.606140635907649994e-02
-1.332865715026855469e+00,-2.260490357875823975e-01,1.019673109054565430e+00,-1.516415365040302277e-02,-9.288486093282699585e-03,6.943401694297790527e-01,-7.194272279739379883e-01,-1.124241054058074951e-01,4.637592285871505737e-02,-7.182709127664566040e-02,1.613104939460754395e-01,-8.766473829746246338e-02,-7.501928508281707764e-02,-5.028383806347846985e-02,-5.255302414298057556e-02,-2.267023921012878418e-01,1.062802299857139587e-01,-8.384944498538970947e-02,3.503770381212234497e-02,-5.119893327355384827e-02,2.884224057197570801e-01,3.653969168663024902e-01,-1.581858396530151367e-01,-4.755959212779998779e-01,-9.433604776859283447e-02,2.689691185951232910e-01,-4.127850532531738281e-01,8.826188743114471436e-02,-3.797066509723663330e-01,1.038850620388984680e-01,-9.680590592324733734e-03,-2.604025602340698242e-02
-1.332815647125244141e+00,-2.260066717863082886e-01,1.019682884216308594e+00,-1.512572914361953735e-02,-9.297107346355915070e-03,6.943996548652648926e-01,-7.193704843521118164e-01,-1.123903021216392517e-01,4.640577733516693115e-02,-7.164465636014938354e-02,1.613294184207916260e-01,-8.775223046541213989e-02,-7.503677904605865479e-02,-4.989524558186531067e-02,-5.240213498473167419e-02,-2.266004979610443115e-01,1.054609045386314392e-01,-8.342950046062469482e-02,3.507172688841819763e-02,-5.114170163869857788e-02,2.887089848518371582e-01,3.651655018329620361e-01,-1.579428911209106445e-01,-4.756954014301300049e-01,-9.439889341592788696e-02,2.689834535121917725e-01,-4.132362306118011475e-01,8.835544437170028687e-02,-3.797413110733032227e-01,1.039940416812896729e-01,-1.004485506564378738e-02,-2.594338357448577881e-02
-1.332755923271179199e+00,-2.259611785411834717e-01,1.019673585891723633e+00,-1.503586675971746445e-02,-9.270324371755123138e-03,6.944497823715209961e-01,-7.193243503570556641e-01,-1.122838854789733887e-01,4.644010961055755615e-02,-7.147188484668731689e-02,1.614291369915008545e-01,-8.783461898565292358e-02,-7.505202293395996094e-02,-4.984111711382865906e-02,-5.235525593161582947e-02,-2.265350073575973511e-01,1.055227294564247131e-01,-8.337625861167907715e-02,3.510028123855590820e-02,-5.112380534410476685e-02,2.890348136425018311e-01,3.649809956550598145e-01,-1.577483266592025757e-01,-4.757029116153717041e-01,-9.448401629924774170e-02,2.690108716487884521e-01,-4.137282967567443848e-01,8.846866339445114136e-02,-3.797564804553985596e-01,1.041331216692924500e-01,-1.037896331399679184e-02,-2.599395439028739929e-02
-1.332695722579956055e+00,-2.259176075458526611e-01,1.019663572311401367e+00,-1.494737993925809860e-02,-9.221675805747509003e-03,6.944884657859802246e-01,-7.192894220352172852e-01,-1.121266335248947144e-01,4.645010083913803101e-02,-7.137184590101242065e-02,1.614767014980316162e-01,-8.788499981164932251e-02,-7.506103813648223877e-02,-5.020181089639663696e-02,-5.242867395281791687e-02,-2.262974679470062256e-01,1.063959449529647827e-01,-8.369637280702590942e-02,3.512073308229446411e-02,-5.116559192538261414e-02,2.893688380718231201e-01,3.648396134376525879e-01,-1.575808078050613403e-01,-4.756423532962799072e-01,-9.458147734403610229e-02,2.690199911594390869e-01,-4.141877293586730957e-01,8.858993649482727051e-02,-3.797769248485565186e-01,1.042965948581695557e-01,-1.068693213164806366e-02,-2.600682154297828674e-02
-1.332645654678344727e+00,-2.258642166852951050e-01,1.019653081893920898e+00,-1.492777746170759201e-02,-9.227347560226917267e-03,6.945827007293701172e-01,-7.191987633705139160e-01,-1.121109649538993835e-01,4.644193500280380249e-02,-7.114088535308837891e-02,1.614788919687271118e-01,-8.791960775852203369e-02,-7.500111311674118042e-02,-4.995951801538467407e-02,-5.236564949154853821e-02,-2.260552048683166504e-01,1.060311794281005859e-01,-8.351124823093414307e-02,3.515135496854782104e-02,-5.112112313508987427e-02,2.896963357925415039e-01,3.647320568561553955e-01,-1.574074923992156982e-01,-4.755934178829193115e-01,-9.466297924518585205e-02,2.690459191799163818e-01,-4.146834015846252441e-01,8.874120563268661499e-02,-3.797885477542877197e-01,1.045352369546890259e-01,-1.102121919393539429e-02,-2.607007138431072235e-02
-1.332605361938476562e+00,-2.258364260196685791e-01,1.019653320312500000e+00,-1.484801713377237320e-02,-9.225614368915557861e-03,6.946609616279602051e-01,-7.191248536109924316e-01,-1.120184361934661865e-01,4.649464413523674011e-02,-7.095013558864593506e-02,1.615201681852340698e-01,-8.807183802127838135e-02,-7.495758682489395142e-02,-4.981827363371849060e-02,-5.227155610918998718e-02,-2.258357852697372437e-01,1.057845950126647949e-01,-8.332783728837966919e-02,3.515594452619552612e-02,-5.109378695487976074e-02,2.900355160236358643e-01,3.646247982978820801e-01,-1.572897881269454956e-01,-4.755386114120483398e-01,-9.473533928394317627e-02,2.690945565700531006e-01,-4.151647686958312988e-01,8.889852464199066162e-02,-3.797739148139953613e-01,1.047574654221534729e-01,-1.131136622279882431e-02,-2.621983923017978668e-02
-1.332555294036865234e+00,-2.258208692073822021e-01,1.019643545150756836e+00,-1.475873682647943497e-02,-9.209062904119491577e-03,6.947431564331054688e-01,-7.190475463867187500e-01,-1.119491755962371826e-01,4.653422906994819641e-02,-7.076526433229446411e-02,1.616007685661315918e-01,-8.821099996566772461e-02,-7.492198795080184937e-02,-4.972777888178825378e-02,-5.218187719583511353e-02,-2.255410104990005493e-01,1.055169478058815002e-01,-8.311311155557632446e-02,3.514754399657249451e-02,-5.110654607415199280e-02,2.903637886047363281e-01,3.645325601100921631e-01,-1.571598500013351440e-01,-4.754958152770996094e-01,-9.482400119304656982e-02,2.691472768783569336e-01,-4.156437814235687256e-01,8.905434608459472656e-02,-3.797518312931060791e-01,1.049793213605880737e-01,-1.154041290283203125e-02,-2.639172412455081940e-02
-1.332505345344543457e+00,-2.258059233427047729e-01,1.019633531570434570e+00,-1.467364095151424408e-02,-9.201961569488048553e-03,6.948274374008178711e-01,-7.189679145812988281e-01,-1.118397489190101624e-01,4.662277549505233765e-02,-7.048610597848892212e-02,1.616988480091094971e-01,-8.835936337709426880e-02,-7.490030676126480103e-02,-4.970452189445495605e-02,-5.213279277086257935e-02,-2.253230661153793335e-01,1.053955182433128357e-01,-8.303201943635940552e-02,3.515331074595451355e-02,-5.111297219991683960e-02,2.906981110572814941e-01,3.644506633281707764e-01,-1.570133417844772339e-01,-4.754001498222351074e-01,-9.489852935075759888e-02,2.691930830478668213e-01,-4.161156415939331055e-01,8.923393487930297852e-02,-3.797461092472076416e-01,1.052082255482673645e-01,-1.176214683800935745e-02,-2.650183066725730896e-02
-1.332484722137451172e+00,-2.257922142744064331e-01,1.019623875617980957e+00,-1.457129325717687607e-02,-9.214229881763458252e-03,6.948998570442199707e-01,-7.188997864723205566e-01,-1.117738038301467896e-01,4.680044203996658325e-02,-7.035909593105316162e-02,1.618644595146179199e-01,-8.853013068437576294e-02,-7.489740103483200073e-02,-4.981515929102897644e-02,-5.206273496150970459e-02,-2.250215262174606323e-01,1.056876927614212036e-01,-8.314576745033264160e-02,3.515485301613807678e-02,-5.112569779157638550e-02,2.910188436508178711e-01,3.643624186515808105e-01,-1.568407565355300903e-01,-4.752884805202484131e-01,-9.498491883277893066e-02,2.692598998546600342e-01,-4.166144728660583496e-01,8.945848047733306885e-02,-3.797367811203002930e-01,1.053939983248710632e-01,-1.191424950957298279e-02,-2.666452899575233459e-02
-1.332465052604675293e+00,-2.257777452468872070e-01,1.019613623619079590e+00,-1.450581848621368408e-02,-9.218923747539520264e-03,6.949789524078369141e-01,-7.188246250152587891e-01,-1.116976886987686157e-01,4.691011831164360046e-02,-7.016897201538085938e-02,1.619807481765747070e-01,-8.870673179626464844e-02,-7.489085197448730469e-02,-4.967344924807548523e-02,-5.202071741223335266e-02,-2.248493134975433350e-01,1.056572049856185913e-01,-8.321253955364227295e-02,3.518583998084068298e-02,-5.108592659235000610e-02,2.913450300693511963e-01,3.642896115779876709e-01,-1.567016243934631348e-01,-4.751836061477661133e-01,-9.503174573183059692e-02,2.693230807781219482e-01,-4.170882999897003174e-01,8.969651907682418823e-02,-3.797708451747894287e-01,1.055338978767395020e-01,-1.203682553023099899e-02,-2.683857642114162445e-02
-1.332454681396484375e+00,-2.257611453533172607e-01,1.019603729248046875e+00,-1.440915651619434357e-02,-9.229836985468864441e-03,6.950557827949523926e-01,-7.187521457672119141e-01,-1.116576716303825378e-01,4.707434400916099548e-02,-7.001205533742904663e-02,1.621896177530288696e-01,-8.889902383089065552e-02,-7.488723844289779663e-02,-4.953600093722343445e-02,-5.188733339309692383e-02,-2.246594280004501343e-01,1.054026931524276733e-01,-8.303772658109664917e-02,3.517694026231765747e-02,-5.114344134926795959e-02,2.916739583015441895e-01,3.642247617244720459e-01,-1.565391868352890015e-01,-4.750221073627471924e-01,-9.506428241729736328e-02,2.693839371204376221e-01,-4.175554811954498291e-01,8.992306888103485107e-02,-3.798170685768127441e-01,1.056830957531929016e-01,-1.213419623672962189e-02,-2.702046930789947510e-02
-1.332434535026550293e+00,-2.257419377565383911e-01,1.019593834877014160e+00,-1.429971028119325638e-02,-9.229804389178752899e-03,6.951315402984619141e-01,-7.186810970306396484e-01,-1.115597635507583618e-01,4.725824669003486633e-02,-6.978103518486022949e-02,1.623128205537796021e-01,-8.916305005550384521e-02,-7.487560063600540161e-02,-4.936185106635093689e-02,-5.173566564917564392e-02,-2.245073765516281128e-01,1.054372936487197876e-01,-8.309600502252578735e-02,3.519515693187713623e-02,-5.117993429303169250e-02,2.919883131980895996e-01,3.641782402992248535e-01,-1.563329994678497314e-01,-4.748619794845581055e-01,-9.510156512260437012e-02,2.694540917873382568e-01,-4.179734885692596436e-01,9.013430774211883545e-02,-3.798159658908843994e-01,1.057894825935363770e-01,-1.221660990267992020e-02,-2.716226689517498016e-02
-1.332424998283386230e+00,-2.257152795791625977e-01,1.019593834877014160e+00,-1.419810112565755844e-02,-9.201236069202423096e-03,6.952199339866638184e-01,-7.185979485511779785e-01,-1.113739386200904846e-01,4.737902060151100159e-02,-6.953844428062438965e-02,1.624447107315063477e-01,-8.935391902923583984e-02,-7.485134899616241455e-02,-4.917929321527481079e-02,-5.161379277706146240e-02,-2.243041396141052246e-01,1.053395569324493408e-01,-8.295454829931259155e-02,3.518041223287582397e-02,-5.117083340883255005e-02,2.923101484775543213e-01,3.641260564327239990e-01,-1.561463922262191772e-01,-4.746776223182678223e-01,-9.513576328754425049e-02,2.695198357105255127e-01,-4.183565974235534668e-01,9.033372253179550171e-02,-3.798055946826934814e-01,1.058460921049118042e-01,-1.234326977282762527e-02,-2.725511789321899414e-02
-1.332404851913452148e+00,-2.257254570722579956e-01,1.019584178924560547e+00,-1.409910432994365692e-02,-9.215970523655414581e-03,6.953157186508178711e-01,-7.185069918632507324e-01,-1.112513616681098938e-01,4.757722839713096619e-02,-6.926982104778289795e-02,1.625009477138519287e-01,-8.959147334098815918e-02,-7.481521368026733398e-02,-4.882369562983512878e-02,-5.144335702061653137e-02,-2.241345047950744629e-01,1.049876511096954346e-01,-8.279157429933547974e-02,3.518912196159362793e-02,-5.115400627255439758e-02,2.926225066184997559e-01,3.640590310096740723e-01,-1.559392809867858887e-01,-4.744848310947418213e-01,-9.513731300830841064e-02,2.695819735527038574e-01,-4.187578260898590088e-01,9.052684903144836426e-02,-3.798010349273681641e-01,1.058943644165992737e-01,-1.246199570596218109e-02,-2.735431306064128876e-02
-1.332394838333129883e+00,-2.257451564073562622e-01,1.019574284553527832e+00,-1.400187704712152481e-02,-9.208943694829940796e-03,6.954190731048583984e-01,-7.184090018272399902e-01,-1.110437661409378052e-01,4.773563891649246216e-02,-6.901602447032928467e-02,1.625908613204956055e-01,-8.975626528263092041e-02,-7.479385286569595337e-02,-4.896152019500732422e-02,-5.132826045155525208e-02,-2.238239496946334839e-01,1.055081859230995178e-01,-8.303657174110412598e-02,3.519942611455917358e-02,-5.129084363579750061e-02,2.929332852363586426e-01,3.640021979808807373e-01,-1.557441353797912598e-01,-4.742963910102844238e-01,-9.511473029851913452e-02,2.696507275104522705e-01,-4.191544353961944580e-01,9.076056629419326782e-02,-3.798119425773620605e-01,1.059270873665809631e-01,-1.260159537196159363e-02,-2.740828506648540497e-02
-1.332384228706359863e+00,-2.257701009511947632e-01,1.019563913345336914e+00,-1.391200907528400421e-02,-9.245815686881542206e-03,6.955378055572509766e-01,-7.182952761650085449e-01,-1.109058856964111328e-01,4.795648157596588135e-02,-6.875810027122497559e-02,1.626066565513610840e-01,-8.999209105968475342e-02,-7.477584481239318848e-02,-4.900613799691200256e-02,-5.114509165287017822e-02,-2.234770655632019043e-01,1.056086868047714233e-01,-8.313625305891036987e-02,3.521705791354179382e-02,-5.126101896166801453e-02,2.932379841804504395e-01,3.639584183692932129e-01,-1.555302739143371582e-01,-4.741023182868957520e-01,-9.508718550205230713e-02,2.697136700153350830e-01,-4.195234179496765137e-01,9.100650995969772339e-02,-3.798223435878753662e-01,1.059133708477020264e-01,-1.275043189525604248e-02,-2.741305343806743622e-02
-1.332354307174682617e+00,-2.258000820875167847e-01,1.019553661346435547e+00,-1.386560779064893723e-02,-9.315178729593753815e-03,6.957036256790161133e-01,-7.181347012519836426e-01,-1.107635274529457092e-01,4.815644025802612305e-02,-6.849107146263122559e-02,1.626079678535461426e-01,-9.024118632078170776e-02,-7.477123290300369263e-02,-4.868791624903678894e-02,-5.085982754826545715e-02,-2.231313139200210571e-01,1.047761738300323486e-01,-8.273721486330032349e-02,3.521300107240676880e-02,-5.122746899724006653e-02,2.935358583927154541e-01,3.639206290245056152e-01,-1.553027629852294922e-01,-4.739179909229278564e-01,-9.501691162586212158e-02,2.697699069976806641e-01,-4.198591113090515137e-01,9.128192812204360962e-02,-3.798090219497680664e-01,1.058951318264007568e-01,-1.291304640471935272e-02,-2.736826986074447632e-02
-1.332334399223327637e+00,-2.258344888687133789e-01,1.019544005393981934e+00,-1.378617528825998306e-02,-9.362116456031799316e-03,6.958386898040771484e-01,-7.180047631263732910e-01,-1.105938777327537537e-01,4.838136211037635803e-02,-6.815148890018463135e-02,1.626807004213333130e-01,-9.049446880817413330e-02,-7.477396726608276367e-02,-4.859096184372901917e-02,-5.062846466898918152e-02,-2.227928936481475830e-01,1.045077592134475708e-01,-8.255489915609359741e-02,3.520235046744346619e-02,-5.112861841917037964e-02,2.938343882560729980e-01,3.638980090618133545e-01,-1.550571173429489136e-01,-4.737364053726196289e-01,-9.493410587310791016e-02,2.697886526584625244e-01,-4.201590120792388916e-01,9.148061275482177734e-02,-3.798638880252838135e-01,1.058595925569534302e-01,-1.312336046248674393e-02,-2.730576135218143463e-02
-1.332314252853393555e+00,-2.258498221635818481e-01,1.019534111022949219e+00,-1.371248438954353333e-02,-9.424258023500442505e-03,6.959516406059265137e-01,-7.178958654403686523e-01,-1.105284690856933594e-01,4.866792261600494385e-02,-6.768649816513061523e-02,1.626865565776824951e-01,-9.070654213428497314e-02,-7.479369640350341797e-02,-4.857946187257766724e-02,-5.037919059395790100e-02,-2.225123792886734009e-01,1.043312996625900269e-01,-8.240426331758499146e-02,3.518436476588249207e-02,-5.117953196167945862e-02,2.941372096538543701e-01,3.638833165168762207e-01,-1.548088043928146362e-01,-4.735718369483947754e-01,-9.486520290374755859e-02,2.698017060756683350e-01,-4.204204380512237549e-01,9.161342680454254150e-02,-3.798877000808715820e-01,1.058252304792404175e-01,-1.340814214199781418e-02,-2.727401629090309143e-02
-1.332304239273071289e+00,-2.258737832307815552e-01,1.019524216651916504e+00,-1.363121066242456436e-02,-9.495736099779605865e-03,6.961026191711425781e-01,-7.177500724792480469e-01,-1.103995740413665771e-01,4.896555095911026001e-02,-6.729517877101898193e-02,1.627736091613769531e-01,-9.091410785913467407e-02,-7.481011003255844116e-02,-4.880263283848762512e-02,-5.022140219807624817e-02,-2.221210300922393799e-01,1.051100566983222961e-01,-8.282355219125747681e-02,3.521514311432838440e-02,-5.125595256686210632e-02,2.944670319557189941e-01,3.639028370380401611e-01,-1.546402722597122192e-01,-4.733984172344207764e-01,-9.477459639310836792e-02,2.698202133178710938e-01,-4.207009375095367432e-01,9.168469160795211792e-02,-3.798503875732421875e-01,1.057054549455642700e-01,-1.365686114877462387e-02,-2.714546769857406616e-02
-1.332273721694946289e+00,-2.258999049663543701e-01,1.019513726234436035e+00,-1.358258817344903946e-02,-9.587398730218410492e-03,6.962613463401794434e-01,-7.175958156585693359e-01,-1.102874502539634705e-01,4.925333335995674133e-02,-6.696610897779464722e-02,1.628196984529495239e-01,-9.116864949464797974e-02,-7.481231540441513062e-02,-4.898723587393760681e-02,-4.999873414635658264e-02,-2.217518538236618042e-01,1.052649468183517456e-01,-8.277693390846252441e-02,3.520250692963600159e-02,-5.115181207656860352e-02,2.948293387889862061e-01,3.639752268791198730e-01,-1.545733660459518433e-01,-4.732549190521240234e-01,-9.467010200023651123e-02,2.698886692523956299e-01,-4.208990037441253662e-01,9.182397276163101196e-02,-3.797055184841156006e-01,1.055912524461746216e-01,-1.388748176395893097e-02,-2.700934559106826782e-02
-1.332263946533203125e+00,-2.259295284748077393e-01,1.019503355026245117e+00,-1.355416420847177505e-02,-9.649254381656646729e-03,6.964329481124877930e-01,-7.174289822578430176e-01,-1.101929768919944763e-01,4.944271966814994812e-02,-6.657193601131439209e-02,1.628389209508895874e-01,-9.129578620195388794e-02,-7.481750100851058960e-02,-4.884498566389083862e-02,-4.979562386870384216e-02,-2.214710265398025513e-01,1.051226407289505005e-01,-8.277177810668945312e-02,3.520248830318450928e-02,-5.100551620125770569e-02,2.951756715774536133e-01,3.640537559986114502e-01,-1.545508950948715210e-01,-4.731901288032531738e-01,-9.454500675201416016e-02,2.698910832405090332e-01,-4.210654497146606445e-01,9.183536469936370850e-02,-3.795895874500274658e-01,1.054730415344238281e-01,-1.413933560252189636e-02,-2.689909934997558594e-02
-1.332273364067077637e+00,-2.259799689054489136e-01,1.019493341445922852e+00,-1.347080618143081665e-02,-9.689741767942905426e-03,6.965784430503845215e-01,-7.172887325286865234e-01,-1.101199164986610413e-01,4.966668412089347839e-02,-6.632024794816970825e-02,1.629322171211242676e-01,-9.147982299327850342e-02,-7.482608407735824585e-02,-4.906209930777549744e-02,-4.960490763187408447e-02,-2.211238145828247070e-01,1.055123805999755859e-01,-8.296654373407363892e-02,3.519137576222419739e-02,-5.096009373664855957e-02,2.954998016357421875e-01,3.641086816787719727e-01,-1.544853001832962036e-01,-4.731101691722869873e-01,-9.440028667449951172e-02,2.699309587478637695e-01,-4.212371408939361572e-01,9.193702042102813721e-02,-3.794516026973724365e-01,1.053649410605430603e-01,-1.436296850442886353e-02,-2.670544944703578949e-02
-1.332273483276367188e+00,-2.260304093360900879e-01,1.019482851028442383e+00,-1.343420054763555527e-02,-9.774653241038322449e-03,6.967428326606750488e-01,-7.171285748481750488e-01,-1.100776940584182739e-01,4.994321614503860474e-02,-6.590716540813446045e-02,1.630259603261947632e-01,-9.170999377965927124e-02,-7.485884428024291992e-02,-4.878220707178115845e-02,-4.943412169814109802e-02,-2.208784818649291992e-01,1.049212068319320679e-01,-8.276224136352539062e-02,3.520018607378005981e-02,-5.091194435954093933e-02,2.957730889320373535e-01,3.641624748706817627e-01,-1.543653756380081177e-01,-4.731329083442687988e-01,-9.425260126590728760e-02,2.699106037616729736e-01,-4.213065803050994873e-01,9.192503243684768677e-02,-3.793337643146514893e-01,1.052987128496170044e-01,-1.457067951560020447e-02,-2.650904469192028046e-02
-1.332273602485656738e+00,-2.260666638612747192e-01,1.019472599029541016e+00,-1.338122226297855377e-02,-9.807310067117214203e-03,6.969282031059265137e-01,-7.169489860534667969e-01,-1.098771840333938599e-01,5.012784525752067566e-02,-6.548087298870086670e-02,1.630315035581588745e-01,-9.189380705356597900e-02,-7.483030855655670166e-02,-4.859408363699913025e-02,-4.918487742543220520e-02,-2.205772399902343750e-01,1.045490577816963196e-01,-8.251810818910598755e-02,3.518236055970191956e-02,-5.094665661454200745e-02,2.960020005702972412e-01,3.641730248928070068e-01,-1.542039513587951660e-01,-4.731706678867340088e-01,-9.409860521554946899e-02,2.698971927165985107e-01,-4.213947057723999023e-01,9.194724261760711670e-02,-3.792604506015777588e-01,1.052778139710426331e-01,-1.479984447360038757e-02,-2.620313875377178192e-02
-1.332273602485656738e+00,-2.260753661394119263e-01,1.019463181495666504e+00,-1.331484504044055939e-02,-9.828620590269565582e-03,6.970303654670715332e-01,-7.168506383895874023e-01,-1.098254770040512085e-01,5.030595138669013977e-02,-6.523137539625167847e-02,1.630814820528030396e-01,-9.203422814607620239e-02,-7.482719421386718750e-02,-4.842087998986244202e-02,-4.898002743721008301e-02,-2.204217463731765747e-01,1.040346249938011169e-01,-8.212844282388687134e-02,3.514538332819938660e-02,-5.078711733222007751e-02,2.961844503879547119e-01,3.641812503337860107e-01,-1.540493369102478027e-01,-4.732360541820526123e-01,-9.401042759418487549e-02,2.698851525783538818e-01,-4.214414358139038086e-01,9.190661460161209106e-02,-3.791073262691497803e-01,1.052545234560966492e-01,-1.501465868204832077e-02,-2.605237066745758057e-02
-1.332263112068176270e+00,-2.261075079441070557e-01,1.019453525543212891e+00,-1.323797833174467087e-02,-9.867627173662185669e-03,6.971524953842163086e-01,-7.167326807975769043e-01,-1.097854077816009521e-01,5.052432045340538025e-02,-6.507789343595504761e-02,1.632337719202041626e-01,-9.228079020977020264e-02,-7.480467110872268677e-02,-4.856732860207557678e-02,-4.884260147809982300e-02,-2.201801091432571411e-01,1.045396551489830017e-01,-8.244609832763671875e-02,3.516171500086784363e-02,-5.075689405202865601e-02,2.963590025901794434e-01,3.642040491104125977e-01,-1.539231240749359131e-01,-4.733232855796813965e-01,-9.392825514078140259e-02,2.698999047279357910e-01,-4.215095639228820801e-01,9.193564206361770630e-02,-3.789403140544891357e-01,1.052386909723281860e-01,-1.522356364876031876e-02,-2.592777274549007416e-02
-1.332252979278564453e+00,-2.261435538530349731e-01,1.019442915916442871e+00,-1.318682637065649033e-02,-9.920308366417884827e-03,6.972670555114746094e-01,-7.166215181350708008e-01,-1.098067313432693481e-01,5.071514099836349487e-02,-6.490867584943771362e-02,1.634043455123901367e-01,-9.251482039690017700e-02,-7.479702681303024292e-02,-4.861168190836906433e-02,-4.864135384559631348e-02,-2.199398279190063477e-01,1.043979823589324951e-01,-8.234085142612457275e-02,3.514384105801582336e-02,-5.071238428354263306e-02,2.964668273925781250e-01,3.642039895057678223e-01,-1.537394523620605469e-01,-4.734690189361572266e-01,-9.385339915752410889e-02,2.699026167392730713e-01,-4.215705990791320801e-01,9.194238483905792236e-02,-3.787768185138702393e-01,1.052369847893714905e-01,-1.543923933058977127e-02,-2.582982182502746582e-02
-1.332253098487854004e+00,-2.261843383312225342e-01,1.019432663917541504e+00,-1.315428316593170166e-02,-9.982488118112087250e-03,6.973801255226135254e-01,-7.165111899375915527e-01,-1.098700016736984253e-01,5.087741836905479431e-02,-6.472516059875488281e-02,1.634572297334671021e-01,-9.272547066211700439e-02,-7.477144151926040649e-02,-4.843875020742416382e-02,-4.843112453818321228e-02,-2.197973728179931641e-01,1.040060669183731079e-01,-8.222442120313644409e-02,3.515363857150077820e-02,-5.058015137910842896e-02,2.965133786201477051e-01,3.641441166400909424e-01,-1.534451693296432495e-01,-4.735698997974395752e-01,-9.380020201206207275e-02,2.699530720710754395e-01,-4.216651618480682373e-01,9.203802049160003662e-02,-3.785394132137298584e-01,1.052856594324111938e-01,-1.569057255983352661e-02,-2.584724687039852142e-02
-1.332243084907531738e+00,-2.262236028909683228e-01,1.019422650337219238e+00,-1.310639455914497375e-02,-1.002730429172515869e-02,6.974632143974304199e-01,-7.164305448532104492e-01,-1.098729968070983887e-01,5.104637891054153442e-02,-6.461167335510253906e-02,1.636281162500381470e-01,-9.300428628921508789e-02,-7.473787665367126465e-02,-4.851180687546730042e-02,-4.830757901072502136e-02,-2.196158468723297119e-01,1.040824651718139648e-01,-8.230899274349212646e-02,3.516091033816337585e-02,-5.055044218897819519e-02,2.965590059757232666e-01,3.640786409378051758e-01,-1.531829684972763062e-01,-4.736692607402801514e-01,-9.378470480442047119e-02,2.699770927429199219e-01,-4.217463135719299316e-01,9.209626168012619019e-02,-3.783252835273742676e-01,1.053321510553359985e-01,-1.590344682335853577e-02,-2.582950703799724579e-02
-1.332233190536499023e+00,-2.262585759162902832e-01,1.019412398338317871e+00,-1.307454891502857208e-02,-1.007412932813167572e-02,6.975457668304443359e-01,-7.163501381874084473e-01,-1.099366992712020874e-01,5.119413509964942932e-02,-6.445874273777008057e-02,1.638283878564834595e-01,-9.326798468828201294e-02,-7.470840215682983398e-02,-4.868156090378761292e-02,-4.820933565497398376e-02,-2.194107472896575928e-01,1.043966338038444519e-01,-8.252810686826705933e-02,3.517495095729827881e-02,-5.057086423039436340e-02,2.965918183326721191e-01,3.640604913234710693e-01,-1.529873013496398926e-01,-4.738498032093048096e-01,-9.377354383468627930e-02,2.700027823448181152e-01,-4.218105971813201904e-01,9.218129515647888184e-02,-3.781197071075439453e-01,1.053540334105491638e-01,-1.609281823039054871e-02,-2.578838914632797241e-02
-1.332223176956176758e+00,-2.262921184301376343e-01,1.019391775131225586e+00,-1.306358724832534790e-02,-1.014887075871229172e-02,6.976287364959716797e-01,-7.162684202194213867e-01,-1.099853664636611938e-01,5.135087668895721436e-02,-6.426682323217391968e-02,1.639885604381561279e-01,-9.353413432836532593e-02,-7.467456161975860596e-02,-4.859450832009315491e-02,-4.803324118256568909e-02,-2.192471027374267578e-01,1.041284650564193726e-01,-8.244212716817855835e-02,3.518061339855194092e-02,-5.054594576358795166e-02,2.965792715549468994e-01,3.640003800392150879e-01,-1.527607142925262451e-01,-4.741269946098327637e-01,-9.378786385059356689e-02,2.700113952159881592e-01,-4.218766093254089355e-01,9.222484380006790161e-02,-3.779108226299285889e-01,1.053602695465087891e-01,-1.630809716880321503e-02,-2.573619224131107330e-02
-1.332223415374755859e+00,-2.263262867927551270e-01,1.019381761550903320e+00,-1.304477732628583908e-02,-1.020270865410566330e-02,6.976978182792663574e-01,-7.162007093429565430e-01,-1.100175455212593079e-01,5.147587507963180542e-02,-6.413294374942779541e-02,1.642413437366485596e-01,-9.383173286914825439e-02,-7.465017586946487427e-02,-4.866943508386611938e-02,-4.790450632572174072e-02,-2.190210223197937012e-01,1.040552705526351929e-01,-8.235651999711990356e-02,3.517291694879531860e-02,-5.048826709389686584e-02,2.966154515743255615e-01,3.639647662639617920e-01,-1.526062041521072388e-01,-4.743337333202362061e-01,-9.381952881813049316e-02,2.700589299201965332e-01,-4.219538271427154541e-01,9.231407195329666138e-02,-3.776005804538726807e-01,1.053158193826675415e-01,-1.651212200522422791e-02,-2.568657882511615753e-02
-1.332213401794433594e+00,-2.263800650835037231e-01,1.019371271133422852e+00,-1.300245709717273712e-02,-1.024774461984634399e-02,6.977946162223815918e-01,-7.161065936088562012e-01,-1.100279688835144043e-01,5.163509771227836609e-02,-6.393020600080490112e-02,1.644077748060226440e-01,-9.413398057222366333e-02,-7.461812347173690796e-02,-4.904112964868545532e-02,-4.793816804885864258e-02,-2.187274098396301270e-01,1.048722043633460999e-01,-8.279098570346832275e-02,3.519286960363388062e-02,-5.049354955554008484e-02,2.966157197952270508e-01,3.638826906681060791e-01,-1.523913741111755371e-01,-4.746945202350616455e-01,-9.385222941637039185e-02,2.700733244419097900e-01,-4.220286607742309570e-01,9.239380061626434326e-02,-3.773458003997802734e-01,1.052296906709671021e-01,-1.669174060225486755e-02,-2.562218531966209412e-02
-1.332203507423400879e+00,-2.264212965965270996e-01,1.019360423088073730e+00,-1.302517112344503403e-02,-1.034005358815193176e-02,6.979413032531738281e-01,-7.159618735313415527e-01,-1.101230084896087646e-01,5.176848918199539185e-02,-6.362868100404739380e-02,1.645335257053375244e-01,-9.441841393709182739e-02,-7.458806782960891724e-02,-4.868808388710021973e-02,-4.780345782637596130e-02,-2.185343950986862183e-01,1.039589419960975647e-01,-8.239968121051788330e-02,3.520058840513229370e-02,-5.042622238397598267e-02,2.966161966323852539e-01,3.637692034244537354e-01,-1.521844565868377686e-01,-4.750682115554809570e-01,-9.387428313493728638e-02,2.700213193893432617e-01,-4.220614731311798096e-01,9.236703068017959595e-02,-3.771507143974304199e-01,1.051525026559829712e-01,-1.687497459352016449e-02,-2.553418278694152832e-02
-1.332193851470947266e+00,-2.264678031206130981e-01,1.019340634346008301e+00,-1.298196893185377121e-02,-1.038489863276481628e-02,6.980328559875488281e-01,-7.158727049827575684e-01,-1.100803911685943604e-01,5.191330611705780029e-02,-6.339376419782638550e-02,1.648804694414138794e-01,-9.476199746131896973e-02,-7.457198947668075562e-02,-4.878244549036026001e-02,-4.770638048648834229e-02,-2.182269543409347534e-01,1.038378924131393433e-01,-8.222491294145584106e-02,3.517283126711845398e-02,-5.044898763298988342e-02,2.966092526912689209e-01,3.636286258697509766e-01,-1.519121825695037842e-01,-4.753030836582183838e-01,-9.393087029457092285e-02,2.699829936027526855e-01,-4.221539795398712158e-01,9.234015643596649170e-02,-3.768845200538635254e-01,1.050822883844375610e-01,-1.703656651079654694e-02,-2.550042979419231415e-02
-1.332194089889526367e+00,-2.265442460775375366e-01,1.019330382347106934e+00,-1.296996045857667923e-02,-1.042972970753908157e-02,6.981955170631408691e-01,-7.157136797904968262e-01,-1.101383268833160400e-01,5.202874541282653809e-02,-6.297968327999114990e-02,1.651032567024230957e-01,-9.509475529193878174e-02,-7.456456124782562256e-02,-4.873902350664138794e-02,-4.764813184738159180e-02,-2.179466933012008667e-01,1.038853079080581665e-01,-8.238527923822402954e-02,3.520793095231056213e-02,-5.050843209028244019e-02,2.966326475143432617e-01,3.634590208530426025e-01,-1.516599506139755249e-01,-4.755311608314514160e-01,-9.395871311426162720e-02,2.699128687381744385e-01,-4.222670793533325195e-01,9.228785336017608643e-02,-3.766930699348449707e-01,1.050057038664817810e-01,-1.715840958058834076e-02,-2.542003430426120758e-02
-1.332164525985717773e+00,-2.265984565019607544e-01,1.019320011138916016e+00,-1.295550446957349777e-02,-1.045328471809625626e-02,6.983392238616943359e-01,-7.155733704566955566e-01,-1.101782694458961487e-01,5.208383128046989441e-02,-6.262930482625961304e-02,1.653777956962585449e-01,-9.540081024169921875e-02,-7.453666627407073975e-02,-4.900953546166419983e-02,-4.765978083014488220e-02,-2.175865173339843750e-01,1.042455583810806274e-01,-8.255971223115921021e-02,3.524222970008850098e-02,-5.051254108548164368e-02,2.966656088829040527e-01,3.632758557796478271e-01,-1.514189243316650391e-01,-4.757364094257354736e-01,-9.398748725652694702e-02,2.698331475257873535e-01,-4.223788678646087646e-01,9.222863614559173584e-02,-3.765321075916290283e-01,1.048913300037384033e-01,-1.728273928165435791e-02,-2.536421269178390503e-02
-1.332114338874816895e+00,-2.266511321067810059e-01,1.019309520721435547e+00,-1.296890620142221451e-02,-1.052126288414001465e-02,6.984856724739074707e-01,-7.154291868209838867e-01,-1.103093624114990234e-01,5.216521024703979492e-02,-6.232295557856559753e-02,1.657105982303619385e-01,-9.571382403373718262e-02,-7.449318468570709229e-02,-4.907469451427459717e-02,-4.758514463901519775e-02,-2.172296941280364990e-01,1.040646582841873169e-01,-8.248578011989593506e-02,3.529518842697143555e-02,-5.042164400219917297e-02,2.966423928737640381e-01,3.630321919918060303e-01,-1.510964781045913696e-01,-4.760617017745971680e-01,-9.404175728559494019e-02,2.697435617446899414e-01,-4.224795103073120117e-01,9.214031696319580078e-02,-3.763379752635955811e-01,1.047457978129386902e-01,-1.740011014044284821e-02,-2.535299584269523621e-02
-1.332064151763916016e+00,-2.267434149980545044e-01,1.019308567047119141e+00,-1.295790076255798340e-02,-1.059491094201803207e-02,6.986680030822753906e-01,-7.152501940727233887e-01,-1.103374287486076355e-01,5.230147764086723328e-02,-6.190725415945053101e-02,1.659205406904220581e-01,-9.607056528329849243e-02,-7.440608739852905273e-02,-4.910904169082641602e-02,-4.747039824724197388e-02,-2.167825996875762939e-01,1.039714515209197998e-01,-8.252774924039840698e-02,3.536617383360862732e-02,-5.059937760233879089e-02,2.966839969158172607e-01,3.628147244453430176e-01,-1.508450806140899658e-01,-4.762425124645233154e-01,-9.403271228075027466e-02,2.696237564086914062e-01,-4.226231873035430908e-01,9.203188866376876831e-02,-3.761566281318664551e-01,1.045966669917106628e-01,-1.752115227282047272e-02,-2.517974004149436951e-02
-1.332014441490173340e+00,-2.268366515636444092e-01,1.019307851791381836e+00,-1.291403640061616898e-02,-1.060853339731693268e-02,6.988726854324340820e-01,-7.150508165359497070e-01,-1.101834475994110107e-01,5.238309502601623535e-02,-6.139217317104339600e-02,1.660901159048080444e-01,-9.644585102796554565e-02,-7.432930916547775269e-02,-4.916252940893173218e-02,-4.743056744337081909e-02,-2.162874490022659302e-01,1.042482554912567139e-01,-8.276037126779556274e-02,3.543569147586822510e-02,-5.055129528045654297e-02,2.967318594455718994e-01,3.625318706035614014e-01,-1.504794657230377197e-01,-4.762737154960632324e-01,-9.400670230388641357e-02,2.694905698299407959e-01,-4.227478206157684326e-01,9.191025793552398682e-02,-3.759706318378448486e-01,1.044485494494438171e-01,-1.763057895004749298e-02,-2.504396997392177582e-02
-1.331954598426818848e+00,-2.268678396940231323e-01,1.019307851791381836e+00,-1.290616486221551895e-02,-1.064833719283342361e-02,6.990384459495544434e-01,-7.148882746696472168e-01,-1.102294698357582092e-01,5.242587253451347351e-02,-6.091789528727531433e-02,1.663581281900405884e-01,-9.677334874868392944e-02,-7.425222545862197876e-02,-4.911441355943679810e-02,-4.735840484499931335e-02,-2.159172296524047852e-01,1.039264574646949768e-01,-8.259038627147674561e-02,3.547140210866928101e-02,-5.052953213453292847e-02,2.967732548713684082e-01,3.622455000877380371e-01,-1.501033157110214233e-01,-4.764051735401153564e-01,-9.395768493413925171e-02,2.693885564804077148e-01,-4.228678345680236816e-01,9.179534018039703369e-02,-3.757650554180145264e-01,1.042798832058906555e-01,-1.775081269443035126e-02,-2.500887401401996613e-02
-1.331914544105529785e+00,-2.269329279661178589e-01,1.019307613372802734e+00,-1.291431114077568054e-02,-1.068749185651540756e-02,6.992083787918090820e-01,-7.147213816642761230e-01,-1.102641075849533081e-01,5.250734090805053711e-02,-6.046318635344505310e-02,1.665632873773574829e-01,-9.703941643238067627e-02,-7.420522719621658325e-02,-4.909625276923179626e-02,-4.725391045212745667e-02,-2.155828624963760376e-01,1.034514456987380981e-01,-8.227533102035522461e-02,3.548531606793403625e-02,-5.044440925121307373e-02,2.968258857727050781e-01,3.619578480720520020e-01,-1.497058868408203125e-01,-4.764521121978759766e-01,-9.389092028141021729e-02,2.692921459674835205e-01,-4.230093955993652344e-01,9.170772880315780640e-02,-3.755778372287750244e-01,1.040697023272514343e-01,-1.783511601388454437e-02,-2.496224455535411835e-02
-1.331864714622497559e+00,-2.269935160875320435e-01,1.019307851791381836e+00,-1.289536710828542709e-02,-1.070314552634954453e-02,6.993483901023864746e-01,-7.145845293998718262e-01,-1.103087589144706726e-01,5.253417789936065674e-02,-5.992636829614639282e-02,1.670587807893753052e-01,-9.747564047574996948e-02,-7.413251698017120361e-02,-4.936359077692031860e-02,-4.729895293712615967e-02,-2.152542173862457275e-01,1.041420102119445801e-01,-8.260807394981384277e-02,3.554090112447738647e-02,-5.037259310483932495e-02,2.969052791595458984e-01,3.616731166839599609e-01,-1.493326425552368164e-01,-4.764651060104370117e-01,-9.382291883230209351e-02,2.691671848297119141e-01,-4.231010973453521729e-01,9.148436039686203003e-02,-3.753581941127777100e-01,1.038140133023262024e-01,-1.790906302630901337e-02,-2.499927207827568054e-02
-1.331834435462951660e+00,-2.270165085792541504e-01,1.019307017326354980e+00,-1.288842782378196716e-02,-1.075424253940582275e-02,6.994990706443786621e-01,-7.144362926483154297e-01,-1.104674264788627625e-01,5.255883932113647461e-02,-5.955247208476066589e-02,1.672382056713104248e-01,-9.772268682718276978e-02,-7.408788800239562988e-02,-4.925279691815376282e-02,-4.720812290906906128e-02,-2.150138467550277710e-01,1.036390066146850586e-01,-8.236613124608993530e-02,3.552341833710670471e-02,-5.029825493693351746e-02,2.969543933868408203e-01,3.613623380661010742e-01,-1.489536762237548828e-01,-4.763830900192260742e-01,-9.373068809509277344e-02,2.690502703189849854e-01,-4.232185482978820801e-01,9.130448848009109497e-02,-3.752064108848571777e-01,1.035305932164192200e-01,-1.804660633206367493e-02,-2.494174614548683167e-02
-1.331834077835083008e+00,-2.270154505968093872e-01,1.019306898117065430e+00,-1.286847144365310669e-02,-1.076220069080591202e-02,6.996064782142639160e-01,-7.143314480781555176e-01,-1.105222478508949280e-01,5.263686925172805786e-02,-5.924840271472930908e-02,1.675643175840377808e-01,-9.801960736513137817e-02,-7.403796911239624023e-02,-4.943612590432167053e-02,-4.713500291109085083e-02,-2.147802859544754028e-01,1.038098558783531189e-01,-8.236736059188842773e-02,3.549757227301597595e-02,-5.021453276276588440e-02,2.969841063022613525e-01,3.610394895076751709e-01,-1.485450863838195801e-01,-4.763599932193756104e-01,-9.367589652538299561e-02,2.689290642738342285e-01,-4.233299195766448975e-01,9.112685173749923706e-02,-3.750395774841308594e-01,1.032620593905448914e-01,-1.818581111729145050e-02,-2.496358938515186310e-02
