3.235487461090087891e+00,-1.356937408447265625e+00,1.021852850914001465e+00,-1.180440187454223633e-02,7.025189697742462158e-04,9.998750686645507812e-01,1.048918440937995911e-02,-1.232390403747558594e-01,2.092339470982551575e-02,1.213620081543922424e-01,2.389419078826904297e-01,-1.833600401878356934e-01,3.428276255726814270e-02,-1.493338495492935181e-01,-3.521536663174629211e-02,-1.247103661298751831e-01,2.650947868824005127e-01,-1.811201870441436768e-01,-4.303467576391994953e-04,-7.901724427938461304e-03,1.682875305414199829e-01,2.195275425910949707e-01,-2.517989575862884521e-01,-2.273565679788589478e-01,8.547744899988174438e-02,1.139139682054519653e-01,-2.347922176122665405e-01,1.898765414953231812e-01,-2.033300548791885376e-01,9.456592798233032227e-02,-2.379011595621705055e-03,1.448541227728128433e-02
3.235487222671508789e+00,-1.356907963752746582e+00,1.021863698959350586e+00,-1.183437369763851166e-02,6.874017999507486820e-04,9.998751282691955566e-01,1.044864114373922348e-02,-1.232090517878532410e-01,2.097416482865810394e-02,1.213099882006645203e-01,2.387809902429580688e-01,-1.832468807697296143e-01,3.420896083116531372e-02,-1.493396013975143433e-01,-3.514425083994865417e-02,-1.247804909944534302e-01,2.649531662464141846e-01,-1.810067594051361084e-01,-4.538585490081459284e-04,-7.798586040735244751e-03,1.685437858104705811e-01,2.197017520666122437e-01,-2.512120008468627930e-01,-2.284945845603942871e-01,8.303639292716979980e-02,1.141448542475700378e-01,-2.349238395690917969e-01,1.894919127225875854e-01,-2.043517678976058960e-01,9.624879807233810425e-02,-1.846324536018073559e-03,1.451248116791248322e-02
3.235477447509765625e+00,-1.356867671012878418e+00,1.021872758865356445e+00,-1.189916860312223434e-02,6.931307725608348846e-04,9.998747706413269043e-01,1.041272841393947601e-02,-1.229701265692710876e-01,2.097954601049423218e-02,1.213058158755302429e-01,2.383961230516433716e-01,-1.831581592559814453e-01,3.408535197377204895e-02,-1.492122411727905273e-01,-3.509666770696640015e-02,-1.248601377010345459e-01,2.646712064743041992e-01,-1.809515208005905151e-01,-4.534941399469971657e-04,-7.869493216276168823e-03,1.688562184572219849e-01,2.198279052972793579e-01,-2.506164312362670898e-01,-2.292093038558959961e-01,8.120079338550567627e-02,1.144012063741683960e-01,-2.350548058748245239e-01,1.891319453716278076e-01,-2.050264924764633179e-01,9.742709994316101074e-02,-1.538532786071300507e-03,1.456687599420547485e-02
3.235476493835449219e+00,-1.356827855110168457e+00,1.021883964538574219e+00,-1.188370492309331894e-02,6.965310894884169102e-04,9.998753666877746582e-01,1.036888081580400467e-02,-1.228311359882354736e-01,2.100910246372222900e-02,1.212811917066574097e-01,2.381899654865264893e-01,-1.829896569252014160e-01,3.398066386580467224e-02,-1.492055058479309082e-01,-3.504757955670356750e-02,-1.249165460467338562e-01,2.645983695983886719e-01,-1.808528900146484375e-01,-4.992062458768486977e-04,-7.913550361990928650e-03,1.692153364419937134e-01,2.199243903160095215e-01,-2.500621974468231201e-01,-2.296351492404937744e-01,7.977639883756637573e-02,1.147044748067855835e-01,-2.351885288953781128e-01,1.888445615768432617e-01,-2.055834978818893433e-01,9.824745357036590576e-02,-1.189621398225426674e-03,1.473527774214744568e-02
3.235466241836547852e+00,-1.356788039207458496e+00,1.021894335746765137e+00,-1.189537532627582550e-02,6.860728026367723942e-04,9.998754858970642090e-01,1.034461427479982376e-02,-1.228438690304756165e-01,2.106501162052154541e-02,1.212476789951324463e-01,2.381006926298141479e-01,-1.828822940587997437e-01,3.391780331730842590e-02,-1.491087824106216431e-01,-3.497133031487464905e-02,-1.249620616436004639e-01,2.644352316856384277e-01,-1.808002144098281860e-01,-5.273428978398442268e-04,-7.928679697215557098e-03,1.695669293403625488e-01,2.199750244617462158e-01,-2.494613230228424072e-01,-2.299529016017913818e-01,7.862076908349990845e-02,1.149996817111968994e-01,-2.353268861770629883e-01,1.885281503200531006e-01,-2.059335857629776001e-01,9.888492524623870850e-02,-9.097879519686102867e-04,1.490102708339691162e-02
3.235466003417968750e+00,-1.356737732887268066e+00,1.021904468536376953e+00,-1.191952638328075409e-02,6.874587852507829666e-04,9.998755455017089844e-01,1.031176093965768814e-02,-1.228672415018081665e-01,2.110262215137481689e-02,1.212011575698852539e-01,2.380260378122329712e-01,-1.827957034111022949e-01,3.384963050484657288e-02,-1.490058898925781250e-01,-3.491676226258277893e-02,-1.250388324260711670e-01,2.642461359500885010e-01,-1.807507872581481934e-01,-5.657809088006615639e-04,-7.925605401396751404e-03,1.699119210243225098e-01,2.200081795454025269e-01,-2.489024102687835693e-01,-2.302222698926925659e-01,7.764843851327896118e-02,1.152928546071052551e-01,-2.354820817708969116e-01,1.883242428302764893e-01,-2.063413858413696289e-01,9.932221472263336182e-02,-5.719197215512394905e-04,1.502773445099592209e-02
3.235455989837646484e+00,-1.356697678565979004e+00,1.021914005279541016e+00,-1.195782329887151718e-02,6.860534776933491230e-04,9.998756647109985352e-01,1.025907043367624283e-02,-1.226824894547462463e-01,2.113149873912334442e-02,1.211702153086662292e-01,2.377534955739974976e-01,-1.827554255723953247e-01,3.377068042755126953e-02,-1.489526182413101196e-01,-3.486671671271324158e-02,-1.251650303602218628e-01,2.640764415264129639e-01,-1.806959509849548340e-01,-5.901935510337352753e-04,-7.957926020026206970e-03,1.702464967966079712e-01,2.200427502393722534e-01,-2.483906596899032593e-01,-2.305033951997756958e-01,7.683248817920684814e-02,1.155995056033134460e-01,-2.356414794921875000e-01,1.881081461906433105e-01,-2.068013697862625122e-01,9.960218518972396851e-02,-1.310094230575487018e-04,1.521910820156335831e-02
3.235415220260620117e+00,-1.356607437133789062e+00,1.021925091743469238e+00,-1.197663042694330215e-02,6.986001390032470226e-04,9.998766779899597168e-01,1.013371627777814865e-02,-1.229892000555992126e-01,2.120129764080047607e-02,1.209550127387046814e-01,2.378767430782318115e-01,-1.825590580701828003e-01,3.364157304167747498e-02,-1.487414538860321045e-01,-3.479619696736335754e-02,-1.254058331251144409e-01,2.638225853443145752e-01,-1.806846857070922852e-01,-6.558158784173429012e-04,-7.845171727240085602e-03,1.705695092678070068e-01,2.200905680656433105e-01,-2.479854822158813477e-01,-2.308221310377120972e-01,7.608078420162200928e-02,1.159007102251052856e-01,-2.358197271823883057e-01,1.877917200326919556e-01,-2.071366012096405029e-01,9.977548569440841675e-02,1.723192835925146937e-04,1.523870322853326797e-02
3.235395193099975586e+00,-1.356547236442565918e+00,1.021935343742370605e+00,-1.200847607105970383e-02,6.800731061957776546e-04,9.998774528503417969e-01,1.001893728971481323e-02,-1.231035590171813965e-01,2.128858864307403564e-02,1.207076832652091980e-01,2.379185557365417480e-01,-1.825427711009979248e-01,3.357174992561340332e-02,-1.487349569797515869e-01,-3.469517081975936890e-02,-1.256041973829269409e-01,2.636626064777374268e-01,-1.806009858846664429e-01,-7.158808293752372265e-04,-7.879283279180526733e-03,1.708776354789733887e-01,2.201368063688278198e-01,-2.476033419370651245e-01,-2.311202138662338257e-01,7.542431354522705078e-02,1.161870956420898438e-01,-2.360102534294128418e-01,1.875342577695846558e-01,-2.074439972639083862e-01,9.996271133422851562e-02,3.676449996419250965e-04,1.520653627812862396e-02
3.235384941101074219e+00,-1.356477022171020508e+00,1.021934986114501953e+00,-1.202908717095851898e-02,6.783897406421601772e-04,9.998780488967895508e-01,9.934768080711364746e-03,-1.232395917177200317e-01,2.135814540088176727e-02,1.205226853489875793e-01,2.379688322544097900e-01,-1.824941337108612061e-01,3.349822387099266052e-02,-1.486191898584365845e-01,-3.461772203445434570e-02,-1.257769912481307983e-01,2.634804844856262207e-01,-1.806071251630783081e-01,-8.051077602431178093e-04,-7.920549251139163971e-03,1.711743623018264771e-01,2.201708406209945679e-01,-2.472658008337020874e-01,-2.314150929450988770e-01,7.486514002084732056e-02,1.164463832974433899e-01,-2.361818850040435791e-01,1.873081326484680176e-01,-2.077113837003707886e-01,1.001518219709396362e-01,5.303067737258970737e-04,1.511725876480340958e-02
3.235385417938232422e+00,-1.356427311897277832e+00,1.021943569183349609e+00,-1.207355596125125885e-02,6.453589303418993950e-04,9.998785257339477539e-01,9.835173375904560089e-03,-1.229082196950912476e-01,2.143755927681922913e-02,1.203738600015640259e-01,2.375951111316680908e-01,-1.825310289859771729e-01,3.342029079794883728e-02,-1.485390663146972656e-01,-3.451377898454666138e-02,-1.260432153940200806e-01,2.632896602153778076e-01,-1.805861890316009521e-01,-8.482563425786793232e-04,-7.939951494336128235e-03,1.714421361684799194e-01,2.202116400003433228e-01,-2.469539195299148560e-01,-2.317318171262741089e-01,7.435464113950729370e-02,1.166799813508987427e-01,-2.363478243350982666e-01,1.870528906583786011e-01,-2.080201208591461182e-01,1.003250852227210999e-01,6.652612355537712574e-04,1.504306402057409286e-02
3.235374689102172852e+00,-1.356377363204956055e+00,1.021944284439086914e+00,-1.208068244159221649e-02,6.302183610387146473e-04,9.998790621757507324e-01,9.773009456694126129e-03,-1.227784752845764160e-01,2.150246873497962952e-02,1.202979832887649536e-01,2.373773604631423950e-01,-1.824787408113479614e-01,3.337917476892471313e-02,-1.484145075082778931e-01,-3.444337844848632812e-02,-1.262625753879547119e-01,2.631607949733734131e-01,-1.805794090032577515e-01,-8.689147653058171272e-04,-7.998804561793804169e-03,1.717049479484558105e-01,2.202384024858474731e-01,-2.466826438903808594e-01,-2.320185750722885132e-01,7.393634319305419922e-02,1.169106587767601013e-01,-2.365198284387588501e-01,1.868330985307693481e-01,-2.082886248826980591e-01,1.005740687251091003e-01,7.164438138715922832e-04,1.495018042623996735e-02
3.235314130783081055e+00,-1.356287956237792969e+00,1.021955251693725586e+00,-1.208742242306470871e-02,5.888507585041224957e-04,9.998801350593566895e-01,9.658202528953552246e-03,-1.228435337543487549e-01,2.166806720197200775e-02,1.200817450881004333e-01,2.373471409082412720e-01,-1.824124902486801147e-01,3.328065574169158936e-02,-1.483165919780731201e-01,-3.428492322564125061e-02,-1.265721768140792847e-01,2.630366981029510498e-01,-1.805415153503417969e-01,-9.168360265903174877e-04,-7.918753661215305328e-03,1.719487309455871582e-01,2.202858030796051025e-01,-2.464622408151626587e-01,-2.323186844587326050e-01,7.352409511804580688e-02,1.171748414635658264e-01,-2.366899549961090088e-01,1.867159903049468994e-01,-2.085055112838745117e-01,1.007796153426170349e-01,8.062587585300207138e-04,1.477148197591304779e-02
3.235264062881469727e+00,-1.356217980384826660e+00,1.021964669227600098e+00,-1.212590653449296951e-02,5.465640570037066936e-04,9.998812079429626465e-01,9.499532170593738556e-03,-1.227514669299125671e-01,2.179880812764167786e-02,1.198003739118576050e-01,2.371826320886611938e-01,-1.823912709951400757e-01,3.316678851842880249e-02,-1.482122838497161865e-01,-3.414315730333328247e-02,-1.269374936819076538e-01,2.628234028816223145e-01,-1.804831475019454956e-01,-9.718886576592922211e-04,-7.898713462054729462e-03,1.721672862768173218e-01,2.203447520732879639e-01,-2.462915927171707153e-01,-2.326381802558898926e-01,7.311296463012695312e-02,1.174120008945465088e-01,-2.368261367082595825e-01,1.865830272436141968e-01,-2.087387293577194214e-01,1.009500175714492798e-01,1.007955172099173069e-03,1.459338888525962830e-02
3.235233306884765625e+00,-1.356107831001281738e+00,1.021976351737976074e+00,-1.211661752313375473e-02,5.412520840764045715e-04,9.998822808265686035e-01,9.394688531756401062e-03,-1.231694370508193970e-01,2.191954664885997772e-02,1.194829046726226807e-01,2.374515980482101440e-01,-1.822012960910797119e-01,3.306544199585914612e-02,-1.480308175086975098e-01,-3.402077034115791321e-02,-1.271868795156478882e-01,2.626624107360839844e-01,-1.804674863815307617e-01,-1.066206255927681923e-03,-7.913807407021522522e-03,1.723830997943878174e-01,2.203969508409500122e-01,-2.461688667535781860e-01,-2.329368442296981812e-01,7.275823503732681274e-02,1.176587939262390137e-01,-2.369764298200607300e-01,1.865516602993011475e-01,-2.090538442134857178e-01,1.011419817805290222e-01,1.131798140704631805e-03,1.443102024495601654e-02
3.235213994979858398e+00,-1.356067657470703125e+00,1.021984219551086426e+00,-1.219315733760595322e-02,5.146086914464831352e-04,9.998821020126342773e-01,9.317410178482532501e-03,-1.229055374860763550e-01,2.196181751787662506e-02,1.192764639854431152e-01,2.371084690093994141e-01,-1.822542697191238403e-01,3.299906104803085327e-02,-1.478697508573532104e-01,-3.392750397324562073e-02,-1.273997575044631958e-01,2.623242139816284180e-01,-1.804198622703552246e-01,-1.014784094877541065e-03,-8.081448264420032501e-03,1.725901961326599121e-01,2.204446494579315186e-01,-2.460527122020721436e-01,-2.332465201616287231e-01,7.248042523860931396e-02,1.178749129176139832e-01,-2.371450811624526978e-01,1.865558475255966187e-01,-2.093425840139389038e-01,1.013684794306755066e-01,1.082586823031306267e-03,1.434183120727539062e-02
3.235163450241088867e+00,-1.356008172035217285e+00,1.021985650062561035e+00,-1.217639539390802383e-02,4.955124459229409695e-04,9.998827576637268066e-01,9.273892268538475037e-03,-1.228577047586441040e-01,2.207179740071296692e-02,1.192242503166198730e-01,2.370310276746749878e-01,-1.821559220552444458e-01,3.290063515305519104e-02,-1.478213816881179810e-01,-3.383635357022285461e-02,-1.275725215673446655e-01,2.623333930969238281e-01,-1.804162263870239258e-01,-1.038696733303368092e-03,-8.103759028017520905e-03,1.728214174509048462e-01,2.204907834529876709e-01,-2.459839284420013428e-01,-2.335269004106521606e-01,7.223603129386901855e-02,1.181089878082275391e-01,-2.373106926679611206e-01,1.866440474987030029e-01,-2.096261680126190186e-01,1.015700548887252808e-01,1.033985870890319347e-03,1.433930452913045883e-02
3.235103130340576172e+00,-1.355898976325988770e+00,1.021996140480041504e+00,-1.216360647231340408e-02,4.500137583818286657e-04,9.998837709426879883e-01,9.183820337057113647e-03,-1.228227987885475159e-01,2.228688262403011322e-02,1.191254109144210815e-01,2.370212674140930176e-01,-1.821441799402236938e-01,3.274928405880928040e-02,-1.478192806243896484e-01,-3.365356475114822388e-02,-1.277939379215240479e-01,2.624165117740631104e-01,-1.804655045270919800e-01,-1.140440697781741619e-03,-8.062470704317092896e-03,1.730563193559646606e-01,2.205649018287658691e-01,-2.460127919912338257e-01,-2.338072508573532104e-01,7.199800759553909302e-02,1.183209046721458435e-01,-2.374330312013626099e-01,1.866876929998397827e-01,-2.097725421190261841e-01,1.016744077205657959e-01,9.472336969338357449e-04,1.433147117495536804e-02
3.235083103179931641e+00,-1.355788588523864746e+00,1.021994709968566895e+00,-1.219824608415365219e-02,4.461253993213176727e-04,9.998841881752014160e-01,9.088980965316295624e-03,-1.226191297173500061e-01,2.240360528230667114e-02,1.190444901585578918e-01,2.368016242980957031e-01,-1.821729540824890137e-01,3.258146345615386963e-02,-1.475546211004257202e-01,-3.352737426757812500e-02,-1.280149966478347778e-01,2.621773183345794678e-01,-1.805789023637771606e-01,-1.243264065124094486e-03,-8.119330741465091705e-03,1.732653677463531494e-01,2.205840349197387695e-01,-2.461012005805969238e-01,-2.342143356800079346e-01,7.176338136196136475e-02,1.184821501374244690e-01,-2.375489026308059692e-01,1.867348700761795044e-01,-2.099235057830810547e-01,1.017448380589485168e-01,7.958483183756470680e-04,1.440019439905881882e-02
3.235041856765747070e+00,-1.355718374252319336e+00,1.021996736526489258e+00,-1.216734014451503754e-02,4.384096828289330006e-04,9.998847246170043945e-01,9.074404835700988770e-03,-1.228619441390037537e-01,2.249944023787975311e-02,1.189470961689949036e-01,2.369775325059890747e-01,-1.820741146802902222e-01,3.253575414419174194e-02,-1.473760753870010376e-01,-3.342821449041366577e-02,-1.280768960714340210e-01,2.620597779750823975e-01,-1.805877387523651123e-01,-1.307822763919830322e-03,-8.244483731687068939e-03,1.734657436609268188e-01,2.205716818571090698e-01,-2.461277097463607788e-01,-2.345498800277709961e-01,7.158927619457244873e-02,1.186167076230049133e-01,-2.376762479543685913e-01,1.868095695972442627e-01,-2.101325094699859619e-01,1.018669530749320984e-01,6.572579150088131428e-04,1.448148861527442932e-02
3.235011816024780273e+00,-1.355698466300964355e+00,1.021996855735778809e+00,-1.214501541107892990e-02,4.271001089364290237e-04,9.998849630355834961e-01,9.075968526303768158e-03,-1.228268742561340332e-01,2.252588234841823578e-02,1.187880411744117737e-01,2.369818091392517090e-01,-1.821004599332809448e-01,3.254688158631324768e-02,-1.474368125200271606e-01,-3.340827673673629761e-02,-1.281980425119400024e-01,2.622153759002685547e-01,-1.806010305881500244e-01,-1.296547241508960724e-03,-8.214673958718776703e-03,1.736563593149185181e-01,2.205668240785598755e-01,-2.461756318807601929e-01,-2.347666621208190918e-01,7.144115865230560303e-02,1.187292113900184631e-01,-2.378152310848236084e-01,1.869448870420455933e-01,-2.102161049842834473e-01,1.019856706261634827e-01,5.377170164138078690e-04,1.456642057746648788e-02
3.234912872314453125e+00,-1.355598807334899902e+00,1.022003769874572754e+00,-1.217743754386901855e-02,3.889556683134287596e-04,9.998853802680969238e-01,8.989674039185047150e-03,-1.222608909010887146e-01,2.269053645431995392e-02,1.187677159905433655e-01,2.364794015884399414e-01,-1.821937710046768188e-01,3.236025571823120117e-02,-1.471902281045913696e-01,-3.320831805467605591e-02,-1.283577084541320801e-01,2.620068490505218506e-01,-1.806159168481826782e-01,-1.321500982157886028e-03,-8.246495388448238373e-03,1.738055199384689331e-01,2.205351740121841431e-01,-2.461051940917968750e-01,-2.350261956453323364e-01,7.129207253456115723e-02,1.188168376684188843e-01,-2.379885613918304443e-01,1.870286613702774048e-01,-2.102947235107421875e-01,1.020596027374267578e-01,4.501064249780029058e-04,1.458043418824672699e-02
3.234851598739624023e+00,-1.355498909950256348e+00,1.022015810012817383e+00,-1.212098821997642517e-02,3.640310605987906456e-04,9.998861551284790039e-01,8.981001563370227814e-03,-1.221052706241607666e-01,2.284987084567546844e-02,1.187752485275268555e-01,2.363594174385070801e-01,-1.820822656154632568e-01,3.223168477416038513e-02,-1.470133811235427856e-01,-3.306337445974349976e-02,-1.284752935171127319e-01,2.619989514350891113e-01,-1.805883496999740601e-01,-1.333945896476507187e-03,-8.255949243903160095e-03,1.739522665739059448e-01,2.204722017049789429e-01,-2.459915876388549805e-01,-2.352096140384674072e-01,7.116687297821044922e-02,1.189169436693191528e-01,-2.381621748208999634e-01,1.871121376752853394e-01,-2.103368639945983887e-01,1.021696329116821289e-01,4.444707301445305347e-04,1.461195293813943863e-02
3.234780788421630859e+00,-1.355438947677612305e+00,1.022026419639587402e+00,-1.211572345346212387e-02,3.440376312937587500e-04,9.998864531517028809e-01,8.953778073191642761e-03,-1.219383850693702698e-01,2.295148186385631561e-02,1.187261715531349182e-01,2.362198531627655029e-01,-1.820777952671051025e-01,3.215191140770912170e-02,-1.469000428915023804e-01,-3.295321017503738403e-02,-1.285685300827026367e-01,2.619404494762420654e-01,-1.806033849716186523e-01,-1.358820474706590176e-03,-8.288554847240447998e-03,1.741092652082443237e-01,2.204001992940902710e-01,-2.459401339292526245e-01,-2.353753298521041870e-01,7.099555432796478271e-02,1.190041229128837585e-01,-2.383470982313156128e-01,1.873245388269424438e-01,-2.102767676115036011e-01,1.022652983665466309e-01,4.122078244108706713e-04,1.467001345008611679e-02
3.234710693359375000e+00,-1.355348587036132812e+00,1.022026062011718750e+00,-1.210027839988470078e-02,3.484009648673236370e-04,9.998878240585327148e-01,8.819259703159332275e-03,-1.217562854290008545e-01,2.300436608493328094e-02,1.185077205300331116e-01,2.361011356115341187e-01,-1.820805221796035767e-01,3.203869238495826721e-02,-1.467230618000030518e-01,-3.290310502052307129e-02,-1.288706213235855103e-01,2.618665993213653564e-01,-1.806688904762268066e-01,-1.451068441383540630e-03,-8.203485049307346344e-03,1.741840094327926636e-01,2.203510403633117676e-01,-2.460992485284805298e-01,-2.352095544338226318e-01,7.077487558126449585e-02,1.190921589732170105e-01,-2.385006994009017944e-01,1.874679177999496460e-01,-2.102220505475997925e-01,1.023182123899459839e-01,2.854959457181394100e-04,1.469014771282672882e-02
3.234679460525512695e+00,-1.355288624763488770e+00,1.022038221359252930e+00,-1.208601053804159164e-02,3.425664035603404045e-04,9.998883605003356934e-01,8.777979761362075806e-03,-1.219502091407775879e-01,2.307064458727836609e-02,1.182965263724327087e-01,2.362211644649505615e-01,-1.819736957550048828e-01,3.199374303221702576e-02,-1.467086672782897949e-01,-3.283903375267982483e-02,-1.289843171834945679e-01,2.619232237339019775e-01,-1.806931048631668091e-01,-1.516820979304611683e-03,-8.321336470544338226e-03,1.742228418588638306e-01,2.202874273061752319e-01,-2.460846006870269775e-01,-2.352455705404281616e-01,7.062885910272598267e-02,1.191659718751907349e-01,-2.387109398841857910e-01,1.876961290836334229e-01,-2.102640271186828613e-01,1.023906022310256958e-01,1.786240172805264592e-04,1.476565096527338028e-02
3.234600305557250977e+00,-1.355168938636779785e+00,1.022036433219909668e+00,-1.210326608270406723e-02,3.346642479300498962e-04,9.998890161514282227e-01,8.679366670548915863e-03,-1.216778680682182312e-01,2.317649871110916138e-02,1.181017905473709106e-01,2.360493242740631104e-01,-1.820719689130783081e-01,3.185018524527549744e-02,-1.466185152530670166e-01,-3.272139653563499451e-02,-1.292091459035873413e-01,2.618920505046844482e-01,-1.807818859815597534e-01,-1.615396235138177872e-03,-8.298985660076141357e-03,1.742373555898666382e-01,2.201859354972839355e-01,-2.460013628005981445e-01,-2.354853749275207520e-01,7.046502828598022461e-02,1.192365139722824097e-01,-2.388891130685806274e-01,1.878159195184707642e-01,-2.102828323841094971e-01,1.024165600538253784e-01,2.193429099861532450e-05,1.484938431531190872e-02
3.234529495239257812e+00,-1.355079531669616699e+00,1.022037982940673828e+00,-1.208730135113000870e-02,3.148743999190628529e-04,9.998893737792968750e-01,8.664716966450214386e-03,-1.219885051250457764e-01,2.332803234457969666e-02,1.179574280977249146e-01,2.363068014383316040e-01,-1.819843947887420654e-01,3.176779299974441528e-02,-1.464113891124725342e-01,-3.260026127099990845e-02,-1.294268220663070679e-01,2.618257403373718262e-01,-1.808747500181198120e-01,-1.673791790381073952e-03,-8.274875581264495850e-03,1.742752045392990112e-01,2.200808823108673096e-01,-2.457646727561950684e-01,-2.356046587228775024e-01,7.036014646291732788e-02,1.192814931273460388e-01,-2.390463054180145264e-01,1.879612058401107788e-01,-2.102554142475128174e-01,1.024969443678855896e-01,-1.358143053948879242e-04,1.501168403774499893e-02
3.234430551528930664e+00,-1.354980111122131348e+00,1.022035598754882812e+00,-1.213737484067678452e-02,2.889007737394422293e-04,9.998888969421386719e-01,8.648328483104705811e-03,-1.216089501976966858e-01,2.349114231765270233e-02,1.180143281817436218e-01,2.360769063234329224e-01,-1.821894198656082153e-01,3.159246221184730530e-02,-1.461526453495025635e-01,-3.243888914585113525e-02,-1.296242028474807739e-01,2.615518867969512939e-01,-1.809694021940231323e-01,-1.724328147247433662e-03,-8.326162584125995636e-03,1.742969900369644165e-01,2.200037389993667603e-01,-2.455558776855468750e-01,-2.356549799442291260e-01,7.030063867568969727e-02,1.193504706025123596e-01,-2.391746044158935547e-01,1.881830096244812012e-01,-2.103468626737594604e-01,1.026246845722198486e-01,-3.166483074892312288e-04,1.522476412355899811e-02
3.234378814697265625e+00,-1.354919910430908203e+00,1.022038221359252930e+00,-1.209687534719705582e-02,3.050582017749547958e-04,9.998889565467834473e-01,8.694493211805820465e-03,-1.218238174915313721e-01,2.353438548743724823e-02,1.179611459374427795e-01,2.363254874944686890e-01,-1.821298003196716309e-01,3.157148882746696472e-02,-1.459598988294601440e-01,-3.239551559090614319e-02,-1.296248137950897217e-01,2.614680230617523193e-01,-1.810179054737091064e-01,-1.773106399923563004e-03,-8.366687223315238953e-03,1.743127703666687012e-01,2.199321240186691284e-01,-2.453077435493469238e-01,-2.357373535633087158e-01,7.029484957456588745e-02,1.193829700350761414e-01,-2.392625808715820312e-01,1.883484721183776855e-01,-2.103087455034255981e-01,1.028649955987930298e-01,-5.321432254277169704e-04,1.554450765252113342e-02
3.234308719635009766e+00,-1.354799747467041016e+00,1.022028207778930664e+00,-1.211870554834604263e-02,2.949413901660591364e-04,9.998897314071655273e-01,8.574150502681732178e-03,-1.216974407434463501e-01,2.368342317640781403e-02,1.178086474537849426e-01,2.363045066595077515e-01,-1.822547763586044312e-01,3.140227124094963074e-02,-1.460853517055511475e-01,-3.227417543530464172e-02,-1.298453509807586670e-01,2.616418600082397461e-01,-1.811144798994064331e-01,-1.905631972476840019e-03,-8.354296907782554626e-03,1.742857992649078369e-01,2.198789417743682861e-01,-2.451179623603820801e-01,-2.357246130704879761e-01,7.017435878515243530e-02,1.194276735186576843e-01,-2.393275946378707886e-01,1.884450167417526245e-01,-2.103248089551925659e-01,1.030300408601760864e-01,-6.041676388122141361e-04,1.571151427924633026e-02
3.234198808670043945e+00,-1.354689478874206543e+00,1.022037863731384277e+00,-1.215635985136032104e-02,3.052683605346828699e-04,9.998896121978759766e-01,8.540744893252849579e-03,-1.219012811779975891e-01,2.376758307218551636e-02,1.176358386874198914e-01,2.364494055509567261e-01,-1.822608560323715210e-01,3.130659088492393494e-02,-1.458166390657424927e-01,-3.219814971089363098e-02,-1.300578415393829346e-01,2.615117728710174561e-01,-1.812938600778579712e-01,-1.948235090821981430e-03,-8.369182236492633820e-03,1.742785722017288208e-01,2.198431491851806641e-01,-2.449604421854019165e-01,-2.358081638813018799e-01,7.004874944686889648e-02,1.194793954491615295e-01,-2.393780052661895752e-01,1.884941458702087402e-01,-2.103592902421951294e-01,1.031558439135551453e-01,-5.051908083260059357e-04,1.590267010033130646e-02
3.234128952026367188e+00,-1.354530334472656250e+00,1.022027969360351562e+00,-1.208575535565614700e-02,2.817972854245454073e-04,9.998909831047058105e-01,8.474939502775669098e-03,-1.217561513185501099e-01,2.401774749159812927e-02,1.175647974014282227e-01,2.366459518671035767e-01,-1.823973804712295532e-01,3.107459843158721924e-02,-1.457742899656295776e-01,-3.199055045843124390e-02,-1.302078217267990112e-01,2.616668641567230225e-01,-1.813805699348449707e-01,-2.159395720809698105e-03,-8.574103936553001404e-03,1.742771416902542114e-01,2.197966873645782471e-01,-2.447978407144546509e-01,-2.357982248067855835e-01,7.000252604484558105e-02,1.195400506258010864e-01,-2.394200861454010010e-01,1.886384636163711548e-01,-2.102732658386230469e-01,1.032337471842765808e-01,-2.755264285951852798e-04,1.610946469008922577e-02
3.234068870544433594e+00,-1.354410290718078613e+00,1.022026777267456055e+00,-1.211347710341215134e-02,2.495131047908216715e-04,9.998913407325744629e-01,8.398586884140968323e-03,-1.214486435055732727e-01,2.420853637158870697e-02,1.174905970692634583e-01,2.364307641983032227e-01,-1.824924200773239136e-01,3.086650557816028595e-02,-1.455736607313156128e-01,-3.178011253476142883e-02,-1.303637772798538208e-01,2.614990174770355225e-01,-1.814760267734527588e-01,-2.266533672809600830e-03,-8.664838038384914398e-03,1.742414236068725586e-01,2.197521477937698364e-01,-2.445971071720123291e-01,-2.358626127243041992e-01,6.998690217733383179e-02,1.195814684033393860e-01,-2.394377589225769043e-01,1.887226402759552002e-01,-2.102161645889282227e-01,1.032380834221839905e-01,-2.543864829931408167e-04,1.593865454196929932e-02
3.234017610549926758e+00,-1.354340076446533203e+00,1.022027969360351562e+00,-1.214342191815376282e-02,2.259826142108067870e-04,9.998914599418640137e-01,8.341518230736255646e-03,-1.214625909924507141e-01,2.431963756680488586e-02,1.173017397522926331e-01,2.364293038845062256e-01,-1.825262010097503662e-01,3.078412264585494995e-02,-1.453253626823425293e-01,-3.162920102477073669e-02,-1.304857581853866577e-01,2.611949741840362549e-01,-1.815281957387924194e-01,-2.350788330659270287e-03,-8.660905063152313232e-03,1.742034107446670532e-01,2.197420299053192139e-01,-2.445125281810760498e-01,-2.358941137790679932e-01,6.993791460990905762e-02,1.196274608373641968e-01,-2.394561171531677246e-01,1.887910813093185425e-01,-2.102637588977813721e-01,1.032311022281646729e-01,-2.587403287179768085e-04,1.592974178493022919e-02
3.233897209167480469e+00,-1.354269862174987793e+00,1.022028684616088867e+00,-1.209625508636236191e-02,2.471143961884081364e-04,9.998918771743774414e-01,8.356849662959575653e-03,-1.213916912674903870e-01,2.433019503951072693e-02,1.171658560633659363e-01,2.364570349454879761e-01,-1.824738234281539917e-01,3.069143183529376984e-02,-1.452105343341827393e-01,-3.161457926034927368e-02,-1.305361837148666382e-01,2.612778544425964355e-01,-1.816368997097015381e-01,-2.398042241111397743e-03,-8.719218894839286804e-03,1.741515696048736572e-01,2.196880728006362915e-01,-2.444104999303817749e-01,-2.358639836311340332e-01,6.987426429986953735e-02,1.196744218468666077e-01,-2.394927293062210083e-01,1.888905465602874756e-01,-2.103593647480010986e-01,1.032750979065895081e-01,-1.937434426508843899e-04,1.599877327680587769e-02
3.233777523040771484e+00,-1.354140877723693848e+00,1.022028088569641113e+00,-1.214827690273523331e-02,2.300967025803402066e-04,9.998919963836669922e-01,8.271291851997375488e-03,-1.211963295936584473e-01,2.449501492083072662e-02,1.170589923858642578e-01,2.363414168357849121e-01,-1.825793534517288208e-01,3.045990131795406342e-02,-1.450889855623245239e-01,-3.146147727966308594e-02,-1.307662725448608398e-01,2.612354159355163574e-01,-1.818093061447143555e-01,-2.487171208485960960e-03,-8.787971921265125275e-03,1.740794777870178223e-01,2.197015285491943359e-01,-2.443665713071823120e-01,-2.358583062887191772e-01,6.972376257181167603e-02,1.197208315134048462e-01,-2.395216226577758789e-01,1.890276670455932617e-01,-2.104438096284866333e-01,1.033104807138442993e-01,-1.246694737346842885e-04,1.591208949685096741e-02
3.233756065368652344e+00,-1.354060530662536621e+00,1.022030234336853027e+00,-1.217964384704828262e-02,2.366357221035286784e-04,9.998922348022460938e-01,8.195840753614902496e-03,-1.213051676750183105e-01,2.449929341673851013e-02,1.165942028164863586e-01,2.363056242465972900e-01,-1.825187206268310547e-01,3.044026717543601990e-02,-1.451748460531234741e-01,-3.141994029283523560e-02,-1.309480220079421997e-01,2.613716721534729004e-01,-1.819063276052474976e-01,-2.526263939216732979e-03,-8.818906731903553009e-03,1.739849001169204712e-01,2.197081297636032104e-01,-2.442933022975921631e-01,-2.359716147184371948e-01,6.956160068511962891e-02,1.197457611560821533e-01,-2.395378947257995605e-01,1.890640705823898315e-01,-2.105441242456436157e-01,1.033168137073516846e-01,-8.594440259912516922e-06,1.584754511713981628e-02
3.233626365661621094e+00,-1.353980779647827148e+00,1.022030115127563477e+00,-1.219600066542625427e-02,2.642694162204861641e-04,9.998922348022460938e-01,8.165870793163776398e-03,-1.213902309536933899e-01,2.451340854167938232e-02,1.164533346891403198e-01,2.364171743392944336e-01,-1.825292408466339111e-01,3.034287504851818085e-02,-1.452594101428985596e-01,-3.141904622316360474e-02,-1.309927850961685181e-01,2.615794837474822998e-01,-1.820842474699020386e-01,-2.579904394224286079e-03,-8.971511386334896088e-03,1.739321649074554443e-01,2.197011262178421021e-01,-2.442742139101028442e-01,-2.361377775669097900e-01,6.945705413818359375e-02,1.197759062051773071e-01,-2.395762056112289429e-01,1.891675144433975220e-01,-2.106752246618270874e-01,1.033174246549606323e-01,6.206861144164577127e-05,1.601352728903293610e-02
3.233487606048583984e+00,-1.353921890258789062e+00,1.022017598152160645e+00,-1.226378418505191803e-02,2.524365845602005720e-04,9.998916983604431152e-01,8.133038878440856934e-03,-1.209817007184028625e-01,2.455414831638336182e-02,1.163193956017494202e-01,2.361153513193130493e-01,-1.827717125415802002e-01,3.028069995343685150e-02,-1.451260596513748169e-01,-3.138311952352523804e-02,-1.313049942255020142e-01,2.615863084793090820e-01,-1.823467612266540527e-01,-2.567635150626301765e-03,-8.961804211139678955e-03,1.738653928041458130e-01,2.196921110153198242e-01,-2.443151623010635376e-01,-2.362896800041198730e-01,6.932737678289413452e-02,1.198118105530738831e-01,-2.396303117275238037e-01,1.893351823091506958e-01,-2.108444422483444214e-01,1.032605171203613281e-01,1.429665862815454602e-04,1.601617969572544098e-02
3.233396291732788086e+00,-1.353791356086730957e+00,1.022018790245056152e+00,-1.229853369295597076e-02,2.887431473936885595e-04,9.998922348022460938e-01,8.008853532373905182e-03,-1.210708767175674438e-01,2.458663657307624817e-02,1.160679832100868225e-01,2.360344529151916504e-01,-1.826590150594711304e-01,3.014139831066131592e-02,-1.448742896318435669e-01,-3.132355585694313049e-02,-1.315100342035293579e-01,2.614246904850006104e-01,-1.825252026319503784e-01,-2.691498957574367523e-03,-9.066074155271053314e-03,1.737803518772125244e-01,2.196809053421020508e-01,-2.443839311599731445e-01,-2.363975197076797485e-01,6.914832442998886108e-02,1.198535561561584473e-01,-2.396987527608871460e-01,1.894960850477218628e-01,-2.109591811895370483e-01,1.031986474990844727e-01,7.239190745167434216e-05,1.591577380895614624e-02
3.233236312866210938e+00,-1.353672027587890625e+00,1.022019267082214355e+00,-1.232253480702638626e-02,2.886068541556596756e-04,9.998921155929565430e-01,7.991963997483253479e-03,-1.210542768239974976e-01,2.471457608044147491e-02,1.159853711724281311e-01,2.360940724611282349e-01,-1.827533990144729614e-01,3.000013530254364014e-02,-1.447557955980300903e-01,-3.118189796805381775e-02,-1.315328478813171387e-01,2.614122331142425537e-01,-1.826978921890258789e-01,-2.804675605148077011e-03,-9.169908240437507629e-03,1.737307459115982056e-01,2.196522355079650879e-01,-2.444415837526321411e-01,-2.363151460886001587e-01,6.898667663335800171e-02,1.199245452880859375e-01,-2.397492825984954834e-01,1.897143572568893433e-01,-2.110648900270462036e-01,1.031923890113830566e-01,2.190488157793879509e-04,1.586639694869518280e-02
3.233126163482666016e+00,-1.353602051734924316e+00,1.022010087966918945e+00,-1.231208909302949905e-02,2.879174426198005676e-04,9.998924732208251953e-01,7.957009598612785339e-03,-1.211507841944694519e-01,2.480570226907730103e-02,1.158807501196861267e-01,2.363459020853042603e-01,-1.828739047050476074e-01,2.991571091115474701e-02,-1.447266340255737305e-01,-3.116281330585479736e-02,-1.317940205335617065e-01,2.616523802280426025e-01,-1.829112470149993896e-01,-2.805951284244656563e-03,-9.083445183932781219e-03,1.736996322870254517e-01,2.196386307477951050e-01,-2.445588111877441406e-01,-2.362743318080902100e-01,6.881665438413619995e-02,1.200555860996246338e-01,-2.398129701614379883e-01,1.899235099554061890e-01,-2.110867798328399658e-01,1.031774654984474182e-01,3.653116291388869286e-04,1.566885225474834442e-02
3.233045816421508789e+00,-1.353512406349182129e+00,1.022000074386596680e+00,-1.233547832816839218e-02,2.946603635791689157e-04,9.998926520347595215e-01,7.899145595729351044e-03,-1.210904344916343689e-01,2.487864159047603607e-02,1.157186552882194519e-01,2.363606393337249756e-01,-1.829832196235656738e-01,2.978889271616935730e-02,-1.447531282901763916e-01,-3.110755607485771179e-02,-1.319043338298797607e-01,2.618892788887023926e-01,-1.831617653369903564e-01,-2.845837036147713661e-03,-9.151876904070377350e-03,1.736921817064285278e-01,2.196337580680847168e-01,-2.446904182434082031e-01,-2.361949831247329712e-01,6.868406385183334351e-02,1.201849803328514099e-01,-2.399030178785324097e-01,1.901586651802062988e-01,-2.111132889986038208e-01,1.031339615583419800e-01,3.644084208644926548e-04,1.560550089925527573e-02
3.232935905456542969e+00,-1.353413224220275879e+00,1.021999597549438477e+00,-1.237833593040704727e-02,2.662840706761926413e-04,9.998922348022460938e-01,7.886060513556003571e-03,-1.207882985472679138e-01,2.505162358283996582e-02,1.157656386494636536e-01,2.361989915370941162e-01,-1.831587105989456177e-01,2.961089089512825012e-02,-1.449139416217803955e-01,-3.094201721251010895e-02,-1.318773180246353149e-01,2.621221542358398438e-01,-1.833278685808181763e-01,-2.939951838925480843e-03,-9.155767038464546204e-03,1.736485958099365234e-01,2.196223735809326172e-01,-2.446957379579544067e-01,-2.360938489437103271e-01,6.856223195791244507e-02,1.202682852745056152e-01,-2.399154901504516602e-01,1.902688741683959961e-01,-2.111163884401321411e-01,1.031230315566062927e-01,4.693798255175352097e-04,1.571686379611492157e-02
3.232775688171386719e+00,-1.353292942047119141e+00,1.021990299224853516e+00,-1.247205957770347595e-02,2.737945178523659706e-04,9.998913407325744629e-01,7.850539870560169220e-03,-1.206779405474662781e-01,2.514001540839672089e-02,1.156670004129409790e-01,2.359578907489776611e-01,-1.832153797149658203e-01,2.946954593062400818e-02,-1.450956165790557861e-01,-3.084120340645313263e-02,-1.318605691194534302e-01,2.624589502811431885e-01,-1.836380511522293091e-01,-2.946005435660481453e-03,-9.247068315744400024e-03,1.736062914133071899e-01,2.196214795112609863e-01,-2.448286265134811401e-01,-2.361560910940170288e-01,6.853032857179641724e-02,1.203978955745697021e-01,-2.399798929691314697e-01,1.904387623071670532e-01,-2.112350463867187500e-01,1.030985936522483826e-01,5.367927369661629200e-04,1.581177487969398499e-02
3.232585906982421875e+00,-1.353183269500732422e+00,1.021999359130859375e+00,-1.258588582277297974e-02,2.595335245132446289e-04,9.998899698257446289e-01,7.843377999961376190e-03,-1.208644285798072815e-01,2.529528364539146423e-02,1.155856996774673462e-01,2.359803169965744019e-01,-1.832585632801055908e-01,2.931937761604785919e-02,-1.449485123157501221e-01,-3.067483007907867432e-02,-1.319672316312789917e-01,2.622125148773193359e-01,-1.837266981601715088e-01,-2.954951720312237740e-03,-9.198606014251708984e-03,1.735880821943283081e-01,2.196648120880126953e-01,-2.449160963296890259e-01,-2.361611425876617432e-01,6.846257299184799194e-02,1.205508336424827576e-01,-2.400047034025192261e-01,1.906510740518569946e-01,-2.113602608442306519e-01,1.030633077025413513e-01,6.410411442629992962e-04,1.582754962146282196e-02
3.232415914535522461e+00,-1.353083252906799316e+00,1.021999239921569824e+00,-1.263226196169853210e-02,2.608165086712688208e-04,9.998896121978759766e-01,7.820745930075645447e-03,-1.208630725741386414e-01,2.538296766579151154e-02,1.154094859957695007e-01,2.360023260116577148e-01,-1.833529174327850342e-01,2.921086736023426056e-02,-1.448044627904891968e-01,-3.055966645479202271e-02,-1.320156604051589966e-01,2.621772885322570801e-01,-1.839135140180587769e-01,-3.003609599545598030e-03,-9.162594564259052277e-03,1.735731363296508789e-01,2.197152525186538696e-01,-2.449671626091003418e-01,-2.362022548913955688e-01,6.833410263061523438e-02,1.207025051116943359e-01,-2.399949133396148682e-01,1.908366978168487549e-01,-2.114646136760711670e-01,1.030425205826759338e-01,8.298049215227365494e-04,1.554617658257484436e-02
3.232286453247070312e+00,-1.353023529052734375e+00,1.021988630294799805e+00,-1.265708729624748230e-02,2.575571415945887566e-04,9.998891353607177734e-01,7.838860154151916504e-03,-1.204329952597618103e-01,2.543533965945243835e-02,1.154292225837707520e-01,2.357462644577026367e-01,-1.835644990205764771e-01,2.914134226739406586e-02,-1.448509991168975830e-01,-3.050860948860645294e-02,-1.320524066686630249e-01,2.624022662639617920e-01,-1.841528564691543579e-01,-3.045876277610659599e-03,-9.252823889255523682e-03,1.736128926277160645e-01,2.197656780481338501e-01,-2.450775355100631714e-01,-2.361351698637008667e-01,6.827292591333389282e-02,1.208172291517257690e-01,-2.399684637784957886e-01,1.909873932600021362e-01,-2.111985534429550171e-01,1.030548438429832458e-01,8.868778240866959095e-04,1.552725862711668015e-02
3.232016086578369141e+00,-1.352914571762084961e+00,1.021988987922668457e+00,-1.277972292155027390e-02,2.273805439472198486e-04,9.998880624771118164e-01,7.777425926178693771e-03,-1.206131801009178162e-01,2.563023008406162262e-02,1.153719797730445862e-01,2.359161376953125000e-01,-1.837779730558395386e-01,2.896997332572937012e-02,-1.446433961391448975e-01,-3.035466559231281281e-02,-1.323484480381011963e-01,2.621778845787048340e-01,-1.843390315771102905e-01,-3.019610652700066566e-03,-9.225592948496341705e-03,1.736054569482803345e-01,2.198116630315780640e-01,-2.450638562440872192e-01,-2.364471405744552612e-01,6.818252056837081909e-02,1.209002360701560974e-01,-2.399251163005828857e-01,1.910636276006698608e-01,-2.111229598522186279e-01,1.029438078403472900e-01,1.038262271322309971e-03,1.542380265891551971e-02
3.231865882873535156e+00,-1.352844238281250000e+00,1.021978974342346191e+00,-1.284723635762929916e-02,2.227270306320860982e-04,9.998871088027954102e-01,7.785945665091276169e-03,-1.202989816665649414e-01,2.568428963422775269e-02,1.152846962213516235e-01,2.356368601322174072e-01,-1.839351505041122437e-01,2.886480093002319336e-02,-1.447322964668273926e-01,-3.025792911648750305e-02,-1.322893351316452026e-01,2.623060047626495361e-01,-1.845185309648513794e-01,-3.060935996472835541e-03,-9.242152795195579529e-03,1.736570447683334351e-01,2.198558002710342407e-01,-2.452265769243240356e-01,-2.363348901271820068e-01,6.810504943132400513e-02,1.209735497832298279e-01,-2.398776859045028687e-01,1.911449134349822998e-01,-2.110300213098526001e-01,1.027999669313430786e-01,1.108640455640852451e-03,1.526039745658636093e-02
3.231665611267089844e+00,-1.352704644203186035e+00,1.021979928016662598e+00,-1.301310863345861435e-02,1.921988441608846188e-04,9.998859763145446777e-01,7.660792209208011627e-03,-1.205001547932624817e-01,2.586469613015651703e-02,1.149520874023437500e-01,2.356002181768417358e-01,-1.840282827615737915e-01,2.870467863976955414e-02,-1.447643488645553589e-01,-3.001136519014835358e-02,-1.323387175798416138e-01,2.622201144695281982e-01,-1.847149580717086792e-01,-3.152481047436594963e-03,-9.231207892298698425e-03,1.736335605382919312e-01,2.199165672063827515e-01,-2.454084008932113647e-01,-2.362491339445114136e-01,6.797837466001510620e-02,1.210509166121482849e-01,-2.398111075162887573e-01,1.911733001470565796e-01,-2.109215855598449707e-01,1.025034934282302856e-01,1.107495976611971855e-03,1.523561775684356689e-02
3.231416463851928711e+00,-1.352614521980285645e+00,1.021978974342346191e+00,-1.315167453140020370e-02,1.814073766581714153e-04,9.998844861984252930e-01,7.613972295075654984e-03,-1.205326765775680542e-01,2.593711391091346741e-02,1.146273091435432434e-01,2.355629354715347290e-01,-1.842312663793563843e-01,2.862430736422538757e-02,-1.447193026542663574e-01,-2.987677790224552155e-02,-1.324028968811035156e-01,2.621580958366394043e-01,-1.849880814552307129e-01,-3.215739270672202110e-03,-9.140862151980400085e-03,1.736032366752624512e-01,2.199861407279968262e-01,-2.456348836421966553e-01,-2.363687306642532349e-01,6.786743551492691040e-02,1.211289241909980774e-01,-2.397578060626983643e-01,1.912033259868621826e-01,-2.108445167541503906e-01,1.021591275930404663e-01,9.758407832123339176e-04,1.515996456146240234e-02
3.231226205825805664e+00,-1.352414250373840332e+00,1.021959304809570312e+00,-1.330679003149271011e-02,1.763008185662329197e-04,9.998841881752014160e-01,7.378967478871345520e-03,-1.210563927888870239e-01,2.612686902284622192e-02,1.139800399541854858e-01,2.358741760253906250e-01,-1.843529492616653442e-01,2.842536196112632751e-02,-1.444342732429504395e-01,-2.965006418526172638e-02,-1.327428966760635376e-01,2.618847787380218506e-01,-1.853650659322738647e-01,-3.371897852048277855e-03,-9.108191356062889099e-03,1.735424250364303589e-01,2.200304865837097168e-01,-2.459267675876617432e-01,-2.363591939210891724e-01,6.767519563436508179e-02,1.212173774838447571e-01,-2.396670132875442505e-01,1.911439299583435059e-01,-2.105521261692047119e-01,1.017663553357124329e-01,8.785153040662407875e-04,1.483055856078863144e-02
3.231106519699096680e+00,-1.352354526519775391e+00,1.021940469741821289e+00,-1.344053540378808975e-02,1.119455191656015813e-04,9.998836517333984375e-01,7.209260948002338409e-03,-1.213201060891151428e-01,2.624895423650741577e-02,1.132426559925079346e-01,2.361725866794586182e-01,-1.846915632486343384e-01,2.841896936297416687e-02,-1.446902155876159668e-01,-2.951427549123764038e-02,-1.331334412097930908e-01,2.621122002601623535e-01,-1.855900734663009644e-01,-3.393335733562707901e-03,-9.073419496417045593e-03,1.734471917152404785e-01,2.200697660446166992e-01,-2.461020797491073608e-01,-2.364820837974548340e-01,6.740484386682510376e-02,1.213741749525070190e-01,-2.395708858966827393e-01,1.910883188247680664e-01,-2.103630006313323975e-01,1.013273149728775024e-01,6.944608758203685284e-04,1.436758041381835938e-02
3.230757951736450195e+00,-1.352134227752685547e+00,1.021938562393188477e+00,-1.357457134872674942e-02,1.098919383366592228e-04,9.998843669891357422e-01,6.856821943074464798e-03,-1.215730160474777222e-01,2.650594897568225861e-02,1.128214225172996521e-01,2.365520894527435303e-01,-1.849951744079589844e-01,2.803678251802921295e-02,-1.446332931518554688e-01,-2.933748997747898102e-02,-1.336833834648132324e-01,2.622665464878082275e-01,-1.860758662223815918e-01,-3.582662204280495644e-03,-9.505090303719043732e-03,1.733421683311462402e-01,2.201446294784545898e-01,-2.465047985315322876e-01,-2.363921552896499634e-01,6.721214950084686279e-02,1.216048672795295715e-01,-2.395207136869430542e-01,1.910786926746368408e-01,-2.101508378982543945e-01,1.008809357881546021e-01,4.500634386204183102e-04,1.414094399660825729e-02
3.230508565902709961e+00,-1.351994514465332031e+00,1.021926641464233398e+00,-1.370509993284940720e-02,8.525706653017550707e-05,9.998834729194641113e-01,6.726413965225219727e-03,-1.214837729930877686e-01,2.670882083475589752e-02,1.126144230365753174e-01,2.365943640470504761e-01,-1.852922886610031128e-01,2.774699963629245758e-02,-1.444583237171173096e-01,-2.916204370558261871e-02,-1.340617388486862183e-01,2.620988190174102783e-01,-1.863539814949035645e-01,-3.676761873066425323e-03,-9.743245318531990051e-03,1.732614338397979736e-01,2.202167212963104248e-01,-2.468167692422866821e-01,-2.363933324813842773e-01,6.710930168628692627e-02,1.217907369136810303e-01,-2.394066154956817627e-01,1.909542828798294067e-01,-2.100430279970169067e-01,1.005316376686096191e-01,2.537676191423088312e-04,1.389306038618087769e-02
3.230218410491943359e+00,-1.351913690567016602e+00,1.021935939788818359e+00,-1.385558582842350006e-02,1.011582862702198327e-04,9.998813867568969727e-01,6.727752741426229477e-03,-1.211200803518295288e-01,2.669891715049743652e-02,1.124737039208412170e-01,2.360349148511886597e-01,-1.853770017623901367e-01,2.762761339545249939e-02,-1.443228572607040405e-01,-2.907449752092361450e-02,-1.340450942516326904e-01,2.619109153747558594e-01,-1.865795254707336426e-01,-3.697559935972094536e-03,-9.923698380589485168e-03,1.731857806444168091e-01,2.202403396368026733e-01,-2.469689846038818359e-01,-2.364169210195541382e-01,6.705918908119201660e-02,1.219424977898597717e-01,-2.393074035644531250e-01,1.909011751413345337e-01,-2.099721431732177734e-01,1.002948507666587830e-01,1.013277651509270072e-04,1.370839681476354599e-02
3.229927778244018555e+00,-1.351863741874694824e+00,1.021918654441833496e+00,-1.389924809336662292e-02,1.476093893870711327e-04,9.998799562454223633e-01,6.843986455351114273e-03,-1.210987046360969543e-01,2.662912197411060333e-02,1.124654039740562439e-01,2.361602932214736938e-01,-1.855253875255584717e-01,2.756780013442039490e-02,-1.443891972303390503e-01,-2.918444201350212097e-02,-1.340461075305938721e-01,2.623718976974487305e-01,-1.870105862617492676e-01,-3.610963467508554459e-03,-9.841664694249629974e-03,1.731285601854324341e-01,2.202039659023284912e-01,-2.470256090164184570e-01,-2.363731116056442261e-01,6.704971194267272949e-02,1.221075803041458130e-01,-2.392456978559494019e-01,1.908659487962722778e-01,-2.098271846771240234e-01,1.001561060547828674e-01,-5.511359631782397628e-06,1.386993937194347382e-02
3.229578733444213867e+00,-1.351733565330505371e+00,1.021925926208496094e+00,-1.409703772515058517e-02,2.203079639002680779e-04,9.998772144317626953e-01,6.842418573796749115e-03,-1.208352595567703247e-01,2.661896869540214539e-02,1.126713231205940247e-01,2.356940507888793945e-01,-1.856402456760406494e-01,2.733109518885612488e-02,-1.442756950855255127e-01,-2.917166426777839661e-02,-1.340319216251373291e-01,2.622534334659576416e-01,-1.873731613159179688e-01,-3.627484664320945740e-03,-9.958767332136631012e-03,1.731033474206924438e-01,2.201540321111679077e-01,-2.471737414598464966e-01,-2.364683598279953003e-01,6.713929772377014160e-02,1.222007274627685547e-01,-2.391740977764129639e-01,1.908780932426452637e-01,-2.095904797315597534e-01,1.000768244266510010e-01,-3.222578015993349254e-05,1.362412516027688980e-02
3.229298353195190430e+00,-1.351614475250244141e+00,1.021907091140747070e+00,-1.419528480619192123e-02,2.464594435878098011e-04,9.998756051063537598e-01,6.871652323752641678e-03,-1.204689964652061462e-01,2.666512504220008850e-02,1.127581521868705750e-01,2.353418469429016113e-01,-1.858231276273727417e-01,2.719865739345550537e-02,-1.443409770727157593e-01,-2.912989072501659393e-02,-1.339884251356124878e-01,2.626375257968902588e-01,-1.878877729177474976e-01,-3.653840627521276474e-03,-9.996048174798488617e-03,1.730963587760925293e-01,2.201149910688400269e-01,-2.473217546939849854e-01,-2.365000993013381958e-01,6.725367158651351929e-02,1.223565414547920227e-01,-2.391256690025329590e-01,1.908590346574783325e-01,-2.095172703266143799e-01,1.000663563609123230e-01,-2.048991882475093007e-04,1.363855041563510895e-02
3.228997945785522461e+00,-1.351474642753601074e+00,1.021907210350036621e+00,-1.433944888412952423e-02,2.347640111111104488e-04,9.998735189437866211e-01,6.875183433294296265e-03,-1.204774528741836548e-01,2.687854506075382233e-02,1.128430292010307312e-01,2.353723943233489990e-01,-1.860781013965606689e-01,2.696388773620128632e-02,-1.442039161920547485e-01,-2.890692651271820068e-02,-1.339641213417053223e-01,2.624931335449218750e-01,-1.881582438945770264e-01,-3.729319432750344276e-03,-1.002696529030799866e-02,1.731019020080566406e-01,2.201004475355148315e-01,-2.474076747894287109e-01,-2.365830838680267334e-01,6.735771149396896362e-02,1.225057542324066162e-01,-2.390532642602920532e-01,1.908309757709503174e-01,-2.093590646982192993e-01,1.000762581825256348e-01,-3.271774621680378914e-04,1.339896768331527710e-02
3.228728055953979492e+00,-1.351354241371154785e+00,1.021887183189392090e+00,-1.445119827985763550e-02,2.368406130699440837e-04,9.998719692230224609e-01,6.864916533231735229e-03,-1.202334985136985779e-01,2.701219730079174042e-02,1.129119545221328735e-01,2.352319359779357910e-01,-1.863581687211990356e-01,2.677858807146549225e-02,-1.442693918943405151e-01,-2.876638993620872498e-02,-1.338875293731689453e-01,2.626517713069915771e-01,-1.884680390357971191e-01,-3.827412845566868782e-03,-9.958432987332344055e-03,1.731269359588623047e-01,2.200997322797775269e-01,-2.475626319646835327e-01,-2.365152090787887573e-01,6.743689626455307007e-02,1.226669698953628540e-01,-2.389808297157287598e-01,1.908384710550308228e-01,-2.091979235410690308e-01,1.000642105937004089e-01,-5.181630258448421955e-04,1.338694058358669281e-02
3.228497266769409180e+00,-1.351224660873413086e+00,1.021878957748413086e+00,-1.455958466976881027e-02,2.076603414025157690e-04,9.998704195022583008e-01,6.862388458102941513e-03,-1.205609440803527832e-01,2.720463834702968597e-02,1.126617416739463806e-01,2.355467230081558228e-01,-1.865462511777877808e-01,2.664896659553050995e-02,-1.442983448505401611e-01,-2.854551188647747040e-02,-1.337892562150955200e-01,2.627932429313659668e-01,-1.887810379266738892e-01,-3.925554919987916946e-03,-9.985777549445629120e-03,1.730965524911880493e-01,2.200853526592254639e-01,-2.476863265037536621e-01,-2.364438772201538086e-01,6.751832365989685059e-02,1.229122504591941833e-01,-2.389436960220336914e-01,1.909674108028411865e-01,-2.091462612152099609e-01,1.000128686428070068e-01,-8.078932296484708786e-04,1.343964040279388428e-02
3.228277921676635742e+00,-1.351143240928649902e+00,1.021867752075195312e+00,-1.468113251030445099e-02,2.935229858849197626e-04,9.998683333396911621e-01,6.904156412929296494e-03,-1.207083016633987427e-01,2.710605226457118988e-02,1.125676482915878296e-01,2.358395010232925415e-01,-1.868195682764053345e-01,2.650109119713306427e-02,-1.442116945981979370e-01,-2.862142957746982574e-02,-1.336494684219360352e-01,2.628113627433776855e-01,-1.891735941171646118e-01,-3.985735587775707245e-03,-1.007983926683664322e-02,1.730804294347763062e-01,2.200007140636444092e-01,-2.477166205644607544e-01,-2.364863008260726929e-01,6.765071302652359009e-02,1.231002807617187500e-01,-2.389086335897445679e-01,1.909894049167633057e-01,-2.090008407831192017e-01,9.999913722276687622e-02,-9.704540716484189034e-04,1.351625006645917892e-02
3.227938175201416016e+00,-1.350994944572448730e+00,1.021866559982299805e+00,-1.488412264734506607e-02,2.904654247686266899e-04,9.998657703399658203e-01,6.846256088465452194e-03,-1.204474121332168579e-01,2.723479084670543671e-02,1.124586090445518494e-01,2.354438751935958862e-01,-1.870250701904296875e-01,2.626956067979335785e-02,-1.443060189485549927e-01,-2.844475954771041870e-02,-1.336707919836044312e-01,2.629100382328033447e-01,-1.895418912172317505e-01,-4.060330335050821304e-03,-1.025839056819677353e-02,1.730202585458755493e-01,2.199797481298446655e-01,-2.477811574935913086e-01,-2.364949434995651245e-01,6.783916056156158447e-02,1.233140304684638977e-01,-2.388835847377777100e-01,1.910748034715652466e-01,-2.089981585741043091e-01,9.996138513088226318e-02,-1.102159498259425163e-03,1.352115534245967865e-02
3.227578639984130859e+00,-1.350874662399291992e+00,1.021846771240234375e+00,-1.507498603314161301e-02,3.382060094736516476e-04,9.998623132705688477e-01,6.928127259016036987e-03,-1.203765198588371277e-01,2.724803425371646881e-02,1.125256195664405823e-01,2.353547066450119019e-01,-1.873210966587066650e-01,2.613871730864048004e-02,-1.443101316690444946e-01,-2.842162735760211945e-02,-1.336067914962768555e-01,2.631083130836486816e-01,-1.900601238012313843e-01,-4.034930840134620667e-03,-1.011063717305660248e-02,1.729552000761032104e-01,2.199541628360748291e-01,-2.478492110967636108e-01,-2.364742904901504517e-01,6.808445602655410767e-02,1.235238239169120789e-01,-2.388744354248046875e-01,1.911422759294509888e-01,-2.089376896619796753e-01,9.996290504932403564e-02,-1.190800801850855350e-03,1.343825645744800568e-02
3.227208375930786133e+00,-1.350745558738708496e+00,1.021847963333129883e+00,-1.524630468338727951e-02,3.299853415228426456e-04,9.998599886894226074e-01,6.886568386107683182e-03,-1.203314065933227539e-01,2.740762196481227875e-02,1.123896464705467224e-01,2.353873550891876221e-01,-1.875815391540527344e-01,2.583975531160831451e-02,-1.446861326694488525e-01,-2.828648500144481659e-02,-1.336233466863632202e-01,2.635781466960906982e-01,-1.904223859310150146e-01,-4.069954622536897659e-03,-1.008188258856534958e-02,1.728783100843429565e-01,2.199503630399703979e-01,-2.480011284351348877e-01,-2.365597784519195557e-01,6.829432398080825806e-02,1.237589046359062195e-01,-2.388490438461303711e-01,1.912722587585449219e-01,-2.087835520505905151e-01,9.996569156646728516e-02,-1.266241073608398438e-03,1.349583454430103302e-02
3.226779460906982422e+00,-1.350625514984130859e+00,1.021826624870300293e+00,-1.558498479425907135e-02,3.036831330973654985e-04,9.998550415039062500e-01,6.845942232757806778e-03,-1.205473169684410095e-01,2.761267684400081635e-02,1.123751476407051086e-01,2.354244440793991089e-01,-1.880654096603393555e-01,2.564771287143230438e-02,-1.447569876909255981e-01,-2.807238139212131500e-02,-1.336340308189392090e-01,2.635341882705688477e-01,-1.909227520227432251e-01,-4.075818695127964020e-03,-1.006319932639598846e-02,1.727476269006729126e-01,2.199372649192810059e-01,-2.481601089239120483e-01,-2.367292344570159912e-01,6.850608438253402710e-02,1.239482387900352478e-01,-2.388179749250411987e-01,1.914813220500946045e-01,-2.087789475917816162e-01,9.992949664592742920e-02,-1.382122398354113102e-03,1.352510694414377213e-02
3.226400136947631836e+00,-1.350506424903869629e+00,1.021816134452819824e+00,-1.579784415662288666e-02,2.716301823966205120e-04,9.998514652252197266e-01,6.880961358547210693e-03,-1.207661703228950500e-01,2.777837030589580536e-02,1.121530607342720032e-01,2.356115132570266724e-01,-1.884685158729553223e-01,2.558614313602447510e-02,-1.448779255151748657e-01,-2.790223434567451477e-02,-1.337942034006118774e-01,2.636030316352844238e-01,-1.912750303745269775e-01,-4.100554157048463821e-03,-1.006345357745885849e-02,1.726108789443969727e-01,2.198899537324905396e-01,-2.482564598321914673e-01,-2.367880791425704956e-01,6.874908506870269775e-02,1.241133883595466614e-01,-2.387562990188598633e-01,1.916504800319671631e-01,-2.087266445159912109e-01,9.993883967399597168e-02,-1.593879773281514645e-03,1.335465908050537109e-02
3.226051092147827148e+00,-1.350316405296325684e+00,1.021785259246826172e+00,-1.602685451507568359e-02,2.383684040978550911e-04,9.998493194580078125e-01,6.662120576947927475e-03,-1.209504902362823486e-01,2.802939154207706451e-02,1.116389706730842590e-01,2.358711808919906616e-01,-1.889983266592025757e-01,2.536878362298011780e-02,-1.448486745357513428e-01,-2.759550139307975769e-02,-1.339082866907119751e-01,2.635753750801086426e-01,-1.917407214641571045e-01,-4.290830343961715698e-03,-1.019474212080240250e-02,1.724710613489151001e-01,2.199418544769287109e-01,-2.484853565692901611e-01,-2.369603663682937622e-01,6.889954209327697754e-02,1.243250221014022827e-01,-2.386807054281234741e-01,1.918487846851348877e-01,-2.086672931909561157e-01,9.986957907676696777e-02,-1.796671189367771149e-03,1.322445832192897797e-02
3.225691318511962891e+00,-1.350156188011169434e+00,1.021756291389465332e+00,-1.630784198641777039e-02,2.090267371386289597e-04,9.998457431793212891e-01,6.522869691252708435e-03,-1.214162185788154602e-01,2.828048914670944214e-02,1.113227680325508118e-01,2.363251149654388428e-01,-1.894634664058685303e-01,2.511161193251609802e-02,-1.450633257627487183e-01,-2.738350443542003632e-02,-1.341667473316192627e-01,2.637315988540649414e-01,-1.922617703676223755e-01,-4.437583498656749725e-03,-1.024103537201881409e-02,1.723337769508361816e-01,2.200178205966949463e-01,-2.485997229814529419e-01,-2.371413707733154297e-01,6.899294257164001465e-02,1.245138645172119141e-01,-2.385748475790023804e-01,1.919236630201339722e-01,-2.086469978094100952e-01,9.973207116127014160e-02,-2.152691362425684929e-03,1.311116944998502731e-02
3.225302457809448242e+00,-1.350034832954406738e+00,1.021744132041931152e+00,-1.647280342876911163e-02,2.850770542863756418e-04,9.998436570167541504e-01,6.420180667191743851e-03,-1.216018944978713989e-01,2.822456136345863342e-02,1.110498011112213135e-01,2.365227192640304565e-01,-1.897774040699005127e-01,2.500701881945133209e-02,-1.449479758739471436e-01,-2.742935717105865479e-02,-1.342052668333053589e-01,2.640109658241271973e-01,-1.929201334714889526e-01,-4.460924305021762848e-03,-1.050924416631460190e-02,1.722193956375122070e-01,2.200452536344528198e-01,-2.486652880907058716e-01,-2.373217046260833740e-01,6.911808997392654419e-02,1.247015744447708130e-01,-2.385386675596237183e-01,1.919664740562438965e-01,-2.085874527692794800e-01,9.969722479581832886e-02,-2.372324233874678612e-03,1.286922022700309753e-02
3.224903583526611328e+00,-1.349934935569763184e+00,1.021720886230468750e+00,-1.661506667733192444e-02,3.117540036328136921e-04,9.998415708541870117e-01,6.378146819770336151e-03,-1.212243810296058655e-01,2.820999361574649811e-02,1.108320653438568115e-01,2.362317889928817749e-01,-1.901488900184631348e-01,2.494655549526214600e-02,-1.445744037628173828e-01,-2.735522389411926270e-02,-1.342370659112930298e-01,2.638317942619323730e-01,-1.933355629444122314e-01,-4.545677453279495239e-03,-1.062829606235027313e-02,1.721148788928985596e-01,2.200347483158111572e-01,-2.487438619136810303e-01,-2.374262809753417969e-01,6.919598579406738281e-02,1.248427629470825195e-01,-2.384947538375854492e-01,1.918779015541076660e-01,-2.083848565816879272e-01,9.978980571031570435e-02,-2.515388652682304382e-03,1.276716869324445724e-02
3.224432706832885742e+00,-1.349775195121765137e+00,1.021703243255615234e+00,-1.673373952507972717e-02,3.521449107211083174e-04,9.998398423194885254e-01,6.334908306598663330e-03,-1.209481284022331238e-01,2.829172834753990173e-02,1.108433753252029419e-01,2.361792027950286865e-01,-1.904716044664382935e-01,2.470549196004867554e-02,-1.446755528450012207e-01,-2.735913358628749847e-02,-1.344662755727767944e-01,2.644461095333099365e-01,-1.939058899879455566e-01,-4.574054386466741562e-03,-1.075043808668851852e-02,1.720527559518814087e-01,2.200748920440673828e-01,-2.490472942590713501e-01,-2.374392449855804443e-01,6.927371770143508911e-02,1.249951496720314026e-01,-2.384486198425292969e-01,1.918692141771316528e-01,-2.083359360694885254e-01,9.991320967674255371e-02,-2.738383132964372635e-03,1.248011924326419830e-02
3.224051952362060547e+00,-1.349656939506530762e+00,1.021693229675292969e+00,-1.690915040671825409e-02,3.163398941978812218e-04,9.998367428779602051e-01,6.363216787576675415e-03,-1.205759271979331970e-01,2.846049144864082336e-02,1.107662245631217957e-01,2.357874661684036255e-01,-1.907310783863067627e-01,2.459617517888545990e-02,-1.449152678251266479e-01,-2.713981829583644867e-02,-1.343657374382019043e-01,2.647081911563873291e-01,-1.942490786314010620e-01,-4.735218361020088196e-03,-1.096554938703775406e-02,1.719309836626052856e-01,2.200238853693008423e-01,-2.490835785865783691e-01,-2.373881042003631592e-01,6.937864422798156738e-02,1.251737475395202637e-01,-2.383928745985031128e-01,1.918105483055114746e-01,-2.083247900009155273e-01,1.000738367438316345e-01,-2.929635811597108841e-03,1.227398216724395752e-02
3.223692178726196289e+00,-1.349497556686401367e+00,1.021663665771484375e+00,-1.705283671617507935e-02,3.218497731722891331e-04,9.998341202735900879e-01,6.390323396772146225e-03,-1.205484569072723389e-01,2.860121242702007294e-02,1.106396168470382690e-01,2.357644438743591309e-01,-1.909572333097457886e-01,2.450343407690525055e-02,-1.448613852262496948e-01,-2.693827264010906219e-02,-1.341307014226913452e-01,2.650040686130523682e-01,-1.948350816965103149e-01,-4.929599817842245102e-03,-1.091215945780277252e-02,1.718630492687225342e-01,2.200068235397338867e-01,-2.492734342813491821e-01,-2.373425066471099854e-01,6.944493204355239868e-02,1.253537982702255249e-01,-2.382939010858535767e-01,1.917852312326431274e-01,-2.082941234111785889e-01,1.001895070075988770e-01,-3.015964291989803314e-03,1.235042884945869446e-02
3.223222494125366211e+00,-1.349377036094665527e+00,1.021643757820129395e+00,-1.725999638438224792e-02,3.449404612183570862e-04,9.998306035995483398e-01,6.385785993188619614e-03,-1.203941702842712402e-01,2.863686904311180115e-02,1.104806810617446899e-01,2.356889992952346802e-01,-1.913545876741409302e-01,2.442999370396137238e-02,-1.450903713703155518e-01,-2.690299227833747864e-02,-1.341355144977569580e-01,2.655589878559112549e-01,-1.954224109649658203e-01,-4.984749015420675278e-03,-1.094599906355142593e-02,1.717630326747894287e-01,2.199339121580123901e-01,-2.493847906589508057e-01,-2.372005283832550049e-01,6.939571350812911987e-02,1.255233883857727051e-01,-2.381973564624786377e-01,1.917494982481002808e-01,-2.082081735134124756e-01,1.002639830112457275e-01,-3.180252620950341225e-03,1.255526021122932434e-02
3.222722768783569336e+00,-1.349257707595825195e+00,1.021631836891174316e+00,-1.750139892101287842e-02,3.399569250177592039e-04,9.998265504837036133e-01,6.357700098305940628e-03,-1.203938350081443787e-01,2.878303080797195435e-02,1.104915738105773926e-01,2.356317788362503052e-01,-1.916890442371368408e-01,2.424570918083190918e-02,-1.448735892772674561e-01,-2.680437266826629639e-02,-1.344184279441833496e-01,2.655635178089141846e-01,-1.959081739187240601e-01,-4.984809085726737976e-03,-1.092933584004640579e-02,1.716326028108596802e-01,2.198822498321533203e-01,-2.495609223842620850e-01,-2.372235059738159180e-01,6.923312693834304810e-02,1.256676316261291504e-01,-2.381045222282409668e-01,1.917436122894287109e-01,-2.082467675209045410e-01,1.002552509307861328e-01,-3.316709538921713829e-03,1.264783088117837906e-02
3.222252607345581055e+00,-1.349087119102478027e+00,1.021612524986267090e+00,-1.774777099490165710e-02,3.736538637895137072e-04,9.998226761817932129e-01,6.286166608333587646e-03,-1.200301796197891235e-01,2.884710021317005157e-02,1.103705614805221558e-01,2.351949065923690796e-01,-1.920196712017059326e-01,2.401868999004364014e-02,-1.450594812631607056e-01,-2.671273425221443176e-02,-1.345104128122329712e-01,2.659186720848083496e-01,-1.964382231235504150e-01,-5.068118218332529068e-03,-1.093541365116834641e-02,1.714736074209213257e-01,2.198271900415420532e-01,-2.497269511222839355e-01,-2.373840361833572388e-01,6.898666918277740479e-02,1.258865594863891602e-01,-2.380949556827545166e-01,1.919228285551071167e-01,-2.082382440567016602e-01,1.001112610101699829e-01,-3.389810910448431969e-03,1.267323642969131470e-02
3.221763134002685547e+00,-1.348937749862670898e+00,1.021591424942016602e+00,-1.791974157094955444e-02,3.752391203306615353e-04,9.998189806938171387e-01,6.387759465724229813e-03,-1.196925342082977295e-01,2.900937572121620178e-02,1.105948910117149353e-01,2.348632961511611938e-01,-1.923379451036453247e-01,2.387666516005992889e-02,-1.449648886919021606e-01,-2.653637155890464783e-02,-1.343637853860855103e-01,2.661782205104827881e-01,-1.970538049936294556e-01,-5.149145610630512238e-03,-1.108597498387098312e-02,1.713429093360900879e-01,2.197768986225128174e-01,-2.498809844255447388e-01,-2.374741882085800171e-01,6.877431273460388184e-02,1.260676085948944092e-01,-2.380861043930053711e-01,1.921233385801315308e-01,-2.084006518125534058e-01,1.000205576419830322e-01,-3.498333273455500603e-03,1.266639959067106247e-02
3.221143960952758789e+00,-1.348778724670410156e+00,1.021570205688476562e+00,-1.816101744771003723e-02,3.611015854403376579e-04,9.998145699501037598e-01,6.390492897480726242e-03,-1.196066662669181824e-01,2.922212146222591400e-02,1.107322424650192261e-01,2.348233312368392944e-01,-1.927620321512222290e-01,2.366600185632705688e-02,-1.445243954658508301e-01,-2.626179531216621399e-02,-1.343391686677932739e-01,2.657435238361358643e-01,-1.975396275520324707e-01,-5.319782532751560211e-03,-1.096725929528474808e-02,1.712725758552551270e-01,2.198202162981033325e-01,-2.502219080924987793e-01,-2.376103550195693970e-01,6.856440007686614990e-02,1.262505054473876953e-01,-2.380338460206985474e-01,1.922848373651504517e-01,-2.084219157695770264e-01,9.987368434667587280e-02,-3.413550555706024170e-03,1.291172113269567490e-02
3.220563650131225586e+00,-1.348578929901123047e+00,1.021551489830017090e+00,-1.845624670386314392e-02,3.169293340761214495e-04,9.998098015785217285e-01,6.294011138379573822e-03,-1.196428686380386353e-01,2.955571003258228302e-02,1.107044890522956848e-01,2.349676936864852905e-01,-1.933522075414657593e-01,2.339614182710647583e-02,-1.443272978067398071e-01,-2.593566849827766418e-02,-1.344933509826660156e-01,2.656796574592590332e-01,-1.981417834758758545e-01,-5.488315131515264511e-03,-1.076583564281463623e-02,1.711297929286956787e-01,2.198891043663024902e-01,-2.504744231700897217e-01,-2.377504110336303711e-01,6.821510195732116699e-02,1.264146715402603149e-01,-2.379208654165267944e-01,1.922726035118103027e-01,-2.085333168506622314e-01,9.964863210916519165e-02,-3.407072275876998901e-03,1.288553792983293533e-02
3.219984054565429688e+00,-1.348398447036743164e+00,1.021511793136596680e+00,-1.869107782840728760e-02,3.601129574235528708e-04,9.998054504394531250e-01,6.290304474532604218e-03,-1.195211708545684814e-01,2.968633547425270081e-02,1.108358353376388550e-01,2.349533885717391968e-01,-1.937937885522842407e-01,2.317600883543491364e-02,-1.444611251354217529e-01,-2.585587091743946075e-02,-1.345381140708923340e-01,2.660776376724243164e-01,-1.988430470228195190e-01,-5.616934970021247864e-03,-1.089644990861415863e-02,1.709592491388320923e-01,2.199726104736328125e-01,-2.506796717643737793e-01,-2.378834486007690430e-01,6.790839135646820068e-02,1.265713721513748169e-01,-2.378370612859725952e-01,1.921931207180023193e-01,-2.085525244474411011e-01,9.957186877727508545e-02,-3.446643939241766930e-03,1.287395413964986801e-02
3.219403982162475586e+00,-1.348219990730285645e+00,1.021481633186340332e+00,-1.905018277466297150e-02,3.308760351501405239e-04,9.997991919517517090e-01,6.207640748471021652e-03,-1.194242164492607117e-01,2.991503477096557617e-02,1.106773167848587036e-01,2.347758412361145020e-01,-1.942564696073532104e-01,2.289437502622604370e-02,-1.447026133537292480e-01,-2.558862417936325073e-02,-1.346232295036315918e-01,2.661329805850982666e-01,-1.994844228029251099e-01,-5.905819591134786606e-03,-1.045463699847459793e-02,1.706737428903579712e-01,2.200790792703628540e-01,-2.507210075855255127e-01,-2.381889075040817261e-01,6.736510992050170898e-02,1.267422586679458618e-01,-2.377484291791915894e-01,1.922366619110107422e-01,-2.086229920387268066e-01,9.936676919460296631e-02,-3.497709287330508232e-03,1.272593345493078232e-02
3.218933582305908203e+00,-1.348110318183898926e+00,1.021452426910400391e+00,-1.936091110110282898e-02,3.047347709070891142e-04,9.997922778129577637e-01,6.362876854836940765e-03,-1.197287440299987793e-01,3.011877089738845825e-02,1.108287349343299866e-01,2.350368797779083252e-01,-1.947935670614242554e-01,2.284007892012596130e-02,-1.448149383068084717e-01,-2.537036873400211334e-02,-1.343473494052886963e-01,2.662602961063385010e-01,-2.000712752342224121e-01,-5.937087349593639374e-03,-1.086474768817424774e-02,1.704187095165252686e-01,2.202321439981460571e-01,-2.507910132408142090e-01,-2.381803244352340698e-01,6.703434139490127563e-02,1.269005686044692993e-01,-2.376073151826858521e-01,1.924264729022979736e-01,-2.088211774826049805e-01,9.943245351314544678e-02,-3.648789133876562119e-03,1.282507739961147308e-02
3.218374967575073242e+00,-1.347919464111328125e+00,1.021420359611511230e+00,-1.960864476859569550e-02,3.415098180994391441e-04,9.997876882553100586e-01,6.319973617792129517e-03,-1.196028590202331543e-01,3.024249896407127380e-02,1.107414141297340393e-01,2.350434660911560059e-01,-1.953185945749282837e-01,2.259097434580326080e-02,-1.448613405227661133e-01,-2.518730424344539642e-02,-1.341296583414077759e-01,2.664355635643005371e-01,-2.007206976413726807e-01,-6.164742168039083481e-03,-1.080836635082960129e-02,1.701536476612091064e-01,2.203412652015686035e-01,-2.508496344089508057e-01,-2.383882105350494385e-01,6.669723987579345703e-02,1.271070837974548340e-01,-2.374828755855560303e-01,1.926349550485610962e-01,-2.087263017892837524e-01,9.950703382492065430e-02,-3.778595477342605591e-03,1.287634111940860748e-02
3.217756509780883789e+00,-1.347749590873718262e+00,1.021388530731201172e+00,-1.983710005879402161e-02,3.240444348193705082e-04,9.997835755348205566e-01,6.263321265578269958e-03,-1.194566860795021057e-01,3.046595491468906403e-02,1.106922701001167297e-01,2.351603209972381592e-01,-1.959417313337326050e-01,2.239833585917949677e-02,-1.446733325719833374e-01,-2.497371472418308258e-02,-1.342620998620986938e-01,2.665052115917205811e-01,-2.014017403125762939e-01,-6.260328926146030426e-03,-1.079980563372373581e-02,1.698785424232482910e-01,2.204577773809432983e-01,-2.509109675884246826e-01,-2.385282516479492188e-01,6.640302389860153198e-02,1.274017393589019775e-01,-2.373498380184173584e-01,1.930049210786819458e-01,-2.086119502782821655e-01,9.957869350910186768e-02,-3.803000552579760551e-03,1.302126981317996979e-02
3.216947793960571289e+00,-1.347519636154174805e+00,1.021355628967285156e+00,-2.023147605359554291e-02,3.491018724162131548e-04,9.997754096984863281e-01,6.304764188826084137e-03,-1.191040426492691040e-01,3.070046938955783844e-02,1.110265403985977173e-01,2.348372042179107666e-01,-1.966014653444290161e-01,2.199694700539112091e-02,-1.441468596458435059e-01,-2.474251016974449158e-02,-1.344172358512878418e-01,2.660706043243408203e-01,-2.022411972284317017e-01,-6.316368468105792999e-03,-1.102314516901969910e-02,1.695798039436340332e-01,2.206141799688339233e-01,-2.509659230709075928e-01,-2.387796044349670410e-01,6.628019362688064575e-02,1.276258081197738647e-01,-2.372385710477828979e-01,1.934201717376708984e-01,-2.088416665792465210e-01,9.974204003810882568e-02,-4.051728174090385437e-03,1.295277848839759827e-02
3.216216564178466797e+00,-1.347349882125854492e+00,1.021308779716491699e+00,-2.051867544651031494e-02,3.601365024223923683e-04,9.997695684432983398e-01,6.301434710621833801e-03,-1.190575733780860901e-01,3.087143599987030029e-02,1.111085042357444763e-01,2.349065244197845459e-01,-1.971661448478698730e-01,2.173771522939205170e-02,-1.442461162805557251e-01,-2.462740801274776459e-02,-1.346113830804824829e-01,2.663913071155548096e-01,-2.030238956212997437e-01,-6.362778134644031525e-03,-1.066156756132841110e-02,1.693302392959594727e-01,2.208708971738815308e-01,-2.512888610363006592e-01,-2.391328960657119751e-01,6.616252660751342773e-02,1.278305351734161377e-01,-2.370681911706924438e-01,1.938057243824005127e-01,-2.088997513055801392e-01,9.985335916280746460e-02,-4.193041007965803146e-03,1.275002397596836090e-02
3.215636730194091797e+00,-1.347069025039672852e+00,1.021258592605590820e+00,-2.110143937170505524e-02,3.757105732802301645e-04,9.997580647468566895e-01,6.200901232659816742e-03,-1.194489747285842896e-01,3.109259344637393951e-02,1.106859445571899414e-01,2.347334474325180054e-01,-1.977350413799285889e-01,2.149724215269088745e-02,-1.442687213420867920e-01,-2.426455169916152954e-02,-1.345318555831909180e-01,2.660854458808898926e-01,-2.038604468107223511e-01,-6.562917493283748627e-03,-1.091189030557870865e-02,1.689661294221878052e-01,2.211133539676666260e-01,-2.515053749084472656e-01,-2.397150546312332153e-01,6.607906520366668701e-02,1.279670149087905884e-01,-2.369094341993331909e-01,1.941216289997100830e-01,-2.092160582542419434e-01,1.000555157661437988e-01,-4.665140528231859207e-03,1.276305317878723145e-02
3.214997529983520508e+00,-1.346909523010253906e+00,1.021199584007263184e+00,-2.139540947973728180e-02,3.804423904512077570e-04,9.997512698173522949e-01,6.282662507146596909e-03,-1.197586581110954285e-01,3.130521997809410095e-02,1.107045337557792664e-01,2.353331595659255981e-01,-1.984654963016510010e-01,2.131674252450466156e-02,-1.445324420928955078e-01,-2.409267798066139221e-02,-1.342515945434570312e-01,2.667822539806365967e-01,-2.048692107200622559e-01,-6.664065644145011902e-03,-1.125329546630382538e-02,1.686510592699050903e-01,2.213618308305740356e-01,-2.515845298767089844e-01,-2.398474514484405518e-01,6.609864532947540283e-02,1.280861943960189819e-01,-2.366895228624343872e-01,1.943987309932708740e-01,-2.093511074781417847e-01,1.004611775279045105e-01,-5.048746708780527115e-03,1.271803490817546844e-02
3.214349508285522461e+00,-1.346640467643737793e+00,1.021137118339538574e+00,-2.160787954926490784e-02,3.590589913073927164e-04,9.997469782829284668e-01,6.241411436349153519e-03,-1.196931749582290649e-01,3.169259801506996155e-02,1.106962785124778748e-01,2.357718348503112793e-01,-1.992661505937576294e-01,2.099593915045261383e-02,-1.446407288312911987e-01,-2.378157526254653931e-02,-1.341642439365386963e-01,2.676152884960174561e-01,-2.059697359800338745e-01,-6.817085202783346176e-03,-1.124269329011440277e-02,1.683226376771926880e-01,2.215912789106369019e-01,-2.516271173954010010e-01,-2.400563955307006836e-01,6.605456024408340454e-02,1.282569915056228638e-01,-2.364029437303543091e-01,1.945436298847198486e-01,-2.092810124158859253e-01,1.009413450956344604e-01,-5.260589532554149628e-03,1.281389687210321426e-02
3.213680744171142578e+00,-1.346408486366271973e+00,1.021075963973999023e+00,-2.178022637963294983e-02,4.585405695252120495e-04,9.997435808181762695e-01,6.174968555569648743e-03,-1.194202452898025513e-01,3.177527338266372681e-02,1.107668131589889526e-01,2.361322790384292603e-01,-2.000433355569839478e-01,2.061476185917854309e-02,-1.448239088058471680e-01,-2.381887659430503845e-02,-1.341707110404968262e-01,2.686599791049957275e-01,-2.071293592453002930e-01,-6.875222083181142807e-03,-1.110031455755233765e-02,1.680825203657150269e-01,2.218554913997650146e-01,-2.518701851367950439e-01,-2.407485246658325195e-01,6.600651144981384277e-02,1.284852474927902222e-01,-2.361174821853637695e-01,1.947025507688522339e-01,-2.090905606746673584e-01,1.014701798558235168e-01,-5.148002877831459045e-03,1.277303695678710938e-02
3.212981224060058594e+00,-1.346179127693176270e+00,1.021033406257629395e+00,-2.199881151318550110e-02,5.035054637119174004e-04,9.997390508651733398e-01,6.136327981948852539e-03,-1.192296668887138367e-01,3.194258734583854675e-02,1.107544600963592529e-01,2.363361567258834839e-01,-2.006588429212570190e-01,2.025584504008293152e-02,-1.445143967866897583e-01,-2.369442209601402283e-02,-1.342831999063491821e-01,2.689384520053863525e-01,-2.081449031829833984e-01,-6.957524921745061874e-03,-1.108194235712289810e-02,1.678080409765243530e-01,2.220631837844848633e-01,-2.520362734794616699e-01,-2.411028593778610229e-01,6.593637168407440186e-02,1.287509649991989136e-01,-2.357963174581527710e-01,1.950085610151290894e-01,-2.089029699563980103e-01,1.020359322428703308e-01,-5.067295860499143600e-03,1.250357180833816528e-02
3.212201118469238281e+00,-1.345979094505310059e+00,1.020974636077880859e+00,-2.224649488925933838e-02,5.384709220379590988e-04,9.997335076332092285e-01,6.138737313449382782e-03,-1.189346984028816223e-01,3.211154043674468994e-02,1.108645871281623840e-01,2.364635020494461060e-01,-2.013881057500839233e-01,1.993709057569503784e-02,-1.447030901908874512e-01,-2.360640093684196472e-02,-1.343234479427337646e-01,2.697007656097412109e-01,-2.091901898384094238e-01,-7.022636011242866516e-03,-1.117197610437870026e-02,1.675685346126556396e-01,2.222415655851364136e-01,-2.522464692592620850e-01,-2.417434304952621460e-01,6.588540971279144287e-02,1.290421485900878906e-01,-2.355095893144607544e-01,1.953906118869781494e-01,-2.086635977029800415e-01,1.026135832071304321e-01,-5.146787036210298538e-03,1.253971923142671585e-02
3.211412429809570312e+00,-1.345648765563964844e+00,1.020922422409057617e+00,-2.242534048855304718e-02,6.191373104229569435e-04,9.997302889823913574e-01,6.005166098475456238e-03,-1.185238286852836609e-01,3.235752135515213013e-02,1.110293641686439514e-01,2.366087436676025391e-01,-2.020797282457351685e-01,1.942481659352779388e-02,-1.444606781005859375e-01,-2.344655618071556091e-02,-1.343541443347930908e-01,2.703608572483062744e-01,-2.104077935218811035e-01,-7.185845170170068741e-03,-1.169256865978240967e-02,1.673672348260879517e-01,2.224514931440353394e-01,-2.524445652961730957e-01,-2.425770908594131470e-01,6.581065803766250610e-02,1.294749081134796143e-01,-2.352490723133087158e-01,1.960343867540359497e-01,-2.084698975086212158e-01,1.031476482748985291e-01,-5.084959790110588074e-03,1.282363664358854294e-02
3.210612297058105469e+00,-1.345399260520935059e+00,1.020843386650085449e+00,-2.259854972362518311e-02,6.335378275252878666e-04,9.997265338897705078e-01,5.975385662168264389e-03,-1.181001141667366028e-01,3.264305368065834045e-02,1.111814454197883606e-01,2.368976026773452759e-01,-2.029803246259689331e-01,1.905002444982528687e-02,-1.444469541311264038e-01,-2.326075173914432526e-02,-1.343064457178115845e-01,2.713204920291900635e-01,-2.116918116807937622e-01,-7.227614521980285645e-03,-1.194558478891849518e-02,1.671775281429290771e-01,2.225885838270187378e-01,-2.524151802062988281e-01,-2.434355020523071289e-01,6.565524637699127197e-02,1.299321949481964111e-01,-2.349793761968612671e-01,1.967585831880569458e-01,-2.083717286586761475e-01,1.036350056529045105e-01,-5.099994596093893051e-03,1.315723638981580734e-02
3.209962368011474609e+00,-1.345190167427062988e+00,1.020783185958862305e+00,-2.268921025097370148e-02,6.601289496757090092e-04,9.997232556343078613e-01,6.174622103571891785e-03,-1.177528500556945801e-01,3.289104625582695007e-02,1.115465238690376282e-01,2.373544573783874512e-01,-2.037256509065628052e-01,1.861252449452877045e-02,-1.443659514188766479e-01,-2.308661118149757385e-02,-1.338644921779632568e-01,2.722561359405517578e-01,-2.129244804382324219e-01,-7.114180363714694977e-03,-1.184827461838722229e-02,1.669902205467224121e-01,2.227034419775009155e-01,-2.521708607673645020e-01,-2.438873201608657837e-01,6.545800715684890747e-02,1.303721219301223755e-01,-2.346277981996536255e-01,1.974092721939086914e-01,-2.081456482410430908e-01,1.041363477706909180e-01,-4.902063868939876556e-03,1.361622288823127747e-02
3.209192991256713867e+00,-1.344821214675903320e+00,1.020710945129394531e+00,-2.289828099310398102e-02,7.032082648947834969e-04,9.997181296348571777e-01,6.236427463591098785e-03,-1.173923611640930176e-01,3.324969112873077393e-02,1.117143705487251282e-01,2.374971956014633179e-01,-2.044052928686141968e-01,1.802749931812286377e-02,-1.438103914260864258e-01,-2.274652384221553802e-02,-1.336161494255065918e-01,2.727312743663787842e-01,-2.145125716924667358e-01,-7.075373549014329910e-03,-1.178852561861276627e-02,1.668282002210617065e-01,2.227664291858673096e-01,-2.519508898258209229e-01,-2.447014302015304565e-01,6.524941325187683105e-02,1.307707130908966064e-01,-2.341918647289276123e-01,1.980539113283157349e-01,-2.077565491199493408e-01,1.045445725321769714e-01,-5.033851135522127151e-03,1.409513689577579498e-02
3.208382368087768555e+00,-1.344441533088684082e+00,1.020652055740356445e+00,-2.323530241847038269e-02,7.610521279275417328e-04,9.997107386589050293e-01,6.159679964184761047e-03,-1.169342622160911560e-01,3.354347497224807739e-02,1.118127107620239258e-01,2.370131909847259521e-01,-2.048257589340209961e-01,1.743662357330322266e-02,-1.439464390277862549e-01,-2.236011065542697906e-02,-1.331002414226531982e-01,2.732664644718170166e-01,-2.160196751356124878e-01,-6.810151971876621246e-03,-1.213287282735109329e-02,1.667403876781463623e-01,2.228942364454269409e-01,-2.518323957920074463e-01,-2.462438344955444336e-01,6.507001072168350220e-02,1.311267167329788208e-01,-2.337592989206314087e-01,1.987770795822143555e-01,-2.077611088752746582e-01,1.049246191978454590e-01,-5.222464445978403091e-03,1.451008580625057220e-02
3.207573652267456055e+00,-1.344102382659912109e+00,1.020580410957336426e+00,-2.341804467141628265e-02,7.298195851035416126e-04,9.997065663337707520e-01,6.149289198219776154e-03,-1.167850047349929810e-01,3.404939547181129456e-02,1.118791624903678894e-01,2.376087605953216553e-01,-2.057754099369049072e-01,1.702992245554924011e-02,-1.433808356523513794e-01,-2.184974960982799530e-02,-1.327555775642395020e-01,2.735819816589355469e-01,-2.176352292299270630e-01,-6.505222525447607040e-03,-1.188383996486663818e-02,1.667200624942779541e-01,2.230459302663803101e-01,-2.517170011997222900e-01,-2.476611286401748657e-01,6.473509967327117920e-02,1.314994245767593384e-01,-2.332199811935424805e-01,1.994084566831588745e-01,-2.076177895069122314e-01,1.051795408129692078e-01,-5.331029649823904037e-03,1.466521807014942169e-02
3.206655025482177734e+00,-1.343703508377075195e+00,1.020497560501098633e+00,-2.341467700898647308e-02,6.603379151783883572e-04,9.997077584266662598e-01,5.972555372864007950e-03,-1.161869615316390991e-01,3.475290536880493164e-02,1.119448095560073853e-01,2.384439557790756226e-01,-2.069852054119110107e-01,1.635412313044071198e-02,-1.423956453800201416e-01,-2.119754999876022339e-02,-1.327319741249084473e-01,2.738398015499114990e-01,-2.194126248359680176e-01,-6.542659830302000046e-03,-1.185781601816415787e-02,1.666876077651977539e-01,2.230889797210693359e-01,-2.514454722404479980e-01,-2.486764341592788696e-01,6.416130810976028442e-02,1.320040374994277954e-01,-2.326090484857559204e-01,2.000527232885360718e-01,-2.072120457887649536e-01,1.053975448012351990e-01,-5.390175152570009232e-03,1.481935754418373108e-02
3.205882787704467773e+00,-1.343235611915588379e+00,1.020399451255798340e+00,-2.352134697139263153e-02,6.299957167357206345e-04,9.997050166130065918e-01,6.017397157847881317e-03,-1.159459501504898071e-01,3.547550365328788757e-02,1.122050732374191284e-01,2.393056452274322510e-01,-2.080326229333877563e-01,1.572024635970592499e-02,-1.415929943323135376e-01,-2.054774202406406403e-02,-1.326959729194641113e-01,2.741093933582305908e-01,-2.212176918983459473e-01,-6.863494869321584702e-03,-1.200064923614263535e-02,1.667125225067138672e-01,2.232132107019424438e-01,-2.513209581375122070e-01,-2.498712837696075439e-01,6.366679072380065918e-02,1.325008720159530640e-01,-2.320038974285125732e-01,2.008925378322601318e-01,-2.070449441671371460e-01,1.056186631321907043e-01,-5.387445446103811264e-03,1.530044525861740112e-02
3.204982995986938477e+00,-1.342647075653076172e+00,1.020288705825805664e+00,-2.349098213016986847e-02,6.362291169352829456e-04,9.997067451477050781e-01,5.852134898304939270e-03,-1.154001131653785706e-01,3.616152331233024597e-02,1.119009852409362793e-01,2.402056455612182617e-01,-2.091505676507949829e-01,1.502111088484525681e-02,-1.404541730880737305e-01,-1.978089474141597748e-02,-1.323251426219940186e-01,2.746013998985290527e-01,-2.234807759523391724e-01,-7.367246318608522415e-03,-1.206211466342210770e-02,1.668227314949035645e-01,2.233461439609527588e-01,-2.511506974697113037e-01,-2.510908246040344238e-01,6.307762116193771362e-02,1.330821961164474487e-01,-2.312377542257308960e-01,2.016580998897552490e-01,-2.065170705318450928e-01,1.058775261044502258e-01,-5.290325731039047241e-03,1.532185543328523636e-02
3.203969717025756836e+00,-1.342137098312377930e+00,1.020212411880493164e+00,-2.372861281037330627e-02,6.662351661361753941e-04,9.997020959854125977e-01,5.676607601344585419e-03,-1.147975772619247437e-01,3.660356625914573669e-02,1.113504916429519653e-01,2.401679903268814087e-01,-2.099007964134216309e-01,1.436899229884147644e-02,-1.402888447046279907e-01,-1.874064467847347260e-02,-1.298725605010986328e-01,2.750420570373535156e-01,-2.254161685705184937e-01,-8.626815862953662872e-03,-1.325211394578218460e-02,1.669151186943054199e-01,2.233997285366058350e-01,-2.508216798305511475e-01,-2.525706589221954346e-01,6.276968866586685181e-02,1.335425376892089844e-01,-2.304813861846923828e-01,2.025809288024902344e-01,-2.064238339662551880e-01,1.063342168927192688e-01,-5.267622414976358414e-03,1.549986004829406738e-02
3.203119993209838867e+00,-1.341618299484252930e+00,1.020140647888183594e+00,-2.387510612607002258e-02,6.740554817952215672e-04,9.996977448463439941e-01,5.829716101288795471e-03,-1.143195256590843201e-01,3.720145300030708313e-02,1.115131676197052002e-01,2.404650896787643433e-01,-2.106699049472808838e-01,1.375222671777009964e-02,-1.394885927438735962e-01,-1.778174564242362976e-02,-1.280163973569869995e-01,2.757475078105926514e-01,-2.279033213853836060e-01,-9.538975544273853302e-03,-1.329532265663146973e-02,1.671256572008132935e-01,2.234741300344467163e-01,-2.506287693977355957e-01,-2.540053725242614746e-01,6.247292086482048035e-02,1.339838802814483643e-01,-2.296464592218399048e-01,2.035053521394729614e-01,-2.063235342502593994e-01,1.068988516926765442e-01,-5.351696629077196121e-03,1.571770012378692627e-02
3.202219009399414062e+00,-1.341009020805358887e+00,1.020041465759277344e+00,-2.400756441056728363e-02,6.972044939175248146e-04,9.996949434280395508e-01,5.757180508226156235e-03,-1.137717887759208679e-01,3.786171227693557739e-02,1.112740710377693176e-01,2.409363836050033569e-01,-2.116355448961257935e-01,1.307798828929662704e-02,-1.389755159616470337e-01,-1.691667363047599792e-02,-1.269599348306655884e-01,2.767812609672546387e-01,-2.299794703722000122e-01,-1.130699459463357925e-02,-1.297656632959842682e-02,1.672888100147247314e-01,2.236016541719436646e-01,-2.505834698677062988e-01,-2.555651068687438965e-01,6.199982017278671265e-02,1.344704478979110718e-01,-2.287504374980926514e-01,2.043760716915130615e-01,-2.062360793352127075e-01,1.072808802127838135e-01,-5.301681812852621078e-03,1.568250171840190887e-02
3.201315879821777344e+00,-1.340419888496398926e+00,1.020021319389343262e+00,-2.408802136778831482e-02,7.160173845477402210e-04,9.996942281723022461e-01,5.537018645554780960e-03,-1.125601232051849365e-01,3.817797079682350159e-02,1.097791716456413269e-01,2.399260252714157104e-01,-2.117891013622283936e-01,1.261564716696739197e-02,-1.390398740768432617e-01,-1.573361083865165710e-02,-1.243879497051239014e-01,2.773454189300537109e-01,-2.312014698982238770e-01,-1.286877319216728210e-02,-1.309414487332105637e-02,1.674680411815643311e-01,2.237116396427154541e-01,-2.505078911781311035e-01,-2.569022178649902344e-01,6.145260110497474670e-02,1.349377334117889404e-01,-2.277255356311798096e-01,2.053153663873672485e-01,-2.059625834226608276e-01,1.076522395014762878e-01,-5.302523262798786163e-03,1.544925384223461151e-02
3.200148820877075195e+00,-1.339570999145507812e+00,1.019879937171936035e+00,-2.418299950659275055e-02,7.498869672417640686e-04,9.996942281723022461e-01,5.108363460749387741e-03,-1.117929741740226746e-01,3.893297910690307617e-02,1.084178388118743896e-01,2.403085082769393921e-01,-2.128641456365585327e-01,1.173919253051280975e-02,-1.377387791872024536e-01,-1.455090288072824478e-02,-1.233775913715362549e-01,2.782694697380065918e-01,-2.339603006839752197e-01,-1.422082819044589996e-02,-1.274621207267045975e-02,1.676035225391387939e-01,2.237757593393325806e-01,-2.505984306335449219e-01,-2.584520280361175537e-01,6.073099002242088318e-02,1.354018449783325195e-01,-2.265816628932952881e-01,2.059811651706695557e-01,-2.054778933525085449e-01,1.077152416110038757e-01,-5.159660708159208298e-03,1.494264323264360428e-02
3.199028015136718750e+00,-1.338701367378234863e+00,1.019684076309204102e+00,-2.386374026536941528e-02,7.547868881374597549e-04,9.997042417526245117e-01,4.619094077497720718e-03,-1.111106947064399719e-01,4.001866281032562256e-02,1.076418459415435791e-01,2.424360811710357666e-01,-2.146773934364318848e-01,1.068158727139234543e-02,-1.365126520395278931e-01,-1.354818977415561676e-02,-1.233460679650306702e-01,2.803305685520172119e-01,-2.370417565107345581e-01,-1.566247828304767609e-02,-1.313993521034717560e-02,1.679222881793975830e-01,2.238816022872924805e-01,-2.508823573589324951e-01,-2.595075070858001709e-01,5.999815091490745544e-02,1.360023617744445801e-01,-2.253818511962890625e-01,2.067246288061141968e-01,-2.047872245311737061e-01,1.078258678317070007e-01,-4.746698774397373199e-03,1.435857731848955154e-02
3.198034763336181641e+00,-1.337913155555725098e+00,1.019443988800048828e+00,-2.349669858813285828e-02,6.590677076019346714e-04,9.997156858444213867e-01,4.001752007752656937e-03,-1.110463440418243408e-01,4.128614068031311035e-02,1.063976809382438660e-01,2.456688284873962402e-01,-2.169626802206039429e-01,9.629995562136173248e-03,-1.360758543014526367e-01,-1.249708887189626694e-02,-1.229942664504051208e-01,2.835775315761566162e-01,-2.406100928783416748e-01,-1.722870953381061554e-02,-1.320713758468627930e-02,1.682658940553665161e-01,2.240670174360275269e-01,-2.512116730213165283e-01,-2.606348991394042969e-01,5.920344591140747070e-02,1.366770416498184204e-01,-2.239569723606109619e-01,2.075695544481277466e-01,-2.037973701953887939e-01,1.078534871339797974e-01,-4.140189848840236664e-03,1.344474125653505325e-02
3.196885824203491211e+00,-1.336963176727294922e+00,1.019230127334594727e+00,-2.317066676914691925e-02,6.376430974341928959e-04,9.997251033782958984e-01,3.528002183884382248e-03,-1.108159497380256653e-01,4.233329743146896362e-02,1.040868982672691345e-01,2.486278265714645386e-01,-2.190438210964202881e-01,8.602452464401721954e-03,-1.345843076705932617e-01,-1.137323211878538132e-02,-1.228395178914070129e-01,2.857948243618011475e-01,-2.443434298038482666e-01,-1.853398606181144714e-02,-1.292230375111103058e-02,1.686573177576065063e-01,2.243012487888336182e-01,-2.515359520912170410e-01,-2.613203525543212891e-01,5.839057639241218567e-02,1.373475044965744019e-01,-2.223111838102340698e-01,2.081761658191680908e-01,-2.023768723011016846e-01,1.078709289431571960e-01,-3.090873826295137405e-03,1.245366502553224564e-02
3.195715188980102539e+00,-1.335960984230041504e+00,1.018845319747924805e+00,-2.232454158365726471e-02,6.942934123799204826e-04,9.997461438179016113e-01,2.953154966235160828e-03,-1.109149456024169922e-01,4.347985982894897461e-02,1.015297770500183105e-01,2.546176910400390625e-01,-2.226001918315887451e-01,7.411157712340354919e-03,-1.340432167053222656e-01,-1.075857691466808319e-02,-1.234342232346534729e-01,2.910277545452117920e-01,-2.489497959613800049e-01,-1.970841363072395325e-02,-1.279986929148435593e-02,1.692685186862945557e-01,2.245429307222366333e-01,-2.521492242813110352e-01,-2.615065276622772217e-01,5.756980180740356445e-02,1.381596624851226807e-01,-2.205939739942550659e-01,2.087451368570327759e-01,-2.008631825447082520e-01,1.078152582049369812e-01,-1.470223418436944485e-03,1.147681195288896561e-02
3.194618940353393555e+00,-1.335079550743103027e+00,1.018447875976562500e+00,-2.130009420216083527e-02,7.111540762707591057e-04,9.997708201408386230e-01,2.027170266956090927e-03,-1.112364754080772400e-01,4.454354569315910339e-02,9.846770763397216797e-02,2.611931562423706055e-01,-2.261119335889816284e-01,6.812526844441890717e-03,-1.304131895303726196e-01,-1.027152035385370255e-02,-1.255155354738235474e-01,2.943666875362396240e-01,-2.541637420654296875e-01,-2.053938619792461395e-02,-1.223337370902299881e-02,1.699859946966171265e-01,2.247977554798126221e-01,-2.529556155204772949e-01,-2.610716223716735840e-01,5.649020895361900330e-02,1.391807198524475098e-01,-2.186301201581954956e-01,2.096962183713912964e-01,-1.985773295164108276e-01,1.076539307832717896e-01,4.821920010726898909e-04,9.934130124747753143e-03
3.193770408630371094e+00,-1.334081768989562988e+00,1.018066287040710449e+00,-2.032317593693733215e-02,5.983635783195495605e-04,9.997926950454711914e-01,1.090089674107730389e-03,-1.121981367468833923e-01,4.594298452138900757e-02,9.466324001550674438e-02,2.682112455368041992e-01,-2.293458133935928345e-01,6.053308490663766861e-03,-1.294523030519485474e-01,-9.268660098314285278e-03,-1.267929375171661377e-01,2.988026738166809082e-01,-2.581596672534942627e-01,-2.120597288012504578e-02,-1.273112557828426361e-02,1.708687394857406616e-01,2.251783609390258789e-01,-2.537622153759002686e-01,-2.608196437358856201e-01,5.548981577157974243e-02,1.401250511407852173e-01,-2.164389491081237793e-01,2.106211781501770020e-01,-1.963364183902740479e-01,1.075785979628562927e-01,2.756226342171430588e-03,8.818738162517547607e-03
3.192732572555541992e+00,-1.332895755767822266e+00,1.017403841018676758e+00,-1.868112012743949890e-02,5.216270219534635544e-04,9.998253583908081055e-01,2.025706635322421789e-04,-1.146687716245651245e-01,4.789570719003677368e-02,9.109359979629516602e-02,2.812737822532653809e-01,-2.345394492149353027e-01,5.098471418023109436e-03,-1.278763562440872192e-01,-8.753175847232341766e-03,-1.293917745351791382e-01,3.068847358226776123e-01,-2.649318873882293701e-01,-2.258740924298763275e-02,-1.180549524724483490e-02,1.721679270267486572e-01,2.257240265607833862e-01,-2.548442780971527100e-01,-2.599317133426666260e-01,5.434812977910041809e-02,1.412858664989471436e-01,-2.138353139162063599e-01,2.119186818599700928e-01,-1.936479210853576660e-01,1.078617870807647705e-01,5.645173136144876480e-03,7.491611409932374954e-03
3.191642999649047852e+00,-1.331832051277160645e+00,1.016981840133666992e+00,-1.713781990110874176e-02,5.909956526011228561e-04,9.998522996902465820e-01,-1.151756499893963337e-03,-1.205348074436187744e-01,4.964539408683776855e-02,8.723508566617965698e-02,2.996698319911956787e-01,-2.380992919206619263e-01,5.773643497377634048e-03,-1.290121525526046753e-01,-8.617267943918704987e-03,-1.316238790750503540e-01,3.152773976325988770e-01,-2.699480354785919189e-01,-2.427977137267589569e-02,-1.190248131752014160e-02,1.736604869365692139e-01,2.263409346342086792e-01,-2.563537061214447021e-01,-2.591083645820617676e-01,5.321694537997245789e-02,1.424935758113861084e-01,-2.108638286590576172e-01,2.134141772985458374e-01,-1.906898468732833862e-01,1.087134853005409241e-01,8.884704671800136566e-03,6.033569574356079102e-03
3.190348148345947266e+00,-1.330523014068603516e+00,1.016670346260070801e+00,-1.823906414210796356e-02,6.950237439014017582e-04,9.998317956924438477e-01,-1.794036244973540306e-03,-1.296300888061523438e-01,5.103650316596031189e-02,8.137270808219909668e-02,3.143971562385559082e-01,-2.403064519166946411e-01,7.055992260575294495e-03,-1.280980855226516724e-01,-7.379586808383464813e-03,-1.322651207447052002e-01,3.160826563835144043e-01,-2.744532823562622070e-01,-2.540539763867855072e-02,-1.142498198896646500e-02,1.745627671480178833e-01,2.268691807985305786e-01,-2.575093507766723633e-01,-2.593154311180114746e-01,5.237859115004539490e-02,1.428491771221160889e-01,-2.076462656259536743e-01,2.151114642620086670e-01,-1.898856014013290405e-01,1.099740639328956604e-01,1.112820766866207123e-02,4.800386261194944382e-03
3.189432382583618164e+00,-1.329303503036499023e+00,1.016610383987426758e+00,-1.725907623767852783e-02,1.415508799254894257e-03,9.998475313186645508e-01,-2.232810016721487045e-03,-1.530189365148544312e-01,5.264596641063690186e-02,7.422240823507308960e-02,3.625708520412445068e-01,-2.377851903438568115e-01,8.014120161533355713e-03,-1.285701692104339600e-01,-7.802714128047227859e-03,-1.319136768579483032e-01,3.203465044498443604e-01,-2.769304513931274414e-01,-2.650752663612365723e-02,-1.029192004352807999e-02,1.758145242929458618e-01,2.274154573678970337e-01,-2.590618133544921875e-01,-2.594156265258789062e-01,5.172012001276016235e-02,1.431508511304855347e-01,-2.045230269432067871e-01,2.171731442213058472e-01,-1.882924139499664307e-01,1.117634400725364685e-01,1.348488125950098038e-02,3.628046950325369835e-03
3.188546180725097656e+00,-1.327810764312744141e+00,1.016311645507812500e+00,-1.769964955747127533e-02,1.367216813378036022e-03,9.998363852500915527e-01,-3.478335449472069740e-03,-1.712963730096817017e-01,5.433686822652816772e-02,6.327009946107864380e-02,3.947637379169464111e-01,-2.377927750349044800e-01,9.381470270454883575e-03,-1.292300224304199219e-01,-6.051504518836736679e-03,-1.324853897094726562e-01,3.227885961532592773e-01,-2.803429663181304932e-01,-2.789559029042720795e-02,-9.246198460459709167e-03,1.769091784954071045e-01,2.280733883380889893e-01,-2.609996199607849121e-01,-2.602240741252899170e-01,5.093551427125930786e-02,1.430039703845977783e-01,-2.012922614812850952e-01,2.194507718086242676e-01,-1.873479634523391724e-01,1.139073073863983154e-01,1.536658592522144318e-02,2.206979552283883095e-03
3.187821149826049805e+00,-1.326576352119445801e+00,1.016016602516174316e+00,-1.815590448677539825e-02,1.364564290270209312e-03,9.998248219490051270e-01,-4.333249293267726898e-03,-1.887075453996658325e-01,5.464531853795051575e-02,5.064470320940017700e-02,4.250796139240264893e-01,-2.362243086099624634e-01,1.024853065609931946e-02,-1.303551942110061646e-01,-4.776367917656898499e-03,-1.329384148120880127e-01,3.255222141742706299e-01,-2.835928201675415039e-01,-2.899483777582645416e-02,-8.600126951932907104e-03,1.780142486095428467e-01,2.287879735231399536e-01,-2.628993093967437744e-01,-2.608105838298797607e-01,5.026505142450332642e-02,1.424080133438110352e-01,-1.979920566082000732e-01,2.219698578119277954e-01,-1.867431253194808960e-01,1.159597039222717285e-01,1.689464226365089417e-02,1.024909317493438721e-03
3.187028169631958008e+00,-1.325250983238220215e+00,1.015644192695617676e+00,-1.850424148142337799e-02,1.319367671385407448e-03,9.998124241828918457e-01,-5.567225627601146698e-03,-2.057856619358062744e-01,5.507907643914222717e-02,3.896433115005493164e-02,4.546089768409729004e-01,-2.336712032556533813e-01,1.076324097812175751e-02,-1.309631168842315674e-01,-3.420864930376410484e-03,-1.344045847654342651e-01,3.282140493392944336e-01,-2.875530719757080078e-01,-3.034274466335773468e-02,-8.484555408358573914e-03,1.790893673896789551e-01,2.295160442590713501e-01,-2.648879885673522949e-01,-2.610807120800018311e-01,4.964739456772804260e-02,1.414238810539245605e-01,-1.947131007909774780e-01,2.249585092067718506e-01,-1.863018572330474854e-01,1.186802312731742859e-01,1.813636347651481628e-02,-1.080263609765097499e-05
3.186347723007202148e+00,-1.323738336563110352e+00,1.015205740928649902e+00,-1.830329932272434235e-02,1.296393573284149170e-03,9.998067021369934082e-01,-7.063679397106170654e-03,-2.242961227893829346e-01,5.580050498247146606e-02,2.819491736590862274e-02,4.881500601768493652e-01,-2.280217111110687256e-01,1.174533832818269730e-02,-1.312457323074340820e-01,-2.270138589665293694e-03,-1.372642219066619873e-01,3.324156105518341064e-01,-2.917543947696685791e-01,-3.190505877137184143e-02,-8.488745428621768951e-03,1.803048998117446899e-01,2.302307635545730591e-01,-2.669780254364013672e-01,-2.611623704433441162e-01,4.903266578912734985e-02,1.401618272066116333e-01,-1.915298551321029663e-01,2.282633632421493530e-01,-1.858092099428176880e-01,1.214451938867568970e-01,1.930916123092174530e-02,-1.020937226712703705e-03
3.185699939727783203e+00,-1.322450757026672363e+00,1.014634966850280762e+00,-1.907918043434619904e-02,1.420872635208070278e-03,9.997794032096862793e-01,-8.666292764246463776e-03,-2.475885599851608276e-01,5.585524067282676697e-02,1.765392720699310303e-02,5.256614089012145996e-01,-2.207350581884384155e-01,1.037300191819667816e-02,-1.334864646196365356e-01,-1.444789231754839420e-03,-1.385454535484313965e-01,3.365853130817413330e-01,-2.975576221942901611e-01,-3.161673620343208313e-02,-8.982583880424499512e-03,1.815273761749267578e-01,2.309344410896301270e-01,-2.692751288414001465e-01,-2.613289952278137207e-01,4.835206642746925354e-02,1.383060812950134277e-01,-1.883845031261444092e-01,2.320461273193359375e-01,-1.860815286636352539e-01,1.243740916252136230e-01,2.013322710990905762e-02,-1.965058036148548126e-03
3.184696912765502930e+00,-1.320938467979431152e+00,1.014197230339050293e+00,-1.985733956098556519e-02,1.361656817607581615e-03,9.997545480728149414e-01,-9.729158133268356323e-03,-2.720023691654205322e-01,5.645925551652908325e-02,6.971994880586862564e-03,5.653983354568481445e-01,-2.094040960073471069e-01,9.050112217664718628e-03,-1.338762789964675903e-01,1.729422656353563070e-04,-1.399465352296829224e-01,3.388874530792236328e-01,-3.019759058952331543e-01,-3.224094212055206299e-02,-8.851336315274238586e-03,1.829294860363006592e-01,2.315969616174697876e-01,-2.718327045440673828e-01,-2.610408961772918701e-01,4.775550216436386108e-02,1.358501464128494263e-01,-1.854372471570968628e-01,2.361282855272293091e-01,-1.867169439792633057e-01,1.274655312299728394e-01,2.061877213418483734e-02,-2.932967152446508408e-03
3.184046983718872070e+00,-1.319523453712463379e+00,1.013666033744812012e+00,-2.066246978938579559e-02,1.266184728592634201e-03,9.997208118438720703e-01,-1.138935610651969910e-02,-3.002532720565795898e-01,5.735842511057853699e-02,-2.172618871554732323e-03,6.105314493179321289e-01,-1.982983797788619995e-01,-4.616079851984977722e-03,-1.355677545070648193e-01,1.736804144456982613e-03,-1.418866366147994995e-01,3.414543569087982178e-01,-3.064750134944915771e-01,-3.409383818507194519e-02,-8.900136686861515045e-03,1.846446543931961060e-01,2.322511970996856689e-01,-2.747094929218292236e-01,-2.600588202476501465e-01,4.669865593314170837e-02,1.328473240137100220e-01,-1.826972961425781250e-01,2.405949532985687256e-01,-1.877728998661041260e-01,1.308754831552505493e-01,2.089839242398738861e-02,-3.770212410017848015e-03
3.183300495147705078e+00,-1.318113088607788086e+00,1.013181924819946289e+00,-2.142770402133464813e-02,1.087039825506508350e-03,9.996830224990844727e-01,-1.317273173481225967e-02,-3.321546316146850586e-01,5.913565307855606079e-02,-9.697460569441318512e-03,6.608218550682067871e-01,-1.849975138902664185e-01,-2.868801355361938477e-02,-1.381346136331558228e-01,3.239361802116036415e-03,-1.445344537496566772e-01,3.451323807239532471e-01,-3.115187585353851318e-01,-3.463217616081237793e-02,-9.212058037519454956e-03,1.865485757589340210e-01,2.329090982675552368e-01,-2.779692709445953369e-01,-2.590365111827850342e-01,4.537700489163398743e-02,1.292566061019897461e-01,-1.802221536636352539e-01,2.452098429203033447e-01,-1.891033202409744263e-01,1.344580203294754028e-01,2.097542770206928253e-02,-4.655551631003618240e-03
3.182366132736206055e+00,-1.316867470741271973e+00,1.012466430664062500e+00,-2.238662540912628174e-02,5.304416408762335777e-04,9.996557831764221191e-01,-1.366858743131160736e-02,-3.645131587982177734e-01,6.113750487565994263e-02,-1.856123097240924835e-02,7.105168700218200684e-01,-1.606656610965728760e-01,-3.283923491835594177e-02,-1.405811160802841187e-01,4.755849950015544891e-03,-1.483253389596939087e-01,3.498575091361999512e-01,-3.176100254058837891e-01,-3.432117402553558350e-02,-7.593483198434114456e-03,1.887023597955703735e-01,2.335734069347381592e-01,-2.814266383647918701e-01,-2.576743364334106445e-01,4.399196803569793701e-02,1.248623579740524292e-01,-1.777988374233245850e-01,2.499120533466339111e-01,-1.910615414381027222e-01,1.380109041929244995e-01,2.070548199117183685e-02,-5.651305895298719406e-03
3.181176185607910156e+00,-1.315842986106872559e+00,1.011736869812011719e+00,-2.376298792660236359e-02,1.078736822819337249e-04,9.996157288551330566e-01,-1.427043601870536804e-02,-3.970681130886077881e-01,6.180872023105621338e-02,-2.711949497461318970e-02,7.562577128410339355e-01,-1.300142705440521240e-01,-3.606830537319183350e-02,-1.431653648614883423e-01,6.280304398387670517e-03,-1.503271162509918213e-01,3.528064489364624023e-01,-3.240654468536376953e-01,-3.645189478993415833e-02,-6.869813892990350723e-03,1.908834576606750488e-01,2.341143041849136353e-01,-2.842340171337127686e-01,-2.562850713729858398e-01,4.368954524397850037e-02,1.196938306093215942e-01,-1.757029742002487183e-01,2.549948394298553467e-01,-1.936142295598983765e-01,1.419113874435424805e-01,2.007016353309154510e-02,-6.520126480609178543e-03
3.179515600204467773e+00,-1.314456343650817871e+00,1.011232495307922363e+00,-2.542290464043617249e-02,-4.084983957000076771e-04,9.995648264884948730e-01,-1.495529804378747940e-02,-4.299628734588623047e-01,6.375295668840408325e-02,-3.246168792247772217e-02,7.995126247406005859e-01,-1.021289229393005371e-01,-3.221993148326873779e-02,-1.454694867134094238e-01,8.213921450078487396e-03,-1.533417999744415283e-01,3.562448024749755859e-01,-3.307354450225830078e-01,-3.468143567442893982e-02,-7.106732111424207687e-03,1.936046779155731201e-01,2.346530407667160034e-01,-2.871829271316528320e-01,-2.536434829235076904e-01,4.304838553071022034e-02,1.136970147490501404e-01,-1.739254295825958252e-01,2.604851126670837402e-01,-1.968454271554946899e-01,1.460671424865722656e-01,1.908194459974765778e-02,-7.076646666973829269e-03
3.177794218063354492e+00,-1.313500165939331055e+00,1.010171055793762207e+00,-2.679490298032760620e-02,-1.060651033185422421e-03,9.995161294937133789e-01,-1.576154865324497223e-02,-4.601078927516937256e-01,6.622035801410675049e-02,-3.306141123175621033e-02,8.382621407508850098e-01,-8.472526073455810547e-02,-2.186195738613605499e-02,-1.502030044794082642e-01,9.381343610584735870e-03,-1.563066095113754272e-01,3.651362061500549316e-01,-3.396759927272796631e-01,-3.252051025629043579e-02,-8.392525836825370789e-03,1.968093961477279663e-01,2.352415025234222412e-01,-2.900941073894500732e-01,-2.502759695053100586e-01,4.255178198218345642e-02,1.069551184773445129e-01,-1.725223064422607422e-01,2.665803134441375732e-01,-2.005649060010910034e-01,1.508190184831619263e-01,1.777948066592216492e-02,-7.371914107352495193e-03
3.175395250320434570e+00,-1.312505364418029785e+00,1.009290814399719238e+00,-2.862474136054515839e-02,-1.406472292728722095e-03,9.994493722915649414e-01,-1.672254689037799835e-02,-4.888468682765960693e-01,6.914488971233367920e-02,-2.991848811507225037e-02,8.695746660232543945e-01,-8.429998159408569336e-02,-2.324702916666865349e-03,-1.537746936082839966e-01,9.908206760883331299e-03,-1.603341996669769287e-01,3.718178272247314453e-01,-3.484317362308502197e-01,-2.981205843389034271e-02,-9.454290382564067841e-03,2.004341781139373779e-01,2.356709539890289307e-01,-2.930082380771636963e-01,-2.465174496173858643e-01,4.255234822630882263e-02,9.936097264289855957e-02,-1.715390980243682861e-01,2.729006409645080566e-01,-2.048717439174652100e-01,1.554264128208160400e-01,1.621942222118377686e-02,-7.487067487090826035e-03
3.172672033309936523e+00,-1.311581611633300781e+00,1.008804082870483398e+00,-3.118742629885673523e-02,-1.583456760272383690e-03,9.993691444396972656e-01,-1.691541075706481934e-02,-5.147055983543395996e-01,7.147005200386047363e-02,-2.475478127598762512e-02,8.920136690139770508e-01,-9.498806297779083252e-02,1.643757335841655731e-02,-1.564714014530181885e-01,1.055118348449468613e-02,-1.626870185136795044e-01,3.737954497337341309e-01,-3.558731675148010254e-01,-2.749752812087535858e-02,-1.069699227809906006e-02,2.042959332466125488e-01,2.357365041971206665e-01,-2.951575815677642822e-01,-2.425032556056976318e-01,4.362846910953521729e-02,9.078297764062881470e-02,-1.710809022188186646e-01,2.795085906982421875e-01,-2.101318240165710449e-01,1.599149405956268311e-01,1.431171130388975143e-02,-7.399948779493570328e-03
3.169714450836181641e+00,-1.310850381851196289e+00,1.008407831192016602e+00,-3.365333378314971924e-02,-1.652263104915618896e-03,9.992877244949340820e-01,-1.699361205101013184e-02,-5.384313464164733887e-01,7.339800894260406494e-02,-1.752547174692153931e-02,9.083796739578247070e-01,-1.092439740896224976e-01,2.902638353407382965e-02,-1.577183902263641357e-01,1.106731127947568893e-02,-1.642284393310546875e-01,3.740700185298919678e-01,-3.623485565185546875e-01,-2.643442153930664062e-02,-1.162269245833158493e-02,2.085427045822143555e-01,2.352877557277679443e-01,-2.972776889801025391e-01,-2.379584014415740967e-01,4.480192437767982483e-02,8.140560239553451538e-02,-1.712427139282226562e-01,2.866492867469787598e-01,-2.157922536134719849e-01,1.647008657455444336e-01,1.228227559477090836e-02,-6.974245421588420868e-03
3.166370153427124023e+00,-1.310072422027587891e+00,1.008183240890502930e+00,-3.561506047844886780e-02,-1.855402253568172455e-03,9.992234706878662109e-01,-1.675067096948623657e-02,-5.584141016006469727e-01,7.570569217205047607e-02,-8.772556670010089874e-03,9.165484309196472168e-01,-1.186777651309967041e-01,3.562074154615402222e-02,-1.572808772325515747e-01,1.188238523900508881e-02,-1.666187793016433716e-01,3.734490275382995605e-01,-3.682650327682495117e-01,-2.400000952184200287e-02,-1.154709607362747192e-02,2.133263051509857178e-01,2.344461679458618164e-01,-2.991096973419189453e-01,-2.326899617910385132e-01,4.645415395498275757e-02,7.136051356792449951e-02,-1.717987954616546631e-01,2.938825786113739014e-01,-2.216088175773620605e-01,1.694179624319076538e-01,1.024780515581369400e-02,-6.480901502072811127e-03
3.162828683853149414e+00,-1.309162139892578125e+00,1.008032679557800293e+00,-3.746373206377029419e-02,-2.026307629421353340e-03,9.991615414619445801e-01,-1.638986170291900635e-02,-5.762933492660522461e-01,7.727286219596862793e-02,3.209556161891669035e-04,9.184055328369140625e-01,-1.291794925928115845e-01,3.831820562481880188e-02,-1.556961685419082642e-01,1.289209350943565369e-02,-1.693983972072601318e-01,3.710764050483703613e-01,-3.732156455516815186e-01,-2.154430933296680450e-02,-1.092293579131364822e-02,2.186812460422515869e-01,2.333348989486694336e-01,-3.012180924415588379e-01,-2.265320569276809692e-01,4.767987877130508423e-02,6.066233292222023010e-02,-1.726766228675842285e-01,3.008719682693481445e-01,-2.277066260576248169e-01,1.737110316753387451e-01,8.255207911133766174e-03,-6.018887273967266083e-03
3.159023523330688477e+00,-1.308403730392456055e+00,1.007946848869323730e+00,-3.949916362762451172e-02,-2.198963891714811325e-03,9.990927577018737793e-01,-1.576758921146392822e-02,-5.915265083312988281e-01,7.746803760528564453e-02,9.376382455229759216e-03,9.127406477928161621e-01,-1.405401527881622314e-01,4.050006717443466187e-02,-1.531588137149810791e-01,1.387891825288534164e-02,-1.717913448810577393e-01,3.668652474880218506e-01,-3.767032921314239502e-01,-1.810215972363948822e-02,-1.012806408107280731e-02,2.245415151119232178e-01,2.318428605794906616e-01,-3.035417795181274414e-01,-2.200554460287094116e-01,4.870150610804557800e-02,4.922617971897125244e-02,-1.738309264183044434e-01,3.074349761009216309e-01,-2.339001893997192383e-01,1.775989383459091187e-01,6.281270179897546768e-03,-5.550496280193328857e-03
3.155132055282592773e+00,-1.307961702346801758e+00,1.007828712463378906e+00,-4.113622754812240601e-02,-2.367598703131079674e-03,9.990392327308654785e-01,-1.492514181882143021e-02,-6.044325828552246094e-01,7.571881264448165894e-02,1.708739809691905975e-02,9.020720124244689941e-01,-1.506443917751312256e-01,4.287084937095642090e-02,-1.495914608240127563e-01,1.477204915136098862e-02,-1.734393388032913208e-01,3.626061081886291504e-01,-3.807838261127471924e-01,-1.454937737435102463e-02,-8.910077624022960663e-03,2.310360223054885864e-01,2.299807667732238770e-01,-3.060699403285980225e-01,-2.128296196460723877e-01,4.936354979872703552e-02,3.717222437262535095e-02,-1.751046776771545410e-01,3.132379055023193359e-01,-2.401529550552368164e-01,1.807157695293426514e-01,4.368958994746208191e-03,-5.067496094852685928e-03
3.150989055633544922e+00,-1.307575106620788574e+00,1.007704854011535645e+00,-4.174531623721122742e-02,-2.424919744953513145e-03,9.990279078483581543e-01,-1.395406946539878845e-02,-6.132564544677734375e-01,7.247653603553771973e-02,2.428321912884712219e-02,8.858466148376464844e-01,-1.615431308746337891e-01,4.761330038309097290e-02,-1.434795856475830078e-01,1.552157290279865265e-02,-1.748980581760406494e-01,3.575316965579986572e-01,-3.850385844707489014e-01,-1.160301826894283295e-02,-7.476689759641885757e-03,2.398891001939773560e-01,2.268587052822113037e-01,-3.097260594367980957e-01,-1.986230760812759399e-01,5.010527372360229492e-02,2.178312279284000397e-02,-1.768869608640670776e-01,3.200050294399261475e-01,-2.501211166381835938e-01,1.856396198272705078e-01,9.329039021395146847e-04,-4.208578262478113174e-03
3.146752595901489258e+00,-1.307027578353881836e+00,1.007604837417602539e+00,-4.282783344388008118e-02,-2.466003643348813057e-03,9.989861845970153809e-01,-1.364778261631727219e-02,-6.209833621978759766e-01,6.693995743989944458e-02,2.950827404856681824e-02,8.636730909347534180e-01,-1.695027798414230347e-01,4.426605626940727234e-02,-1.374305337667465210e-01,1.719625853002071381e-02,-1.743625998497009277e-01,3.505672514438629150e-01,-3.866679966449737549e-01,-1.178682036697864532e-02,-7.122408133000135422e-03,2.487474530935287476e-01,2.233238071203231812e-01,-3.135584294795989990e-01,-1.869842410087585449e-01,5.041285604238510132e-02,6.486181169748306274e-03,-1.786507517099380493e-01,3.254953026771545410e-01,-2.580824792385101318e-01,1.882017850875854492e-01,-2.296323189511895180e-03,-3.353921463713049889e-03
3.142465591430664062e+00,-1.306723833084106445e+00,1.007304668426513672e+00,-4.367778450250625610e-02,-2.549958415329456329e-03,9.989634752273559570e-01,-1.255984883755445480e-02,-6.275429725646972656e-01,6.085966899991035461e-02,3.313136100769042969e-02,8.388316631317138672e-01,-1.736861467361450195e-01,3.970714658498764038e-02,-1.318873763084411621e-01,1.838066242635250092e-02,-1.738646775484085083e-01,3.456808328628540039e-01,-3.890203535556793213e-01,-1.138624735176563263e-02,-6.022199057042598724e-03,2.580587863922119141e-01,2.193755954504013062e-01,-3.178192377090454102e-01,-1.759276241064071655e-01,5.047671124339103699e-02,-8.814778178930282593e-03,-1.802970021963119507e-01,3.299673199653625488e-01,-2.650029957294464111e-01,1.893113255500793457e-01,-5.589651409536600113e-03,-2.467249287292361259e-03
3.137946844100952148e+00,-1.306479692459106445e+00,1.007209658622741699e+00,-4.470655694603919983e-02,-2.563506597653031349e-03,9.989310503005981445e-01,-1.146659441292285919e-02,-6.323180794715881348e-01,5.364490672945976257e-02,3.587617352604866028e-02,8.091065287590026855e-01,-1.751909106969833374e-01,3.488985449075698853e-02,-1.253965348005294800e-01,1.986725442111492157e-02,-1.722470670938491821e-01,3.377957940101623535e-01,-3.893515169620513916e-01,-1.220835465937852859e-02,-5.509270820766687393e-03,2.678615748882293701e-01,2.148262709379196167e-01,-3.225249052047729492e-01,-1.626983582973480225e-01,5.077420175075531006e-02,-2.492637932300567627e-02,-1.820877045392990112e-01,3.341876864433288574e-01,-2.734523117542266846e-01,1.895267963409423828e-01,-1.022068224847316742e-02,-9.507178328931331635e-04
3.133285760879516602e+00,-1.306142210960388184e+00,1.006853938102722168e+00,-4.515346139669418335e-02,-2.603362314403057098e-03,9.989209175109863281e-01,-1.055613346397876740e-02,-6.358749270439147949e-01,4.592039063572883606e-02,3.645087406039237976e-02,7.785227894783020020e-01,-1.746468693017959595e-01,3.062513470649719238e-02,-1.181349754333496094e-01,2.173440903425216675e-02,-1.695509552955627441e-01,3.312732875347137451e-01,-3.897598385810852051e-01,-1.476058922708034515e-02,-5.086004268378019333e-03,2.780429124832153320e-01,2.101705819368362427e-01,-3.277840316295623779e-01,-1.508864760398864746e-01,5.041331797838211060e-02,-4.082591831684112549e-02,-1.839309036731719971e-01,3.381388783454895020e-01,-2.809461951255798340e-01,1.889768540859222412e-01,-1.468275114893913269e-02,2.812812163028866053e-04
3.128628730773925781e+00,-1.306137084960937500e+00,1.006238341331481934e+00,-4.579005762934684753e-02,-2.611316740512847900e-03,9.989076256752014160e-01,-8.943138644099235535e-03,-6.396362185478210449e-01,3.797566518187522888e-02,3.599781543016433716e-02,7.477976679801940918e-01,-1.727707535028457642e-01,2.200180664658546448e-02,-1.127523183822631836e-01,2.265389263629913330e-02,-1.665971130132675171e-01,3.275550007820129395e-01,-3.905493617057800293e-01,-1.699308119714260101e-02,-3.896601265296339989e-03,2.885072529315948486e-01,2.053118050098419189e-01,-3.329636156558990479e-01,-1.399472057819366455e-01,5.057328566908836365e-02,-5.677028745412826538e-02,-1.857032030820846558e-01,3.420179486274719238e-01,-2.885454297065734863e-01,1.878424584865570068e-01,-1.914960332214832306e-02,1.825687941163778305e-03
3.123903751373291016e+00,-1.305886864662170410e+00,1.005372524261474609e+00,-4.660028964281082153e-02,-2.688309643417596817e-03,9.988839626312255859e-01,-7.210578303784132004e-03,-6.443961262702941895e-01,3.035767003893852234e-02,3.374415263533592224e-02,7.184085249900817871e-01,-1.694669574499130249e-01,1.235524192452430725e-02,-1.106351092457771301e-01,2.343861572444438934e-02,-1.631717383861541748e-01,3.300985097885131836e-01,-3.956290185451507568e-01,-1.297826878726482391e-02,-2.511747181415557861e-03,2.989348471164703369e-01,2.008565217256546021e-01,-3.379985392093658447e-01,-1.317235827445983887e-01,5.021557584404945374e-02,-7.225278019905090332e-02,-1.876821815967559814e-01,3.460442423820495605e-01,-2.951973676681518555e-01,1.879262328147888184e-01,-2.233588136732578278e-02,2.858242020010948181e-03
3.118803739547729492e+00,-1.305915474891662598e+00,1.004430770874023438e+00,-4.708325862884521484e-02,-2.731826156377792358e-03,9.988653659820556641e-01,-6.606355309486389160e-03,-6.481010317802429199e-01,2.141729928553104401e-02,2.884171344339847565e-02,6.893200278282165527e-01,-1.657478809356689453e-01,4.704969935119152069e-03,-1.082280352711677551e-01,2.528503723442554474e-02,-1.550321280956268311e-01,3.334643542766571045e-01,-3.999909460544586182e-01,-1.352964434772729874e-02,-2.450116677209734917e-03,3.097490668296813965e-01,1.965604871511459351e-01,-3.430583477020263672e-01,-1.226671412587165833e-01,4.982776567339897156e-02,-8.786289393901824951e-02,-1.898593306541442871e-01,3.501862883567810059e-01,-3.025665581226348877e-01,1.881202310323715210e-01,-2.553106658160686493e-02,3.719802480190992355e-03
3.113522529602050781e+00,-1.306071043014526367e+00,1.003325581550598145e+00,-4.789999499917030334e-02,-2.721328986808657646e-03,9.988360404968261719e-01,-4.979604855179786682e-03,-6.522405743598937988e-01,1.443015690892934799e-02,2.631153538823127747e-02,6.619213223457336426e-01,-1.631865948438644409e-01,-6.693365285173058510e-04,-1.058838739991188049e-01,2.525219880044460297e-02,-1.525546014308929443e-01,3.364577293395996094e-01,-4.047795832157135010e-01,-1.430797297507524490e-02,-5.296704475767910480e-04,3.207226097583770752e-01,1.923410892486572266e-01,-3.479770123958587646e-01,-1.132696419954299927e-01,4.943836107850074768e-02,-1.035717129707336426e-01,-1.925572603940963745e-01,3.548288345336914062e-01,-3.106846213340759277e-01,1.892482489347457886e-01,-2.892842330038547516e-02,4.675665870308876038e-03
3.107783317565917969e+00,-1.306167364120483398e+00,1.002097725868225098e+00,-4.838103055953979492e-02,-2.619648817926645279e-03,9.988152980804443359e-01,-4.521326627582311630e-03,-6.557014584541320801e-01,6.865581963211297989e-03,2.261448465287685394e-02,6.366164684295654297e-01,-1.604624539613723755e-01,-7.053519599139690399e-03,-1.014632806181907654e-01,2.532892115414142609e-02,-1.507392674684524536e-01,3.382903635501861572e-01,-4.094996154308319092e-01,-1.561049558222293854e-02,5.375691107474267483e-04,3.317397534847259521e-01,1.883168071508407593e-01,-3.526529073715209961e-01,-1.037804707884788513e-01,4.941913858056068420e-02,-1.191848292946815491e-01,-1.957364380359649658e-01,3.594766855239868164e-01,-3.184024989604949951e-01,1.907113939523696899e-01,-3.204059973359107971e-02,5.158667918294668198e-03
3.102010726928710938e+00,-1.306241750717163086e+00,1.000803112983703613e+00,-4.884468019008636475e-02,-2.533321967348456383e-03,9.987935423851013184e-01,-4.391764756292104721e-03,-6.595821380615234375e-01,4.010144766652956605e-05,1.916390843689441681e-02,6.140891909599304199e-01,-1.571419835090637207e-01,-1.057586539536714554e-02,-9.717327356338500977e-02,2.523218840360641479e-02,-1.501073688268661499e-01,3.407080173492431641e-01,-4.142515659332275391e-01,-1.693285256624221802e-02,6.021717563271522522e-04,3.426114618778228760e-01,1.843809485435485840e-01,-3.569056689739227295e-01,-9.443993121385574341e-02,5.010788142681121826e-02,-1.346736252307891846e-01,-1.995457261800765991e-01,3.643718361854553223e-01,-3.260183334350585938e-01,1.927116066217422485e-01,-3.487617149949073792e-02,5.532322451472282410e-03
3.095632553100585938e+00,-1.306457161903381348e+00,9.994630217552185059e-01,-4.953349754214286804e-02,-2.462784061208367348e-03,9.987577199935913086e-01,-4.831452388316392899e-03,-6.631277203559875488e-01,-6.659097038209438324e-03,1.617707684636116028e-02,5.932886600494384766e-01,-1.548900306224822998e-01,-1.499465014785528183e-02,-9.244509041309356689e-02,2.480678632855415344e-02,-1.512568145990371704e-01,3.430636227130889893e-01,-4.204705655574798584e-01,-1.725270785391330719e-02,6.695372285321354866e-04,3.532112836837768555e-01,1.807186603546142578e-01,-3.610946834087371826e-01,-8.595333248376846313e-02,5.088863149285316467e-02,-1.502332240343093872e-01,-2.037251889705657959e-01,3.686394095420837402e-01,-3.335926234722137451e-01,1.939091831445693970e-01,-3.764738142490386963e-02,5.196539219468832016e-03
3.089035034179687500e+00,-1.306654572486877441e+00,9.980039000511169434e-01,-4.989143833518028259e-02,-2.355681499466300011e-03,9.987340569496154785e-01,-5.962562747299671173e-03,-6.652464270591735840e-01,-1.330230571329593658e-02,1.275108102709054947e-02,5.746068358421325684e-01,-1.525195688009262085e-01,-1.550522912293672562e-02,-8.599518984556198120e-02,2.493718080222606659e-02,-1.523144692182540894e-01,3.437376618385314941e-01,-4.257447421550750732e-01,-2.353086695075035095e-02,7.945032848510891199e-05,3.635048866271972656e-01,1.773505806922912598e-01,-3.648014664649963379e-01,-7.784398645162582397e-02,5.222200229763984680e-02,-1.654103696346282959e-01,-2.082659453153610229e-01,3.725434839725494385e-01,-3.401717543601989746e-01,1.947013735771179199e-01,-3.990236669778823853e-02,4.450556356459856033e-03
3.082153320312500000e+00,-1.307044506072998047e+00,9.964990019798278809e-01,-4.995002225041389465e-02,-2.345020417124032974e-03,9.987285137176513672e-01,-6.391845643520355225e-03,-6.694723367691040039e-01,-1.797929964959621429e-02,1.042534410953521729e-02,5.620474219322204590e-01,-1.518859118223190308e-01,-1.663168892264366150e-02,-7.890661805868148804e-02,2.446276880800724030e-02,-1.544401198625564575e-01,3.447843194007873535e-01,-4.292775392532348633e-01,-2.600423805415630341e-02,1.859429903561249375e-04,3.717208504676818848e-01,1.749728620052337646e-01,-3.673692047595977783e-01,-7.310252636671066284e-02,5.308984965085983276e-02,-1.774628311395645142e-01,-2.120621651411056519e-01,3.750294148921966553e-01,-3.438439667224884033e-01,1.948837339878082275e-01,-4.073539003729820251e-02,3.937419038265943527e-03
3.074687719345092773e+00,-1.307411432266235352e+00,9.950521588325500488e-01,-5.059770494699478149e-02,-2.194322180002927780e-03,9.986890554428100586e-01,-7.430350407958030701e-03,-6.697974205017089844e-01,-2.356833778321743011e-02,7.535703480243682861e-03,5.463833808898925781e-01,-1.504330039024353027e-01,-1.512682344764471054e-02,-7.078759372234344482e-02,2.390688657760620117e-02,-1.579289436340332031e-01,3.429875671863555908e-01,-4.330853521823883057e-01,-2.441969141364097595e-02,-5.108481273055076599e-04,3.818257153034210205e-01,1.720714867115020752e-01,-3.701900839805603027e-01,-6.455583870410919189e-02,5.517065525054931641e-02,-1.927740126848220825e-01,-2.173251360654830933e-01,3.776553273200988770e-01,-3.506737053394317627e-01,1.946951299905776978e-01,-4.210311174392700195e-02,2.813815372064709663e-03
3.067129611968994141e+00,-1.307839870452880859e+00,9.935862421989440918e-01,-5.059764161705970764e-02,-2.004434587433934212e-03,9.986862540245056152e-01,-7.850948721170425415e-03,-6.727603077888488770e-01,-2.770211361348628998e-02,4.303983878344297409e-03,5.379680395126342773e-01,-1.499949097633361816e-01,-1.475128997117280960e-02,-6.173467636108398438e-02,2.321645058691501617e-02,-1.602685004472732544e-01,3.418799638748168945e-01,-4.369872510433197021e-01,-2.282514981925487518e-02,-9.178631007671356201e-04,3.896541297435760498e-01,1.698848307132720947e-01,-3.718875348567962646e-01,-6.035123020410537720e-02,5.653374642133712769e-02,-2.047304660081863403e-01,-2.215229421854019165e-01,3.789733946323394775e-01,-3.538405299186706543e-01,1.939255595207214355e-01,-4.246519878506660461e-02,2.262408146634697914e-03
3.059466838836669922e+00,-1.308264970779418945e+00,9.920266270637512207e-01,-5.036694183945655823e-02,-1.975136809051036835e-03,9.986926317214965820e-01,-8.504158817231655121e-03,-6.732571125030517578e-01,-3.122898750007152557e-02,1.451260410249233246e-03,5.297700762748718262e-01,-1.485680937767028809e-01,-1.286087185144424438e-02,-5.106840655207633972e-02,2.319318614900112152e-02,-1.628309488296508789e-01,3.387693464756011963e-01,-4.406491518020629883e-01,-2.210161834955215454e-02,-1.201899722218513489e-03,3.975411653518676758e-01,1.678354144096374512e-01,-3.731454312801361084e-01,-5.569901317358016968e-02,5.826743692159652710e-02,-2.167143523693084717e-01,-2.257857322692871094e-01,3.794331550598144531e-01,-3.566949665546417236e-01,1.922972500324249268e-01,-4.254485294222831726e-02,1.614799257367849350e-03
3.051517724990844727e+00,-1.308787226676940918e+00,9.904455542564392090e-01,-4.967231303453445435e-02,-1.910878694616258144e-03,9.987236857414245605e-01,-8.947612717747688293e-03,-6.727554798126220703e-01,-3.438371419906616211e-02,-2.078297315165400505e-03,5.251774787902832031e-01,-1.459384709596633911e-01,-1.032508164644241333e-02,-3.939752653241157532e-02,2.311311103403568268e-02,-1.649189889430999756e-01,3.360063731670379639e-01,-4.432376325130462646e-01,-2.240037545561790466e-02,-1.842127763666212559e-03,4.054234921932220459e-01,1.658602654933929443e-01,-3.736070096492767334e-01,-5.085623636841773987e-02,6.088488176465034485e-02,-2.283356487751007080e-01,-2.300603538751602173e-01,3.795051276683807373e-01,-3.588197231292724609e-01,1.900814175605773926e-01,-4.220603033900260925e-02,1.126085873693227768e-03
3.043400764465332031e+00,-1.309360504150390625e+00,9.889197349548339844e-01,-4.888933151960372925e-02,-2.013214863836765289e-03,9.987631440162658691e-01,-8.830241858959197998e-03,-6.713029742240905762e-01,-3.616148605942726135e-02,-5.677055101841688156e-03,5.231267213821411133e-01,-1.434596925973892212e-01,-6.949316710233688354e-03,-2.874900400638580322e-02,2.267819829285144806e-02,-1.676899343729019165e-01,3.354643881320953369e-01,-4.451024532318115234e-01,-2.071934193372726440e-02,-2.163038821890950203e-03,4.131915569305419922e-01,1.639902740716934204e-01,-3.734181225299835205e-01,-4.614174365997314453e-02,6.410618126392364502e-02,-2.396242320537567139e-01,-2.340575307607650757e-01,3.790214955806732178e-01,-3.604522645473480225e-01,1.867138296365737915e-01,-4.147532954812049866e-02,7.177619263529777527e-04
3.035064935684204102e+00,-1.309830904006958008e+00,9.874853491783142090e-01,-4.805199056863784790e-02,-2.090504392981529236e-03,9.988025426864624023e-01,-8.952218107879161835e-03,-6.705796122550964355e-01,-3.740277513861656189e-02,-8.432957343757152557e-03,5.263872742652893066e-01,-1.385123878717422485e-01,2.910726238042116165e-03,-1.743933372199535370e-02,2.244104631245136261e-02,-1.702305376529693604e-01,3.346467912197113037e-01,-4.469938278198242188e-01,-1.900385320186614990e-02,-2.748110098764300346e-03,4.206212759017944336e-01,1.622723639011383057e-01,-3.724617958068847656e-01,-4.197360202670097351e-02,6.833120435476303101e-02,-2.504260838031768799e-01,-2.377806901931762695e-01,3.781234622001647949e-01,-3.613321483135223389e-01,1.827248781919479370e-01,-4.047748818993568420e-02,4.475819878280162811e-04
3.026656627655029297e+00,-1.310656309127807617e+00,9.862028956413269043e-01,-4.721712321043014526e-02,-2.403374528512358665e-03,9.988476037979125977e-01,-8.259601891040802002e-03,-6.694792509078979492e-01,-3.767384961247444153e-02,-1.218085736036300659e-02,5.326719880104064941e-01,-1.323144882917404175e-01,1.601810939610004425e-02,-1.051319111138582230e-02,2.109043672680854797e-02,-1.729885488748550415e-01,3.418571650981903076e-01,-4.454753994941711426e-01,-1.309171784669160843e-02,-2.821593312546610832e-03,4.276737570762634277e-01,1.606971174478530884e-01,-3.706330657005310059e-01,-3.831550106406211853e-02,7.316635549068450928e-02,-2.605699598789215088e-01,-2.411365956068038940e-01,3.770568370819091797e-01,-3.614111244678497314e-01,1.783486008644104004e-01,-3.935524076223373413e-02,4.979159566573798656e-04
3.018172502517700195e+00,-1.311367511749267578e+00,9.850271940231323242e-01,-4.625419527292251587e-02,-2.898516133427619934e-03,9.988948702812194824e-01,-7.821011357009410858e-03,-6.674663424491882324e-01,-3.633750230073928833e-02,-1.170973572880029678e-02,5.434495806694030762e-01,-1.251271218061447144e-01,2.820341102778911591e-02,-5.807110108435153961e-03,1.984783820807933807e-02,-1.745419502258300781e-01,3.546558916568756104e-01,-4.441859424114227295e-01,-1.078031118959188461e-02,-4.824954085052013397e-03,4.343722760677337646e-01,1.593467593193054199e-01,-3.680427372455596924e-01,-3.511996567249298096e-02,7.878948003053665161e-02,-2.700942754745483398e-01,-2.439089566469192505e-01,3.760704994201660156e-01,-3.608246445655822754e-01,1.737320274114608765e-01,-3.812987729907035828e-02,9.947930229827761650e-04
3.009661436080932617e+00,-1.312209010124206543e+00,9.836657047271728516e-01,-4.526518285274505615e-02,-3.149491967633366585e-03,9.989456534385681152e-01,-6.978242192417383194e-03,-6.660158634185791016e-01,-3.420828282833099365e-02,-9.183696471154689789e-03,5.582462549209594727e-01,-1.165867969393730164e-01,3.994688764214515686e-02,-3.163337241858243942e-04,1.847953908145427704e-02,-1.741449832916259766e-01,3.658909797668457031e-01,-4.446574449539184570e-01,-7.082495838403701782e-03,-6.227530539035797119e-03,4.406321942806243896e-01,1.580228954553604126e-01,-3.648546040058135986e-01,-3.266780823469161987e-02,8.477263152599334717e-02,-2.788247764110565186e-01,-2.461962252855300903e-01,3.752700686454772949e-01,-3.592597246170043945e-01,1.691591888666152954e-01,-3.696865215897560120e-02,1.953813480213284492e-03
3.000995874404907227e+00,-1.313138365745544434e+00,9.822515845298767090e-01,-4.443968087434768677e-02,-3.402564208954572678e-03,9.989903569221496582e-01,-5.639436654746532440e-03,-6.641898155212402344e-01,-3.086967952549457550e-02,-5.429600831121206284e-03,5.754297971725463867e-01,-1.140540540218353271e-01,4.694031178951263428e-02,5.149981006979942322e-03,1.725243218243122101e-02,-1.717660278081893921e-01,3.768411874771118164e-01,-4.447063207626342773e-01,-4.257315769791603088e-03,-7.632134947925806046e-03,4.464137554168701172e-01,1.567422598600387573e-01,-3.613164126873016357e-01,-3.119719214737415314e-02,9.080564230680465698e-02,-2.867994606494903564e-01,-2.478769123554229736e-01,3.747523128986358643e-01,-3.571492731571197510e-01,1.647012531757354736e-01,-3.599142655730247498e-02,3.242206061258912086e-03
2.992272138595581055e+00,-1.314205408096313477e+00,9.810124039649963379e-01,-4.362918436527252197e-02,-3.731815377250313759e-03,9.990333318710327148e-01,-3.866407787427306175e-03,-6.615490913391113281e-01,-2.689070813357830048e-02,-1.510947127826511860e-03,5.925081968307495117e-01,-1.194362044334411621e-01,5.048454180359840393e-02,8.407388813793659210e-03,1.553828362375497818e-02,-1.683472394943237305e-01,3.914770483970642090e-01,-4.418827295303344727e-01,-4.672971554100513458e-04,-8.597423322498798370e-03,4.515658617019653320e-01,1.554945409297943115e-01,-3.572839796543121338e-01,-3.047043830156326294e-02,9.722338616847991943e-02,-2.939652204513549805e-01,-2.490735501050949097e-01,3.747832179069519043e-01,-3.544241487979888916e-01,1.605336219072341919e-01,-3.520124778151512146e-02,4.799978807568550110e-03
2.983513593673706055e+00,-1.315340280532836914e+00,9.800460338592529297e-01,-4.269163683056831360e-02,-3.944535739719867706e-03,9.990787506103515625e-01,-1.883943681605160236e-03,-6.577777862548828125e-01,-2.284478582441806793e-02,2.722693607211112976e-03,6.085562705993652344e-01,-1.282083094120025635e-01,4.972582310438156128e-02,1.004575844854116440e-02,1.334386691451072693e-02,-1.632474213838577271e-01,4.092517197132110596e-01,-4.366517663002014160e-01,3.062013071030378342e-03,-9.568709880113601685e-03,4.562160074710845947e-01,1.542603969573974609e-01,-3.532046675682067871e-01,-3.009578771889209747e-02,1.034656167030334473e-01,-3.002954721450805664e-01,-2.499455213546752930e-01,3.757005929946899414e-01,-3.511215448379516602e-01,1.574083119630813599e-01,-3.452328592538833618e-02,6.665122229605913162e-03
2.974635839462280273e+00,-1.316547989845275879e+00,9.793000817298889160e-01,-4.194137826561927795e-02,-4.139970988035202026e-03,9.991114735603332520e-01,-2.890548785217106342e-05,-6.539719104766845703e-01,-1.853088103234767914e-02,8.016437292098999023e-03,6.229610443115234375e-01,-1.346117407083511353e-01,5.173652246594429016e-02,9.376487694680690765e-03,1.077609509229660034e-02,-1.583730578422546387e-01,4.305251538753509521e-01,-4.285844862461090088e-01,5.979229696094989777e-03,-1.009019650518894196e-02,4.601085186004638672e-01,1.531104594469070435e-01,-3.493119776248931885e-01,-3.010986559092998505e-02,1.092491298913955688e-01,-3.057436347007751465e-01,-2.503985166549682617e-01,3.770436942577362061e-01,-3.472926318645477295e-01,1.547382622957229614e-01,-3.396238014101982117e-02,8.527054451406002045e-03
2.965806484222412109e+00,-1.317774057388305664e+00,9.788005352020263672e-01,-4.051725566387176514e-02,-4.274457227438688278e-03,9.991679191589355469e-01,1.874407171271741390e-03,-6.490764617919921875e-01,-1.496861595660448074e-02,1.234366185963153839e-02,6.374629139900207520e-01,-1.432505846023559570e-01,5.292874947190284729e-02,7.960288785398006439e-03,7.801195140928030014e-03,-1.525726765394210815e-01,4.550364017486572266e-01,-4.175902903079986572e-01,9.830970317125320435e-03,-1.063217502087354660e-02,4.634193480014801025e-01,1.520199030637741089e-01,-3.460470438003540039e-01,-3.025605343282222748e-02,1.142824590206146240e-01,-3.101576268672943115e-01,-2.505552172660827637e-01,3.790421783924102783e-01,-3.425816595554351807e-01,1.528430283069610596e-01,-3.346474096179008484e-02,1.026652660220861435e-02
2.957043886184692383e+00,-1.319107174873352051e+00,9.787863492965698242e-01,-3.877514228224754333e-02,-4.392752423882484436e-03,9.992330670356750488e-01,3.242883831262588501e-03,-6.445679664611816406e-01,-1.286100782454013824e-02,1.511152926832437515e-02,6.522212028503417969e-01,-1.540160477161407471e-01,5.792176350951194763e-02,4.032573662698268890e-03,4.116364754736423492e-03,-1.478431075811386108e-01,4.845197796821594238e-01,-4.004946649074554443e-01,1.419916935265064240e-02,-1.040457934141159058e-02,4.659092426300048828e-01,1.511737704277038574e-01,-3.437401354312896729e-01,-3.049728274345397949e-02,1.180630028247833252e-01,-3.134333789348602295e-01,-2.505221962928771973e-01,3.815016448497772217e-01,-3.369404077529907227e-01,1.512741297483444214e-01,-3.287400677800178528e-02,1.177526265382766724e-02
2.948015689849853516e+00,-1.320501446723937988e+00,9.790367484092712402e-01,-3.723128139972686768e-02,-4.616750869899988174e-03,9.992869496345520020e-01,4.253040999174118042e-03,-6.361682415008544922e-01,-1.164556201547384262e-02,1.645564101636409760e-02,6.621449589729309082e-01,-1.645916551351547241e-01,6.227193400263786316e-02,-2.537599299103021622e-03,9.110874816542491317e-05,-1.425674706697463989e-01,5.177458524703979492e-01,-3.787981569766998291e-01,2.106761373579502106e-02,-1.077246852219104767e-02,4.673930704593658447e-01,1.506435275077819824e-01,-3.423578143119812012e-01,-3.115385957062244415e-02,1.207391694188117981e-01,-3.157318234443664551e-01,-2.501593828201293945e-01,3.841456770896911621e-01,-3.308812975883483887e-01,1.498878449201583862e-01,-3.219489380717277527e-02,1.305977441370487213e-02
2.938900947570800781e+00,-1.321892499923706055e+00,9.795730710029602051e-01,-3.531555086374282837e-02,-4.695367068052291870e-03,9.993546605110168457e-01,4.590366967022418976e-03,-6.257930994033813477e-01,-1.143491361290216446e-02,1.784070767462253571e-02,6.696210503578186035e-01,-1.736488938331604004e-01,6.564797461032867432e-02,-1.049591973423957825e-02,-4.270384553819894791e-03,-1.361774951219558716e-01,5.541910529136657715e-01,-3.519110381603240967e-01,2.868028357625007629e-02,-1.205734722316265106e-02,4.678910970687866211e-01,1.501147896051406860e-01,-3.415677845478057861e-01,-3.229738771915435791e-02,1.234528198838233948e-01,-3.168781995773315430e-01,-2.495534271001815796e-01,3.869068622589111328e-01,-3.244706392288208008e-01,1.486268043518066406e-01,-3.136228024959564209e-02,1.405034586787223816e-02
2.929776668548583984e+00,-1.323521256446838379e+00,9.804539084434509277e-01,-3.385245800018310547e-02,-4.735601600259542465e-03,9.994026422500610352e-01,5.088281352072954178e-03,-6.136944293975830078e-01,-1.164447143673896790e-02,1.945750974118709564e-02,6.733165979385375977e-01,-1.835142225027084351e-01,6.935866177082061768e-02,-2.291524969041347504e-02,-9.877072647213935852e-03,-1.317042857408523560e-01,5.953571796417236328e-01,-3.181397914886474609e-01,3.213062137365341187e-02,-1.286849938333034515e-02,4.670691788196563721e-01,1.497468799352645874e-01,-3.417835831642150879e-01,-3.426244482398033142e-02,1.253801882266998291e-01,-3.170199394226074219e-01,-2.488114535808563232e-01,3.898929357528686523e-01,-3.175338506698608398e-01,1.474808156490325928e-01,-3.037214837968349457e-02,1.477777026593685150e-02
2.920637845993041992e+00,-1.325172424316406250e+00,9.815148115158081055e-01,-3.148981556296348572e-02,-4.611032549291849136e-03,9.994791150093078613e-01,5.345009267330169678e-03,-5.984775424003601074e-01,-1.211796142160892487e-02,2.194535173475742340e-02,6.751642227172851562e-01,-1.941875964403152466e-01,7.453151047229766846e-02,-3.661050647497177124e-02,-1.629079505801200867e-02,-1.278981119394302368e-01,6.392989754676818848e-01,-2.783711254596710205e-01,3.726440295577049255e-02,-1.442800648510456085e-02,4.649728536605834961e-01,1.498694717884063721e-01,-3.433214128017425537e-01,-3.707997873425483704e-02,1.247338354587554932e-01,-3.155680298805236816e-01,-2.479565292596817017e-01,3.929941952228546143e-01,-3.087047040462493896e-01,1.463853418827056885e-01,-2.894451282918453217e-02,1.537143997848033905e-02
2.911056041717529297e+00,-1.326898217201232910e+00,9.828784465789794922e-01,-2.963773906230926514e-02,-4.394799470901489258e-03,9.995312094688415527e-01,6.296694278717041016e-03,-5.826665163040161133e-01,-1.223040185868740082e-02,2.607355080544948578e-02,6.749760508537292480e-01,-2.051454186439514160e-01,7.902266085147857666e-02,-5.556925013661384583e-02,-2.467826940119266510e-02,-1.282989382743835449e-01,6.848989725112915039e-01,-2.298960089683532715e-01,5.012756213545799255e-02,-1.538682263344526291e-02,4.612989723682403564e-01,1.501015722751617432e-01,-3.454931974411010742e-01,-4.165986552834510803e-02,1.228595823049545288e-01,-3.128930628299713135e-01,-2.468549758195877075e-01,3.962092399597167969e-01,-2.988677322864532471e-01,1.450085937976837158e-01,-2.728485129773616791e-02,1.593748107552528381e-02
2.901544570922851562e+00,-1.328499078750610352e+00,9.843292832374572754e-01,-2.790066599845886230e-02,-3.837332827970385551e-03,9.995838403701782227e-01,6.239461246877908707e-03,-5.657019019126892090e-01,-1.349245198071002960e-02,3.067601844668388367e-02,6.722697019577026367e-01,-2.155558168888092041e-01,8.208426833152770996e-02,-7.662332803010940552e-02,-3.435510769486427307e-02,-1.264338493347167969e-01,7.328465580940246582e-01,-1.710610240697860718e-01,5.013167485594749451e-02,-1.820144616067409515e-02,4.561844468116760254e-01,1.503074020147323608e-01,-3.481462597846984863e-01,-4.777005314826965332e-02,1.205759346485137939e-01,-3.092503845691680908e-01,-2.455173581838607788e-01,3.991632759571075439e-01,-2.882362008094787598e-01,1.432502418756484985e-01,-2.529402077198028564e-02,1.647433079779148102e-02
2.892125606536865234e+00,-1.330053091049194336e+00,9.858610033988952637e-01,-2.593419514596462250e-02,-2.947170753031969070e-03,9.996421337127685547e-01,5.858915857970714569e-03,-5.475156903266906738e-01,-1.579053513705730438e-02,3.496098518371582031e-02,6.676789522171020508e-01,-2.252405732870101929e-01,8.424000442028045654e-02,-9.977072477340698242e-02,-4.417855292558670044e-02,-1.221076324582099915e-01,7.827623486518859863e-01,-1.064843088388442993e-01,4.088688641786575317e-02,-2.164460718631744385e-02,4.496149122714996338e-01,1.504289805889129639e-01,-3.509231507778167725e-01,-5.552798509597778320e-02,1.183700263500213623e-01,-3.045521378517150879e-01,-2.441554069519042969e-01,4.021502733230590820e-01,-2.766826152801513672e-01,1.417056322097778320e-01,-2.293773368000984192e-02,1.691562868654727936e-02
2.882387399673461914e+00,-1.331650376319885254e+00,9.876149892807006836e-01,-2.445516362786293030e-02,-2.147847088053822517e-03,9.996856451034545898e-01,5.092959851026535034e-03,-5.290129184722900391e-01,-1.838509179651737213e-02,3.898337483406066895e-02,6.610436439514160156e-01,-2.343485653400421143e-01,8.584789186716079712e-02,-1.252928823232650757e-01,-5.388347804546356201e-02,-1.190306618809700012e-01,8.327332735061645508e-01,-3.983650729060173035e-02,2.787733264267444611e-02,-2.407538704574108124e-02,4.414336681365966797e-01,1.506981849670410156e-01,-3.538495302200317383e-01,-6.504541635513305664e-02,1.160953119397163391e-01,-2.989989519119262695e-01,-2.427118420600891113e-01,4.048282802104949951e-01,-2.644096910953521729e-01,1.400550156831741333e-01,-2.029549516737461090e-02,1.714162714779376984e-02
2.872710466384887695e+00,-1.333284497261047363e+00,9.896029829978942871e-01,-2.330024540424346924e-02,-1.788835157640278339e-03,9.997187852859497070e-01,4.036534577608108521e-03,-5.106830000877380371e-01,-2.042880654335021973e-02,4.252681508660316467e-02,6.529972553253173828e-01,-2.420234829187393188e-01,8.688667416572570801e-02,-1.554739624261856079e-01,-6.355465948581695557e-02,-1.167236343026161194e-01,8.846532702445983887e-01,2.496240288019180298e-02,8.368067443370819092e-03,-2.795762568712234497e-02,4.317431151866912842e-01,1.510904878377914429e-01,-3.565540909767150879e-01,-7.607460767030715942e-02,1.140883862972259521e-01,-2.927238643169403076e-01,-2.410715371370315552e-01,4.070500731468200684e-01,-2.515531182289123535e-01,1.382568478584289551e-01,-1.742351800203323364e-02,1.731416769325733185e-02
2.863250732421875000e+00,-1.334755063056945801e+00,9.914303421974182129e-01,-2.204379066824913025e-02,-1.858973875641822815e-03,9.997519254684448242e-01,2.579703694209456444e-03,-4.931136667728424072e-01,-2.160056307911872864e-02,4.527693614363670349e-02,6.456650495529174805e-01,-2.492177337408065796e-01,8.724101632833480835e-02,-1.862257719039916992e-01,-7.281526178121566772e-02,-1.166668236255645752e-01,9.365732669830322266e-01,8.390336483716964722e-02,-1.944854296743869781e-02,-3.205611556768417358e-02,4.206386804580688477e-01,1.518392860889434814e-01,-3.587298691272735596e-01,-8.842965215444564819e-02,1.123665645718574524e-01,-2.857048213481903076e-01,-2.390900552272796631e-01,4.086826741695404053e-01,-2.380274236202239990e-01,1.361521035432815552e-01,-1.429072394967079163e-02,1.740307919681072235e-02
2.853817462921142578e+00,-1.336216092109680176e+00,9.928992390632629395e-01,-2.107342146337032318e-02,-2.415343653410673141e-03,9.997748136520385742e-01,6.620211643166840076e-04,-4.771880507469177246e-01,-2.218431606888771057e-02,4.665396362543106079e-02,6.399883031845092773e-01,-2.577143013477325439e-01,8.706770837306976318e-02,-2.191401273012161255e-01,-8.244056999683380127e-02,-1.195245087146759033e-01,9.884932637214660645e-01,1.307028979063034058e-01,-5.111469328403472900e-02,-3.591984510421752930e-02,4.082010388374328613e-01,1.531158387660980225e-01,-3.604217767715454102e-01,-1.015526279807090759e-01,1.108649000525474548e-01,-2.780618071556091309e-01,-2.368218302726745605e-01,4.093420505523681641e-01,-2.240387797355651855e-01,1.335871815681457520e-01,-1.106182020157575607e-02,1.735522411763668060e-02
2.844646453857421875e+00,-1.337642550468444824e+00,9.938752055168151855e-01,-2.054816111922264099e-02,-2.122984733432531357e-03,9.997864961624145508e-01,-4.264657618477940559e-04,-4.630112648010253906e-01,-2.375747449696063995e-02,4.954982921481132507e-02,6.358798742294311523e-01,-2.664121091365814209e-01,8.750284463167190552e-02,-2.541987299919128418e-01,-9.632070362567901611e-02,-1.245112121105194092e-01,1.040413260459899902e+00,1.477463841438293457e-01,-8.279369771480560303e-02,-3.795222565531730652e-02,3.943426609039306641e-01,1.548430919647216797e-01,-3.619075715541839600e-01,-1.159474328160285950e-01,1.094159781932830811e-01,-2.698473036289215088e-01,-2.343167215585708618e-01,4.089784026145935059e-01,-2.094610780477523804e-01,1.304532587528228760e-01,-7.794045377522706985e-03,1.699251681566238403e-02
2.835644483566284180e+00,-1.339078783988952637e+00,9.944599866867065430e-01,-2.018468640744686127e-02,-7.169566233642399311e-04,9.997959733009338379e-01,-3.339634276926517487e-04,-4.493378698825836182e-01,-2.635444700717926025e-02,5.557560175657272339e-02,6.325740218162536621e-01,-2.755725383758544922e-01,8.561889827251434326e-02,-2.898460626602172852e-01,-1.149833947420120239e-01,-1.306685656309127808e-01,1.092333316802978516e+00,1.258875131607055664e-01,-9.573825448751449585e-02,-3.790530934929847717e-02,3.793409466743469238e-01,1.568544507026672363e-01,-3.631041944026947021e-01,-1.307989805936813354e-01,1.081078276038169861e-01,-2.612755000591278076e-01,-2.319235801696777344e-01,4.074213504791259766e-01,-1.949394941329956055e-01,1.267749816179275513e-01,-4.750288091599941254e-03,1.651144400238990784e-02
2.826352596282958984e+00,-1.340271472930908203e+00,9.953755736351013184e-01,-2.005401998758316040e-02,1.510214497102424502e-04,9.997987151145935059e-01,-6.230766884982585907e-04,-4.353565871715545654e-01,-2.788809500634670258e-02,6.107147410511970520e-02,6.277830600738525391e-01,-2.833416461944580078e-01,8.385726809501647949e-02,-3.203625679016113281e-01,-1.321031302213668823e-01,-1.394216418266296387e-01,1.129948496818542480e+00,9.975629299879074097e-02,-9.850119054317474365e-02,-3.760075569152832031e-02,3.634362518787384033e-01,1.594321429729461670e-01,-3.642450571060180664e-01,-1.455573737621307373e-01,1.068827360868453979e-01,-2.522481381893157959e-01,-2.295770496129989624e-01,4.049149751663208008e-01,-1.808807551860809326e-01,1.227801293134689331e-01,-2.035831799730658531e-03,1.590398699045181274e-02
2.817207813262939453e+00,-1.341378092765808105e+00,9.964258670806884766e-01,-1.983976736664772034e-02,6.714752526022493839e-04,9.998017549514770508e-01,-1.533955452032387257e-03,-4.209240674972534180e-01,-2.943365462124347687e-02,6.484559178352355957e-02,6.216441988945007324e-01,-2.900572121143341064e-01,8.350063115358352661e-02,-3.488935530185699463e-01,-1.468170136213302612e-01,-1.480032354593276978e-01,1.157893419265747070e+00,7.906316220760345459e-02,-1.025235205888748169e-01,-3.864970803260803223e-02,3.466320037841796875e-01,1.625295430421829224e-01,-3.652375340461730957e-01,-1.598684340715408325e-01,1.057806313037872314e-01,-2.427524477243423462e-01,-2.271749675273895264e-01,4.014002084732055664e-01,-1.672219783067703247e-01,1.181749925017356873e-01,4.004093934781849384e-04,1.520739775151014328e-02
2.807944774627685547e+00,-1.342531442642211914e+00,9.976167678833007812e-01,-1.934560760855674744e-02,1.044014352373778820e-03,9.998065233230590820e-01,-3.400750458240509033e-03,-4.053313434123992920e-01,-3.164213895797729492e-02,6.671331077814102173e-02,6.139145493507385254e-01,-2.947701513767242432e-01,8.350684493780136108e-02,-3.767192959785461426e-01,-1.575000435113906860e-01,-1.534453779458999634e-01,1.178772091865539551e+00,6.233341246843338013e-02,-1.123855412006378174e-01,-4.146078228950500488e-02,3.291266262531280518e-01,1.663092225790023804e-01,-3.665733337402343750e-01,-1.735802143812179565e-01,1.044364050030708313e-01,-2.325325310230255127e-01,-2.247509360313415527e-01,3.974507749080657959e-01,-1.539485156536102295e-01,1.133340150117874146e-01,2.659693593159317970e-03,1.441128272563219070e-02
2.798608303070068359e+00,-1.343582749366760254e+00,9.988114833831787109e-01,-1.925516128540039062e-02,2.171308267861604691e-03,9.997922778129577637e-01,-6.321777589619159698e-03,-3.879874050617218018e-01,-3.639840334653854370e-02,6.741319596767425537e-02,6.013424992561340332e-01,-2.984457910060882568e-01,8.340032398700714111e-02,-4.054183065891265869e-01,-1.665842533111572266e-01,-1.560050398111343384e-01,1.195189356803894043e+00,3.795281425118446350e-02,-1.270984113216400146e-01,-4.694179445505142212e-02,3.034137189388275146e-01,1.735259741544723511e-01,-3.690378367900848389e-01,-2.071907520294189453e-01,9.921438992023468018e-02,-2.180021852254867554e-01,-2.204878926277160645e-01,3.910581469535827637e-01,-1.193650960922241211e-01,9.872476011514663696e-02,8.443531580269336700e-03,1.179785281419754028e-02
2.789161205291748047e+00,-1.344521284103393555e+00,1.000095009803771973e+00,-1.911275275051593781e-02,2.592994133010506630e-03,9.997767806053161621e-01,-8.623761124908924103e-03,-3.714408576488494873e-01,-3.910239040851593018e-02,6.798340380191802979e-02,5.903732776641845703e-01,-3.014680147171020508e-01,8.344476670026779175e-02,-4.307909905910491943e-01,-1.678459942340850830e-01,-1.538413017988204956e-01,1.200341343879699707e+00,1.993293501436710358e-02,-1.315120905637741089e-01,-5.056890472769737244e-02,2.789213359355926514e-01,1.815249174833297729e-01,-3.720903098583221436e-01,-2.306997328996658325e-01,9.308168292045593262e-02,-2.044247090816497803e-01,-2.160620242357254028e-01,3.848432004451751709e-01,-9.320140630006790161e-02,8.702337741851806641e-02,1.280230283737182617e-02,9.249047376215457916e-03
2.779725790023803711e+00,-1.345471382141113281e+00,1.001318573951721191e+00,-1.887122541666030884e-02,2.639253623783588409e-03,9.997675418853759766e-01,-1.008823886513710022e-02,-3.549168407917022705e-01,-4.050818830728530884e-02,6.916166841983795166e-02,5.798312425613403320e-01,-3.050162494182586670e-01,8.364720642566680908e-02,-4.552904367446899414e-01,-1.638484448194503784e-01,-1.473665386438369751e-01,1.198581099510192871e+00,1.269178581424057484e-03,-1.302529871463775635e-01,-5.283633992075920105e-02,2.546745836734771729e-01,1.900328248739242554e-01,-3.755072653293609619e-01,-2.487813085317611694e-01,8.639562129974365234e-02,-1.907871663570404053e-01,-2.115054428577423096e-01,3.791446387767791748e-01,-7.202992588281631470e-02,7.768844068050384521e-02,1.608925871551036835e-02,7.030981592833995819e-03
2.770149230957031250e+00,-1.346325516700744629e+00,1.002486586570739746e+00,-1.883133873343467712e-02,2.588881412521004677e-03,9.997596740722656250e-01,-1.092207990586757660e-02,-3.391303718090057373e-01,-4.106562212109565735e-02,7.135146856307983398e-02,5.700715780258178711e-01,-3.077755868434906006e-01,8.393310010433197021e-02,-4.796701371669769287e-01,-1.559221595525741577e-01,-1.374157369136810303e-01,1.191353917121887207e+00,-1.413059607148170471e-02,-1.257230788469314575e-01,-5.415103957056999207e-02,2.302016764879226685e-01,1.986974328756332397e-01,-3.789792358875274658e-01,-2.640070915222167969e-01,7.942122220993041992e-02,-1.767091453075408936e-01,-2.069307416677474976e-01,3.742368221282958984e-01,-5.360103771090507507e-02,7.117331773042678833e-02,1.860262267291545868e-02,5.183559842407703400e-03
2.760644674301147461e+00,-1.347059249877929688e+00,1.003466129302978516e+00,-1.924641057848930359e-02,2.590913791209459305e-03,9.997467398643493652e-01,-1.136940997093915939e-02,-3.244490027427673340e-01,-4.146447777748107910e-02,7.411433011293411255e-02,5.602795481681823730e-01,-3.110578954219818115e-01,8.479634672403335571e-02,-5.040782690048217773e-01,-1.440336108207702637e-01,-1.235116645693778992e-01,1.178575038909912109e+00,-3.010115027427673340e-02,-1.198743879795074463e-01,-5.497815087437629700e-02,2.051924765110015869e-01,2.072791606187820435e-01,-3.822931945323944092e-01,-2.784796953201293945e-01,7.325664162635803223e-02,-1.622140556573867798e-01,-2.023411989212036133e-01,3.700697124004364014e-01,-3.711248561739921570e-02,6.683699786663055420e-02,2.030829712748527527e-02,3.416430205106735229e-03
2.750987768173217773e+00,-1.347800135612487793e+00,1.004389643669128418e+00,-1.978227682411670685e-02,2.667414257302880287e-03,9.997455477714538574e-01,-1.050567254424095154e-02,-3.094603121280670166e-01,-4.142339900135993958e-02,7.881020754575729370e-02,5.503492355346679688e-01,-3.145150542259216309e-01,8.317749947309494019e-02,-5.271522402763366699e-01,-1.298893839120864868e-01,-1.073549091815948486e-01,1.159413695335388184e+00,-4.053664207458496094e-02,-1.163743138313293457e-01,-5.467893183231353760e-02,1.796188056468963623e-01,2.155525088310241699e-01,-3.849456608295440674e-01,-2.922038435935974121e-01,6.844803690910339355e-02,-1.473230868577957153e-01,-1.978728473186492920e-01,3.668900132179260254e-01,-2.141925692558288574e-02,6.556232273578643799e-02,2.122192643582820892e-02,2.469580853357911110e-03
2.741240024566650391e+00,-1.348190307617187500e+00,1.005167007446289062e+00,-2.048215270042419434e-02,2.683823462575674057e-03,9.997379183769226074e-01,-9.865884669125080109e-03,-2.946508228778839111e-01,-4.112605005502700806e-02,8.284687250852584839e-02,5.398389101028442383e-01,-3.174834549427032471e-01,8.389186859130859375e-02,-5.482996106147766113e-01,-1.139694005250930786e-01,-9.059604257345199585e-02,1.135616779327392578e+00,-5.680242925882339478e-02,-1.066358983516693115e-01,-5.306104198098182678e-02,1.536653488874435425e-01,2.233075797557830811e-01,-3.871118426322937012e-01,-3.056642711162567139e-01,6.488562375307083130e-02,-1.320693641901016235e-01,-1.935735940933227539e-01,3.639054596424102783e-01,-6.816203705966472626e-03,6.576915830373764038e-02,2.158390171825885773e-02,1.263928366824984550e-03
2.731265068054199219e+00,-1.348653078079223633e+00,1.005824208259582520e+00,-2.092249132692813873e-02,2.675443422049283981e-03,9.997357726097106934e-01,-9.137962944805622101e-03,-2.790411710739135742e-01,-4.068914800882339478e-02,8.780485391616821289e-02,5.296570658683776855e-01,-3.219447731971740723e-01,8.192162960767745972e-02,-5.672475695610046387e-01,-9.871634095907211304e-02,-7.519752532243728638e-02,1.107865214347839355e+00,-6.953660398721694946e-02,-9.852418303489685059e-02,-5.118959397077560425e-02,1.275741606950759888e-01,2.304594069719314575e-01,-3.888807892799377441e-01,-3.188673555850982666e-01,6.322842836380004883e-02,-1.162358000874519348e-01,-1.893397718667984009e-01,3.611741662025451660e-01,6.844124756753444672e-03,6.681558489799499512e-02,2.167394571006298065e-02,1.791576796676963568e-04
2.721172332763671875e+00,-1.349088788032531738e+00,1.006386160850524902e+00,-2.127506770193576813e-02,2.760115545243024826e-03,9.997381567955017090e-01,-7.959831506013870239e-03,-2.629276812076568604e-01,-4.030652716755867004e-02,9.348106384277343750e-02,5.193138122558593750e-01,-3.266605138778686523e-01,7.979759573936462402e-02,-5.823037028312683105e-01,-8.527652174234390259e-02,-6.268410384654998779e-02,1.073989510536193848e+00,-8.171533793210983276e-02,-9.027551859617233276e-02,-4.888679459691047668e-02,1.015527471899986267e-01,2.371826767921447754e-01,-3.907189965248107910e-01,-3.308727443218231201e-01,6.261190772056579590e-02,-9.997863322496414185e-02,-1.852719038724899292e-01,3.583575189113616943e-01,1.975704729557037354e-02,6.814882159233093262e-02,2.157191559672355652e-02,-8.547953329980373383e-04
2.710906505584716797e+00,-1.349322080612182617e+00,1.006870388984680176e+00,-2.164417318999767303e-02,2.848779549822211266e-03,9.997369647026062012e-01,-7.030570879578590393e-03,-2.467743158340454102e-01,-3.988066315650939941e-02,9.940695762634277344e-02,5.090175271034240723e-01,-3.308424651622772217e-01,7.926998287439346313e-02,-5.941538214683532715e-01,-7.380155473947525024e-02,-5.364692583680152893e-02,1.034585237503051758e+00,-8.936829119920730591e-02,-8.648652583360671997e-02,-4.688017442822456360e-02,7.562932372093200684e-02,2.433114498853683472e-01,-3.926067948341369629e-01,-3.418832719326019287e-01,6.320279091596603394e-02,-8.352020382881164551e-02,-1.814620196819305420e-01,3.548144698143005371e-01,3.216586261987686157e-02,6.871986389160156250e-02,2.143640629947185516e-02,-1.926758443005383015e-03
2.700598001480102539e+00,-1.349685907363891602e+00,1.007148265838623047e+00,-2.176488749682903290e-02,2.875708974897861481e-03,9.997385740280151367e-01,-6.388354115188121796e-03,-2.303745299577713013e-01,-3.952386975288391113e-02,1.049995198845863342e-01,4.993053376674652100e-01,-3.353166580200195312e-01,7.787426561117172241e-02,-6.086360216140747070e-01,-6.480383872985839844e-02,-4.760964587330818176e-02,9.971163868904113770e-01,-9.353641420602798462e-02,-8.323294669389724731e-02,-4.525871947407722473e-02,4.986735060811042786e-02,2.491862624883651733e-01,-3.945196568965911865e-01,-3.512852489948272705e-01,6.410258263349533081e-02,-6.676544994115829468e-02,-1.778260469436645508e-01,3.507093787193298340e-01,4.309551045298576355e-02,6.896145641803741455e-02,2.151811309158802032e-02,-2.799254609271883965e-03
2.690071344375610352e+00,-1.350038766860961914e+00,1.007354855537414551e+00,-2.307090908288955688e-02,3.084378782659769058e-03,9.997119903564453125e-01,-5.846364889293909073e-03,-2.155883908271789551e-01,-4.002147912979125977e-02,1.099897176027297974e-01,4.882498383522033691e-01,-3.385467529296875000e-01,7.908831536769866943e-02,-6.191161870956420898e-01,-5.789190530776977539e-02,-4.486855119466781616e-02,9.510154724121093750e-01,-9.528640657663345337e-02,-8.186324685811996460e-02,-4.386438056826591492e-02,2.398514747619628906e-02,2.546797096729278564e-01,-3.966203629970550537e-01,-3.605186641216278076e-01,6.478150188922882080e-02,-5.035022646188735962e-02,-1.746308058500289917e-01,3.454891741275787354e-01,5.173746496438980103e-02,6.768497079610824585e-02,2.103911526501178741e-02,-3.797862678766250610e-03
2.679243564605712891e+00,-1.350200176239013672e+00,1.007338762283325195e+00,-2.378620207309722900e-02,3.292931709438562393e-03,9.996975064277648926e-01,-5.316267255693674088e-03,-1.994370371103286743e-01,-4.010885208845138550e-02,1.162499710917472839e-01,4.774188697338104248e-01,-3.433564603328704834e-01,7.808093726634979248e-02,-6.262363791465759277e-01,-5.299268662929534912e-02,-4.585655406117439270e-02,9.022171497344970703e-01,-9.433001279830932617e-02,-8.116308599710464478e-02,-4.318678006529808044e-02,-1.663292758166790009e-03,2.600494027137756348e-01,-3.988901078701019287e-01,-3.681243658065795898e-01,6.448139250278472900e-02,-3.383633494377136230e-02,-1.717813611030578613e-01,3.396844863891601562e-01,5.974901467561721802e-02,6.569030880928039551e-02,2.059725113213062286e-02,-4.755221772938966751e-03
2.668176174163818359e+00,-1.350429415702819824e+00,1.007160425186157227e+00,-2.482418715953826904e-02,3.513626055791974068e-03,9.996731877326965332e-01,-4.990480374544858932e-03,-1.836168169975280762e-01,-4.059543833136558533e-02,1.213806569576263428e-01,4.665667414665222168e-01,-3.473761975765228271e-01,7.847162336111068726e-02,-6.316964030265808105e-01,-4.960484802722930908e-02,-4.945670068264007568e-02,8.499427437782287598e-01,-9.120076894760131836e-02,-8.310572057962417603e-02,-4.247909411787986755e-02,-2.725235931575298309e-02,2.653368711471557617e-01,-4.015302658081054688e-01,-3.747161924839019775e-01,6.309084594249725342e-02,-1.743330247700214386e-02,-1.693326830863952637e-01,3.331118524074554443e-01,6.625610589981079102e-02,6.226842105388641357e-02,1.992058940231800079e-02,-5.764523521065711975e-03
2.656890153884887695e+00,-1.350597977638244629e+00,1.006769776344299316e+00,-2.596169523894786835e-02,3.734385594725608826e-03,9.996449947357177734e-01,-4.681822843849658966e-03,-1.681037992238998413e-01,-4.108144715428352356e-02,1.257465332746505737e-01,4.564996361732482910e-01,-3.526343107223510742e-01,7.634223252534866333e-02,-6.357260942459106445e-01,-4.750191047787666321e-02,-5.670614168047904968e-02,7.957431077957153320e-01,-8.732619881629943848e-02,-8.331277966499328613e-02,-4.145989567041397095e-02,-5.271921679377555847e-02,2.706072926521301270e-01,-4.045689702033996582e-01,-3.807498514652252197e-01,6.051079928874969482e-02,-1.100138877518475056e-03,-1.672027558088302612e-01,3.259885311126708984e-01,7.168382406234741211e-02,5.843725427985191345e-02,1.914637535810470581e-02,-6.837368942797183990e-03
2.645423412322998047e+00,-1.350752472877502441e+00,1.006263971328735352e+00,-2.752755768597126007e-02,3.968988079577684402e-03,9.996023774147033691e-01,-4.647154361009597778e-03,-1.531711816787719727e-01,-4.176243394613265991e-02,1.298549473285675049e-01,4.461307227611541748e-01,-3.576606214046478271e-01,7.459005713462829590e-02,-6.384810209274291992e-01,-4.596874117851257324e-02,-6.716634333133697510e-02,7.382183074951171875e-01,-7.962492108345031738e-02,-7.988961040973663330e-02,-4.090433567762374878e-02,-7.863879203796386719e-02,2.760352492332458496e-01,-4.080772995948791504e-01,-3.870786428451538086e-01,5.648832395672798157e-02,1.535841170698404312e-02,-1.653184592723846436e-01,3.181878030300140381e-01,7.593479752540588379e-02,5.322852358222007751e-02,1.753550022840499878e-02,-8.452642709016799927e-03
2.634011745452880859e+00,-1.350735902786254883e+00,1.005633592605590820e+00,-2.826388925313949585e-02,4.093703348189592361e-03,9.995799660682678223e-01,-4.929929040372371674e-03,-1.372707188129425049e-01,-4.175176098942756653e-02,1.342937350273132324e-01,4.368907511234283447e-01,-3.621591925621032715e-01,7.248439639806747437e-02,-6.391745209693908691e-01,-4.397687688469886780e-02,-7.910703867673873901e-02,6.806779503822326660e-01,-7.146452367305755615e-02,-7.532350718975067139e-02,-4.137767478823661804e-02,-1.040944308042526245e-01,2.814573347568511963e-01,-4.116278588771820068e-01,-3.914458453655242920e-01,5.218786746263504028e-02,3.189716115593910217e-02,-1.636551469564437866e-01,3.099917471408843994e-01,7.907042652368545532e-02,4.769982025027275085e-02,1.621439680457115173e-02,-9.882006794214248657e-03
2.622460126876831055e+00,-1.350697398185729980e+00,1.004917979240417480e+00,-2.912703156471252441e-02,4.170272499322891235e-03,9.995504617691040039e-01,-5.755238700658082962e-03,-1.212241873145103455e-01,-4.164129868149757385e-02,1.385577768087387085e-01,4.268419742584228516e-01,-3.657201528549194336e-01,6.882839649915695190e-02,-6.344144940376281738e-01,-4.074468091130256653e-02,-8.969502896070480347e-02,6.166391968727111816e-01,-5.905849114060401917e-02,-6.991773843765258789e-02,-4.244738444685935974e-02,-1.291292756795883179e-01,2.867499291896820068e-01,-4.151244461536407471e-01,-3.950752019882202148e-01,4.830207675695419312e-02,4.865062609314918518e-02,-1.621957868337631226e-01,3.013989925384521484e-01,8.196197450160980225e-02,4.286532476544380188e-02,1.484696660190820694e-02,-1.161406375467777252e-02
2.610515594482421875e+00,-1.350574970245361328e+00,1.004037499427795410e+00,-2.945733070373535156e-02,3.984167240560054779e-03,9.995342493057250977e-01,-6.900922860950231552e-03,-1.030342504382133484e-01,-4.130455851554870605e-02,1.415432393550872803e-01,4.156169891357421875e-01,-3.709310591220855713e-01,6.744174659252166748e-02,-6.318299770355224609e-01,-3.545779734849929810e-02,-9.739024937152862549e-02,5.565178990364074707e-01,-4.011093825101852417e-02,-6.391725689172744751e-02,-4.396515339612960815e-02,-1.536084413528442383e-01,2.917841076850891113e-01,-4.183563292026519775e-01,-3.973415791988372803e-01,4.487547650933265686e-02,6.546390801668167114e-02,-1.608178913593292236e-01,2.922622859477996826e-01,8.449155092239379883e-02,3.834436833858489990e-02,1.360512804239988327e-02,-1.349298749119043350e-02
2.598530530929565430e+00,-1.350322008132934570e+00,1.003006577491760254e+00,-2.981378324329853058e-02,3.739310428500175476e-03,9.995133280754089355e-01,-8.380101993680000305e-03,-8.503115922212600708e-02,-4.010320827364921570e-02,1.464695185422897339e-01,4.046651721000671387e-01,-3.754756152629852295e-01,6.582119315862655640e-02,-6.275514960289001465e-01,-2.860345691442489624e-02,-1.009066849946975708e-01,4.966106116771697998e-01,-1.879488863050937653e-02,-5.091827735304832458e-02,-4.608692973852157593e-02,-1.774481385946273804e-01,2.966642975807189941e-01,-4.217262864112854004e-01,-3.985731601715087891e-01,4.157048836350440979e-02,8.243359625339508057e-02,-1.593443751335144043e-01,2.830508351325988770e-01,8.690465986728668213e-02,3.469564765691757202e-02,1.235027611255645752e-02,-1.550071779638528824e-02
2.586439371109008789e+00,-1.350097656250000000e+00,1.001917004585266113e+00,-2.972164005041122437e-02,3.239380195736885071e-03,9.995106458663940430e-01,-9.198430925607681274e-03,-6.586481630802154541e-02,-3.813679143786430359e-02,1.526096314191818237e-01,3.937421143054962158e-01,-3.797955214977264404e-01,6.224296241998672485e-02,-6.231157779693603516e-01,-1.959480904042720795e-02,-9.917664527893066406e-02,4.398447275161743164e-01,1.626276294700801373e-03,-2.907665073871612549e-02,-4.718900471925735474e-02,-2.006605714559555054e-01,3.010369539260864258e-01,-4.244632124900817871e-01,-3.984296321868896484e-01,3.979637846350669861e-02,9.970585256814956665e-02,-1.577943712472915649e-01,2.742784619331359863e-01,8.905835449695587158e-02,3.281475603580474854e-02,1.119457930326461792e-02,-1.784697361290454865e-02
2.574378252029418945e+00,-1.349806308746337891e+00,1.000472664833068848e+00,-2.949817292392253876e-02,2.676248783245682716e-03,9.995208382606506348e-01,-8.986150845885276794e-03,-4.746067896485328674e-02,-3.548540174961090088e-02,1.599667072296142578e-01,3.853108584880828857e-01,-3.850696682929992676e-01,5.750846862792968750e-02,-6.197515726089477539e-01,-9.225646965205669403e-03,-9.406974166631698608e-02,3.884154558181762695e-01,1.815849542617797852e-02,-2.629332477226853371e-03,-4.610792547464370728e-02,-2.230262160301208496e-01,3.050635457038879395e-01,-4.269193410873413086e-01,-3.971659839153289795e-01,3.860253095626831055e-02,1.171508133411407471e-01,-1.560989618301391602e-01,2.661378979682922363e-01,9.075889736413955688e-02,3.203756734728813171e-02,1.009887829422950745e-02,-2.028039284050464630e-02
2.561924934387207031e+00,-1.349214792251586914e+00,9.989324212074279785e-01,-2.922715060412883759e-02,2.111691050231456757e-03,9.995294809341430664e-01,-9.060036391019821167e-03,-2.945263870060443878e-02,-3.108473308384418488e-02,1.730023175477981567e-01,3.790755867958068848e-01,-3.894599676132202148e-01,5.133260786533355713e-02,-6.139425039291381836e-01,6.342711276374757290e-04,-8.725042641162872314e-02,3.411090672016143799e-01,2.504816651344299316e-02,2.039023116230964661e-02,-4.516365379095077515e-02,-2.445257753133773804e-01,3.086465299129486084e-01,-4.293841421604156494e-01,-3.948355317115783691e-01,3.846747055649757385e-02,1.347789764404296875e-01,-1.542719155550003052e-01,2.585978806018829346e-01,9.188962727785110474e-02,3.268152847886085510e-02,8.809089660644531250e-03,-2.267712540924549103e-02
2.549597740173339844e+00,-1.348756670951843262e+00,9.973352551460266113e-01,-2.851698361337184906e-02,1.471334602683782578e-03,9.995649456977844238e-01,-7.385031320154666901e-03,-1.230641826987266541e-02,-2.780718728899955750e-02,1.837297230958938599e-01,3.762734234333038330e-01,-3.928005993366241455e-01,4.633389413356781006e-02,-6.102043986320495605e-01,1.153209526091814041e-02,-7.648410648107528687e-02,3.020195066928863525e-01,2.390978671610355377e-02,3.603518754243850708e-02,-4.103261232376098633e-02,-2.649780809879302979e-01,3.115948736667633057e-01,-4.315270185470581055e-01,-3.911037743091583252e-01,4.004858061671257019e-02,1.524183601140975952e-01,-1.524292081594467163e-01,2.515124976634979248e-01,9.256773442029953003e-02,3.455694764852523804e-02,7.630860432982444763e-03,-2.526281028985977173e-02
2.537093400955200195e+00,-1.348072290420532227e+00,9.957199692726135254e-01,-2.824364788830280304e-02,1.052075764164328575e-03,9.995802044868469238e-01,-6.369384005665779114e-03,2.315237186849117279e-03,-2.469702064990997314e-02,1.927399784326553345e-01,3.766140341758728027e-01,-3.946619629859924316e-01,4.167824983596801758e-02,-6.061241626739501953e-01,2.061675302684307098e-02,-6.261704862117767334e-02,2.692451179027557373e-01,1.342080347239971161e-02,4.332206398248672485e-02,-3.713570907711982727e-02,-2.843773961067199707e-01,3.138549029827117920e-01,-4.335134923458099365e-01,-3.879267573356628418e-01,4.290575534105300903e-02,1.698121875524520874e-01,-1.506549268960952759e-01,2.450809031724929810e-01,9.318173676729202271e-02,3.689193725585937500e-02,6.593600846827030182e-03,-2.752122469246387482e-02
2.524578571319580078e+00,-1.347306132316589355e+00,9.941745400428771973e-01,-2.841984108090400696e-02,9.796520462259650230e-04,9.995794892311096191e-01,-5.670387297868728638e-03,1.405045855790376663e-02,-2.204735018312931061e-02,2.001661509275436401e-01,3.804419636726379395e-01,-3.944643437862396240e-01,3.735477477312088013e-02,-6.000325679779052734e-01,2.793040126562118530e-02,-4.832256212830543518e-02,2.415125668048858643e-01,-3.959597088396549225e-03,3.981097042560577393e-02,-3.268755227327346802e-02,-3.028235435485839844e-01,3.153840899467468262e-01,-4.360404312610626221e-01,-3.840730488300323486e-01,4.592914879322052002e-02,1.868910342454910278e-01,-1.489431113004684448e-01,2.389978915452957153e-01,9.282023459672927856e-02,4.019544273614883423e-02,4.875849001109600067e-03,-3.016736358404159546e-02
2.512079477310180664e+00,-1.346396923065185547e+00,9.927374720573425293e-01,-2.849728986620903015e-02,1.033390755765140057e-03,9.995778799057006836e-01,-5.553960334509611130e-03,2.339882031083106995e-02,-1.921801641583442688e-02,2.044038325548171997e-01,3.884722292423248291e-01,-3.922229707241058350e-01,3.346723690629005432e-02,-5.953432917594909668e-01,3.328089416027069092e-02,-3.363270685076713562e-02,2.228499203920364380e-01,-2.250543050467967987e-02,3.206214308738708496e-02,-2.872015535831451416e-02,-3.202206194400787354e-01,3.162782788276672363e-01,-4.393987357616424561e-01,-3.791246116161346436e-01,4.727297276258468628e-02,2.036991119384765625e-01,-1.473398506641387939e-01,2.333012372255325317e-01,9.160234034061431885e-02,4.387131705880165100e-02,2.767571946606040001e-03,-3.317668661475181580e-02
2.499634981155395508e+00,-1.345435738563537598e+00,9.913604259490966797e-01,-2.853797189891338348e-02,1.636411296203732491e-03,9.995724558830261230e-01,-6.152379326522350311e-03,3.019951842725276947e-02,-1.731124520301818848e-02,2.046111971139907837e-01,4.005117416381835938e-01,-3.878947496414184570e-01,3.086923062801361084e-02,-5.934494733810424805e-01,3.555085510015487671e-02,-2.257254160940647125e-02,2.160784751176834106e-01,-3.936954587697982788e-02,2.584608830511569977e-02,-2.599253877997398376e-02,-3.328080773353576660e-01,3.165662884712219238e-01,-4.423941969871520996e-01,-3.774324953556060791e-01,4.736681655049324036e-02,2.164786607027053833e-01,-1.463921666145324707e-01,2.290801554918289185e-01,9.158787131309509277e-02,4.499159380793571472e-02,1.959422370418906212e-03,-3.446856886148452759e-02
2.487381696701049805e+00,-1.344383358955383301e+00,9.900290369987487793e-01,-2.830782718956470490e-02,2.337880665436387062e-03,9.995722770690917969e-01,-6.960366386920213699e-03,3.658277913928031921e-02,-1.569831557571887970e-02,2.036392241716384888e-01,4.136953949928283691e-01,-3.818068802356719971e-01,2.783835679292678833e-02,-5.900093913078308105e-01,3.649345412850379944e-02,-1.533749792724847794e-02,2.168560773134231567e-01,-5.229507386684417725e-02,2.511806227266788483e-02,-2.291421964764595032e-02,-3.447344005107879639e-01,3.164047300815582275e-01,-4.460846781730651855e-01,-3.751128911972045898e-01,4.708234220743179321e-02,2.295698523521423340e-01,-1.455397307872772217e-01,2.249659150838851929e-01,9.186182171106338501e-02,4.636442661285400391e-02,9.842207655310630798e-04,-3.619466349482536316e-02
2.475041627883911133e+00,-1.343350887298583984e+00,9.891936779022216797e-01,-2.816766873002052307e-02,2.941116457805037498e-03,9.995701909065246582e-01,-7.577068172395229340e-03,4.058104008436203003e-02,-1.367885805666446686e-02,2.017050534486770630e-01,4.303162395954132080e-01,-3.707148432731628418e-01,2.545672096312046051e-02,-5.884041190147399902e-01,3.665025532245635986e-02,-1.109883654862642288e-02,2.283985316753387451e-01,-5.151908099651336670e-02,2.297079376876354218e-02,-2.048601582646369934e-02,-3.557623922824859619e-01,3.160013854503631592e-01,-4.503334462642669678e-01,-3.720293343067169189e-01,4.601529240608215332e-02,2.422681152820587158e-01,-1.447506695985794067e-01,2.210148274898529053e-01,9.151970595121383667e-02,4.789368435740470886e-02,-6.953412957955151796e-05,-3.808720782399177551e-02
2.462691783905029297e+00,-1.342299461364746094e+00,9.883716702461242676e-01,-2.767293155193328857e-02,3.273758338764309883e-03,9.995734691619873047e-01,-8.738843724131584167e-03,4.526444897055625916e-02,-1.142372842878103256e-02,1.970690190792083740e-01,4.463680982589721680e-01,-3.585101962089538574e-01,2.356096543371677399e-02,-5.879694819450378418e-01,3.637843951582908630e-02,-6.729321554303169250e-03,2.498989701271057129e-01,-4.110957309603691101e-02,6.080149672925472260e-03,-1.956771872937679291e-02,-3.655793666839599609e-01,3.154237866401672363e-01,-4.551483392715454102e-01,-3.679152131080627441e-01,4.463777318596839905e-02,2.544319033622741699e-01,-1.440531015396118164e-01,2.171553671360015869e-01,9.064388275146484375e-02,4.909697175025939941e-02,-1.185060362331569195e-03,-3.989200666546821594e-02
2.450009107589721680e+00,-1.341268301010131836e+00,9.876016974449157715e-01,-2.687841840088367462e-02,3.841632977128028870e-03,9.995798468589782715e-01,-1.014539506286382675e-02,4.930233582854270935e-02,-9.397717192769050598e-03,1.921539008617401123e-01,4.645949006080627441e-01,-3.431649506092071533e-01,2.145172655582427979e-02,-5.865619778633117676e-01,3.471530601382255554e-02,-4.741877783089876175e-03,2.745302617549896240e-01,-2.887354418635368347e-02,-8.831048384308815002e-03,-1.908299699425697327e-02,-3.740669488906860352e-01,3.145637512207031250e-01,-4.601190686225891113e-01,-3.629240095615386963e-01,4.325236007571220398e-02,2.660784721374511719e-01,-1.433930546045303345e-01,2.134815901517868042e-01,8.940327912569046021e-02,5.056074261665344238e-02,-2.203544834628701210e-03,-4.141734540462493896e-02
2.437029838562011719e+00,-1.340159177780151367e+00,9.870669841766357422e-01,-2.571184188127517700e-02,4.576583858579397202e-03,9.995932579040527344e-01,-1.145667675882577896e-02,5.098156258463859558e-02,-6.898853927850723267e-03,1.865199804306030273e-01,4.882383048534393311e-01,-3.224750459194183350e-01,1.915716193616390228e-02,-5.814219713211059570e-01,3.160431236028671265e-02,-3.377067856490612030e-03,2.954142093658447266e-01,-1.877116039395332336e-02,-1.049769669771194458e-02,-1.869923621416091919e-02,-3.810607790946960449e-01,3.134590089321136475e-01,-4.652961492538452148e-01,-3.570468425750732422e-01,4.178619757294654846e-02,2.770576775074005127e-01,-1.427792459726333618e-01,2.098777294158935547e-01,8.756518363952636719e-02,5.192520096898078918e-02,-3.081908915191888809e-03,-4.281679540872573853e-02
2.423620939254760742e+00,-1.338991284370422363e+00,9.868749976158142090e-01,-2.428219839930534363e-02,4.922495223581790924e-03,9.996079802513122559e-01,-1.303725875914096832e-02,5.098742991685867310e-02,-2.729644766077399254e-03,1.821247488260269165e-01,5.154215693473815918e-01,-2.967502772808074951e-01,1.547238510102033615e-02,-5.789638757705688477e-01,2.936599217355251312e-02,-2.430210355669260025e-03,3.160115778446197510e-01,-1.069642230868339539e-02,-1.276318822056055069e-02,-1.914063282310962677e-02,-3.865554034709930420e-01,3.121502399444580078e-01,-4.704095125198364258e-01,-3.500200808048248291e-01,4.075610265135765076e-02,2.873082160949707031e-01,-1.421160250902175903e-01,2.064795196056365967e-01,8.529671281576156616e-02,5.327431485056877136e-02,-3.683212678879499435e-03,-4.400064796209335327e-02
2.410207748413085938e+00,-1.337815284729003906e+00,9.867165684700012207e-01,-2.267812564969062805e-02,5.011276341974735260e-03,9.996287226676940918e-01,-1.424810197204351425e-02,5.283555760979652405e-02,1.346729230135679245e-03,1.768619269132614136e-01,5.389339327812194824e-01,-2.690196633338928223e-01,1.263040397316217422e-02,-5.743129849433898926e-01,2.759214118123054504e-02,-3.448934759944677353e-03,3.341019749641418457e-01,-7.571628520963713527e-05,-1.954905502498149872e-02,-1.925187371671199799e-02,-3.906839787960052490e-01,3.105950355529785156e-01,-4.753955304622650146e-01,-3.423359692096710205e-01,4.014850407838821411e-02,2.968288660049438477e-01,-1.413919627666473389e-01,2.032260745763778687e-01,8.235019445419311523e-02,5.448222160339355469e-02,-3.988333512097597122e-03,-4.501944407820701599e-02
2.396420001983642578e+00,-1.336604237556457520e+00,9.871505498886108398e-01,-2.031469345092773438e-02,5.430795252323150635e-03,9.996623396873474121e-01,-1.526635978370904922e-02,4.943525046110153198e-02,6.821938790380954742e-03,1.758188754320144653e-01,5.723025798797607422e-01,-2.282840758562088013e-01,9.216938167810440063e-03,-5.673819780349731445e-01,2.465125918388366699e-02,-6.912382319569587708e-03,3.512640595436096191e-01,1.561910845339298248e-02,-2.285266667604446411e-02,-1.959794573485851288e-02,-3.931011557579040527e-01,3.086688518524169922e-01,-4.798736274242401123e-01,-3.339282274246215820e-01,4.023747146129608154e-02,3.054994940757751465e-01,-1.406539976596832275e-01,1.999436169862747192e-01,7.901588827371597290e-02,5.540888383984565735e-02,-3.862425219267606735e-03,-4.585636407136917114e-02
2.382601499557495117e+00,-1.335316896438598633e+00,9.876162409782409668e-01,-1.794340275228023529e-02,5.546383559703826904e-03,9.996852278709411621e-01,-1.663582772016525269e-02,4.528524354100227356e-02,1.404632534831762314e-02,1.783254891633987427e-01,6.041944026947021484e-01,-1.824558824300765991e-01,5.543326959013938904e-03,-5.576498508453369141e-01,2.124323323369026184e-02,-1.290671806782484055e-02,3.672372400760650635e-01,2.840259671211242676e-02,-2.679916843771934509e-02,-2.053892426192760468e-02,-3.938603103160858154e-01,3.065753579139709473e-01,-4.840472042560577393e-01,-3.242690265178680420e-01,4.052898287773132324e-02,3.134289681911468506e-01,-1.398913264274597168e-01,1.970430612564086914e-01,7.499351352453231812e-02,5.645797029137611389e-02,-3.357399255037307739e-03,-4.648631811141967773e-02
2.368722438812255859e+00,-1.334022760391235352e+00,9.883915185928344727e-01,-1.487685181200504303e-02,5.179931875318288803e-03,9.997321963310241699e-01,-1.695355959236621857e-02,3.990228846669197083e-02,2.280435152351856232e-02,1.815096586942672729e-01,6.360084414482116699e-01,-1.275194138288497925e-01,-1.368958223611116409e-02,-5.488738417625427246e-01,1.928353309631347656e-02,-1.947078853845596313e-02,3.860403299331665039e-01,3.410104289650917053e-02,-2.807347476482391357e-02,-2.052300795912742615e-02,-3.924513161182403564e-01,3.043324351310729980e-01,-4.875137209892272949e-01,-3.117620050907135010e-01,4.213856160640716553e-02,3.206457495689392090e-01,-1.390912234783172607e-01,1.945678442716598511e-01,7.059992104768753052e-02,5.773458257317543030e-02,-2.320815110579133034e-03,-4.694107919931411743e-02
2.354979753494262695e+00,-1.332783579826354980e+00,9.894238710403442383e-01,-1.250420976430177689e-02,4.578466992825269699e-03,9.997750520706176758e-01,-1.650969311594963074e-02,3.340877220034599304e-02,3.102477453649044037e-02,1.813869625329971313e-01,6.681753993034362793e-01,-6.248699128627777100e-02,-2.614437043666839600e-02,-5.379548668861389160e-01,1.848080009222030640e-02,-2.474682405591011047e-02,4.025125205516815186e-01,3.141400218009948730e-02,-3.115588612854480743e-02,-1.900212466716766357e-02,-3.894508779048919678e-01,3.018058240413665771e-01,-4.902771115303039551e-01,-2.978550195693969727e-01,4.455775767564773560e-02,3.269145786762237549e-01,-1.383597701787948608e-01,1.924839913845062256e-01,6.550964713096618652e-02,5.907516926527023315e-02,-9.939741576090455055e-04,-4.726178571581840515e-02
2.341266870498657227e+00,-1.331478714942932129e+00,9.907709956169128418e-01,-9.878720156848430634e-03,4.108837805688381195e-03,9.998229742050170898e-01,-1.547854300588369370e-02,1.872322149574756622e-02,4.061792045831680298e-02,1.816568225622177124e-01,7.111806869506835938e-01,4.533010069280862808e-03,-2.491615712642669678e-02,-5.260268449783325195e-01,1.866233162581920624e-02,-2.845971845090389252e-02,4.181045889854431152e-01,2.238832414150238037e-02,-3.581767901778221130e-02,-1.707739941775798798e-02,-3.849076330661773682e-01,2.990082800388336182e-01,-4.923619627952575684e-01,-2.832517921924591064e-01,4.761301726102828979e-02,3.321518301963806152e-01,-1.376872509717941284e-01,1.910905241966247559e-01,5.987404286861419678e-02,6.061415001749992371e-02,6.519068847410380840e-04,-4.740894585847854614e-02
2.327757835388183594e+00,-1.330183506011962891e+00,9.922810196876525879e-01,-7.807439658790826797e-03,3.331600688397884369e-03,9.998567104339599609e-01,-1.464524399489164352e-02,3.569906693883240223e-04,5.107970535755157471e-02,1.794146895408630371e-01,7.572795152664184570e-01,7.155300676822662354e-02,-2.222593128681182861e-02,-5.142374038696289062e-01,2.056451514363288879e-02,-2.969347685575485229e-02,4.320996403694152832e-01,1.073997654020786285e-02,-4.124499112367630005e-02,-1.532288175076246262e-02,-3.790165185928344727e-01,2.959928810596466064e-01,-4.940633475780487061e-01,-2.679998576641082764e-01,5.101228877902030945e-02,3.356266319751739502e-01,-1.369225382804870605e-01,1.906429976224899292e-01,5.131852999329566956e-02,6.332672387361526489e-02,2.543182345107197762e-03,-4.756599664688110352e-02
2.314486026763916016e+00,-1.328894972801208496e+00,9.938248395919799805e-01,-5.844480358064174652e-03,2.368771238252520561e-03,9.998894929885864258e-01,-1.346304919570684433e-02,-2.253326401114463806e-02,6.179130449891090393e-02,1.744514554738998413e-01,8.085675835609436035e-01,1.385730057954788208e-01,-2.006858028471469879e-02,-5.016243457794189453e-01,2.321624383330345154e-02,-3.127927705645561218e-02,4.446742534637451172e-01,-4.040468018501996994e-03,-4.617293179035186768e-02,-1.166749186813831329e-02,-3.719539344310760498e-01,2.927478551864624023e-01,-4.956557452678680420e-01,-2.525397539138793945e-01,5.434855446219444275e-02,3.378537297248840332e-01,-1.363086402416229248e-01,1.906154155731201172e-01,4.174187034368515015e-02,6.617420166730880737e-02,4.535558633506298065e-03,-4.766926169395446777e-02
2.301369667053222656e+00,-1.327674508094787598e+00,9.955903291702270508e-01,-4.247638862580060959e-03,1.432361779734492302e-03,9.999181628227233887e-01,-1.198331173509359360e-02,-4.916953295469284058e-02,7.237479835748672485e-02,1.679964810609817505e-01,8.604875802993774414e-01,2.055930048227310181e-01,-1.298093423247337341e-02,-4.880657196044921875e-01,2.592526003718376160e-02,-3.319688513875007629e-02,4.541236460208892822e-01,-1.908755116164684296e-02,-4.898486658930778503e-02,-7.093331776559352875e-03,-3.637884557247161865e-01,2.892783880233764648e-01,-4.974677562713623047e-01,-2.370475530624389648e-01,5.746630206704139709e-02,3.389166593551635742e-01,-1.359100788831710815e-01,1.909559369087219238e-01,3.154739364981651306e-02,6.894154101610183716e-02,6.508081685751676559e-03,-4.779449105262756348e-02
2.288331270217895508e+00,-1.326473712921142578e+00,9.972875118255615234e-01,-2.593354322016239166e-03,8.000350208021700382e-04,9.999423027038574219e-01,-1.039279997348785400e-02,-7.861031591892242432e-02,8.255273848772048950e-02,1.601375192403793335e-01,9.124075770378112793e-01,2.726130187511444092e-01,3.208315465599298477e-03,-4.737169444561004639e-01,2.810226380825042725e-02,-3.518817201256752014e-02,4.620462059974670410e-01,-3.460182249546051025e-02,-5.251090601086616516e-02,-9.552018018439412117e-04,-3.545218408107757568e-01,2.854983508586883545e-01,-4.999475181102752686e-01,-2.218938320875167847e-01,5.994175747036933899e-02,3.389265239238739014e-01,-1.358413100242614746e-01,1.914807260036468506e-01,2.088859863579273224e-02,7.153233140707015991e-02,8.431709371507167816e-03,-4.801717028021812439e-02
2.275762081146240234e+00,-1.325226664543151855e+00,9.985046386718750000e-01,-8.020957466214895248e-04,6.157272728160023689e-04,9.999625682830810547e-01,-8.594994433224201202e-03,-1.118671223521232605e-01,9.185651689767837524e-02,1.514654904603958130e-01,9.643275737762451172e-01,3.396330177783966064e-01,1.794075407087802887e-02,-4.598755836486816406e-01,2.969610504806041718e-02,-3.644160553812980652e-02,4.702715873718261719e-01,-5.098548904061317444e-02,-5.717265233397483826e-02,6.581761874258518219e-03,-3.441877961158752441e-01,2.812761962413787842e-01,-5.029571652412414551e-01,-2.070290893316268921e-01,6.197895482182502747e-02,3.379944264888763428e-01,-1.361880302429199219e-01,1.923343092203140259e-01,1.003550831228494644e-02,7.419127225875854492e-02,1.040275488048791885e-02,-4.846790060400962830e-02
2.263461351394653320e+00,-1.324120879173278809e+00,9.996494054794311523e-01,8.324767113663256168e-04,-8.985537715489044785e-05,9.999670386314392090e-01,-8.073297329246997833e-03,-1.499751806259155273e-01,1.028165444731712341e-01,1.404438167810440063e-01,1.016247510910034180e+00,4.066530168056488037e-01,2.837876044213771820e-02,-4.452639520168304443e-01,3.116384148597717285e-02,-4.047566279768943787e-02,4.767950177192687988e-01,-6.811655312776565552e-02,-6.196148321032524109e-02,1.192488335072994232e-02,-3.328516781330108643e-01,2.768642008304595947e-01,-5.071500539779663086e-01,-1.923335194587707520e-01,6.283608824014663696e-02,3.360498547554016113e-01,-1.368516534566879272e-01,1.934084743261337280e-01,-1.055297092534601688e-03,7.654446363449096680e-02,1.240801718086004257e-02,-4.911709576845169067e-02
2.251684665679931641e+00,-1.322935461997985840e+00,1.000336050987243652e+00,2.310776850208640099e-03,-2.105089835822582245e-03,9.999523162841796875e-01,-9.254711680114269257e-03,-1.887289136648178101e-01,1.158332154154777527e-01,1.264127790927886963e-01,1.065921306610107422e+00,4.385727047920227051e-01,3.212607651948928833e-02,-4.305195510387420654e-01,3.396475315093994141e-02,-4.813762754201889038e-02,4.821634888648986816e-01,-8.506470918655395508e-02,-6.643565744161605835e-02,1.298815011978149414e-02,-3.205551207065582275e-01,2.723025083541870117e-01,-5.120498538017272949e-01,-1.768553555011749268e-01,6.310082226991653442e-02,3.330242633819580078e-01,-1.376947164535522461e-01,1.950894594192504883e-01,-1.343839149922132492e-02,7.953502237796783447e-02,1.456065382808446884e-02,-4.986977204680442810e-02
2.239614486694335938e+00,-1.321947932243347168e+00,1.001437425613403320e+00,2.925353357568383217e-03,-3.699435852468013763e-03,9.999338984489440918e-01,-1.048401650041341782e-02,-2.225168198347091675e-01,1.242177337408065796e-01,1.129094883799552917e-01,1.103869676589965820e+00,4.233164787292480469e-01,3.220150619745254517e-02,-4.157919287681579590e-01,3.626372292637825012e-02,-5.479293689131736755e-02,4.846464395523071289e-01,-1.006237044930458069e-01,-7.071229815483093262e-02,1.393874827772378922e-02,-3.077602982521057129e-01,2.677174210548400879e-01,-5.174492597579956055e-01,-1.620292663574218750e-01,6.269433349370956421e-02,3.287961781024932861e-01,-1.388540714979171753e-01,1.973098069429397583e-01,-2.623471431434154510e-02,8.265776187181472778e-02,1.660707779228687286e-02,-5.075983330607414246e-02
2.227658271789550781e+00,-1.321165084838867188e+00,1.002763986587524414e+00,3.774018026888370514e-03,-4.551235586404800415e-03,9.999209046363830566e-01,-1.110293809324502945e-02,-2.557619512081146240e-01,1.305455267429351807e-01,1.025882661342620850e-01,1.138070940971374512e+00,3.841437399387359619e-01,4.085594043135643005e-02,-4.004252552986145020e-01,3.744364902377128601e-02,-5.965206027030944824e-02,4.858328998088836670e-01,-1.142048835754394531e-01,-7.361823320388793945e-02,1.449836045503616333e-02,-2.945934832096099854e-01,2.631338834762573242e-01,-5.226758122444152832e-01,-1.482781320810317993e-01,6.216240674257278442e-02,3.234713077545166016e-01,-1.406017243862152100e-01,2.002690881490707397e-01,-3.866049647331237793e-02,8.627421408891677856e-02,1.861260272562503815e-02,-5.154447257518768311e-02
2.215599298477172852e+00,-1.320677161216735840e+00,1.004142165184020996e+00,4.681379999965429306e-03,-4.948123358190059662e-03,9.999176263809204102e-01,-1.087631471455097198e-02,-2.877098321914672852e-01,1.346458494663238525e-01,9.395039826631546021e-02,1.166038155555725098e+00,3.342648148536682129e-01,5.938778817653656006e-02,-3.846763670444488525e-01,3.780467435717582703e-02,-6.368820369243621826e-02,4.860120117664337158e-01,-1.270005404949188232e-01,-7.454225420951843262e-02,1.559063605964183807e-02,-2.809459567070007324e-01,2.584136128425598145e-01,-5.274878144264221191e-01,-1.352278739213943481e-01,6.166958436369895935e-02,3.170448839664459229e-01,-1.430809050798416138e-01,2.039991319179534912e-01,-5.092321708798408508e-02,9.028382599353790283e-02,2.063858322799205780e-02,-5.213816836476325989e-02
2.203570127487182617e+00,-1.320341587066650391e+00,1.005445718765258789e+00,4.966516513377428055e-03,-5.500409752130508423e-03,9.999087452888488770e-01,-1.129402592778205872e-02,-3.226402699947357178e-01,1.371370404958724976e-01,8.449169993400573730e-02,1.193269848823547363e+00,2.747790217399597168e-01,8.499877899885177612e-02,-3.690426349639892578e-01,3.795390203595161438e-02,-6.908565014600753784e-02,4.845860004425048828e-01,-1.405664086341857910e-01,-7.380316406488418579e-02,1.511195395141839981e-02,-2.622497975826263428e-01,2.510979771614074707e-01,-5.333887338638305664e-01,-1.088759452104568481e-01,6.095051392912864685e-02,3.076122701168060303e-01,-1.477519571781158447e-01,2.103288918733596802e-01,-7.726987451314926147e-02,1.007883548736572266e-01,2.527097426354885101e-02,-5.315840989351272583e-02
2.191463947296142578e+00,-1.320063471794128418e+00,1.006972432136535645e+00,5.456458777189254761e-03,-5.362004972994327545e-03,9.999129772186279297e-01,-1.074583735316991806e-02,-3.528017103672027588e-01,1.336211264133453369e-01,7.327938824892044067e-02,1.206822991371154785e+00,2.263722419738769531e-01,9.821046888828277588e-02,-3.527475893497467041e-01,3.751602023839950562e-02,-7.211117446422576904e-02,4.818666279315948486e-01,-1.515652239322662354e-01,-7.369959354400634766e-02,1.536299102008342743e-02,-2.443860024213790894e-01,2.432237863540649414e-01,-5.372520685195922852e-01,-8.781763911247253418e-02,6.195101886987686157e-02,2.977103292942047119e-01,-1.534018665552139282e-01,2.170781195163726807e-01,-9.992124885320663452e-02,1.111221089959144592e-01,2.967608906328678131e-02,-5.350241810083389282e-02
2.179426431655883789e+00,-1.319802761077880859e+00,1.008522868156433105e+00,5.908425431698560715e-03,-4.936007782816886902e-03,9.999206662178039551e-01,-9.970415383577346802e-03,-3.801833093166351318e-01,1.262464374303817749e-01,6.140010431408882141e-02,1.211776733398437500e+00,1.811603158712387085e-01,1.066428050398826599e-01,-3.364051282405853271e-01,3.641861304640769958e-02,-7.517668604850769043e-02,4.786444306373596191e-01,-1.622154265642166138e-01,-7.194720953702926636e-02,1.609119027853012085e-02,-2.266852110624313354e-01,2.350305765867233276e-01,-5.396087765693664551e-01,-7.002016901969909668e-02,6.463754177093505859e-02,2.869431674480438232e-01,-1.598897129297256470e-01,2.242621779441833496e-01,-1.207274496555328369e-01,1.210825815796852112e-01,3.401676192879676819e-02,-5.338120087981224060e-02
2.167276859283447266e+00,-1.319655299186706543e+00,1.010065078735351562e+00,6.452319212257862091e-03,-4.352806601673364639e-03,9.999253749847412109e-01,-9.416588582098484039e-03,-4.062674641609191895e-01,1.163052767515182495e-01,4.836850240826606750e-02,1.210540771484375000e+00,1.373883783817291260e-01,1.099272966384887695e-01,-3.190226852893829346e-01,3.489106893539428711e-02,-7.823939621448516846e-02,4.738846123218536377e-01,-1.722244471311569214e-01,-7.121260464191436768e-02,1.632599718868732452e-02,-2.088180482387542725e-01,2.266026139259338379e-01,-5.401197075843811035e-01,-5.401218309998512268e-02,6.928227096796035767e-02,2.751997113227844238e-01,-1.670995056629180908e-01,2.317921966314315796e-01,-1.402255743741989136e-01,1.305019855499267578e-01,3.830938041210174561e-02,-5.287307873368263245e-02
2.155037164688110352e+00,-1.319565773010253906e+00,1.011467099189758301e+00,6.704876199364662170e-03,-3.887573955580592155e-03,9.999294877052307129e-01,-8.997797966003417969e-03,-4.299949407577514648e-01,1.045103445649147034e-01,3.447814658284187317e-02,1.201579093933105469e+00,9.644629061222076416e-02,1.141706109046936035e-01,-3.017951250076293945e-01,3.343632817268371582e-02,-8.266206830739974976e-02,4.683028459548950195e-01,-1.818592846393585205e-01,-7.110857963562011719e-02,1.631221920251846313e-02,-1.906563937664031982e-01,2.180690765380859375e-01,-5.389896035194396973e-01,-3.907164186239242554e-02,7.561621814966201782e-02,2.621933817863464355e-01,-1.748175024986267090e-01,2.391147613525390625e-01,-1.593011468648910522e-01,1.385097205638885498e-01,4.249496757984161377e-02,-5.207354202866554260e-02
2.142689943313598633e+00,-1.319469809532165527e+00,1.012726426124572754e+00,6.900922860950231552e-03,-3.417056053876876831e-03,9.999297261238098145e-01,-9.010331705212593079e-03,-4.511786103248596191e-01,9.171787649393081665e-02,2.052867598831653595e-02,1.185236930847167969e+00,6.103549525141716003e-02,1.218793168663978577e-01,-2.838241755962371826e-01,3.195595368742942810e-02,-8.773198723793029785e-02,4.617484807968139648e-01,-1.917449831962585449e-01,-7.097862660884857178e-02,1.542598754167556763e-02,-1.722301989793777466e-01,2.094560116529464722e-01,-5.362899303436279297e-01,-2.474134601652622223e-02,8.351308852434158325e-02,2.480857968330383301e-01,-1.829569190740585327e-01,2.466374188661575317e-01,-1.779321730136871338e-01,1.463010609149932861e-01,4.637343436479568481e-02,-5.111757665872573853e-02
2.130618333816528320e+00,-1.319481015205383301e+00,1.013706922531127930e+00,6.980705074965953827e-03,-3.028516424819827080e-03,9.999341964721679688e-01,-8.587209507822990417e-03,-4.721930921077728271e-01,7.867997884750366211e-02,6.675622425973415375e-03,1.164205551147460938e+00,3.292558714747428894e-02,1.297654360532760620e-01,-2.667149901390075684e-01,3.076720237731933594e-02,-9.193298220634460449e-02,4.555505812168121338e-01,-2.012522220611572266e-01,-7.132823765277862549e-02,1.434215251356363297e-02,-1.533249765634536743e-01,2.008343040943145752e-01,-5.327116250991821289e-01,-1.114483363926410675e-02,9.181963652372360229e-02,2.326867282390594482e-01,-1.912931054830551147e-01,2.537854313850402832e-01,-1.964615881443023682e-01,1.528593003749847412e-01,5.001109838485717773e-02,-4.992123693227767944e-02
2.118065118789672852e+00,-1.319356679916381836e+00,1.014693737030029297e+00,6.557448301464319229e-03,-2.916864119470119476e-03,9.999313950538635254e-01,-9.256403893232345581e-03,-4.899539947509765625e-01,6.700133532285690308e-02,-5.919841118156909943e-03,1.134932994842529297e+00,1.169627252966165543e-02,1.354465931653976440e-01,-2.493513822555541992e-01,3.009169921278953552e-02,-9.744174033403396606e-02,4.481856226921081543e-01,-2.109125852584838867e-01,-7.028674334287643433e-02,1.274621114134788513e-02,-1.341136842966079712e-01,1.923443078994750977e-01,-5.284253358840942383e-01,1.403413014486432076e-03,9.991028159856796265e-02,2.162225991487503052e-01,-1.996567994356155396e-01,2.603708505630493164e-01,-2.145038545131683350e-01,1.579734086990356445e-01,5.310014635324478149e-02,-4.879417642951011658e-02
2.105509757995605469e+00,-1.319190740585327148e+00,1.015338540077209473e+00,6.480336654931306839e-03,-2.917083678767085075e-03,9.999256134033203125e-01,-9.912413544952869415e-03,-5.053568482398986816e-01,5.690272524952888489e-02,-1.633457653224468231e-02,1.101682782173156738e+00,-5.080487113445997238e-03,1.345290243625640869e-01,-2.317989915609359741e-01,2.963014878332614899e-02,-1.034389361739158630e-01,4.420218169689178467e-01,-2.208629399538040161e-01,-6.902928650379180908e-02,9.786609560251235962e-03,-1.134826838970184326e-01,1.833148747682571411e-01,-5.236425995826721191e-01,1.716887764632701874e-02,1.101134493947029114e-01,1.984194219112396240e-01,-2.085627615451812744e-01,2.670654952526092529e-01,-2.377316504716873169e-01,1.636098772287368774e-01,5.696739628911018372e-02,-4.707103967666625977e-02
2.092593431472778320e+00,-1.319070816040039062e+00,1.015858769416809082e+00,5.798322614282369614e-03,-3.081976668909192085e-03,9.999197125434875488e-01,-1.083724759519100189e-02,-5.190307497978210449e-01,4.876232892274856567e-02,-2.407060749828815460e-02,1.062584877014160156e+00,-1.407125126570463181e-02,1.313387304544448853e-01,-2.145999670028686523e-01,2.940913476049900055e-02,-1.104803755879402161e-01,4.350402951240539551e-01,-2.308434844017028809e-01,-6.765203177928924561e-02,8.068591356277465820e-03,-9.295988827943801880e-02,1.746158152818679810e-01,-5.191692709922790527e-01,2.924010157585144043e-02,1.174387782812118530e-01,1.801370382308959961e-01,-2.172176688909530640e-01,2.728929817676544189e-01,-2.578712999820709229e-01,1.664535999298095703e-01,5.960421636700630188e-02,-4.549050331115722656e-02
2.079983234405517578e+00,-1.319091916084289551e+00,1.016054153442382812e+00,5.828467663377523422e-03,-3.298226743936538696e-03,9.999096989631652832e-01,-1.164885237812995911e-02,-5.288797616958618164e-01,4.269485175609588623e-02,-2.743684686720371246e-02,1.018106222152709961e+00,-2.258021198213100433e-02,1.280559301376342773e-01,-1.970629692077636719e-01,2.917986549437046051e-02,-1.175045892596244812e-01,4.296480417251586914e-01,-2.416931092739105225e-01,-6.585928052663803101e-02,5.819444078952074051e-03,-7.202543318271636963e-02,1.664175987243652344e-01,-5.150921344757080078e-01,3.980560973286628723e-02,1.224176809191703796e-01,1.613310426473617554e-01,-2.256996929645538330e-01,2.781896889209747314e-01,-2.753297686576843262e-01,1.681994199752807617e-01,6.163756176829338074e-02,-4.421422630548477173e-02
2.067183732986450195e+00,-1.319123029708862305e+00,1.016082286834716797e+00,5.132787395268678665e-03,-3.456624923273921013e-03,9.999135136604309082e-01,-1.160681527107954025e-02,-5.377546548843383789e-01,3.755281120538711548e-02,-2.839472517371177673e-02,9.695762991905212402e-01,-2.995472215116024017e-02,1.216118112206459045e-01,-1.805270016193389893e-01,2.940706349909305573e-02,-1.227967143058776855e-01,4.233320057392120361e-01,-2.527430951595306396e-01,-6.478294730186462402e-02,4.439282696694135666e-03,-5.093824490904808044e-02,1.586492210626602173e-01,-5.114080309867858887e-01,4.910361766815185547e-02,1.255095452070236206e-01,1.417082995176315308e-01,-2.341430038213729858e-01,2.832946777343750000e-01,-2.924654483795166016e-01,1.699507236480712891e-01,6.274208426475524902e-02,-4.286970570683479309e-02
2.054165124893188477e+00,-1.319370865821838379e+00,1.015795707702636719e+00,4.494385793805122375e-03,-3.582582576200366020e-03,9.999206662178039551e-01,-1.120862457901239395e-02,-5.436092019081115723e-01,3.321839496493339539e-02,-2.696248330175876617e-02,9.160779714584350586e-01,-3.546763956546783447e-02,1.178652048110961914e-01,-1.643260121345520020e-01,2.930175140500068665e-02,-1.277770698070526123e-01,4.181476533412933350e-01,-2.642636299133300781e-01,-6.332487612962722778e-02,3.921686206012964249e-03,-2.951938100159168243e-02,1.512599140405654907e-01,-5.084796547889709473e-01,5.775330588221549988e-02,1.258137375116348267e-01,1.215089857578277588e-01,-2.423498779535293579e-01,2.879130542278289795e-01,-3.090747296810150146e-01,1.711575686931610107e-01,6.323581188917160034e-02,-4.135609418153762817e-02
2.041030406951904297e+00,-1.319451570510864258e+00,1.015482068061828613e+00,3.489337163046002388e-03,-3.704745788127183914e-03,9.999252557754516602e-01,-1.111520547419786453e-02,-5.477446913719177246e-01,2.926959283649921417e-02,-2.416642196476459503e-02,8.581189513206481934e-01,-3.739765658974647522e-02,1.115887612104415894e-01,-1.476160883903503418e-01,2.981545589864253998e-02,-1.318645328283309937e-01,4.107760488986968994e-01,-2.744990587234497070e-01,-6.285700201988220215e-02,3.311527427285909653e-03,-8.016075938940048218e-03,1.442380100488662720e-01,-5.064122676849365234e-01,6.504116952419281006e-02,1.241144165396690369e-01,1.007786020636558533e-01,-2.505232691764831543e-01,2.924762070178985596e-01,-3.254287838935852051e-01,1.730086952447891235e-01,6.302350759506225586e-02,-4.004182666540145874e-02
2.027785301208496094e+00,-1.319653034210205078e+00,1.014354228973388672e+00,3.176823025569319725e-03,-3.861310891807079315e-03,9.999316930770874023e-01,-1.056651771068572998e-02,-5.497699975967407227e-01,2.510212175548076630e-02,-2.129510976374149323e-02,7.994154691696166992e-01,-3.782359138131141663e-02,1.058051437139511108e-01,-1.325761824846267700e-01,2.966938540339469910e-02,-1.361323148012161255e-01,4.099293947219848633e-01,-2.881068587303161621e-01,-6.176444143056869507e-02,3.486937144771218300e-03,1.377507857978343964e-02,1.376431286334991455e-01,-5.047938227653503418e-01,7.214695960283279419e-02,1.218893527984619141e-01,7.984518259763717651e-02,-2.585255801677703857e-01,2.966432273387908936e-01,-3.413948118686676025e-01,1.742548048496246338e-01,6.248256936669349670e-02,-3.852726891636848450e-02
2.014231681823730469e+00,-1.319816231727600098e+00,1.013038992881774902e+00,2.613918622955679893e-03,-3.869736567139625549e-03,9.999377727508544922e-01,-1.012987270951271057e-02,-5.507948398590087891e-01,2.055465802550315857e-02,-1.773007027804851532e-02,7.387959361076354980e-01,-3.703675419092178345e-02,9.761934727430343628e-02,-1.182835772633552551e-01,2.890434488654136658e-02,-1.414070725440979004e-01,4.103220403194427490e-01,-3.025076985359191895e-01,-5.959502235054969788e-02,3.899131435900926590e-03,3.571621328592300415e-02,1.313438564538955688e-01,-5.036380887031555176e-01,7.873755693435668945e-02,1.187316179275512695e-01,5.869149044156074524e-02,-2.663573324680328369e-01,3.006017208099365234e-01,-3.564787507057189941e-01,1.752002239227294922e-01,6.143045797944068909e-02,-3.697299212217330933e-02
2.000819921493530273e+00,-1.320054888725280762e+00,1.011591076850891113e+00,1.909199636429548264e-03,-3.789942013099789619e-03,9.999461174011230469e-01,-9.474557824432849884e-03,-5.505359768867492676e-01,1.472898200154304504e-02,-1.600873656570911407e-02,6.756801009178161621e-01,-3.508741408586502075e-02,9.079241007566452026e-02,-1.040642336010932922e-01,2.835857868194580078e-02,-1.448797136545181274e-01,4.099149107933044434e-01,-3.165669441223144531e-01,-5.728188902139663696e-02,4.121825564652681351e-03,5.763959512114524841e-02,1.253965348005294800e-01,-5.027053356170654297e-01,8.478637039661407471e-02,1.152590885758399963e-01,3.730917721986770630e-02,-2.741481661796569824e-01,3.044891059398651123e-01,-3.703954517841339111e-01,1.754422783851623535e-01,5.998218432068824768e-02,-3.533768281340599060e-02
1.987145781517028809e+00,-1.320280551910400391e+00,1.009862780570983887e+00,1.434428151696920395e-03,-3.647356759756803513e-03,9.999539852142333984e-01,-8.758478797972202301e-03,-5.490879416465759277e-01,8.120597340166568756e-03,-1.551272440701723099e-02,6.132291555404663086e-01,-3.727019578218460083e-02,8.044099062681198120e-02,-8.986461907625198364e-02,2.736120484769344330e-02,-1.489546298980712891e-01,4.109213948249816895e-01,-3.304211199283599854e-01,-5.576179921627044678e-02,4.666160792112350464e-03,7.959520816802978516e-02,1.196617260575294495e-01,-5.013021230697631836e-01,9.027313441038131714e-02,1.126979440450668335e-01,1.601220108568668365e-02,-2.818433642387390137e-01,3.084836304187774658e-01,-3.827641606330871582e-01,1.750766336917877197e-01,5.802796036005020142e-02,-3.351750969886779785e-02
1.973475575447082520e+00,-1.320458769798278809e+00,1.007902979850769043e+00,6.628673290833830833e-04,-3.383103758096694946e-03,9.999606609344482422e-01,-8.175072260200977325e-03,-5.472016930580139160e-01,3.024076868314296007e-04,-1.705688610672950745e-02,5.506944060325622559e-01,-4.061112552881240845e-02,7.091318070888519287e-02,-7.615587115287780762e-02,2.628139778971672058e-02,-1.528107374906539917e-01,4.117518365383148193e-01,-3.442554175853729248e-01,-5.551147833466529846e-02,4.783421754837036133e-03,1.014693006873130798e-01,1.142157539725303650e-01,-4.996200799942016602e-01,9.542793780565261841e-02,1.106024757027626038e-01,-5.454860161989927292e-03,-2.894591987133026123e-01,3.124987185001373291e-01,-3.934523463249206543e-01,1.739981174468994141e-01,5.566307902336120605e-02,-3.156569972634315491e-02
1.959693431854248047e+00,-1.320531249046325684e+00,1.005493521690368652e+00,5.456900689750909805e-04,-3.022145945578813553e-03,9.999657869338989258e-01,-7.683224510401487350e-03,-5.452949404716491699e-01,-7.829642854630947113e-03,-2.111583761870861053e-02,4.930875003337860107e-01,-4.410370439291000366e-02,5.904908105731010437e-02,-6.207283213734626770e-02,2.480259351432323456e-02,-1.569676697254180908e-01,4.150982201099395752e-01,-3.588596880435943604e-01,-5.207362025976181030e-02,4.454509820789098740e-03,1.234177201986312866e-01,1.090349704027175903e-01,-4.975354671478271484e-01,1.002825349569320679e-01,1.093362495303153992e-01,-2.682028897106647491e-02,-2.970557212829589844e-01,3.167739510536193848e-01,-4.024543762207031250e-01,1.730664074420928955e-01,5.304573848843574524e-02,-2.961590141057968140e-02
1.945987224578857422e+00,-1.320733308792114258e+00,1.002983450889587402e+00,2.029507304541766644e-04,-2.614988712593913078e-03,9.999707341194152832e-01,-7.189576048403978348e-03,-5.436224341392517090e-01,-1.614181324839591980e-02,-2.692018263041973114e-02,4.379313588142395020e-01,-4.585559293627738953e-02,4.790269210934638977e-02,-4.818103089928627014e-02,2.342272549867630005e-02,-1.602164059877395630e-01,4.178154468536376953e-01,-3.737595677375793457e-01,-4.751680791378021240e-02,3.534264862537384033e-03,1.453028172254562378e-01,1.040337756276130676e-01,-4.950652420520782471e-01,1.048316508531570435e-01,1.083126217126846313e-01,-4.808537289500236511e-02,-3.047319054603576660e-01,3.215327262878417969e-01,-4.100939631462097168e-01,1.728655397891998291e-01,5.014337599277496338e-02,-2.719011157751083374e-02
1.932376861572265625e+00,-1.320942163467407227e+00,1.000370740890502930e+00,-4.394382995087653399e-05,-2.182477153837680817e-03,9.999747276306152344e-01,-6.762477569282054901e-03,-5.418380498886108398e-01,-2.409796975553035736e-02,-3.374204784631729126e-02,3.869139850139617920e-01,-4.570751264691352844e-02,3.375237807631492615e-02,-3.397780284285545349e-02,2.205333858728408813e-02,-1.635631024837493896e-01,4.199307560920715332e-01,-3.875691294670104980e-01,-4.626929014921188354e-02,2.110189292579889297e-03,1.669014096260070801e-01,9.920451045036315918e-02,-4.916173815727233887e-01,1.082297638058662415e-01,1.093775928020477295e-01,-6.942481547594070435e-02,-3.121320903301239014e-01,3.261139690876007080e-01,-4.148925542831420898e-01,1.723533272743225098e-01,4.693076387047767639e-02,-2.453842759132385254e-02
1.918721079826354980e+00,-1.321241259574890137e+00,9.977124929428100586e-01,-2.380545920459553599e-04,-1.674356055445969105e-03,9.999793171882629395e-01,-6.207510363310575485e-03,-5.397956967353820801e-01,-3.119087964296340942e-02,-4.120143130421638489e-02,3.407048285007476807e-01,-4.465614631772041321e-02,2.214053831994533539e-02,-1.849345676600933075e-02,2.071116678416728973e-02,-1.660580188035964966e-01,4.197217822074890137e-01,-4.010266959667205811e-01,-4.407030344009399414e-02,3.643050731625407934e-04,1.883704364299774170e-01,9.458947926759719849e-02,-4.880502820014953613e-01,1.113664805889129639e-01,1.102161929011344910e-01,-9.081735461950302124e-02,-3.192338645458221436e-01,3.309777677059173584e-01,-4.184416532516479492e-01,1.726089566946029663e-01,4.359422996640205383e-02,-2.129632420837879181e-02
1.905116438865661621e+00,-1.321650862693786621e+00,9.950689673423767090e-01,-2.509257174097001553e-04,-1.249126507900655270e-03,9.999846220016479492e-01,-5.398102570325136185e-03,-5.379236936569213867e-01,-3.661275282502174377e-02,-4.702775925397872925e-02,3.010250031948089600e-01,-4.580383375287055969e-02,1.150059234350919724e-02,-2.617144724354147911e-03,1.873654685914516449e-02,-1.712955534458160400e-01,4.193309843540191650e-01,-4.122221469879150391e-01,-4.081999137997627258e-02,-1.163538428954780102e-03,2.095972895622253418e-01,9.017937630414962769e-02,-4.844495952129364014e-01,1.135199218988418579e-01,1.115772351622581482e-01,-1.120603382587432861e-01,-3.258314132690429688e-01,3.359446823596954346e-01,-4.209936857223510742e-01,1.724117696285247803e-01,4.031703621149063110e-02,-1.788371242582798004e-02
1.891480326652526855e+00,-1.322161078453063965e+00,9.925383925437927246e-01,-1.936416083481162786e-04,-9.559441823512315750e-04,9.999868869781494141e-01,-5.032279994338750839e-03,-5.356550216674804688e-01,-4.129054397344589233e-02,-5.347621813416481018e-02,2.668927907943725586e-01,-4.856358096003532410e-02,7.993462495505809784e-03,1.069363392889499664e-02,1.674623228609561920e-02,-1.749455034732818604e-01,4.242352843284606934e-01,-4.212759137153625488e-01,-3.670199960470199585e-02,-3.783947788178920746e-03,2.303409576416015625e-01,8.604136854410171509e-02,-4.807285070419311523e-01,1.143049225211143494e-01,1.133287101984024048e-01,-1.330368667840957642e-01,-3.318888545036315918e-01,3.411361873149871826e-01,-4.221679568290710449e-01,1.724980622529983521e-01,3.697003051638603210e-02,-1.448759622871875763e-02
1.877853393554687500e+00,-1.322849035263061523e+00,9.901452064514160156e-01,-4.785827186424285173e-04,-1.257538562640547752e-03,9.999915957450866699e-01,-3.870433429256081581e-03,-5.359478592872619629e-01,-4.310026764869689941e-02,-5.725791677832603455e-02,2.442681640386581421e-01,-5.850536003708839417e-02,9.337969124317169189e-03,2.106473408639431000e-02,1.566730625927448273e-02,-1.778302341699600220e-01,4.322410523891448975e-01,-4.260954260826110840e-01,-3.493854776024818420e-02,-4.790284670889377594e-03,2.457151561975479126e-01,8.329499512910842896e-02,-4.778300821781158447e-01,1.155487820506095886e-01,1.138171479105949402e-01,-1.489702016115188599e-01,-3.360475301742553711e-01,3.450038731098175049e-01,-4.231734871864318848e-01,1.724010258913040161e-01,3.589104861021041870e-02,-1.336753740906715393e-02
1.864215731620788574e+00,-1.323426008224487305e+00,9.878096580505371094e-01,-4.967100685462355614e-04,-1.332136918790638447e-03,9.999922513961791992e-01,-3.676059655845165253e-03,-5.364299416542053223e-01,-4.569287598133087158e-02,-6.004973500967025757e-02,2.274003773927688599e-01,-6.618086248636245728e-02,1.145493797957897186e-02,3.097596764564514160e-02,1.456807646900415421e-02,-1.783942878246307373e-01,4.428078830242156982e-01,-4.298124015331268311e-01,-3.081697784364223480e-02,-7.473481353372335434e-03,2.613490819931030273e-01,8.055453002452850342e-02,-4.749840795993804932e-01,1.169756129384040833e-01,1.141468286514282227e-01,-1.653127521276473999e-01,-3.399466574192047119e-01,3.489569127559661865e-01,-4.242374002933502197e-01,1.720012128353118896e-01,3.449060022830963135e-02,-1.197563204914331436e-02
1.850628018379211426e+00,-1.323974251747131348e+00,9.857197999954223633e-01,-8.119214326143264771e-04,-1.510440255515277386e-03,9.999889135360717773e-01,-4.384166561067104340e-03,-5.361031293869018555e-01,-4.780395328998565674e-02,-5.912310257554054260e-02,2.178843617439270020e-01,-7.136788964271545410e-02,1.512149814516305923e-02,3.909352794289588928e-02,1.382824964821338654e-02,-1.795940846204757690e-01,4.549991786479949951e-01,-4.301393628120422363e-01,-2.807395718991756439e-02,-1.071101613342761993e-02,2.768738567829132080e-01,7.793632149696350098e-02,-4.720876514911651611e-01,1.179626956582069397e-01,1.145416572690010071e-01,-1.819057017564773560e-01,-3.435184657573699951e-01,3.530817627906799316e-01,-4.253014922142028809e-01,1.715875566005706787e-01,3.271965309977531433e-02,-1.052797399461269379e-02
1.837113261222839355e+00,-1.324626207351684570e+00,9.838638901710510254e-01,-8.492347551509737968e-04,-1.643405645154416561e-03,9.999856948852539062e-01,-5.022149533033370972e-03,-5.392414927482604980e-01,-4.953127726912498474e-02,-5.468270182609558105e-02,2.199569344520568848e-01,-6.873082369565963745e-02,1.501016132533550262e-02,4.653559625148773193e-02,1.268940232694149017e-02,-1.821504533290863037e-01,4.689967930316925049e-01,-4.267008602619171143e-01,-2.480613812804222107e-02,-1.355219632387161255e-02,2.919188737869262695e-01,7.552200555801391602e-02,-4.693954288959503174e-01,1.186449155211448669e-01,1.143050119280815125e-01,-1.981512904167175293e-01,-3.465933203697204590e-01,3.571134209632873535e-01,-4.256792664527893066e-01,1.707234531641006470e-01,3.081627562642097473e-02,-9.173667058348655701e-03
1.823498368263244629e+00,-1.325207471847534180e+00,9.821930527687072754e-01,-6.582650821655988693e-04,-1.928631332702934742e-03,9.999805092811584473e-01,-5.905164405703544617e-03,-5.415613651275634766e-01,-5.016116797924041748e-02,-5.032044276595115662e-02,2.314521819353103638e-01,-6.209018826484680176e-02,1.909527182579040527e-02,5.284232273697853088e-02,1.148037519305944443e-02,-1.841506958007812500e-01,4.860253632068634033e-01,-4.193492233753204346e-01,-1.974866911768913269e-02,-1.554431859403848648e-02,3.062788546085357666e-01,7.350660860538482666e-02,-4.669582545757293701e-01,1.186339259147644043e-01,1.137740314006805420e-01,-2.137277126312255859e-01,-3.492735624313354492e-01,3.612172305583953857e-01,-4.250596165657043457e-01,1.694629341363906860e-01,2.885966747999191284e-02,-8.009726181626319885e-03
1.809832215309143066e+00,-1.325949788093566895e+00,9.807229638099670410e-01,4.838386757910484448e-06,-2.143078017979860306e-03,9.999780654907226562e-01,-6.265908945351839066e-03,-5.444111824035644531e-01,-4.993519559502601624e-02,-4.780412092804908752e-02,2.529020011425018311e-01,-5.062354356050491333e-02,2.910209447145462036e-02,5.907399207353591919e-02,9.696549735963344574e-03,-1.854520738124847412e-01,5.044054985046386719e-01,-4.087090790271759033e-01,-1.355212740600109100e-02,-1.648620329797267914e-02,3.197570741176605225e-01,7.183722406625747681e-02,-4.647763967514038086e-01,1.178405657410621643e-01,1.128004789352416992e-01,-2.282675206661224365e-01,-3.515765070915222168e-01,3.656398355960845947e-01,-4.234602749347686768e-01,1.684069782495498657e-01,2.699165418744087219e-02,-7.263255771249532700e-03
1.796042799949645996e+00,-1.326825022697448730e+00,9.794596433639526367e-01,1.361002097837626934e-03,-2.565086120739579201e-03,9.999742507934570312e-01,-6.561666261404752731e-03,-5.466417074203491211e-01,-4.877569153904914856e-02,-4.588824883103370667e-02,2.818242609500885010e-01,-3.521700948476791382e-02,4.052824899554252625e-02,6.446131318807601929e-02,7.706493604928255081e-03,-1.858510076999664307e-01,5.265355110168457031e-01,-3.940170109272003174e-01,-9.088104590773582458e-03,-1.741873472929000854e-02,3.324005603790283203e-01,7.064053416252136230e-02,-4.628707170486450195e-01,1.167610585689544678e-01,1.115273907780647278e-01,-2.414822578430175781e-01,-3.533653318881988525e-01,3.702484965324401855e-01,-4.205829799175262451e-01,1.672280877828598022e-01,2.558674477040767670e-02,-6.706146057695150375e-03
1.781947016716003418e+00,-1.327905416488647461e+00,9.783133268356323242e-01,3.086217446252703667e-03,-3.090220037847757339e-03,9.999716877937316895e-01,-6.125405430793762207e-03,-5.467749238014221191e-01,-4.621655493974685669e-02,-4.583683982491493225e-02,3.111094534397125244e-01,-1.603358425199985504e-02,4.373907297849655151e-02,6.871961802244186401e-02,4.956870339810848236e-03,-1.852186769247055054e-01,5.518267750740051270e-01,-3.746545016765594482e-01,-2.963382285088300705e-03,-1.741815172135829926e-02,3.441563546657562256e-01,6.987336277961730957e-02,-4.612307250499725342e-01,1.154091507196426392e-01,1.101976633071899414e-01,-2.532332837581634521e-01,-3.546296358108520508e-01,3.752225935459136963e-01,-4.168966710567474365e-01,1.663312911987304688e-01,2.474330365657806396e-02,-6.377839483320713043e-03
1.767698287963867188e+00,-1.329148054122924805e+00,9.774932265281677246e-01,4.879120271652936935e-03,-3.567060688510537148e-03,9.999660253524780273e-01,-5.610094405710697174e-03,-5.456920266151428223e-01,-4.348089173436164856e-02,-4.519223794341087341e-02,3.385061323642730713e-01,1.830075401812791824e-03,4.076600819826126099e-02,7.164635509252548218e-02,1.656132983043789864e-03,-1.841811537742614746e-01,5.789682269096374512e-01,-3.506560623645782471e-01,1.408053562045097351e-03,-1.746452040970325470e-02,3.549169600009918213e-01,6.943219900131225586e-02,-4.599663317203521729e-01,1.135493665933609009e-01,1.086093187332153320e-01,-2.636437416076660156e-01,-3.555106818675994873e-01,3.806578516960144043e-01,-4.124130606651306152e-01,1.656369417905807495e-01,2.440205402672290802e-02,-6.144538987427949905e-03
1.753163099288940430e+00,-1.330418825149536133e+00,9.771277308464050293e-01,6.424105726182460785e-03,-3.984169103205204010e-03,9.999575614929199219e-01,-5.268201231956481934e-03,-5.449918508529663086e-01,-4.095047712326049805e-02,-4.281785339117050171e-02,3.649650216102600098e-01,1.878452114760875702e-02,4.459419846534729004e-02,7.165511697530746460e-02,-2.435747068375349045e-03,-1.828022152185440063e-01,6.093017458915710449e-01,-3.192535340785980225e-01,6.226332392543554306e-03,-1.825186982750892639e-02,3.643642663955688477e-01,6.933415681123733521e-02,-4.588550329208374023e-01,1.108845397830009460e-01,1.068931296467781067e-01,-2.727486193180084229e-01,-3.559305369853973389e-01,3.864303529262542725e-01,-4.076175689697265625e-01,1.649678796529769897e-01,2.442976646125316620e-02,-5.989223718643188477e-03
1.738630175590515137e+00,-1.331725835800170898e+00,9.771378040313720703e-01,8.502585813403129578e-03,-4.242136608809232712e-03,9.999412894248962402e-01,-5.205336958169937134e-03,-5.423149466514587402e-01,-3.859264776110649109e-02,-3.967436775565147400e-02,3.905766606330871582e-01,3.292466327548027039e-02,4.370398819446563721e-02,7.051439583301544189e-02,-7.155691273510456085e-03,-1.814654767513275146e-01,6.410965919494628906e-01,-2.796865701675415039e-01,1.418606750667095184e-02,-1.881927438080310822e-02,3.725955784320831299e-01,6.958770751953125000e-02,-4.579551815986633301e-01,1.075825467705726624e-01,1.051421761512756348e-01,-2.805387973785400391e-01,-3.560284674167633057e-01,3.921243846416473389e-01,-4.018249213695526123e-01,1.641399711370468140e-01,2.494819276034832001e-02,-6.088106893002986908e-03
1.723984837532043457e+00,-1.332969427108764648e+00,9.775848388671875000e-01,1.043166313320398331e-02,-4.328953102231025696e-03,9.999257326126098633e-01,-4.576263017952442169e-03,-5.380829572677612305e-01,-3.592091426253318787e-02,-3.643042221665382385e-02,4.149277210235595703e-01,4.333792626857757568e-02,3.991486504673957825e-02,6.646924465894699097e-02,-1.350219920277595520e-02,-1.832280606031417847e-01,6.731226444244384766e-01,-2.300335764884948730e-01,2.621690928936004639e-02,-1.822382770478725433e-02,3.794965744018554688e-01,7.014390826225280762e-02,-4.573352336883544922e-01,1.036282628774642944e-01,1.032764166593551636e-01,-2.869687974452972412e-01,-3.557945191860198975e-01,3.977647125720977783e-01,-3.953354656696319580e-01,1.634333729743957520e-01,2.591843716800212860e-02,-6.303701549768447876e-03
1.709399342536926270e+00,-1.334208250045776367e+00,9.784522652626037598e-01,1.239518634974956512e-02,-4.240215755999088287e-03,9.999050498008728027e-01,-4.281315486878156662e-03,-5.327815413475036621e-01,-3.413412347435951233e-02,-3.397422283887863159e-02,4.401178359985351562e-01,4.148310422897338867e-02,4.391382262110710144e-02,5.940850824117660522e-02,-2.248286269605159760e-02,-1.900226473808288574e-01,7.044348120689392090e-01,-1.742707788944244385e-01,3.898217156529426575e-02,-1.628177240490913391e-02,3.850555419921875000e-01,7.095183432102203369e-02,-4.571130871772766113e-01,9.899456799030303955e-02,1.015437692403793335e-01,-2.919526100158691406e-01,-3.552620112895965576e-01,4.027317464351654053e-01,-3.877994418144226074e-01,1.622800827026367188e-01,2.729836292564868927e-02,-6.808578502386808395e-03
1.695055246353149414e+00,-1.335309386253356934e+00,9.796305894851684570e-01,1.462892256677150726e-02,-3.901186631992459297e-03,9.998618960380554199e-01,-6.855189800262451172e-03,-5.264316201210021973e-01,-3.603953868150711060e-02,-3.427223116159439087e-02,4.654437005519866943e-01,2.975166961550712585e-02,5.177367106080055237e-02,5.101891979575157166e-02,-3.009805828332901001e-02,-1.917182952165603638e-01,7.424892783164978027e-01,-1.082451790571212769e-01,4.096413031220436096e-02,-1.801766827702522278e-02,3.891674876213073730e-01,7.219108194112777710e-02,-4.575962424278259277e-01,9.370511025190353394e-02,9.945752471685409546e-02,-2.954042851924896240e-01,-3.544253110885620117e-01,4.068677425384521484e-01,-3.791847825050354004e-01,1.607195585966110229e-01,2.909250184893608093e-02,-7.739370223134756088e-03
1.680992960929870605e+00,-1.336404442787170410e+00,9.809811711311340332e-01,1.766422949731349945e-02,-3.611838445067405701e-03,9.997844099998474121e-01,-1.029897574335336685e-02,-5.179568529129028320e-01,-3.923428058624267578e-02,-3.672511130571365356e-02,4.894267618656158447e-01,1.632710546255111694e-02,6.196702644228935242e-02,3.561895713210105896e-02,-3.806910663843154907e-02,-1.909937709569931030e-01,7.891995906829833984e-01,-4.122518002986907959e-02,3.784657269716262817e-02,-2.131788060069084167e-02,3.914494812488555908e-01,7.413889467716217041e-02,-4.587249755859375000e-01,8.698000758886337280e-02,9.650817513465881348e-02,-2.972137033939361572e-01,-3.531941175460815430e-01,4.101386964321136475e-01,-3.694704473018646240e-01,1.587540209293365479e-01,3.131805360317230225e-02,-9.022707119584083557e-03
1.667115926742553711e+00,-1.337565183639526367e+00,9.823361039161682129e-01,1.975951343774795532e-02,-2.932324772700667381e-03,9.997041821479797363e-01,-1.387526094913482666e-02,-5.098339915275573730e-01,-4.345529526472091675e-02,-3.846292197704315186e-02,5.106356143951416016e-01,1.868375111371278763e-03,7.116176933050155640e-02,1.805775240063667297e-02,-4.658066108822822571e-02,-1.875923573970794678e-01,8.378053903579711914e-01,2.579482086002826691e-02,3.088503330945968628e-02,-2.549399994313716888e-02,3.920935392379760742e-01,7.645907253026962280e-02,-4.603630602359771729e-01,7.878334075212478638e-02,9.305404126644134521e-02,-2.979511320590972900e-01,-3.515509068965911865e-01,4.125785827636718750e-01,-3.591334223747253418e-01,1.567913591861724854e-01,3.367314115166664124e-02,-1.051044650375843048e-02
1.653273224830627441e+00,-1.338758111000061035e+00,9.840487241744995117e-01,2.202830091118812561e-02,-3.004796570166945457e-03,9.995902776718139648e-01,-1.802786439657211304e-02,-4.989453852176666260e-01,-4.630917310714721680e-02,-4.026216268539428711e-02,5.271468758583068848e-01,-1.345310825854539871e-02,7.792526483535766602e-02,-6.545129697769880295e-03,-5.471578612923622131e-02,-1.840657293796539307e-01,8.897253870964050293e-01,9.281481802463531494e-02,1.825151778757572174e-02,-3.279853239655494690e-02,3.913053870201110840e-01,7.915761321783065796e-02,-4.618211686611175537e-01,6.992391496896743774e-02,9.013260155916213989e-02,-2.968906462192535400e-01,-3.491114377975463867e-01,4.134988486766815186e-01,-3.468315601348876953e-01,1.523011028766632080e-01,3.604275733232498169e-02,-1.196835935115814209e-02
1.639594078063964844e+00,-1.340167760848999023e+00,9.857243299484252930e-01,2.379527688026428223e-02,-3.157349070534110069e-03,9.994824528694152832e-01,-2.141572348773479462e-02,-4.871053099632263184e-01,-4.850070551037788391e-02,-4.137244448065757751e-02,5.402280092239379883e-01,-2.984084002673625946e-02,8.653271943330764771e-02,-3.327611461281776428e-02,-6.264073401689529419e-02,-1.777500212192535400e-01,9.416453838348388672e-01,1.598348170518875122e-01,6.522757001221179962e-03,-4.099352657794952393e-02,3.891239464282989502e-01,8.217701315879821777e-02,-4.629408121109008789e-01,5.982425436377525330e-02,8.748076111078262329e-02,-2.947320640087127686e-01,-3.458791971206665039e-01,4.140754342079162598e-01,-3.341864943504333496e-01,1.476272195577621460e-01,3.834331780672073364e-02,-1.322444994002580643e-02
1.626210212707519531e+00,-1.341552615165710449e+00,9.870909452438354492e-01,2.547228336334228516e-02,-3.699435852468013763e-03,9.993798732757568359e-01,-2.402824163436889648e-02,-4.747913181781768799e-01,-4.905213415622711182e-02,-4.073722288012504578e-02,5.521938800811767578e-01,-4.821283370256423950e-02,9.613621234893798828e-02,-6.410353630781173706e-02,-7.051242887973785400e-02,-1.699259579181671143e-01,9.935653805732727051e-01,2.268548160791397095e-01,-6.543516181409358978e-03,-5.028368160128593445e-02,3.857381045818328857e-01,8.548168838024139404e-02,-4.632320404052734375e-01,4.876797646284103394e-02,8.565270900726318359e-02,-2.915547192096710205e-01,-3.417021334171295166e-01,4.148039221763610840e-01,-3.213867843151092529e-01,1.429127007722854614e-01,4.055477306246757507e-02,-1.407941803336143494e-02
1.613290429115295410e+00,-1.342955827713012695e+00,9.881356954574584961e-01,2.703464962542057037e-02,-3.862845012918114662e-03,9.993356466293334961e-01,-2.413430996239185333e-02,-4.625657200813293457e-01,-4.771351441740989685e-02,-3.632919117808341980e-02,5.637105107307434082e-01,-6.714550405740737915e-02,1.021762117743492126e-01,-1.005730330944061279e-01,-8.170222491025924683e-02,-1.591989398002624512e-01,1.045485377311706543e+00,2.938748300075531006e-01,-2.221622690558433533e-02,-5.693922936916351318e-02,3.811757862567901611e-01,8.892581611871719360e-02,-4.624460637569427490e-01,3.660444170236587524e-02,8.483880758285522461e-02,-2.875469923019409180e-01,-3.366315364837646484e-01,4.160881638526916504e-01,-3.084248900413513184e-01,1.384925097227096558e-01,4.278481751680374146e-02,-1.439805887639522552e-02
1.600721478462219238e+00,-1.344300270080566406e+00,9.888291954994201660e-01,2.795999124646186829e-02,-2.244892064481973648e-03,9.994041323661804199e-01,-2.011439949274063110e-02,-4.511435031890869141e-01,-4.599268734455108643e-02,-2.422842569649219513e-02,5.753127336502075195e-01,-8.636705577373504639e-02,1.079938188195228577e-01,-1.388992965221405029e-01,-1.007379144430160522e-01,-1.475427746772766113e-01,1.097405433654785156e+00,3.101868629455566406e-01,-3.630404174327850342e-02,-5.656060948967933655e-02,3.752661347389221191e-01,9.217637032270431519e-02,-4.605037569999694824e-01,2.223552949726581573e-02,8.516023308038711548e-02,-2.829805314540863037e-01,-3.310555815696716309e-01,4.182450175285339355e-01,-2.949155569076538086e-01,1.344201117753982544e-01,4.513593390583992004e-02,-1.418215781450271606e-02
1.588229775428771973e+00,-1.345467329025268555e+00,9.899002909660339355e-01,2.820489741861820221e-02,-7.861639023758471012e-04,9.994828701019287109e-01,-1.542118750512599945e-02,-4.393047094345092773e-01,-4.329840466380119324e-02,-1.025853026658296585e-02,5.834372043609619141e-01,-1.043064296245574951e-01,1.123226806521415710e-01,-1.737067550420761108e-01,-1.224077641963958740e-01,-1.420552432537078857e-01,1.140565991401672363e+00,2.833727300167083740e-01,-4.614529758691787720e-02,-5.352177098393440247e-02,3.682071864604949951e-01,9.536653012037277222e-02,-4.579017758369445801e-01,7.554910611361265182e-03,8.625847101211547852e-02,-2.780167758464813232e-01,-3.253727853298187256e-01,4.211629629135131836e-01,-2.823805809020996094e-01,1.315499544143676758e-01,4.729839414358139038e-02,-1.362931914627552032e-02
1.575641393661499023e+00,-1.346309781074523926e+00,9.913038611412048340e-01,2.858535945415496826e-02,3.924089542124420404e-04,9.995217323303222656e-01,-1.179067790508270264e-02,-4.260682463645935059e-01,-4.088442772626876831e-02,1.009140745736658573e-03,5.889702439308166504e-01,-1.194315552711486816e-01,1.155528724193572998e-01,-2.072723060846328735e-01,-1.447065025568008423e-01,-1.410584151744842529e-01,1.176891565322875977e+00,2.503667473793029785e-01,-6.524164974689483643e-02,-5.068353563547134399e-02,3.601316511631011963e-01,9.865478426218032837e-02,-4.550366699695587158e-01,-6.412649527192115784e-03,8.774064481258392334e-02,-2.726105153560638428e-01,-3.197806477546691895e-01,4.244565367698669434e-01,-2.711105346679687500e-01,1.296733915805816650e-01,4.924388229846954346e-02,-1.297211740165948868e-02
1.563141465187072754e+00,-1.347039937973022461e+00,9.928433895111083984e-01,2.924152836203575134e-02,1.384211238473653793e-03,9.995232820510864258e-01,-9.806968271732330322e-03,-4.113827049732208252e-01,-3.998006880283355713e-02,8.838742971420288086e-03,5.922617912292480469e-01,-1.336172670125961304e-01,1.170947477221488953e-01,-2.393014729022979736e-01,-1.640082448720932007e-01,-1.403359323740005493e-01,1.205862760543823242e+00,2.193486690521240234e-01,-9.331959486007690430e-02,-4.949336871504783630e-02,3.510063886642456055e-01,1.021734774112701416e-01,-4.522510468959808350e-01,-1.954255253076553345e-02,8.917426317930221558e-02,-2.665558755397796631e-01,-3.142367005348205566e-01,4.278691411018371582e-01,-2.602963149547576904e-01,1.285841912031173706e-01,5.122510343790054321e-02,-1.234840508550405502e-02
1.550873756408691406e+00,-1.347710132598876953e+00,9.945691227912902832e-01,3.000281937420368195e-02,2.183075994253158569e-03,9.995085000991821289e-01,-8.823554031550884247e-03,-3.953042328357696533e-01,-4.005439579486846924e-02,1.406329497694969177e-02,5.926128029823303223e-01,-1.467608213424682617e-01,1.172875389456748962e-01,-2.699076831340789795e-01,-1.788284033536911011e-01,-1.381043642759323120e-01,1.226987957954406738e+00,1.873331218957901001e-01,-1.196753531694412231e-01,-5.016246810555458069e-02,3.407725989818572998e-01,1.059308797121047974e-01,-4.496398866176605225e-01,-3.238692507147789001e-02,9.062620997428894043e-02,-2.598665654659271240e-01,-3.085888326168060303e-01,4.310062527656555176e-01,-2.498594373464584351e-01,1.276909112930297852e-01,5.333033949136734009e-02,-1.177431084215641022e-02
1.538476347923278809e+00,-1.348186016082763672e+00,9.963202476501464844e-01,3.023826517164707184e-02,3.301712684333324432e-03,9.995043873786926270e-01,-8.110251277685165405e-03,-3.780557811260223389e-01,-4.137832298874855042e-02,1.891746185719966888e-02,5.891792774200439453e-01,-1.600483059883117676e-01,1.189587861299514771e-01,-3.018417060375213623e-01,-1.897076517343521118e-01,-1.328609585762023926e-01,1.246074080467224121e+00,1.418608278036117554e-01,-1.447474956512451172e-01,-5.019179731607437134e-02,3.255593776702880859e-01,1.123755350708961487e-01,-4.467360079288482666e-01,-5.835447832942008972e-02,9.229501336812973022e-02,-2.503147423267364502e-01,-3.000294566154479980e-01,4.345940053462982178e-01,-2.285784631967544556e-01,1.254966259002685547e-01,5.831602960824966431e-02,-1.076606381684541702e-02
1.526178002357482910e+00,-1.348586320877075195e+00,9.983049035072326660e-01,3.092795424163341522e-02,3.753462340682744980e-03,9.994803667068481445e-01,-8.266869001090526581e-03,-3.610111176967620850e-01,-4.150484129786491394e-02,2.305496856570243835e-02,5.865669250488281250e-01,-1.689179390668869019e-01,1.174019128084182739e-01,-3.290903568267822266e-01,-1.906786561012268066e-01,-1.226022094488143921e-01,1.252619624137878418e+00,1.064627468585968018e-01,-1.551471799612045288e-01,-5.229422450065612793e-02,3.102607429027557373e-01,1.194750517606735229e-01,-4.448302686214447021e-01,-8.010438084602355957e-02,9.211622923612594604e-02,-2.408223152160644531e-01,-2.911680042743682861e-01,4.371686279773712158e-01,-2.102453261613845825e-01,1.230844631791114807e-01,6.328824907541275024e-02,-9.850460104644298553e-03
1.513872861862182617e+00,-1.348869204521179199e+00,1.000322937965393066e+00,3.127069771289825439e-02,3.912543412297964096e-03,9.994719028472900391e-01,-7.920037955045700073e-03,-3.430967032909393311e-01,-4.112119227647781372e-02,2.723109349608421326e-02,5.810461044311523438e-01,-1.786090880632400513e-01,1.213155910372734070e-01,-3.556450903415679932e-01,-1.842712163925170898e-01,-1.071370020508766174e-01,1.251390933990478516e+00,7.426378875970840454e-02,-1.579046994447708130e-01,-5.310072377324104309e-02,2.935720980167388916e-01,1.280067861080169678e-01,-4.430974721908569336e-01,-1.063695922493934631e-01,9.068299084901809692e-02,-2.309707999229431152e-01,-2.809142172336578369e-01,4.383751153945922852e-01,-1.869113594293594360e-01,1.183278113603591919e-01,7.038757205009460449e-02,-8.803801611065864563e-03
1.501461982727050781e+00,-1.349128246307373047e+00,1.002287626266479492e+00,3.163230791687965393e-02,3.915896173566579819e-03,9.994659423828125000e-01,-7.206054870039224625e-03,-3.251489698886871338e-01,-3.994668647646903992e-02,3.311940282583236694e-02,5.755472779273986816e-01,-1.884559988975524902e-01,1.248031854629516602e-01,-3.792288601398468018e-01,-1.724010705947875977e-01,-8.835142850875854492e-02,1.241812467575073242e+00,4.788427427411079407e-02,-1.556305140256881714e-01,-5.333401635289192200e-02,2.763522565364837646e-01,1.368087977170944214e-01,-4.414228796958923340e-01,-1.286053657531738281e-01,8.796962350606918335e-02,-2.209351211786270142e-01,-2.704030573368072510e-01,4.383577406406402588e-01,-1.671879291534423828e-01,1.128150895237922668e-01,7.706128805875778198e-02,-8.029613643884658813e-03
1.489147067070007324e+00,-1.349445104598999023e+00,1.004259347915649414e+00,3.204043209552764893e-02,3.925631754100322723e-03,9.994612336158752441e-01,-5.938712973147630692e-03,-3.066757321357727051e-01,-3.848083317279815674e-02,3.960383310914039612e-02,5.691248178482055664e-01,-1.961288005113601685e-01,1.262397766113281250e-01,-4.021230340003967285e-01,-1.574672907590866089e-01,-6.723891198635101318e-02,1.226697444915771484e+00,2.838450670242309570e-02,-1.468056142330169678e-01,-5.260343849658966064e-02,2.583180069923400879e-01,1.456402391195297241e-01,-4.396208524703979492e-01,-1.487935185432434082e-01,8.459030091762542725e-02,-2.102476954460144043e-01,-2.597484886646270752e-01,4.377675056457519531e-01,-1.488911062479019165e-01,1.071859151124954224e-01,8.329787850379943848e-02,-7.208174560219049454e-03
1.476830482482910156e+00,-1.349638342857360840e+00,1.006070494651794434e+00,3.221502900123596191e-02,4.151579923927783966e-03,9.994656443595886230e-01,-3.657334949821233749e-03,-2.886588275432586670e-01,-3.680853918194770813e-02,4.774012044072151184e-02,5.628919601440429688e-01,-2.032943665981292725e-01,1.270175278186798096e-01,-4.200680851936340332e-01,-1.409765332937240601e-01,-4.589374363422393799e-02,1.202086567878723145e+00,1.202449575066566467e-02,-1.377403736114501953e-01,-5.026928707957267761e-02,2.391429990530014038e-01,1.541095077991485596e-01,-4.369119107723236084e-01,-1.687113046646118164e-01,8.192003518342971802e-02,-1.988308280706405640e-01,-2.490565329790115356e-01,4.365924298763275146e-01,-1.317370384931564331e-01,1.015897542238235474e-01,8.887758105993270874e-02,-6.415823474526405334e-03
1.464424014091491699e+00,-1.349764943122863770e+00,1.007765412330627441e+00,3.229696303606033325e-02,4.114789888262748718e-03,9.994683861732482910e-01,-1.716755214147269726e-03,-2.700266540050506592e-01,-3.501620143651962280e-02,5.515519902110099792e-02,5.552681088447570801e-01,-2.110301107168197632e-01,1.267830729484558105e-01,-4.410479664802551270e-01,-1.253382712602615356e-01,-2.683443203568458557e-02,1.177819490432739258e+00,-4.300549626350402832e-03,-1.305737048387527466e-01,-4.733864963054656982e-02,2.189646065235137939e-01,1.622601449489593506e-01,-4.334020018577575684e-01,-1.889219731092453003e-01,7.961772382259368896e-02,-1.866841167211532593e-01,-2.384606450796127319e-01,4.348833262920379639e-01,-1.152133494615554810e-01,9.653230011463165283e-02,9.386692941188812256e-02,-5.952606443315744400e-03
1.452098488807678223e+00,-1.349952101707458496e+00,1.009347796440124512e+00,3.157096356153488159e-02,4.320503212511539459e-03,9.994918704032897949e-01,7.757195271551609039e-04,-2.528029084205627441e-01,-3.375529125332832336e-02,6.407315284013748169e-02,5.469715595245361328e-01,-2.171726673841476440e-01,1.272800117731094360e-01,-4.578245282173156738e-01,-1.114899888634681702e-01,-1.117357052862644196e-02,1.144153952598571777e+00,-1.896020211279392242e-02,-1.250187754631042480e-01,-4.374026134610176086e-02,1.977407783269882202e-01,1.700387895107269287e-01,-4.291062057018280029e-01,-2.098727375268936157e-01,7.810748368501663208e-02,-1.739060282707214355e-01,-2.280284315347671509e-01,4.330824017524719238e-01,-9.972297400236129761e-02,9.270403534173965454e-02,9.801454097032546997e-02,-5.503741558641195297e-03
1.439831733703613281e+00,-1.350114583969116211e+00,1.010753273963928223e+00,3.117880597710609436e-02,4.556708503514528275e-03,9.994990229606628418e-01,2.978599630296230316e-03,-2.352057695388793945e-01,-3.254604339599609375e-02,7.426597923040390015e-02,5.387789607048034668e-01,-2.230711728334426880e-01,1.287111490964889526e-01,-4.709967374801635742e-01,-1.003039255738258362e-01,-2.928137837443500757e-04,1.105292439460754395e+00,-3.175402805209159851e-02,-1.213300600647926331e-01,-4.034934565424919128e-02,1.757727563381195068e-01,1.773051768541336060e-01,-4.240539968013763428e-01,-2.310818880796432495e-01,7.788627594709396362e-02,-1.603713482618331909e-01,-2.179164588451385498e-01,4.311401247978210449e-01,-8.476607501506805420e-02,9.010706841945648193e-02,1.014142259955406189e-01,-5.174845922738313675e-03
1.427304387092590332e+00,-1.350227355957031250e+00,1.011952519416809082e+00,3.068499453365802765e-02,4.876589402556419373e-03,9.995051622390747070e-01,4.912081174552440643e-03,-2.174384444952011108e-01,-3.193620964884757996e-02,8.333626389503479004e-02,5.305056571960449219e-01,-2.290358543395996094e-01,1.304521858692169189e-01,-4.810197353363037109e-01,-9.174459427595138550e-02,6.110033951699733734e-03,1.061217665672302246e+00,-4.432030394673347473e-02,-1.208703368902206421e-01,-3.689189255237579346e-02,1.531049907207489014e-01,1.838797777891159058e-01,-4.180531799793243408e-01,-2.523462474346160889e-01,7.893935590982437134e-02,-1.462186127901077271e-01,-2.082463502883911133e-01,4.290455281734466553e-01,-7.070358097553253174e-02,8.928710967302322388e-02,1.040195077657699585e-01,-5.311078391969203949e-03
1.414866566658020020e+00,-1.350354909896850586e+00,1.012939095497131348e+00,2.986289188265800476e-02,5.185963120311498642e-03,9.995184540748596191e-01,6.648358423262834549e-03,-2.006857395172119141e-01,-3.167025372385978699e-02,9.119447320699691772e-02,5.227723717689514160e-01,-2.357423007488250732e-01,1.310795545578002930e-01,-4.891768693923950195e-01,-8.539303392171859741e-02,8.497269824147224426e-03,1.012164473533630371e+00,-5.294463783502578735e-02,-1.185667067766189575e-01,-3.399310633540153503e-02,1.299358755350112915e-01,1.899468600749969482e-01,-4.116217494010925293e-01,-2.735584676265716553e-01,7.993724197149276733e-02,-1.317002624273300171e-01,-1.990678459405899048e-01,4.263820350170135498e-01,-5.746857076883316040e-02,8.868850767612457275e-02,1.057734563946723938e-01,-5.620214622467756271e-03
1.402195572853088379e+00,-1.350415825843811035e+00,1.013707876205444336e+00,2.892145887017250061e-02,5.533343646675348282e-03,9.995340108871459961e-01,8.042624220252037048e-03,-1.840601861476898193e-01,-3.171794489026069641e-02,9.880475699901580811e-02,5.150004625320434570e-01,-2.421769499778747559e-01,1.311569958925247192e-01,-4.949123561382293701e-01,-8.130647987127304077e-02,6.367740221321582794e-03,9.588472247123718262e-01,-5.948369577527046204e-02,-1.138101443648338318e-01,-3.150222823023796082e-02,1.064141318202018738e-01,1.955139487981796265e-01,-4.048843383789062500e-01,-2.947807610034942627e-01,8.116906136274337769e-02,-1.165767014026641846e-01,-1.904206573963165283e-01,4.235478937625885010e-01,-4.552279040217399597e-02,8.915244787931442261e-02,1.068160384893417358e-01,-6.074759177863597870e-03
1.389567613601684570e+00,-1.350452303886413574e+00,1.014268517494201660e+00,2.775755524635314941e-02,5.904055666178464890e-03,9.995567202568054199e-01,9.003989398479461670e-03,-1.680922359228134155e-01,-3.223764896392822266e-02,1.064979135990142822e-01,5.072265863418579102e-01,-2.486775070428848267e-01,1.311126798391342163e-01,-4.984879791736602783e-01,-7.903657853603363037e-02,-1.960186637006700039e-04,9.006791114807128906e-01,-6.285865604877471924e-02,-1.093651279807090759e-01,-2.986807189881801605e-02,8.256943523883819580e-02,2.006422579288482666e-01,-3.979271054267883301e-01,-3.157334029674530029e-01,8.169533312320709229e-02,-1.012250185012817383e-01,-1.824878305196762085e-01,4.202013611793518066e-01,-3.471671417355537415e-02,8.959499746561050415e-02,1.071413382887840271e-01,-6.589462049305438995e-03
1.377033710479736328e+00,-1.350388288497924805e+00,1.014423251152038574e+00,2.661718241870403290e-02,6.303152535110712051e-03,9.995747208595275879e-01,1.010750979185104370e-02,-1.523348242044448853e-01,-3.299411758780479431e-02,1.126992031931877136e-01,5.000087022781372070e-01,-2.559037506580352783e-01,1.310769617557525635e-01,-5.000550746917724609e-01,-7.761843502521514893e-02,-9.898294694721698761e-03,8.387793898582458496e-01,-6.274644285440444946e-02,-1.041993349790573120e-01,-2.814190462231636047e-02,5.853329598903656006e-02,2.053656727075576782e-01,-3.906663954257965088e-01,-3.361130952835083008e-01,8.171177655458450317e-02,-8.550604432821273804e-02,-1.751932799816131592e-01,4.167792499065399170e-01,-2.475480549037456512e-02,9.051384776830673218e-02,1.067235097289085388e-01,-6.907669361680746078e-03
1.364404559135437012e+00,-1.350333452224731445e+00,1.014338135719299316e+00,2.538225799798965454e-02,6.718511693179607391e-03,9.995940923690795898e-01,1.105862669646739960e-02,-1.375463455915451050e-01,-3.356096893548965454e-02,1.188744604587554932e-01,4.944948554039001465e-01,-2.634319365024566650e-01,1.301253288984298706e-01,-4.995767772197723389e-01,-7.767265290021896362e-02,-2.563131600618362427e-02,7.735592126846313477e-01,-5.805445089936256409e-02,-9.638088196516036987e-02,-2.617500163614749908e-02,3.410768136382102966e-02,2.099825292825698853e-01,-3.829875886440277100e-01,-3.594665527343750000e-01,8.042852580547332764e-02,-6.923244148492813110e-02,-1.681481599807739258e-01,4.124620854854583740e-01,-1.380209065973758698e-02,9.056612849235534668e-02,1.054920926690101624e-01,-7.426754105836153030e-03
1.351602435111999512e+00,-1.350060582160949707e+00,1.014048576354980469e+00,2.388412505388259888e-02,7.137121167033910751e-03,9.996235370635986328e-01,1.146153733134269714e-02,-1.239167153835296631e-01,-3.406250104308128357e-02,1.236826702952384949e-01,4.902921915054321289e-01,-2.711671292781829834e-01,1.287339776754379272e-01,-4.942139387130737305e-01,-7.791694253683090210e-02,-4.625665023922920227e-02,7.028582692146301270e-01,-4.981546103954315186e-02,-8.422648906707763672e-02,-2.443412691354751587e-02,9.715359658002853394e-03,2.143488973379135132e-01,-3.754714727401733398e-01,-3.811757564544677734e-01,7.747544348239898682e-02,-5.280552431941032410e-02,-1.617085486650466919e-01,4.074836373329162598e-01,-4.762496333569288254e-03,8.958239853382110596e-02,1.035278663039207458e-01,-8.139080367982387543e-03
1.338781476020812988e+00,-1.349789261817932129e+00,1.013582348823547363e+00,2.305419929325580597e-02,7.216872647404670715e-03,9.996474981307983398e-01,1.101351995021104813e-02,-1.095190867781639099e-01,-3.410667553544044495e-02,1.269698888063430786e-01,4.869863986968994141e-01,-2.793488800525665283e-01,1.269674152135848999e-01,-4.918372631072998047e-01,-7.705482840538024902e-02,-6.794378161430358887e-02,6.365224719047546387e-01,-4.162820428609848022e-02,-7.249833643436431885e-02,-2.485034801065921783e-02,-1.446402631700038910e-02,2.184000015258789062e-01,-3.679955303668975830e-01,-4.008662700653076172e-01,7.349722087383270264e-02,-3.598932921886444092e-02,-1.557826101779937744e-01,4.019081592559814453e-01,4.109854809939861298e-03,8.817263692617416382e-02,1.012191101908683777e-01,-8.996993303298950195e-03
1.325855255126953125e+00,-1.349328160285949707e+00,1.012809872627258301e+00,2.216478809714317322e-02,7.211522199213504791e-03,9.996786713600158691e-01,9.962785989046096802e-03,-9.570448845624923706e-02,-3.398285061120986938e-02,1.282964348793029785e-01,4.846633076667785645e-01,-2.878869771957397461e-01,1.254563331604003906e-01,-4.870469570159912109e-01,-7.371726632118225098e-02,-8.777295053005218506e-02,5.706556439399719238e-01,-3.821049258112907410e-02,-5.838793888688087463e-02,-2.562547102570533752e-02,-3.859644755721092224e-02,2.222285419702529907e-01,-3.605298995971679688e-01,-4.201241731643676758e-01,6.876000761985778809e-02,-1.866477355360984802e-02,-1.501597464084625244e-01,3.962472081184387207e-01,1.255258917808532715e-02,8.698277920484542847e-02,9.872076660394668579e-02,-9.977600537240505219e-03
1.313050270080566406e+00,-1.348793864250183105e+00,1.011845350265502930e+00,2.102309465408325195e-02,6.976133212447166443e-03,9.997186064720153809e-01,8.486489765346050262e-03,-8.398105204105377197e-02,-3.288925811648368835e-02,1.297518610954284668e-01,4.847794175148010254e-01,-2.956568598747253418e-01,1.248593032360076904e-01,-4.812518954277038574e-01,-6.727116554975509644e-02,-1.031715273857116699e-01,5.041100978851318359e-01,-3.788545355200767517e-02,-4.322833567857742310e-02,-2.774640731513500214e-02,-6.260081380605697632e-02,2.260462194681167603e-01,-3.533730506896972656e-01,-4.388770163059234619e-01,6.284010410308837891e-02,-1.035352936014533043e-03,-1.447435468435287476e-01,3.904035985469818115e-01,2.033879607915878296e-02,8.561073988676071167e-02,9.584864228963851929e-02,-1.093357335776090622e-02
1.299924492835998535e+00,-1.348236441612243652e+00,1.010644912719726562e+00,2.012873999774456024e-02,6.440825760364532471e-03,9.997560977935791016e-01,6.409920286387205124e-03,-7.241184264421463013e-02,-3.103190846741199493e-02,1.294408142566680908e-01,4.867848455905914307e-01,-3.043425977230072021e-01,1.219550296664237976e-01,-4.761696755886077881e-01,-5.801033601164817810e-02,-1.111372038722038269e-01,4.419908225536346436e-01,-4.086908698081970215e-02,-2.941527962684631348e-02,-2.983167394995689392e-02,-8.636359870433807373e-02,2.296283990144729614e-01,-3.463900089263916016e-01,-4.572855830192565918e-01,5.604150146245956421e-02,1.708937622606754303e-02,-1.393876820802688599e-01,3.843562006950378418e-01,2.794075943529605865e-02,8.419191092252731323e-02,9.255906194448471069e-02,-1.220590528100728989e-02
1.286748528480529785e+00,-1.347584962844848633e+00,1.009198665618896484e+00,1.958736032247543335e-02,5.843469407409429550e-03,9.997822046279907227e-01,4.205012228339910507e-03,-6.114085763692855835e-02,-2.862755022943019867e-02,1.306138932704925537e-01,4.912549853324890137e-01,-3.140644729137420654e-01,1.222279742360115051e-01,-4.712066054344177246e-01,-4.729486256837844849e-02,-1.124540120363235474e-01,3.845382928848266602e-01,-4.627269506454467773e-02,-1.176756713539361954e-02,-3.237152844667434692e-02,-1.092908754944801331e-01,2.329453080892562866e-01,-3.398511111736297607e-01,-4.718359410762786865e-01,5.068737640976905823e-02,3.536442294716835022e-02,-1.342858225107192993e-01,3.785123229026794434e-01,3.467490524053573608e-02,8.332389593124389648e-02,8.970312774181365967e-02,-1.377714611589908600e-02
1.273414969444274902e+00,-1.346850395202636719e+00,1.007677197456359863e+00,1.868993043899536133e-02,5.083376541733741760e-03,9.998083710670471191e-01,2.841667970642447472e-03,-4.960126802325248718e-02,-2.562543191015720367e-02,1.316903233528137207e-01,4.942239224910736084e-01,-3.230950832366943359e-01,1.192392632365226746e-01,-4.679887592792510986e-01,-3.552832081913948059e-02,-1.080697104334831238e-01,3.311637341976165771e-01,-5.045524239540100098e-02,1.476009096950292587e-02,-3.290479257702827454e-02,-1.322411149740219116e-01,2.361321747303009033e-01,-3.336329460144042969e-01,-4.866872429847717285e-01,4.475953802466392517e-02,5.405694246292114258e-02,-1.291200220584869385e-01,3.729361891746520996e-01,4.082401096820831299e-02,8.292519301176071167e-02,8.652916550636291504e-02,-1.549608912318944931e-02
1.260130763053894043e+00,-1.345908403396606445e+00,1.006055474281311035e+00,1.786113716661930084e-02,4.385956563055515289e-03,9.998290538787841797e-01,1.904974807985126972e-03,-3.886132687330245972e-02,-2.198027819395065308e-02,1.337991207838058472e-01,4.988449513912200928e-01,-3.301529884338378906e-01,1.131279319524765015e-01,-4.647146463394165039e-01,-2.506479807198047638e-02,-1.007483527064323425e-01,2.832899987697601318e-01,-5.469134822487831116e-02,4.903422296047210693e-02,-3.217680752277374268e-02,-1.547493487596511841e-01,2.391058802604675293e-01,-3.278013169765472412e-01,-5.005344748497009277e-01,3.883951157331466675e-02,7.310790568590164185e-02,-1.238663941621780396e-01,3.673391938209533691e-01,4.651595279574394226e-02,8.269204199314117432e-02,8.304060250520706177e-02,-1.781096495687961578e-02
1.246922135353088379e+00,-1.344872713088989258e+00,1.004442811012268066e+00,1.705117151141166687e-02,3.762888722121715546e-03,9.998466968536376953e-01,1.304321456700563431e-03,-2.893566153943538666e-02,-1.820811815559864044e-02,1.363656967878341675e-01,5.048577785491943359e-01,-3.355985283851623535e-01,1.075319051742553711e-01,-4.616648554801940918e-01,-1.566664688289165497e-02,-9.139081090688705444e-02,2.422229796648025513e-01,-5.903955549001693726e-02,6.873229146003723145e-02,-3.046618774533271790e-02,-1.766434013843536377e-01,2.418261319398880005e-01,-3.225683271884918213e-01,-5.125980973243713379e-01,3.251892328262329102e-02,9.235031902790069580e-02,-1.186048015952110291e-01,3.620150983333587646e-01,5.185890942811965942e-02,8.336365222930908203e-02,7.928520441055297852e-02,-2.027785032987594604e-02
1.233848214149475098e+00,-1.343774795532226562e+00,1.002900004386901855e+00,1.615568436682224274e-02,3.265572478994727135e-03,9.998640418052673340e-01,4.956585471518337727e-04,-1.941464655101299286e-02,-1.469588652253150940e-02,1.380493491888046265e-01,5.105952620506286621e-01,-3.391361832618713379e-01,1.025012880563735962e-01,-4.596927464008331299e-01,-7.662252057343721390e-03,-7.946317642927169800e-02,2.099292427301406860e-01,-6.518924981355667114e-02,7.285424321889877319e-02,-2.878132089972496033e-02,-1.979661732912063599e-01,2.442735582590103149e-01,-3.180509209632873535e-01,-5.215294957160949707e-01,2.607162855565547943e-02,1.116760522127151489e-01,-1.134141907095909119e-01,3.570143580436706543e-01,5.646708980202674866e-02,8.517301827669143677e-02,7.549375295639038086e-02,-2.309794910252094269e-02
1.220778226852416992e+00,-1.342541456222534180e+00,1.001255512237548828e+00,1.576450280845165253e-02,2.937032608315348625e-03,9.998714327812194824e-01,-9.605966624803841114e-05,-9.870312176644802094e-03,-1.148614101111888885e-02,1.397220343351364136e-01,5.182726383209228516e-01,-3.414851725101470947e-01,9.767288714647293091e-02,-4.569859504699707031e-01,-1.188296359032392502e-03,-6.710755825042724609e-02,1.879413425922393799e-01,-7.385579496622085571e-02,7.035402953624725342e-02,-2.680984884500503540e-02,-2.185597717761993408e-01,2.461746633052825928e-01,-3.142676949501037598e-01,-5.273283720016479492e-01,1.943296939134597778e-02,1.310915946960449219e-01,-1.083326414227485657e-01,3.522936403751373291e-01,6.069142743945121765e-02,8.829782158136367798e-02,7.221148163080215454e-02,-2.575773000717163086e-02
1.207852721214294434e+00,-1.341274142265319824e+00,9.996599555015563965e-01,1.551618613302707672e-02,2.911998890340328217e-03,9.998753666877746582e-01,-2.110173954861238599e-04,-5.447982111945748329e-04,-8.637658320367336273e-03,1.426616609096527100e-01,5.264627933502197266e-01,-3.409792482852935791e-01,9.111708402633666992e-02,-4.554596543312072754e-01,3.825519699603319168e-03,-5.912534147500991821e-02,1.763919591903686523e-01,-7.896252721548080444e-02,7.402408868074417114e-02,-2.441703528165817261e-02,-2.384193241596221924e-01,2.475512772798538208e-01,-3.110781311988830566e-01,-5.295425057411193848e-01,1.327379141002893448e-02,1.504310369491577148e-01,-1.034793481230735779e-01,3.476271927356719971e-01,6.451434642076492310e-02,9.149308502674102783e-02,6.926556676626205444e-02,-2.838485687971115112e-02
1.194918870925903320e+00,-1.339935421943664551e+00,9.981776475906372070e-01,1.506536826491355896e-02,3.216473385691642761e-03,9.998813271522521973e-01,-2.824885013978928328e-04,6.769431289285421371e-03,-6.200511008501052856e-03,1.453558057546615601e-01,5.372031331062316895e-01,-3.380321264266967773e-01,8.722199499607086182e-02,-4.554504156112670898e-01,6.714340299367904663e-03,-5.549330636858940125e-02,1.760604381561279297e-01,-7.800830900669097900e-02,8.213889598846435547e-02,-2.270664833486080170e-02,-2.535080015659332275e-01,2.483009845018386841e-01,-3.089435100555419922e-01,-5.305462479591369629e-01,1.158774737268686295e-02,1.653174459934234619e-01,-1.001305803656578064e-01,3.445966839790344238e-01,6.669557839632034302e-02,9.286484867334365845e-02,6.829115748405456543e-02,-2.911063283681869507e-02
1.182148337364196777e+00,-1.338639140129089355e+00,9.968910217285156250e-01,1.488161645829677582e-02,3.251051297411322594e-03,9.998839497566223145e-01,-2.724665973801165819e-04,1.380791980773210526e-02,-3.299104981124401093e-03,1.468347162008285522e-01,5.485036969184875488e-01,-3.319016396999359131e-01,8.200948685407638550e-02,-4.549950361251831055e-01,9.096885100007057190e-03,-5.114154517650604248e-02,1.857032179832458496e-01,-6.580700725317001343e-02,8.128695189952850342e-02,-2.158378064632415771e-02,-2.684878408908843994e-01,2.489805966615676880e-01,-3.071447014808654785e-01,-5.314799547195434570e-01,9.650866501033306122e-03,1.805927157402038574e-01,-9.674853831529617310e-02,3.419889211654663086e-01,6.942491233348846436e-02,9.486988186836242676e-02,6.722159683704376221e-02,-2.966934069991111755e-02
1.169464230537414551e+00,-1.337446451187133789e+00,9.956451654434204102e-01,1.522305049002170563e-02,3.215364878997206688e-03,9.998789429664611816e-01,-2.364176762057468295e-04,2.115237899124622345e-02,-5.367371486499905586e-04,1.485318839550018311e-01,5.607831478118896484e-01,-3.240900933742523193e-01,7.877678424119949341e-02,-4.569941461086273193e-01,1.099588908255100250e-02,-4.501333832740783691e-02,2.071888595819473267e-01,-4.616300389170646667e-02,6.458213180303573608e-02,-2.206862531602382660e-02,-2.827273905277252197e-01,2.497085928916931152e-01,-3.056751191616058350e-01,-5.316339135169982910e-01,7.792737334966659546e-03,1.958952844142913818e-01,-9.346163272857666016e-02,3.398638367652893066e-01,7.225748151540756226e-02,9.719894081354141235e-02,6.620604544878005981e-02,-2.994199283421039581e-02
1.156630516052246094e+00,-1.336126446723937988e+00,9.944340586662292480e-01,1.577726192772388458e-02,3.432562341913580894e-03,9.998696446418762207e-01,-5.475586294778622687e-05,2.811932377517223358e-02,2.096467185765504837e-03,1.507631540298461914e-01,5.744422674179077148e-01,-3.132038414478302002e-01,7.456280291080474854e-02,-4.581348001956939697e-01,1.182529702782630920e-02,-3.976600989699363708e-02,2.346526235342025757e-01,-2.767978422343730927e-02,5.197161063551902771e-02,-2.196403406560420990e-02,-2.959535717964172363e-01,2.504163384437561035e-01,-3.047918379306793213e-01,-5.308865308761596680e-01,5.938970949500799179e-03,2.110454589128494263e-01,-9.028586745262145996e-02,3.380837142467498779e-01,7.541701197624206543e-02,9.998295456171035767e-02,6.525820493698120117e-02,-2.995980344712734222e-02
1.143479704856872559e+00,-1.334551453590393066e+00,9.933183789253234863e-01,1.668181270360946655e-02,3.781570354476571083e-03,9.998536705970764160e-01,-1.898186601465567946e-04,3.388982638716697693e-02,5.347198806703090668e-03,1.528227776288986206e-01,5.913237333297729492e-01,-2.981706857681274414e-01,6.989148259162902832e-02,-4.588616490364074707e-01,1.202006917446851730e-02,-3.410560265183448792e-02,2.619151473045349121e-01,-1.195128355175256729e-02,4.612441360950469971e-02,-2.201979048550128937e-02,-3.080922067165374756e-01,2.509528100490570068e-01,-3.043015897274017334e-01,-5.290616154670715332e-01,4.175992682576179504e-03,2.258157581090927124e-01,-8.726560324430465698e-02,3.362804055213928223e-01,7.816841453313827515e-02,1.025486662983894348e-01,6.451155990362167358e-02,-2.986763417720794678e-02
1.130172014236450195e+00,-1.332934737205505371e+00,9.925023913383483887e-01,1.761380396783351898e-02,4.107477143406867981e-03,9.998363256454467773e-01,-4.897230537608265877e-04,3.741799667477607727e-02,9.252303279936313629e-03,1.541155576705932617e-01,6.114863157272338867e-01,-2.770593166351318359e-01,6.524240225553512573e-02,-4.594369828701019287e-01,1.247312221676111221e-02,-2.731608040630817413e-02,2.878359258174896240e-01,-4.655021475628018379e-04,4.355086758732795715e-02,-2.241310477256774902e-02,-3.189936280250549316e-01,2.514575123786926270e-01,-3.043680787086486816e-01,-5.262441039085388184e-01,2.168061211705207825e-03,2.400907725095748901e-01,-8.448796719312667847e-02,3.345451653003692627e-01,8.001337945461273193e-02,1.051448956131935120e-01,6.391685456037521362e-02,-2.969531342387199402e-02
1.116664648056030273e+00,-1.331241607666015625e+00,9.919427037239074707e-01,1.872333697974681854e-02,4.658853635191917419e-03,9.998134374618530273e-01,-8.964717853814363480e-04,3.803395852446556091e-02,1.360119413584470749e-02,1.560157239437103271e-01,6.359193325042724609e-01,-2.488772869110107422e-01,5.994657427072525024e-02,-4.557106196880340576e-01,1.209035143256187439e-02,-2.338559180498123169e-02,3.091587722301483154e-01,9.270974434912204742e-03,3.892133757472038269e-02,-2.188152447342872620e-02,-3.285961151123046875e-01,2.517730295658111572e-01,-3.051116764545440674e-01,-5.225772857666015625e-01,-3.866157840093364939e-06,2.537728250026702881e-01,-8.202037215232849121e-02,3.324745297431945801e-01,8.126531541347503662e-02,1.072342544794082642e-01,6.362239271402359009e-02,-2.961346693336963654e-02
1.103118658065795898e+00,-1.329507708549499512e+00,9.915802478790283203e-01,1.994056999683380127e-02,4.751037806272506714e-03,9.997888803482055664e-01,-1.395889325067400932e-03,3.912552446126937866e-02,1.856583729386329651e-02,1.557347029447555542e-01,6.588653326034545898e-01,-2.185201346874237061e-01,5.456014350056648254e-02,-4.563589394092559814e-01,1.256986893713474274e-02,-2.131998352706432343e-02,3.321722149848937988e-01,2.599137462675571442e-02,3.228264302015304565e-02,-2.103450521826744080e-02,-3.369006812572479248e-01,2.520757317543029785e-01,-3.066774904727935791e-01,-5.177684426307678223e-01,-2.670347923412919044e-03,2.668124735355377197e-01,-7.969824969768524170e-02,3.301086425781250000e-01,8.145511150360107422e-02,1.090179458260536194e-01,6.362986564636230469e-02,-2.951802685856819153e-02
1.089222311973571777e+00,-1.327424526214599609e+00,9.914202094078063965e-01,2.110543660819530487e-02,4.962891805917024612e-03,9.997593760490417480e-01,-3.331934334710240364e-03,3.399622067809104919e-02,2.638670615851879120e-02,1.625522226095199585e-01,6.878731250762939453e-01,-1.684971749782562256e-01,6.926499307155609131e-02,-4.529824852943420410e-01,1.096607744693756104e-02,-2.287092246115207672e-02,3.536086678504943848e-01,4.208512231707572937e-02,3.009270504117012024e-02,-2.207605913281440735e-02,-3.437409400939941406e-01,2.521299719810485840e-01,-3.087574541568756104e-01,-5.122635364532470703e-01,-5.110655445605516434e-03,2.789206802845001221e-01,-7.765020430088043213e-02,3.273257017135620117e-01,8.086167275905609131e-02,1.101574450731277466e-01,6.378887593746185303e-02,-2.970738522708415985e-02
1.075596213340759277e+00,-1.325628280639648438e+00,9.914062619209289551e-01,2.278372831642627716e-02,4.945406224578619003e-03,9.997184872627258301e-01,-4.406218882650136948e-03,2.761219628155231476e-02,3.511099144816398621e-02,1.691300868988037109e-01,7.167931199073791504e-01,-1.105499863624572754e-01,5.210187286138534546e-02,-4.475489854812622070e-01,9.299791418015956879e-03,-2.688618004322052002e-02,3.742417991161346436e-01,4.702629148960113525e-02,2.110841684043407440e-02,-2.167740091681480408e-02,-3.490231335163116455e-01,2.520100772380828857e-01,-3.114435970783233643e-01,-5.051656365394592285e-01,-7.935557514429092407e-03,2.903270721435546875e-01,-7.580351084470748901e-02,3.243214786052703857e-01,7.947930693626403809e-02,1.108806580305099487e-01,6.433827430009841919e-02,-2.998603135347366333e-02
1.062069773674011230e+00,-1.323884725570678711e+00,9.918122887611389160e-01,2.394147589802742004e-02,4.708487540483474731e-03,9.996920228004455566e-01,-4.531036596745252609e-03,1.790836639702320099e-02,4.476972296833992004e-02,1.740810275077819824e-01,7.496209740638732910e-01,-5.262316763401031494e-02,5.037997290492057800e-02,-4.415342509746551514e-01,9.059921838343143463e-03,-3.109714761376380920e-02,3.944452106952667236e-01,3.687675669789314270e-02,8.158157579600811005e-03,-2.008149772882461548e-02,-3.529584109783172607e-01,2.516975700855255127e-01,-3.143784701824188232e-01,-4.968594610691070557e-01,-1.054092776030302048e-02,3.006986677646636963e-01,-7.425041496753692627e-02,3.215007483959197998e-01,7.698752731084823608e-02,1.117084324359893799e-01,6.506495922803878784e-02,-3.027163259685039520e-02
1.048650503158569336e+00,-1.322123408317565918e+00,9.924031496047973633e-01,2.516110241413116455e-02,4.352439660578966141e-03,9.996621608734130859e-01,-4.856371786445379257e-03,1.869925297796726227e-03,5.562491714954376221e-02,1.770973205566406250e-01,7.878785729408264160e-01,8.910444565117359161e-03,5.340747162699699402e-02,-4.338243007659912109e-01,1.029534172266721725e-02,-3.143759071826934814e-02,4.127966165542602539e-01,2.405691333115100861e-02,-7.779203820973634720e-03,-1.906750909984111786e-02,-3.555644154548645020e-01,2.511841356754302979e-01,-3.173859417438507080e-01,-4.877592623233795166e-01,-1.281711831688880920e-02,3.098784089088439941e-01,-7.301939278841018677e-02,3.189369440078735352e-01,7.342592626810073853e-02,1.125516891479492188e-01,6.583932787179946899e-02,-3.050430305302143097e-02
1.035459041595458984e+00,-1.320536494255065918e+00,9.931173324584960938e-01,2.619362622499465942e-02,3.378134919330477715e-03,9.996409416198730469e-01,-4.525972530245780945e-03,-1.831790432333946228e-02,6.832484155893325806e-02,1.794434338808059692e-01,8.322592377662658691e-01,7.593044638633728027e-02,6.306039541959762573e-02,-4.259659647941589355e-01,1.386907603591680527e-02,-3.080631792545318604e-02,4.301483929157257080e-01,9.645793586969375610e-03,-2.299619466066360474e-02,-1.736190915107727051e-02,-3.566331267356872559e-01,2.506587207317352295e-01,-3.203257620334625244e-01,-4.773993790149688721e-01,-1.501399744302034378e-02,3.177444636821746826e-01,-7.215250283479690552e-02,3.170212805271148682e-01,6.924376636743545532e-02,1.138413697481155396e-01,6.668794900178909302e-02,-3.061693720519542694e-02
1.022379040718078613e+00,-1.318998098373413086e+00,9.940914511680603027e-01,2.696918323636054993e-02,2.257341053336858749e-03,9.996275305747985840e-01,-3.519294317811727524e-03,-4.318371415138244629e-02,8.260662108659744263e-02,1.820513755083084106e-01,8.794162869453430176e-01,1.429504454135894775e-01,8.140606433153152466e-02,-4.172683060169219971e-01,1.771500147879123688e-02,-3.119293600320816040e-02,4.451256096363067627e-01,-7.194430567324161530e-03,-3.026604279875755310e-02,-1.425572112202644348e-02,-3.563464879989624023e-01,2.499846369028091431e-01,-3.230805099010467529e-01,-4.664092063903808594e-01,-1.670415885746479034e-02,3.243475556373596191e-01,-7.157775014638900757e-02,3.155108690261840820e-01,6.451953202486038208e-02,1.150077059864997864e-01,6.743824481964111328e-02,-3.072645515203475952e-02
1.009939908981323242e+00,-1.317416071891784668e+00,9.948608279228210449e-01,2.772615849971771240e-02,1.837382558733224869e-03,9.996097087860107422e-01,-2.881764899939298630e-03,-7.016278058290481567e-02,9.638722985982894897e-02,1.854643672704696655e-01,9.240182638168334961e-01,2.099704444408416748e-01,1.060887500643730164e-01,-4.086065292358398438e-01,1.966934651136398315e-02,-3.250096738338470459e-02,4.596175551414489746e-01,-2.657702565193176270e-02,-3.722795844078063965e-02,-1.099214795976877213e-02,-3.548451662063598633e-01,2.489151805639266968e-01,-3.257523775100708008e-01,-4.545614421367645264e-01,-1.795510388910770416e-02,3.298718929290771484e-01,-7.148032635450363159e-02,3.142886757850646973e-01,5.917952954769134521e-02,1.159843727946281433e-01,6.814198195934295654e-02,-3.079974651336669922e-02
9.979410767555236816e-01,-1.315933227539062500e+00,9.952264428138732910e-01,2.844195440411567688e-02,1.310717663727700710e-03,9.995914697647094727e-01,-2.504002070054411888e-03,-9.779258817434310913e-02,1.108232811093330383e-01,1.893526613712310791e-01,9.688974618911743164e-01,2.376873046159744263e-01,1.312520802021026611e-01,-4.006322324275970459e-01,2.145046181976795197e-02,-3.447062149643898010e-02,4.742687344551086426e-01,-4.637155309319496155e-02,-4.466667398810386658e-02,-7.654400542378425598e-03,-3.522003889083862305e-01,2.473773360252380371e-01,-3.286047577857971191e-01,-4.417845606803894043e-01,-1.888150535523891449e-02,3.344590961933135986e-01,-7.175044715404510498e-02,3.134255409240722656e-01,5.344868078827857971e-02,1.168568655848503113e-01,6.873251497745513916e-02,-3.092185966670513153e-02
9.862329363822937012e-01,-1.314579844474792480e+00,9.954389333724975586e-01,2.852714620530605316e-02,5.632198881357908249e-04,9.995906352996826172e-01,-2.099539618939161301e-03,-1.245314478874206543e-01,1.245467960834503174e-01,1.931125223636627197e-01,1.009558916091918945e+00,2.199475467205047607e-01,1.475574076175689697e-01,-3.933293223381042480e-01,2.335899509489536285e-02,-3.780100494623184204e-02,4.872236847877502441e-01,-6.623910367488861084e-02,-5.072813853621482849e-02,-3.630775958299636841e-03,-3.486315608024597168e-01,2.455307245254516602e-01,-3.317483365535736084e-01,-4.289554059505462646e-01,-1.981029473245143890e-02,3.375216424465179443e-01,-7.261603325605392456e-02,3.130886554718017578e-01,4.659111797809600830e-02,1.185821741819381714e-01,6.909101456403732300e-02,-3.115083463490009308e-02
9.745150208473205566e-01,-1.313445925712585449e+00,9.957152605056762695e-01,2.837574295699596405e-02,-8.863049151841551065e-05,9.995965957641601562e-01,-1.202230690978467464e-03,-1.536765098571777344e-01,1.358757615089416504e-01,1.940488219261169434e-01,1.048901438713073730e+00,1.878518909215927124e-01,1.633506566286087036e-01,-3.849762976169586182e-01,2.506766468286514282e-02,-4.117139801383018494e-02,4.977577328681945801e-01,-8.638803660869598389e-02,-5.477016791701316833e-02,2.063091844320297241e-03,-3.443154990673065186e-01,2.433379888534545898e-01,-3.349349498748779297e-01,-4.164995253086090088e-01,-2.035137079656124115e-02,3.391005396842956543e-01,-7.406349480152130127e-02,3.132348954677581787e-01,3.920137509703636169e-02,1.206945925951004028e-01,6.925030797719955444e-02,-3.148303553462028503e-02
9.630234241485595703e-01,-1.312449932098388672e+00,9.963296055793762207e-01,2.869186177849769592e-02,-1.002200646325945854e-03,9.995873570442199707e-01,9.721504757180809975e-04,-1.847170889377593994e-01,1.417364627122879028e-01,1.865023374557495117e-01,1.084683775901794434e+00,1.624750792980194092e-01,1.739425361156463623e-01,-3.748195171356201172e-01,2.834319509565830231e-02,-4.221944883465766907e-02,5.053585767745971680e-01,-1.044054329395294189e-01,-5.821923539042472839e-02,1.014014240354299545e-02,-3.390246033668518066e-01,2.409486919641494751e-01,-3.384908139705657959e-01,-4.038778841495513916e-01,-2.094610035419464111e-02,3.395281136035919189e-01,-7.594624906778335571e-02,3.138233721256256104e-01,3.145339339971542358e-02,1.228476390242576599e-01,6.940189003944396973e-02,-3.189424052834510803e-02
9.513809084892272949e-01,-1.311396479606628418e+00,9.972457289695739746e-01,2.885327674448490143e-02,-1.914753112941980362e-03,9.995753765106201172e-01,3.590716514736413956e-03,-2.173400372266769409e-01,1.423605382442474365e-01,1.725841164588928223e-01,1.113885283470153809e+00,1.431190669536590576e-01,1.744721233844757080e-01,-3.631801605224609375e-01,3.238195925951004028e-02,-4.156667366623878479e-02,5.098704695701599121e-01,-1.203932240605354309e-01,-6.085415929555892944e-02,1.876471936702728271e-02,-3.327400088310241699e-01,2.383958846330642700e-01,-3.423046469688415527e-01,-3.906648457050323486e-01,-2.162045426666736603e-02,3.387688696384429932e-01,-7.829079031944274902e-02,3.152411580085754395e-01,2.335054427385330200e-02,1.253312975168228149e-01,6.960389018058776855e-02,-3.241505101323127747e-02
9.397611618041992188e-01,-1.310487270355224609e+00,9.985219836235046387e-01,2.857740782201290131e-02,-2.605836605653166771e-03,9.995733499526977539e-01,5.448624026030302048e-03,-2.499218881130218506e-01,1.378964036703109741e-01,1.544244885444641113e-01,1.134665846824645996e+00,1.242748647928237915e-01,1.744986027479171753e-01,-3.507435917854309082e-01,3.537725657224655151e-02,-4.188020899891853333e-02,5.109556913375854492e-01,-1.343395709991455078e-01,-6.254233419895172119e-02,2.628603577613830566e-02,-3.254547119140625000e-01,2.355396598577499390e-01,-3.464107811450958252e-01,-3.769043684005737305e-01,-2.240370027720928192e-02,3.366550505161285400e-01,-8.122862875461578369e-02,3.173726201057434082e-01,1.446007750928401947e-02,1.283120065927505493e-01,6.986083090305328369e-02,-3.303305432200431824e-02
9.283049702644348145e-01,-1.309700489044189453e+00,9.998365044593811035e-01,2.776737697422504425e-02,-3.389173420146107674e-03,9.995968937873840332e-01,4.850012250244617462e-03,-2.856034338474273682e-01,1.284214109182357788e-01,1.298672854900360107e-01,1.152076482772827148e+00,1.008293181657791138e-01,1.745000034570693970e-01,-3.377200365066528320e-01,3.661778941750526428e-02,-4.638782888650894165e-02,5.092977285385131836e-01,-1.488532871007919312e-01,-6.266973912715911865e-02,2.753556333482265472e-02,-3.169380128383636475e-01,2.292390018701553345e-01,-3.522437512874603271e-01,-3.253222107887268066e-01,-2.512596175074577332e-02,3.342321217060089111e-01,-8.763568103313446045e-02,3.215478360652923584e-01,-2.165867760777473450e-02,1.449173539876937866e-01,7.075092196464538574e-02,-3.611368313431739807e-02
9.166656732559204102e-01,-1.308988690376281738e+00,1.001446366310119629e+00,2.710140496492385864e-02,-3.354639979079365730e-03,9.996213912963867188e-01,3.367133205756545067e-03,-3.166277110576629639e-01,1.154223755002021790e-01,1.066929027438163757e-01,1.157061100006103516e+00,8.214105665683746338e-02,1.745000034570693970e-01,-3.233003914356231689e-01,3.532415255904197693e-02,-5.212163552641868591e-02,5.056729912757873535e-01,-1.607526838779449463e-01,-6.222752854228019714e-02,2.700168080627918243e-02,-3.082051575183868408e-01,2.232642322778701782e-01,-3.570071458816528320e-01,-3.056581914424896240e-01,-2.537053078413009644e-02,3.300764560699462891e-01,-9.427150338888168335e-02,3.258281052112579346e-01,-3.629000112414360046e-02,1.519771069288253784e-01,7.136528193950653076e-02,-3.743048757314682007e-02
9.049651622772216797e-01,-1.308308601379394531e+00,1.003055691719055176e+00,2.703299187123775482e-02,-3.069672500714659691e-03,9.996297359466552734e-01,4.434816946741193533e-04,-3.451283872127532959e-01,1.004498004913330078e-01,8.312831819057464600e-02,1.155611753463745117e+00,6.461341679096221924e-02,1.745000034570693970e-01,-3.068179488182067871e-01,3.253570944070816040e-02,-6.047584488987922668e-02,5.010171532630920410e-01,-1.726874858140945435e-01,-6.232917308807373047e-02,2.251433208584785461e-02,-2.981770336627960205e-01,2.164108306169509888e-01,-3.618137538433074951e-01,-2.777922153472900391e-01,-2.492321468889713287e-02,3.244242966175079346e-01,-1.024297326803207397e-01,3.308804929256439209e-01,-5.722514912486076355e-02,1.632701754570007324e-01,7.282801717519760132e-02,-3.938867524266242981e-02
8.932328820228576660e-01,-1.307598471641540527e+00,1.004600405693054199e+00,2.686430886387825012e-02,-2.835413673892617226e-03,9.996329545974731445e-01,-2.049693372100591660e-03,-3.714675903320312500e-01,8.426824957132339478e-02,6.042354926466941833e-02,1.147519230842590332e+00,5.045603215694427490e-02,1.744971275329589844e-01,-2.899465858936309814e-01,3.046211227774620056e-02,-6.832104176282882690e-02,4.948762357234954834e-01,-1.832973957061767578e-01,-6.247999146580696106e-02,1.841778121888637543e-02,-2.872707247734069824e-01,2.093856632709503174e-01,-3.660172820091247559e-01,-2.516182065010070801e-01,-2.346444316208362579e-02,3.173295557498931885e-01,-1.113309413194656372e-01,3.362181186676025391e-01,-7.739990204572677612e-02,1.742116212844848633e-01,7.461975514888763428e-02,-4.053365811705589294e-02
8.813828229904174805e-01,-1.306945919990539551e+00,1.006042122840881348e+00,2.658940479159355164e-02,-2.639949088916182518e-03,9.996361732482910156e-01,-3.685945644974708557e-03,-3.949500024318695068e-01,6.955481320619583130e-02,4.162932559847831726e-02,1.133822798728942871e+00,3.039175644516944885e-02,1.703223586082458496e-01,-2.729610800743103027e-01,2.914640493690967560e-02,-7.500079274177551270e-02,4.881958961486816406e-01,-1.937251240015029907e-01,-6.206205859780311584e-02,1.541905570775270462e-02,-2.751664817333221436e-01,2.030032724142074585e-01,-3.696983754634857178e-01,-2.325575500726699829e-01,-2.211647294461727142e-02,3.085368573665618896e-01,-1.200210675597190857e-01,3.407815694808959961e-01,-9.240496903657913208e-02,1.805720627307891846e-01,7.584755122661590576e-02,-4.097853973507881165e-02
8.694486021995544434e-01,-1.306388497352600098e+00,1.007345438003540039e+00,2.606629580259323120e-02,-2.563916379585862160e-03,9.996427297592163086e-01,-5.323458462953567505e-03,-4.162094593048095703e-01,5.614000558853149414e-02,2.570567466318607330e-02,1.113862156867980957e+00,8.506270125508308411e-03,1.695002615451812744e-01,-2.561756372451782227e-01,2.814951166510581970e-02,-8.204039931297302246e-02,4.809327125549316406e-01,-2.032116800546646118e-01,-6.263093650341033936e-02,1.108015421777963638e-02,-2.615115046501159668e-01,1.961918622255325317e-01,-3.735440969467163086e-01,-2.054059952497482300e-01,-1.994633302092552185e-02,2.977678179740905762e-01,-1.298064142465591431e-01,3.450119197368621826e-01,-1.153094321489334106e-01,1.877760440111160278e-01,7.767038047313690186e-02,-4.097107052803039551e-02
8.574466109275817871e-01,-1.305705189704895020e+00,1.008495211601257324e+00,2.562069892883300781e-02,-2.634748583659529686e-03,9.996450543403625488e-01,-6.813913583755493164e-03,-4.342665970325469971e-01,4.621864482760429382e-02,1.496970746666193008e-02,1.087537646293640137e+00,-1.475864555686712265e-02,1.717543154954910278e-01,-2.393019199371337891e-01,2.791604027152061462e-02,-8.921010792255401611e-02,4.737837016582489014e-01,-2.113359421491622925e-01,-6.412317603826522827e-02,7.300304248929023743e-03,-2.469557672739028931e-01,1.894311308860778809e-01,-3.773293793201446533e-01,-1.802408844232559204e-01,-1.778028532862663269e-02,2.857088148593902588e-01,-1.397026032209396362e-01,3.482605218887329102e-01,-1.369813978672027588e-01,1.913449615240097046e-01,7.944367080926895142e-02,-4.081389307975769043e-02
8.453016877174377441e-01,-1.305145144462585449e+00,1.009413480758666992e+00,2.504917979240417480e-02,-2.679046709090471268e-03,9.996559023857116699e-01,-7.307748775929212570e-03,-4.495927393436431885e-01,3.941078856587409973e-02,1.018181629478931427e-02,1.055572152137756348e+00,-3.509882465004920959e-02,1.737912446260452271e-01,-2.231964021921157837e-01,2.789628133177757263e-02,-9.587243199348449707e-02,4.672822952270507812e-01,-2.199567258358001709e-01,-6.457152962684631348e-02,4.258895758539438248e-03,-2.314100563526153564e-01,1.829501092433929443e-01,-3.811837434768676758e-01,-1.567279398441314697e-01,-1.584154553711414337e-02,2.722205817699432373e-01,-1.496534198522567749e-01,3.507618904113769531e-01,-1.580123901367187500e-01,1.926275640726089478e-01,8.083746582269668579e-02,-3.970022499561309814e-02
8.331597447395324707e-01,-1.304528832435607910e+00,1.010135173797607422e+00,2.409526146948337555e-02,-2.809736179187893867e-03,9.996790289878845215e-01,-7.305304985493421555e-03,-4.629223048686981201e-01,3.490130975842475891e-02,8.855493739247322083e-03,1.018014192581176758e+00,-5.222826823592185974e-02,1.744868010282516479e-01,-2.078780829906463623e-01,2.886060252785682678e-02,-9.999325871467590332e-02,4.606416225433349609e-01,-2.286946922540664673e-01,-6.488472223281860352e-02,2.047321060672402382e-03,-2.150830477476119995e-01,1.767169386148452759e-01,-3.850092291831970215e-01,-1.346047073602676392e-01,-1.455163676291704178e-02,2.573364973068237305e-01,-1.595414429903030396e-01,3.526278734207153320e-01,-1.785988956689834595e-01,1.921272873878479004e-01,8.175949007272720337e-02,-3.803433850407600403e-02
8.208728432655334473e-01,-1.303977012634277344e+00,1.010626912117004395e+00,2.350672520697116852e-02,-2.997730160132050514e-03,9.996976852416992188e-01,-6.555965635925531387e-03,-4.728774428367614746e-01,3.209264948964118958e-02,1.076888479292392731e-02,9.752758741378784180e-01,-6.533197313547134399e-02,1.721898913383483887e-01,-1.922539025545120239e-01,3.017664328217506409e-02,-1.034633666276931763e-01,4.547934830188751221e-01,-2.370590120553970337e-01,-6.657954305410385132e-02,1.047246041707694530e-03,-1.977119445800781250e-01,1.706851720809936523e-01,-3.885125815868377686e-01,-1.134023368358612061e-01,-1.320885401219129562e-02,2.413401752710342407e-01,-1.692685633897781372e-01,3.539485931396484375e-01,-1.978090107440948486e-01,1.905387789011001587e-01,8.249229937791824341e-02,-3.625797852873802185e-02
8.086687922477722168e-01,-1.303631544113159180e+00,1.010886907577514648e+00,2.270345203578472137e-02,-3.203615779057145119e-03,9.997241497039794922e-01,-5.087214056402444839e-03,-4.808496236801147461e-01,2.949425205588340759e-02,1.384636759757995605e-02,9.274583458900451660e-01,-7.365311682224273682e-02,1.684454828500747681e-01,-1.771611869335174561e-01,3.166478127241134644e-02,-1.056088283658027649e-01,4.484650790691375732e-01,-2.444824129343032837e-01,-7.074014842510223389e-02,1.322001917287707329e-03,-1.794700473546981812e-01,1.648220866918563843e-01,-3.917037546634674072e-01,-9.308496117591857910e-02,-1.193006522953510284e-02,2.242173552513122559e-01,-1.787656247615814209e-01,3.548355996608734131e-01,-2.164206057786941528e-01,1.877941489219665527e-01,8.287829160690307617e-02,-3.421231359243392944e-02
7.961644530296325684e-01,-1.303290843963623047e+00,1.010953307151794434e+00,2.195973508059978485e-02,-3.446904942393302917e-03,9.997476935386657715e-01,-3.231586655601859093e-03,-4.864367842674255371e-01,2.725956961512565613e-02,1.786845736205577850e-02,8.754132390022277832e-01,-7.812827080488204956e-02,1.633076369762420654e-01,-1.630341708660125732e-01,3.305741772055625916e-02,-1.065192595124244690e-01,4.449492990970611572e-01,-2.533890306949615479e-01,-7.096260040998458862e-02,1.679753768257796764e-03,-1.603415906429290771e-01,1.591681689023971558e-01,-3.944934606552124023e-01,-7.341790944337844849e-02,-1.011556573212146759e-02,2.060323655605316162e-01,-1.880571395158767700e-01,3.555743098258972168e-01,-2.343055009841918945e-01,1.849515140056610107e-01,8.293776959180831909e-02,-3.193077445030212402e-02
7.836695313453674316e-01,-1.303227424621582031e+00,1.010845899581909180e+00,2.111662551760673523e-02,-3.623417578637599945e-03,9.997698068618774414e-01,-1.145349582657217979e-03,-4.902170002460479736e-01,2.459886856377124786e-02,2.254675142467021942e-02,8.191282153129577637e-01,-7.829590886831283569e-02,1.572794467210769653e-01,-1.484972834587097168e-01,3.409439697861671448e-02,-1.073479130864143372e-01,4.400970041751861572e-01,-2.623881101608276367e-01,-7.196822762489318848e-02,2.966084750369191170e-03,-1.403544843196868896e-01,1.536818891763687134e-01,-3.968641757965087891e-01,-5.424864962697029114e-02,-8.258570916950702667e-03,1.869412660598754883e-01,-1.972277611494064331e-01,3.567096292972564697e-01,-2.508360445499420166e-01,1.834594756364822388e-01,8.264384418725967407e-02,-2.934928983449935913e-02
7.710176110267639160e-01,-1.302919268608093262e+00,1.010347008705139160e+00,2.030171640217304230e-02,-3.819742240011692047e-03,9.997864365577697754e-01,5.750815616920590401e-04,-4.926893711090087891e-01,2.177195064723491669e-02,2.731619961559772491e-02,7.605541944503784180e-01,-7.521836459636688232e-02,1.484782397747039795e-01,-1.348899602890014648e-01,3.529072552919387817e-02,-1.078858003020286560e-01,4.379528164863586426e-01,-2.732596099376678467e-01,-7.131804525852203369e-02,4.022685345262289047e-03,-1.196821182966232300e-01,1.483419686555862427e-01,-3.987337946891784668e-01,-3.603510558605194092e-02,-5.646119825541973114e-03,1.670915186405181885e-01,-2.062686979770660400e-01,3.578655421733856201e-01,-2.665360271930694580e-01,1.823647469282150269e-01,8.189648389816284180e-02,-2.675140462815761566e-02
7.582805752754211426e-01,-1.302881002426147461e+00,1.009648561477661133e+00,1.967019215226173401e-02,-4.001910798251628876e-03,9.997953772544860840e-01,2.495310734957456589e-03,-4.936079680919647217e-01,1.861340552568435669e-02,3.275335952639579773e-02,6.998559236526489258e-01,-7.123400270938873291e-02,1.385652720928192139e-01,-1.213066875934600830e-01,3.572721779346466064e-02,-1.098362505435943604e-01,4.364227652549743652e-01,-2.835972905158996582e-01,-7.170835882425308228e-02,5.641262046992778778e-03,-9.832521528005599976e-02,1.431397497653961182e-01,-3.998224735260009766e-01,-1.793987303972244263e-02,-2.007877221331000328e-03,1.466394811868667603e-01,-2.152567356824874878e-01,3.596775531768798828e-01,-2.814140021800994873e-01,1.832598298788070679e-01,8.097950369119644165e-02,-2.412996813654899597e-02
7.452689409255981445e-01,-1.302845001220703125e+00,1.008751511573791504e+00,1.889412291347980499e-02,-4.063122440129518509e-03,9.998037219047546387e-01,4.362377803772687912e-03,-4.938483834266662598e-01,1.383635308593511581e-02,3.650809451937675476e-02,6.387153863906860352e-01,-6.733231991529464722e-02,1.268515288829803467e-01,-1.077243834733963013e-01,3.571441024541854858e-02,-1.120734959840774536e-01,4.351144731044769287e-01,-2.952290475368499756e-01,-6.984949111938476562e-02,7.345735561102628708e-03,-7.639963924884796143e-02,1.379394233226776123e-01,-4.002588689327239990e-01,-2.410841807432007045e-05,2.337632235139608383e-03,1.254825890064239502e-01,-2.242249101400375366e-01,3.618295192718505859e-01,-2.963057756423950195e-01,1.850536614656448364e-01,7.986798137426376343e-02,-2.173182740807533264e-02
7.323444485664367676e-01,-1.302773118019104004e+00,1.007513284683227539e+00,1.813580654561519623e-02,-4.024049732834100723e-03,9.998070001602172852e-01,6.393432617187500000e-03,-4.943065345287322998e-01,7.220164407044649124e-03,3.643703460693359375e-02,5.790195465087890625e-01,-6.498939543962478638e-02,1.158240884542465210e-01,-9.540583193302154541e-02,3.536928445100784302e-02,-1.132696792483329773e-01,4.361181557178497314e-01,-3.072670996189117432e-01,-6.872099637985229492e-02,9.031434543430805206e-03,-5.388934910297393799e-02,1.326739042997360229e-01,-4.001772403717041016e-01,1.786997728049755096e-02,7.513116113841533661e-03,1.037285253405570984e-01,-2.333504259586334229e-01,3.645591735839843750e-01,-3.114287555217742920e-01,1.878070980310440063e-01,7.840096950531005859e-02,-1.918304897844791412e-02
7.192397117614746094e-01,-1.302777767181396484e+00,1.006169915199279785e+00,1.721637882292270660e-02,-3.922937437891960144e-03,9.998075962066650391e-01,8.541882969439029694e-03,-4.940004348754882812e-01,-1.016098074615001678e-03,3.250003233551979065e-02,5.195282697677612305e-01,-6.333909928798675537e-02,1.034306734800338745e-01,-8.342964947223663330e-02,3.464904800057411194e-02,-1.140432730317115784e-01,4.375608563423156738e-01,-3.189547657966613770e-01,-6.703321635723114014e-02,1.060950476676225662e-02,-3.089878335595130920e-02,1.273081600666046143e-01,-3.997401595115661621e-01,3.570541739463806152e-02,1.305577903985977173e-02,8.152287453413009644e-02,-2.425337284803390503e-01,3.679099678993225098e-01,-3.263878226280212402e-01,1.919297277927398682e-01,7.641638815402984619e-02,-1.643275842070579529e-02
7.059760689735412598e-01,-1.302758574485778809e+00,1.004599094390869141e+00,1.638084463775157928e-02,-3.692436497658491135e-03,9.998069405555725098e-01,1.020644512027502060e-02,-4.936457574367523193e-01,-1.005744468420743942e-02,2.679461799561977386e-02,4.620723426342010498e-01,-6.207289919257164001e-02,8.627118915319442749e-02,-7.069098204374313354e-02,3.329768776893615723e-02,-1.170473247766494751e-01,4.384244084358215332e-01,-3.314699530601501465e-01,-6.535032391548156738e-02,1.173983141779899597e-02,-7.507116999477148056e-03,1.216951981186866760e-01,-3.993956446647644043e-01,5.297134816646575928e-02,1.896462030708789825e-02,5.897706747055053711e-02,-2.518092989921569824e-01,3.714648485183715820e-01,-3.407140374183654785e-01,1.960774064064025879e-01,7.407163828611373901e-02,-1.361014507710933685e-02
6.926390528678894043e-01,-1.302643895149230957e+00,1.002848625183105469e+00,1.560954004526138306e-02,-3.382286522537469864e-03,9.998091459274291992e-01,1.124836225062608719e-02,-4.930346608161926270e-01,-1.954906806349754333e-02,1.680272817611694336e-02,4.069389402866363525e-01,-5.871273949742317200e-02,6.792388111352920532e-02,-5.724009126424789429e-02,3.205387294292449951e-02,-1.201083883643150330e-01,4.384677410125732422e-01,-3.430567979812622070e-01,-6.463023275136947632e-02,1.221788767725229263e-02,1.623533479869365692e-02,1.158244982361793518e-01,-3.995651602745056152e-01,6.980365514755249023e-02,2.426007390022277832e-02,3.622957319021224976e-02,-2.611094117164611816e-01,3.751685619354248047e-01,-3.542920053005218506e-01,1.997689902782440186e-01,7.142440229654312134e-02,-1.089125405997037888e-02
6.793158650398254395e-01,-1.302558660507202148e+00,1.000961542129516602e+00,1.489548385143280029e-02,-3.185770940035581589e-03,9.998132586479187012e-01,1.189079508185386658e-02,-4.926327168941497803e-01,-2.847993932664394379e-02,4.946798086166381836e-03,3.550322949886322021e-01,-5.375142022967338562e-02,4.893632233142852783e-02,-4.392855241894721985e-02,3.099285811185836792e-02,-1.228931173682212830e-01,4.391568005084991455e-01,-3.541722893714904785e-01,-6.274349987506866455e-02,1.108593679964542389e-02,4.027749225497245789e-02,1.097197011113166809e-01,-3.999055027961730957e-01,8.572699129581451416e-02,2.901907637715339661e-02,1.326367910951375961e-02,-2.702720165252685547e-01,3.790123760700225830e-01,-3.669342994689941406e-01,2.031816691160202026e-01,6.831111758947372437e-02,-7.755467202514410019e-03
6.658318638801574707e-01,-1.302532076835632324e+00,9.989152550697326660e-01,1.424878742545843124e-02,-2.949315123260021210e-03,9.998187422752380371e-01,1.227697916328907013e-02,-4.920745790004730225e-01,-3.646409884095191956e-02,-7.405527401715517044e-03,3.072257936000823975e-01,-4.769251123070716858e-02,3.260144591331481934e-02,-3.043123148381710052e-02,2.918579429388046265e-02,-1.277820318937301636e-01,4.404503405094146729e-01,-3.657760322093963623e-01,-6.040634587407112122e-02,9.993549436330795288e-03,6.463216245174407959e-02,1.033268868923187256e-01,-4.009789526462554932e-01,1.000890582799911499e-01,3.252566605806350708e-02,-9.748531505465507507e-03,-2.791049480438232422e-01,3.825433850288391113e-01,-3.785913586616516113e-01,2.053978294134140015e-01,6.486187875270843506e-02,-5.005345679819583893e-03
6.526300311088562012e-01,-1.302593588829040527e+00,9.969113469123840332e-01,1.355484873056411743e-02,-2.736819209530949593e-03,9.998286962509155273e-01,1.230133511126041412e-02,-4.916955530643463135e-01,-4.364372417330741882e-02,-2.148048952221870422e-02,2.642892301082611084e-01,-4.193368554115295410e-02,2.366022206842899323e-02,-1.790206320583820343e-02,2.735646441578865051e-02,-1.326386183500289917e-01,4.428958892822265625e-01,-3.758802413940429688e-01,-5.653297901153564453e-02,8.089239709079265594e-03,8.917146921157836914e-02,9.673105180263519287e-02,-4.027401804924011230e-01,1.120248213410377502e-01,3.423534706234931946e-02,-3.274135291576385498e-02,-2.877161204814910889e-01,3.857256770133972168e-01,-3.887501358985900879e-01,2.057633250951766968e-01,6.102217733860015869e-02,-2.205019351094961166e-03
6.392633914947509766e-01,-1.302643895149230957e+00,9.948938488960266113e-01,1.257707737386226654e-02,-2.506762277334928513e-03,9.998456239700317383e-01,1.201043650507926941e-02,-4.914875626564025879e-01,-4.985948279500007629e-02,-3.669356554746627808e-02,2.260043472051620483e-01,-3.613160178065299988e-02,2.166213653981685638e-02,-5.903228186070919037e-03,2.568645589053630829e-02,-1.373651027679443359e-01,4.454275965690612793e-01,-3.846850991249084473e-01,-5.293415114283561707e-02,5.837353412061929703e-03,1.138116866350173950e-01,9.005204588174819946e-02,-4.051129221916198730e-01,1.219214349985122681e-01,3.383174166083335876e-02,-5.583081394433975220e-02,-2.960015237331390381e-01,3.883935213088989258e-01,-3.967415392398834229e-01,2.052729874849319458e-01,5.669786781072616577e-02,-5.212945688981562853e-05
6.259618401527404785e-01,-1.302945375442504883e+00,9.928199648857116699e-01,1.180892717093229294e-02,-2.427423838526010513e-03,9.998663067817687988e-01,1.104789227247238159e-02,-4.915446043014526367e-01,-5.551341921091079712e-02,-4.838316142559051514e-02,1.959668397903442383e-01,-3.510183095932006836e-02,2.485350146889686584e-02,6.531160324811935425e-03,2.411241084337234497e-02,-1.432391703128814697e-01,4.479815363883972168e-01,-3.924188911914825439e-01,-4.942808300256729126e-02,2.569099888205528259e-03,1.385675221681594849e-01,8.341746777296066284e-02,-4.081259071826934814e-01,1.295147389173507690e-01,3.117429651319980621e-02,-7.879789173603057861e-02,-3.037748634815216064e-01,3.905394673347473145e-01,-4.034365713596343994e-01,2.030463963747024536e-01,5.205478146672248840e-02,2.177223796024918556e-03
6.130066514015197754e-01,-1.303242444992065430e+00,9.907475709915161133e-01,1.115312613546848297e-02,-2.701828489080071449e-03,9.998773336410522461e-01,1.066189538687467575e-02,-4.948582947254180908e-01,-5.864270776510238647e-02,-5.464994907379150391e-02,1.796250939369201660e-01,-3.864872828125953674e-02,2.270532958209514618e-02,1.700260117650032043e-02,2.329348400235176086e-02,-1.471237391233444214e-01,4.536001086235046387e-01,-3.978205323219299316e-01,-4.534570127725601196e-02,2.062205749098211527e-04,1.584060639142990112e-01,7.847321033477783203e-02,-4.105600714683532715e-01,1.333986669778823853e-01,3.018953464925289154e-02,-9.709946066141128540e-02,-3.093290030956268311e-01,3.915379047393798828e-01,-4.064270555973052979e-01,2.015657126903533936e-01,5.043693259358406067e-02,2.698559546843171120e-03
6.000182032585144043e-01,-1.303684353828430176e+00,9.886820912361145020e-01,1.022408902645111084e-02,-3.024221863597631454e-03,9.998956322669982910e-01,9.748607873916625977e-03,-4.974935352802276611e-01,-6.162274628877639771e-02,-5.655235424637794495e-02,1.690026521682739258e-01,-4.110088199377059937e-02,1.518697105348110199e-02,2.562096901237964630e-02,2.227580919861793518e-02,-1.511040329933166504e-01,4.616796374320983887e-01,-4.012370109558105469e-01,-4.127532243728637695e-02,-3.498687408864498138e-03,1.793397217988967896e-01,7.339078933000564575e-02,-4.132016003131866455e-01,1.382159888744354248e-01,2.875113300979137421e-02,-1.162733584642410278e-01,-3.146453499794006348e-01,3.921565115451812744e-01,-4.104108512401580811e-01,1.994057595729827881e-01,4.819694533944129944e-02,3.527659457176923752e-03
5.871836543083190918e-01,-1.304091691970825195e+00,9.867231249809265137e-01,9.712635539472103119e-03,-3.400369081646203995e-03,9.999087452888488770e-01,8.752712979912757874e-03,-4.998850226402282715e-01,-6.341346353292465210e-02,-5.401380360126495361e-02,1.671353727579116821e-01,-4.228686168789863586e-02,1.239352975971996784e-03,3.424127772450447083e-02,2.155427448451519012e-02,-1.553955227136611938e-01,4.708813726902008057e-01,-4.024753570556640625e-01,-3.715874627232551575e-02,-7.199913728982210159e-03,2.008516043424606323e-01,6.835370510816574097e-02,-4.156683087348937988e-01,1.432546228170394897e-01,2.761959470808506012e-02,-1.356989890336990356e-01,-3.196217417716979980e-01,3.923819959163665771e-01,-4.144909083843231201e-01,1.964706778526306152e-01,4.548362642526626587e-02,4.350496921688318253e-03
5.743171572685241699e-01,-1.304580330848693848e+00,9.848878979682922363e-01,9.340302087366580963e-03,-3.666939679533243179e-03,9.999180436134338379e-01,7.949502207338809967e-03,-5.031132102012634277e-01,-6.433589011430740356e-02,-5.007547140121459961e-02,1.752698868513107300e-01,-4.282075911760330200e-02,-1.090358570218086243e-02,4.203183203935623169e-02,2.040459029376506805e-02,-1.588490456342697144e-01,4.818147122859954834e-01,-4.014468193054199219e-01,-3.299780935049057007e-02,-9.896188974380493164e-03,2.226002216339111328e-01,6.340545415878295898e-02,-4.181533753871917725e-01,1.483221054077148438e-01,2.638678438961505890e-02,-1.548740863800048828e-01,-3.243234157562255859e-01,3.925742208957672119e-01,-4.177612960338592529e-01,1.934127211570739746e-01,4.248513653874397278e-02,5.350238643586635590e-03
5.616157054901123047e-01,-1.305159330368041992e+00,9.833725690841674805e-01,9.271963499486446381e-03,-3.895650850608944893e-03,9.999184608459472656e-01,7.867035456001758575e-03,-5.078864693641662598e-01,-6.390843540430068970e-02,-4.758885130286216736e-02,1.944417506456375122e-01,-3.797489404678344727e-02,-8.505761623382568359e-03,4.851352050900459290e-02,1.896766014397144318e-02,-1.599690318107604980e-01,4.949446320533752441e-01,-3.956114649772644043e-01,-3.021952696144580841e-02,-1.138597168028354645e-02,2.442321330308914185e-01,5.864806473255157471e-02,-4.202739596366882324e-01,1.529152244329452515e-01,2.574968896806240082e-02,-1.735598444938659668e-01,-3.285884261131286621e-01,3.928642868995666504e-01,-4.201436042785644531e-01,1.902394890785217285e-01,3.939149901270866394e-02,6.415345240384340286e-03
5.487567782402038574e-01,-1.305727005004882812e+00,9.821048974990844727e-01,9.263809770345687866e-03,-4.153104964643716812e-03,9.999167919158935547e-01,7.955482229590415955e-03,-5.139523744583129883e-01,-6.290873885154724121e-02,-4.522290080785751343e-02,2.233468592166900635e-01,-2.546275220811367035e-02,6.518797948956489563e-03,5.416012182831764221e-02,1.753566227853298187e-02,-1.599200367927551270e-01,5.098020434379577637e-01,-3.876017332077026367e-01,-2.632776089012622833e-02,-1.209005899727344513e-02,2.652820944786071777e-01,5.424369499087333679e-02,-4.220795035362243652e-01,1.568531543016433716e-01,2.578479051589965820e-02,-1.913427859544754028e-01,-3.324580490589141846e-01,3.932035565376281738e-01,-4.216123819351196289e-01,1.870352029800415039e-01,3.648041188716888428e-02,7.297251839190721512e-03
5.356730222702026367e-01,-1.306288599967956543e+00,9.808986186981201172e-01,9.587801061570644379e-03,-4.592384677380323410e-03,9.999114871025085449e-01,8.000802248716354370e-03,-5.192737579345703125e-01,-6.059109792113304138e-02,-3.914504498243331909e-02,2.560567557811737061e-01,-1.231497246772050858e-02,1.572926156222820282e-02,6.048790737986564636e-02,1.643973775207996368e-02,-1.607722193002700806e-01,5.246819853782653809e-01,-3.767079412937164307e-01,-2.293208613991737366e-02,-1.299966778606176376e-02,2.856680750846862793e-01,5.021023377776145935e-02,-4.236783981323242188e-01,1.605399996042251587e-01,2.611672133207321167e-02,-2.080787569284439087e-01,-3.357807695865631104e-01,3.934793472290039062e-01,-4.221659600734710693e-01,1.837156713008880615e-01,3.390549868345260620e-02,8.098817430436611176e-03
5.223017930984497070e-01,-1.306929111480712891e+00,9.800636768341064453e-01,1.004002429544925690e-02,-5.461225751787424088e-03,9.998999834060668945e-01,8.333262987434864044e-03,-5.223182439804077148e-01,-5.628343299031257629e-02,-3.027318045496940613e-02,2.864678502082824707e-01,-6.251015583984553814e-04,2.471487782895565033e-02,6.342844665050506592e-02,1.532458607107400894e-02,-1.605405807495117188e-01,5.457150936126708984e-01,-3.587506711483001709e-01,-1.884560286998748779e-02,-1.466511841863393784e-02,3.051368594169616699e-01,4.673800989985466003e-02,-4.245217144489288330e-01,1.636978536844253540e-01,2.747368440032005310e-02,-2.235842347145080566e-01,-3.384659290313720703e-01,3.941468298435211182e-01,-4.220871925354003906e-01,1.807815283536911011e-01,3.173170983791351318e-02,9.001294150948524475e-03
5.086177587509155273e-01,-1.307646274566650391e+00,9.794991016387939453e-01,1.052292063832283020e-02,-5.955533590167760849e-03,9.998843073844909668e-01,9.228673763573169708e-03,-5.236385464668273926e-01,-5.201002955436706543e-02,-2.130949497222900391e-02,3.134680390357971191e-01,6.662287283688783646e-03,3.596434369683265686e-02,6.725043058395385742e-02,1.350492797791957855e-02,-1.583451181650161743e-01,5.644776821136474609e-01,-3.382092416286468506e-01,-1.332847122102975845e-02,-1.489079836755990982e-02,3.236212432384490967e-01,4.366628453135490417e-02,-4.249150156974792480e-01,1.663396805524826050e-01,2.912637405097484589e-02,-2.379287332296371460e-01,-3.406528830528259277e-01,3.950003087520599365e-01,-4.211002588272094727e-01,1.778903156518936157e-01,2.993568219244480133e-02,1.000889576971530914e-02
4.946538209915161133e-01,-1.308383226394653320e+00,9.793731570243835449e-01,1.133162621408700943e-02,-6.413690745830535889e-03,9.998596310615539551e-01,1.054556109011173248e-02,-5.225926041603088379e-01,-4.798047989606857300e-02,-1.313738524913787842e-02,3.368149399757385254e-01,1.297999918460845947e-02,4.341832548379898071e-02,6.853754818439483643e-02,1.090921461582183838e-02,-1.553676873445510864e-01,5.880626440048217773e-01,-3.103653192520141602e-01,-8.731723763048648834e-03,-1.484758220613002777e-02,3.410958945751190186e-01,4.101575911045074463e-02,-4.247930645942687988e-01,1.681760549545288086e-01,3.130814433097839355e-02,-2.509695291519165039e-01,-3.422716856002807617e-01,3.963102400302886963e-01,-4.194199740886688232e-01,1.751167327165603638e-01,2.866059355437755585e-02,1.107595954090356827e-02
4.805212914943695068e-01,-1.309146761894226074e+00,9.794933795928955078e-01,1.238491386175155640e-02,-6.607811432331800461e-03,9.998250603675842285e-01,1.236203499138355255e-02,-5.188632607460021973e-01,-4.494222626090049744e-02,-7.185462862253189087e-03,3.566226363182067871e-01,2.125025168061256409e-02,4.927143454551696777e-02,6.949186325073242188e-02,7.720183581113815308e-03,-1.511928886175155640e-01,6.117334961891174316e-01,-2.779596149921417236e-01,-4.027294926345348358e-03,-1.384615432471036911e-02,3.576404750347137451e-01,3.860330581665039062e-02,-4.245466291904449463e-01,1.693084239959716797e-01,3.340420126914978027e-02,-2.627899646759033203e-01,-3.435426354408264160e-01,3.981605470180511475e-01,-4.168170988559722900e-01,1.726617813110351562e-01,2.795037254691123962e-02,1.197426859289407730e-02
4.663852453231811523e-01,-1.309986472129821777e+00,9.800623059272766113e-01,1.378008071333169937e-02,-6.641777232289314270e-03,9.997786879539489746e-01,1.444388739764690399e-02,-5.128384232521057129e-01,-4.275389015674591064e-02,-4.629739560186862946e-03,3.749904036521911621e-01,3.016764484345912933e-02,5.478457361459732056e-02,6.673895567655563354e-02,3.138821804895997047e-03,-1.490427106618881226e-01,6.418013572692871094e-01,-2.386477738618850708e-01,-6.660304497927427292e-03,-1.150027289986610413e-02,3.731578886508941650e-01,3.648851439356803894e-02,-4.242941141128540039e-01,1.697169393301010132e-01,3.532039001584053040e-02,-2.733496427536010742e-01,-3.444612920284271240e-01,4.003539383411407471e-01,-4.128528535366058350e-01,1.705611497163772583e-01,2.788559719920158386e-02,1.273286156356334686e-02
4.520985782146453857e-01,-1.310875058174133301e+00,9.810384511947631836e-01,1.485351473093032837e-02,-6.188634783029556274e-03,9.997277259826660156e-01,1.689841039478778839e-02,-5.062286257743835449e-01,-4.087652266025543213e-02,9.178436448564752936e-05,3.939985036849975586e-01,3.017601929605007172e-02,5.932345241308212280e-02,6.161354854702949524e-02,-4.667251836508512497e-03,-1.582730114459991455e-01,6.663354635238647461e-01,-1.869253814220428467e-01,5.431648343801498413e-03,-6.805317010730504990e-03,3.870878815650939941e-01,3.467956930398941040e-02,-4.242711663246154785e-01,1.688000708818435669e-01,3.682945296168327332e-02,-2.825559973716735840e-01,-3.451741337776184082e-01,4.026198387145996094e-01,-4.080966114997863770e-01,1.684747785329818726e-01,2.825830876827239990e-02,1.309048756957054138e-02
4.380957186222076416e-01,-1.311507701873779297e+00,9.823517203330993652e-01,1.618792116641998291e-02,-5.734969396144151688e-03,9.997215867042541504e-01,1.618236489593982697e-02,-4.989680051803588867e-01,-4.151230305433273315e-02,1.724412548355758190e-03,4.135432243347167969e-01,2.175001613795757294e-02,6.397639960050582886e-02,5.554259940981864929e-02,-1.230592746287584305e-02,-1.629347503185272217e-01,6.954250931739807129e-01,-1.333358734846115112e-01,9.597406722605228424e-03,-7.048224098980426788e-03,3.996207118034362793e-01,3.328252583742141724e-02,-4.250968098640441895e-01,1.668003648519515991e-01,3.759726136922836304e-02,-2.904868721961975098e-01,-3.456978499889373779e-01,4.045384526252746582e-01,-4.022499620914459229e-01,1.662881225347518921e-01,2.903545647859573364e-02,1.300412137061357498e-02
4.243116080760955811e-01,-1.312289714813232422e+00,9.839252829551696777e-01,1.774622686207294464e-02,-5.134260281920433044e-03,9.997283816337585449e-01,1.420925743877887726e-02,-4.913950860500335693e-01,-4.399570450186729431e-02,1.746301655657589436e-03,4.335145652294158936e-01,9.014996699988842010e-03,6.909184157848358154e-02,4.530413821339607239e-02,-1.954662799835205078e-02,-1.659767925739288330e-01,7.304350733757019043e-01,-7.233010232448577881e-02,6.651931907981634140e-03,-8.953857235610485077e-03,4.104423522949218750e-01,3.242536261677742004e-02,-4.265600442886352539e-01,1.637705713510513306e-01,3.771628811955451965e-02,-2.969299554824829102e-01,-3.458991348743438721e-01,4.059151709079742432e-01,-3.953768610954284668e-01,1.640438586473464966e-01,3.018493577837944031e-02,1.252311747521162033e-02
4.108178317546844482e-01,-1.313016891479492188e+00,9.856678247451782227e-01,1.936838775873184204e-02,-4.584352020174264908e-03,9.997264742851257324e-01,1.228133961558341980e-02,-4.825974702835083008e-01,-4.726424813270568848e-02,-7.901964127086102962e-04,4.509275257587432861e-01,-2.755471039563417435e-03,7.491061836481094360e-02,3.085555322468280792e-02,-2.741700597107410431e-02,-1.678062677383422852e-01,7.698099017143249512e-01,-6.927382666617631912e-03,2.503802767023444176e-03,-1.077699288725852966e-02,4.195476770401000977e-01,3.211376816034317017e-02,-4.285555183887481689e-01,1.596548706293106079e-01,3.728943318128585815e-02,-3.019161224365234375e-01,-3.456869125366210938e-01,4.066627025604248047e-01,-3.877260684967041016e-01,1.615521460771560669e-01,3.163685277104377747e-02,1.169577799737453461e-02
3.974562287330627441e-01,-1.313866376876831055e+00,9.874484539031982422e-01,2.065483853220939636e-02,-3.984258510172367096e-03,9.997244477272033691e-01,1.041580177843570709e-02,-4.728912711143493652e-01,-5.055735632777214050e-02,-2.609687391668558121e-03,4.652744531631469727e-01,-1.542413420975208282e-02,8.043789118528366089e-02,1.403619535267353058e-02,-3.620722889900207520e-02,-1.682347953319549561e-01,8.122437000274658203e-01,6.009261682629585266e-02,-5.093224346637725830e-03,-1.363466307520866394e-02,4.268622994422912598e-01,3.236824274063110352e-02,-4.304925501346588135e-01,1.542519927024841309e-01,3.657462447881698608e-02,-3.056116700172424316e-01,-3.448912501335144043e-01,4.069291651248931885e-01,-3.796498179435729980e-01,1.584277600049972534e-01,3.312536701560020447e-02,1.073502842336893082e-02
3.842738270759582520e-01,-1.314842224121093750e+00,9.893301725387573242e-01,2.213993482291698456e-02,-3.531960071995854378e-03,9.997145533561706543e-01,8.256259374320507050e-03,-4.607549309730529785e-01,-5.313654616475105286e-02,-2.590639982372522354e-03,4.759455025196075439e-01,-2.934329584240913391e-02,8.344136923551559448e-02,-1.091469172388315201e-02,-4.597321152687072754e-02,-1.669181436300277710e-01,8.623201847076416016e-01,1.271126121282577515e-01,-1.277096010744571686e-02,-1.862873323261737823e-02,4.325580596923828125e-01,3.313123062252998352e-02,-4.320516288280487061e-01,1.480259448289871216e-01,3.611477091908454895e-02,-3.079796731472015381e-01,-3.434606492519378662e-01,4.069090187549591064e-01,-3.710604310035705566e-01,1.549386829137802124e-01,3.462976962327957153e-02,9.742868132889270782e-03
3.712083399295806885e-01,-1.315781235694885254e+00,9.911575913429260254e-01,2.312177605926990509e-02,-2.953291637822985649e-03,9.997035264968872070e-01,7.038947660475969315e-03,-4.473888278007507324e-01,-5.454069003462791443e-02,3.971886471845209599e-04,4.829953014850616455e-01,-4.346534237265586853e-02,8.615861833095550537e-02,-3.996793925762176514e-02,-5.706604942679405212e-02,-1.635421514511108398e-01,9.142401814460754395e-01,1.941326111555099487e-01,-2.227925509214401245e-02,-2.436904609203338623e-02,4.370408058166503906e-01,3.407785668969154358e-02,-4.326778054237365723e-01,1.412634551525115967e-01,3.663728758692741394e-02,-3.092824220657348633e-01,-3.412969112396240234e-01,4.070539176464080811e-01,-3.622772693634033203e-01,1.511482745409011841e-01,3.595835343003273010e-02,8.956622332334518433e-03
3.585394024848937988e-01,-1.316866755485534668e+00,9.924185276031494141e-01,2.402121573686599731e-02,-2.294523874297738075e-03,9.996852278709411621e-01,6.867290474474430084e-03,-4.339958727359771729e-01,-5.537825822830200195e-02,5.201084073632955551e-03,4.895009100437164307e-01,-5.954382196068763733e-02,9.064169973134994507e-02,-7.215750217437744141e-02,-6.918822973966598511e-02,-1.581679731607437134e-01,9.661601781845092773e-01,2.611526250839233398e-01,-3.204380348324775696e-02,-3.037964366376399994e-02,4.397024214267730713e-01,3.534419462084770203e-02,-4.323588311672210693e-01,1.323564797639846802e-01,3.752032667398452759e-02,-3.095671236515045166e-01,-3.384200036525726318e-01,4.076604247093200684e-01,-3.528481721878051758e-01,1.474023461341857910e-01,3.721662610769271851e-02,8.580615743994712830e-03
3.458296954631805420e-01,-1.317915558815002441e+00,9.935569763183593750e-01,2.474959380924701691e-02,-1.309040351770818233e-03,9.996622204780578613e-01,7.818904705345630646e-03,-4.202610850334167480e-01,-5.571609735488891602e-02,1.275395043194293976e-02,4.955118298530578613e-01,-7.794730365276336670e-02,9.352607280015945435e-02,-1.085887327790260315e-01,-8.308943361043930054e-02,-1.507686227560043335e-01,1.018080234527587891e+00,3.279938399791717529e-01,-4.173109680414199829e-02,-3.579712659120559692e-02,4.401783645153045654e-01,3.686134144663810730e-02,-4.308306574821472168e-01,1.207110360264778137e-01,3.963611647486686707e-02,-3.089972734451293945e-01,-3.350154459476470947e-01,4.092143774032592773e-01,-3.435058295726776123e-01,1.442913711071014404e-01,3.839434683322906494e-02,8.585396222770214081e-03
3.334950506687164307e-01,-1.318927764892578125e+00,9.944098591804504395e-01,2.519913204014301300e-02,6.600900087505578995e-04,9.996311664581298828e-01,1.010686997324228287e-02,-4.067992269992828369e-01,-5.652094632387161255e-02,2.453725039958953857e-02,5.007485747337341309e-01,-9.679666906595230103e-02,9.508376568555831909e-02,-1.469071656465530396e-01,-1.013010218739509583e-01,-1.435273289680480957e-01,1.067480564117431641e+00,3.742620944976806641e-01,-5.207040160894393921e-02,-3.868718445301055908e-02,4.392664730548858643e-01,3.844613954424858093e-02,-4.286760687828063965e-01,1.077181920409202576e-01,4.247920587658882141e-02,-3.077200353145599365e-01,-3.313471078872680664e-01,4.117843508720397949e-01,-3.337384462356567383e-01,1.419485062360763550e-01,3.947963938117027283e-02,9.038012474775314331e-03
3.211012482643127441e-01,-1.319911837577819824e+00,9.955287575721740723e-01,2.485048212110996246e-02,2.735890215262770653e-03,9.996002316474914551e-01,1.320606097579002380e-02,-3.936600983142852783e-01,-5.698410049080848694e-02,3.797833248972892761e-02,5.038181543350219727e-01,-1.145694702863693237e-01,9.555257111787796021e-02,-1.809804141521453857e-01,-1.213569864630699158e-01,-1.404384523630142212e-01,1.106626510620117188e+00,3.816713094711303711e-01,-5.726727098226547241e-02,-3.920810297131538391e-02,4.367044866085052490e-01,4.024560749530792236e-02,-4.262543618679046631e-01,9.326470643281936646e-02,4.584586247801780701e-02,-3.058533370494842529e-01,-3.275787830352783203e-01,4.151850342750549316e-01,-3.240006268024444580e-01,1.405053585767745972e-01,4.048333317041397095e-02,9.898854419589042664e-03
3.088549673557281494e-01,-1.320671558380126953e+00,9.967488050460815430e-01,2.475154958665370941e-02,4.405581858009099960e-03,9.995568990707397461e-01,1.593625359237194061e-02,-3.798505961894989014e-01,-5.700955539941787720e-02,5.012519657611846924e-02,5.058358311653137207e-01,-1.301107257604598999e-01,9.520370513200759888e-02,-2.135323882102966309e-01,-1.424753516912460327e-01,-1.419137567281723022e-01,1.142704367637634277e+00,3.575134277343750000e-01,-6.240687519311904907e-02,-3.904303908348083496e-02,4.325539171695709229e-01,4.239005595445632935e-02,-4.237494468688964844e-01,7.886818796396255493e-02,4.921592026948928833e-02,-3.033571839332580566e-01,-3.238076269626617432e-01,4.188330173492431641e-01,-3.148422837257385254e-01,1.398041546344757080e-01,4.145598039031028748e-02,1.077484153211116791e-02
2.966323792934417725e-01,-1.321368098258972168e+00,9.981150031089782715e-01,2.470102347433567047e-02,5.798756610602140427e-03,9.995228648185729980e-01,1.761301606893539429e-02,-3.650847375392913818e-01,-5.786245688796043396e-02,5.948410928249359131e-02,5.056340098381042480e-01,-1.436181217432022095e-01,9.488011896610260010e-02,-2.456432878971099854e-01,-1.631386429071426392e-01,-1.454798877239227295e-01,1.174029469490051270e+00,3.197398185729980469e-01,-7.898218929767608643e-02,-3.940096125006675720e-02,4.268806576728820801e-01,4.503816738724708557e-02,-4.218487143516540527e-01,6.495001167058944702e-02,5.204815044999122620e-02,-3.001429438591003418e-01,-3.200629055500030518e-01,4.222892522811889648e-01,-3.061654269695281982e-01,1.393049210309982300e-01,4.243002831935882568e-02,1.157291792333126068e-02
2.843973040580749512e-01,-1.321950554847717285e+00,9.995840787887573242e-01,2.506791241466999054e-02,6.802891381084918976e-03,9.995077252388000488e-01,1.759539917111396790e-02,-3.490375280380249023e-01,-5.957060679793357849e-02,6.525646895170211792e-02,5.037485361099243164e-01,-1.556723862886428833e-01,9.464485198259353638e-02,-2.760354578495025635e-01,-1.787096261978149414e-01,-1.473093628883361816e-01,1.198954224586486816e+00,2.782965898513793945e-01,-1.032155156135559082e-01,-4.109493270516395569e-02,4.196959435939788818e-01,4.844453185796737671e-02,-4.207013547420501709e-01,5.131986737251281738e-02,5.418935045599937439e-02,-2.959524095058441162e-01,-3.162750005722045898e-01,4.252139627933502197e-01,-2.974911332130432129e-01,1.386513710021972656e-01,4.354169964790344238e-02,1.219090260565280914e-02
2.720817327499389648e-01,-1.322453141212463379e+00,1.001038193702697754e+00,2.551174536347389221e-02,7.485544309020042419e-03,9.995058178901672363e-01,1.676993444561958313e-02,-3.323301374912261963e-01,-6.161251291632652283e-02,6.829313933849334717e-02,5.007069110870361328e-01,-1.665915250778198242e-01,9.455917775630950928e-02,-3.052347600460052490e-01,-1.886616051197052002e-01,-1.465208530426025391e-01,1.217572927474975586e+00,2.389944642782211304e-01,-1.278450936079025269e-01,-4.372414201498031616e-02,4.110068678855895996e-01,5.268984660506248474e-02,-4.204986989498138428e-01,3.766022622585296631e-02,5.550137162208557129e-02,-2.907268702983856201e-01,-3.122703731060028076e-01,4.272077083587646484e-01,-2.882564067840576172e-01,1.374049931764602661e-01,4.485974088311195374e-02,1.262685284018516541e-02
2.598855495452880859e-01,-1.322846770286560059e+00,1.002419233322143555e+00,2.527279593050479889e-02,8.264310657978057861e-03,9.995269179344177246e-01,1.545667182654142380e-02,-3.155125379562377930e-01,-6.443981081247329712e-02,7.010106742382049561e-02,4.943486154079437256e-01,-1.762225627899169922e-01,9.383128583431243896e-02,-3.369879126548767090e-01,-1.949070841073989868e-01,-1.432065963745117188e-01,1.234651565551757812e+00,1.919125467538833618e-01,-1.496938914060592651e-01,-4.621373489499092102e-02,3.980247378349304199e-01,6.216080486774444580e-02,-4.214566946029663086e-01,-9.271831251680850983e-03,5.766176432371139526e-02,-2.833150923252105713e-01,-3.047031760215759277e-01,4.288474917411804199e-01,-2.550670802593231201e-01,1.304323673248291016e-01,5.064880847930908203e-02,1.353928726166486740e-02
2.476048469543457031e-01,-1.323107600212097168e+00,1.003916025161743164e+00,2.517297677695751190e-02,8.419908583164215088e-03,9.995506405830383301e-01,1.392558030784130096e-02,-2.992073297500610352e-01,-6.641759723424911499e-02,6.955938041210174561e-02,4.887020885944366455e-01,-1.839274764060974121e-01,9.457713365554809570e-02,-3.643709719181060791e-01,-1.908138394355773926e-01,-1.328876316547393799e-01,1.237854719161987305e+00,1.620709002017974854e-01,-1.522760093212127686e-01,-4.918788745999336243e-02,3.849895298480987549e-01,7.303512841463088989e-02,-4.232754111289978027e-01,-4.233665019273757935e-02,5.652127414941787720e-02,-2.760374546051025391e-01,-2.965902388095855713e-01,4.290358722209930420e-01,-2.301802039146423340e-01,1.223296225070953369e-01,5.605101957917213440e-02,1.362915709614753723e-02
2.352985292673110962e-01,-1.323423027992248535e+00,1.005363106727600098e+00,2.518361993134021759e-02,8.144503459334373474e-03,9.995676279067993164e-01,1.280846446752548218e-02,-2.827155888080596924e-01,-6.690595299005508423e-02,7.039381563663482666e-02,4.830901622772216797e-01,-1.924580335617065430e-01,9.268391877412796021e-02,-3.897082209587097168e-01,-1.806490570306777954e-01,-1.188410744071006775e-01,1.233819961547851562e+00,1.333026587963104248e-01,-1.469250768423080444e-01,-5.141762644052505493e-02,3.705631494522094727e-01,8.435080200433731079e-02,-4.251766502857208252e-01,-6.502039730548858643e-02,5.444036796689033508e-02,-2.677710354328155518e-01,-2.883634567260742188e-01,4.281173348426818848e-01,-2.117444425821304321e-01,1.148772835731506348e-01,6.003430858254432678e-02,1.330180000513792038e-02
2.228388041257858276e-01,-1.323641061782836914e+00,1.006715297698974609e+00,2.526956237852573395e-02,7.642085198312997818e-03,9.995770454406738281e-01,1.219910010695457458e-02,-2.655328810214996338e-01,-6.650577485561370850e-02,7.169628143310546875e-02,4.771588742733001709e-01,-2.000705748796463013e-01,9.379386901855468750e-02,-4.127778112888336182e-01,-1.658757328987121582e-01,-1.017444059252738953e-01,1.222923398017883301e+00,1.063546761870384216e-01,-1.377751529216766357e-01,-5.176461115479469299e-02,3.543069064617156982e-01,9.619235247373580933e-02,-4.270616769790649414e-01,-8.739822357892990112e-02,5.132894217967987061e-02,-2.581245601177215576e-01,-2.798768877983093262e-01,4.265385270118713379e-01,-1.922135651111602783e-01,1.071075201034545898e-01,6.415493041276931763e-02,1.260447502136230469e-02
2.103339433670043945e-01,-1.323784828186035156e+00,1.007959127426147461e+00,2.532403543591499329e-02,7.174415048211812973e-03,9.995817542076110840e-01,1.197894383221864700e-02,-2.487211525440216064e-01,-6.533617526292800903e-02,7.549390196800231934e-02,4.718181490898132324e-01,-2.073980122804641724e-01,9.540782868862152100e-02,-4.335774183273315430e-01,-1.487987339496612549e-01,-8.376103639602661133e-02,1.205879449844360352e+00,7.839377224445343018e-02,-1.279730796813964844e-01,-5.125800147652626038e-02,3.362159430980682373e-01,1.083444803953170776e-01,-4.285386204719543457e-01,-1.101250052452087402e-01,4.812007769942283630e-02,-2.472039461135864258e-01,-2.712327241897583008e-01,4.249146580696105957e-01,-1.721655875444412231e-01,1.000387445092201233e-01,6.833797693252563477e-02,1.148439943790435791e-02
1.977968961000442505e-01,-1.324034094810485840e+00,1.009009957313537598e+00,2.542177587747573853e-02,6.669588387012481689e-03,9.995809197425842285e-01,1.213247515261173248e-02,-2.311270385980606079e-01,-6.432642042636871338e-02,7.912765443325042725e-02,4.655456244945526123e-01,-2.154183685779571533e-01,9.506170451641082764e-02,-4.528451561927795410e-01,-1.310911178588867188e-01,-6.536085158586502075e-02,1.184427857398986816e+00,4.989954829216003418e-02,-1.190855056047439575e-01,-4.933454468846321106e-02,3.165423870086669922e-01,1.207748800516128540e-01,-4.295874238014221191e-01,-1.338280439376831055e-01,4.490482807159423828e-02,-2.351152747869491577e-01,-2.624590992927551270e-01,4.234312772750854492e-01,-1.515540778636932373e-01,9.467133134603500366e-02,7.245418429374694824e-02,9.861304424703121185e-03
1.852834522724151611e-01,-1.324024200439453125e+00,1.009853482246398926e+00,2.507619746029376984e-02,6.302359048277139664e-03,9.995942711830139160e-01,1.194747351109981537e-02,-2.149970531463623047e-01,-6.260820478200912476e-02,8.672431856393814087e-02,4.596690535545349121e-01,-2.240866273641586304e-01,9.435412287712097168e-02,-4.691230356693267822e-01,-1.139703467488288879e-01,-4.937307909131050110e-02,1.155501008033752441e+00,2.368839271366596222e-02,-1.142178848385810852e-01,-4.780286550521850586e-02,2.950914800167083740e-01,1.330084353685379028e-01,-4.288822710514068604e-01,-1.587785184383392334e-01,4.372519999742507935e-02,-2.220835983753204346e-01,-2.536236643791198730e-01,4.221960604190826416e-01,-1.316224783658981323e-01,9.182898700237274170e-02,7.615399360656738281e-02,7.724319119006395340e-03
1.725730895996093750e-01,-1.323970317840576172e+00,1.010451078414916992e+00,2.481367252767086029e-02,5.780469160526990891e-03,9.996059536933898926e-01,1.178214419633150101e-02,-1.979882717132568359e-01,-6.029053777456283569e-02,9.520462155342102051e-02,4.527978897094726562e-01,-2.326170802116394043e-01,9.519565850496292114e-02,-4.821218550205230713e-01,-9.922257065773010254e-02,-3.789615258574485779e-02,1.121514320373535156e+00,2.845883136615157127e-05,-1.074704080820083618e-01,-4.490357637405395508e-02,2.722456157207489014e-01,1.451739817857742310e-01,-4.271837472915649414e-01,-1.841870099306106567e-01,4.328455775976181030e-02,-2.078861296176910400e-01,-2.448149919509887695e-01,4.214917421340942383e-01,-1.116944104433059692e-01,9.215963631868362427e-02,7.951177656650543213e-02,5.059475079178810120e-03
1.597365140914916992e-01,-1.323835730552673340e+00,1.010831475257873535e+00,2.482169866561889648e-02,5.398094654083251953e-03,9.996070861816406250e-01,1.185142993927001953e-02,-1.806889921426773071e-01,-5.850781127810478210e-02,1.026312336325645447e-01,4.465726315975189209e-01,-2.402883917093276978e-01,9.745886921882629395e-02,-4.934545457363128662e-01,-8.715503662824630737e-02,-2.939653210341930389e-02,1.083818078041076660e+00,-1.913221739232540131e-02,-1.005143299698829651e-01,-4.167648777365684509e-02,2.482608258724212646e-01,1.569513678550720215e-01,-4.243442714214324951e-01,-2.100765556097030640e-01,4.391825944185256958e-02,-1.927817016839981079e-01,-2.360989600419998169e-01,4.212511181831359863e-01,-9.276928007602691650e-02,9.475882351398468018e-02,8.258566260337829590e-02,2.347203437238931656e-03
1.469466239213943481e-01,-1.323685407638549805e+00,1.011095285415649414e+00,2.395562268793582916e-02,5.211913026869297028e-03,9.996347427368164062e-01,1.137348264455795288e-02,-1.663553565740585327e-01,-5.747283622622489929e-02,1.081697642803192139e-01,4.425331950187683105e-01,-2.481585294008255005e-01,9.825131297111511230e-02,-5.028177499771118164e-01,-7.823572307825088501e-02,-2.510663866996765137e-02,1.039633154869079590e+00,-3.313662484288215637e-02,-9.529329091310501099e-02,-3.862827643752098083e-02,2.230184078216552734e-01,1.682742834091186523e-01,-4.204080700874328613e-01,-2.371296137571334839e-01,4.502713680267333984e-02,-1.769445985555648804e-01,-2.277023494243621826e-01,4.211979210376739502e-01,-7.575239986181259155e-02,9.920029342174530029e-02,8.478660881519317627e-02,-1.131415134295821190e-03
1.340674459934234619e-01,-1.323449134826660156e+00,1.011120319366455078e+00,2.293887920677661896e-02,4.978307057172060013e-03,9.996720552444458008e-01,1.023834291845560074e-02,-1.538858115673065186e-01,-5.653560906648635864e-02,1.137485057115554810e-01,4.408761858940124512e-01,-2.541866004467010498e-01,1.038683503866195679e-01,-5.100263357162475586e-01,-7.232502847909927368e-02,-2.577073499560356140e-02,9.911073446273803711e-01,-4.094735905528068542e-02,-9.067305922508239746e-02,-3.681370615959167480e-02,1.967983841896057129e-01,1.791391074657440186e-01,-4.158866107463836670e-01,-2.642344534397125244e-01,4.544202610850334167e-02,-1.604975610971450806e-01,-2.195966541767120361e-01,4.211055636405944824e-01,-6.033168733119964600e-02,1.041868776082992554e-01,8.642990887165069580e-02,-4.764363635331392288e-03
1.210844665765762329e-01,-1.323103308677673340e+00,1.010978460311889648e+00,2.214313670992851257e-02,4.937414545565843582e-03,9.996986985206604004e-01,9.369674138724803925e-03,-1.399530768394470215e-01,-5.636334419250488281e-02,1.170073747634887695e-01,4.377933442592620850e-01,-2.606946527957916260e-01,1.092185452580451965e-01,-5.143953561782836914e-01,-6.752207130193710327e-02,-2.785236015915870667e-02,9.380253553390502930e-01,-4.480711743235588074e-02,-8.964951336383819580e-02,-3.566443175077438354e-02,1.699792444705963135e-01,1.892872005701065063e-01,-4.105102419853210449e-01,-2.911258339881896973e-01,4.622331634163856506e-02,-1.434816718101501465e-01,-2.118811905384063721e-01,4.211035668849945068e-01,-4.595914483070373535e-02,1.103142648935317993e-01,8.727373927831649780e-02,-8.187756873667240143e-03
1.080974787473678589e-01,-1.322869539260864258e+00,1.010738253593444824e+00,2.092849276959896088e-02,4.983195103704929352e-03,9.997359514236450195e-01,8.074420504271984100e-03,-1.280220150947570801e-01,-5.627063289284706116e-02,1.207425892353057861e-01,4.368662238121032715e-01,-2.693447768688201904e-01,1.090668588876724243e-01,-5.171930193901062012e-01,-6.523047387599945068e-02,-3.432067111134529114e-02,8.802213072776794434e-01,-4.463484883308410645e-02,-8.689079433679580688e-02,-3.471612930297851562e-02,1.424643248319625854e-01,1.985368579626083374e-01,-4.039402604103088379e-01,-3.179640471935272217e-01,4.694982618093490601e-02,-1.261237263679504395e-01,-2.046169787645339966e-01,4.207145869731903076e-01,-3.312815353274345398e-02,1.157585456967353821e-01,8.738162368535995483e-02,-1.158989034593105316e-02
9.488011896610260010e-02,-1.322552442550659180e+00,1.010381460189819336e+00,1.955179683864116669e-02,5.050887353718280792e-03,9.997724294662475586e-01,6.874960381537675858e-03,-1.157212704420089722e-01,-5.632805824279785156e-02,1.228008642792701721e-01,4.352877140045166016e-01,-2.772931158542633057e-01,1.104551181197166443e-01,-5.180869102478027344e-01,-6.357522308826446533e-02,-4.360788688063621521e-02,8.188907504081726074e-01,-4.199549555778503418e-02,-8.437016606330871582e-02,-3.403211757540702820e-02,1.146159619092941284e-01,2.071896046400070190e-01,-3.972406387329101562e-01,-3.444091975688934326e-01,4.684885218739509583e-02,-1.085248589515686035e-01,-1.977373957633972168e-01,4.197513461112976074e-01,-2.154326438903808594e-02,1.203275173902511597e-01,8.677321672439575195e-02,-1.479448005557060242e-02
8.158627152442932129e-02,-1.322118639945983887e+00,1.009844303131103516e+00,1.850575022399425507e-02,5.194384604692459106e-03,9.997984766960144043e-01,5.792464129626750946e-03,-1.032630801200866699e-01,-5.635643005371093750e-02,1.237223371863365173e-01,4.352592825889587402e-01,-2.850120961666107178e-01,1.115760430693626404e-01,-5.167602300643920898e-01,-6.233015283942222595e-02,-5.517869070172309875e-02,7.554240822792053223e-01,-3.666168823838233948e-02,-7.921960204839706421e-02,-3.344190493226051331e-02,8.661273121833801270e-02,2.152211368083953857e-01,-3.904693126678466797e-01,-3.701231777667999268e-01,4.630095884203910828e-02,-9.067156165838241577e-02,-1.912632584571838379e-01,4.180900454521179199e-01,-1.117830071598291397e-02,1.232168078422546387e-01,8.566880226135253906e-02,-1.764233782887458801e-02
6.819956004619598389e-02,-1.321731090545654297e+00,1.009227395057678223e+00,1.761530339717864990e-02,5.315479822456836700e-03,9.998190999031066895e-01,4.815117921680212021e-03,-9.068965166807174683e-02,-5.628000199794769287e-02,1.247212663292884827e-01,4.358963072299957275e-01,-2.931871414184570312e-01,1.102243065834045410e-01,-5.135204195976257324e-01,-6.042829155921936035e-02,-6.827720254659652710e-02,6.895071864128112793e-01,-2.878899872303009033e-02,-7.369567453861236572e-02,-3.335656970739364624e-02,5.856594443321228027e-02,2.225200235843658447e-01,-3.831646740436553955e-01,-3.949231207370758057e-01,4.511056840419769287e-02,-7.232317328453063965e-02,-1.850799173116683960e-01,4.163204133510589600e-01,-1.706432201899588108e-03,1.257503330707550049e-01,8.431676775217056274e-02,-2.011229656636714935e-02
5.463315919041633606e-02,-1.321136593818664551e+00,1.008527517318725586e+00,1.642279699444770813e-02,5.268022883683443069e-03,9.998447895050048828e-01,3.589839208871126175e-03,-7.785607874393463135e-02,-5.590370297431945801e-02,1.243358105421066284e-01,4.351193010807037354e-01,-3.005171716213226318e-01,1.099592000246047974e-01,-5.094935297966003418e-01,-5.724964290857315063e-02,-8.245353400707244873e-02,6.232137084007263184e-01,-2.387173287570476532e-02,-6.447986513376235962e-02,-3.307583928108215332e-02,3.056416474282741547e-02,2.293621301651000977e-01,-3.757691383361816406e-01,-4.189203381538391113e-01,4.310427606105804443e-02,-5.369612947106361389e-02,-1.790269315242767334e-01,4.136917293071746826e-01,6.976014934480190277e-03,1.263019889593124390e-01,8.270432800054550171e-02,-2.256852015852928162e-02
4.100568965077400208e-02,-1.320568203926086426e+00,1.007647991180419922e+00,1.569307409226894379e-02,5.149361677467823029e-03,9.998614788055419922e-01,2.071096561849117279e-03,-6.544503569602966309e-02,-5.508486926555633545e-02,1.241777688264846802e-01,4.369368553161621094e-01,-3.077508807182312012e-01,1.088442578911781311e-01,-5.035455822944641113e-01,-5.197478085756301880e-02,-9.418807923793792725e-02,5.565630197525024414e-01,-2.289230003952980042e-02,-5.728797242045402527e-02,-3.386903926730155945e-02,2.824790542945265770e-03,2.357610315084457397e-01,-3.683549463748931885e-01,-4.418251514434814453e-01,4.052343219518661499e-02,-3.465387225151062012e-02,-1.730479449033737183e-01,4.105456471443176270e-01,1.516153011471033096e-02,1.260211765766143799e-01,8.091361820697784424e-02,-2.497576922178268433e-02
2.721128053963184357e-02,-1.319983005523681641e+00,1.006738305091857910e+00,1.517861522734165192e-02,4.795146174728870392e-03,9.998732209205627441e-01,3.505828208290040493e-04,-5.248843133449554443e-02,-5.363145098090171814e-02,1.238421127200126648e-01,4.387623965740203857e-01,-3.144312798976898193e-01,1.072203218936920166e-01,-4.964544475078582764e-01,-4.360105842351913452e-02,-1.002746820449829102e-01,4.907556176185607910e-01,-2.379628457129001617e-02,-4.862589016556739807e-02,-3.562631085515022278e-02,-2.444741874933242798e-02,2.418241351842880249e-01,-3.608922958374023438e-01,-4.640030264854431152e-01,3.764241188764572144e-02,-1.524148508906364441e-02,-1.669465750455856323e-01,4.068592786788940430e-01,2.317369170486927032e-02,1.247551888227462769e-01,7.908695191144943237e-02,-2.705404162406921387e-02
1.337657403200864792e-02,-1.319309592247009277e+00,1.005794763565063477e+00,1.469486299902200699e-02,4.320821259170770645e-03,9.998816847801208496e-01,-1.436766004189848900e-03,-4.061985760927200317e-02,-5.142984911799430847e-02,1.242413520812988281e-01,4.426924288272857666e-01,-3.198066353797912598e-01,1.053327545523643494e-01,-4.896238148212432861e-01,-3.284729272127151489e-02,-1.008050888776779175e-01,4.285376667976379395e-01,-2.740762755274772644e-02,-3.629211336374282837e-02,-3.696227073669433594e-02,-5.123471096158027649e-02,2.476568073034286499e-01,-3.534895181655883789e-01,-4.850109517574310303e-01,3.371134400367736816e-02,4.446733277291059494e-03,-1.606170982122421265e-01,4.026853740215301514e-01,3.098412230610847473e-02,1.230230331420898438e-01,7.699058204889297485e-02,-2.917233482003211975e-02
-6.706921849399805069e-04,-1.318603992462158203e+00,1.004814743995666504e+00,1.424830313771963120e-02,3.742887638509273529e-03,9.998872876167297363e-01,-2.896995050832629204e-03,-3.012545593082904816e-02,-4.838533326983451843e-02,1.252163499593734741e-01,4.497004151344299316e-01,-3.235982954502105713e-01,1.032105684280395508e-01,-4.835153222084045410e-01,-2.040958963334560394e-02,-9.502647817134857178e-02,3.706411421298980713e-01,-3.240601345896720886e-02,-2.086655050516128540e-02,-3.761576116085052490e-02,-7.725676149129867554e-02,2.531538605690002441e-01,-3.462672531604766846e-01,-5.046779513359069824e-01,2.912765741348266602e-02,2.437196113169193268e-02,-1.540008783340454102e-01,3.979614973068237305e-01,3.814475238323211670e-02,1.202962771058082581e-01,7.491259276866912842e-02,-3.137715905904769897e-02
-1.465609110891819000e-02,-1.317815542221069336e+00,1.003723382949829102e+00,1.397665403783321381e-02,3.214436583220958710e-03,9.998897910118103027e-01,-3.839108394458889961e-03,-1.960888132452964783e-02,-4.526639729738235474e-02,1.269791722297668457e-01,4.574155509471893311e-01,-3.267260193824768066e-01,1.005373224616050720e-01,-4.772326350212097168e-01,-8.452543988823890686e-03,-8.746512979269027710e-02,3.173878788948059082e-01,-3.798409551382064819e-02,1.377344503998756409e-02,-3.623003885149955750e-02,-1.024943292140960693e-01,2.581781744956970215e-01,-3.394869267940521240e-01,-5.228432416915893555e-01,2.443204633891582489e-02,4.463492333889007568e-02,-1.470594555139541626e-01,3.928796947002410889e-01,4.468811675906181335e-02,1.175602376461029053e-01,7.266270369291305542e-02,-3.404436632990837097e-02
-2.851773612201213837e-02,-1.317081093788146973e+00,1.002699494361877441e+00,1.364826783537864685e-02,2.699893200770020485e-03,9.998947381973266602e-01,-4.113140981644392014e-03,-1.067896746098995209e-02,-4.193310067057609558e-02,1.296496838331222534e-01,4.675283730030059814e-01,-3.272394537925720215e-01,9.824212640523910522e-02,-4.717920124530792236e-01,2.433969639241695404e-03,-7.808815687894821167e-02,2.708955705165863037e-01,-4.359104111790657043e-02,5.091385543346405029e-02,-3.417411819100379944e-02,-1.269134879112243652e-01,2.625846564769744873e-01,-3.326533436775207520e-01,-5.383134484291076660e-01,2.054307237267494202e-02,6.505141407251358032e-02,-1.399616599082946777e-01,3.876988589763641357e-01,4.986950755119323730e-02,1.155036389827728271e-01,7.037264853715896606e-02,-3.654848784208297729e-02
-4.233955591917037964e-02,-1.316021680831909180e+00,1.001794219017028809e+00,1.318370178341865540e-02,2.270103432238101959e-03,9.998999834060668945e-01,-4.587765783071517944e-03,-2.767021767795085907e-03,-3.842876106500625610e-02,1.314302980899810791e-01,4.784693121910095215e-01,-3.251909017562866211e-01,9.522077441215515137e-02,-4.671240150928497314e-01,1.202094275504350662e-02,-6.612448394298553467e-02,2.333666086196899414e-01,-5.039144307374954224e-02,7.135803997516632080e-02,-3.211493790149688721e-02,-1.504632830619812012e-01,2.665750980377197266e-01,-3.266858458518981934e-01,-5.510042905807495117e-01,1.716763898730278015e-02,8.549034595489501953e-02,-1.327803879976272583e-01,3.823300004005432129e-01,5.431247875094413757e-02,1.144289970397949219e-01,6.797676533460617065e-02,-3.918540850281715393e-02
-5.621375888586044312e-02,-1.314994215965270996e+00,1.001005411148071289e+00,1.321471016854047775e-02,2.009582007303833961e-03,9.998954534530639648e-01,-5.514913704246282578e-03,2.812808146700263023e-03,-3.465626016259193420e-02,1.336032450199127197e-01,4.946340918540954590e-01,-3.187152147293090820e-01,9.344258159399032593e-02,-4.616884887218475342e-01,1.946547813713550568e-02,-5.119381844997406006e-02,2.053048610687255859e-01,-5.559778958559036255e-02,7.690610736608505249e-02,-3.134366124868392944e-02,-1.729900389909744263e-01,2.700848281383514404e-01,-3.215827941894531250e-01,-5.604013800621032715e-01,1.371798478066921234e-02,1.058779805898666382e-01,-1.256063878536224365e-01,3.769253790378570557e-01,5.764573812484741211e-02,1.138412654399871826e-01,6.591424345970153809e-02,-4.177065193653106689e-02
-6.976724416017532349e-02,-1.313969850540161133e+00,1.000131130218505859e+00,1.327668875455856323e-02,1.939501031301915646e-03,9.998943805694580078e-01,-5.588664207607507706e-03,9.489751420915126801e-03,-3.194452449679374695e-02,1.342140287160873413e-01,5.084351301193237305e-01,-3.122012913227081299e-01,9.155100584030151367e-02,-4.577096700668334961e-01,2.604996599256992340e-02,-3.700192272663116455e-02,1.888125240802764893e-01,-5.782816931605339050e-02,7.709386944770812988e-02,-2.907342836260795593e-02,-1.945889592170715332e-01,2.730693817138671875e-01,-3.173601031303405762e-01,-5.667532682418823242e-01,1.136882044374942780e-02,1.262596994638442993e-01,-1.186060160398483276e-01,3.718919754028320312e-01,5.957564339041709900e-02,1.137157455086708069e-01,6.448236852884292603e-02,-4.363872483372688293e-02
-8.327280730009078979e-02,-1.312924623489379883e+00,9.993199110031127930e-01,1.351496390998363495e-02,2.099580597132444382e-03,9.998930692672729492e-01,-5.176629871129989624e-03,1.518216170370578766e-02,-2.958084642887115479e-02,1.358591765165328979e-01,5.242850780487060547e-01,-3.024984300136566162e-01,8.909914642572402954e-02,-4.543400406837463379e-01,3.114656917750835419e-02,-2.727040275931358337e-02,1.845135688781738281e-01,-5.482342839241027832e-02,7.868739962577819824e-02,-2.676427550613880157e-02,-2.148710787296295166e-01,2.754923701286315918e-01,-3.138527572154998779e-01,-5.706604123115539551e-01,9.122301824390888214e-03,1.460803598165512085e-01,-1.118962913751602173e-01,3.673054575920104980e-01,6.143268942832946777e-02,1.149302273988723755e-01,6.353400647640228271e-02,-4.477171972393989563e-02
-9.671311080455780029e-02,-1.311876535415649414e+00,9.986228942871093750e-01,1.367359422147274017e-02,2.438496565446257591e-03,9.998930692672729492e-01,-4.570786375552415848e-03,1.900872029364109039e-02,-2.741265483200550079e-02,1.380341947078704834e-01,5.427546501159667969e-01,-2.899104952812194824e-01,8.595967292785644531e-02,-4.519735574722290039e-01,3.468951210379600525e-02,-2.212880179286003113e-02,1.915696263313293457e-01,-4.580106958746910095e-02,7.439710944890975952e-02,-2.514793537557125092e-02,-2.311353236436843872e-01,2.771277129650115967e-01,-3.113001286983489990e-01,-5.722624063491821289e-01,8.238164708018302917e-03,1.622595936059951782e-01,-1.065998598933219910e-01,3.642947077751159668e-01,6.240438297390937805e-02,1.159800440073013306e-01,6.311476975679397583e-02,-4.510031640529632568e-02
-1.100533083081245422e-01,-1.310924649238586426e+00,9.979417324066162109e-01,1.436015125364065170e-02,2.603012602776288986e-03,9.998856186866760254e-01,-3.975480794906616211e-03,2.131097204983234406e-02,-2.447698637843132019e-02,1.399039030075073242e-01,5.649050474166870117e-01,-2.724848091602325439e-01,8.345860242843627930e-02,-4.514486789703369141e-01,3.772219642996788025e-02,-1.707116514444351196e-02,2.105412632226943970e-01,-2.904807962477207184e-02,6.133090332150459290e-02,-2.404083497822284698e-02,-2.467774301767349243e-01,2.787822782993316650e-01,-3.093466758728027344e-01,-5.737197995185852051e-01,6.534332875162363052e-03,1.786310523748397827e-01,-1.012764647603034973e-01,3.622894287109375000e-01,6.387641280889511108e-02,1.180768981575965881e-01,6.284892559051513672e-02,-4.515007138252258301e-02
-1.235777214169502258e-01,-1.309932351112365723e+00,9.972037076950073242e-01,1.527232583612203598e-02,2.818957436829805374e-03,9.998719096183776855e-01,-3.872880944982171059e-03,2.301624417304992676e-02,-2.129724621772766113e-02,1.414296180009841919e-01,5.886336565017700195e-01,-2.527849078178405762e-01,7.996164262294769287e-02,-4.496129751205444336e-01,3.984130546450614929e-02,-1.013183500617742538e-02,2.354924231767654419e-01,-1.042834855616092682e-02,4.673702642321586609e-02,-2.441121637821197510e-02,-2.615073621273040771e-01,2.803575396537780762e-01,-3.078462183475494385e-01,-5.744460225105285645e-01,4.645785316824913025e-03,1.947977244853973389e-01,-9.603055566549301147e-02,3.611373305320739746e-01,6.522740423679351807e-02,1.211832389235496521e-01,6.278059631586074829e-02,-4.488169401884078979e-02
-1.373082846403121948e-01,-1.308966279029846191e+00,9.964704513549804688e-01,1.657394506037235260e-02,3.181462176144123077e-03,9.998500347137451172e-01,-3.879734780639410019e-03,2.280087955296039581e-02,-1.762831397354602814e-02,1.431598216295242310e-01,6.164113283157348633e-01,-2.271488904953002930e-01,7.724475115537643433e-02,-4.465703070163726807e-01,4.121259972453117371e-02,-2.077984623610973358e-03,2.593086659908294678e-01,6.193849258124828339e-03,4.400761798024177551e-02,-2.478536777198314667e-02,-2.751709222793579102e-01,2.818883657455444336e-01,-3.070029318332672119e-01,-5.743571519851684570e-01,2.592512872070074081e-03,2.107334285974502563e-01,-9.097531437873840332e-02,3.607574105262756348e-01,6.613665819168090820e-02,1.250862330198287964e-01,6.295537203550338745e-02,-4.445297271013259888e-02
-1.512969136238098145e-01,-1.307806015014648438e+00,9.957755208015441895e-01,1.795274019241333008e-02,3.379074856638908386e-03,9.998249411582946777e-01,-4.042998887598514557e-03,2.441010437905788422e-02,-1.368272490799427032e-02,1.445719003677368164e-01,6.405210494995117188e-01,-1.997359246015548706e-01,7.496738433837890625e-02,-4.426426589488983154e-01,4.306310042738914490e-02,5.254413466900587082e-03,2.806109786033630371e-01,1.921148411929607391e-02,4.443201050162315369e-02,-2.515674568712711334e-02,-2.876923680305480957e-01,2.834659218788146973e-01,-3.068445622920989990e-01,-5.733344554901123047e-01,-2.956133976113051176e-04,2.262582778930664062e-01,-8.602409809827804565e-02,3.606167137622833252e-01,6.647796183824539185e-02,1.293543875217437744e-01,6.337989866733551025e-02,-4.375386983156204224e-02
-1.655130982398986816e-01,-1.306682467460632324e+00,9.953542947769165039e-01,1.946380734443664551e-02,3.782150102779269218e-03,9.997941851615905762e-01,-4.300996661186218262e-03,2.242776192724704742e-02,-8.829219266772270203e-03,1.480034738779067993e-01,6.693960428237915039e-01,-1.622302085161209106e-01,7.290519773960113525e-02,-4.378346800804138184e-01,4.388609901070594788e-02,1.025460567325353622e-02,2.985023260116577148e-01,3.363623842597007751e-02,3.412666171789169312e-02,-2.510283142328262329e-02,-2.989244759082794189e-01,2.849313020706176758e-01,-3.073901534080505371e-01,-5.714313983917236328e-01,-3.897194750607013702e-03,2.411230951547622681e-01,-8.141630142927169800e-02,3.606805801391601562e-01,6.597541272640228271e-02,1.336751133203506470e-01,6.409278512001037598e-02,-4.316514357924461365e-02
-1.798131316900253296e-01,-1.305370450019836426e+00,9.950215816497802734e-01,2.075983025133609772e-02,4.133107140660285950e-03,9.997664093971252441e-01,-4.361969418823719025e-03,1.907403394579887390e-02,-3.151663811877369881e-03,1.520401686429977417e-01,6.986603736877441406e-01,-1.187734007835388184e-01,6.908056139945983887e-02,-4.329366981983184814e-01,4.370392858982086182e-02,9.548357687890529633e-03,3.154991865158081055e-01,5.248720943927764893e-02,2.357648871839046478e-02,-2.334259077906608582e-02,-3.090300559997558594e-01,2.861221432685852051e-01,-3.084323108196258545e-01,-5.688785910606384277e-01,-7.392958737909793854e-03,2.552978694438934326e-01,-7.709299772977828979e-02,3.604727387428283691e-01,6.473271548748016357e-02,1.376378387212753296e-01,6.502029299736022949e-02,-4.254195094108581543e-02
-1.942156851291656494e-01,-1.303974747657775879e+00,9.946801066398620605e-01,2.220214717090129852e-02,4.457882605493068695e-03,9.997316002845764160e-01,-4.890499636530876160e-03,1.315434649586677551e-02,3.715635975822806358e-03,1.572670936584472656e-01,7.282907962799072266e-01,-7.643264532089233398e-02,3.583956137299537659e-02,-4.265558123588562012e-01,4.142148047685623169e-02,4.310416989028453827e-03,3.327525258064270020e-01,6.697876751422882080e-02,1.061188336461782455e-02,-2.160159125924110413e-02,-3.178520500659942627e-01,2.871229052543640137e-01,-3.102353215217590332e-01,-5.654355883598327637e-01,-1.113721262663602829e-02,2.687712013721466064e-01,-7.310500741004943848e-02,3.599385023117065430e-01,6.279363483190536499e-02,1.411037743091583252e-01,6.616086512804031372e-02,-4.218067601323127747e-02
-2.082699686288833618e-01,-1.302623152732849121e+00,9.945423603057861328e-01,2.343958057463169098e-02,4.433256108313798904e-03,9.997019767761230469e-01,-5.188208539038896561e-03,4.304446280002593994e-03,1.140666566789150238e-02,1.579840034246444702e-01,7.627092003822326660e-01,-2.664482407271862030e-02,2.242173813283443451e-02,-4.198498725891113281e-01,4.081492498517036438e-02,6.771145854145288467e-04,3.508051931858062744e-01,6.487063318490982056e-02,-1.030511781573295593e-02,-1.940909586846828461e-02,-3.254901170730590820e-01,2.877892851829528809e-01,-3.125404417514801025e-01,-5.606563687324523926e-01,-1.491039525717496872e-02,2.814915180206298828e-01,-6.929312646389007568e-02,3.588795959949493408e-01,5.972704291343688965e-02,1.439722627401351929e-01,6.746547669172286987e-02,-4.192191362380981445e-02
-2.221750915050506592e-01,-1.301324963569641113e+00,9.946954250335693359e-01,2.415596880018711090e-02,3.968554083257913589e-03,9.996817708015441895e-01,-6.090725772082805634e-03,-4.068822134286165237e-03,1.902417093515396118e-02,1.552751362323760986e-01,7.963201403617858887e-01,2.921286411583423615e-02,1.422894466668367386e-02,-4.131187498569488525e-01,4.242965579032897949e-02,-1.420559245161712170e-03,3.699042201042175293e-01,4.871010780334472656e-02,-3.558365628123283386e-02,-1.799382828176021576e-02,-3.321376442909240723e-01,2.881541848182678223e-01,-3.149476647377014160e-01,-5.549419522285461426e-01,-1.863620057702064514e-02,2.932347059249877930e-01,-6.582944840192794800e-02,3.572392761707305908e-01,5.574554204940795898e-02,1.458803564310073853e-01,6.876502931118011475e-02,-4.189230874180793762e-02
-2.360249459743499756e-01,-1.300038814544677734e+00,9.952520728111267090e-01,2.552868053317070007e-02,3.710308810696005821e-03,9.996510148048400879e-01,-5.690472666174173355e-03,-2.766780182719230652e-02,2.708712965250015259e-02,1.498648524284362793e-01,8.442412018775939941e-01,9.305324405431747437e-02,1.165587361901998520e-02,-4.056599438190460205e-01,4.477452114224433899e-02,-7.405710639432072639e-04,3.907563686370849609e-01,2.860331535339355469e-02,-5.414879322052001953e-02,-1.475964765995740891e-02,-3.372612595558166504e-01,2.881650626659393311e-01,-3.174164295196533203e-01,-5.481672883033752441e-01,-2.148296870291233063e-02,3.036732673645019531e-01,-6.287210434675216675e-02,3.555796742439270020e-01,5.136827379465103149e-02,1.472829878330230713e-01,7.010842859745025635e-02,-4.193006455898284912e-02
-2.495220005512237549e-01,-1.298823595046997070e+00,9.960215687751770020e-01,2.595796249806880951e-02,2.940240548923611641e-03,9.996439814567565918e-01,-5.422131158411502838e-03,-5.296529829502105713e-02,3.556950017809867859e-02,1.417310535907745361e-01,8.916857838630676270e-01,1.600732505321502686e-01,9.761624038219451904e-03,-3.991920053958892822e-01,4.772964864969253540e-02,4.440857446752488613e-05,4.099619388580322266e-01,7.188175339251756668e-03,-6.206469237804412842e-02,-1.192958001047372818e-02,-3.412145376205444336e-01,2.877010405063629150e-01,-3.195669651031494141e-01,-5.400093793869018555e-01,-2.381262369453907013e-02,3.129030168056488037e-01,-6.041628867387771606e-02,3.542301654815673828e-01,4.625977203249931335e-02,1.485415846109390259e-01,7.130396366119384766e-02,-4.200167208909988403e-02
-2.624596357345581055e-01,-1.297544598579406738e+00,9.965212941169738770e-01,2.645069733262062073e-02,1.995691331103444099e-03,9.996353387832641602e-01,-5.058553535491228104e-03,-7.919957488775253296e-02,4.443743824958801270e-02,1.323868930339813232e-01,9.402574896812438965e-01,2.270932495594024658e-01,9.784523397684097290e-03,-3.934636414051055908e-01,5.126925930380821228e-02,6.649607094004750252e-04,4.298480153083801270e-01,-1.419834233820438385e-02,-6.795722991228103638e-02,-9.742275811731815338e-03,-3.440520465373992920e-01,2.867852747440338135e-01,-3.214951753616333008e-01,-5.313544273376464844e-01,-2.589629217982292175e-02,3.209134936332702637e-01,-5.849931761622428894e-02,3.534704744815826416e-01,4.048105701804161072e-02,1.503059417009353638e-01,7.237995415925979614e-02,-4.200089350342750549e-02
-2.750896811485290527e-01,-1.296359896659851074e+00,9.973144531250000000e-01,2.761302702128887177e-02,1.346204080618917942e-03,9.996079206466674805e-01,-4.446015693247318268e-03,-1.112375184893608093e-01,5.294553190469741821e-02,1.223948001861572266e-01,9.921774864196777344e-01,2.941132485866546631e-01,1.296488568186759949e-02,-3.854802846908569336e-01,5.381093174219131470e-02,6.885109469294548035e-04,4.471363425254821777e-01,-3.471380472183227539e-02,-7.220462709665298462e-02,-5.726106930524110794e-03,-3.452330827713012695e-01,2.853705286979675293e-01,-3.232859373092651367e-01,-5.213091373443603516e-01,-2.702674269676208496e-02,3.276509046554565430e-01,-5.726759135723114014e-02,3.534106910228729248e-01,3.460757061839103699e-02,1.524691730737686157e-01,7.336027175188064575e-02,-4.209998995065689087e-02
-2.874114811420440674e-01,-1.295114040374755859e+00,9.980978965759277344e-01,2.840313315391540527e-02,7.557222270406782627e-04,9.995875954627990723e-01,-4.157211165875196457e-03,-1.463343352079391479e-01,6.100086867809295654e-02,1.105936020612716675e-01,1.041997432708740234e+00,3.611332476139068604e-01,1.786918379366397858e-02,-3.762936592102050781e-01,5.544061586260795593e-02,-2.336062025278806686e-03,4.607565402984619141e-01,-5.510161817073822021e-02,-7.341632992029190063e-02,-2.320754574611783028e-03,-3.448095917701721191e-01,2.833718061447143555e-01,-3.249686658382415771e-01,-5.095850229263305664e-01,-2.711510471999645233e-02,3.331913948059082031e-01,-5.649501830339431763e-02,3.538738489151000977e-01,2.831432782113552094e-02,1.543683111667633057e-01,7.420402020215988159e-02,-4.242528975009918213e-02
-2.994462847709655762e-01,-1.293820023536682129e+00,9.988847374916076660e-01,2.909041568636894226e-02,-2.220355527242645621e-04,9.995644092559814453e-01,-4.974348936229944229e-03,-1.787151545286178589e-01,6.912292540073394775e-02,9.888271987438201904e-02,1.084370017051696777e+00,4.011770784854888916e-01,1.921122521162033081e-02,-3.659828305244445801e-01,5.663916841149330139e-02,-8.483770303428173065e-03,4.716131389141082764e-01,-7.476031780242919922e-02,-7.545508444309234619e-02,5.959298505331389606e-05,-3.430121243000030518e-01,2.808628976345062256e-01,-3.272022604942321777e-01,-4.962890446186065674e-01,-2.698399312794208527e-02,3.374470770359039307e-01,-5.635939165949821472e-02,3.552188873291015625e-01,2.101445943117141724e-02,1.579105556011199951e-01,7.490850985050201416e-02,-4.297687113285064697e-02
-3.113474845886230469e-01,-1.292677998542785645e+00,9.997100830078125000e-01,2.936392091214656830e-02,-1.438247156329452991e-03,9.995451569557189941e-01,-6.721449084579944611e-03,-2.090376764535903931e-01,7.976992428302764893e-02,9.067125618457794189e-02,1.119557738304138184e+00,4.079273045063018799e-01,1.729670725762844086e-02,-3.546575307846069336e-01,5.725700780749320984e-02,-1.745445095002651215e-02,4.787084758281707764e-01,-9.307009726762771606e-02,-7.726059108972549438e-02,1.254957867786288261e-03,-3.400172591209411621e-01,2.778909802436828613e-01,-3.300029635429382324e-01,-4.823414683341979980e-01,-2.648730017244815826e-02,3.401123583316802979e-01,-5.669622868299484253e-02,3.569835424423217773e-01,1.266656816005706787e-02,1.623246669769287109e-01,7.540247589349746704e-02,-4.388893768191337585e-02
-3.232951164245605469e-01,-1.291571617126464844e+00,1.000790834426879883e+00,2.930150739848613739e-02,-2.448010491207242012e-03,9.995312094688415527e-01,-8.529467508196830750e-03,-2.383123636245727539e-01,9.178674221038818359e-02,8.589888364076614380e-02,1.151703238487243652e+00,3.739905655384063721e-01,2.278024144470691681e-02,-3.422241806983947754e-01,5.755887925624847412e-02,-2.672334201633930206e-02,4.822238683700561523e-01,-1.084852963685989380e-01,-7.719337195158004761e-02,1.911966013722121716e-03,-3.358996510505676270e-01,2.747277021408081055e-01,-3.334086537361145020e-01,-4.686365723609924316e-01,-2.592308260500431061e-02,3.411469459533691406e-01,-5.743401497602462769e-02,3.591222763061523438e-01,3.793329233303666115e-03,1.666858941316604614e-01,7.566803693771362305e-02,-4.494908452033996582e-02
-3.351368606090545654e-01,-1.290804982185363770e+00,1.001859426498413086e+00,2.968143858015537262e-02,-3.163699992001056671e-03,9.995037913322448730e-01,-1.006130408495664597e-02,-2.685844004154205322e-01,1.038473024964332581e-01,8.335628360509872437e-02,1.182838797569274902e+00,3.224623799324035645e-01,3.925001993775367737e-02,-3.288000226020812988e-01,5.737687274813652039e-02,-3.483856841921806335e-02,4.850432574748992920e-01,-1.229636669158935547e-01,-7.753650844097137451e-02,2.731395186856389046e-03,-3.304139375686645508e-01,2.714819908142089844e-01,-3.378584086894989014e-01,-4.554542899131774902e-01,-2.585147134959697723e-02,3.406020402908325195e-01,-5.865374580025672913e-02,3.612099885940551758e-01,-5.198746453970670700e-03,1.705971211194992065e-01,7.589858025312423706e-02,-4.608214646577835083e-02
-3.471566736698150635e-01,-1.289950728416442871e+00,1.003100752830505371e+00,2.967871166765689850e-02,-3.768566995859146118e-03,9.994922280311584473e-01,-1.096464972943067551e-02,-3.000171482563018799e-01,1.141765639185905457e-01,7.981757074594497681e-02,1.207253813743591309e+00,2.741600871086120605e-01,6.817755848169326782e-02,-3.147941827774047852e-01,5.779722705483436584e-02,-4.161449894309043884e-02,4.852633476257324219e-01,-1.357297003269195557e-01,-7.873698323965072632e-02,4.480540286749601364e-03,-3.238188028335571289e-01,2.681838870048522949e-01,-3.431257605552673340e-01,-4.425394535064697266e-01,-2.626381441950798035e-02,3.384882509708404541e-01,-6.023756414651870728e-02,3.630982041358947754e-01,-1.461585331708192825e-02,1.738708466291427612e-01,7.608882337808609009e-02,-4.723694548010826111e-02
-3.590142726898193359e-01,-1.289336323738098145e+00,1.004266262054443359e+00,2.970913425087928772e-02,-4.331975243985652924e-03,9.994865655899047852e-01,-1.118825748562812805e-02,-3.299096226692199707e-01,1.205360218882560730e-01,7.476613670587539673e-02,1.224608659744262695e+00,2.316897809505462646e-01,9.413079172372817993e-02,-3.005267679691314697e-01,5.858064070343971252e-02,-4.679361358284950256e-02,4.843583703041076660e-01,-1.470553576946258545e-01,-7.943698018789291382e-02,6.205004639923572540e-03,-3.159323632717132568e-01,2.648873627185821533e-01,-3.492982685565948486e-01,-4.291950166225433350e-01,-2.721152827143669128e-02,3.348455131053924561e-01,-6.227329000830650330e-02,3.649493455886840820e-01,-2.489829249680042267e-02,1.768182814121246338e-01,7.637662440538406372e-02,-4.837111383676528931e-02
-3.710454106330871582e-01,-1.288820147514343262e+00,1.005418539047241211e+00,2.942935936152935028e-02,-5.094746127724647522e-03,9.994865059852600098e-01,-1.160310953855514526e-02,-3.613162040710449219e-01,1.239379569888114929e-01,6.699784845113754272e-02,1.239550471305847168e+00,1.890589743852615356e-01,1.199676394462585449e-01,-2.848665416240692139e-01,5.984212830662727356e-02,-5.266604200005531311e-02,4.799451828002929688e-01,-1.585163772106170654e-01,-8.067247271537780762e-02,7.118173874914646149e-03,-3.047778010368347168e-01,2.598778903484344482e-01,-3.588254451751708984e-01,-4.007541537284851074e-01,-3.076929599046707153e-02,3.290193080902099609e-01,-6.599096953868865967e-02,3.674638867378234863e-01,-4.782922565937042236e-02,1.826736629009246826e-01,7.720753550529479980e-02,-5.072576552629470825e-02
-3.830823600292205811e-01,-1.288340568542480469e+00,1.006662487983703613e+00,2.954021841287612915e-02,-5.458747968077659607e-03,9.994790554046630859e-01,-1.179660577327013016e-02,-3.885515630245208740e-01,1.213466525077819824e-01,5.556745454668998718e-02,1.243358135223388672e+00,1.576690226793289185e-01,1.345055699348449707e-01,-2.682973146438598633e-01,6.057440489530563354e-02,-5.748457089066505432e-02,4.749791622161865234e-01,-1.678093075752258301e-01,-8.051323890686035156e-02,7.506127934902906418e-03,-2.942298948764801025e-01,2.536063194274902344e-01,-3.693925738334655762e-01,-3.620951175689697266e-01,-3.845265507698059082e-02,3.233780562877655029e-01,-7.128082960844039917e-02,3.698190152645111084e-01,-8.058574795722961426e-02,1.899603903293609619e-01,7.908210903406143188e-02,-5.414591729640960693e-02
-3.950572013854980469e-01,-1.287992596626281738e+00,1.007950782775878906e+00,2.966725453734397888e-02,-5.470516160130500793e-03,9.994814991950988770e-01,-1.125433295965194702e-02,-4.130302369594573975e-01,1.138761714100837708e-01,4.251676425337791443e-02,1.239741444587707520e+00,1.276059150695800781e-01,1.412243396043777466e-01,-2.518699467182159424e-01,6.078804284334182739e-02,-6.094046682119369507e-02,4.699723422527313232e-01,-1.762176901102066040e-01,-8.066561073064804077e-02,8.847638964653015137e-03,-2.831673622131347656e-01,2.478842586278915405e-01,-3.791410923004150391e-01,-3.429266512393951416e-01,-4.240052029490470886e-02,3.166010379791259766e-01,-7.660376280546188354e-02,3.722064793109893799e-01,-9.665638208389282227e-02,1.933333277702331543e-01,8.045047521591186523e-02,-5.535786598920822144e-02
-4.071574509143829346e-01,-1.287626743316650391e+00,1.009048581123352051e+00,2.960602380335330963e-02,-5.434275139123201370e-03,9.994841217994689941e-01,-1.120223198086023331e-02,-4.366175532341003418e-01,1.033154875040054321e-01,2.683991752564907074e-02,1.231019496917724609e+00,9.725124388933181763e-02,1.449245810508728027e-01,-2.353615313768386841e-01,6.090745702385902405e-02,-6.438531726598739624e-02,4.640811681747436523e-01,-1.852982938289642334e-01,-8.138191699981689453e-02,9.765093214809894562e-03,-2.710213363170623779e-01,2.419612854719161987e-01,-3.883237540721893311e-01,-3.234381675720214844e-01,-4.564665257930755615e-02,3.083574473857879639e-01,-8.228433132171630859e-02,3.744193911552429199e-01,-1.132931336760520935e-01,1.958134472370147705e-01,8.220198005437850952e-02,-5.634863302111625671e-02
-4.193338155746459961e-01,-1.287442922592163086e+00,1.010005235671997070e+00,2.896035835146903992e-02,-5.403164774179458618e-03,9.995059967041015625e-01,-1.095077395439147949e-02,-4.590627253055572510e-01,9.011789411306381226e-02,9.732381440699100494e-03,1.216091394424438477e+00,6.944060325622558594e-02,1.484204828739166260e-01,-2.201996296644210815e-01,6.079130247235298157e-02,-6.817168742418289185e-02,4.586873054504394531e-01,-1.937011331319808960e-01,-8.103500306606292725e-02,1.013370696455240250e-02,-2.578062415122985840e-01,2.360757440328598022e-01,-3.973176479339599609e-01,-3.033360540866851807e-01,-4.887958616018295288e-02,2.985382080078125000e-01,-8.844412118196487427e-02,3.767971992492675781e-01,-1.308716684579849243e-01,1.984492391347885132e-01,8.408524841070175171e-02,-5.692438408732414246e-02
-4.316908717155456543e-01,-1.287246942520141602e+00,1.010744452476501465e+00,2.821800671517848969e-02,-5.284371320158243179e-03,9.995291829109191895e-01,-1.082578115165233612e-02,-4.798470735549926758e-01,7.635190337896347046e-02,-6.828274112194776535e-03,1.196146130561828613e+00,4.378445819020271301e-02,1.494211852550506592e-01,-2.053121477365493774e-01,6.015549600124359131e-02,-7.300975918769836426e-02,4.540414512157440186e-01,-2.030298560857772827e-01,-7.980508357286453247e-02,9.499471634626388550e-03,-2.435371577739715576e-01,2.301076948642730713e-01,-4.054931402206420898e-01,-2.823552787303924561e-01,-5.143816024065017700e-02,2.872853875160217285e-01,-9.508036822080612183e-02,3.794440627098083496e-01,-1.487739980220794678e-01,2.013546526432037354e-01,8.586192131042480469e-02,-5.714221671223640442e-02
-4.441194832324981689e-01,-1.286948084831237793e+00,1.011247038841247559e+00,2.713184244930744171e-02,-5.296138115227222443e-03,9.995527863502502441e-01,-1.140287052839994431e-02,-4.990679621696472168e-01,6.226444989442825317e-02,-2.395668998360633850e-02,1.170608043670654297e+00,2.193895541131496429e-02,1.505932658910751343e-01,-1.908552795648574829e-01,5.980498343706130981e-02,-7.869961112737655640e-02,4.490151405334472656e-01,-2.121943086385726929e-01,-7.900087535381317139e-02,7.776951417326927185e-03,-2.284577935934066772e-01,2.232367247343063354e-01,-4.126734733581542969e-01,-2.543013989925384521e-01,-5.273194983601570129e-02,2.746281921863555908e-01,-1.028740406036376953e-01,3.827348649501800537e-01,-1.725220531225204468e-01,2.062886208295822144e-01,8.798419684171676636e-02,-5.695809796452522278e-02
-4.563747942447662354e-01,-1.286788463592529297e+00,1.011572599411010742e+00,2.607933990657329559e-02,-5.254132207483053207e-03,9.995812177658081055e-01,-1.138693094253540039e-02,-5.156506896018981934e-01,4.939322173595428467e-02,-3.831477835774421692e-02,1.138939499855041504e+00,5.073149688541889191e-03,1.501811146736145020e-01,-1.771558374166488647e-01,5.928661674261093140e-02,-8.407369256019592285e-02,4.448032677173614502e-01,-2.216139137744903564e-01,-7.738675177097320557e-02,5.960166919976472855e-03,-2.128846794366836548e-01,2.162299603223800659e-01,-4.187984168529510498e-01,-2.289091050624847412e-01,-5.157772079110145569e-02,2.609111964702606201e-01,-1.111332550644874573e-01,3.863405585289001465e-01,-1.936800479888916016e-01,2.112372815608978271e-01,8.971745520830154419e-02,-5.555383116006851196e-02
-4.688903391361236572e-01,-1.286685705184936523e+00,1.011681318283081055e+00,2.499117702245712280e-02,-5.176648963242769241e-03,9.996101856231689453e-01,-1.131738536059856415e-02,-5.297429561614990234e-01,3.907336294651031494e-02,-4.889362305402755737e-02,1.102446198463439941e+00,-8.189062587916851044e-03,1.487319916486740112e-01,-1.627461761236190796e-01,5.864452570676803589e-02,-8.990459889173507690e-02,4.401571154594421387e-01,-2.320625036954879761e-01,-7.693111151456832886e-02,4.095974843949079514e-03,-1.966381818056106567e-01,2.090794742107391357e-01,-4.233495295047760010e-01,-2.045912295579910278e-01,-4.717750847339630127e-02,2.460689246654510498e-01,-1.198451966047286987e-01,3.905203342437744141e-01,-2.127152681350708008e-01,2.168052196502685547e-01,9.075573831796646118e-02,-5.349874868988990784e-02
-4.814355075359344482e-01,-1.286525249481201172e+00,1.011596918106079102e+00,2.378102764487266541e-02,-5.067279096692800522e-03,9.996486902236938477e-01,-1.055127941071987152e-02,-5.414370894432067871e-01,3.091637603938579559e-02,-5.594228953123092651e-02,1.060690999031066895e+00,-1.698067970573902130e-02,1.473836153745651245e-01,-1.499217599630355835e-01,5.804002285003662109e-02,-9.504094719886779785e-02,4.378325939178466797e-01,-2.427516430616378784e-01,-7.577487081289291382e-02,2.842964604496955872e-03,-1.796496659517288208e-01,2.019264250993728638e-01,-4.266280829906463623e-01,-1.812140792608261108e-01,-4.089553654193878174e-02,2.298378646373748779e-01,-1.288295090198516846e-01,3.948602974414825439e-01,-2.305891513824462891e-01,2.221944034099578857e-01,9.124404937028884888e-02,-5.095386505126953125e-02
-4.939179420471191406e-01,-1.286584019660949707e+00,1.011373043060302734e+00,2.228188142180442810e-02,-4.962462931871414185e-03,9.996953606605529785e-01,-9.387146681547164917e-03,-5.511467456817626953e-01,2.502406574785709381e-02,-5.853756144642829895e-02,1.013712525367736816e+00,-2.524080872535705566e-02,1.452016234397888184e-01,-1.368082165718078613e-01,5.765191838145256042e-02,-9.888885915279388428e-02,4.336122870445251465e-01,-2.538772821426391602e-01,-7.450893521308898926e-02,1.494779950007796288e-03,-1.618166863918304443e-01,1.947633028030395508e-01,-4.284218847751617432e-01,-1.590677201747894287e-01,-3.306053578853607178e-02,2.121561616659164429e-01,-1.380622237920761108e-01,3.994368612766265869e-01,-2.477135509252548218e-01,2.274331599473953247e-01,9.095557034015655518e-02,-4.770967736840248108e-02
-5.066541433334350586e-01,-1.286636352539062500e+00,1.011043071746826172e+00,2.078716643154621124e-02,-4.890884272754192352e-03,9.997441172599792480e-01,-7.465156260877847672e-03,-5.576023459434509277e-01,2.043206430971622467e-02,-5.937144160270690918e-02,9.614385366439819336e-01,-3.059448674321174622e-02,1.412731558084487915e-01,-1.238739639520645142e-01,5.745970457792282104e-02,-1.015414893627166748e-01,4.298360645771026611e-01,-2.630681395530700684e-01,-7.569953799247741699e-02,1.339087029919028282e-03,-1.431709378957748413e-01,1.875829100608825684e-01,-4.288330972194671631e-01,-1.370868682861328125e-01,-2.401838824152946472e-02,1.930709034204483032e-01,-1.474895328283309937e-01,4.041735231876373291e-01,-2.645337283611297607e-01,2.327288836240768433e-01,9.015460312366485596e-02,-4.369612038135528564e-02
-5.192772746086120605e-01,-1.286761522293090820e+00,1.010462284088134766e+00,1.933102682232856750e-02,-4.890057258307933807e-03,9.997891187667846680e-01,-4.912784788757562637e-03,-5.619434714317321777e-01,1.737238466739654541e-02,-5.809668451547622681e-02,9.049932360649108887e-01,-3.162019327282905579e-02,1.361329853534698486e-01,-1.119990348815917969e-01,5.702021345496177673e-02,-1.037816330790519714e-01,4.280192255973815918e-01,-2.731991708278656006e-01,-7.488368451595306396e-02,1.858926843851804733e-03,-1.235766410827636719e-01,1.803535073995590210e-01,-4.282565116882324219e-01,-1.152363866567611694e-01,-1.461259648203849792e-02,1.727816462516784668e-01,-1.570229232311248779e-01,4.090233147144317627e-01,-2.804116010665893555e-01,2.374260276556015015e-01,8.869001269340515137e-02,-3.952110186219215393e-02
-5.322294235229492188e-01,-1.286839246749877930e+00,1.009779572486877441e+00,1.748033240437507629e-02,-4.888529889285564423e-03,9.998319745063781738e-01,-2.569028176367282867e-03,-5.647084712982177734e-01,1.433654781430959702e-02,-5.635707080364227295e-02,8.443737626075744629e-01,-2.861198596656322479e-02,1.287235766649246216e-01,-9.916192293167114258e-02,5.731803923845291138e-02,-1.034948378801345825e-01,4.235884547233581543e-01,-2.832898199558258057e-01,-7.492536306381225586e-02,2.210210775956511497e-03,-1.032711118459701538e-01,1.731209009885787964e-01,-4.268245398998260498e-01,-9.409818053245544434e-02,-4.355741664767265320e-03,1.513131111860275269e-01,-1.665585786104202271e-01,4.138222932815551758e-01,-2.961216270923614502e-01,2.413481771945953369e-01,8.659520000219345093e-02,-3.481788560748100281e-02
-5.450696349143981934e-01,-1.287152647972106934e+00,1.008839726448059082e+00,1.582118496298789978e-02,-5.006471183151006699e-03,9.998620152473449707e-01,7.758611463941633701e-04,-5.649700164794921875e-01,1.261490769684314728e-02,-5.234798043966293335e-02,7.800751328468322754e-01,-2.166103012859821320e-02,1.203665807843208313e-01,-8.609712123870849609e-02,5.687145516276359558e-02,-1.057101041078567505e-01,4.189095497131347656e-01,-2.936505377292633057e-01,-7.440669834613800049e-02,4.106348846107721329e-03,-8.211193978786468506e-02,1.657657623291015625e-01,-4.248058795928955078e-01,-7.291845977306365967e-02,5.488337948918342590e-03,1.289027482271194458e-01,-1.760797649621963501e-01,4.187170863151550293e-01,-3.109697997570037842e-01,2.446435540914535522e-01,8.407837152481079102e-02,-2.970684878528118134e-02
-5.581836104393005371e-01,-1.287271976470947266e+00,1.007873296737670898e+00,1.425311062484979630e-02,-5.228352732956409454e-03,9.998801946640014648e-01,3.013042267411947250e-03,-5.631064772605895996e-01,1.079252455383539200e-02,-4.726562649011611938e-02,7.119894623756408691e-01,-1.494869682937860489e-02,1.100116521120071411e-01,-7.327054440975189209e-02,5.754294618964195251e-02,-1.056820377707481384e-01,4.156954884529113770e-01,-3.025806844234466553e-01,-7.391849905252456665e-02,4.094332922250032425e-03,-6.025359779596328735e-02,1.580416113138198853e-01,-4.222365915775299072e-01,-4.901470243930816650e-02,1.742097735404968262e-02,1.056509390473365784e-01,-1.856416016817092896e-01,4.235848784446716309e-01,-3.270954191684722900e-01,2.477728873491287231e-01,8.058075606822967529e-02,-2.361156232655048370e-02
-5.712858438491821289e-01,-1.287501931190490723e+00,1.006716012954711914e+00,1.292386651039123535e-02,-5.427437368780374527e-03,9.998837113380432129e-01,6.010808981955051422e-03,-5.595364570617675781e-01,8.382217958569526672e-03,-4.385107383131980896e-02,6.430759429931640625e-01,-1.075979229062795639e-02,1.005347147583961487e-01,-6.036871671676635742e-02,5.771788954734802246e-02,-1.050435528159141541e-01,4.131014347076416016e-01,-3.116964995861053467e-01,-7.294251024723052979e-02,5.510877352207899094e-03,-3.773557022213935852e-02,1.500922441482543945e-01,-4.196515679359436035e-01,-2.728034183382987976e-02,2.740796655416488647e-02,8.184912800788879395e-02,-1.948231160640716553e-01,4.280900359153747559e-01,-3.415061533451080322e-01,2.493800669908523560e-01,7.696931809186935425e-02,-1.796956732869148254e-02
-5.845577716827392578e-01,-1.287902951240539551e+00,1.005418539047241211e+00,1.178489718586206436e-02,-5.669705104082822800e-03,9.998731613159179688e-01,9.088906459510326385e-03,-5.541932582855224609e-01,4.756897687911987305e-03,-4.138062521815299988e-02,5.734649300575256348e-01,-1.131756603717803955e-02,9.475240856409072876e-02,-4.712910950183868408e-02,5.691587924957275391e-02,-1.070420071482658386e-01,4.110797643661499023e-01,-3.207117915153503418e-01,-7.066202163696289062e-02,7.347337901592254639e-03,-1.451738644391298294e-02,1.419097781181335449e-01,-4.175099730491638184e-01,-6.641573272645473480e-03,3.607919067144393921e-02,5.764269083738327026e-02,-2.036198079586029053e-01,4.322030246257781982e-01,-3.541318476200103760e-01,2.496629655361175537e-01,7.348770648241043091e-02,-1.270875707268714905e-02
-5.979732275009155273e-01,-1.288082122802734375e+00,1.003889799118041992e+00,1.053678430616855621e-02,-5.716178566217422485e-03,9.998614788055419922e-01,1.154504064470529556e-02,-5.492282509803771973e-01,-6.245191325433552265e-04,-4.176859185099601746e-02,5.063168406486511230e-01,-1.403189171105623245e-02,8.504940569400787354e-02,-3.449255600571632385e-02,5.609060823917388916e-02,-1.081372797489166260e-01,4.103229045867919922e-01,-3.295491933822631836e-01,-6.930862367153167725e-02,8.448181673884391785e-03,9.289763867855072021e-03,1.336002945899963379e-01,-4.158922135829925537e-01,1.023686397820711136e-02,4.185150936245918274e-02,3.326410427689552307e-02,-2.119096070528030396e-01,4.358992874622344971e-01,-3.646132349967956543e-01,2.486636042594909668e-01,7.040138542652130127e-02,-8.600706234574317932e-03
-6.114963889122009277e-01,-1.288609862327575684e+00,1.002272605895996094e+00,9.665586985647678375e-03,-5.892401561141014099e-03,9.998393654823303223e-01,1.389531604945659637e-02,-5.431901216506958008e-01,-6.601839791983366013e-03,-4.414844140410423279e-02,4.415822029113769531e-01,-1.887554302811622620e-02,7.376838475465774536e-02,-2.165414579212665558e-02,5.447827652096748352e-02,-1.111897379159927368e-01,4.108757376670837402e-01,-3.379521071910858154e-01,-6.591339409351348877e-02,9.087552316486835480e-03,3.382860869169235229e-02,1.248817816376686096e-01,-4.148189723491668701e-01,2.772721089422702789e-02,4.593825712800025940e-02,8.585971780121326447e-03,-2.198111414909362793e-01,4.392709136009216309e-01,-3.744582235813140869e-01,2.470680922269821167e-01,6.720481067895889282e-02,-4.374418407678604126e-03
-6.251352429389953613e-01,-1.289038300514221191e+00,1.000678539276123047e+00,8.802696131169795990e-03,-6.030592601746320724e-03,9.998242259025573730e-01,1.541757304221391678e-02,-5.376082658767700195e-01,-1.326061040163040161e-02,-4.755811393260955811e-02,3.806051909923553467e-01,-2.505915425717830658e-02,5.590173602104187012e-02,-9.488001465797424316e-03,5.276710167527198792e-02,-1.151282563805580139e-01,4.129716753959655762e-01,-3.444850742816925049e-01,-6.239856779575347900e-02,8.443024940788745880e-03,5.894156917929649353e-02,1.158377081155776978e-01,-4.149852395057678223e-01,4.418153315782546997e-02,4.792100191116333008e-02,-1.615400798618793488e-02,-2.273323535919189453e-01,4.426237642765045166e-01,-3.830517828464508057e-01,2.454738020896911621e-01,6.410280615091323853e-02,-2.978531119879335165e-04
-6.388891339302062988e-01,-1.289489030838012695e+00,9.991335868835449219e-01,8.105458691716194153e-03,-6.158594507724046707e-03,9.998165965080261230e-01,1.622330956161022186e-02,-5.311079025268554688e-01,-2.001683600246906281e-02,-5.116103589534759521e-02,3.224393427371978760e-01,-3.207637742161750793e-02,3.712956234812736511e-02,2.435797825455665588e-03,5.076527222990989685e-02,-1.196378916501998901e-01,4.164915382862091064e-01,-3.496114313602447510e-01,-5.776751041412353516e-02,6.505500990897417068e-03,8.439409732818603516e-02,1.063739210367202759e-01,-4.160770773887634277e-01,5.992466583847999573e-02,4.815487191081047058e-02,-4.082789644598960876e-02,-2.344380617141723633e-01,4.458304047584533691e-01,-3.905487358570098877e-01,2.432472556829452515e-01,6.130615994334220886e-02,3.381907474249601364e-03
-6.526304483413696289e-01,-1.290110111236572266e+00,9.976425766944885254e-01,7.127784192562103271e-03,-6.330616306513547897e-03,9.998176693916320801e-01,1.654436253011226654e-02,-5.237013697624206543e-01,-2.645913884043693542e-02,-5.411114171147346497e-02,2.679046690464019775e-01,-4.114873707294464111e-02,1.778417825698852539e-02,1.293724589049816132e-02,4.864671453833580017e-02,-1.240954622626304626e-01,4.213113188743591309e-01,-3.526026010513305664e-01,-5.363027006387710571e-02,3.512780182063579559e-03,1.098938211798667908e-01,9.655079245567321777e-02,-4.180885553359985352e-01,7.414060831069946289e-02,4.583410918712615967e-02,-6.537606567144393921e-02,-2.410249263048171997e-01,4.489534795284271240e-01,-3.973028361797332764e-01,2.399677187204360962e-01,5.830492824316024780e-02,6.617344915866851807e-03
-6.664105057716369629e-01,-1.290973663330078125e+00,9.962179064750671387e-01,6.030759308487176895e-03,-6.470781285315752029e-03,9.998153448104858398e-01,1.706052757799625397e-02,-5.173762440681457520e-01,-3.208213299512863159e-02,-5.672482401132583618e-02,2.194399088621139526e-01,-5.229279026389122009e-02,2.006327733397483826e-03,2.334522455930709839e-02,4.648608341813087463e-02,-1.274010241031646729e-01,4.255186617374420166e-01,-3.534041941165924072e-01,-4.953372478485107422e-02,3.162348584737628698e-04,1.354699283838272095e-01,8.638337999582290649e-02,-4.211480915546417236e-01,8.692841231822967529e-02,4.040552675724029541e-02,-8.983829617500305176e-02,-2.472917586565017700e-01,4.523704349994659424e-01,-4.029704630374908447e-01,2.372246831655502319e-01,5.511502176523208618e-02,1.010484900325536728e-02
-6.799634695053100586e-01,-1.291962981224060059e+00,9.949002265930175781e-01,5.150434561073780060e-03,-6.728097330778837204e-03,9.998075962066650391e-01,1.769219897687435150e-02,-5.114395022392272949e-01,-3.637649491429328918e-02,-5.997575446963310242e-02,1.800972223281860352e-01,-6.438634544610977173e-02,-6.695844698697328568e-03,3.173091635107994080e-02,4.411467909812927246e-02,-1.302604824304580688e-01,4.336437880992889404e-01,-3.511034548282623291e-01,-4.335341975092887878e-02,-1.938545960001647472e-03,1.608284413814544678e-01,7.606278359889984131e-02,-4.243661165237426758e-01,9.791117161512374878e-02,3.402698785066604614e-02,-1.140795871615409851e-01,-2.531427741050720215e-01,4.558782577514648438e-01,-4.071243405342102051e-01,2.347183376550674438e-01,5.253997072577476501e-02,1.352459378540515900e-02
-6.933931112289428711e-01,-1.293021559715270996e+00,9.936018586158752441e-01,4.371830727905035019e-03,-7.036789786070585251e-03,9.997984766960144043e-01,1.828697323799133301e-02,-5.070432424545288086e-01,-3.972241654992103577e-02,-6.139759719371795654e-02,1.520792990922927856e-01,-7.500300556421279907e-02,-8.354162797331809998e-03,3.992598876357078552e-02,4.226294532418251038e-02,-1.316045075654983521e-01,4.419407248497009277e-01,-3.484486043453216553e-01,-4.076864942908287048e-02,-4.519662819802761078e-03,1.860928684473037720e-01,6.579369306564331055e-02,-4.280422031879425049e-01,1.065253019332885742e-01,2.644169330596923828e-02,-1.379548162221908569e-01,-2.586302161216735840e-01,4.597842991352081299e-01,-4.095928966999053955e-01,2.330918759107589722e-01,5.009076371788978577e-02,1.647344231605529785e-02
-7.070007920265197754e-01,-1.294060707092285156e+00,9.923640489578247070e-01,3.835020819678902626e-03,-7.482515648007392883e-03,9.997912645339965820e-01,1.861996576189994812e-02,-5.045791864395141602e-01,-4.198716208338737488e-02,-5.786655098199844360e-02,1.384290009737014771e-01,-8.359412103891372681e-02,-9.273707866668701172e-03,4.902847483754158020e-02,4.091925173997879028e-02,-1.330920904874801636e-01,4.496347904205322266e-01,-3.436745107173919678e-01,-3.792702406644821167e-02,-7.299868389964103699e-03,2.107994556427001953e-01,5.579039081931114197e-02,-4.318630695343017578e-01,1.132676452398300171e-01,1.998651772737503052e-02,-1.609683334827423096e-01,-2.635488212108612061e-01,4.636557400226593018e-01,-4.110573232173919678e-01,2.318700999021530151e-01,4.831119254231452942e-02,1.878488250076770782e-02
-7.203873395919799805e-01,-1.294962167739868164e+00,9.912192225456237793e-01,3.581162774935364723e-03,-8.100576698780059814e-03,9.997979998588562012e-01,1.804052107036113739e-02,-5.045815110206604004e-01,-4.380960389971733093e-02,-4.853676632046699524e-02,1.388409286737442017e-01,-8.683819323778152466e-02,-1.521655172109603882e-02,5.614257603883743286e-02,4.019171372056007385e-02,-1.346102058887481689e-01,4.615426957607269287e-01,-3.364281058311462402e-01,-3.459197655320167542e-02,-1.067512948065996170e-02,2.313735336065292358e-01,4.772783070802688599e-02,-4.354299902915954590e-01,1.170894354581832886e-01,1.659558154642581940e-02,-1.796004176139831543e-01,-2.673419713973999023e-01,4.665218293666839600e-01,-4.116170704364776611e-01,2.309770882129669189e-01,4.753010347485542297e-02,1.965238153934478760e-02
-7.336974740028381348e-01,-1.295850276947021484e+00,9.904259443283081055e-01,3.719623200595378876e-03,-8.202884346246719360e-03,9.998008608818054199e-01,1.780927181243896484e-02,-5.055015683174133301e-01,-4.490326717495918274e-02,-3.801546990871429443e-02,1.516980081796646118e-01,-8.155269920825958252e-02,-1.569044217467308044e-02,6.378068774938583374e-02,3.834467381238937378e-02,-1.356924772262573242e-01,4.730727076530456543e-01,-3.257082700729370117e-01,-3.053700551390647888e-02,-1.262414827942848206e-02,2.523512244224548340e-01,3.950991854071617126e-02,-4.392765760421752930e-01,1.219362244009971619e-01,1.266323681920766830e-02,-1.981506347656250000e-01,-2.710657119750976562e-01,4.690526127815246582e-01,-4.119183123111724854e-01,2.294984012842178345e-01,4.684025794267654419e-02,2.050057053565979004e-02
-7.469146251678466797e-01,-1.296571254730224609e+00,9.896869659423828125e-01,4.218279849737882614e-03,-8.167708292603492737e-03,9.998061656951904297e-01,1.740981079638004303e-02,-5.044364333152770996e-01,-4.469117149710655212e-02,-2.905740775167942047e-02,1.741792112588882446e-01,-6.967794895172119141e-02,2.062340732663869858e-03,7.004018872976303101e-02,3.614269942045211792e-02,-1.364507377147674561e-01,4.880507588386535645e-01,-3.118451833724975586e-01,-2.660189196467399597e-02,-1.321187708526849747e-02,2.731698751449584961e-01,3.145956993103027344e-02,-4.433585107326507568e-01,1.264818757772445679e-01,8.421024307608604431e-03,-2.159476727247238159e-01,-2.748668491840362549e-01,4.714013040065765381e-01,-4.113582372665405273e-01,2.276895791292190552e-01,4.621608182787895203e-02,2.084617316722869873e-02
-7.604053616523742676e-01,-1.297396540641784668e+00,9.890177249908447266e-01,5.531223490834236145e-03,-8.173930458724498749e-03,9.998053908348083496e-01,1.708105951547622681e-02,-5.083349943161010742e-01,-4.416533187031745911e-02,-1.972700282931327820e-02,2.062975615262985229e-01,-5.583298578858375549e-02,2.036548033356666565e-02,7.625798881053924561e-02,3.367281705141067505e-02,-1.372144967317581177e-01,5.059273242950439453e-01,-2.949210703372955322e-01,-2.266167849302291870e-02,-1.392637565732002258e-02,2.935542464256286621e-01,2.371336333453655243e-02,-4.473939538002014160e-01,1.308547109365463257e-01,4.108752124011516571e-03,-2.324978560209274292e-01,-2.785393595695495605e-01,4.735134243965148926e-01,-4.097073376178741455e-01,2.254041731357574463e-01,4.590003564953804016e-02,2.094104140996932983e-02
-7.742204666137695312e-01,-1.298139214515686035e+00,9.883589744567871094e-01,6.548721808940172195e-03,-8.318615145981311798e-03,9.998038411140441895e-01,1.673930697143077850e-02,-5.089077949523925781e-01,-4.174432903528213501e-02,-1.089463569223880768e-02,2.367059439420700073e-01,-4.720370844006538391e-02,2.651721239089965820e-02,8.234650641679763794e-02,3.175882622599601746e-02,-1.378039866685867310e-01,5.228452086448669434e-01,-2.754895389080047607e-01,-1.856824755668640137e-02,-1.419640239328145981e-02,3.131703138351440430e-01,1.641255430877208710e-02,-4.508999586105346680e-01,1.345826834440231323e-01,7.871445268392562866e-04,-2.479443699121475220e-01,-2.820664048194885254e-01,4.752828478813171387e-01,-4.071568250656127930e-01,2.226489484310150146e-01,4.588432610034942627e-02,2.094432339072227478e-02
-7.883860468864440918e-01,-1.298976182937622070e+00,9.879901409149169922e-01,8.065877482295036316e-03,-8.583484217524528503e-03,9.997863769531250000e-01,1.698329299688339233e-02,-5.080974698066711426e-01,-3.858897835016250610e-02,-3.987195901572704315e-03,2.637288570404052734e-01,-4.107499122619628906e-02,3.079412691295146942e-02,8.586887270212173462e-02,2.897121571004390717e-02,-1.383251994848251343e-01,5.454896092414855957e-01,-2.490956187248229980e-01,-1.401753630489110947e-02,-1.374376565217971802e-02,3.318874537944793701e-01,9.636840783059597015e-03,-4.541080594062805176e-01,1.373261958360671997e-01,-1.658824272453784943e-03,-2.619827389717102051e-01,-2.853271365165710449e-01,4.770528376102447510e-01,-4.037901759147644043e-01,2.197633534669876099e-01,4.632584378123283386e-02,2.084662765264511108e-02
-8.029178380966186523e-01,-1.299866557121276855e+00,9.877836704254150391e-01,9.235441684722900391e-03,-8.610451593995094299e-03,9.997680187225341797e-01,1.744827441871166229e-02,-5.061229467391967773e-01,-3.640733286738395691e-02,2.198577160015702248e-03,2.872335016727447510e-01,-3.401543200016021729e-02,3.696580976247787476e-02,9.020110219717025757e-02,2.581256069242954254e-02,-1.382293105125427246e-01,5.648208260536193848e-01,-2.205093502998352051e-01,-7.875672541558742523e-03,-1.294460240751504898e-02,3.495430052280426025e-01,3.396042855456471443e-03,-4.570161402225494385e-01,1.387709528207778931e-01,-3.466925118118524551e-03,-2.748447358608245850e-01,-2.884863018989562988e-01,4.789423048496246338e-01,-4.000778198242187500e-01,2.169595062732696533e-01,4.705839231610298157e-02,2.077197656035423279e-02
-8.175707459449768066e-01,-1.300743818283081055e+00,9.880149960517883301e-01,1.104559842497110367e-02,-8.909329771995544434e-03,9.997297525405883789e-01,1.841304264962673187e-02,-5.014488101005554199e-01,-3.341588005423545837e-02,7.694824598729610443e-03,3.073650002479553223e-01,-2.064570225775241852e-02,3.898204118013381958e-02,8.991856873035430908e-02,2.193920500576496124e-02,-1.382272541522979736e-01,5.916910171508789062e-01,-1.811773926019668579e-01,2.475597895681858063e-03,-1.265496015548706055e-02,3.661818504333496094e-01,-2.311347518116235733e-03,-4.596066474914550781e-01,1.393429189920425415e-01,-4.838427528738975525e-03,-2.863338887691497803e-01,-2.912813723087310791e-01,4.810581803321838379e-01,-3.956595659255981445e-01,2.141907811164855957e-01,4.827886447310447693e-02,2.073186635971069336e-02
-8.322363495826721191e-01,-1.301548361778259277e+00,9.883154630661010742e-01,1.254410762339830399e-02,-8.751292712986469269e-03,9.996754527091979980e-01,2.037384919822216034e-02,-4.955973327159881592e-01,-3.024352900683879852e-02,1.400384958833456039e-02,3.256382048130035400e-01,-5.051516462117433548e-03,4.016435146331787109e-02,9.083431214094161987e-02,1.624089293181896210e-02,-1.416018158197402954e-01,6.132447719573974609e-01,-1.371657103300094604e-01,1.903776265680789948e-02,-1.039025653153657913e-02,3.817338049411773682e-01,-7.657913491129875183e-03,-4.619892239570617676e-01,1.387054324150085449e-01,-5.998613778501749039e-03,-2.967675924301147461e-01,-2.938682734966278076e-01,4.833576679229736328e-01,-3.906547427177429199e-01,2.116385251283645630e-01,4.995639249682426453e-02,2.080936729907989502e-02
-8.468592166900634766e-01,-1.302427530288696289e+00,9.888957142829895020e-01,1.456302125006914139e-02,-8.603269234299659729e-03,9.996384382247924805e-01,2.090153843164443970e-02,-4.882803857326507568e-01,-2.836163528263568878e-02,1.798172667622566223e-02,3.441912531852722168e-01,7.779877632856369019e-03,4.095403105020523071e-02,8.577152341604232788e-02,1.011018827557563782e-02,-1.438359171152114868e-01,6.423707008361816406e-01,-9.103402495384216309e-02,3.080291114747524261e-02,-9.756091982126235962e-03,3.960386812686920166e-01,-1.236762385815382004e-02,-4.643230438232421875e-01,1.368975341320037842e-01,-7.119009736925363541e-03,-3.059032559394836426e-01,-2.961755096912384033e-01,4.855079948902130127e-01,-3.848520815372467041e-01,2.091795206069946289e-01,5.207255482673645020e-02,2.073777467012405396e-02
-8.612680435180664062e-01,-1.303164601325988770e+00,9.896210432052612305e-01,1.618582010269165039e-02,-7.913117296993732452e-03,9.996306300163269043e-01,2.034625224769115448e-02,-4.811930656433105469e-01,-2.832518890500068665e-02,2.175047621130943298e-02,3.631430864334106445e-01,1.271808240562677383e-02,3.945478051900863647e-02,8.049454540014266968e-02,3.850538516417145729e-03,-1.452707946300506592e-01,6.737393736839294434e-01,-4.079835116863250732e-02,3.425695374608039856e-02,-1.005811151117086411e-02,4.089352488517761230e-01,-1.640992239117622375e-02,-4.671684801578521729e-01,1.335887014865875244e-01,-8.861646056175231934e-03,-3.138208687305450439e-01,-2.984732091426849365e-01,4.874809682369232178e-01,-3.782346546649932861e-01,2.068056762218475342e-01,5.452096834778785706e-02,2.040218561887741089e-02
-8.753836750984191895e-01,-1.303998708724975586e+00,9.905323982238769531e-01,1.803432591259479523e-02,-7.292909082025289536e-03,9.996227025985717773e-01,1.939109340310096741e-02,-4.737746417522430420e-01,-2.892853878438472748e-02,2.446219511330127716e-02,3.830339312553405762e-01,1.172730140388011932e-02,4.034308344125747681e-02,6.975527852773666382e-02,-3.087340155616402626e-03,-1.468590646982192993e-01,7.114512920379638672e-01,1.236268598586320877e-02,3.624854609370231628e-02,-1.106974296271800995e-02,4.202901422977447510e-01,-1.962648890912532806e-02,-4.702961742877960205e-01,1.292258799076080322e-01,-1.094652805477380753e-02,-3.204089403152465820e-01,-3.003960251808166504e-01,4.886953532695770264e-01,-3.707143366336822510e-01,2.040254622697830200e-01,5.706327408552169800e-02,1.989326626062393188e-02
-8.892712593078613281e-01,-1.304729104042053223e+00,9.916131496429443359e-01,1.947563141584396362e-02,-6.418386939913034439e-03,9.996236562728881836e-01,1.822068169713020325e-02,-4.670815467834472656e-01,-3.107517957687377930e-02,2.431306988000869751e-02,4.031575620174407959e-01,4.752404522150754929e-03,4.670380428433418274e-02,5.498873069882392883e-02,-1.065063383430242538e-02,-1.464412659406661987e-01,7.532507777214050293e-01,6.699281930923461914e-02,3.621710836887359619e-02,-1.211811136454343796e-02,4.299196600914001465e-01,-2.188328839838504791e-02,-4.733846485614776611e-01,1.237811818718910217e-01,-1.325510721653699875e-02,-3.257445394992828369e-01,-3.019833564758300781e-01,4.892239272594451904e-01,-3.624539077281951904e-01,2.007815837860107422e-01,5.962159857153892517e-02,1.913065463304519653e-02
-9.027929306030273438e-01,-1.305554151535034180e+00,9.927690029144287109e-01,2.080334536731243134e-02,-5.567477550357580185e-03,9.996221661567687988e-01,1.708231121301651001e-02,-4.601872563362121582e-01,-3.429969400167465210e-02,2.286612428724765778e-02,4.222646057605743408e-01,-4.452983848750591278e-03,5.726327747106552124e-02,3.541844710707664490e-02,-1.900728791952133179e-02,-1.451439708471298218e-01,7.996453046798706055e-01,1.234138086438179016e-01,3.463087230920791626e-02,-1.346488762646913528e-02,4.377282559871673584e-01,-2.309815585613250732e-02,-4.762191176414489746e-01,1.170272752642631531e-01,-1.536718290299177170e-02,-3.298165202140808105e-01,-3.030680418014526367e-01,4.889281988143920898e-01,-3.534174561500549316e-01,1.968270093202590942e-01,6.202469021081924438e-02,1.840600743889808655e-02
-9.161171317100524902e-01,-1.306360960006713867e+00,9.939795136451721191e-01,2.193289808928966522e-02,-4.811911378055810928e-03,9.996219277381896973e-01,1.586638577282428741e-02,-4.524222910404205322e-01,-3.692455217242240906e-02,2.258408069610595703e-02,4.391857981681823730e-01,-1.536317728459835052e-02,6.514368951320648193e-02,1.122725848108530045e-02,-2.827023901045322418e-02,-1.434122771024703979e-01,8.498021960258483887e-01,1.817214488983154297e-01,3.443502634763717651e-02,-1.594441011548042297e-02,4.437760710716247559e-01,-2.328300103545188904e-02,-4.787126183509826660e-01,1.093052029609680176e-01,-1.728424429893493652e-02,-3.326945602893829346e-01,-3.035226166248321533e-01,4.879700541496276855e-01,-3.440050482749938965e-01,1.921481639146804810e-01,6.410103291273117065e-02,1.759797893464565277e-02
-9.291700720787048340e-01,-1.307277202606201172e+00,9.953466057777404785e-01,2.277198433876037598e-02,-4.062968771904706955e-03,9.996208548545837402e-01,1.493727602064609528e-02,-4.427838027477264404e-01,-3.883962705731391907e-02,2.524803206324577332e-02,4.515971243381500244e-01,-2.728055976331233978e-02,7.303566485643386841e-02,-1.784803532063961029e-02,-3.873120993375778198e-02,-1.398499161005020142e-01,9.016985297203063965e-01,2.446938455104827881e-01,2.895385585725307465e-02,-2.011534199118614197e-02,4.480029046535491943e-01,-2.253181673586368561e-02,-4.803541302680969238e-01,1.007231473922729492e-01,-1.831068284809589386e-02,-3.344674408435821533e-01,-3.032414913177490234e-01,4.867002069950103760e-01,-3.342754542827606201e-01,1.870249062776565552e-01,6.581105291843414307e-02,1.681908033788204193e-02
-9.417628049850463867e-01,-1.308239102363586426e+00,9.964210391044616699e-01,2.387260273098945618e-02,-3.353312145918607712e-03,9.996001124382019043e-01,1.478129159659147263e-02,-4.320392012596130371e-01,-3.997266292572021484e-02,2.894292771816253662e-02,4.630952179431915283e-01,-4.233370348811149597e-02,7.882409542798995972e-02,-5.034691467881202698e-02,-5.039219558238983154e-02,-1.356751918792724609e-01,9.536185264587402344e-01,3.093029558658599854e-01,2.452107891440391541e-02,-2.406490407884120941e-02,4.506358206272125244e-01,-2.084164507687091827e-02,-4.811039566993713379e-01,9.161911159753799438e-02,-1.839373633265495300e-02,-3.349393308162689209e-01,-3.022995889186859131e-01,4.857771694660186768e-01,-3.241156339645385742e-01,1.820720583200454712e-01,6.726320087909698486e-02,1.639276184141635895e-02
-9.540262222290039062e-01,-1.309306502342224121e+00,9.972191452980041504e-01,2.492776326835155487e-02,-2.196805784478783607e-03,9.995616078376770020e-01,1.582497730851173401e-02,-4.208301007747650146e-01,-4.143721982836723328e-02,3.546071052551269531e-02,4.734264612197875977e-01,-5.874827504158020020e-02,8.607762306928634644e-02,-8.684136718511581421e-02,-6.564513593912124634e-02,-1.310833394527435303e-01,1.005538463592529297e+00,3.720327019691467285e-01,2.238793112337589264e-02,-2.715239115059375763e-02,4.515939056873321533e-01,-1.847890019416809082e-02,-4.808865487575531006e-01,8.179588615894317627e-02,-1.721119880676269531e-02,-3.343149423599243164e-01,-3.007585406303405762e-01,4.854418039321899414e-01,-3.138663172721862793e-01,1.775459200143814087e-01,6.849991530179977417e-02,1.630417071282863617e-02
-9.661359786987304688e-01,-1.310519933700561523e+00,9.979397654533386230e-01,2.549138665199279785e-02,-3.676233463920652866e-04,9.995021224021911621e-01,1.858928799629211426e-02,-4.095154106616973877e-01,-4.288326948881149292e-02,4.534011706709861755e-02,4.823879897594451904e-01,-7.607360184192657471e-02,9.307935833930969238e-02,-1.229514479637145996e-01,-8.617014437913894653e-02,-1.287822723388671875e-01,1.051761388778686523e+00,4.096618294715881348e-01,1.887993328273296356e-02,-2.794012427330017090e-02,4.508092999458312988e-01,-1.556872297078371048e-02,-4.800205826759338379e-01,7.077836245298385620e-02,-1.510852668434381485e-02,-3.327808976173400879e-01,-2.987684309482574463e-01,4.859167635440826416e-01,-3.034103512763977051e-01,1.735801398754119873e-01,6.952957808971405029e-02,1.671326160430908203e-02
-9.780296683311462402e-01,-1.311676383018493652e+00,9.987877011299133301e-01,2.594821527600288391e-02,1.495860866270959377e-03,9.994264841079711914e-01,2.170583978295326233e-02,-3.974582850933074951e-01,-4.402879625558853149e-02,5.673369392752647400e-02,4.894415438175201416e-01,-9.388938546180725098e-02,9.770777821540832520e-02,-1.553298234939575195e-01,-1.100081577897071838e-01,-1.316910684108734131e-01,1.091574907302856445e+00,4.052384197711944580e-01,1.370362099260091782e-02,-2.765443921089172363e-02,4.482676386833190918e-01,-1.212622039020061493e-02,-4.787542819976806641e-01,5.939591303467750549e-02,-1.245643384754657745e-02,-3.303236067295074463e-01,-2.965136766433715820e-01,4.872163236141204834e-01,-2.932105660438537598e-01,1.705903112888336182e-01,7.043838500976562500e-02,1.727974973618984222e-02
-9.898835420608520508e-01,-1.312601089477539062e+00,9.997989535331726074e-01,2.669689059257507324e-02,3.163411980494856834e-03,9.993470907211303711e-01,2.413763664662837982e-02,-3.840443491935729980e-01,-4.544476047158241272e-02,6.601315736770629883e-02,4.946426749229431152e-01,-1.103286668658256531e-01,1.003876999020576477e-01,-1.864514648914337158e-01,-1.354873776435852051e-01,-1.384835839271545410e-01,1.128077864646911621e+00,3.740372359752655029e-01,5.135857034474611282e-03,-2.746083959937095642e-02,4.441030025482177734e-01,-8.213935419917106628e-03,-4.774667024612426758e-01,4.861455410718917847e-02,-9.907160885632038116e-03,-3.268777430057525635e-01,-2.941876947879791260e-01,4.892373085021972656e-01,-2.838476598262786865e-01,1.685710698366165161e-01,7.135783880949020386e-02,1.791072264313697815e-02
-1.001821041107177734e+00,-1.313547730445861816e+00,1.000896692276000977e+00,2.747332304716110229e-02,4.520045127719640732e-03,9.992990493774414062e-01,2.502346970140933990e-02,-3.697577416896820068e-01,-4.798492044210433960e-02,7.265096157789230347e-02,4.978598356246948242e-01,-1.250056028366088867e-01,1.040703728795051575e-01,-2.176870554685592651e-01,-1.587172299623489380e-01,-1.448062658309936523e-01,1.160548806190490723e+00,3.311834931373596191e-01,-1.818542182445526123e-02,-2.901461161673069000e-02,4.382718205451965332e-01,-3.713407553732395172e-03,-4.762784242630004883e-01,3.823633491992950439e-02,-7.607547100633382797e-03,-3.224153816699981689e-01,-2.917667329311370850e-01,4.915856122970581055e-01,-2.748034596443176270e-01,1.671239733695983887e-01,7.231301814317703247e-02,1.854962296783924103e-02
-1.013738036155700684e+00,-1.314209461212158203e+00,1.002151012420654297e+00,2.836143225431442261e-02,5.562395788729190826e-03,9.992884397506713867e-01,2.423334494233131409e-02,-3.545736670494079590e-01,-5.115636065602302551e-02,7.608909904956817627e-02,4.989906251430511475e-01,-1.387109458446502686e-01,1.068427190184593201e-01,-2.481634765863418579e-01,-1.760214269161224365e-01,-1.478837281465530396e-01,1.187118530273437500e+00,2.878231108188629150e-01,-4.806348681449890137e-02,-3.244482353329658508e-02,4.307601451873779297e-01,1.434005796909332275e-03,-4.750968813896179199e-01,2.768826670944690704e-02,-5.248337052762508392e-03,-3.169792592525482178e-01,-2.892419099807739258e-01,4.939092695713043213e-01,-2.658001780509948730e-01,1.659308671951293945e-01,7.344621419906616211e-02,1.914052851498126984e-02
-1.025560975074768066e+00,-1.314725160598754883e+00,1.003438115119934082e+00,2.954892255365848541e-02,6.282377056777477264e-03,9.992937445640563965e-01,2.234604768455028534e-02,-3.385439217090606689e-01,-5.444089323282241821e-02,7.643823325634002686e-02,4.989897310733795166e-01,-1.518180966377258301e-01,1.091442406177520752e-01,-2.779658138751983643e-01,-1.858737468719482422e-01,-1.454196721315383911e-01,1.207654833793640137e+00,2.470886260271072388e-01,-7.992460578680038452e-02,-3.750208020210266113e-02,4.215359389781951904e-01,7.396549452096223831e-03,-4.739479720592498779e-01,1.683422923088073730e-02,-3.050560597330331802e-03,-3.103733062744140625e-01,-2.865243554115295410e-01,4.961362183094024658e-01,-2.562104165554046631e-01,1.648317426443099976e-01,7.486703991889953613e-02,1.961477845907211304e-02
-1.037498950958251953e+00,-1.315068006515502930e+00,1.004666328430175781e+00,3.022967278957366943e-02,6.999761797487735748e-03,9.993136525154113770e-01,2.023237943649291992e-02,-3.220146894454956055e-01,-5.820682644844055176e-02,7.571728527545928955e-02,4.963413476943969727e-01,-1.643457859754562378e-01,1.129594370722770691e-01,-3.095413446426391602e-01,-1.908875107765197754e-01,-1.400267183780670166e-01,1.226607680320739746e+00,2.010950297117233276e-01,-1.138334274291992188e-01,-4.227675870060920715e-02,4.066323637962341309e-01,1.765395328402519226e-02,-4.725250601768493652e-01,-6.965294014662504196e-03,1.343756914138793945e-03,-3.000928759574890137e-01,-2.817390561103820801e-01,4.984221458435058594e-01,-2.350341677665710449e-01,1.615580171346664429e-01,7.868188619613647461e-02,2.054805308580398560e-02
-1.049500465393066406e+00,-1.315393567085266113e+00,1.005977392196655273e+00,3.100307472050189972e-02,7.048834115266799927e-03,9.993274211883544922e-01,1.827091537415981293e-02,-3.061576783657073975e-01,-6.036809459328651428e-02,7.419823855161666870e-02,4.949897825717926025e-01,-1.767144203186035156e-01,1.163119375705718994e-01,-3.373214304447174072e-01,-1.868598610162734985e-01,-1.282785683870315552e-01,1.232689499855041504e+00,1.718584746122360229e-01,-1.281095743179321289e-01,-4.602374136447906494e-02,3.905531466007232666e-01,3.090806677937507629e-02,-4.710497856140136719e-01,-4.176465421915054321e-02,7.687602192163467407e-03,-2.895615398883819580e-01,-2.751008868217468262e-01,4.998194873332977295e-01,-2.038241922855377197e-01,1.547470241785049438e-01,8.636318147182464600e-02,2.120950259268283844e-02
-1.061655879020690918e+00,-1.315618515014648438e+00,1.007272601127624512e+00,3.191138803958892822e-02,6.695479620248079300e-03,9.993294477462768555e-01,1.665806956589221954e-02,-2.896571457386016846e-01,-6.152289733290672302e-02,7.231487333774566650e-02,4.929062426090240479e-01,-1.858761608600616455e-01,1.187546774744987488e-01,-3.629955649375915527e-01,-1.767617464065551758e-01,-1.123221591114997864e-01,1.231712460517883301e+00,1.462640017271041870e-01,-1.293650120496749878e-01,-4.809444397687911987e-02,3.739290535449981689e-01,4.502822831273078918e-02,-4.695920050144195557e-01,-6.838051229715347290e-02,1.210547890514135361e-02,-2.787801027297973633e-01,-2.677711248397827148e-01,5.000052452087402344e-01,-1.794867813587188721e-01,1.472862064838409424e-01,9.408480674028396606e-02,2.123204804956912994e-02
-1.073784351348876953e+00,-1.315882563591003418e+00,1.008424162864685059e+00,3.278859332203865051e-02,6.129248999059200287e-03,9.993189573287963867e-01,1.577800884842872620e-02,-2.728791534900665283e-01,-6.163045763969421387e-02,7.199994474649429321e-02,4.904344677925109863e-01,-1.966676861047744751e-01,1.214315816760063171e-01,-3.863000869750976562e-01,-1.634916663169860840e-01,-9.516608715057373047e-02,1.224046468734741211e+00,1.231804192066192627e-01,-1.232838109135627747e-01,-4.901230335235595703e-02,3.561332523822784424e-01,5.909579992294311523e-02,-4.676288962364196777e-01,-8.805011212825775146e-02,1.534921023994684219e-02,-2.669396400451660156e-01,-2.603275775909423828e-01,4.991742968559265137e-01,-1.616327613592147827e-01,1.405659466981887817e-01,1.002034917473793030e-01,2.101430483162403107e-02
-1.085971832275390625e+00,-1.316018223762512207e+00,1.009453058242797852e+00,3.356012329459190369e-02,5.699130706489086151e-03,9.993054866790771484e-01,1.515899412333965302e-02,-2.567460834980010986e-01,-6.105126067996025085e-02,7.374317944049835205e-02,4.889082014560699463e-01,-2.072624862194061279e-01,1.219493895769119263e-01,-4.086538851261138916e-01,-1.486828178167343140e-01,-7.730042189359664917e-02,1.211597442626953125e+00,1.003654450178146362e-01,-1.175417080521583557e-01,-4.940566420555114746e-02,3.367373347282409668e-01,7.313736528158187866e-02,-4.649105072021484375e-01,-1.083361208438873291e-01,1.863462291657924652e-02,-2.539663016796112061e-01,-2.526476979255676270e-01,4.973894953727722168e-01,-1.434732079505920410e-01,1.332408189773559570e-01,1.064829677343368530e-01,2.051582559943199158e-02
-1.098400473594665527e+00,-1.316191554069519043e+00,1.010351181030273438e+00,3.411358594894409180e-02,5.340002942830324173e-03,9.992914795875549316e-01,1.497694570571184158e-02,-2.403883934020996094e-01,-6.046854332089424133e-02,7.662270963191986084e-02,4.868447482585906982e-01,-2.185141742229461670e-01,1.225698441267013550e-01,-4.302111864089965820e-01,-1.333292126655578613e-01,-5.932022258639335632e-02,1.194741368293762207e+00,7.502880692481994629e-02,-1.153129935264587402e-01,-4.842419922351837158e-02,3.157566487789154053e-01,8.704651147127151489e-02,-4.613708555698394775e-01,-1.294076144695281982e-01,2.193672582507133484e-02,-2.399348765611648560e-01,-2.448482811450958252e-01,4.945556521415710449e-01,-1.254948228597640991e-01,1.256629526615142822e-01,1.126319020986557007e-01,1.990196481347084045e-02
-1.110963940620422363e+00,-1.316329717636108398e+00,1.011041045188903809e+00,3.441160917282104492e-02,5.061477888375520706e-03,9.992809295654296875e-01,1.509572006762027740e-02,-2.244494855403900146e-01,-5.957265198230743408e-02,8.126201480627059937e-02,4.848960041999816895e-01,-2.294247448444366455e-01,1.239828541874885559e-01,-4.488103091716766357e-01,-1.184037402272224426e-01,-4.324784129858016968e-02,1.172021985054016113e+00,4.945680126547813416e-02,-1.173477917909622192e-01,-4.674211144447326660e-02,2.934234142303466797e-01,1.006198972463607788e-01,-4.564719200134277344e-01,-1.520250141620635986e-01,2.580013871192932129e-02,-2.248846292495727539e-01,-2.369829416275024414e-01,4.909237921237945557e-01,-1.073218435049057007e-01,1.185547932982444763e-01,1.184980869293212891e-01,1.863422989845275879e-02
-1.123530149459838867e+00,-1.316573023796081543e+00,1.011533498764038086e+00,3.442278131842613220e-02,4.985046572983264923e-03,9.992767572402954102e-01,1.536876428872346878e-02,-2.090430557727813721e-01,-5.913699418306350708e-02,8.658443391323089600e-02,4.829452633857727051e-01,-2.411246895790100098e-01,1.231092810630798340e-01,-4.659799337387084961e-01,-1.053670272231101990e-01,-2.965990453958511353e-02,1.144608259201049805e+00,2.394678629934787750e-02,-1.219845712184906006e-01,-4.420533403754234314e-02,2.698292732238769531e-01,1.136872097849845886e-01,-4.499567151069641113e-01,-1.756394803524017334e-01,3.051559627056121826e-02,-2.089487612247467041e-01,-2.292333096265792847e-01,4.865034818649291992e-01,-9.011610597372055054e-02,1.121271550655364990e-01,1.235433742403984070e-01,1.702828891575336456e-02
-1.136354923248291016e+00,-1.316547155380249023e+00,1.011888742446899414e+00,3.428620472550392151e-02,4.977982025593519211e-03,9.992785453796386719e-01,1.555882301181554794e-02,-1.933811902999877930e-01,-5.830958113074302673e-02,9.336333721876144409e-02,4.802419841289520264e-01,-2.521860897541046143e-01,1.224830597639083862e-01,-4.801676273345947266e-01,-9.421586245298385620e-02,-2.002531290054321289e-02,1.111505031585693359e+00,1.973207341507077217e-03,-1.223856508731842041e-01,-4.203749820590019226e-02,2.452143877744674683e-01,1.263268738985061646e-01,-4.424080848693847656e-01,-1.998573839664459229e-01,3.489345684647560120e-02,-1.922100782394409180e-01,-2.215850651264190674e-01,4.813807606697082520e-01,-7.321605086326599121e-02,1.061777099967002869e-01,1.277268230915069580e-01,1.483889482915401459e-02
-1.149173736572265625e+00,-1.316602587699890137e+00,1.012034535408020020e+00,3.360637649893760681e-02,4.996966570615768433e-03,9.993026256561279297e-01,1.548906974494457245e-02,-1.789991557598114014e-01,-5.792897567152976990e-02,9.863446652889251709e-02,4.776407778263092041e-01,-2.622384428977966309e-01,1.227420791983604431e-01,-4.931674897670745850e-01,-8.476954698562622070e-02,-1.281515508890151978e-02,1.073316335678100586e+00,-1.416397001594305038e-02,-1.220911517739295959e-01,-3.993953391909599304e-02,2.195842266082763672e-01,1.383617371320724487e-01,-4.335541129112243652e-01,-2.250673472881317139e-01,3.989019617438316345e-02,-1.748547106981277466e-01,-2.141672521829605103e-01,4.755015969276428223e-01,-5.741571262478828430e-02,1.009484380483627319e-01,1.307028681039810181e-01,1.251374557614326477e-02
-1.162138700485229492e+00,-1.316495180130004883e+00,1.012022018432617188e+00,3.267363086342811584e-02,5.083992611616849899e-03,9.993417859077453613e-01,1.492064818739891052e-02,-1.651940792798995972e-01,-5.778623372316360474e-02,1.030680015683174133e-01,4.752583205699920654e-01,-2.721883058547973633e-01,1.195979714393615723e-01,-5.044262409210205078e-01,-7.663673162460327148e-02,-7.818089798092842102e-03,1.030900239944458008e+00,-2.184952236711978912e-02,-1.177889555692672729e-01,-3.870036080479621887e-02,1.931663900613784790e-01,1.497685611248016357e-01,-4.240409135818481445e-01,-2.497284561395645142e-01,4.460595920681953430e-02,-1.568273901939392090e-01,-2.069251537322998047e-01,4.688342809677124023e-01,-4.241412132978439331e-02,9.577859938144683838e-02,1.324094980955123901e-01,9.940978139638900757e-03
-1.175258755683898926e+00,-1.316354751586914062e+00,1.011847138404846191e+00,3.125506639480590820e-02,5.132471676915884018e-03,9.993997812271118164e-01,1.402983348816633224e-02,-1.520635485649108887e-01,-5.780806392431259155e-02,1.068396419286727905e-01,4.723403453826904297e-01,-2.810802459716796875e-01,1.219695955514907837e-01,-5.118507742881774902e-01,-7.000715285539627075e-02,-6.452579516917467117e-03,9.814995527267456055e-01,-2.357445284724235535e-02,-1.149843782186508179e-01,-3.742484003305435181e-02,1.659010350704193115e-01,1.605333834886550903e-01,-4.138141274452209473e-01,-2.746293544769287109e-01,4.903458431363105774e-02,-1.381958574056625366e-01,-1.999597996473312378e-01,4.615993499755859375e-01,-2.847216650843620300e-02,9.121087193489074707e-02,1.330057829618453979e-01,6.991526111960411072e-03
-1.188532471656799316e+00,-1.316324591636657715e+00,1.011475563049316406e+00,3.023752383887767792e-02,5.090496502816677094e-03,9.994468092918395996e-01,1.287663355469703674e-02,-1.360935717821121216e-01,-5.764300748705863953e-02,1.114877685904502869e-01,4.661979973316192627e-01,-2.916563153266906738e-01,1.180082932114601135e-01,-5.186098217964172363e-01,-6.430900096893310547e-02,-6.221282295882701874e-03,9.301424026489257812e-01,-2.261788398027420044e-02,-1.142226532101631165e-01,-3.807480260729789734e-02,1.382924616336822510e-01,1.706969290971755981e-01,-4.030262529850006104e-01,-2.985624074935913086e-01,5.327239260077476501e-02,-1.189558357000350952e-01,-1.931425482034683228e-01,4.538578093051910400e-01,-1.500296406447887421e-02,8.724483847618103027e-02,1.326734870672225952e-01,4.132322501391172409e-03
-1.201787233352661133e+00,-1.316146373748779297e+00,1.010936498641967773e+00,2.914725989103317261e-02,5.141429137438535690e-03,9.994944334030151367e-01,1.161249727010726929e-02,-1.212344989180564880e-01,-5.753624811768531799e-02,1.167958974838256836e-01,4.608923494815826416e-01,-2.992922365665435791e-01,1.211516782641410828e-01,-5.220412015914916992e-01,-6.010968983173370361e-02,-9.879331104457378387e-03,8.733356595039367676e-01,-1.941308006644248962e-02,-1.081592291593551636e-01,-3.745453804731369019e-02,1.104170978069305420e-01,1.801586747169494629e-01,-3.920760452747344971e-01,-3.211161792278289795e-01,5.642465129494667053e-02,-9.902309626340866089e-02,-1.864792853593826294e-01,4.454786181449890137e-01,-2.294583944603800774e-03,8.330516517162322998e-02,1.314280778169631958e-01,1.592595013789832592e-03
-1.215213298797607422e+00,-1.315887093544006348e+00,1.010376453399658203e+00,2.766771428287029266e-02,5.071591120213270187e-03,9.995521903038024902e-01,1.020805817097425461e-02,-1.061193868517875671e-01,-5.691818147897720337e-02,1.229998841881752014e-01,4.538583457469940186e-01,-3.082390129566192627e-01,1.192065998911857605e-01,-5.256668329238891602e-01,-5.675544962286949158e-02,-1.669153012335300446e-02,8.146706819534301758e-01,-1.623477227985858917e-02,-1.043361574411392212e-01,-3.754677623510360718e-02,8.202881366014480591e-02,1.892627775669097900e-01,-3.808048367500305176e-01,-3.462043404579162598e-01,5.928720533847808838e-02,-7.835339009761810303e-02,-1.796208471059799194e-01,4.364209473133087158e-01,1.207554899156093597e-02,7.867994904518127441e-02,1.288627535104751587e-01,-2.281087916344404221e-03
-1.228882431983947754e+00,-1.315579533576965332e+00,1.009670853614807129e+00,2.626131474971771240e-02,5.259959027171134949e-03,9.995925426483154297e-01,9.867758490145206451e-03,-9.129841625690460205e-02,-5.690688639879226685e-02,1.275552511215209961e-01,4.486792981624603271e-01,-3.167044818401336670e-01,1.175772026181221008e-01,-5.238255262374877930e-01,-5.374419316649436951e-02,-2.657971717417240143e-02,7.495399117469787598e-01,-1.352898124605417252e-02,-9.984698146581649780e-02,-3.586659952998161316e-02,5.375597253441810608e-02,1.976475417613983154e-01,-3.695941567420959473e-01,-3.673939406871795654e-01,6.072504073381423950e-02,-5.725901201367378235e-02,-1.729314476251602173e-01,4.271224439144134521e-01,2.471852116286754608e-02,7.442837208509445190e-02,1.256091147661209106e-01,-6.191314663738012314e-03
-1.242535114288330078e+00,-1.315325021743774414e+00,1.008846282958984375e+00,2.454585954546928406e-02,5.238735582679510117e-03,9.996446371078491211e-01,8.978635072708129883e-03,-7.776895910501480103e-02,-5.688625201582908630e-02,1.289706528186798096e-01,4.449938833713531494e-01,-3.260222077369689941e-01,1.164123788475990295e-01,-5.220686197280883789e-01,-5.101604387164115906e-02,-4.044949635863304138e-02,6.837961077690124512e-01,-1.242030691355466843e-02,-9.264341741800308228e-02,-3.380689024925231934e-02,2.544334903359413147e-02,2.052998244762420654e-01,-3.588419854640960693e-01,-3.871011435985565186e-01,6.091910973191261292e-02,-3.567549213767051697e-02,-1.662621945142745972e-01,4.177438914775848389e-01,3.627046942710876465e-02,7.166876643896102905e-02,1.216982975602149963e-01,-1.026403810828924179e-02
-1.256259083747863770e+00,-1.314979910850524902e+00,1.007846713066101074e+00,2.351945266127586365e-02,5.116009153425693512e-03,9.996795058250427246e-01,7.845523767173290253e-03,-6.276368349790573120e-02,-5.662038549780845642e-02,1.299512982368469238e-01,4.412350952625274658e-01,-3.355637490749359131e-01,1.137526780366897583e-01,-5.209752321243286133e-01,-4.762595519423484802e-02,-5.610260367393493652e-02,6.207876801490783691e-01,-1.237211283296346664e-02,-8.704101294279098511e-02,-3.312060981988906860e-02,-2.673133043572306633e-03,2.121876031160354614e-01,-3.484133183956146240e-01,-4.037961959838867188e-01,6.111078336834907532e-02,-1.341421995311975479e-02,-1.594699770212173462e-01,4.084542393684387207e-01,4.728823527693748474e-02,6.947396695613861084e-02,1.177011206746101379e-01,-1.385331712663173676e-02
-1.269984722137451172e+00,-1.314653873443603516e+00,1.006777644157409668e+00,2.217041328549385071e-02,4.982762038707733154e-03,9.997222423553466797e-01,6.247868761420249939e-03,-4.857251793146133423e-02,-5.594804883003234863e-02,1.319288760423660278e-01,4.376410543918609619e-01,-3.440406024456024170e-01,1.111314147710800171e-01,-5.171707272529602051e-01,-4.274362325668334961e-02,-7.163903117179870605e-02,5.556408762931823730e-01,-1.828769221901893616e-02,-7.906085997819900513e-02,-3.356903418898582458e-02,-3.062915615737438202e-02,2.183281630277633667e-01,-3.381750583648681641e-01,-4.185503721237182617e-01,6.151345372200012207e-02,9.278093464672565460e-03,-1.525348424911499023e-01,3.996061980724334717e-01,5.799061059951782227e-02,6.839882582426071167e-02,1.133640259504318237e-01,-1.710194908082485199e-02
-1.283908367156982422e+00,-1.314204096794128418e+00,1.005684137344360352e+00,2.105281129479408264e-02,4.664157982915639877e-03,9.997590780258178711e-01,4.098849836736917496e-03,-3.473286330699920654e-02,-5.409977957606315613e-02,1.337973326444625854e-01,4.359106123447418213e-01,-3.516593277454376221e-01,1.078879162669181824e-01,-5.119285583496093750e-01,-3.509460389614105225e-02,-8.351758867502212524e-02,4.914475977420806885e-01,-2.769700624048709869e-02,-7.161162048578262329e-02,-3.458286821842193604e-02,-5.830255523324012756e-02,2.239107638597488403e-01,-3.289853632450103760e-01,-4.316411614418029785e-01,6.024194508790969849e-02,3.238059952855110168e-02,-1.453891396522521973e-01,3.910672664642333984e-01,6.784772127866744995e-02,6.798855215311050415e-02,1.086023673415184021e-01,-2.050865069031715393e-02
-1.297713160514831543e+00,-1.313777089118957520e+00,1.004499912261962891e+00,2.011426724493503571e-02,4.133656155318021774e-03,9.997884035110473633e-01,1.233689719811081886e-03,-2.142540179193019867e-02,-5.187979713082313538e-02,1.359572708606719971e-01,4.349727034568786621e-01,-3.585629463195800781e-01,1.057606562972068787e-01,-5.060533881187438965e-01,-2.530012093484401703e-02,-8.993468433618545532e-02,4.284024834632873535e-01,-3.599496930837631226e-02,-6.126853823661804199e-02,-3.627273067831993103e-02,-8.561366051435470581e-02,2.288344204425811768e-01,-3.208208680152893066e-01,-4.431988894939422607e-01,5.797430500388145447e-02,5.589836835861206055e-02,-1.378925591707229614e-01,3.829001784324645996e-01,7.718846946954727173e-02,6.847470253705978394e-02,1.035413369536399841e-01,-2.396268583834171295e-02
-1.311650037765502930e+00,-1.313348054885864258e+00,1.003152966499328613e+00,1.953780464828014374e-02,3.653455292806029320e-03,9.998020529747009277e-01,-8.508471655659377575e-04,-8.877273648977279663e-03,-4.938994720578193665e-02,1.372222453355789185e-01,4.377159476280212402e-01,-3.644223213195800781e-01,1.018556803464889526e-01,-5.007901191711425781e-01,-1.359112188220024109e-02,-9.090453386306762695e-02,3.705963790416717529e-01,-4.345878213644027710e-02,-4.459346830844879150e-02,-3.684443607926368713e-02,-1.125078275799751282e-01,2.333032935857772827e-01,-3.140412867069244385e-01,-4.533095955848693848e-01,5.343545228242874146e-02,7.979177683591842651e-02,-1.300781220197677612e-01,3.752318918704986572e-01,8.600452542304992676e-02,7.001645863056182861e-02,9.832867234945297241e-02,-2.731219865381717682e-02
-1.325512647628784180e+00,-1.313026189804077148e+00,1.001759648323059082e+00,1.879523694515228271e-02,3.106832504272460938e-03,9.998141527175903320e-01,-2.954663010314106941e-03,2.863389207050204277e-03,-4.677638038992881775e-02,1.387951374053955078e-01,4.410163462162017822e-01,-3.692232370376586914e-01,9.935998916625976562e-02,-4.964686334133148193e-01,-2.109457505866885185e-03,-8.798696845769882202e-02,3.171579837799072266e-01,-4.639711976051330566e-02,-1.887933164834976196e-02,-3.654106333851814270e-02,-1.389564126729965210e-01,2.371954023838043213e-01,-3.084746897220611572e-01,-4.619087874889373779e-01,4.730974882841110229e-02,1.038190200924873352e-01,-1.219175979495048523e-01,3.676149845123291016e-01,9.361599385738372803e-02,7.224387675523757935e-02,9.289547055959701538e-02,-3.128775209188461304e-02
-1.339407563209533691e+00,-1.312601685523986816e+00,1.000463128089904785e+00,1.800049468874931335e-02,2.797516761347651482e-03,9.998230934143066406e-01,-4.677751101553440094e-03,1.254107337445020676e-02,-4.416586458683013916e-02,1.401506364345550537e-01,4.479093849658966064e-01,-3.715520799160003662e-01,9.560874849557876587e-02,-4.934098720550537109e-01,7.772805169224739075e-03,-8.215243369340896606e-02,2.707194983959197998e-01,-4.500825330615043640e-02,1.066866889595985413e-02,-3.561526909470558167e-02,-1.647457033395767212e-01,2.403820455074310303e-01,-3.042040169239044189e-01,-4.687652885913848877e-01,4.166947677731513977e-02,1.276596635580062866e-01,-1.138357445597648621e-01,3.603775203227996826e-01,9.910336881875991821e-02,7.516852021217346191e-02,8.806721866130828857e-02,-3.435186296701431274e-02
-1.353180050849914551e+00,-1.311959505081176758e+00,9.991379380226135254e-01,1.722148805856704712e-02,2.596804406493902206e-03,9.998276233673095703e-01,-6.436434108763933182e-03,2.068733796477317810e-02,-4.120828583836555481e-02,1.418191641569137573e-01,4.574320912361145020e-01,-3.726248145103454590e-01,9.256634861230850220e-02,-4.900251328945159912e-01,1.618304476141929626e-02,-7.369855791330337524e-02,2.310230135917663574e-01,-4.557754471898078918e-02,2.877363003790378571e-02,-3.463434055447578430e-02,-1.900588870048522949e-01,2.431378215551376343e-01,-3.015758693218231201e-01,-4.750155508518218994e-01,3.472168743610382080e-02,1.515666693449020386e-01,-1.056039035320281982e-01,3.535831570625305176e-01,1.033939793705940247e-01,7.907850295305252075e-02,8.273095637559890747e-02,-3.782574832439422607e-02
-1.366882562637329102e+00,-1.311329364776611328e+00,9.978097081184387207e-01,1.657421328127384186e-02,2.547517884522676468e-03,9.998277425765991211e-01,-7.952671498060226440e-03,2.802671864628791809e-02,-3.874080255627632141e-02,1.421433687210083008e-01,4.685969054698944092e-01,-3.720746636390686035e-01,9.006099402904510498e-02,-4.866071641445159912e-01,2.328045293688774109e-02,-6.247929856181144714e-02,2.004060447216033936e-01,-4.930908605456352234e-02,3.706887736916542053e-02,-3.339252993464469910e-02,-2.147617042064666748e-01,2.453663647174835205e-01,-3.004758358001708984e-01,-4.797576367855072021e-01,2.695788629353046417e-02,1.753563582897186279e-01,-9.740305691957473755e-02,3.469834923744201660e-01,1.060949414968490601e-01,8.376105874776840210e-02,7.723241299390792847e-02,-4.103470221161842346e-02
-1.380420088768005371e+00,-1.310683250427246094e+00,9.965245127677917480e-01,1.607236079871654510e-02,2.690332010388374329e-03,9.998257756233215332e-01,-9.101206436753273010e-03,3.393679484724998474e-02,-3.654978051781654358e-02,1.421859860420227051e-01,4.824148714542388916e-01,-3.684103190898895264e-01,8.637630939483642578e-02,-4.849788844585418701e-01,2.914840541779994965e-02,-5.067002028226852417e-02,1.827412098646163940e-01,-5.344727635383605957e-02,3.555556014180183411e-02,-3.215330094099044800e-02,-2.387082874774932861e-01,2.472559958696365356e-01,-3.009850382804870605e-01,-4.828240871429443359e-01,1.784205995500087738e-02,1.988448053598403931e-01,-8.943264931440353394e-02,3.407460153102874756e-01,1.077671200037002563e-01,8.900076150894165039e-02,7.196229696273803711e-02,-4.431936517357826233e-02
-1.393969655036926270e+00,-1.309939861297607422e+00,9.953629970550537109e-01,1.577906124293804169e-02,3.128849668428301811e-03,9.998239278793334961e-01,-9.664073586463928223e-03,3.988687694072723389e-02,-3.509268537163734436e-02,1.428491175174713135e-01,4.967758953571319580e-01,-3.627917468547821045e-01,8.488324284553527832e-02,-4.845382869243621826e-01,3.367404639720916748e-02,-4.258956387639045715e-02,1.772424876689910889e-01,-5.653833225369453430e-02,3.165946528315544128e-02,-3.129858896136283875e-02,-2.569888234138488770e-01,2.486555278301239014e-01,-3.019956648349761963e-01,-4.845737814903259277e-01,1.512265298515558243e-02,2.170465439558029175e-01,-8.353271335363388062e-02,3.366556465625762939e-01,1.088351905345916748e-01,9.094367176294326782e-02,7.029901444911956787e-02,-4.523588716983795166e-02
-1.407502412796020508e+00,-1.309251189231872559e+00,9.943895936012268066e-01,1.542837824672460556e-02,3.458772553130984306e-03,9.998299479484558105e-01,-9.492504410445690155e-03,4.423639923334121704e-02,-3.328027948737144470e-02,1.438728868961334229e-01,5.132919549942016602e-01,-3.532244861125946045e-01,8.280100673437118530e-02,-4.832516312599182129e-01,3.787872940301895142e-02,-3.625066950917243958e-02,1.812926381826400757e-01,-5.193288624286651611e-02,2.544521354138851166e-02,-2.968460880219936371e-02,-2.754254043102264404e-01,2.500122785568237305e-01,-3.035869598388671875e-01,-4.865500628948211670e-01,1.175577752292156219e-02,2.357067763805389404e-01,-7.748262584209442139e-02,3.330816328525543213e-01,1.101433411240577698e-01,9.366725385189056396e-02,6.831089407205581665e-02,-4.607193171977996826e-02
-1.420942902565002441e+00,-1.308647274971008301e+00,9.935749769210815430e-01,1.529358699917793274e-02,3.556997515261173248e-03,9.998305439949035645e-01,-9.610300883650779724e-03,4.690066352486610413e-02,-3.048389963805675507e-02,1.458316445350646973e-01,5.329577922821044922e-01,-3.402526378631591797e-01,8.024151623249053955e-02,-4.854553043842315674e-01,4.132699221372604370e-02,-2.898500859737396240e-02,1.978538930416107178e-01,-3.805072978138923645e-02,1.143954973667860031e-02,-2.943478710949420929e-02,-2.933578193187713623e-01,2.514525949954986572e-01,-3.058047592639923096e-01,-4.882884025573730469e-01,7.694852072745561600e-03,2.542246282100677490e-01,-7.147221267223358154e-02,3.302706182003021240e-01,1.110750436782836914e-01,9.726792573928833008e-02,6.629425287246704102e-02,-4.667349532246589661e-02
-1.434313654899597168e+00,-1.308061599731445312e+00,9.926836490631103516e-01,1.564187183976173401e-02,3.512000897899270058e-03,9.998269677162170410e-01,-9.433310478925704956e-03,5.100847035646438599e-02,-2.771843597292900085e-02,1.470357179641723633e-01,5.515501499176025391e-01,-3.270649909973144531e-01,7.738113403320312500e-02,-4.879377782344818115e-01,4.449472576379776001e-02,-1.862444169819355011e-02,2.240466326475143433e-01,-1.914255507290363312e-02,-8.209443651139736176e-03,-3.016108460724353790e-02,-3.104149103164672852e-01,2.530405521392822266e-01,-3.082638680934906006e-01,-4.889492392539978027e-01,3.259390825405716896e-03,2.724293470382690430e-01,-6.560998409986495972e-02,3.283124268054962158e-01,1.116547659039497375e-01,1.015353351831436157e-01,6.452962756156921387e-02,-4.698897153139114380e-02
-1.448253035545349121e+00,-1.307357430458068848e+00,9.920079708099365234e-01,1.686455123126506805e-02,3.936213906854391098e-03,9.998030066490173340e-01,-9.696689434349536896e-03,5.377442762255668640e-02,-2.459232881665229797e-02,1.503343582153320312e-01,5.752007365226745605e-01,-3.055572509765625000e-01,7.693749666213989258e-02,-4.882331788539886475e-01,4.558658227324485779e-02,-8.592115715146064758e-03,2.523754239082336426e-01,9.583499195287004113e-05,-1.771874167025089264e-02,-3.066953830420970917e-02,-3.259972035884857178e-01,2.544985413551330566e-01,-3.111176192760467529e-01,-4.885120093822479248e-01,-1.446226844564080238e-03,2.900828719139099121e-01,-6.025082990527153015e-02,3.269392848014831543e-01,1.124483421444892883e-01,1.062250286340713501e-01,6.329720467329025269e-02,-4.711759462952613831e-02
-1.462170243263244629e+00,-1.306604743003845215e+00,9.913673400878906250e-01,1.778476312756538391e-02,4.223512485623359680e-03,9.997863769531250000e-01,-9.649311192333698273e-03,5.770687758922576904e-02,-2.169849723577499390e-02,1.526232212781906128e-01,5.950000286102294922e-01,-2.829443812370300293e-01,7.324426621198654175e-02,-4.888126850128173828e-01,4.674314334988594055e-02,1.011037966236472130e-03,2.791962027549743652e-01,1.494168490171432495e-02,-1.502227038145065308e-02,-3.047081455588340759e-02,-3.404476642608642578e-01,2.557621002197265625e-01,-3.141214549541473389e-01,-4.870830774307250977e-01,-5.773455835878849030e-03,3.071215152740478516e-01,-5.515347048640251160e-02,3.258869946002960205e-01,1.124358922243118286e-01,1.112195327877998352e-01,6.241824477910995483e-02,-4.702197387814521790e-02
-1.476410508155822754e+00,-1.305858492851257324e+00,9.910687804222106934e-01,1.864433288574218750e-02,4.572708625346422195e-03,9.997733831405639648e-01,-9.204132482409477234e-03,5.941107496619224548e-02,-1.845637522637844086e-02,1.555996388196945190e-01,6.177653074264526367e-01,-2.535474896430969238e-01,7.099521160125732422e-02,-4.887102544307708740e-01,4.699293896555900574e-02,8.631615899503231049e-03,3.033825755119323730e-01,2.724111080169677734e-02,-1.503817643970251083e-02,-2.970308437943458557e-02,-3.534438312053680420e-01,2.568323314189910889e-01,-3.173307180404663086e-01,-4.846763908863067627e-01,-9.764495305716991425e-03,3.230426907539367676e-01,-5.060444027185440063e-02,3.249378204345703125e-01,1.114625334739685059e-01,1.160540804266929626e-01,6.195044144988059998e-02,-4.700865969061851501e-02
-1.490881681442260742e+00,-1.304904699325561523e+00,9.910536408424377441e-01,1.936512626707553864e-02,5.002417135983705521e-03,9.997632503509521484e-01,-8.566509932279586792e-03,6.041726097464561462e-02,-1.481259614229202271e-02,1.594752967357635498e-01,6.398670077323913574e-01,-2.182479500770568848e-01,6.910610198974609375e-02,-4.877037703990936279e-01,4.569479823112487793e-02,9.279588237404823303e-03,3.259513378143310547e-01,4.034351930022239685e-02,-1.457866840064525604e-02,-2.728270925581455231e-02,-3.650209307670593262e-01,2.575537264347076416e-01,-3.205955624580383301e-01,-4.813718199729919434e-01,-1.335274800658226013e-02,3.378279805183410645e-01,-4.656863957643508911e-02,3.238130509853363037e-01,1.095423698425292969e-01,1.200728341937065125e-01,6.183553114533424377e-02,-4.711249470710754395e-02
-1.505429983139038086e+00,-1.304011583328247070e+00,9.912620782852172852e-01,2.073602564632892609e-02,5.448415409773588181e-03,9.997346401214599609e-01,-8.428286761045455933e-03,6.028711050748825073e-02,-1.024943310767412186e-02,1.652880311012268066e-01,6.635361313819885254e-01,-1.736807376146316528e-01,7.358865439891815186e-02,-4.841523468494415283e-01,4.161835089325904846e-02,3.138091647997498512e-03,3.479090034961700439e-01,5.420681834220886230e-02,-1.156316045671701431e-02,-2.476991154253482819e-02,-3.749156892299652100e-01,2.577091455459594727e-01,-3.238658010959625244e-01,-4.770478308200836182e-01,-1.617538370192050934e-02,3.515453040599822998e-01,-4.311364144086837769e-02,3.226044178009033203e-01,1.069586500525474548e-01,1.236515492200851440e-01,6.230292469263076782e-02,-4.727804288268089294e-02
-1.519978165626525879e+00,-1.302944064140319824e+00,9.917758107185363770e-01,2.220475859940052032e-02,5.708421580493450165e-03,9.996970295906066895e-01,-8.952982723712921143e-03,5.783983692526817322e-02,-4.100286401808261871e-03,1.720281541347503662e-01,6.880680322647094727e-01,-1.201755329966545105e-01,5.230691283941268921e-02,-4.789918661117553711e-01,3.648886084556579590e-02,-6.801316514611244202e-03,3.683907389640808105e-01,6.603557616472244263e-02,-6.942381616681814194e-03,-2.316598780453205109e-02,-3.830640614032745361e-01,2.573820054531097412e-01,-3.272962570190429688e-01,-4.715369343757629395e-01,-1.865633949637413025e-02,3.640379607677459717e-01,-4.021869972348213196e-02,3.210701644420623779e-01,1.034213155508041382e-01,1.264528930187225342e-01,6.314461678266525269e-02,-4.771479219198226929e-02
-1.534512162208557129e+00,-1.301844716072082520e+00,9.925267100334167480e-01,2.379375323653221130e-02,5.676023196429014206e-03,9.996479153633117676e-01,-1.027804519981145859e-02,5.238824337720870972e-02,3.983077593147754669e-03,1.755437254905700684e-01,7.159596681594848633e-01,-6.445230543613433838e-02,3.535608202219009399e-02,-4.711101353168487549e-01,3.258365765213966370e-02,-1.432756893336772919e-02,3.874498009681701660e-01,6.298504024744033813e-02,-1.432103849947452545e-02,-2.231214940547943115e-02,-3.896163702011108398e-01,2.564966678619384766e-01,-3.309137523174285889e-01,-4.644423127174377441e-01,-2.069986239075660706e-02,3.754873871803283691e-01,-3.782729431986808777e-02,3.193626701831817627e-01,9.888526797294616699e-02,1.289200633764266968e-01,6.440570205450057983e-02,-4.861089587211608887e-02
-1.548834562301635742e+00,-1.300695180892944336e+00,9.935691356658935547e-01,2.516501396894454956e-02,5.337172653526067734e-03,9.995957612991333008e-01,-1.210783701390028000e-02,4.174948483705520630e-02,1.416240166872739792e-02,1.770213842391967773e-01,7.496388554573059082e-01,-9.666990488767623901e-03,2.909725531935691833e-02,-4.622953832149505615e-01,3.153324499726295471e-02,-1.751275360584259033e-02,4.057875275611877441e-01,5.015593022108078003e-02,-2.765823341906070709e-02,-2.288955450057983398e-02,-3.946218788623809814e-01,2.550167143344879150e-01,-3.345567882061004639e-01,-4.557729959487915039e-01,-2.189222723245620728e-02,3.856690824031829834e-01,-3.591946512460708618e-02,3.177600204944610596e-01,9.299585968255996704e-02,1.313350796699523926e-01,6.588005274534225464e-02,-4.936706647276878357e-02
-1.562967300415039062e+00,-1.299740314483642578e+00,9.948551654815673828e-01,2.619297616183757782e-02,4.672844428569078445e-03,9.995620846748352051e-01,-1.295207813382148743e-02,2.678424678742885590e-02,2.416050992906093597e-02,1.762464493513107300e-01,7.882875800132751465e-01,5.522140488028526306e-02,2.809129655361175537e-02,-4.535546004772186279e-01,3.298545628786087036e-02,-1.843064837157726288e-02,4.231030642986297607e-01,3.526261448860168457e-02,-4.705040156841278076e-02,-2.286460809409618378e-02,-3.983187377452850342e-01,2.531231641769409180e-01,-3.383187353610992432e-01,-4.468617737293243408e-01,-2.297111041843891144e-02,3.942845761775970459e-01,-3.467331081628799438e-02,3.164733648300170898e-01,8.607442677021026611e-02,1.337843984365463257e-01,6.745801120996475220e-02,-5.012854933738708496e-02
-1.576878666877746582e+00,-1.298605799674987793e+00,9.963449835777282715e-01,2.708260715007781982e-02,3.811105620115995407e-03,9.995455145835876465e-01,-1.268072333186864853e-02,6.530371960252523422e-03,3.442190587520599365e-02,1.731819808483123779e-01,8.319910168647766113e-01,1.222414076328277588e-01,2.838127501308917999e-02,-4.438685774803161621e-01,3.557932376861572266e-02,-2.029630914330482483e-02,4.383814036846160889e-01,1.822312362492084503e-02,-5.931827425956726074e-02,-2.021098509430885315e-02,-4.007397294044494629e-01,2.509060204029083252e-01,-3.422495126724243164e-01,-4.377905428409576416e-01,-2.393550239503383636e-02,4.015327095985412598e-01,-3.393193706870079041e-02,3.156285285949707031e-01,7.886786758899688721e-02,1.357288062572479248e-01,6.910893321037292480e-02,-5.113335698843002319e-02
-1.590432167053222656e+00,-1.297432303428649902e+00,9.979156255722045898e-01,2.769086323678493500e-02,2.453591441735625267e-03,9.995351433753967285e-01,-1.251621916890144348e-02,-1.781979948282241821e-02,4.576729238033294678e-02,1.671847850084304810e-01,8.789315223693847656e-01,1.892614066600799561e-01,2.774531766772270203e-02,-4.337279796600341797e-01,3.883864730596542358e-02,-2.298120781779289246e-02,4.517402946949005127e-01,6.257160566747188568e-04,-6.464810669422149658e-02,-1.653766445815563202e-02,-4.010822772979736328e-01,2.484720647335052490e-01,-3.464292287826538086e-01,-4.256936609745025635e-01,-2.416273765265941620e-02,4.074215888977050781e-01,-3.353225812315940857e-02,3.149444758892059326e-01,7.109139114618301392e-02,1.372242569923400879e-01,7.069744914770126343e-02,-5.212663859128952026e-02
-1.603552222251892090e+00,-1.296193718910217285e+00,9.991497397422790527e-01,2.866554819047451019e-02,1.189054339192807674e-03,9.995110034942626953e-01,-1.243426650762557983e-02,-4.748553782701492310e-02,5.784330889582633972e-02,1.588168591260910034e-01,9.308515191078186035e-01,2.562814056873321533e-01,3.158232569694519043e-02,-4.229633510112762451e-01,4.199579730629920959e-02,-2.646477892994880676e-02,4.647262692451477051e-01,-1.743650063872337341e-02,-7.239878177642822266e-02,-1.206352282315492630e-02,-3.998296260833740234e-01,2.455805093050003052e-01,-3.512448072433471680e-01,-4.124897718429565430e-01,-2.449653670191764832e-02,4.114999771118164062e-01,-3.382257744669914246e-02,3.149967193603515625e-01,6.182017177343368530e-02,1.397037804126739502e-01,7.231310755014419556e-02,-5.349431559443473816e-02
-1.616304516792297363e+00,-1.295146226882934570e+00,1.000285983085632324e+00,2.961053885519504547e-02,2.222148323198780417e-04,9.994902014732360840e-01,-1.193660032004117966e-02,-8.035812526941299438e-02,6.864754110574722290e-02,1.489932239055633545e-01,9.827715158462524414e-01,3.233014047145843506e-01,3.316434100270271301e-02,-4.115833044052124023e-01,4.415542632341384888e-02,-3.084695525467395782e-02,4.754307270050048828e-01,-3.577089682221412659e-02,-7.830262929201126099e-02,-6.985121872276067734e-03,-3.972993493080139160e-01,2.422857880592346191e-01,-3.568114340305328369e-01,-3.990127146244049072e-01,-2.505084499716758728e-02,4.139595627784729004e-01,-3.493683040142059326e-02,3.156742155551910400e-01,5.150262266397476196e-02,1.428873986005783081e-01,7.387897372245788574e-02,-5.493288487195968628e-02
-1.628714919090270996e+00,-1.294122338294982910e+00,1.001414656639099121e+00,3.055157139897346497e-02,-9.897229028865695000e-04,9.994580745697021484e-01,-1.221584063023328781e-02,-1.178652346134185791e-01,7.969813048839569092e-02,1.357728838920593262e-01,1.034405112266540527e+00,3.903214037418365479e-01,3.548849374055862427e-02,-3.989336788654327393e-01,4.592664539813995361e-02,-3.734269738197326660e-02,4.834257662296295166e-01,-5.398348346352577209e-02,-8.264885097742080688e-02,-2.551680197939276695e-03,-3.935793638229370117e-01,2.386426627635955811e-01,-3.630102276802062988e-01,-3.851797580718994141e-01,-2.589662745594978333e-02,4.150758385658264160e-01,-3.656077012419700623e-02,3.166446983814239502e-01,4.063319042325019836e-02,1.460943818092346191e-01,7.539125531911849976e-02,-5.650795623660087585e-02
-1.641018629074096680e+00,-1.293215036392211914e+00,1.002543568611145020e+00,3.055440075695514679e-02,-2.518270863220095634e-03,9.994410276412963867e-01,-1.332892198115587234e-02,-1.525138616561889648e-01,9.084375947713851929e-02,1.235414445400238037e-01,1.074430704116821289e+00,4.313525855541229248e-01,3.665766119956970215e-02,-3.865981101989746094e-01,4.737506434321403503e-02,-4.610379412770271301e-02,4.887273013591766357e-01,-7.272653281688690186e-02,-8.574134111404418945e-02,1.174332428490743041e-04,-3.888339400291442871e-01,2.347532212734222412e-01,-3.701844513416290283e-01,-3.706150949001312256e-01,-2.727109380066394806e-02,4.146932065486907959e-01,-3.872871026396751404e-02,3.181153535842895508e-01,2.826776541769504547e-02,1.495554149150848389e-01,7.678430527448654175e-02,-5.835083499550819397e-02
-1.653139114379882812e+00,-1.292387485504150391e+00,1.003823280334472656e+00,3.021493926644325256e-02,-4.128110129386186600e-03,9.994294643402099609e-01,-1.451945677399635315e-02,-1.864603757858276367e-01,1.016376614570617676e-01,1.128031983971595764e-01,1.111748456954956055e+00,4.268294572830200195e-01,4.063520208001136780e-02,-3.733826279640197754e-01,4.934502765536308289e-02,-5.413997173309326172e-02,4.905231893062591553e-01,-8.961036056280136108e-02,-8.790632337331771851e-02,1.818609773181378841e-03,-3.832700550556182861e-01,2.308290153741836548e-01,-3.776943385601043701e-01,-3.561905324459075928e-01,-2.894151210784912109e-02,4.126062691211700439e-01,-4.137005284428596497e-02,3.198680877685546875e-01,1.482993736863136292e-02,1.528458595275878906e-01,7.796716690063476562e-02,-6.020960584282875061e-02
-1.665196180343627930e+00,-1.291646838188171387e+00,1.005223512649536133e+00,2.990190312266349792e-02,-5.340069998055696487e-03,9.994159340858459473e-01,-1.565645076334476471e-02,-2.198621779680252075e-01,1.131085306406021118e-01,1.055527776479721069e-01,1.146843075752258301e+00,3.915372788906097412e-01,5.014454573392868042e-02,-3.596720397472381592e-01,5.072064697742462158e-02,-6.126214563846588135e-02,4.910552203655242920e-01,-1.048778071999549866e-01,-8.909678459167480469e-02,3.398450091481208801e-03,-3.767478764057159424e-01,2.269608080387115479e-01,-3.852880001068115234e-01,-3.423384130001068115e-01,-3.061403334140777588e-02,4.089836180210113525e-01,-4.448786750435829163e-02,3.221743702888488770e-01,1.802259823307394981e-03,1.562623828649520874e-01,7.896094769239425659e-02,-6.189841777086257935e-02
-1.677289962768554688e+00,-1.291090726852416992e+00,1.006663203239440918e+00,2.965725399553775787e-02,-6.245219148695468903e-03,9.994139075279235840e-01,-1.591387763619422913e-02,-2.551573216915130615e-01,1.244067475199699402e-01,1.001287251710891724e-01,1.179141044616699219e+00,3.447536826133728027e-01,7.463269680738449097e-02,-3.456522822380065918e-01,5.196641013026237488e-02,-6.700694561004638672e-02,4.908092021942138672e-01,-1.188015863299369812e-01,-8.951261639595031738e-02,5.602572113275527954e-03,-3.693055808544158936e-01,2.232621014118194580e-01,-3.926681280136108398e-01,-3.291332423686981201e-01,-3.219906985759735107e-02,4.038713872432708740e-01,-4.810471832752227783e-02,3.248535692691802979e-01,-1.077142078429460526e-02,1.595378071069717407e-01,7.985848188400268555e-02,-6.337505578994750977e-02
-1.689378261566162109e+00,-1.290734767913818359e+00,1.008048057556152344e+00,2.955698221921920776e-02,-6.860504858195781708e-03,9.994242191314697266e-01,-1.518251281231641769e-02,-2.896050810813903809e-01,1.330747455358505249e-01,9.518291801214218140e-02,1.205040335655212402e+00,2.990018129348754883e-01,1.051516681909561157e-01,-3.314419388771057129e-01,5.315043404698371887e-02,-7.097364962100982666e-02,4.902749955654144287e-01,-1.323908716440200806e-01,-8.923776447772979736e-02,8.149597793817520142e-03,-3.606939613819122314e-01,2.197042405605316162e-01,-3.996435999870300293e-01,-3.157223463058471680e-01,-3.341312706470489502e-02,3.972446918487548828e-01,-5.240927264094352722e-02,3.281487226486206055e-01,-2.340153232216835022e-02,1.631607115268707275e-01,8.074782788753509521e-02,-6.454732269048690796e-02
-1.701579332351684570e+00,-1.290457248687744141e+00,1.009519577026367188e+00,2.900783345103263855e-02,-7.201221305876970291e-03,9.994542598724365234e-01,-1.406874600797891617e-02,-3.225407898426055908e-01,1.380279511213302612e-01,8.934538066387176514e-02,1.222702383995056152e+00,2.547562718391418457e-01,1.312070339918136597e-01,-3.174385726451873779e-01,5.422032997012138367e-02,-7.345454394817352295e-02,4.883540868759155273e-01,-1.452192813158035278e-01,-8.848290890455245972e-02,1.118330750614404678e-02,-3.510145843029022217e-01,2.162175029516220093e-01,-4.060903489589691162e-01,-3.018555343151092529e-01,-3.424000740051269531e-02,3.890238702297210693e-01,-5.742849037051200867e-02,3.320515453815460205e-01,-3.644692897796630859e-02,1.670017987489700317e-01,8.168888092041015625e-02,-6.543945521116256714e-02
-1.713557243347167969e+00,-1.290045022964477539e+00,1.010712146759033203e+00,2.834523096680641174e-02,-7.648295722901821136e-03,9.994788169860839844e-01,-1.342306192964315414e-02,-3.579093515872955322e-01,1.412591785192489624e-01,8.189329504966735840e-02,1.240545868873596191e+00,2.030519843101501465e-01,1.534891873598098755e-01,-3.031103312969207764e-01,5.555562302470207214e-02,-7.634862512350082397e-02,4.851395785808563232e-01,-1.584996432065963745e-01,-8.774336427450180054e-02,1.328397169709205627e-02,-3.368737399578094482e-01,2.107938677072525024e-01,-4.149809777736663818e-01,-2.718132436275482178e-01,-3.545729070901870728e-02,3.766670525074005127e-01,-6.586744636297225952e-02,3.380507528781890869e-01,-6.507616490125656128e-02,1.756244897842407227e-01,8.398543298244476318e-02,-6.707739830017089844e-02
-1.725945949554443359e+00,-1.289925217628479004e+00,1.012100219726562500e+00,2.802641876041889191e-02,-7.574829272925853729e-03,9.995064139366149902e-01,-1.200339384377002716e-02,-3.864251673221588135e-01,1.373907923698425293e-01,7.179598510265350342e-02,1.243600487709045410e+00,1.647812575101852417e-01,1.607031226158142090e-01,-2.877413630485534668e-01,5.607752501964569092e-02,-7.729985564947128296e-02,4.815481603145599365e-01,-1.703737229108810425e-01,-8.694498986005783081e-02,1.527830027043819427e-02,-3.227941691875457764e-01,2.051257938146591187e-01,-4.226157963275909424e-01,-2.448969036340713501e-01,-3.522314876317977905e-02,3.638563752174377441e-01,-7.522162050008773804e-02,3.441138565540313721e-01,-8.968658000230789185e-02,1.834816187620162964e-01,8.629276603460311890e-02,-6.794769316911697388e-02
-1.738262891769409180e+00,-1.289610028266906738e+00,1.013539195060729980e+00,2.770612947642803192e-02,-7.071058265864849091e-03,9.995346665382385254e-01,-1.062333211302757263e-02,-4.141369760036468506e-01,1.295954883098602295e-01,5.958950892090797424e-02,1.240655064582824707e+00,1.277392953634262085e-01,1.652273237705230713e-01,-2.718835175037384033e-01,5.599024519324302673e-02,-7.779623568058013916e-02,4.766440689563751221e-01,-1.815859973430633545e-01,-8.655638247728347778e-02,1.711355149745941162e-02,-3.081336915493011475e-01,1.992235630750656128e-01,-4.296589195728302002e-01,-2.201972007751464844e-01,-3.427981585264205933e-02,3.501144349575042725e-01,-8.544452488422393799e-02,3.502846956253051758e-01,-1.121680736541748047e-01,1.906545609235763550e-01,8.877979964017868042e-02,-6.805826723575592041e-02
-1.750706911087036133e+00,-1.289355039596557617e+00,1.014760375022888184e+00,2.704210765659809113e-02,-6.711785681545734406e-03,9.995656013488769531e-01,-9.604834020137786865e-03,-4.402970373630523682e-01,1.182177290320396423e-01,4.426405578851699829e-02,1.230522513389587402e+00,9.445168823003768921e-02,1.712022721767425537e-01,-2.564635574817657471e-01,5.597745999693870544e-02,-7.889544218778610229e-02,4.715923666954040527e-01,-1.929079443216323853e-01,-8.684507757425308228e-02,1.885275170207023621e-02,-2.928289175033569336e-01,1.932119727134704590e-01,-4.361584484577178955e-01,-1.968193203210830688e-01,-3.263391181826591492e-02,3.351731300354003906e-01,-9.633794426918029785e-02,3.564418256282806396e-01,-1.335613578557968140e-01,1.973288208246231079e-01,9.109747409820556641e-02,-6.763865798711776733e-02
-1.763203859329223633e+00,-1.289267063140869141e+00,1.015765786170959473e+00,2.624955773353576660e-02,-6.431901827454566956e-03,9.995926618576049805e-01,-9.168661199510097504e-03,-4.661622941493988037e-01,1.045121774077415466e-01,2.672729268670082092e-02,1.216128945350646973e+00,6.325718760490417480e-02,1.737055480480194092e-01,-2.413047254085540771e-01,5.557754263281822205e-02,-8.131617307662963867e-02,4.667846262454986572e-01,-2.045390605926513672e-01,-8.817669749259948730e-02,1.997228339314460754e-02,-2.767204642295837402e-01,1.870397329330444336e-01,-4.423988759517669678e-01,-1.742693185806274414e-01,-3.058553487062454224e-02,3.189960718154907227e-01,-1.077934503555297852e-01,3.626031577587127686e-01,-1.545438915491104126e-01,2.037217617034912109e-01,9.327448159456253052e-02,-6.706080585718154907e-02
-1.775803685188293457e+00,-1.289066672325134277e+00,1.016578316688537598e+00,2.516983076930046082e-02,-6.161843426525592804e-03,9.996251463890075684e-01,-8.837994188070297241e-03,-4.895286262035369873e-01,8.959372341632843018e-02,8.471017703413963318e-03,1.194907665252685547e+00,3.423308953642845154e-02,1.743228733539581299e-01,-2.265405058860778809e-01,5.535666272044181824e-02,-8.375547081232070923e-02,4.618343710899353027e-01,-2.161339223384857178e-01,-8.815581351518630981e-02,1.928610168397426605e-02,-2.597295641899108887e-01,1.809056848287582397e-01,-4.482769370079040527e-01,-1.522520929574966431e-01,-2.811747416853904724e-02,3.013000190258026123e-01,-1.196355745196342468e-01,3.682953119277954102e-01,-1.753911972045898438e-01,2.091822773218154907e-01,9.523104131221771240e-02,-6.598130613565444946e-02
-1.788522362709045410e+00,-1.289008975028991699e+00,1.017152070999145508e+00,2.376672811806201935e-02,-6.062479689717292786e-03,9.996569156646728516e-01,-9.187045507133007050e-03,-5.115965008735656738e-01,7.482467591762542725e-02,-9.038721211254596710e-03,1.168271899223327637e+00,9.287999011576175690e-03,1.743209511041641235e-01,-2.124452441930770874e-01,5.488173291087150574e-02,-8.793544024229049683e-02,4.572553038597106934e-01,-2.275881916284561157e-01,-8.852872252464294434e-02,1.829785667359828949e-02,-2.420663386583328247e-01,1.747036278247833252e-01,-4.538321197032928467e-01,-1.310656815767288208e-01,-2.596368826925754547e-02,2.822397649288177490e-01,-1.318206042051315308e-01,3.736347556114196777e-01,-1.960882097482681274e-01,2.138949483633041382e-01,9.673719853162765503e-02,-6.480764597654342651e-02
-1.801280379295349121e+00,-1.288924932479858398e+00,1.017367601394653320e+00,2.215807139873504639e-02,-6.006352603435516357e-03,9.996880888938903809e-01,-9.834849275648593903e-03,-5.307601690292358398e-01,6.142162904143333435e-02,-2.434891276061534882e-02,1.134811043739318848e+00,-1.146473363041877747e-02,1.731285899877548218e-01,-1.985871046781539917e-01,5.458923429250717163e-02,-9.276958554983139038e-02,4.523126780986785889e-01,-2.386424094438552856e-01,-9.104946255683898926e-02,1.476538088172674179e-02,-2.230609059333801270e-01,1.677318215370178223e-01,-4.588817656040191650e-01,-1.037355884909629822e-01,-2.190407738089561462e-02,2.612695395946502686e-01,-1.453639268875122070e-01,3.790249526500701904e-01,-2.236096560955047607e-01,2.202023118734359741e-01,9.798383712768554688e-02,-6.203190237283706665e-02
-1.814180016517639160e+00,-1.289041996002197266e+00,1.017269611358642578e+00,2.075919508934020996e-02,-6.036422681063413620e-03,9.997099637985229492e-01,-1.061178930103778839e-02,-5.460341572761535645e-01,5.126032233238220215e-02,-3.419891744852066040e-02,1.094331979751586914e+00,-2.646972984075546265e-02,1.723115742206573486e-01,-1.829045116901397705e-01,5.419138073921203613e-02,-9.894745796918869019e-02,4.450289309024810791e-01,-2.500527799129486084e-01,-9.548955410718917847e-02,1.199257932603359222e-02,-2.035742551088333130e-01,1.606847345829010010e-01,-4.632913768291473389e-01,-8.045560866594314575e-02,-1.819958165287971497e-02,2.396199554204940796e-01,-1.589001566171646118e-01,3.836014270782470703e-01,-2.474794238805770874e-01,2.242393195629119873e-01,9.838317334651947021e-02,-5.923951044678688049e-02
-1.827090024948120117e+00,-1.289118766784667969e+00,1.017228245735168457e+00,1.971170678734779358e-02,-5.960889626294374466e-03,9.997317194938659668e-01,-1.060295943170785904e-02,-5.605974197387695312e-01,4.163849353790283203e-02,-4.272914305329322815e-02,1.054625034332275391e+00,-4.212915897369384766e-02,1.725196242332458496e-01,-1.662282049655914307e-01,5.411620810627937317e-02,-1.039810851216316223e-01,4.370208382606506348e-01,-2.609462738037109375e-01,-1.002013012766838074e-01,1.085751131176948547e-02,-1.833354085683822632e-01,1.536384820938110352e-01,-4.671425819396972656e-01,-5.933162942528724670e-02,-1.484468299895524979e-02,2.172542214393615723e-01,-1.723395437002182007e-01,3.876625895500183105e-01,-2.688447535037994385e-01,2.269396483898162842e-01,9.839973598718643188e-02,-5.643976852297782898e-02
-1.840108633041381836e+00,-1.289339184761047363e+00,1.016966342926025391e+00,1.842587999999523163e-02,-5.938770715147256851e-03,9.997562766075134277e-01,-1.061338186264038086e-02,-5.714773535728454590e-01,3.487869724631309509e-02,-4.621189460158348083e-02,1.007426619529724121e+00,-5.503969267010688782e-02,1.653918474912643433e-01,-1.520745009183883667e-01,5.337547510862350464e-02,-1.092921569943428040e-01,4.333415031433105469e-01,-2.727884352207183838e-01,-9.872967749834060669e-02,8.034852333366870880e-03,-1.623588353395462036e-01,1.465961188077926636e-01,-4.703843295574188232e-01,-3.994910791516304016e-02,-1.164685003459453583e-02,1.938431710004806519e-01,-1.855035722255706787e-01,3.911714255809783936e-01,-2.884520590305328369e-01,2.284833043813705444e-01,9.799462556838989258e-02,-5.314626172184944153e-02
-1.853463649749755859e+00,-1.289583683013916016e+00,1.016478896141052246e+00,1.731317490339279175e-02,-5.915917456150054932e-03,9.997825622558593750e-01,-1.000307872891426086e-02,-5.784959793090820312e-01,3.017830103635787964e-02,-4.582437872886657715e-02,9.542331695556640625e-01,-6.122387945652008057e-02,1.621423810720443726e-01,-1.385986208915710449e-01,5.278090015053749084e-02,-1.135429292917251587e-01,4.319908618927001953e-01,-2.842153906822204590e-01,-9.754488617181777954e-02,6.362438667565584183e-03,-1.405902057886123657e-01,1.396007239818572998e-01,-4.724159240722656250e-01,-2.109775505959987640e-02,-7.250330410897731781e-03,1.697135120630264282e-01,-1.983470171689987183e-01,3.942935764789581299e-01,-3.068073391914367676e-01,2.291993647813796997e-01,9.704060852527618408e-02,-4.970565438270568848e-02
-1.866822361946105957e+00,-1.289667010307312012e+00,1.015745162963867188e+00,1.602233387529850006e-02,-5.935300607234239578e-03,9.998121857643127441e-01,-9.145574644207954407e-03,-5.830705165863037109e-01,2.679498121142387390e-02,-4.269664734601974487e-02,8.963878154754638672e-01,-6.617285311222076416e-02,1.566165983676910400e-01,-1.250004917383193970e-01,5.273717269301414490e-02,-1.182308271527290344e-01,4.293206036090850830e-01,-2.946051657199859619e-01,-1.005095317959785461e-01,5.658302921801805496e-03,-1.180377006530761719e-01,1.327189952135086060e-01,-4.741361737251281738e-01,-3.600635798647999763e-03,-3.123671282082796097e-03,1.448075473308563232e-01,-2.108471542596817017e-01,3.971274197101593018e-01,-3.247242271900177002e-01,2.293918728828430176e-01,9.581619501113891602e-02,-4.595259577035903931e-02
-1.880485773086547852e+00,-1.289948105812072754e+00,1.014789700508117676e+00,1.487791165709495544e-02,-5.928051192313432693e-03,9.998382329940795898e-01,-8.189219050109386444e-03,-5.854136347770690918e-01,2.396607398986816406e-02,-3.738066926598548889e-02,8.354880809783935547e-01,-6.715617328882217407e-02,1.495748907327651978e-01,-1.110145151615142822e-01,5.225726589560508728e-02,-1.226800978183746338e-01,4.269365072250366211e-01,-3.046805560588836670e-01,-1.026146858930587769e-01,5.475318059325218201e-03,-9.482952207326889038e-02,1.258426457643508911e-01,-4.749758541584014893e-01,1.305638998746871948e-02,2.013818128034472466e-03,1.195019930601119995e-01,-2.229150533676147461e-01,3.998075723648071289e-01,-3.414098322391510010e-01,2.290173619985580444e-01,9.443613141775131226e-02,-4.233170673251152039e-02
-1.894172906875610352e+00,-1.290188550949096680e+00,1.013572931289672852e+00,1.373026706278324127e-02,-5.943634547293186188e-03,9.998621940612792969e-01,-7.190361153334379196e-03,-5.863273143768310547e-01,2.080142870545387268e-02,-3.166018426418304443e-02,7.719708085060119629e-01,-6.437962502241134644e-02,1.400586664676666260e-01,-9.739919751882553101e-02,5.206162482500076294e-02,-1.255440115928649902e-01,4.263963401317596436e-01,-3.161648809909820557e-01,-1.006463319063186646e-01,5.330894608050584793e-03,-7.094145566225051880e-02,1.189426407217979431e-01,-4.752863347530364990e-01,2.929262444376945496e-02,6.667401175945997238e-03,9.378170222043991089e-02,-2.345421016216278076e-01,4.022896885871887207e-01,-3.571960330009460449e-01,2.279509752988815308e-01,9.286514669656753540e-02,-3.880315646529197693e-02
-1.908243656158447266e+00,-1.290305495262145996e+00,1.012198567390441895e+00,1.260663941502571106e-02,-5.869541782885789871e-03,9.998855590820312500e-01,-5.955160129815340042e-03,-5.842860341072082520e-01,1.780874468386173248e-02,-2.397542446851730347e-02,7.047690153121948242e-01,-6.178255751729011536e-02,1.302569806575775146e-01,-8.307517319917678833e-02,5.167791247367858887e-02,-1.284088790416717529e-01,4.248463809490203857e-01,-3.283387422561645508e-01,-9.964724630117416382e-02,5.044141784310340881e-03,-4.617907851934432983e-02,1.116539984941482544e-01,-4.751385152339935303e-01,4.739708080887794495e-02,1.290217787027359009e-02,6.756550073623657227e-02,-2.460606694221496582e-01,4.048788547515869141e-01,-3.747700750827789307e-01,2.256150990724563599e-01,9.059153497219085693e-02,-3.450831770896911621e-02
-1.922440767288208008e+00,-1.290579319000244141e+00,1.010675430297851562e+00,1.171525474637746811e-02,-5.761392880231142044e-03,9.999042153358459473e-01,-4.592875018715858459e-03,-5.812436342239379883e-01,1.321580633521080017e-02,-1.785143837332725525e-02,6.383968591690063477e-01,-6.371712684631347656e-02,1.201888173818588257e-01,-6.891907751560211182e-02,5.094935745000839233e-02,-1.300497204065322876e-01,4.247054755687713623e-01,-3.399438261985778809e-01,-9.536333382129669189e-02,5.397751927375793457e-03,-2.105868048965930939e-02,1.041385978460311890e-01,-4.746024906635284424e-01,6.352703273296356201e-02,1.952572539448738098e-02,4.136275127530097961e-02,-2.571553587913513184e-01,4.074732959270477295e-01,-3.898639082908630371e-01,2.233369350433349609e-01,8.849281817674636841e-02,-3.035944327712059021e-02
-1.936828374862670898e+00,-1.290771007537841797e+00,1.009026646614074707e+00,1.074788440018892288e-02,-5.520712118595838547e-03,9.999220967292785645e-01,-3.130707656964659691e-03,-5.763322114944458008e-01,6.689352914690971375e-03,-1.449500396847724915e-02,5.710153579711914062e-01,-6.980436295270919800e-02,1.090536788105964661e-01,-5.447392165660858154e-02,4.985908791422843933e-02,-1.321868598461151123e-01,4.238834977149963379e-01,-3.511747121810913086e-01,-9.270264208316802979e-02,6.198662798851728439e-03,4.485420417040586472e-03,9.636344015598297119e-02,-4.738730788230895996e-01,7.865379005670547485e-02,2.605783008038997650e-02,1.518926676362752914e-02,-2.678984105587005615e-01,4.102306962013244629e-01,-4.029085636138916016e-01,2.210350632667541504e-01,8.628249168395996094e-02,-2.699800021946430206e-02
-1.951321125030517578e+00,-1.291048645973205566e+00,1.007084965705871582e+00,1.013035792857408524e-02,-5.251930560916662216e-03,9.999337196350097656e-01,-1.520587597042322159e-03,-5.706348419189453125e-01,-1.018117880448698997e-03,-1.348764076828956604e-02,5.053082704544067383e-01,-7.907492667436599731e-02,9.604746848344802856e-02,-3.984520956873893738e-02,4.834596812725067139e-02,-1.346100568771362305e-01,4.245620667934417725e-01,-3.625963330268859863e-01,-8.952067047357559204e-02,6.655301433056592941e-03,3.023345395922660828e-02,8.855620026588439941e-02,-4.731010496616363525e-01,9.073295444250106812e-02,3.115171007812023163e-02,-1.057959161698818207e-02,-2.778944969177246094e-01,4.129341542720794678e-01,-4.130556583404541016e-01,2.189432084560394287e-01,8.457328379154205322e-02,-2.416497841477394104e-02
-1.965832829475402832e+00,-1.291186213493347168e+00,1.005012512207031250e+00,9.490349330008029938e-03,-4.867843817919492722e-03,9.999430775642395020e-01,-2.454275963827967644e-04,-5.646629333496093750e-01,-9.388269856572151184e-03,-1.456909999251365662e-02,4.413776993751525879e-01,-8.832243829965591431e-02,7.683693617582321167e-02,-2.522880956530570984e-02,4.670191183686256409e-02,-1.370951235294342041e-01,4.252827167510986328e-01,-3.738748133182525635e-01,-8.754123002290725708e-02,6.018216256052255630e-03,5.654215440154075623e-02,8.029501140117645264e-02,-4.724922180175781250e-01,1.028042733669281006e-01,3.592744469642639160e-02,-3.641540184617042542e-02,-2.875055670738220215e-01,4.158913791179656982e-01,-4.224570095539093018e-01,2.169169336557388306e-01,8.279909193515777588e-02,-2.088258601725101471e-02
-1.980589985847473145e+00,-1.291631102561950684e+00,1.002948999404907227e+00,9.033540263772010803e-03,-4.501170944422483444e-03,9.999485015869140625e-01,1.058190595358610153e-03,-5.574532151222229004e-01,-1.764067076146602631e-02,-1.665499806404113770e-02,3.797999918460845947e-01,-9.690560400485992432e-02,5.401108413934707642e-02,-1.161275338381528854e-02,4.351833090186119080e-02,-1.421498954296112061e-01,4.291243553161621094e-01,-3.833252489566802979e-01,-8.270142227411270142e-02,5.327712744474411011e-03,8.327688276767730713e-02,7.166215032339096069e-02,-4.724741876125335693e-01,1.144652515649795532e-01,3.991653397679328918e-02,-6.214572861790657043e-02,-2.966023981571197510e-01,4.188955426216125488e-01,-4.301952421665191650e-01,2.147053927183151245e-01,8.061999082565307617e-02,-1.771008968353271484e-02
-1.995273351669311523e+00,-1.292100548744201660e+00,1.000897288322448730e+00,8.649233728647232056e-03,-4.184189252555370331e-03,9.999516010284423828e-01,2.123607089743018150e-03,-5.488631725311279297e-01,-2.538081072270870209e-02,-1.968370750546455383e-02,3.204098641872406006e-01,-1.046563312411308289e-01,3.081358782947063446e-02,1.981324516236782074e-03,4.090353846549987793e-02,-1.467722952365875244e-01,4.328915178775787354e-01,-3.901572823524475098e-01,-7.842461764812469482e-02,3.321506548672914505e-03,1.102416515350341797e-01,6.258708983659744263e-02,-4.729613661766052246e-01,1.255138516426086426e-01,4.229654744267463684e-02,-8.774858713150024414e-02,-3.051258027553558350e-01,4.221598505973815918e-01,-4.372145533561706543e-01,2.124871611595153809e-01,7.823117077350616455e-02,-1.429278310388326645e-02
-2.010022878646850586e+00,-1.292644023895263672e+00,9.989219903945922852e-01,8.296935819089412689e-03,-3.929836675524711609e-03,9.999524950981140137e-01,3.273747861385345459e-03,-5.406376719474792480e-01,-3.186792507767677307e-02,-2.480922266840934753e-02,2.663604915142059326e-01,-1.130641400814056396e-01,1.215838640928268433e-02,1.539687905460596085e-02,3.850127384066581726e-02,-1.500828713178634644e-01,4.370210468769073486e-01,-3.958269953727722168e-01,-7.237526774406433105e-02,1.091697486117482185e-03,1.372201889753341675e-01,5.320474132895469666e-02,-4.739190340042114258e-01,1.349507868289947510e-01,4.362716898322105408e-02,-1.130012050271034241e-01,-3.128792345523834229e-01,4.257034957408905029e-01,-4.427246153354644775e-01,2.099769264459609985e-01,7.557802647352218628e-02,-1.077426783740520477e-02
-2.024631261825561523e+00,-1.293322801589965820e+00,9.970255494117736816e-01,7.848630659282207489e-03,-3.869651118293404579e-03,9.999508857727050781e-01,4.656640347093343735e-03,-5.319868922233581543e-01,-3.687333688139915466e-02,-3.119234740734100342e-02,2.184203714132308960e-01,-1.215161755681037903e-01,1.316905254498124123e-03,2.721727080643177032e-02,3.622209280729293823e-02,-1.522354036569595337e-01,4.433502852916717529e-01,-3.990617990493774414e-01,-6.862396001815795898e-02,-1.176386256702244282e-03,1.640710681676864624e-01,4.373161494731903076e-02,-4.751929640769958496e-01,1.420736312866210938e-01,4.367314279079437256e-02,-1.378343105316162109e-01,-3.198761343955993652e-01,4.295656681060791016e-01,-4.470141530036926270e-01,2.077636569738388062e-01,7.257568091154098511e-02,-7.298431824892759323e-03
-2.039226770401000977e+00,-1.294145584106445312e+00,9.951720833778381348e-01,7.576331961899995804e-03,-3.993698395788669586e-03,9.999445676803588867e-01,6.127216387540102005e-03,-5.258418321609497070e-01,-4.071300104260444641e-02,-3.598073124885559082e-02,1.818429380655288696e-01,-1.297175437211990356e-01,-7.831274415366351604e-04,3.784400969743728638e-02,3.405074775218963623e-02,-1.544889807701110840e-01,4.521639347076416016e-01,-3.988977968692779541e-01,-6.479039788246154785e-02,-3.224818967282772064e-03,1.907029300928115845e-01,3.429602831602096558e-02,-4.765781164169311523e-01,1.481664776802062988e-01,4.182045534253120422e-02,-1.621656417846679688e-01,-3.258146643638610840e-01,4.334057867527008057e-01,-4.497708082199096680e-01,2.046966254711151123e-01,6.946584582328796387e-02,-3.365346696227788925e-03
-2.053721666336059570e+00,-1.294981122016906738e+00,9.933320283889770508e-01,7.478878367692232132e-03,-4.441828001290559769e-03,9.999364614486694336e-01,7.169313728809356689e-03,-5.188608765602111816e-01,-4.335146769881248474e-02,-3.577420115470886230e-02,1.552270352840423584e-01,-1.355640143156051636e-01,-7.807611487805843353e-03,4.814406856894493103e-02,3.239896893501281738e-02,-1.573921591043472290e-01,4.618646204471588135e-01,-3.975285589694976807e-01,-5.914990231394767761e-02,-5.730971228331327438e-03,2.169157117605209351e-01,2.508424781262874603e-02,-4.777428805828094482e-01,1.525534242391586304e-01,3.900904208421707153e-02,-1.856366097927093506e-01,-3.307559788227081299e-01,4.374910593032836914e-01,-4.503528475761413574e-01,2.012477070093154907e-01,6.649828702211380005e-02,6.275263731367886066e-04
-2.068237781524658203e+00,-1.295950293540954590e+00,9.917353391647338867e-01,7.464823313057422638e-03,-5.125027149915695190e-03,9.999262094497680664e-01,8.096280507743358612e-03,-5.183185935020446777e-01,-4.512427747249603271e-02,-3.219144046306610107e-02,1.464305371046066284e-01,-1.386504471302032471e-01,-2.185821719467639923e-02,5.668283998966217041e-02,3.088242560625076294e-02,-1.587014496326446533e-01,4.748562276363372803e-01,-3.915603756904602051e-01,-5.307598784565925598e-02,-8.238643407821655273e-03,2.371482551097869873e-01,1.819167286157608032e-02,-4.783674478530883789e-01,1.548873037099838257e-01,3.842996433377265930e-02,-2.034642696380615234e-01,-3.338932096958160400e-01,4.405579268932342529e-01,-4.511836469173431396e-01,1.998824924230575562e-01,6.556655466556549072e-02,1.721448381431400776e-03
-2.082627773284912109e+00,-1.296839475631713867e+00,9.901446104049682617e-01,7.646150887012481689e-03,-5.619895178824663162e-03,9.999192357063293457e-01,8.453229442238807678e-03,-5.165196657180786133e-01,-4.671773314476013184e-02,-2.500787004828453064e-02,1.464472115039825439e-01,-1.398035734891891479e-01,-3.816207125782966614e-02,6.502781808376312256e-02,2.934162691235542297e-02,-1.601791381835937500e-01,4.883714914321899414e-01,-3.837860226631164551e-01,-4.766757413744926453e-02,-1.070842333137989044e-02,2.579846978187561035e-01,1.118007674813270569e-02,-4.787133336067199707e-01,1.578492075204849243e-01,3.778171911835670471e-02,-2.212202399969100952e-01,-3.365939259529113770e-01,4.437094628810882568e-01,-4.518000185489654541e-01,1.979118734598159790e-01,6.438051164150238037e-02,3.084760624915361404e-03
-2.097020864486694336e+00,-1.297812938690185547e+00,9.889855384826660156e-01,8.140741847455501556e-03,-5.621846299618482590e-03,9.999092221260070801e-01,9.146352298557758331e-03,-5.137913227081298828e-01,-4.753801599144935608e-02,-2.171110734343528748e-02,1.572180688381195068e-01,-1.316525340080261230e-01,-3.698604926466941833e-02,7.204318791627883911e-02,2.619371376931667328e-02,-1.606199443340301514e-01,5.047382116317749023e-01,-3.710244596004486084e-01,-4.085425660014152527e-02,-1.091852691024541855e-02,2.788396775722503662e-01,4.169396124780178070e-03,-4.788421094417572021e-01,1.606901288032531738e-01,3.757183998823165894e-02,-2.384132593870162964e-01,-3.390338122844696045e-01,4.470010101795196533e-01,-4.515346288681030273e-01,1.956251561641693115e-01,6.316873431205749512e-02,4.303960129618644714e-03
-2.111494541168212891e+00,-1.298794507980346680e+00,9.880419969558715820e-01,8.933320641517639160e-03,-5.244156811386346817e-03,9.999005198478698730e-01,9.572442620992660522e-03,-5.143718123435974121e-01,-4.893923550844192505e-02,-2.100163139402866364e-02,1.808793842792510986e-01,-1.139943897724151611e-01,-1.512770820409059525e-02,7.922042161226272583e-02,2.225230820477008820e-02,-1.616187989711761475e-01,5.215913057327270508e-01,-3.558710813522338867e-01,-3.458205983042716980e-02,-9.890133515000343323e-03,2.990017831325531006e-01,-2.695466857403516769e-03,-4.787633121013641357e-01,1.632301509380340576e-01,3.802624344825744629e-02,-2.545490860939025879e-01,-3.413226008415222168e-01,4.501668512821197510e-01,-4.501586258411407471e-01,1.929932832717895508e-01,6.214643269777297974e-02,5.082614254206418991e-03
-2.126278877258300781e+00,-1.299792647361755371e+00,9.872047901153564453e-01,9.976460598409175873e-03,-5.291113629937171936e-03,9.998935461044311523e-01,9.236631914973258972e-03,-5.153748393058776855e-01,-4.968744888901710510e-02,-1.832213625311851501e-02,2.106917798519134521e-01,-9.761492908000946045e-02,3.164634807035326958e-03,8.429176360368728638e-02,1.867255009710788727e-02,-1.631870567798614502e-01,5.434085130691528320e-01,-3.349736332893371582e-01,-2.821747586131095886e-02,-1.084665395319461823e-02,3.181878626346588135e-01,-9.100463241338729858e-03,-4.782933890819549561e-01,1.650997847318649292e-01,3.961377218365669250e-02,-2.692976891994476318e-01,-3.431965708732604980e-01,4.532612562179565430e-01,-4.477269053459167480e-01,1.902310401201248169e-01,6.133968755602836609e-02,5.545816849917173386e-03
-2.141199827194213867e+00,-1.300811529159545898e+00,9.864917397499084473e-01,1.149443071335554123e-02,-5.272890441119670868e-03,9.998818039894104004e-01,8.740386925637722015e-03,-5.156149268150329590e-01,-5.005656927824020386e-02,-1.582744158804416656e-02,2.412208765745162964e-01,-8.638742566108703613e-02,1.554888766258955002e-02,8.987394720315933228e-02,1.480121258646249771e-02,-1.655378043651580811e-01,5.652948617935180664e-01,-3.107221424579620361e-01,-2.067405544221401215e-02,-1.117139961570501328e-02,3.364708721637725830e-01,-1.505329087376594543e-02,-4.778369069099426270e-01,1.667590141296386719e-01,4.139330983161926270e-02,-2.825045883655548096e-01,-3.448601067066192627e-01,4.563450217247009277e-01,-4.439804553985595703e-01,1.876796633005142212e-01,6.088678911328315735e-02,5.656448192894458771e-03
-2.156550645828247070e+00,-1.301911354064941406e+00,9.860714077949523926e-01,1.302904076874256134e-02,-5.306724458932876587e-03,9.998663067817687988e-01,8.333211764693260193e-03,-5.145320892333984375e-01,-5.031887814402580261e-02,-1.503849122673273087e-02,2.686370015144348145e-01,-7.701037079095840454e-02,2.906106784939765930e-02,9.365506470203399658e-02,1.081676688045263290e-02,-1.656402796506881714e-01,5.897284150123596191e-01,-2.797901332378387451e-01,-1.275392156094312668e-02,-1.203365437686443329e-02,3.533913791179656982e-01,-2.048204280436038971e-02,-4.770949184894561768e-01,1.677297800779342651e-01,4.360467568039894104e-02,-2.941527068614959717e-01,-3.461585044860839844e-01,4.592238664627075195e-01,-4.394934475421905518e-01,1.849790364503860474e-01,6.082034856081008911e-02,5.631056148558855057e-03
-2.172146797180175781e+00,-1.303072452545166016e+00,9.859805107116699219e-01,1.482595689594745636e-02,-5.317590199410915375e-03,9.998391866683959961e-01,8.576196618378162384e-03,-5.120103955268859863e-01,-5.002846568822860718e-02,-1.409833226352930069e-02,2.928152084350585938e-01,-5.926299840211868286e-02,4.070237651467323303e-02,9.549506753683090210e-02,6.015403196215629578e-03,-1.664219647645950317e-01,6.166547536849975586e-01,-2.413703650236129761e-01,-4.161588381975889206e-03,-1.192579790949821472e-02,3.688744008541107178e-01,-2.542014233767986298e-02,-4.759652316570281982e-01,1.678160130977630615e-01,4.621986299753189087e-02,-3.040379881858825684e-01,-3.471037745475769043e-01,4.622121751308441162e-01,-4.341334700584411621e-01,1.822766512632369995e-01,6.123186647891998291e-02,5.508079193532466888e-03
-2.187831640243530273e+00,-1.304220438003540039e+00,9.860929846763610840e-01,1.709964312613010406e-02,-5.261073354631662369e-03,9.997979402542114258e-01,9.164668619632720947e-03,-5.067880153656005859e-01,-4.920034110546112061e-02,-1.335316989570856094e-02,3.140300214290618896e-01,-3.669274970889091492e-02,4.428511857986450195e-02,9.688817709684371948e-02,8.841371745802462101e-04,-1.680379956960678101e-01,6.423816680908203125e-01,-1.920715421438217163e-01,1.707162521779537201e-02,-1.122965477406978607e-02,3.829372823238372803e-01,-2.987685613334178925e-02,-4.746192693710327148e-01,1.668223291635513306e-01,4.892662912607192993e-02,-3.122007846832275391e-01,-3.476423621177673340e-01,4.648967981338500977e-01,-4.276581108570098877e-01,1.794982701539993286e-01,6.218312680721282959e-02,5.310215055942535400e-03
-2.203591346740722656e+00,-1.305398821830749512e+00,9.866287708282470703e-01,1.915049180388450623e-02,-5.266614723950624466e-03,9.997555017471313477e-01,9.718911722302436829e-03,-5.005531311035156250e-01,-4.791550338268280029e-02,-1.127530448138713837e-02,3.342918753623962402e-01,-1.824638806283473969e-02,4.302808642387390137e-02,9.430092573165893555e-02,-7.434732746332883835e-03,-1.734842509031295776e-01,6.698600053787231445e-01,-1.488578021526336670e-01,3.741879761219024658e-02,-1.035767514258623123e-02,3.954910039901733398e-01,-3.379212319850921631e-02,-4.734741151332855225e-01,1.645561605691909790e-01,5.118333548307418823e-02,-3.186861276626586914e-01,-3.476771414279937744e-01,4.672999680042266846e-01,-4.199947118759155273e-01,1.763059943914413452e-01,6.351301074028015137e-02,5.104541312903165817e-03
-2.219151973724365234e+00,-1.306557416915893555e+00,9.872682094573974609e-01,2.152921073138713837e-02,-4.895861726254224777e-03,9.997201561927795410e-01,8.490143343806266785e-03,-4.931919872760772705e-01,-4.798630252480506897e-02,-8.482400327920913696e-03,3.557125926017761230e-01,-6.251342128962278366e-03,4.131279513239860535e-02,9.066064655780792236e-02,-1.469954755157232285e-02,-1.757707148790359497e-01,7.029282450675964355e-01,-9.368499368429183960e-02,4.241188988089561462e-02,-1.220575813204050064e-02,4.063721597194671631e-01,-3.705248236656188965e-02,-4.725544154644012451e-01,1.610277295112609863e-01,5.295101180672645569e-02,-3.234205245971679688e-01,-3.474134206771850586e-01,4.693560600280761719e-01,-4.110340774059295654e-01,1.729764193296432495e-01,6.523347645998001099e-02,4.631137475371360779e-03
-2.234442234039306641e+00,-1.307604074478149414e+00,9.882223010063171387e-01,2.364639192819595337e-02,-4.453989211469888687e-03,9.996911287307739258e-01,6.218506954610347748e-03,-4.865444004535675049e-01,-4.823997244238853455e-02,-5.112504120916128159e-03,3.783202469348907471e-01,1.646136632189154625e-03,3.722954168915748596e-02,8.148381114006042480e-02,-2.207509614527225494e-02,-1.772234290838241577e-01,7.406451702117919922e-01,-3.268833458423614502e-02,4.515961557626724243e-02,-1.513413805514574051e-02,4.152773320674896240e-01,-3.955297917127609253e-02,-4.720736443996429443e-01,1.560406684875488281e-01,5.391234531998634338e-02,-3.264877796173095703e-01,-3.468425273895263672e-01,4.707528352737426758e-01,-4.008185863494873047e-01,1.692145615816116333e-01,6.713212281465530396e-02,3.793500130996108055e-03
-2.249573707580566406e+00,-1.308593988418579102e+00,9.893453121185302734e-01,2.567997016012668610e-02,-3.957413602620363235e-03,9.996559023857116699e-01,3.605823265388607979e-03,-4.802109599113464355e-01,-4.870289936661720276e-02,-1.493724761530756950e-03,4.019172787666320801e-01,4.945180378854274750e-03,3.358602896332740784e-02,6.799252331256866455e-02,-2.986129187047481537e-02,-1.767031699419021606e-01,7.828253507614135742e-01,3.097453340888023376e-02,4.424464702606201172e-02,-1.891837269067764282e-02,4.221448600292205811e-01,-4.119573906064033508e-02,-4.719433784484863281e-01,1.494179219007492065e-01,5.439057201147079468e-02,-3.279745578765869141e-01,-3.458997309207916260e-01,4.716587364673614502e-01,-3.895845115184783936e-01,1.652946174144744873e-01,6.904150545597076416e-02,2.808616263791918755e-03
-2.264390230178833008e+00,-1.309550285339355469e+00,9.905098080635070801e-01,2.779171988368034363e-02,-3.355818567797541618e-03,9.996068477630615234e-01,1.576447393745183945e-03,-4.733248651027679443e-01,-4.979593679308891296e-02,-2.432886540191248059e-04,4.248998165130615234e-01,4.045563749969005585e-03,3.487414866685867310e-02,4.930364340543746948e-02,-3.879460692405700684e-02,-1.739506274461746216e-01,8.304349780082702637e-01,9.799453616142272949e-02,4.091128706932067871e-02,-2.189250476658344269e-02,4.274526834487915039e-01,-4.193997755646705627e-02,-4.721145927906036377e-01,1.423912793397903442e-01,5.460599809885025024e-02,-3.278435170650482178e-01,-3.444111347198486328e-01,4.718363285064697266e-01,-3.772594928741455078e-01,1.609552949666976929e-01,7.093031704425811768e-02,1.670901547186076641e-03
-2.279044866561889648e+00,-1.310327768325805664e+00,9.918749928474426270e-01,2.958723716437816620e-02,-2.694407012313604355e-03,9.995585083961486816e-01,-3.068993682973086834e-04,-4.658913016319274902e-01,-5.211281776428222656e-02,-1.200023223645985126e-03,4.459684193134307861e-01,-2.245830371975898743e-03,4.367682337760925293e-02,2.642033807933330536e-02,-4.798536375164985657e-02,-1.689727455377578735e-01,8.803474903106689453e-01,1.650145351886749268e-01,3.873224928975105286e-02,-2.432465180754661560e-02,4.303371310234069824e-01,-4.162786528468132019e-02,-4.727753102779388428e-01,1.330151855945587158e-01,5.419849231839179993e-02,-3.262833952903747559e-01,-3.424565494060516357e-01,4.716479480266571045e-01,-3.640522956848144531e-01,1.564418524503707886e-01,7.271367311477661133e-02,3.419324348215013742e-04
-2.293603420257568359e+00,-1.311222314834594727e+00,9.932812452316284180e-01,3.136039897799491882e-02,-2.111074980348348618e-03,9.995042681694030762e-01,-1.812382135540246964e-03,-4.558658599853515625e-01,-5.452722311019897461e-02,-1.939308131113648415e-03,4.627539813518524170e-01,-1.077145617455244064e-02,5.628833919763565063e-02,-8.550924248993396759e-04,-5.741908401250839233e-02,-1.612834930419921875e-01,9.322674870491027832e-01,2.320345342159271240e-01,3.220950067043304443e-02,-2.828762494027614594e-02,4.313189387321472168e-01,-4.036306589841842651e-02,-4.732665419578552246e-01,1.223486587405204773e-01,5.403527989983558655e-02,-3.233249187469482422e-01,-3.397801816463470459e-01,4.714134037494659424e-01,-3.504038453102111816e-01,1.518805623054504395e-01,7.431378960609436035e-02,-8.630304946564137936e-04
-2.307614088058471680e+00,-1.312139987945556641e+00,9.944806694984436035e-01,3.281567245721817017e-02,-1.683936105109751225e-03,9.994540810585021973e-01,-3.440291620790958405e-03,-4.456359446048736572e-01,-5.629225075244903564e-02,-7.740402361378073692e-04,4.777078032493591309e-01,-2.258667536079883575e-02,6.877977401018142700e-02,-3.269335255026817322e-02,-6.693784892559051514e-02,-1.526911109685897827e-01,9.841874837875366211e-01,2.990545332431793213e-01,2.730488032102584839e-02,-3.416313603520393372e-02,4.304399788379669189e-01,-3.813793510198593140e-02,-4.735153019428253174e-01,1.105979755520820618e-01,5.408384650945663452e-02,-3.191522359848022461e-01,-3.363133966922760010e-01,4.711835384368896484e-01,-3.366084396839141846e-01,1.473266333341598511e-01,7.569836080074310303e-02,-1.885225530713796616e-03
-2.321235656738281250e+00,-1.313142299652099609e+00,9.952543973922729492e-01,3.410288318991661072e-02,-8.080412517301738262e-04,9.994112849235534668e-01,-3.663632553070783615e-03,-4.350102245807647705e-01,-5.745549872517585754e-02,3.852090565487742424e-03,4.921306371688842773e-01,-3.953209146857261658e-02,7.739052921533584595e-02,-6.956445425748825073e-02,-8.022568374872207642e-02,-1.431010663509368896e-01,1.036107540130615234e+00,3.660745322704315186e-01,2.159472554922103882e-02,-3.866944462060928345e-02,4.276800751686096191e-01,-3.509980440139770508e-02,-4.731478393077850342e-01,9.771626442670822144e-02,5.478123575448989868e-02,-3.137963414192199707e-01,-3.321739435195922852e-01,4.714632928371429443e-01,-3.228932321071624756e-01,1.430851817131042480e-01,7.685293257236480713e-02,-2.541359513998031616e-03
-2.334638357162475586e+00,-1.314245939254760742e+00,9.961777925491333008e-01,3.458766639232635498e-02,1.821466576075181365e-04,9.994010329246520996e-01,-1.084806513972580433e-03,-4.246448278427124023e-01,-5.675973743200302124e-02,1.175115816295146942e-02,5.048902630805969238e-01,-5.844378098845481873e-02,8.641492575407028198e-02,-1.034923493862152100e-01,-9.723839908838272095e-02,-1.362399756908416748e-01,1.074177145957946777e+00,4.176586866378784180e-01,1.192123163491487503e-02,-3.892171010375022888e-02,4.230075180530548096e-01,-3.123231418430805206e-02,-4.723145365715026855e-01,8.311548829078674316e-02,5.583257973194122314e-02,-3.074409067630767822e-01,-3.272404670715332031e-01,4.722214341163635254e-01,-3.089233636856079102e-01,1.390793621540069580e-01,7.771153002977371216e-02,-2.892461139708757401e-03
-2.347931146621704102e+00,-1.315270662307739258e+00,9.971419572830200195e-01,3.482527285814285278e-02,1.492940122261643410e-03,9.993906617164611816e-01,1.800432568415999413e-03,-4.133624434471130371e-01,-5.622662231326103210e-02,2.197043597698211670e-02,5.151364803314208984e-01,-7.810132205486297607e-02,9.347498416900634766e-02,-1.359829753637313843e-01,-1.193262562155723572e-01,-1.352472156286239624e-01,1.111957430839538574e+00,4.117400348186492920e-01,4.450639244168996811e-03,-3.861604630947113037e-02,4.164108335971832275e-01,-2.668572030961513519e-02,-4.707727432250976562e-01,6.787838786840438843e-02,5.758065357804298401e-02,-3.002595901489257812e-01,-3.218464255332946777e-01,4.736700356006622314e-01,-2.956132888793945312e-01,1.355802565813064575e-01,7.832276821136474609e-02,-2.910206327214837074e-03
-2.361053943634033203e+00,-1.316226363182067871e+00,9.983839988708496094e-01,3.514805436134338379e-02,2.736637834459543228e-03,9.993707537651062012e-01,3.903403179720044136e-03,-4.005751311779022217e-01,-5.606897547841072083e-02,3.097097575664520264e-02,5.224075317382812500e-01,-9.577757120132446289e-02,9.718364477157592773e-02,-1.690351814031600952e-01,-1.444671303033828735e-01,-1.386796534061431885e-01,1.147832274436950684e+00,3.795222640037536621e-01,-1.270288042724132538e-02,-3.869623318314552307e-02,4.081258773803710938e-01,-2.162558957934379578e-02,-4.689634740352630615e-01,5.319822952151298523e-02,5.939208343625068665e-02,-2.922741472721099854e-01,-3.163169622421264648e-01,4.755757451057434082e-01,-2.835389375686645508e-01,1.330932378768920898e-01,7.883518934249877930e-02,-2.686613705009222031e-03
-2.374262809753417969e+00,-1.316946029663085938e+00,9.997057318687438965e-01,3.572325035929679871e-02,3.947239834815263748e-03,9.993431568145751953e-01,4.644621163606643677e-03,-3.860955238342285156e-01,-5.705812200903892517e-02,3.806811198592185974e-02,5.270838141441345215e-01,-1.124454587697982788e-01,1.002025455236434937e-01,-2.017760425806045532e-01,-1.683210283517837524e-01,-1.426755934953689575e-01,1.179027557373046875e+00,3.385615944862365723e-01,-4.477080330252647400e-02,-4.056935012340545654e-02,3.983386456966400146e-01,-1.603574305772781372e-02,-4.670907557010650635e-01,3.933023288846015930e-02,6.106996163725852966e-02,-2.834321558475494385e-01,-3.107118010520935059e-01,4.778003096580505371e-01,-2.723168134689331055e-01,1.311194747686386108e-01,7.935898751020431519e-02,-2.442591590806841850e-03
-2.387484788894653320e+00,-1.317534565925598145e+00,1.001255273818969727e+00,3.641318902373313904e-02,4.894563928246498108e-03,9.993165135383605957e-01,4.080837592482566833e-03,-3.703472912311553955e-01,-5.874574556946754456e-02,4.180006310343742371e-02,5.293970108032226562e-01,-1.270819902420043945e-01,1.029033660888671875e-01,-2.336489111185073853e-01,-1.876584142446517944e-01,-1.448532938957214355e-01,1.203782439231872559e+00,2.979198098182678223e-01,-8.278939872980117798e-02,-4.327109828591346741e-02,3.869039416313171387e-01,-9.747592732310295105e-03,-4.652390480041503906e-01,2.550094574689865112e-02,6.272299587726593018e-02,-2.735962271690368652e-01,-3.049291372299194336e-01,4.799966216087341309e-01,-2.612059712409973145e-01,1.293078958988189697e-01,8.001217246055603027e-02,-2.266121329739689827e-03
-2.400707960128784180e+00,-1.317844510078430176e+00,1.002797365188598633e+00,3.653451800346374512e-02,6.533065345138311386e-03,9.993058443069458008e-01,3.227884648367762566e-03,-3.537437021732330322e-01,-6.225064396858215332e-02,4.547059908509254456e-02,5.281584262847900391e-01,-1.418144702911376953e-01,1.054386422038078308e-01,-2.689845263957977295e-01,-2.061084508895874023e-01,-1.459041088819503784e-01,1.229594588279724121e+00,2.414635866880416870e-01,-1.286236643791198730e-01,-4.705614969134330750e-02,3.692058324813842773e-01,3.226930042728781700e-03,-4.623922407627105713e-01,-2.346959896385669708e-02,6.844139099121093750e-02,-2.588195502758026123e-01,-2.940238118171691895e-01,4.832189977169036865e-01,-2.221167832612991333e-01,1.227576956152915955e-01,8.319588750600814819e-02,-1.386753516271710396e-03
-2.413806438446044922e+00,-1.318081855773925781e+00,1.004578471183776855e+00,3.738286346197128296e-02,7.009281311184167862e-03,9.992755651473999023e-01,1.310482737608253956e-03,-3.357897698879241943e-01,-6.409088522195816040e-02,4.612476378679275513e-02,5.257889628410339355e-01,-1.535252034664154053e-01,1.087004467844963074e-01,-2.979131639003753662e-01,-2.117356359958648682e-01,-1.403145939111709595e-01,1.239539980888366699e+00,2.042963504791259766e-01,-1.491976231336593628e-01,-5.149520933628082275e-02,3.518742620944976807e-01,1.754423789680004120e-02,-4.599897265434265137e-01,-5.687667429447174072e-02,7.172316312789916992e-02,-2.445945143699645996e-01,-2.824957966804504395e-01,4.851967096328735352e-01,-1.938944607973098755e-01,1.169206798076629639e-01,8.696884661912918091e-02,-1.076427288353443146e-03
-2.427039384841918945e+00,-1.318260908126831055e+00,1.006458520889282227e+00,3.839698433876037598e-02,6.967017427086830139e-03,9.992382526397705078e-01,-1.931285660248249769e-04,-3.166295289993286133e-01,-6.459657847881317139e-02,4.663215950131416321e-02,5.220471620559692383e-01,-1.659329831600189209e-01,1.093088984489440918e-01,-3.248163461685180664e-01,-2.091713845729827881e-01,-1.294097155332565308e-01,1.241292715072631836e+00,1.710055619478225708e-01,-1.554676741361618042e-01,-5.509036034345626831e-02,3.337029516696929932e-01,3.250896930694580078e-02,-4.575034677982330322e-01,-8.367077261209487915e-02,7.440752536058425903e-02,-2.298316657543182373e-01,-2.705982327461242676e-01,4.860560894012451172e-01,-1.703055351972579956e-01,1.113212034106254578e-01,9.128069132566452026e-02,-1.268848660401999950e-03
-2.440318584442138672e+00,-1.318224191665649414e+00,1.008377552032470703e+00,3.909358009696006775e-02,6.645801477134227753e-03,9.992120862007141113e-01,-1.661697751842439175e-03,-2.978803217411041260e-01,-6.422626227140426636e-02,4.691828414797782898e-02,5.176288485527038574e-01,-1.767728328704833984e-01,1.089201942086219788e-01,-3.503464460372924805e-01,-1.997933536767959595e-01,-1.142108961939811707e-01,1.235592484474182129e+00,1.419586241245269775e-01,-1.516986191272735596e-01,-5.776098743081092834e-02,3.140556812286376953e-01,4.760827869176864624e-02,-4.556351900100708008e-01,-1.035880967974662781e-01,7.488891482353210449e-02,-2.141939103603363037e-01,-2.588046789169311523e-01,4.855483174324035645e-01,-1.522614061832427979e-01,1.061702594161033630e-01,9.526770561933517456e-02,-1.629668637178838253e-03
-2.453754663467407227e+00,-1.318336606025695801e+00,1.010146141052246094e+00,3.981124982237815857e-02,6.179900374263525009e-03,9.991858005523681641e-01,-2.138897776603698730e-03,-2.784991264343261719e-01,-6.326409429311752319e-02,4.826495423913002014e-02,5.125308632850646973e-01,-1.877450644969940186e-01,1.096175760030746460e-01,-3.749532997608184814e-01,-1.858249604701995850e-01,-9.529109299182891846e-02,1.224425315856933594e+00,1.152478605508804321e-01,-1.447169035673141479e-01,-5.899787321686744690e-02,2.926493883132934570e-01,6.296498328447341919e-02,-4.534948766231536865e-01,-1.239039450883865356e-01,7.515983283519744873e-02,-1.972346305847167969e-01,-2.468530386686325073e-01,4.841996729373931885e-01,-1.334914714097976685e-01,1.007093191146850586e-01,9.980200231075286865e-02,-2.304222667589783669e-03
-2.467078447341918945e+00,-1.318349599838256836e+00,1.011796593666076660e+00,4.033325240015983582e-02,5.732329562306404114e-03,9.991666674613952637e-01,-2.525056479498744011e-03,-2.590791285037994385e-01,-6.218539550900459290e-02,4.999948292970657349e-02,5.062080025672912598e-01,-1.967609375715255737e-01,1.094817668199539185e-01,-3.982351124286651611e-01,-1.690677106380462646e-01,-7.494369149208068848e-02,1.206959247589111328e+00,9.112419188022613525e-02,-1.388978958129882812e-01,-5.855105817317962646e-02,2.696152031421661377e-01,7.854770123958587646e-02,-4.512937664985656738e-01,-1.449334770441055298e-01,7.419989258050918579e-02,-1.791592836380004883e-01,-2.348575592041015625e-01,4.817713499069213867e-01,-1.133397519588470459e-01,9.436421841382980347e-02,1.044877171516418457e-01,-3.330971114337444305e-03
-2.480573892593383789e+00,-1.318244576454162598e+00,1.013291954994201660e+00,4.077921435236930847e-02,5.340503063052892685e-03,9.991499185562133789e-01,-2.830318175256252289e-03,-2.396963983774185181e-01,-6.062382832169532776e-02,5.316793173551559448e-02,4.999286234378814697e-01,-2.068644165992736816e-01,1.093505918979644775e-01,-4.189755618572235107e-01,-1.515301614999771118e-01,-5.550061166286468506e-02,1.183932662010192871e+00,6.631931662559509277e-02,-1.394189596176147461e-01,-5.703755095601081848e-02,2.450575679540634155e-01,9.419083595275878906e-02,-4.483714401721954346e-01,-1.673017442226409912e-01,7.289320975542068481e-02,-1.600630134344100952e-01,-2.227189987897872925e-01,4.785011410713195801e-01,-9.314470738172531128e-02,8.828049153089523315e-02,1.091571897268295288e-01,-4.911749158054590225e-03
-2.494045495986938477e+00,-1.318119883537292480e+00,1.014555454254150391e+00,4.085835069417953491e-02,5.034397821873426437e-03,9.991485476493835449e-01,-2.729406347498297691e-03,-2.207433134317398071e-01,-5.908101052045822144e-02,5.732314661145210266e-02,4.928793311119079590e-01,-2.158020138740539551e-01,1.103061959147453308e-01,-4.379547238349914551e-01,-1.350080072879791260e-01,-3.799327090382575989e-02,1.155264377593994141e+00,4.190684482455253601e-02,-1.377936899662017822e-01,-5.503885075449943542e-02,2.192467898130416870e-01,1.096364706754684448e-01,-4.448768198490142822e-01,-1.903517544269561768e-01,7.125706225633621216e-02,-1.401682645082473755e-01,-2.105954885482788086e-01,4.746607244014739990e-01,-7.331036776304244995e-02,8.321238309144973755e-02,1.135355904698371887e-01,-6.947244051843881607e-03
-2.507766962051391602e+00,-1.318084120750427246e+00,1.015789628028869629e+00,4.058613255620002747e-02,4.893774166703224182e-03,9.991604685783386230e-01,-2.676570322364568710e-03,-2.029745429754257202e-01,-5.720948800444602966e-02,6.446165591478347778e-02,4.868270456790924072e-01,-2.237203717231750488e-01,1.079784259200096130e-01,-4.538528323173522949e-01,-1.212990731000900269e-01,-2.527550980448722839e-02,1.120301723480224609e+00,2.000826969742774963e-02,-1.354718655347824097e-01,-5.257985740900039673e-02,1.922023594379425049e-01,1.245598644018173218e-01,-4.404857158660888672e-01,-2.141098678112030029e-01,7.022283226251602173e-02,-1.195265799760818481e-01,-1.985841691493988037e-01,4.703802764415740967e-01,-5.449657514691352844e-02,7.886726409196853638e-02,1.172201856970787048e-01,-9.402374736964702606e-03
-2.521620512008666992e+00,-1.317916035652160645e+00,1.016622781753540039e+00,4.057348147034645081e-02,4.816273692995309830e-03,9.991617202758789062e-01,-2.551062731072306633e-03,-1.831121742725372314e-01,-5.577218532562255859e-02,7.111556082963943481e-02,4.787221550941467285e-01,-2.344747632741928101e-01,1.078328266739845276e-01,-4.677163064479827881e-01,-1.104831397533416748e-01,-1.690616644918918610e-02,1.081828713417053223e+00,2.041020430624485016e-03,-1.331495344638824463e-01,-4.979266598820686340e-02,1.643092185258865356e-01,1.388452947139739990e-01,-4.352331757545471191e-01,-2.377830147743225098e-01,6.952746212482452393e-02,-9.808240085840225220e-02,-1.868568658828735352e-01,4.660581648349761963e-01,-3.676982969045639038e-02,7.637230306863784790e-02,1.202264726161956787e-01,-1.229636743664741516e-02
-2.535410642623901367e+00,-1.317773461341857910e+00,1.017133712768554688e+00,4.056496173143386841e-02,4.910822492092847824e-03,9.991610646247863770e-01,-2.736948896199464798e-03,-1.638423949480056763e-01,-5.493929237127304077e-02,7.679973542690277100e-02,4.713055789470672607e-01,-2.439422160387039185e-01,1.074625328183174133e-01,-4.796863794326782227e-01,-1.028012856841087341e-01,-1.306825503706932068e-02,1.039591908454895020e+00,-1.026311144232749939e-02,-1.290201395750045776e-01,-4.729570820927619934e-02,1.357938647270202637e-01,1.525238603353500366e-01,-4.297106266021728516e-01,-2.613745927810668945e-01,6.918668746948242188e-02,-7.588180899620056152e-02,-1.755299419164657593e-01,4.616868197917938232e-01,-2.021189220249652863e-02,7.493126392364501953e-02,1.226655691862106323e-01,-1.540530566126108170e-02
-2.549237728118896484e+00,-1.317544102668762207e+00,1.017476081848144531e+00,3.985410556197166443e-02,5.207876209169626236e-03,9.991858005523681641e-01,-3.495299722999334335e-03,-1.465988159179687500e-01,-5.483119562268257141e-02,8.165723085403442383e-02,4.647223353385925293e-01,-2.530230879783630371e-01,1.067883893847465515e-01,-4.871138334274291992e-01,-9.727507084608078003e-02,-1.347588095813989639e-02,9.888207912445068359e-01,-1.529038324952125549e-02,-1.227694675326347351e-01,-4.527498781681060791e-02,1.064916774630546570e-01,1.655315309762954712e-01,-4.242544472217559814e-01,-2.849688231945037842e-01,6.813306361436843872e-02,-5.317319557070732117e-02,-1.646399199962615967e-01,4.572466909885406494e-01,-5.647254642099142075e-03,7.462990283966064453e-02,1.242568120360374451e-01,-1.901297084987163544e-02
-2.563339471817016602e+00,-1.317213892936706543e+00,1.017578244209289551e+00,3.898680210113525391e-02,5.352628882974386215e-03,9.992122650146484375e-01,-5.116031970828771591e-03,-1.296529620885848999e-01,-5.433305725455284119e-02,8.644312620162963867e-02,4.580292105674743652e-01,-2.613224685192108154e-01,1.077316626906394958e-01,-4.931566119194030762e-01,-9.257669001817703247e-02,-1.575784198939800262e-02,9.356672763824462891e-01,-1.623574644327163696e-02,-1.203266084194183350e-01,-4.581376165151596069e-02,7.678595930337905884e-02,1.778830289840698242e-01,-4.187059700489044189e-01,-3.082745671272277832e-01,6.706088036298751831e-02,-3.006758540868759155e-02,-1.541726142168045044e-01,4.527859389781951904e-01,7.970778271555900574e-03,7.569257169961929321e-02,1.247794181108474731e-01,-2.251317910850048065e-02
-2.577458381652832031e+00,-1.316885948181152344e+00,1.017416357994079590e+00,3.816959261894226074e-02,5.502651911228895187e-03,9.992322921752929688e-01,-6.898651830852031708e-03,-1.127103194594383240e-01,-5.384599789977073669e-02,9.015782922506332397e-02,4.515622258186340332e-01,-2.694276273250579834e-01,1.090048924088478088e-01,-5.014847517013549805e-01,-8.906716108322143555e-02,-2.007482014596462250e-02,8.826630115509033203e-01,-1.492881868034601212e-02,-1.170902475714683533e-01,-4.634880274534225464e-02,4.678547009825706482e-02,1.896250098943710327e-01,-4.135338366031646729e-01,-3.306377232074737549e-01,6.536587327718734741e-02,-6.457529030740261078e-03,-1.441042721271514893e-01,4.484965205192565918e-01,2.019103430211544037e-02,7.754519581794738770e-02,1.244773566722869873e-01,-2.613699436187744141e-02
-2.591525793075561523e+00,-1.316570043563842773e+00,1.016954660415649414e+00,3.670486435294151306e-02,5.934039596468210220e-03,9.992741346359252930e-01,-8.290715515613555908e-03,-9.760528057813644409e-02,-5.374557152390480042e-02,9.401819109916687012e-02,4.462473690509796143e-01,-2.782497704029083252e-01,1.085351184010505676e-01,-5.054448843002319336e-01,-8.678415417671203613e-02,-2.719865553081035614e-02,8.226633667945861816e-01,-1.264146622270345688e-02,-1.119777783751487732e-01,-4.651838541030883789e-02,1.644255034625530243e-02,2.008404433727264404e-01,-4.089201688766479492e-01,-3.520506024360656738e-01,6.228456273674964905e-02,1.726240850985050201e-02,-1.345283836126327515e-01,4.442758858203887939e-01,3.075667284429073334e-02,7.981856167316436768e-02,1.233287975192070007e-01,-2.952908538281917572e-02
-2.605744361877441406e+00,-1.316107749938964844e+00,1.016248106956481934e+00,3.529861196875572205e-02,6.292465608566999435e-03,9.993026852607727051e-01,-1.042011193931102753e-02,-8.263966441154479980e-02,-5.318943783640861511e-02,9.886071085929870605e-02,4.416262805461883545e-01,-2.892584204673767090e-01,1.060921996831893921e-01,-5.092247128486633301e-01,-8.538798242807388306e-02,-3.817684575915336609e-02,7.614713311195373535e-01,-8.605466224253177643e-03,-1.086075678467750549e-01,-4.713764041662216187e-02,-1.409768778830766678e-02,2.113556563854217529e-01,-4.048735201358795166e-01,-3.723812997341156006e-01,5.861831456422805786e-02,4.112584143877029419e-02,-1.254361271858215332e-01,4.397314786911010742e-01,4.011995345354080200e-02,8.181050419807434082e-02,1.213457584381103516e-01,-3.299288824200630188e-02
-2.620173931121826172e+00,-1.315729260444641113e+00,1.015348792076110840e+00,3.418948128819465637e-02,6.753643509000539780e-03,9.993270635604858398e-01,-1.144193951040506363e-02,-6.645599007606506348e-02,-5.323734879493713379e-02,1.015709340572357178e-01,4.372198879718780518e-01,-3.008558452129364014e-01,1.035304144024848938e-01,-5.103096365928649902e-01,-8.442211151123046875e-02,-5.210113152861595154e-02,6.986527442932128906e-01,-6.645358633249998093e-03,-9.937247633934020996e-02,-4.601187631487846375e-02,-4.452944919466972351e-02,2.212642878293991089e-01,-4.014920592308044434e-01,-3.915450274944305420e-01,5.409672856330871582e-02,6.521211564540863037e-02,-1.166894361376762390e-01,4.350332915782928467e-01,4.857116565108299255e-02,8.326020091772079468e-02,1.187575682997703552e-01,-3.614091128110885620e-02
-2.634346961975097656e+00,-1.315218925476074219e+00,1.014153003692626953e+00,3.274501115083694458e-02,7.305780425667762756e-03,9.993552565574645996e-01,-1.278534531593322754e-02,-5.268661305308341980e-02,-5.263162776827812195e-02,1.047105938196182251e-01,4.354162216186523438e-01,-3.115701079368591309e-01,1.010213270783424377e-01,-5.106387138366699219e-01,-8.403074741363525391e-02,-7.079841941595077515e-02,6.344687938690185547e-01,-7.580443751066923141e-03,-9.123085439205169678e-02,-4.484461620450019836e-02,-7.490385323762893677e-02,2.305268943309783936e-01,-3.985126614570617676e-01,-4.091326892375946045e-01,4.925281554460525513e-02,8.936021476984024048e-02,-1.083092093467712402e-01,4.300262033939361572e-01,5.632354319095611572e-02,8.431290090084075928e-02,1.155234351754188538e-01,-3.942430019378662109e-02
-2.648947954177856445e+00,-1.314677238464355469e+00,1.012973189353942871e+00,3.124751336872577667e-02,7.843654602766036987e-03,9.993814229965209961e-01,-1.410117279738187790e-02,-3.803592547774314880e-02,-5.239300057291984558e-02,1.072650477290153503e-01,4.325803816318511963e-01,-3.221114277839660645e-01,9.828902781009674072e-02,-5.100126266479492188e-01,-8.345763385295867920e-02,-9.328751266002655029e-02,5.711526274681091309e-01,-1.352567505091428757e-02,-8.044701069593429565e-02,-4.324718564748764038e-02,-1.051829233765602112e-01,2.389985620975494385e-01,-3.960091471672058105e-01,-4.256667792797088623e-01,4.438942670822143555e-02,1.134294420480728149e-01,-1.002722084522247314e-01,4.247740507125854492e-01,6.332005560398101807e-02,8.505602926015853882e-02,1.116902306675910950e-01,-4.275997355580329895e-02
-2.663259029388427734e+00,-1.314034223556518555e+00,1.011549472808837891e+00,3.016077354550361633e-02,8.322663605213165283e-03,9.993792176246643066e-01,-1.619233936071395874e-02,-2.364253811538219452e-02,-5.157143250107765198e-02,1.091026589274406433e-01,4.309873878955841064e-01,-3.320029377937316895e-01,9.510464221239089966e-02,-5.073490142822265625e-01,-8.175969123840332031e-02,-1.158451139926910400e-01,5.077431797981262207e-01,-2.445379644632339478e-02,-7.094804942607879639e-02,-4.271575435996055603e-02,-1.351022869348526001e-01,2.468331307172775269e-01,-3.942057490348815918e-01,-4.408173263072967529e-01,3.871073946356773376e-02,1.375379264354705811e-01,-9.242610633373260498e-02,4.189097583293914795e-01,6.965051591396331787e-02,8.546484261751174927e-02,1.075194925069808960e-01,-4.617407172918319702e-02
-2.677818536758422852e+00,-1.313493371009826660e+00,1.010047197341918945e+00,2.931882627308368683e-02,8.567759767174720764e-03,9.993711709976196289e-01,-1.800814270973205566e-02,-9.127106517553329468e-03,-5.059222877025604248e-02,1.102042272686958313e-01,4.305562973022460938e-01,-3.412939608097076416e-01,9.230554848909378052e-02,-5.035879015922546387e-01,-7.709331810474395752e-02,-1.341663300991058350e-01,4.451832175254821777e-01,-3.640674054622650146e-02,-6.224759668111801147e-02,-4.291709512472152710e-02,-1.644456535577774048e-01,2.540034055709838867e-01,-3.926902115345001221e-01,-4.544406831264495850e-01,3.286250308156013489e-02,1.616869568824768066e-01,-8.471909165382385254e-02,4.129260480403900146e-01,7.554899901151657104e-02,8.618800342082977295e-02,1.030310615897178650e-01,-4.940618574619293213e-02
-2.692251205444335938e+00,-1.312665104866027832e+00,1.008399605751037598e+00,2.895955555140972137e-02,8.994217030704021454e-03,9.993247389793395996e-01,-2.074990235269069672e-02,4.256592132151126862e-03,-4.925534501671791077e-02,1.108176410198211670e-01,4.334428310394287109e-01,-3.488951921463012695e-01,8.827994018793106079e-02,-4.990287125110626221e-01,-7.096657156944274902e-02,-1.463535577058792114e-01,3.845640122890472412e-01,-4.878836125135421753e-02,-5.333595722913742065e-02,-4.368864744901657104e-02,-1.932619065046310425e-01,2.602321505546569824e-01,-3.914099037647247314e-01,-4.669491648674011230e-01,2.706679701805114746e-02,1.858644932508468628e-01,-7.714336365461349487e-02,4.064289629459381104e-01,8.102183043956756592e-02,8.667178452014923096e-02,9.830138087272644043e-02,-5.267493799328804016e-02
-2.706730604171752930e+00,-1.311941266059875488e+00,1.006607294082641602e+00,2.860755845904350281e-02,9.284063242375850677e-03,9.992782473564147949e-01,-2.320383116602897644e-02,1.642981357872486115e-02,-4.745250940322875977e-02,1.112503111362457275e-01,4.390338957309722900e-01,-3.563242852687835693e-01,8.541475981473922729e-02,-4.957290589809417725e-01,-6.336630880832672119e-02,-1.522090882062911987e-01,3.294012844562530518e-01,-6.127276271581649780e-02,-4.084549099206924438e-02,-4.403277114033699036e-02,-2.213724553585052490e-01,2.657841444015502930e-01,-3.909068405628204346e-01,-4.780455827713012695e-01,2.044898644089698792e-02,2.100720107555389404e-01,-6.953596323728561401e-02,3.997041583061218262e-01,8.597854524850845337e-02,8.734769374132156372e-02,9.316234290599822998e-02,-5.654555931687355042e-02
-2.721414327621459961e+00,-1.311286449432373047e+00,1.004860877990722656e+00,2.806677855551242828e-02,9.817341342568397522e-03,9.992476105690002441e-01,-2.490274794399738312e-02,2.747062779963016510e-02,-4.593420401215553284e-02,1.131542697548866272e-01,4.463083744049072266e-01,-3.613216876983642578e-01,8.272200822830200195e-02,-4.926203489303588867e-01,-5.519226193428039551e-02,-1.549501568078994751e-01,2.776111364364624023e-01,-7.434750348329544067e-02,-1.877769269049167633e-02,-4.340517893433570862e-02,-2.486898750066757202e-01,2.703664898872375488e-01,-3.906348943710327148e-01,-4.882594943046569824e-01,1.496734563261270523e-02,2.339206784963607788e-01,-6.212043762207031250e-02,3.924476206302642822e-01,8.952952176332473755e-02,8.754869550466537476e-02,8.758781850337982178e-02,-6.040662527084350586e-02
-2.736022710800170898e+00,-1.310518383979797363e+00,1.003018379211425781e+00,2.777721919119358063e-02,1.048427540808916092e-02,9.992165565490722656e-01,-2.616844512522220612e-02,3.839406371116638184e-02,-4.462339356541633606e-02,1.148339360952377319e-01,4.546377360820770264e-01,-3.645922541618347168e-01,7.901276648044586182e-02,-4.896273016929626465e-01,-4.797857627272605896e-02,-1.538662016391754150e-01,2.318154573440551758e-01,-8.617390692234039307e-02,1.057807728648185730e-02,-4.180843383073806763e-02,-2.750412523746490479e-01,2.739946246147155762e-01,-3.906864225864410400e-01,-4.966484308242797852e-01,1.014112494885921478e-02,2.574846148490905762e-01,-5.488754808902740479e-02,3.851986825466156006e-01,9.189771860837936401e-02,8.879444748163223267e-02,8.174370974302291870e-02,-6.419075280427932739e-02
-2.750571250915527344e+00,-1.309671878814697266e+00,1.001235604286193848e+00,2.743301913142204285e-02,1.129545457661151886e-02,9.991825222969055176e-01,-2.746186777949333191e-02,4.597470909357070923e-02,-4.272006452083587646e-02,1.174737736582756042e-01,4.685431122779846191e-01,-3.649983108043670654e-01,7.474584132432937622e-02,-4.868781566619873047e-01,-4.212539270520210266e-02,-1.503678560256958008e-01,1.937116533517837524e-01,-9.772529453039169312e-02,3.480863571166992188e-02,-4.028474912047386169e-02,-3.003948032855987549e-01,2.765868306159973145e-01,-3.910232782363891602e-01,-5.028787851333618164e-01,6.151672918349504471e-03,2.804563641548156738e-01,-4.803362861275672913e-02,3.778650760650634766e-01,9.295397251844406128e-02,9.028235822916030884e-02,7.587054371833801270e-02,-6.832809001207351685e-02
-2.765088558197021484e+00,-1.308880448341369629e+00,9.995424747467041016e-01,2.696393802762031555e-02,1.235527545213699341e-02,9.991209506988525391e-01,-2.962415665388107300e-02,5.312021076679229736e-02,-4.183379933238029480e-02,1.192050874233245850e-01,4.814480245113372803e-01,-3.616725802421569824e-01,7.575631886720657349e-02,-4.878710210323333740e-01,-3.929679468274116516e-02,-1.440970003604888916e-01,1.716167628765106201e-01,-1.098614260554313660e-01,5.511121079325675964e-02,-4.070967808365821838e-02,-3.179748356342315674e-01,2.777350246906280518e-01,-3.913000524044036865e-01,-5.055717825889587402e-01,5.146601703017950058e-03,2.962115108966827393e-01,-4.358804970979690552e-02,3.730279207229614258e-01,9.357792884111404419e-02,9.080921858549118042e-02,7.411956042051315308e-02,-6.944430619478225708e-02
-2.779471397399902344e+00,-1.308123588562011719e+00,9.978637099266052246e-01,2.719475701451301575e-02,1.317437645047903061e-02,9.990558624267578125e-01,-3.121297806501388550e-02,6.076027452945709229e-02,-4.041844978928565979e-02,1.185541749000549316e-01,4.965192377567291260e-01,-3.588301241397857666e-01,7.216550409793853760e-02,-4.854280352592468262e-01,-3.595028445124626160e-02,-1.347717791795730591e-01,1.541340947151184082e-01,-1.185365766286849976e-01,6.757687032222747803e-02,-4.017171263694763184e-02,-3.361439406871795654e-01,2.784078419208526611e-01,-3.916870355606079102e-01,-5.088618397712707520e-01,4.247717559337615967e-03,3.128880560398101807e-01,-3.897261992096900940e-02,3.680334687232971191e-01,9.452971071004867554e-02,9.158451855182647705e-02,7.207822054624557495e-02,-7.075494527816772461e-02
-2.793857574462890625e+00,-1.307264328002929688e+00,9.962937235832214355e-01,2.729725837707519531e-02,1.372783910483121872e-02,9.990274310111999512e-01,-3.179069608449935913e-02,6.790139526128768921e-02,-3.866954520344734192e-02,1.186998784542083740e-01,5.116881728172302246e-01,-3.533963859081268311e-01,7.063824683427810669e-02,-4.821629822254180908e-01,-3.193635120987892151e-02,-1.273259371519088745e-01,1.443266719579696655e-01,-1.223056167364120483e-01,8.068155497312545776e-02,-3.890739381313323975e-02,-3.542633354663848877e-01,2.787747979164123535e-01,-3.922611773014068604e-01,-5.120296478271484375e-01,3.459266619756817818e-03,3.297528922557830811e-01,-3.432537987828254700e-02,3.634513020515441895e-01,9.524376690387725830e-02,9.299602359533309937e-02,6.985094398260116577e-02,-7.213242352008819580e-02
-2.808026075363159180e+00,-1.306515455245971680e+00,9.949413537979125977e-01,2.767395228147506714e-02,1.401508878916501999e-02,9.990179538726806641e-01,-3.163579106330871582e-02,7.228610664606094360e-02,-3.595694154500961304e-02,1.207159161567687988e-01,5.322350859642028809e-01,-3.429830372333526611e-01,6.975205242633819580e-02,-4.784853458404541016e-01,-2.816484868526458740e-02,-1.217137053608894348e-01,1.452377885580062866e-01,-1.201337203383445740e-01,8.836589753627777100e-02,-3.718456998467445374e-02,-3.717576563358306885e-01,2.790158689022064209e-01,-3.931003510951995850e-01,-5.141950249671936035e-01,2.572963945567607880e-03,3.463566899299621582e-01,-2.974478714168071747e-02,3.596807420253753662e-01,9.522177278995513916e-02,9.560330212116241455e-02,6.763590127229690552e-02,-7.336474210023880005e-02
-2.822139739990234375e+00,-1.305884361267089844e+00,9.938872456550598145e-01,2.779255248606204987e-02,1.331678777933120728e-02,9.990161061286926270e-01,-3.189137205481529236e-02,7.662369310855865479e-02,-3.153115883469581604e-02,1.214231699705123901e-01,5.511983633041381836e-01,-3.309370279312133789e-01,6.864346563816070557e-02,-4.762627184391021729e-01,-2.390930615365505219e-02,-1.111621409654617310e-01,1.576235890388488770e-01,-1.039121150970458984e-01,7.660201191902160645e-02,-3.779792785644531250e-02,-3.883232474327087402e-01,2.793873250484466553e-01,-3.940976560115814209e-01,-5.148186683654785156e-01,1.718173036351799965e-03,3.620941042900085449e-01,-2.518742531538009644e-02,3.568325936794281006e-01,9.375838190317153931e-02,9.900908917188644409e-02,6.551174819469451904e-02,-7.420036196708679199e-02
-2.836450576782226562e+00,-1.305162549018859863e+00,9.928724169731140137e-01,2.869248017668724060e-02,1.258942764252424240e-02,9.990073442459106445e-01,-3.166277334094047546e-02,8.030357211828231812e-02,-2.636515907943248749e-02,1.236349046230316162e-01,5.740055441856384277e-01,-3.143050074577331543e-01,6.764926016330718994e-02,-4.737532436847686768e-01,-1.961301080882549286e-02,-9.919698536396026611e-02,1.795501261949539185e-01,-8.410876244306564331e-02,4.567014798521995544e-02,-3.850609809160232544e-02,-4.033088982105255127e-01,2.799938619136810303e-01,-3.952814936637878418e-01,-5.135139226913452148e-01,8.970434428192675114e-04,3.767881095409393311e-01,-2.109861373901367188e-02,3.551910221576690674e-01,9.145062416791915894e-02,1.034974455833435059e-01,6.391246616840362549e-02,-7.447285205125808716e-02
-2.851022243499755859e+00,-1.304426908493041992e+00,9.918963313102722168e-01,2.996516786515712738e-02,1.200015377253293991e-02,9.990022778511047363e-01,-3.086356818675994873e-02,8.372781425714492798e-02,-2.104885876178741455e-02,1.279383003711700439e-01,5.985071063041687012e-01,-2.932650744915008545e-01,6.620796024799346924e-02,-4.713967740535736084e-01,-1.571466028690338135e-02,-8.800031989812850952e-02,2.041119039058685303e-01,-6.656871736049652100e-02,2.788232825696468353e-02,-3.844587132334709167e-02,-4.166770577430725098e-01,2.806311547756195068e-01,-3.967880010604858398e-01,-5.104395747184753418e-01,-9.859439887804910541e-05,3.904920220375061035e-01,-1.756855100393295288e-02,3.544442951679229736e-01,8.852137625217437744e-02,1.087549328804016113e-01,6.284625083208084106e-02,-7.439781725406646729e-02
-2.865772008895874023e+00,-1.303573131561279297e+00,9.911004900932312012e-01,3.134944289922714233e-02,1.124410983175039291e-02,9.989895820617675781e-01,-3.017528913915157318e-02,8.743414282798767090e-02,-1.520858984440565109e-02,1.319789290428161621e-01,6.218277215957641602e-01,-2.677758336067199707e-01,6.415950506925582886e-02,-4.688036739826202393e-01,-1.174739003181457520e-02,-7.499897480010986328e-02,2.277948111295700073e-01,-5.249487608671188354e-02,2.006513997912406921e-02,-3.853318467736244202e-02,-4.283737242221832275e-01,2.812646329402923584e-01,-3.985232710838317871e-01,-5.056249499320983887e-01,-1.121607143431901932e-03,4.029909670352935791e-01,-1.460737083107233047e-02,3.543814122676849365e-01,8.468767255544662476e-02,1.143831238150596619e-01,6.230213120579719543e-02,-7.400257140398025513e-02
-2.880897283554077148e+00,-1.302524924278259277e+00,9.905940890312194824e-01,3.273504227399826050e-02,1.064696442335844040e-02,9.989676475524902344e-01,-2.964219264686107635e-02,8.974109590053558350e-02,-8.787048049271106720e-03,1.361977458000183105e-01,6.465011239051818848e-01,-2.353895455598831177e-01,6.148220971226692200e-02,-4.654612243175506592e-01,-7.582791615277528763e-03,-6.164626777172088623e-02,2.482393532991409302e-01,-3.625430911779403687e-02,1.007322221994400024e-02,-3.857814893126487732e-02,-4.382898807525634766e-01,2.818320393562316895e-01,-4.005043208599090576e-01,-4.994914531707763672e-01,-2.221538918092846870e-03,4.140349030494689941e-01,-1.232919842004776001e-02,3.548834919929504395e-01,8.003423362970352173e-02,1.200462579727172852e-01,6.233184412121772766e-02,-7.330912351608276367e-02
-2.896264076232910156e+00,-1.301300764083862305e+00,9.903344511985778809e-01,3.398206830024719238e-02,1.018000859767198563e-02,9.989399909973144531e-01,-2.933366037905216217e-02,9.176310151815414429e-02,-2.086948370561003685e-03,1.417133808135986328e-01,6.690624356269836426e-01,-1.951789855957031250e-01,6.501185148954391479e-02,-4.609913527965545654e-01,-4.346234258264303207e-03,-5.104118585586547852e-02,2.658044993877410889e-01,-1.298467442393302917e-02,6.354962009936571121e-03,-3.805217891931533813e-02,-4.465410411357879639e-01,2.821218073368072510e-01,-4.025643467903137207e-01,-4.922255575656890869e-01,-3.087900113314390182e-03,4.236275851726531982e-01,-1.069041248410940170e-02,3.558523058891296387e-01,7.442218810319900513e-02,1.257809251546859741e-01,6.280179321765899658e-02,-7.253234833478927612e-02
-2.911605119705200195e+00,-1.299951434135437012e+00,9.902545809745788574e-01,3.651910275220870972e-02,9.689357131719589233e-03,9.988612532615661621e-01,-2.913113497197628021e-02,9.479896724224090576e-02,5.666020326316356659e-03,1.494898498058319092e-01,6.931263208389282227e-01,-1.485223174095153809e-01,6.717925518751144409e-02,-4.563317894935607910e-01,-2.492538653314113617e-03,-4.550571367144584656e-02,2.858338654041290283e-01,1.495103258639574051e-02,1.021360326558351517e-02,-3.680816292762756348e-02,-4.526772499084472656e-01,2.818816602230072021e-01,-4.047080278396606445e-01,-4.830764532089233398e-01,-3.653600811958312988e-03,4.321104884147644043e-01,-9.691432118415832520e-03,3.569308519363403320e-01,6.839814037084579468e-02,1.312128454446792603e-01,6.405904144048690796e-02,-7.189493626356124878e-02
-2.927093982696533203e+00,-1.298627495765686035e+00,9.903475642204284668e-01,3.859004750847816467e-02,9.468422271311283112e-03,9.988034963607788086e-01,-2.850754000246524811e-02,9.359613806009292603e-02,1.315771695226430893e-02,1.579226404428482056e-01,7.183793187141418457e-01,-9.366960078477859497e-02,3.556644171476364136e-02,-4.506214559078216553e-01,-2.474970882758498192e-03,-4.604676738381385803e-02,3.072850108146667480e-01,3.533830866217613220e-02,1.174162700772285461e-02,-3.392030671238899231e-02,-4.569658339023590088e-01,2.809998691082000732e-01,-4.070740342140197754e-01,-4.728178679943084717e-01,-3.777384757995605469e-03,4.391079843044281006e-01,-9.405420161783695221e-03,3.579885959625244141e-01,6.154691055417060852e-02,1.361765712499618530e-01,6.579553335905075073e-02,-7.140468060970306396e-02
-2.942271947860717773e+00,-1.297159075736999512e+00,9.907171726226806641e-01,4.077732563018798828e-02,9.246331639587879181e-03,9.987487196922302246e-01,-2.743565477430820465e-02,9.012296795845031738e-02,2.192587964236736298e-02,1.650595813989639282e-01,7.470591068267822266e-01,-3.795999661087989807e-02,2.690420299768447876e-02,-4.442237019538879395e-01,-3.486254718154668808e-03,-5.143106728792190552e-02,3.288759887218475342e-01,5.030043795704841614e-02,1.173478178679943085e-02,-3.024177253246307373e-02,-4.597906768321990967e-01,2.796235382556915283e-01,-4.095747768878936768e-01,-4.618330299854278564e-01,-3.926140256226062775e-03,4.447384178638458252e-01,-9.862823411822319031e-03,3.588714599609375000e-01,5.364552140235900879e-02,1.406634896993637085e-01,6.796723604202270508e-02,-7.122078537940979004e-02
-2.957380771636962891e+00,-1.295785665512084961e+00,9.914647936820983887e-01,4.223563894629478455e-02,8.695237338542938232e-03,9.987089037895202637e-01,-2.685353904962539673e-02,8.144245296716690063e-02,3.218293190002441406e-02,1.704588681459426880e-01,7.793589830398559570e-01,1.869438402354717255e-02,2.222949825227260590e-02,-4.379568994045257568e-01,-4.374148789793252945e-03,-5.754740536212921143e-02,3.495970368385314941e-01,6.046790629625320435e-02,8.485413156449794769e-03,-2.755263447761535645e-02,-4.609145522117614746e-01,2.777682542800903320e-01,-4.121329486370086670e-01,-4.496597349643707275e-01,-3.790572052821516991e-03,4.485798478126525879e-01,-1.096616219729185104e-02,3.595875203609466553e-01,4.451660439372062683e-02,1.445873528718948364e-01,7.026746124029159546e-02,-7.116255164146423340e-02
-2.972034692764282227e+00,-1.294475436210632324e+00,9.925046563148498535e-01,4.376100748777389526e-02,7.809321396052837372e-03,9.986571073532104492e-01,-2.660745009779930115e-02,6.722608208656311035e-02,4.265151917934417725e-02,1.700244992971420288e-01,8.188028931617736816e-01,8.318851143121719360e-02,1.598460599780082703e-02,-4.306983649730682373e-01,-3.263042075559496880e-03,-6.031426787376403809e-02,3.691317737102508545e-01,6.410747021436691284e-02,-5.778814083896577358e-04,-2.509828656911849976e-02,-4.596692025661468506e-01,2.755034863948822021e-01,-4.148199856281280518e-01,-4.342098534107208252e-01,-2.720598131418228149e-03,4.507428109645843506e-01,-1.269292179495096207e-02,3.603369891643524170e-01,3.429329767823219299e-02,1.480949074029922485e-01,7.266747206449508667e-02,-7.127398997545242310e-02
-2.986270189285278320e+00,-1.293440699577331543e+00,9.938615560531616211e-01,4.490020498633384705e-02,6.345199886709451675e-03,9.986170530319213867e-01,-2.660171128809452057e-02,4.688010737299919128e-02,5.394249781966209412e-02,1.660972833633422852e-01,8.634904623031616211e-01,1.502085179090499878e-01,1.407121587544679642e-02,-4.220815002918243408e-01,6.187822436913847923e-04,-5.949388071894645691e-02,3.852597773075103760e-01,6.250711530447006226e-02,-1.711367070674896240e-02,-2.397496625781059265e-02,-4.568490386009216309e-01,2.729161977767944336e-01,-4.175134897232055664e-01,-4.174870252609252930e-01,-1.323773991316556931e-03,4.510620236396789551e-01,-1.502722781151533127e-02,3.613847196102142334e-01,2.275722846388816833e-02,1.515698879957199097e-01,7.507250458002090454e-02,-7.134006172418594360e-02
-3.000187873840332031e+00,-1.292165875434875488e+00,9.953155517578125000e-01,4.596964642405509949e-02,4.782455042004585266e-03,9.985855221748352051e-01,-2.628480270504951477e-02,2.123260311782360077e-02,6.628023087978363037e-02,1.599422544240951538e-01,9.125617742538452148e-01,2.172285169363021851e-01,1.398973260074853897e-02,-4.120417833328247070e-01,5.573753733187913895e-03,-5.988687649369239807e-02,3.994558155536651611e-01,5.545636638998985291e-02,-3.750128671526908875e-02,-2.126748301088809967e-02,-4.525542557239532471e-01,2.699656188488006592e-01,-4.203256666660308838e-01,-4.001018404960632324e-01,1.293650129809975624e-04,4.495743811130523682e-01,-1.787048578262329102e-02,3.624263107776641846e-01,1.039739511907100677e-02,1.547601073980331421e-01,7.730609923601150513e-02,-7.151719182729721069e-02
-3.013582706451416016e+00,-1.290932297706604004e+00,9.966951608657836914e-01,4.717640578746795654e-02,3.056838875636458397e-03,9.985572695732116699e-01,-2.546508610248565674e-02,-9.004771709442138672e-03,7.927973568439483643e-02,1.525394171476364136e-01,9.644817709922790527e-01,2.842485010623931885e-01,1.708112098276615143e-02,-4.029579162597656250e-01,1.072412263602018356e-02,-6.224376708269119263e-02,4.145082533359527588e-01,4.282846674323081970e-02,-5.167521163821220398e-02,-1.701784692704677582e-02,-4.467908442020416260e-01,2.667033970355987549e-01,-4.233724176883697510e-01,-3.820113241672515869e-01,1.397423679009079933e-03,4.464876651763916016e-01,-2.111724577844142914e-02,3.633586466312408447e-01,-2.529867459088563919e-03,1.575651615858078003e-01,7.928236573934555054e-02,-7.188780605792999268e-02
-3.026472330093383789e+00,-1.289547801017761230e+00,9.978305697441101074e-01,4.849100112915039062e-02,1.495956210419535637e-03,9.985235929489135742e-01,-2.443440444767475128e-02,-4.340809956192970276e-02,9.210221469402313232e-02,1.429035365581512451e-01,1.016401767730712891e+00,3.512685000896453857e-01,2.163573168218135834e-02,-3.932319283485412598e-01,1.584451273083686829e-02,-6.432062387466430664e-02,4.292614459991455078e-01,2.672792412340641022e-02,-6.230382248759269714e-02,-1.180184446275234222e-02,-4.395646154880523682e-01,2.630250453948974609e-01,-4.266913831233978271e-01,-3.634753823280334473e-01,2.703382167965173721e-03,4.418860375881195068e-01,-2.477879077196121216e-02,3.642891943454742432e-01,-1.583669520914554596e-02,1.602361202239990234e-01,8.096573501825332642e-02,-7.235277444124221802e-02
-3.038900375366210938e+00,-1.288133859634399414e+00,9.989246726036071777e-01,4.947547614574432373e-02,-2.476938534528017044e-04,9.984645843505859375e-01,-2.491080760955810547e-02,-8.025808632373809814e-02,1.053709164261817932e-01,1.316878944635391235e-01,1.062498688697814941e+00,4.182884991168975830e-01,2.789749391376972198e-02,-3.832562267780303955e-01,1.994108594954013824e-02,-6.933420896530151367e-02,4.424952864646911621e-01,7.938102819025516510e-03,-7.057993859052658081e-02,-8.591547608375549316e-03,-4.309891164302825928e-01,2.589271962642669678e-01,-4.305432438850402832e-01,-3.442474007606506348e-01,3.923162352293729782e-03,4.356719255447387695e-01,-2.872893959283828735e-02,3.650345206260681152e-01,-3.022245690226554871e-02,1.624633818864822388e-01,8.235565572977066040e-02,-7.294075191020965576e-02
-3.050970315933227539e+00,-1.286780953407287598e+00,1.000184893608093262e+00,4.926685243844985962e-02,-2.012482145801186562e-03,9.984300136566162109e-01,-2.657483331859111786e-02,-1.133618578314781189e-01,1.212686225771903992e-01,1.246689483523368835e-01,1.094372987747192383e+00,4.512351155281066895e-01,2.968535199761390686e-02,-3.736484646797180176e-01,2.328613586723804474e-02,-7.567004859447479248e-02,4.514456391334533691e-01,-1.016195490956306458e-02,-7.736483216285705566e-02,-8.633732795715332031e-03,-4.212803840637207031e-01,2.545310258865356445e-01,-4.349601268768310547e-01,-3.244113326072692871e-01,5.133628379553556442e-03,4.275830686092376709e-01,-3.311902284622192383e-02,3.657350540161132812e-01,-4.601746797561645508e-02,1.644121110439300537e-01,8.324424177408218384e-02,-7.381405681371688843e-02
-3.063008546829223633e+00,-1.285560131072998047e+00,1.001512289047241211e+00,4.938329011201858521e-02,-3.657726803794503212e-03,9.983926415443420410e-01,-2.756828069686889648e-02,-1.461778581142425537e-01,1.387439668178558350e-01,1.225270852446556091e-01,1.129374146461486816e+00,4.283604323863983154e-01,3.655130788683891296e-02,-3.617789447307586670e-01,2.689956687390804291e-02,-8.167488873004913330e-02,4.573867619037628174e-01,-2.850987948477268219e-02,-8.167248219251632690e-02,-7.950496859848499298e-03,-4.106093347072601318e-01,2.501890957355499268e-01,-4.398823380470275879e-01,-3.059255182743072510e-01,5.889681633561849594e-03,4.180867373943328857e-01,-3.778144344687461853e-02,3.665922880172729492e-01,-6.110760569572448730e-02,1.661479473114013672e-01,8.375456929206848145e-02,-7.456933706998825073e-02
-3.074998378753662109e+00,-1.284648060798645020e+00,1.003108620643615723e+00,4.937168583273887634e-02,-5.053450819104909897e-03,9.983785748481750488e-01,-2.787656523287296295e-02,-1.801988780498504639e-01,1.576136350631713867e-01,1.241056621074676514e-01,1.163588643074035645e+00,3.777142167091369629e-01,5.817313119769096375e-02,-3.484776318073272705e-01,3.035862743854522705e-02,-8.648556470870971680e-02,4.595643281936645508e-01,-4.436945170164108276e-02,-8.543876558542251587e-02,-6.191423162817955017e-03,-3.991430699825286865e-01,2.459253072738647461e-01,-4.450715482234954834e-01,-2.890112996101379395e-01,6.411570589989423752e-03,4.073956608772277832e-01,-4.254749789834022522e-02,3.674127161502838135e-01,-7.500572502613067627e-02,1.674452573060989380e-01,8.400569856166839600e-02,-7.516556233167648315e-02
-3.086678981781005859e+00,-1.284075260162353516e+00,1.004650473594665527e+00,4.933570697903633118e-02,-6.263258866965770721e-03,9.983908534049987793e-01,-2.724867686629295349e-02,-2.146695256233215332e-01,1.755276471376419067e-01,1.270022392272949219e-01,1.192514896392822266e+00,3.221701085567474365e-01,9.224703907966613770e-02,-3.351915776729583740e-01,3.376163169741630554e-02,-8.991054445505142212e-02,4.602952897548675537e-01,-5.826521664857864380e-02,-8.754970133304595947e-02,-3.389434656128287315e-03,-3.867837488651275635e-01,2.417816370725631714e-01,-4.507204592227935791e-01,-2.729943990707397461e-01,6.592114455997943878e-03,3.954529166221618652e-01,-4.761071875691413879e-02,3.683887124061584473e-01,-8.842201530933380127e-02,1.686255335807800293e-01,8.417803049087524414e-02,-7.557711750268936157e-02
-3.098521947860717773e+00,-1.283643722534179688e+00,1.006121516227722168e+00,4.862834513187408447e-02,-7.992785423994064331e-03,9.984554052352905273e-01,-2.565633133053779602e-02,-2.523707747459411621e-01,1.941910237073898315e-01,1.314598768949508667e-01,1.222199678421020508e+00,2.574985623359680176e-01,1.458511799573898315e-01,-3.222530782222747803e-01,3.861024230718612671e-02,-9.314895421266555786e-02,4.594995975494384766e-01,-7.253255695104598999e-02,-8.930382877588272095e-02,5.092791398055851460e-04,-3.687014877796173096e-01,2.354223877191543579e-01,-4.595462083816528320e-01,-2.405764013528823853e-01,6.110258400440216064e-03,3.773184120655059814e-01,-5.579471215605735779e-02,3.700767159461975098e-01,-1.159490868449211121e-01,1.711219996213912964e-01,8.454116433858871460e-02,-7.623086124658584595e-02
-3.110455513000488281e+00,-1.283366799354553223e+00,1.007812023162841797e+00,4.809838905930519104e-02,-8.878052234649658203e-03,9.985486865043640137e-01,-2.254397422075271606e-02,-2.843877673149108887e-01,2.033604681491851807e-01,1.320149153470993042e-01,1.236753344535827637e+00,2.104070335626602173e-01,1.744991391897201538e-01,-3.089534938335418701e-01,4.239389300346374512e-02,-9.370132535696029663e-02,4.579058587551116943e-01,-8.456015586853027344e-02,-8.947694301605224609e-02,5.774086341261863708e-03,-3.505360186100006104e-01,2.270409613847732544e-01,-4.692908525466918945e-01,-1.943092793226242065e-01,4.853933118283748627e-03,3.582353293895721436e-01,-6.656008213758468628e-02,3.726993799209594727e-01,-1.553512215614318848e-01,1.766463518142700195e-01,8.528188616037368774e-02,-7.664737105369567871e-02
-3.122089862823486328e+00,-1.282970190048217773e+00,1.009510517120361328e+00,4.829042404890060425e-02,-9.147677570581436157e-03,9.986278414726257324e-01,-1.807656325399875641e-02,-3.135367929935455322e-01,2.023865431547164917e-01,1.250315457582473755e-01,1.243011832237243652e+00,1.741553097963333130e-01,1.745000034570693970e-01,-2.948435544967651367e-01,4.581521078944206238e-02,-9.167283773422241211e-02,4.562807977199554443e-01,-9.578038007020950317e-02,-8.952224999666213989e-02,1.443960331380367279e-02,-3.326787948608398438e-01,2.185521721839904785e-01,-4.784117937088012695e-01,-1.652317494153976440e-01,3.975468687713146210e-03,3.395286500453948975e-01,-7.751236110925674438e-02,3.760387897491455078e-01,-1.791624426841735840e-01,1.809077858924865723e-01,8.655026555061340332e-02,-7.666021585464477539e-02
-3.133881807327270508e+00,-1.282799124717712402e+00,1.011239647865295410e+00,4.843910783529281616e-02,-8.784173056483268738e-03,9.986793994903564453e-01,-1.469515450298786163e-02,-3.394859135150909424e-01,1.962171047925949097e-01,1.165036112070083618e-01,1.240864753723144531e+00,1.382984071969985962e-01,1.745000034570693970e-01,-2.804523706436157227e-01,4.669304192066192627e-02,-9.103839099407196045e-02,4.544321596622467041e-01,-1.072965264320373535e-01,-8.903638273477554321e-02,1.973304152488708496e-02,-3.139761984348297119e-01,2.098258137702941895e-01,-4.872771501541137695e-01,-1.386828124523162842e-01,3.325243480503559113e-03,3.200860321521759033e-01,-8.914936333894729614e-02,3.802283406257629395e-01,-2.000162601470947266e-01,1.859858334064483643e-01,8.858779817819595337e-02,-7.586757838726043701e-02
-3.145815849304199219e+00,-1.282616138458251953e+00,1.012894988059997559e+00,4.848756268620491028e-02,-8.035403676331043243e-03,9.987244009971618652e-01,-1.157260406762361526e-02,-3.666342794895172119e-01,1.855344176292419434e-01,1.045590266585350037e-01,1.234434127807617188e+00,1.051445305347442627e-01,1.745000034570693970e-01,-2.661972939968109131e-01,4.650907590985298157e-02,-9.033782035112380981e-02,4.527238905429840088e-01,-1.188460513949394226e-01,-8.837092667818069458e-02,2.393652871251106262e-02,-2.942417860031127930e-01,2.006793022155761719e-01,-4.955477118492126465e-01,-1.128879040479660034e-01,3.301998833194375038e-03,2.994702458381652832e-01,-1.014745011925697327e-01,3.851228356361389160e-01,-2.197926193475723267e-01,1.916630566120147705e-01,9.131350368261337280e-02,-7.445319741964340210e-02
-3.157755136489868164e+00,-1.282512784004211426e+00,1.014497876167297363e+00,4.811301454901695251e-02,-7.487166672945022583e-03,9.987692236900329590e-01,-9.438023902475833893e-03,-3.921612203121185303e-01,1.717498749494552612e-01,9.004628658294677734e-02,1.220386028289794922e+00,7.655140012502670288e-02,1.745000034570693970e-01,-2.521124184131622314e-01,4.608784615993499756e-02,-9.098256379365921021e-02,4.500355124473571777e-01,-1.305058896541595459e-01,-8.877526223659515381e-02,2.638789638876914978e-02,-2.736223638057708740e-01,1.911907345056533813e-01,-5.029920339584350586e-01,-8.794732391834259033e-02,4.061779007315635681e-03,2.776707112789154053e-01,-1.143119037151336670e-01,3.909152746200561523e-01,-2.386021614074707031e-01,1.981372833251953125e-01,9.452247619628906250e-02,-7.273395359516143799e-02
-3.169937849044799805e+00,-1.282406926155090332e+00,1.015953421592712402e+00,4.710423201322555542e-02,-6.880861241370439529e-03,9.988282918930053711e-01,-8.708924986422061920e-03,-4.142034649848937988e-01,1.558618396520614624e-01,7.491698861122131348e-02,1.197737932205200195e+00,4.921672865748405457e-02,1.745000034570693970e-01,-2.387163490056991577e-01,4.486436024308204651e-02,-9.350490570068359375e-02,4.468958973884582520e-01,-1.416856199502944946e-01,-8.962650597095489502e-02,2.567726187407970428e-02,-2.522161304950714111e-01,1.813769489526748657e-01,-5.094881057739257812e-01,-6.400039792060852051e-02,5.937633570283651352e-03,2.544700205326080322e-01,-1.275334507226943970e-01,3.971620202064514160e-01,-2.574191987514495850e-01,2.048123776912689209e-01,9.774006903171539307e-02,-7.054293900728225708e-02
-3.182222366333007812e+00,-1.282360076904296875e+00,1.017199516296386719e+00,4.616699367761611938e-02,-6.278027780354022980e-03,9.988811016082763672e-01,-8.106348104774951935e-03,-4.387610852718353271e-01,1.394819766283035278e-01,5.861317738890647888e-02,1.174283266067504883e+00,2.408245764672756195e-02,1.745000034570693970e-01,-2.251262664794921875e-01,4.350771382451057434e-02,-9.640403091907501221e-02,4.438720345497131348e-01,-1.524294912815093994e-01,-9.181943535804748535e-02,2.468469738960266113e-02,-2.299242466688156128e-01,1.713087707757949829e-01,-5.155916213989257812e-01,-4.159799963235855103e-02,7.933666929602622986e-03,2.300269454717636108e-01,-1.410214602947235107e-01,4.037477076053619385e-01,-2.758477330207824707e-01,2.118762135505676270e-01,1.006860807538032532e-01,-6.802397966384887695e-02
-3.194673299789428711e+00,-1.282227516174316406e+00,1.018253803253173828e+00,4.469560086727142334e-02,-5.971859674900770187e-03,9.989512562751770020e-01,-7.937355898320674896e-03,-4.592758119106292725e-01,1.242084279656410217e-01,4.449763521552085876e-02,1.141667604446411133e+00,3.835358889773488045e-03,1.745000034570693970e-01,-2.127028852701187134e-01,4.249290376901626587e-02,-1.006213426589965820e-01,4.414236247539520264e-01,-1.636272221803665161e-01,-9.128541499376296997e-02,2.259871363639831543e-02,-2.068478465080261230e-01,1.611495167016983032e-01,-5.209685564041137695e-01,-2.085622586309909821e-02,1.052261143922805786e-02,2.044048309326171875e-01,-1.546443104743957520e-01,4.105429351329803467e-01,-2.939133644104003906e-01,2.181841135025024414e-01,1.029951423406600952e-01,-6.486639380455017090e-02
-3.207268714904785156e+00,-1.282042264938354492e+00,1.019146442413330078e+00,4.310183227062225342e-02,-5.864914972335100174e-03,9.990196228027343750e-01,-8.221847936511039734e-03,-4.777894616127014160e-01,1.106546819210052490e-01,3.243951126933097839e-02,1.104492187500000000e+00,-1.398755889385938644e-02,1.745000034570693970e-01,-2.003050446510314941e-01,4.173929244279861450e-02,-1.061206907033920288e-01,4.389957785606384277e-01,-1.750588417053222656e-01,-9.083532541990280151e-02,2.033558301627635956e-02,-1.831135749816894531e-01,1.509560197591781616e-01,-5.258429050445556641e-01,-1.282994751818478107e-03,1.301353052258491516e-02,1.777558028697967529e-01,-1.680667996406555176e-01,4.169676899909973145e-01,-3.116977810859680176e-01,2.235617786645889282e-01,1.045053154230117798e-01,-6.165723502635955811e-02
-3.219835281372070312e+00,-1.281858682632446289e+00,1.019720196723937988e+00,4.170342534780502319e-02,-6.068594753742218018e-03,9.990758299827575684e-01,-8.451472036540508270e-03,-4.925288558006286621e-01,9.922937303781509399e-02,2.331831678748130798e-02,1.061270356178283691e+00,-2.756905741989612579e-02,1.745000034570693970e-01,-1.873681992292404175e-01,4.193418473005294800e-02,-1.110337078571319580e-01,4.363066554069519043e-01,-1.866756975650787354e-01,-9.139291942119598389e-02,1.820766739547252655e-02,-1.587395370006561279e-01,1.408845186233520508e-01,-5.298861861228942871e-01,1.697700656950473785e-02,1.630587130784988403e-02,1.503224819898605347e-01,-1.811464726924896240e-01,4.227047264575958252e-01,-3.282195031642913818e-01,2.271786034107208252e-01,1.053285077214241028e-01,-5.839593708515167236e-02
-3.232404708862304688e+00,-1.281705260276794434e+00,1.020144104957580566e+00,4.015429317951202393e-02,-6.114222574979066849e-03,9.991354942321777344e-01,-8.858687244355678558e-03,-5.045958161354064941e-01,8.922487497329711914e-02,1.792428456246852875e-02,1.012270927429199219e+00,-3.576271981000900269e-02,1.745000034570693970e-01,-1.749785691499710083e-01,4.173579812049865723e-02,-1.156990453600883484e-01,4.341219365596771240e-01,-1.980750858783721924e-01,-9.190884977579116821e-02,1.526280585676431656e-02,-1.337637305259704590e-01,1.309448480606079102e-01,-5.330783724784851074e-01,3.380758687853813171e-02,2.000889368355274200e-02,1.220545172691345215e-01,-1.938385963439941406e-01,4.278829693794250488e-01,-3.437944948673248291e-01,2.287228405475616455e-01,1.054061204195022583e-01,-5.533232167363166809e-02
-3.245306253433227539e+00,-1.281683802604675293e+00,1.020407557487487793e+00,3.840487450361251831e-02,-6.157356780022382736e-03,9.992016553878784180e-01,-9.119456633925437927e-03,-5.138111710548400879e-01,8.087769150733947754e-02,1.702411286532878876e-02,9.579480886459350586e-01,-4.338519647717475891e-02,1.665183305740356445e-01,-1.632155776023864746e-01,4.141357541084289551e-02,-1.203265711665153503e-01,4.329773187637329102e-01,-2.102572023868560791e-01,-9.022116661071777344e-02,1.196221262216567993e-02,-1.080593839287757874e-01,1.210937127470970154e-01,-5.356549620628356934e-01,4.947102442383766174e-02,2.303204685449600220e-02,9.313850104808807373e-02,-2.061343938112258911e-01,4.324673712253570557e-01,-3.583887219429016113e-01,2.288939654827117920e-01,1.046937108039855957e-01,-5.194484815001487732e-02
-3.258006334304809570e+00,-1.281825900077819824e+00,1.020463466644287109e+00,3.702893480658531189e-02,-6.248378194868564606e-03,9.992613792419433594e-01,-8.159075863659381866e-03,-5.188633799552917480e-01,7.250200212001800537e-02,1.546631287783384323e-02,8.982901573181152344e-01,-4.331656172871589661e-02,1.537700742483139038e-01,-1.508696079254150391e-01,4.151868075132369995e-02,-1.232827529311180115e-01,4.311813414096832275e-01,-2.217982411384582520e-01,-8.956568688154220581e-02,1.191654335707426071e-02,-8.175954967737197876e-02,1.113899201154708862e-01,-5.375355482101440430e-01,6.419683247804641724e-02,2.595385350286960602e-02,6.394543498754501343e-02,-2.180166393518447876e-01,4.365126490592956543e-01,-3.715929985046386719e-01,2.275278866291046143e-01,1.034980639815330505e-01,-4.864786565303802490e-02
-3.270842075347900391e+00,-1.282029867172241211e+00,1.020432233810424805e+00,3.575961291790008545e-02,-6.291676778346300125e-03,9.993155002593994141e-01,-7.086321711540222168e-03,-5.206322073936462402e-01,6.503379344940185547e-02,1.617478393018245697e-02,8.333762884140014648e-01,-3.989651799201965332e-02,1.415708959102630615e-01,-1.384111046791076660e-01,4.123979434370994568e-02,-1.266397237777709961e-01,4.298224151134490967e-01,-2.329702824354171753e-01,-8.716948330402374268e-02,1.158873084932565689e-02,-5.450927466154098511e-02,1.014609634876251221e-01,-5.389891266822814941e-01,8.028347790241241455e-02,2.948587015271186829e-02,3.412542864680290222e-02,-2.298703491687774658e-01,4.405014514923095703e-01,-3.852913975715637207e-01,2.251356244087219238e-01,1.015408486127853394e-01,-4.451807588338851929e-02
-3.283894062042236328e+00,-1.282274127006530762e+00,1.020246148109436035e+00,3.435388579964637756e-02,-6.362115032970905304e-03,9.993717670440673828e-01,-5.954838823527097702e-03,-5.202634334564208984e-01,5.869323015213012695e-02,1.967680267989635468e-02,7.644400596618652344e-01,-3.418546542525291443e-02,1.277937293052673340e-01,-1.260856091976165771e-01,4.092075303196907043e-02,-1.295405328273773193e-01,4.287050068378448486e-01,-2.441818714141845703e-01,-8.435250073671340942e-02,1.119800470769405365e-02,-2.692952193319797516e-02,9.171088039875030518e-02,-5.400219559669494629e-01,9.384477138519287109e-02,3.267567232251167297e-02,4.164163488894701004e-03,-2.411444485187530518e-01,4.440840482711791992e-01,-3.966518044471740723e-01,2.213806211948394775e-01,9.924114495515823364e-02,-4.051293060183525085e-02
-3.296945333480834961e+00,-1.282514333724975586e+00,1.019686222076416016e+00,3.379881381988525391e-02,-6.423349957913160324e-03,9.993962645530700684e-01,-4.844992421567440033e-03,-5.164412260055541992e-01,5.318025499582290649e-02,2.587836235761642456e-02,6.934396624565124512e-01,-3.034964762628078461e-02,1.146505773067474365e-01,-1.127217635512351990e-01,4.048378393054008484e-02,-1.323522776365280151e-01,4.293038845062255859e-01,-2.558926343917846680e-01,-7.990077137947082520e-02,1.078984793275594711e-02,1.203327439725399017e-03,8.206249773502349854e-02,-5.406880974769592285e-01,1.067741215229034424e-01,3.547355532646179199e-02,-2.544287405908107758e-02,-2.518170475959777832e-01,4.478749930858612061e-01,-4.058156609535217285e-01,2.176591306924819946e-01,9.709548205137252808e-02,-3.674158081412315369e-02
-3.310363531112670898e+00,-1.282766222953796387e+00,1.019030332565307617e+00,3.287874162197113037e-02,-6.409863475710153580e-03,9.994331598281860352e-01,-3.362418152391910553e-03,-5.104607939720153809e-01,4.705734550952911377e-02,3.321876749396324158e-02,6.203384399414062500e-01,-3.197276219725608826e-02,9.828338772058486938e-02,-9.947710484266281128e-02,3.986983746290206909e-02,-1.348230689764022827e-01,4.290828406810760498e-01,-2.674424946308135986e-01,-7.868959754705429077e-02,1.114232465624809265e-02,2.953281998634338379e-02,7.251702249050140381e-02,-5.409237146377563477e-01,1.184365525841712952e-01,3.844713792204856873e-02,-5.481097474694252014e-02,-2.619450390338897705e-01,4.517953395843505859e-01,-4.130892157554626465e-01,2.137803286314010620e-01,9.469278156757354736e-02,-3.329424560070037842e-02
-3.323635578155517578e+00,-1.283060669898986816e+00,1.018099904060363770e+00,3.246844559907913208e-02,-6.218950264155864716e-03,9.994522929191589355e-01,-1.511420821771025658e-03,-5.028936862945556641e-01,4.004282131791114807e-02,3.990353271365165710e-02,5.486756563186645508e-01,-3.714976459741592407e-02,8.352308720350265503e-02,-8.594751358032226562e-02,3.889916464686393738e-02,-1.362082362174987793e-01,4.299295246601104736e-01,-2.796395421028137207e-01,-7.627099752426147461e-02,1.161515340209007263e-02,5.825147032737731934e-02,6.290950626134872437e-02,-5.410349369049072266e-01,1.291013360023498535e-01,4.073823243379592896e-02,-8.388695120811462402e-02,-2.714440822601318359e-01,4.560772776603698730e-01,-4.189569056034088135e-01,2.101608067750930786e-01,9.232645481824874878e-02,-2.951584756374359131e-02
-3.337000370025634766e+00,-1.283422470092773438e+00,1.017000436782836914e+00,3.211154043674468994e-02,-6.040172185748815536e-03,9.994660615921020508e-01,9.137964661931619048e-05,-4.945736229419708252e-01,3.235372155904769897e-02,4.703726246953010559e-02,4.782743752002716064e-01,-4.554978385567665100e-02,6.736450642347335815e-02,-7.261799275875091553e-02,3.761844336986541748e-02,-1.381532996892929077e-01,4.316401183605194092e-01,-2.914013266563415527e-01,-7.342477142810821533e-02,1.189347356557846069e-02,8.721556514501571655e-02,5.323814973235130310e-02,-5.409756302833557129e-01,1.386735141277313232e-01,4.231838881969451904e-02,-1.125060468912124634e-01,-2.804015874862670898e-01,4.607888758182525635e-01,-4.233475923538208008e-01,2.067278176546096802e-01,9.013161808252334595e-02,-2.586202509701251984e-02
-3.350532054901123047e+00,-1.283804416656494141e+00,1.015622735023498535e+00,3.177988901734352112e-02,-5.703948903828859329e-03,9.994767904281616211e-01,1.919705537147819996e-03,-4.859252870082855225e-01,2.435781247913837433e-02,5.379888042807579041e-02,4.125499725341796875e-01,-5.481207370758056641e-02,5.122105404734611511e-02,-5.724928528070449829e-02,3.538330644369125366e-02,-1.419808119535446167e-01,4.304078817367553711e-01,-3.059360980987548828e-01,-6.867007166147232056e-02,1.265453640371561050e-02,1.162405237555503845e-01,4.350806027650833130e-02,-5.405535101890563965e-01,1.466554850339889526e-01,4.367092996835708618e-02,-1.406835466623306274e-01,-2.888479232788085938e-01,4.660152196884155273e-01,-4.266977608203887939e-01,2.032991498708724976e-01,8.797398954629898071e-02,-2.230140939354896545e-02
-3.363964796066284180e+00,-1.284141302108764648e+00,1.014154076576232910e+00,3.180172294378280640e-02,-5.496353376656770706e-03,9.994736313819885254e-01,3.307787002995610237e-03,-4.793953597545623779e-01,1.643190532922744751e-02,6.020064279437065125e-02,3.529999852180480957e-01,-6.353119760751724243e-02,3.249451518058776855e-02,-4.225277900695800781e-02,3.384931758046150208e-02,-1.442949771881103516e-01,4.308847188949584961e-01,-3.184932172298431396e-01,-6.297899037599563599e-02,1.164059340953826904e-02,1.453758925199508667e-01,3.372060880064964294e-02,-5.395227074623107910e-01,1.539676338434219360e-01,4.572618752717971802e-02,-1.682749986648559570e-01,-2.967858314514160156e-01,4.723747968673706055e-01,-4.279459416866302490e-01,2.015318274497985840e-01,8.613216876983642578e-02,-1.837606914341449738e-02
-3.377571582794189453e+00,-1.284910798072814941e+00,1.012721419334411621e+00,3.144792094826698303e-02,-5.379156675189733505e-03,9.994772672653198242e-01,5.226171575486660004e-03,-4.721648395061492920e-01,9.184680879116058350e-03,6.587384641170501709e-02,2.978442907333374023e-01,-7.187192887067794800e-02,9.803016670048236847e-03,-2.956471592187881470e-02,3.067079558968544006e-02,-1.483748853206634521e-01,4.343585371971130371e-01,-3.293794393539428711e-01,-5.725889280438423157e-02,1.158120110630989075e-02,1.743584722280502319e-01,2.389450371265411377e-02,-5.379623174667358398e-01,1.594790071249008179e-01,4.825597256422042847e-02,-1.955615282058715820e-01,-3.041329085826873779e-01,4.796090424060821533e-01,-4.288679659366607666e-01,2.003682255744934082e-01,8.434579521417617798e-02,-1.437527313828468323e-02
-3.390961408615112305e+00,-1.285619378089904785e+00,1.011229753494262695e+00,3.117908164858818054e-02,-5.354132503271102905e-03,9.994760751724243164e-01,6.836644839495420456e-03,-4.656302630901336670e-01,2.524873940274119377e-03,6.960329413414001465e-02,2.488501816987991333e-01,-8.008218556642532349e-02,-8.529168553650379181e-03,-1.758009754121303558e-02,2.832970023155212402e-02,-1.507550925016403198e-01,4.388550817966461182e-01,-3.381062746047973633e-01,-5.074177309870719910e-02,1.064315531402826309e-02,2.027589529752731323e-01,1.432066131383180618e-02,-5.360431075096130371e-01,1.633179783821105957e-01,5.039708316326141357e-02,-2.220667600631713867e-01,-3.108529448509216309e-01,4.875780642032623291e-01,-4.287094175815582275e-01,2.000087201595306396e-01,8.325467258691787720e-02,-1.085563376545906067e-02
-3.404307126998901367e+00,-1.286343812942504883e+00,1.009712457656860352e+00,3.054175898432731628e-02,-5.404273979365825653e-03,9.994840621948242188e-01,8.342746645212173462e-03,-4.604542851448059082e-01,-3.322574542835354805e-03,7.155123353004455566e-02,2.073188275098800659e-01,-8.883375674486160278e-02,-2.405514195561408997e-02,-6.353034637868404388e-03,2.670725807547569275e-02,-1.515755802392959595e-01,4.432198703289031982e-01,-3.464877009391784668e-01,-4.708519950509071350e-02,9.372613392770290375e-03,2.307935208082199097e-01,4.812784027308225632e-03,-5.336793661117553711e-01,1.657117903232574463e-01,5.238426849246025085e-02,-2.483364939689636230e-01,-3.167998194694519043e-01,4.960917532444000244e-01,-4.276013970375061035e-01,1.997528821229934692e-01,8.178725838661193848e-02,-7.003489881753921509e-03
-3.417571306228637695e+00,-1.287174463272094727e+00,1.008175134658813477e+00,3.018377162516117096e-02,-5.670594517141580582e-03,9.994783997535705566e-01,9.983995929360389709e-03,-4.559298753738403320e-01,-8.013037964701652527e-03,7.303756475448608398e-02,1.747527569532394409e-01,-9.680819511413574219e-02,-3.327679634094238281e-02,3.560377052053809166e-03,2.493684925138950348e-02,-1.523285508155822754e-01,4.507093131542205811e-01,-3.520686030387878418e-01,-4.221917316317558289e-02,8.490760810673236847e-03,2.583934962749481201e-01,-4.356733057647943497e-03,-5.307075381278991699e-01,1.664158552885055542e-01,5.519837513566017151e-02,-2.742327451705932617e-01,-3.220241963863372803e-01,5.051286220550537109e-01,-4.256670475006103516e-01,1.994671374559402466e-01,7.991062104701995850e-02,-3.375905333086848259e-03
-3.430668354034423828e+00,-1.287948608398437500e+00,1.006604194641113281e+00,2.948997542262077332e-02,-6.371021270751953125e-03,9.994792342185974121e-01,1.144362147897481918e-02,-4.554322361946105957e-01,-1.068580895662307739e-02,7.447683066129684448e-02,1.572613418102264404e-01,-1.070089787244796753e-01,-4.091864079236984253e-02,1.218874193727970123e-02,2.467924170196056366e-02,-1.515917927026748657e-01,4.587076306343078613e-01,-3.566041886806488037e-01,-3.818805143237113953e-02,7.501111831516027451e-03,2.790706753730773926e-01,-1.112050004303455353e-02,-5.278927683830261230e-01,1.670813411474227905e-01,5.652768164873123169e-02,-2.937967777252197266e-01,-3.257478773593902588e-01,5.118086934089660645e-01,-4.256152510643005371e-01,1.993997991085052490e-01,7.911602407693862915e-02,-2.176468260586261749e-03
-3.443556547164916992e+00,-1.288722991943359375e+00,1.004947304725646973e+00,2.941908873617649078e-02,-6.891143973916769028e-03,9.994682073593139648e-01,1.226263027638196945e-02,-4.531419873237609863e-01,-1.354106422513723373e-02,7.633604854345321655e-02,1.452299654483795166e-01,-1.141779422760009766e-01,-4.990985244512557983e-02,2.013077028095722198e-02,2.376793138682842255e-02,-1.504722982645034790e-01,4.702331125736236572e-01,-3.600561618804931641e-01,-3.311698511242866516e-02,6.249154452234506607e-03,3.006303906440734863e-01,-1.811399683356285095e-02,-5.249040126800537109e-01,1.682504862546920776e-01,5.757243186235427856e-02,-3.138037025928497314e-01,-3.292529881000518799e-01,5.184774398803710938e-01,-4.249011278152465820e-01,1.989188790321350098e-01,7.806649804115295410e-02,-9.402501164004206657e-04
-3.456367254257202148e+00,-1.289477586746215820e+00,1.003230810165405273e+00,2.945571951568126678e-02,-7.255396340042352676e-03,9.994589090347290039e-01,1.271083205938339233e-02,-4.511169195175170898e-01,-1.593223586678504944e-02,8.029972761869430542e-02,1.427377015352249146e-01,-1.190316230058670044e-01,-6.207172572612762451e-02,2.701758593320846558e-02,2.231370471417903900e-02,-1.499025076627731323e-01,4.839732050895690918e-01,-3.624174296855926514e-01,-2.862456254661083221e-02,4.419886041432619095e-03,3.224290907382965088e-01,-2.520401403307914734e-02,-5.216484665870666504e-01,1.690957844257354736e-01,5.844523757696151733e-02,-3.338683247566223145e-01,-3.324077427387237549e-01,5.248571634292602539e-01,-4.235312342643737793e-01,1.977204084396362305e-01,7.669666409492492676e-02,5.552262882702052593e-04
-3.468975305557250977e+00,-1.290253996849060059e+00,1.001424908638000488e+00,3.044068627059459686e-02,-7.584982085973024368e-03,9.994190335273742676e-01,1.331938896328210831e-02,-4.482533335685729980e-01,-1.709338277578353882e-02,8.323844522237777710e-02,1.502050906419754028e-01,-1.247859671711921692e-01,-7.263407856225967407e-02,3.416812792420387268e-02,2.044382505118846893e-02,-1.495636105537414551e-01,5.003564357757568359e-01,-3.629806339740753174e-01,-2.208244055509567261e-02,3.677900880575180054e-03,3.441659212112426758e-01,-3.217251226305961609e-02,-5.182501077651977539e-01,1.694592237472534180e-01,5.910947918891906738e-02,-3.532911539077758789e-01,-3.349998295307159424e-01,5.306398272514343262e-01,-4.205232262611389160e-01,1.952891200780868530e-01,7.511034607887268066e-02,1.605131546966731548e-03
-3.481697797775268555e+00,-1.291033148765563965e+00,9.996411800384521484e-01,3.159553557634353638e-02,-7.814751006662845612e-03,9.993721842765808105e-01,1.399445906281471252e-02,-4.454683363437652588e-01,-1.740542985498905182e-02,8.311937749385833740e-02,1.656047105789184570e-01,-1.273553520441055298e-01,-7.549667358398437500e-02,4.070478305220603943e-02,1.802450604736804962e-02,-1.484997272491455078e-01,5.187302827835083008e-01,-3.619336783885955811e-01,-1.687898114323616028e-02,3.682952607050538063e-03,3.653905689716339111e-01,-3.883929178118705750e-02,-5.151476860046386719e-01,1.695151329040527344e-01,5.900911986827850342e-02,-3.716717362403869629e-01,-3.369622230529785156e-01,5.356051921844482422e-01,-4.157620370388031006e-01,1.913264244794845581e-01,7.348788529634475708e-02,2.369910944253206253e-03
-3.494328260421752930e+00,-1.291782021522521973e+00,9.980625510215759277e-01,3.204919025301933289e-02,-7.612864952534437180e-03,9.993534684181213379e-01,1.440483424812555313e-02,-4.418943226337432861e-01,-1.778114959597587585e-02,8.049944043159484863e-02,1.853588670492172241e-01,-1.190882697701454163e-01,-6.883911043405532837e-02,4.760509729385375977e-02,1.528586167842149734e-02,-1.480017900466918945e-01,5.333127379417419434e-01,-3.599867820739746094e-01,-1.205240190029144287e-02,4.848147742450237274e-03,3.854753077030181885e-01,-4.509307444095611572e-02,-5.128422379493713379e-01,1.685127615928649902e-01,5.776860192418098450e-02,-3.890227675437927246e-01,-3.386163413524627686e-01,5.397087335586547852e-01,-4.096438884735107422e-01,1.861118972301483154e-01,7.180076837539672852e-02,2.672211034223437309e-03
-3.507001638412475586e+00,-1.292758107185363770e+00,9.965124130249023438e-01,3.370544314384460449e-02,-7.772042416036128998e-03,9.992903470993041992e-01,1.491019595414400101e-02,-4.435611069202423096e-01,-1.722854189574718475e-02,7.781320065259933472e-02,2.116218805313110352e-01,-1.063714325428009033e-01,-5.737200379371643066e-02,5.327291041612625122e-02,1.207545027136802673e-02,-1.475364714860916138e-01,5.545075535774230957e-01,-3.530152440071105957e-01,-6.022980436682701111e-03,4.371430259197950363e-03,4.044417440891265869e-01,-5.074477568268775940e-02,-5.108815431594848633e-01,1.672785431146621704e-01,5.613597482442855835e-02,-4.047601819038391113e-01,-3.395816385746002197e-01,5.432441830635070801e-01,-4.024744927883148193e-01,1.800015121698379517e-01,7.046517729759216309e-02,2.755955094471573830e-03
-3.520054578781127930e+00,-1.293951272964477539e+00,9.949700832366943359e-01,3.463076800107955933e-02,-8.218036033213138580e-03,9.992535114288330078e-01,1.501972787082195282e-02,-4.419702589511871338e-01,-1.600947231054306030e-02,7.902161777019500732e-02,2.336222231388092041e-01,-9.803867340087890625e-02,-4.952646791934967041e-02,5.813176929950714111e-02,9.345179423689842224e-03,-1.475091427564620972e-01,5.745154023170471191e-01,-3.448709249496459961e-01,9.150331025011837482e-04,2.561555244028568268e-03,4.219828844070434570e-01,-5.585187673568725586e-02,-5.093805193901062012e-01,1.650475710630416870e-01,5.406162887811660767e-02,-4.189410209655761719e-01,-3.398791253566741943e-01,5.463641285896301270e-01,-3.947887718677520752e-01,1.735578477382659912e-01,6.947579234838485718e-02,2.769379643723368645e-03
-3.533343553543090820e+00,-1.295126795768737793e+00,9.936259388923645020e-01,3.564693406224250793e-02,-8.766576647758483887e-03,9.992012977600097656e-01,1.578603126108646393e-02,-4.392349123954772949e-01,-1.397983264178037643e-02,8.344961702823638916e-02,2.509181499481201172e-01,-8.698435127735137939e-02,-3.105092421174049377e-02,6.229162961244583130e-02,6.400156766176223755e-03,-1.466219425201416016e-01,5.964668989181518555e-01,-3.323075473308563232e-01,1.014111470431089401e-02,3.098794550169259310e-04,4.379302263259887695e-01,-6.034147739410400391e-02,-5.081018805503845215e-01,1.620194017887115479e-01,5.215113610029220581e-02,-4.314914345741271973e-01,-3.395421504974365234e-01,5.494625568389892578e-01,-3.869691491127014160e-01,1.673548668622970581e-01,6.881467252969741821e-02,2.799205249175429344e-03
-3.546648025512695312e+00,-1.296392917633056641e+00,9.924134016036987305e-01,3.646178543567657471e-02,-9.067643433809280396e-03,9.991404414176940918e-01,1.751149818301200867e-02,-4.362404346466064453e-01,-1.184959430247545242e-02,9.197370707988739014e-02,2.661286294460296631e-01,-6.805135309696197510e-02,-2.594331279397010803e-03,7.019329071044921875e-02,3.149718977510929108e-03,-1.457233428955078125e-01,6.141432523727416992e-01,-3.180874586105346680e-01,1.959993876516819000e-02,-1.167856622487306595e-03,4.522592127323150635e-01,-6.433428078889846802e-02,-5.071319341659545898e-01,1.580006182193756104e-01,5.017023906111717224e-02,-4.425489008426666260e-01,-3.386639654636383057e-01,5.527127981185913086e-01,-3.792055249214172363e-01,1.615723222494125366e-01,6.846015900373458862e-02,3.105292096734046936e-03
-3.560096979141235352e+00,-1.297794938087463379e+00,9.913892149925231934e-01,3.818017244338989258e-02,-9.342801757156848907e-03,9.990360736846923828e-01,1.954345405101776123e-02,-4.309045672416687012e-01,-9.091318584978580475e-03,9.843561798334121704e-02,2.795614898204803467e-01,-4.003261029720306396e-02,1.965370029211044312e-02,7.030251622200012207e-02,-1.665326301008462906e-03,-1.426749527454376221e-01,6.408362984657287598e-01,-2.974584102630615234e-01,2.916050143539905548e-02,-2.543219830840826035e-03,4.651125967502593994e-01,-6.787079572677612305e-02,-5.065910220146179199e-01,1.534534096717834473e-01,4.810531809926033020e-02,-4.518261253833770752e-01,-3.373224139213562012e-01,5.563875436782836914e-01,-3.710862398147583008e-01,1.564250290393829346e-01,6.875857710838317871e-02,3.799563040956854820e-03
-3.573443174362182617e+00,-1.299277067184448242e+00,9.905912280082702637e-01,3.993669152259826660e-02,-9.620372205972671509e-03,9.989136457443237305e-01,2.200169302523136139e-02,-4.248520731925964355e-01,-6.174614652991294861e-03,1.032245755195617676e-01,2.930585741996765137e-01,-1.362485997378826141e-02,2.876381017267704010e-02,6.313103437423706055e-02,-8.534953929483890533e-03,-1.394576132297515869e-01,6.787865757942199707e-01,-2.697176337242126465e-01,4.741684347391128540e-02,-3.146652365103363991e-03,4.763987362384796143e-01,-7.080920785665512085e-02,-5.062484741210937500e-01,1.481498628854751587e-01,4.615833237767219543e-02,-4.595080614089965820e-01,-3.355661332607269287e-01,5.604149699211120605e-01,-3.623937070369720459e-01,1.522122770547866821e-01,6.957998871803283691e-02,4.715944174677133560e-03
-3.586538314819335938e+00,-1.300714612007141113e+00,9.896972775459289551e-01,4.150344058871269226e-02,-9.058617055416107178e-03,9.987953901290893555e-01,2.455847896635532379e-02,-4.191080331802368164e-01,-5.712704267352819443e-03,1.058502942323684692e-01,3.085563182830810547e-01,4.577704705297946930e-03,3.928269818425178528e-02,5.628691986203193665e-02,-1.677029766142368317e-02,-1.342559605836868286e-01,7.130308151245117188e-01,-2.371043115854263306e-01,6.417073309421539307e-02,-2.436564071103930473e-03,4.860607981681823730e-01,-7.315494120121002197e-02,-5.061274170875549316e-01,1.414431780576705933e-01,4.404562339186668396e-02,-4.658244550228118896e-01,-3.336022198200225830e-01,5.646370053291320801e-01,-3.527847528457641602e-01,1.484964936971664429e-01,7.084061950445175171e-02,5.589573178440332413e-03
-3.599257469177246094e+00,-1.302102208137512207e+00,9.890609979629516602e-01,4.292262718081474304e-02,-8.179577067494392395e-03,9.986935853958129883e-01,2.649274468421936035e-02,-4.161435067653656006e-01,-5.682591348886489868e-03,1.086083725094795227e-01,3.292629718780517578e-01,1.940924301743507385e-02,4.871955886483192444e-02,4.653219878673553467e-02,-2.579388022422790527e-02,-1.292102187871932983e-01,7.503470182418823242e-01,-2.017428576946258545e-01,7.895150035619735718e-02,-2.754266839474439621e-03,4.939303100109100342e-01,-7.483021914958953857e-02,-5.062579512596130371e-01,1.334691941738128662e-01,4.165561869740486145e-02,-4.707192778587341309e-01,-3.314740955829620361e-01,5.689828395843505859e-01,-3.424455523490905762e-01,1.452203541994094849e-01,7.245059311389923096e-02,6.532345898449420929e-03
-3.611660957336425781e+00,-1.303270220756530762e+00,9.886606335639953613e-01,4.431880638003349304e-02,-7.045060861855745316e-03,9.986228346824645996e-01,2.717829309403896332e-02,-4.147709906101226807e-01,-6.396534387022256851e-03,1.102834045886993408e-01,3.537385761737823486e-01,2.607964724302291870e-02,5.766147002577781677e-02,3.375606983900070190e-02,-3.433296829462051392e-02,-1.226734593510627747e-01,7.928377985954284668e-01,-1.615915000438690186e-01,8.162468671798706055e-02,-4.368690773844718933e-03,4.998819828033447266e-01,-7.566363364458084106e-02,-5.068846940994262695e-01,1.242921575903892517e-01,3.888151794672012329e-02,-4.742026329040527344e-01,-3.291056156158447266e-01,5.727978348731994629e-01,-3.310744762420654297e-01,1.416189968585968018e-01,7.418166100978851318e-02,7.170465309172868729e-03
-3.623588085174560547e+00,-1.304216027259826660e+00,9.886139035224914551e-01,4.557987675070762634e-02,-5.807772744446992874e-03,9.985706806182861328e-01,2.730048634111881256e-02,-4.141414761543273926e-01,-7.865753024816513062e-03,1.104754805564880371e-01,3.802928030490875244e-01,2.059766836464405060e-02,6.747613847255706787e-02,1.641860231757164001e-02,-4.254057258367538452e-02,-1.153210848569869995e-01,8.395799994468688965e-01,-1.188610568642616272e-01,7.803001999855041504e-02,-6.435530725866556168e-03,5.038152933120727539e-01,-7.542963325977325439e-02,-5.079756975173950195e-01,1.141337305307388306e-01,3.588040918111801147e-02,-4.762150347232818604e-01,-3.265310227870941162e-01,5.758981704711914062e-01,-3.186289370059967041e-01,1.378238052129745483e-01,7.593220472335815430e-02,7.848961278796195984e-03
-3.635146379470825195e+00,-1.305040955543518066e+00,9.889068007469177246e-01,4.653157293796539307e-02,-4.553089849650859833e-03,9.985305070877075195e-01,2.740345522761344910e-02,-4.129495322704315186e-01,-9.895948693156242371e-03,1.103360801935195923e-01,4.049160480499267578e-01,1.293543446809053421e-02,7.661844789981842041e-02,-4.551635589450597763e-03,-5.022301524877548218e-02,-1.065088659524917603e-01,8.881080150604248047e-01,-7.343464344739913940e-02,6.985511630773544312e-02,-8.947756141424179077e-03,5.055298805236816406e-01,-7.410699129104614258e-02,-5.095077753067016602e-01,1.026254147291183472e-01,3.264757245779037476e-02,-4.767833054065704346e-01,-3.235248923301696777e-01,5.782678723335266113e-01,-3.052939474582672119e-01,1.335672587156295776e-01,7.767508178949356079e-02,8.400823920965194702e-03
-3.646264791488647461e+00,-1.305836200714111328e+00,9.894719123840332031e-01,4.751594737172126770e-02,-3.417969681322574615e-03,9.984909296035766602e-01,2.731991559267044067e-02,-4.095083475112915039e-01,-1.166429091244935989e-02,1.108824387192726135e-01,4.251311719417572021e-01,3.166697220876812935e-03,8.465200662612915039e-02,-2.930224686861038208e-02,-5.801971629261970520e-02,-9.804943203926086426e-02,9.391096830368041992e-01,-2.398278564214706421e-02,5.620640143752098083e-02,-1.114956568926572800e-02,5.050103664398193359e-01,-7.146269828081130981e-02,-5.113767385482788086e-01,9.043951332569122314e-02,2.933633886277675629e-02,-4.757405817508697510e-01,-3.200361132621765137e-01,5.794093608856201172e-01,-2.909744381904602051e-01,1.282410025596618652e-01,7.924763113260269165e-02,8.936356753110885620e-03
-3.656888723373413086e+00,-1.306609988212585449e+00,9.904555082321166992e-01,4.821413010358810425e-02,-2.213294850662350655e-03,9.984505176544189453e-01,2.769522927701473236e-02,-4.036121964454650879e-01,-1.345987338572740555e-02,1.135788485407829285e-01,4.395866096019744873e-01,-7.603314705193042755e-03,8.891736716032028198e-02,-5.803117156028747559e-02,-6.602779030799865723e-02,-8.819025009870529175e-02,9.902338981628417969e-01,2.756054513156414032e-02,3.845809027552604675e-02,-1.430777367204427719e-02,5.021693706512451172e-01,-6.759703904390335083e-02,-5.131858587265014648e-01,7.725719362497329712e-02,2.655601315200328827e-02,-4.731826484203338623e-01,-3.158442080020904541e-01,5.797619223594665527e-01,-2.761175334453582764e-01,1.224054917693138123e-01,8.056186884641647339e-02,9.531006217002868652e-03
-3.667400598526000977e+00,-1.307613968849182129e+00,9.915974140167236328e-01,4.881021007895469666e-02,-9.076613932847976685e-04,9.983757734298706055e-01,2.936999686062335968e-02,-3.951265513896942139e-01,-1.492263097316026688e-02,1.190522238612174988e-01,4.491923749446868896e-01,-1.909136772155761719e-02,9.442415833473205566e-02,-8.871977776288986206e-02,-7.512535154819488525e-02,-7.837243378162384033e-02,1.039687871932983398e+00,8.090826869010925293e-02,2.319842018187046051e-02,-1.664401963353157043e-02,4.971386492252349854e-01,-6.260977685451507568e-02,-5.149043798446655273e-01,6.306516379117965698e-02,2.412538044154644012e-02,-4.691846370697021484e-01,-3.108422458171844482e-01,5.794157981872558594e-01,-2.612400352954864502e-01,1.160771623253822327e-01,8.167527616024017334e-02,1.042408496141433716e-02
-3.677347421646118164e+00,-1.308780074119567871e+00,9.925482869148254395e-01,4.977238550782203674e-02,7.939352653920650482e-04,9.982403516769409180e-01,3.222252428531646729e-02,-3.856436014175415039e-01,-1.641653664410114288e-02,1.270215511322021484e-01,4.582832157611846924e-01,-3.239159286022186279e-02,9.967203438282012939e-02,-1.204589828848838806e-01,-8.694767206907272339e-02,-6.907508522272109985e-02,1.085955500602722168e+00,1.296146363019943237e-01,2.969193039461970329e-03,-1.757340133190155029e-02,4.900562465190887451e-01,-5.667411163449287415e-02,-5.162041187286376953e-01,4.790133610367774963e-02,2.228699810802936554e-02,-4.634538888931274414e-01,-3.051476180553436279e-01,5.789898633956909180e-01,-2.457933425903320312e-01,1.096727102994918823e-01,8.271665871143341064e-02,1.186261698603630066e-02
-3.687147617340087891e+00,-1.309934854507446289e+00,9.936139583587646484e-01,5.046344920992851257e-02,2.708893502131104469e-03,9.980493187904357910e-01,3.665542975068092346e-02,-3.749174773693084717e-01,-1.705017127096652985e-02,1.387357264757156372e-01,4.646599292755126953e-01,-4.561221227049827576e-02,1.024377644062042236e-01,-1.506233364343643188e-01,-1.052464321255683899e-01,-6.671055406332015991e-02,1.124304413795471191e+00,1.638689786195755005e-01,-1.355817634612321854e-02,-1.568548195064067841e-02,4.809008538722991943e-01,-4.986641556024551392e-02,-5.171677470207214355e-01,3.195604681968688965e-02,2.095214836299419403e-02,-4.561261832714080811e-01,-2.989616692066192627e-01,5.789945125579833984e-01,-2.302084565162658691e-01,1.039251163601875305e-01,8.371709287166595459e-02,1.370360516011714935e-02
-3.696810007095336914e+00,-1.311084389686584473e+00,9.949606060981750488e-01,5.097305402159690857e-02,4.566797520965337753e-03,9.978391528129577637e-01,4.120624810457229614e-02,-3.623822331428527832e-01,-1.778403855860233307e-02,1.516376882791519165e-01,4.666323661804199219e-01,-5.807696282863616943e-02,1.042255163192749023e-01,-1.792458444833755493e-01,-1.290708929300308228e-01,-7.137767225503921509e-02,1.157789826393127441e+00,1.722936928272247314e-01,-3.276528045535087585e-02,-1.298775896430015564e-02,4.698379039764404297e-01,-4.228400811553001404e-02,-5.175211429595947266e-01,1.613956317305564880e-02,2.046361379325389862e-02,-4.473130106925964355e-01,-2.925142645835876465e-01,5.791899561882019043e-01,-2.154043763875961304e-01,9.905858337879180908e-02,8.470676839351654053e-02,1.562818139791488647e-02
-3.706389188766479492e+00,-1.312235593795776367e+00,9.964935183525085449e-01,5.199419707059860229e-02,6.402868311852216721e-03,9.976184368133544922e-01,4.486759006977081299e-02,-3.476274311542510986e-01,-1.967758126556873322e-02,1.635256111621856689e-01,4.657849073410034180e-01,-6.885538995265960693e-02,1.061291992664337158e-01,-2.064618766307830811e-01,-1.556979715824127197e-01,-8.034904301166534424e-02,1.188320994377136230e+00,1.603281646966934204e-01,-5.288171023130416870e-02,-1.126090716570615768e-02,4.572248458862304688e-01,-3.419037535786628723e-02,-5.173881053924560547e-01,1.351825310848653316e-03,2.039810456335544586e-02,-4.371104538440704346e-01,-2.861196398735046387e-01,5.796957612037658691e-01,-2.014391720294952393e-01,9.537709504365921021e-02,8.588776737451553345e-02,1.743276603519916534e-02
-3.716145515441894531e+00,-1.313199281692504883e+00,9.982193112373352051e-01,5.301954597234725952e-02,8.114147931337356567e-03,9.974616169929504395e-01,4.683426767587661743e-02,-3.317232131958007812e-01,-2.271193824708461761e-02,1.736840605735778809e-01,4.624090790748596191e-01,-7.796317338943481445e-02,1.071311905980110168e-01,-2.319038212299346924e-01,-1.812613159418106079e-01,-9.102653712034225464e-02,1.213387489318847656e+00,1.367846876382827759e-01,-7.982432097196578979e-02,-1.114310324192047119e-02,4.431524276733398438e-01,-2.563869208097457886e-02,-5.169242024421691895e-01,-1.260306406766176224e-02,2.070595324039459229e-02,-4.256258904933929443e-01,-2.799533605575561523e-01,5.805460810661315918e-01,-1.881524771451950073e-01,9.267692267894744873e-02,8.723522722721099854e-02,1.904002949595451355e-02
-3.725869417190551758e+00,-1.314128756523132324e+00,1.000051259994506836e+00,5.406463891267776489e-02,9.744361974298954010e-03,9.973626136779785156e-01,4.743250086903572083e-02,-3.158395588397979736e-01,-2.694301307201385498e-02,1.812280863523483276e-01,4.582161009311676025e-01,-8.494811505079269409e-02,1.072457060217857361e-01,-2.553933858871459961e-01,-2.031102180480957031e-01,-1.001860722899436951e-01,1.232302665710449219e+00,1.053660586476325989e-01,-1.066970005631446838e-01,-1.283299364149570465e-02,4.274904429912567139e-01,-1.661332510411739349e-02,-5.161924958229064941e-01,-2.643831633031368256e-02,2.123249135911464691e-02,-4.130564033985137939e-01,-2.740759551525115967e-01,5.815635919570922852e-01,-1.751961261034011841e-01,9.084431827068328857e-02,8.893068134784698486e-02,2.044908143579959869e-02
-3.735499143600463867e+00,-1.314762949943542480e+00,1.001870274543762207e+00,5.490424484014511108e-02,1.181102637201547623e-02,9.973513484001159668e-01,4.622027277946472168e-02,-2.974210679531097412e-01,-3.409101814031600952e-02,1.860749125480651855e-01,4.472570121288299561e-01,-9.081193804740905762e-02,1.075240299105644226e-01,-2.796961367130279541e-01,-2.225581258535385132e-01,-1.091279163956642151e-01,1.250742793083190918e+00,6.103019043803215027e-02,-1.422669887542724609e-01,-1.673152111470699310e-02,4.038044810295104980e-01,-3.929742379114031792e-04,-5.141630172729492188e-01,-6.931749731302261353e-02,2.441389672458171844e-02,-3.944784104824066162e-01,-2.638499736785888672e-01,5.826195478439331055e-01,-1.361679583787918091e-01,8.639884740114212036e-02,9.608546644449234009e-02,2.481842413544654846e-02
-3.745045900344848633e+00,-1.315283536911010742e+00,1.003695607185363770e+00,5.609082430601119995e-02,1.262597925961017609e-02,9.973721504211425781e-01,4.408136755228042603e-02,-2.808783352375030518e-01,-3.876722604036331177e-02,1.874830871820449829e-01,4.404587745666503906e-01,-9.598998725414276123e-02,1.070206537842750549e-01,-3.003299534320831299e-01,-2.298458367586135864e-01,-1.112499758601188660e-01,1.258876204490661621e+00,2.816021814942359924e-02,-1.640038937330245972e-01,-2.217497304081916809e-02,3.805315494537353516e-01,1.666685193777084351e-02,-5.117443799972534180e-01,-9.948946535587310791e-02,2.725019305944442749e-02,-3.762903213500976562e-01,-2.535848915576934814e-01,5.831010341644287109e-01,-1.077720746397972107e-01,8.472746610641479492e-02,1.033939048647880554e-01,2.754818275570869446e-02
-3.754662275314331055e+00,-1.315666556358337402e+00,1.005396008491516113e+00,5.703797191381454468e-02,1.264332793653011322e-02,9.974318146705627441e-01,4.143228009343147278e-02,-2.652681767940521240e-01,-4.176070913672447205e-02,1.871100217103958130e-01,4.344781041145324707e-01,-1.032826527953147888e-01,1.072382479906082153e-01,-3.197607994079589844e-01,-2.280702143907546997e-01,-1.079936251044273376e-01,1.260619878768920898e+00,-1.190352253615856171e-03,-1.744995713233947754e-01,-2.788524329662322998e-02,3.565929234027862549e-01,3.423871099948883057e-02,-5.087610483169555664e-01,-1.243552789092063904e-01,3.076424077153205872e-02,-3.578770756721496582e-01,-2.433370053768157959e-01,5.824113488197326660e-01,-8.546034991741180420e-02,8.362230658531188965e-02,1.108681708574295044e-01,2.923818118870258331e-02
-3.764445781707763672e+00,-1.315977811813354492e+00,1.007045984268188477e+00,5.750381574034690857e-02,1.236475724726915359e-02,9.975078701972961426e-01,3.896809741854667664e-02,-2.513710260391235352e-01,-4.349757730960845947e-02,1.870142668485641479e-01,4.303176701068878174e-01,-1.095429584383964539e-01,1.054513826966285706e-01,-3.386086821556091309e-01,-2.209859043359756470e-01,-1.014373525977134705e-01,1.256107807159423828e+00,-2.457199990749359131e-02,-1.744951009750366211e-01,-3.224705904722213745e-02,3.315720558166503906e-01,5.155033245682716370e-02,-5.052677392959594727e-01,-1.433211565017700195e-01,3.366616368293762207e-02,-3.389510214328765869e-01,-2.337819337844848633e-01,5.806301832199096680e-01,-6.916833668947219849e-02,8.302421122789382935e-02,1.168960332870483398e-01,2.968605421483516693e-02
-3.773853778839111328e+00,-1.316124081611633301e+00,1.008365154266357422e+00,5.795231834053993225e-02,1.181729044765233994e-02,9.975787401199340820e-01,3.658558800816535950e-02,-2.390260100364685059e-01,-4.401913657784461975e-02,1.871004700660705566e-01,4.285206794738769531e-01,-1.182812601327896118e-01,1.036296337842941284e-01,-3.567182719707489014e-01,-2.102987468242645264e-01,-9.285176545381546021e-02,1.246808767318725586e+00,-4.237843304872512817e-02,-1.677029132843017578e-01,-3.562400490045547485e-02,3.050433695316314697e-01,6.898731738328933716e-02,-5.010775327682495117e-01,-1.626427769660949707e-01,3.721812739968299866e-02,-3.192047774791717529e-01,-2.245817482471466064e-01,5.775852203369140625e-01,-5.322615802288055420e-02,8.157464116811752319e-02,1.231696531176567078e-01,2.967042475938796997e-02
-3.783619880676269531e+00,-1.316311597824096680e+00,1.009666681289672852e+00,5.753355845808982849e-02,1.128420140594244003e-02,9.976834058761596680e-01,3.450232744216918945e-02,-2.279353290796279907e-01,-4.471132531762123108e-02,1.864252984523773193e-01,4.262311756610870361e-01,-1.260427832603454590e-01,1.026936545968055725e-01,-3.748294115066528320e-01,-1.982277482748031616e-01,-8.442766219377517700e-02,1.231627225875854492e+00,-5.468524619936943054e-02,-1.557463258504867554e-01,-3.707906231284141541e-02,2.769562602043151855e-01,8.634487539529800415e-02,-4.960466623306274414e-01,-1.831367760896682739e-01,4.096465930342674255e-02,-2.988004386425018311e-01,-2.158645093441009521e-01,5.734394788742065430e-01,-3.801923245191574097e-02,7.994607836008071899e-02,1.288161575794219971e-01,2.843877859413623810e-02
-3.793047189712524414e+00,-1.316445231437683105e+00,1.010711669921875000e+00,5.736851319670677185e-02,1.068234536796808243e-02,9.977678060531616211e-01,3.246807307004928589e-02,-2.175659835338592529e-01,-4.464771971106529236e-02,1.866159737110137939e-01,4.259392321109771729e-01,-1.352857500314712524e-01,1.014150977134704590e-01,-3.916962742805480957e-01,-1.850532442331314087e-01,-7.576070725917816162e-02,1.212831974029541016e+00,-6.699249148368835449e-02,-1.482585519552230835e-01,-3.932689875364303589e-02,2.477679848670959473e-01,1.034435331821441650e-01,-4.900228977203369141e-01,-2.035898864269256592e-01,4.525163769721984863e-02,-2.777979373931884766e-01,-2.075076252222061157e-01,5.681827068328857422e-01,-2.390456199645996094e-02,7.770120352506637573e-02,1.338802874088287354e-01,2.665763162076473236e-02
-3.802628278732299805e+00,-1.316561222076416016e+00,1.011602759361267090e+00,5.697456747293472290e-02,1.003645732998847961e-02,9.978516697883605957e-01,3.074449673295021057e-02,-2.080992311239242554e-01,-4.420631006360054016e-02,1.866666972637176514e-01,4.268670380115509033e-01,-1.448400914669036865e-01,1.004495173692703247e-01,-4.068254530429840088e-01,-1.723138540983200073e-01,-6.880789995193481445e-02,1.189178943634033203e+00,-7.982850074768066406e-02,-1.400090306997299194e-01,-3.968751430511474609e-02,2.175486385822296143e-01,1.201525479555130005e-01,-4.830311536788940430e-01,-2.240416109561920166e-01,5.026655271649360657e-02,-2.561369240283966064e-01,-1.996178627014160156e-01,5.619877576828002930e-01,-1.060788333415985107e-02,7.517615705728530884e-02,1.379804015159606934e-01,2.415148541331291199e-02
-3.812136888504028320e+00,-1.316524386405944824e+00,1.012241840362548828e+00,5.675111338496208191e-02,9.376626461744308472e-03,9.979214668273925781e-01,2.905372157692909241e-02,-1.992444992065429688e-01,-4.342863708734512329e-02,1.863829642534255981e-01,4.293770790100097656e-01,-1.549369841814041138e-01,9.957983344793319702e-02,-4.203306436538696289e-01,-1.602468490600585938e-01,-6.370696425437927246e-02,1.161715507507324219e+00,-9.314687550067901611e-02,-1.344833374023437500e-01,-4.003280028700828552e-02,1.867022067308425903e-01,1.363220661878585815e-01,-4.753579795360565186e-01,-2.439138740301132202e-01,5.543650686740875244e-02,-2.337996959686279297e-01,-1.922461241483688354e-01,5.552033185958862305e-01,1.588860875926911831e-03,7.309142500162124634e-02,1.411984115839004517e-01,2.150009386241436005e-02
-3.821573734283447266e+00,-1.316482901573181152e+00,1.012676954269409180e+00,5.593414604663848877e-02,8.648130111396312714e-03,9.980337023735046387e-01,2.693205140531063080e-02,-1.919453889131546021e-01,-4.273618385195732117e-02,1.848943233489990234e-01,4.321371912956237793e-01,-1.645518541336059570e-01,1.003328710794448853e-01,-4.324146807193756104e-01,-1.490762531757354736e-01,-6.063462793827056885e-02,1.129038453102111816e+00,-1.049759462475776672e-01,-1.314270049333572388e-01,-4.027033597230911255e-02,1.550793349742889404e-01,1.517692506313323975e-01,-4.673374891281127930e-01,-2.628157138824462891e-01,6.082357466220855713e-02,-2.109684348106384277e-01,-1.853255480527877808e-01,5.471341609954833984e-01,1.337133534252643585e-02,6.972072273492813110e-02,1.429972946643829346e-01,1.856579631567001343e-02
-3.831115722656250000e+00,-1.316406726837158203e+00,1.012996792793273926e+00,5.520977824926376343e-02,7.918484508991241455e-03,9.981374144554138184e-01,2.471484430134296417e-02,-1.837305724620819092e-01,-4.238028824329376221e-02,1.835558414459228516e-01,4.330839812755584717e-01,-1.749821007251739502e-01,9.900328516960144043e-02,-4.422907233238220215e-01,-1.389562040567398071e-01,-5.938434973359107971e-02,1.092435598373413086e+00,-1.110689938068389893e-01,-1.264596283435821533e-01,-4.108140617609024048e-02,1.229509860277175903e-01,1.665911376476287842e-01,-4.591813385486602783e-01,-2.811777889728546143e-01,6.599827855825424194e-02,-1.876105666160583496e-01,-1.787346154451370239e-01,5.381629467010498047e-01,2.441106922924518585e-02,6.667057424783706665e-02,1.437865197658538818e-01,1.523548737168312073e-02
-3.840696334838867188e+00,-1.316273212432861328e+00,1.013207197189331055e+00,5.457967147231101990e-02,7.400671951472759247e-03,9.982246756553649902e-01,2.266734465956687927e-02,-1.758550554513931274e-01,-4.218031466007232666e-02,1.813600957393646240e-01,4.359152913093566895e-01,-1.852624714374542236e-01,1.001543253660202026e-01,-4.502631723880767822e-01,-1.300072371959686279e-01,-5.849739536643028259e-02,1.051322460174560547e+00,-1.139116808772087097e-01,-1.187109127640724182e-01,-4.204881191253662109e-02,9.058911353349685669e-02,1.806392371654510498e-01,-4.511302113533020020e-01,-2.982040047645568848e-01,7.085358351469039917e-02,-1.637786626815795898e-01,-1.725323498249053955e-01,5.283501148223876953e-01,3.458805009722709656e-02,6.342644989490509033e-02,1.438001990318298340e-01,1.181816216558218002e-02
-3.850232839584350586e+00,-1.316135406494140625e+00,1.013348221778869629e+00,5.382334440946578979e-02,6.986764259636402130e-03,9.983170628547668457e-01,2.042694203555583954e-02,-1.688141673803329468e-01,-4.207282140851020813e-02,1.791158020496368408e-01,4.394627213478088379e-01,-1.952239573001861572e-01,9.978190809488296509e-02,-4.564315378665924072e-01,-1.223431974649429321e-01,-5.864797905087471008e-02,1.006260395050048828e+00,-1.121542975306510925e-01,-1.099337562918663025e-01,-4.334646090865135193e-02,5.799288675189018250e-02,1.937551796436309814e-01,-4.430539906024932861e-01,-3.141276538372039795e-01,7.586324959993362427e-02,-1.394782960414886475e-01,-1.666602492332458496e-01,5.176874399185180664e-01,4.431451857089996338e-02,6.002550199627876282e-02,1.433056890964508057e-01,8.559678681194782257e-03
-3.859913825988769531e+00,-1.315805554389953613e+00,1.013419628143310547e+00,5.305886641144752502e-02,6.691631861031055450e-03,9.984015226364135742e-01,1.828693225979804993e-02,-1.610420495271682739e-01,-4.216819629073143005e-02,1.767607480287551880e-01,4.417176246643066406e-01,-2.035830914974212646e-01,1.026675626635551453e-01,-4.604488611221313477e-01,-1.157937124371528625e-01,-6.006904318928718567e-02,9.567590951919555664e-01,-1.069599911570549011e-01,-1.039839684963226318e-01,-4.466531798243522644e-02,2.527530863881111145e-02,2.060017138719558716e-01,-4.352735579013824463e-01,-3.289521932601928711e-01,8.023826032876968384e-02,-1.147894486784934998e-01,-1.611647009849548340e-01,5.063350200653076172e-01,5.342283472418785095e-02,5.645937845110893250e-02,1.422495692968368530e-01,5.263528786599636078e-03
-3.869760513305664062e+00,-1.315516591072082520e+00,1.013425827026367188e+00,5.189164355397224426e-02,6.512003019452095032e-03,9.984844326972961426e-01,1.713871769607067108e-02,-1.533404588699340820e-01,-4.182228446006774902e-02,1.774512380361557007e-01,4.433248341083526611e-01,-2.137265056371688843e-01,1.031888723373413086e-01,-4.630024135112762451e-01,-1.112673282623291016e-01,-6.514728069305419922e-02,9.027829170227050781e-01,-1.001646220684051514e-01,-9.689544886350631714e-02,-4.571137204766273499e-02,-7.398111745715141296e-03,2.174960523843765259e-01,-4.281881749629974365e-01,-3.424140512943267822e-01,8.350626379251480103e-02,-8.996871858835220337e-02,-1.558226197957992554e-01,4.946864247322082520e-01,6.165382638573646545e-02,5.337113142013549805e-02,1.408626735210418701e-01,2.453667111694812775e-03
-3.879673957824707031e+00,-1.315142631530761719e+00,1.013405203819274902e+00,5.079325288534164429e-02,6.435602437704801559e-03,9.985568523406982422e-01,1.621385291218757629e-02,-1.453577578067779541e-01,-4.158837720751762390e-02,1.781278997659683228e-01,4.449421465396881104e-01,-2.230552136898040771e-01,1.034854054450988770e-01,-4.637632369995117188e-01,-1.081131026148796082e-01,-7.333549857139587402e-02,8.453062772750854492e-01,-9.230902045965194702e-02,-9.166827052831649780e-02,-4.573324695229530334e-02,-4.037037119269371033e-02,2.284876108169555664e-01,-4.216445088386535645e-01,-3.564928472042083740e-01,8.590779453516006470e-02,-6.469734013080596924e-02,-1.503919214010238647e-01,4.823026061058044434e-01,6.999580562114715576e-02,5.061605572700500488e-02,1.386891752481460571e-01,-9.436946129426360130e-04
-3.889722585678100586e+00,-1.314955472946166992e+00,1.013278841972351074e+00,4.947422444820404053e-02,6.485871504992246628e-03,9.986290335655212402e-01,1.581910997629165649e-02,-1.373377889394760132e-01,-4.176244884729385376e-02,1.793676316738128662e-01,4.459137618541717529e-01,-2.315325140953063965e-01,1.032537519931793213e-01,-4.626196324825286865e-01,-1.068805381655693054e-01,-8.645693957805633545e-02,7.848956584930419922e-01,-8.364008367061614990e-02,-8.525323867797851562e-02,-4.507394134998321533e-02,-7.305836677551269531e-02,2.386308461427688599e-01,-4.157299697399139404e-01,-3.678656518459320068e-01,8.716998994350433350e-02,-3.940777853131294250e-02,-1.449594944715499878e-01,4.700771570205688477e-01,7.788879424333572388e-02,4.882689192891120911e-02,1.363233327865600586e-01,-3.814500989392399788e-03
-3.899784088134765625e+00,-1.314516186714172363e+00,1.013147950172424316e+00,4.815690964460372925e-02,6.595433689653873444e-03,9.986957311630249023e-01,1.562751643359661102e-02,-1.288332939147949219e-01,-4.168996214866638184e-02,1.811442226171493530e-01,4.462457001209259033e-01,-2.405962347984313965e-01,1.030237972736358643e-01,-4.597578942775726318e-01,-1.061546802520751953e-01,-1.041734442114830017e-01,7.225766181945800781e-01,-7.471264898777008057e-02,-8.043862134218215942e-02,-4.451233148574829102e-02,-1.054503619670867920e-01,2.479072362184524536e-01,-4.103709459304809570e-01,-3.776994645595550537e-01,8.783785253763198853e-02,-1.429899409413337708e-02,-1.395709663629531860e-01,4.581393599510192871e-01,8.508452028036117554e-02,4.804158210754394531e-02,1.338362842798233032e-01,-6.094001233577728271e-03
-3.910159111022949219e+00,-1.314233064651489258e+00,1.013009071350097656e+00,4.694622382521629333e-02,6.765845231711864471e-03,9.987559318542480469e-01,1.539121102541685104e-02,-1.195820942521095276e-01,-4.187166318297386169e-02,1.832505166530609131e-01,4.463101923465728760e-01,-2.502113580703735352e-01,1.011958569288253784e-01,-4.548640251159667969e-01,-1.058239191770553589e-01,-1.257326602935791016e-01,6.583032608032226562e-01,-6.229092180728912354e-02,-7.509205490350723267e-02,-4.437698051333427429e-02,-1.373773068189620972e-01,2.563289403915405273e-01,-4.055836796760559082e-01,-3.859684765338897705e-01,8.748234808444976807e-02,1.057280041277408600e-02,-1.341438442468643188e-01,4.461891949176788330e-01,9.164072573184967041e-02,4.777073860168457031e-02,1.313610374927520752e-01,-7.846943102777004242e-03
-3.920528888702392578e+00,-1.313719272613525391e+00,1.012842178344726562e+00,4.590458050370216370e-02,6.754896137863397598e-03,9.988175630569458008e-01,1.451459433883428574e-02,-1.094104647636413574e-01,-4.191497340798377991e-02,1.837631911039352417e-01,4.448229968547821045e-01,-2.588737905025482178e-01,1.009060963988304138e-01,-4.483817815780639648e-01,-1.039584875106811523e-01,-1.487155705690383911e-01,5.934126973152160645e-01,-4.312485083937644958e-02,-6.954081356525421143e-02,-4.470102488994598389e-02,-1.688137203454971313e-01,2.637563049793243408e-01,-4.010842740535736084e-01,-3.931412398815155029e-01,8.718612790107727051e-02,3.520173206925392151e-02,-1.286604255437850952e-01,4.344519078731536865e-01,9.781546890735626221e-02,4.859026893973350525e-02,1.289061754941940308e-01,-9.694122709333896637e-03
-3.930768489837646484e+00,-1.313308835029602051e+00,1.012555480003356934e+00,4.538374766707420349e-02,6.790185812860727310e-03,9.988614320755004883e-01,1.303886529058218002e-02,-9.864062815904617310e-02,-4.211856797337532043e-02,1.838281601667404175e-01,4.437286853790283203e-01,-2.671802043914794922e-01,9.913194924592971802e-02,-4.408373534679412842e-01,-1.003573834896087646e-01,-1.679594367742538452e-01,5.286417603492736816e-01,-1.654592901468276978e-02,-5.968870595097541809e-02,-4.791773110628128052e-02,-1.993096470832824707e-01,2.702949941158294678e-01,-3.969740867614746094e-01,-3.985627889633178711e-01,8.654835075139999390e-02,5.958344787359237671e-02,-1.231234222650527954e-01,4.230613112449645996e-01,1.036715507507324219e-01,4.938532784581184387e-02,1.265671551227569580e-01,-1.125342398881912231e-02
-3.941108942031860352e+00,-1.312747955322265625e+00,1.012133359909057617e+00,4.506184160709381104e-02,6.662342697381973267e-03,9.989022612571716309e-01,1.092073321342468262e-02,-8.782810717821121216e-02,-4.197786748409271240e-02,1.823239624500274658e-01,4.435263276100158691e-01,-2.763306498527526855e-01,9.598023444414138794e-02,-4.332477152347564697e-01,-9.384441375732421875e-02,-1.812140941619873047e-01,4.663760066032409668e-01,1.349561847746372223e-02,-4.245405644178390503e-02,-5.194189772009849548e-02,-2.290592938661575317e-01,2.759895622730255127e-01,-3.930342793464660645e-01,-4.032917022705078125e-01,8.577696233987808228e-02,8.358809351921081543e-02,-1.176097095012664795e-01,4.120037853717803955e-01,1.084732934832572937e-01,5.105530843138694763e-02,1.242465600371360779e-01,-1.256577670574188232e-02
-3.951410531997680664e+00,-1.312186956405639648e+00,1.011640071868896484e+00,4.510703682899475098e-02,6.317574996501207352e-03,9.989233016967773438e-01,8.811838924884796143e-03,-7.680639624595642090e-02,-4.120742902159690857e-02,1.806755810976028442e-01,4.441762268543243408e-01,-2.847827672958374023e-01,9.381856024265289307e-02,-4.255788028240203857e-01,-8.461149781942367554e-02,-1.872637420892715454e-01,4.072158932685852051e-01,3.967254981398582458e-02,-1.950434222817420959e-02,-5.592895299196243286e-02,-2.578853368759155273e-01,2.808130681514739990e-01,-3.893802464008331299e-01,-4.063341915607452393e-01,8.468528836965560913e-02,1.073789820075035095e-01,-1.121037304401397705e-01,4.013411998748779297e-01,1.127493008971214294e-01,5.369333922863006592e-02,1.219489127397537231e-01,-1.363869197666645050e-02
-3.961691856384277344e+00,-1.311724781990051270e+00,1.011054635047912598e+00,4.512974619865417480e-02,5.771907977759838104e-03,9.989397525787353516e-01,7.029507774859666824e-03,-6.554736196994781494e-02,-4.008495435118675232e-02,1.794574707746505737e-01,4.444408714771270752e-01,-2.942065894603729248e-01,9.224744886159896851e-02,-4.189790785312652588e-01,-7.296378910541534424e-02,-1.852254420518875122e-01,3.525672852993011475e-01,6.032647937536239624e-02,1.158008072525262833e-02,-5.950077250599861145e-02,-2.858535051345825195e-01,2.848814427852630615e-01,-3.860384821891784668e-01,-4.080831110477447510e-01,8.366491645574569702e-02,1.307762861251831055e-01,-1.066466644406318665e-01,3.910870552062988281e-01,1.158624514937400818e-01,5.726248398423194885e-02,1.193158850073814392e-01,-1.461393199861049652e-02
-3.972021341323852539e+00,-1.311053037643432617e+00,1.010332822799682617e+00,4.553045704960823059e-02,5.184761248528957367e-03,9.989335536956787109e-01,5.644967313855886459e-03,-5.369799211621284485e-02,-3.810533881187438965e-02,1.800099611282348633e-01,4.455636143684387207e-01,-3.041265904903411865e-01,8.972676098346710205e-02,-4.128673672676086426e-01,-6.047918274998664856e-02,-1.764456033706665039e-01,3.044008016586303711e-01,7.541707903146743774e-02,4.960548505187034607e-02,-6.212484091520309448e-02,-3.128679990768432617e-01,2.882370948791503906e-01,-3.829638659954071045e-01,-4.081757068634033203e-01,8.284734189510345459e-02,1.538509428501129150e-01,-1.012118980288505554e-01,3.809686005115509033e-01,1.169969663023948669e-01,6.110663339495658875e-02,1.165332049131393433e-01,-1.542358100414276123e-02
-3.982229471206665039e+00,-1.310349702835083008e+00,1.009467124938964844e+00,4.575932025909423828e-02,4.568344913423061371e-03,9.989272952079772949e-01,5.425462964922189713e-03,-4.216293990612030029e-02,-3.571081906557083130e-02,1.823097318410873413e-01,4.467387497425079346e-01,-3.137769699096679688e-01,8.810535073280334473e-02,-4.074924886226654053e-01,-4.810114577412605286e-02,-1.654344648122787476e-01,2.609861791133880615e-01,8.592024445533752441e-02,9.958661347627639771e-02,-6.182845309376716614e-02,-3.388878703117370605e-01,2.908056378364562988e-01,-3.804875612258911133e-01,-4.069553911685943604e-01,8.145820349454879761e-02,1.763908267021179199e-01,-9.611648321151733398e-02,3.704380095005035400e-01,1.161921173334121704e-01,6.489771604537963867e-02,1.134083941578865051e-01,-1.631728932261466980e-02
-3.992385149002075195e+00,-1.309568285942077637e+00,1.008566498756408691e+00,4.580515250563621521e-02,4.006928298622369766e-03,9.989274144172668457e-01,5.463569890707731247e-03,-3.151115402579307556e-02,-3.308899700641632080e-02,1.857822537422180176e-01,4.487918615341186523e-01,-3.230713903903961182e-01,8.461953699588775635e-02,-4.032539427280426025e-01,-3.691192343831062317e-02,-1.520332843065261841e-01,2.253211140632629395e-01,8.787976950407028198e-02,1.448005139827728271e-01,-6.058215722441673279e-02,-3.640061616897583008e-01,2.927573025226593018e-01,-3.786234259605407715e-01,-4.050610065460205078e-01,7.989696413278579712e-02,1.984924077987670898e-01,-9.121582657098770142e-02,3.598822653293609619e-01,1.127916574478149414e-01,6.851534545421600342e-02,1.102534383535385132e-01,-1.707001589238643646e-02
-4.002383708953857422e+00,-1.308550357818603516e+00,1.007526993751525879e+00,4.551611840724945068e-02,3.411169629544019699e-03,9.989436268806457520e-01,5.312711000442504883e-03,-2.228676714003086090e-02,-2.923704311251640320e-02,1.904902458190917969e-01,4.523898661136627197e-01,-3.318995535373687744e-01,8.049438893795013428e-02,-4.000118672847747803e-01,-2.657521143555641174e-02,-1.371608376502990723e-01,1.980386078357696533e-01,7.922358065843582153e-02,1.657598763704299927e-01,-5.957841500639915466e-02,-3.879618644714355469e-01,2.941495180130004883e-01,-3.776143789291381836e-01,-4.031043946743011475e-01,7.792861014604568481e-02,2.198427319526672363e-01,-8.665607869625091553e-02,3.495938181877136230e-01,1.078130006790161133e-01,7.126040011644363403e-02,1.072714254260063171e-01,-1.783685013651847839e-02
-4.012130737304687500e+00,-1.307662010192871094e+00,1.006380915641784668e+00,4.522158950567245483e-02,2.849899930879473686e-03,9.989556670188903809e-01,5.866231862455606461e-03,-1.272575091570615768e-02,-2.671127952635288239e-02,1.933220773935317993e-01,4.546585679054260254e-01,-3.410575687885284424e-01,7.724936306476593018e-02,-3.978697061538696289e-01,-1.705013588070869446e-02,-1.193556264042854309e-01,1.784552931785583496e-01,6.293442845344543457e-02,1.695794165134429932e-01,-5.771201848983764648e-02,-4.110238254070281982e-01,2.951108515262603760e-01,-3.771554529666900635e-01,-4.000829458236694336e-01,7.502122223377227783e-02,2.406340688467025757e-01,-8.248372375965118408e-02,3.399350047111511230e-01,1.006297469139099121e-01,7.525328546762466431e-02,1.041152477264404297e-01,-1.811726577579975128e-02
-4.021943092346191406e+00,-1.306506752967834473e+00,1.005284786224365234e+00,4.507059976458549500e-02,2.678537042811512947e-03,9.989605545997619629e-01,6.266956683248281479e-03,-5.760070867836475372e-03,-2.370346523821353912e-02,1.968716979026794434e-01,4.625824093818664551e-01,-3.478038012981414795e-01,7.370106875896453857e-02,-3.947665989398956299e-01,-9.512739256024360657e-03,-1.028351187705993652e-01,1.659790128469467163e-01,4.383411630988121033e-02,1.641128659248352051e-01,-5.566078424453735352e-02,-4.324608743190765381e-01,2.957831323146820068e-01,-3.774412274360656738e-01,-3.974542319774627686e-01,7.230066508054733276e-02,2.601206898689270020e-01,-7.887755334377288818e-02,3.312195241451263428e-01,9.436561912298202515e-02,7.815690338611602783e-02,1.014414802193641663e-01,-1.831200346350669861e-02
-4.031466484069824219e+00,-1.305593609809875488e+00,1.004113316535949707e+00,4.481229931116104126e-02,2.679706551134586334e-03,9.989694356918334961e-01,6.688039749860763550e-03,1.001618918962776661e-03,-2.214781753718852997e-02,1.981949359178543091e-01,4.694223105907440186e-01,-3.542442619800567627e-01,7.135266810655593872e-02,-3.933918774127960205e-01,-4.090914968401193619e-03,-8.955956995487213135e-02,1.607658118009567261e-01,2.916188724339008331e-02,1.548334211111068726e-01,-5.393232405185699463e-02,-4.497980177402496338e-01,2.961956262588500977e-01,-3.780864775180816650e-01,-3.960860669612884521e-01,7.065770775079727173e-02,2.757357358932495117e-01,-7.613975554704666138e-02,3.245045542716979980e-01,9.036177396774291992e-02,7.998033612966537476e-02,9.993755817413330078e-02,-1.841152645647525787e-02
-4.040967941284179688e+00,-1.304462552070617676e+00,1.003110170364379883e+00,4.457607865333557129e-02,2.876997692510485649e-03,9.989742040634155273e-01,7.430830039083957672e-03,6.423187442123889923e-03,-2.051880396902561188e-02,2.000194489955902100e-01,4.788773357868194580e-01,-3.584043979644775391e-01,6.904079020023345947e-02,-3.909453153610229492e-01,4.417526361066848040e-04,-8.008372783660888672e-02,1.623786091804504395e-01,2.293693087995052338e-02,1.424732059240341187e-01,-5.132298544049263000e-02,-4.666859805583953857e-01,2.964730262756347656e-01,-3.792535364627838135e-01,-3.942609131336212158e-01,6.828969717025756836e-02,2.911321818828582764e-01,-7.364308089017868042e-02,3.184692561626434326e-01,8.563255518674850464e-02,8.288447558879852295e-02,9.823329746723175049e-02,-1.848990283906459808e-02
-4.050268173217773438e+00,-1.303395748138427734e+00,1.002065420150756836e+00,4.482253268361091614e-02,3.052719403058290482e-03,9.989559650421142578e-01,8.281406015157699585e-03,1.156872510910034180e-02,-1.885997503995895386e-02,2.015964090824127197e-01,4.901194572448730469e-01,-3.612748086452484131e-01,6.715771555900573730e-02,-3.921283781528472900e-01,4.088950809091329575e-03,-7.333642989397048950e-02,1.738325953483581543e-01,2.768956497311592102e-02,1.210583224892616272e-01,-4.918644204735755920e-02,-4.826630353927612305e-01,2.966434061527252197e-01,-3.807560503482818604e-01,-3.916643857955932617e-01,6.579904258251190186e-02,3.059523701667785645e-01,-7.143273949623107910e-02,3.131965994834899902e-01,8.030095696449279785e-02,8.637400716543197632e-02,9.655845910310745239e-02,-1.851496845483779907e-02
-4.059494972229003906e+00,-1.302259325981140137e+00,1.000917196273803711e+00,4.488288238644599915e-02,3.338521113619208336e-03,9.989488720893859863e-01,8.687871508300304413e-03,1.598504744470119476e-02,-1.735377684235572815e-02,2.022883743047714233e-01,5.016197562217712402e-01,-3.639423549175262451e-01,6.476528942584991455e-02,-3.928779363632202148e-01,6.415340118110179901e-03,-6.881470233201980591e-02,1.905173063278198242e-01,3.694647178053855896e-02,9.575653821229934692e-02,-4.720490798354148865e-02,-4.976116716861724854e-01,2.967217266559600830e-01,-3.827705383300781250e-01,-3.882898688316345215e-01,6.280569732189178467e-02,3.200256228446960449e-01,-6.955430656671524048e-02,3.084919452667236328e-01,7.501357048749923706e-02,9.030001610517501831e-02,9.487979114055633545e-02,-1.853303425014019012e-02
-4.068892955780029297e+00,-1.300992846488952637e+00,9.997146725654602051e-01,4.518050700426101685e-02,3.697257954627275467e-03,9.989314079284667969e-01,9.004027582705020905e-03,1.999250054359436035e-02,-1.557643432170152664e-02,2.024119347333908081e-01,5.152034759521484375e-01,-3.652361631393432617e-01,6.139024719595909119e-02,-3.921795785427093506e-01,7.701518945395946503e-03,-6.511012464761734009e-02,2.085129022598266602e-01,4.509111866354942322e-02,7.553961127996444702e-02,-4.596886411309242249e-02,-5.113205909729003906e-01,2.966064512729644775e-01,-3.852007687091827393e-01,-3.841282725334167480e-01,5.975032225251197815e-02,3.332618176937103271e-01,-6.811237335205078125e-02,3.044088482856750488e-01,6.930321455001831055e-02,9.458977729082107544e-02,9.336837381124496460e-02,-1.872062310576438904e-02
-4.078281879425048828e+00,-1.299576044082641602e+00,9.985055327415466309e-01,4.557791352272033691e-02,3.993025515228509903e-03,9.989183545112609863e-01,8.297626860439777374e-03,2.334006130695343018e-02,-1.340674236416816711e-02,2.009346485137939453e-01,5.299423336982727051e-01,-3.659421801567077637e-01,5.861328914761543274e-02,-3.904980719089508057e-01,7.963413372635841370e-03,-6.249171495437622070e-02,2.242062389850616455e-01,5.189407244324684143e-02,6.636103242635726929e-02,-4.478145018219947815e-02,-5.239374637603759766e-01,2.960711121559143066e-01,-3.876828253269195557e-01,-3.791620433330535889e-01,5.716562643647193909e-02,3.456376791000366211e-01,-6.692565232515335083e-02,3.005588352680206299e-01,6.364540010690689087e-02,9.846857190132141113e-02,9.204839169979095459e-02,-1.917798817157745361e-02
-4.087804317474365234e+00,-1.298028588294982910e+00,9.974036812782287598e-01,4.563630372285842896e-02,4.290568642318248749e-03,9.989221692085266113e-01,7.306972052901983261e-03,2.558582648634910583e-02,-1.088990829885005951e-02,1.985944360494613647e-01,5.453692674636840820e-01,-3.647060990333557129e-01,5.566030740737915039e-02,-3.862037956714630127e-01,7.951936684548854828e-03,-5.886252596974372864e-02,2.344180941581726074e-01,5.985160917043685913e-02,5.693200230598449707e-02,-4.504239186644554138e-02,-5.353362560272216797e-01,2.954534888267517090e-01,-3.906088769435882568e-01,-3.735265433788299561e-01,5.424105003476142883e-02,3.568003773689270020e-01,-6.602607667446136475e-02,2.968066334724426270e-01,5.726930126547813416e-02,1.022390872240066528e-01,9.089852124452590942e-02,-1.968429423868656158e-02
-4.097552299499511719e+00,-1.296515822410583496e+00,9.965621829032897949e-01,4.610185325145721436e-02,4.503582138568162918e-03,9.989070296287536621e-01,6.248293910175561905e-03,2.750528417527675629e-02,-7.820914499461650848e-03,1.961645931005477905e-01,5.627399682998657227e-01,-3.602329492568969727e-01,5.295412242412567139e-02,-3.856224417686462402e-01,7.984478026628494263e-03,-5.737645924091339111e-02,2.466218173503875732e-01,7.435228675603866577e-02,4.352117329835891724e-02,-4.477269947528839111e-02,-5.454254746437072754e-01,2.944966256618499756e-01,-3.934685885906219482e-01,-3.670857846736907959e-01,5.199355259537696838e-02,3.668139874935150146e-01,-6.546904891729354858e-02,2.930133342742919922e-01,5.078453198075294495e-02,1.054621934890747070e-01,9.018848836421966553e-02,-2.033326588571071625e-02
-4.107442378997802734e+00,-1.294828534126281738e+00,9.957867264747619629e-01,4.631990939378738403e-02,4.803024232387542725e-03,9.989020228385925293e-01,5.114179104566574097e-03,2.889172546565532684e-02,-4.677175078541040421e-03,1.935721486806869507e-01,5.802495479583740234e-01,-3.538781404495239258e-01,4.998726770281791687e-02,-3.842548429965972900e-01,7.475080899894237518e-03,-5.771524459123611450e-02,2.577990293502807617e-01,9.227641671895980835e-02,3.229928389191627502e-02,-4.428926855325698853e-02,-5.542777180671691895e-01,2.932255566120147705e-01,-3.963394165039062500e-01,-3.598110675811767578e-01,5.015701055526733398e-02,3.756398558616638184e-01,-6.519385427236557007e-02,2.889397740364074707e-01,4.342773184180259705e-02,1.077634170651435852e-01,8.967052400112152100e-02,-2.122229151427745819e-02
-4.117260932922363281e+00,-1.293297648429870605e+00,9.951682090759277344e-01,4.689079150557518005e-02,5.107451230287551880e-03,9.988788962364196777e-01,4.015398211777210236e-03,2.846878953278064728e-02,-1.249947585165500641e-03,1.908944994211196899e-01,6.016194224357604980e-01,-3.445218801498413086e-01,4.491406679153442383e-02,-3.816157877445220947e-01,6.153130438178777695e-03,-5.802757665514945984e-02,2.697328925132751465e-01,1.068485975265502930e-01,2.241982333362102509e-02,-4.400306940078735352e-02,-5.617184638977050781e-01,2.916658520698547363e-01,-3.993203043937683105e-01,-3.516809046268463135e-01,4.846204072237014771e-02,3.833549022674560547e-01,-6.519112735986709595e-02,2.848233878612518311e-01,3.596350178122520447e-02,1.096973419189453125e-01,8.953536301851272583e-02,-2.237519621849060059e-02
-4.126999855041503906e+00,-1.291660666465759277e+00,9.947347640991210938e-01,4.732413962483406067e-02,5.348623264580965042e-03,9.988598227500915527e-01,3.301452845335006714e-03,2.701440453529357910e-02,2.685763873159885406e-03,1.880452036857604980e-01,6.241521239280700684e-01,-3.341716229915618896e-01,3.520971164107322693e-02,-3.784965276718139648e-01,5.089825950562953949e-03,-5.941278859972953796e-02,2.826566398143768311e-01,1.102415621280670166e-01,9.520966559648513794e-03,-4.314299672842025757e-02,-5.678970813751220703e-01,2.897681891918182373e-01,-4.019944965839385986e-01,-3.424833714962005615e-01,4.718630015850067139e-02,3.900622427463531494e-01,-6.545655429363250732e-02,2.811285555362701416e-01,2.781459502875804901e-02,1.117950901389122009e-01,8.979857712984085083e-02,-2.346207201480865479e-02
-4.136606216430664062e+00,-1.290215849876403809e+00,9.945995807647705078e-01,4.750765115022659302e-02,5.258474964648485184e-03,9.988521933555603027e-01,3.115462604910135269e-03,2.611366845667362213e-02,6.435627117753028870e-03,1.849731951951980591e-01,6.437997817993164062e-01,-3.193204700946807861e-01,3.082233294844627380e-02,-3.766599893569946289e-01,5.177889950573444366e-03,-6.068655475974082947e-02,2.987006008625030518e-01,1.032577604055404663e-01,-8.086360059678554535e-03,-4.219616949558258057e-02,-5.729530453681945801e-01,2.876517474651336670e-01,-4.045576453208923340e-01,-3.333232104778289795e-01,4.629058763384819031e-02,3.955232203006744385e-01,-6.604641675949096680e-02,2.777426838874816895e-01,1.846222206950187683e-02,1.138800457119941711e-01,9.030151367187500000e-02,-2.444331347942352295e-02
-4.146120071411132812e+00,-1.288569808006286621e+00,9.948635101318359375e-01,4.780836403369903564e-02,5.239692050963640213e-03,9.988385438919067383e-01,2.904008375480771065e-03,2.313217520713806152e-02,1.069672126322984695e-02,1.816816180944442749e-01,6.663830876350402832e-01,-2.983533442020416260e-01,2.706953324377536774e-02,-3.751320540904998779e-01,5.888054147362709045e-03,-6.035360693931579590e-02,3.159264028072357178e-01,9.422267973423004150e-02,-2.619366347789764404e-02,-4.121999070048332214e-02,-5.767427682876586914e-01,2.852205932140350342e-01,-4.066308438777923584e-01,-3.238043487071990967e-01,4.565010964870452881e-02,3.999246656894683838e-01,-6.702232360839843750e-02,2.747236788272857666e-01,8.889919146895408630e-03,1.158376708626747131e-01,9.111984074115753174e-02,-2.533403784036636353e-02
-4.155376911163330078e+00,-1.287007570266723633e+00,9.954486489295959473e-01,4.826467111706733704e-02,5.179671104997396469e-03,9.988154768943786621e-01,3.358763875439763069e-03,1.971527189016342163e-02,1.550369150936603546e-02,1.790385693311691284e-01,6.914238929748535156e-01,-2.696378827095031738e-01,2.036049775779247284e-02,-3.737370669841766357e-01,7.339012809097766876e-03,-5.855441093444824219e-02,3.344527482986450195e-01,8.256173133850097656e-02,-3.999522700905799866e-02,-4.035653546452522278e-02,-5.787293314933776855e-01,2.827740013599395752e-01,-4.083166420459747314e-01,-3.122441470623016357e-01,4.522484913468360901e-02,4.027196764945983887e-01,-6.872021406888961792e-02,2.722234427928924561e-01,-2.652786206454038620e-03,1.179732382297515869e-01,9.236009418964385986e-02,-2.585854940116405487e-02
-4.164208889007568359e+00,-1.285423636436462402e+00,9.964170455932617188e-01,4.919523373246192932e-02,5.356267094612121582e-03,9.987626671791076660e-01,4.921611398458480835e-03,6.113753654062747955e-03,2.122285589575767517e-02,1.764245629310607910e-01,7.257699370384216309e-01,-2.339985668659210205e-01,1.107445731759071350e-02,-3.711463809013366699e-01,8.846226148307323456e-03,-5.645722523331642151e-02,3.511989414691925049e-01,7.137136161327362061e-02,-4.769457504153251648e-02,-3.759026899933815002e-02,-5.786464214324951172e-01,2.799678146839141846e-01,-4.091940820217132568e-01,-2.980667948722839355e-01,4.633106291294097900e-02,4.038532972335815430e-01,-7.117834687232971191e-02,2.702971398830413818e-01,-1.548922620713710785e-02,1.209980100393295288e-01,9.394430369138717651e-02,-2.624353766441345215e-02
-4.172986507415771484e+00,-1.283698797225952148e+00,9.974954724311828613e-01,4.935531690716743469e-02,5.256538279354572296e-03,9.987559318542480469e-01,4.802703857421875000e-03,-5.330952815711498260e-03,2.942260541021823883e-02,1.772273182868957520e-01,7.571160793304443359e-01,-1.983342617750167847e-01,-1.205566432327032089e-02,-3.684195876121520996e-01,9.603204205632209778e-03,-5.744517594575881958e-02,3.663813471794128418e-01,5.839305371046066284e-02,-5.152020603418350220e-02,-3.681825101375579834e-02,-5.771011710166931152e-01,2.766200304031372070e-01,-4.096494615077972412e-01,-2.836225628852844238e-01,4.826496914029121399e-02,4.036967158317565918e-01,-7.417868077754974365e-02,2.688209116458892822e-01,-2.897953428328037262e-02,1.245623230934143066e-01,9.560105204582214355e-02,-2.639565989375114441e-02
-4.181356906890869141e+00,-1.282027959823608398e+00,9.986147284507751465e-01,5.020751059055328369e-02,5.147190764546394348e-03,9.987036585807800293e-01,6.612387485802173615e-03,-2.170871943235397339e-02,3.615672513842582703e-02,1.713230460882186890e-01,7.907702326774597168e-01,-1.495639830827713013e-01,-2.836907841265201569e-02,-3.634791374206542969e-01,1.161617878824472427e-02,-5.773377045989036560e-02,3.784332871437072754e-01,4.599197208881378174e-02,-5.577801167964935303e-02,-3.241928666830062866e-02,-5.739163160324096680e-01,2.728106379508972168e-01,-4.097551405429840088e-01,-2.684900760650634766e-01,5.065973848104476929e-02,4.024346470832824707e-01,-7.765547186136245728e-02,2.675341963768005371e-01,-4.246964305639266968e-02,1.280447542667388916e-01,9.738972783088684082e-02,-2.659079805016517639e-02
-4.189476966857910156e+00,-1.280310511589050293e+00,9.997820258140563965e-01,5.074064061045646667e-02,4.835842177271842957e-03,9.986711144447326660e-01,7.615908049046993256e-03,-3.868931904435157776e-02,4.179989546537399292e-02,1.610971093177795410e-01,8.220402598381042480e-01,-9.698398411273956299e-02,-4.360694810748100281e-02,-3.573823571205139160e-01,1.337265223264694214e-02,-6.003743782639503479e-02,3.870162963867187500e-01,3.473400697112083435e-02,-5.974151194095611572e-02,-2.786186337471008301e-02,-5.692675709724426270e-01,2.683378159999847412e-01,-4.100148379802703857e-01,-2.523870766162872314e-01,5.316092818975448608e-02,4.000297784805297852e-01,-8.156016469001770020e-02,2.660628855228424072e-01,-5.673952400684356689e-02,1.309735625982284546e-01,9.912560135126113892e-02,-2.696443535387516022e-02
-4.197314739227294922e+00,-1.278734922409057617e+00,1.001039028167724609e+00,5.104767158627510071e-02,4.680330865085124969e-03,9.986618757247924805e-01,6.836317013949155807e-03,-5.884810909628868103e-02,4.873393103480339050e-02,1.526591628789901733e-01,8.595587611198425293e-01,-5.172694474458694458e-02,-5.534629523754119873e-02,-3.499801158905029297e-01,1.312411297112703323e-02,-6.616383045911788940e-02,3.922525048255920410e-01,2.337858825922012329e-02,-6.338745355606079102e-02,-2.526223286986351013e-02,-5.632514357566833496e-01,2.630716264247894287e-01,-4.107416868209838867e-01,-2.355228960514068604e-01,5.572839453816413879e-02,3.965146243572235107e-01,-8.574147522449493408e-02,2.639180421829223633e-01,-7.184983789920806885e-02,1.329652070999145508e-01,1.007081940770149231e-01,-2.764658816158771515e-02
-4.204891204833984375e+00,-1.277357339859008789e+00,1.002155184745788574e+00,5.104688182473182678e-02,4.363034851849079132e-03,9.986746907234191895e-01,4.905991256237030029e-03,-8.095185458660125732e-02,5.718866363167762756e-02,1.450241208076477051e-01,8.977141976356506348e-01,-2.068507857620716095e-02,-6.533444672822952271e-02,-3.429382741451263428e-01,1.211304869502782822e-02,-7.489150762557983398e-02,3.969398438930511475e-01,1.225011423230171204e-02,-6.641086190938949585e-02,-2.397047169506549835e-02,-5.562157034873962402e-01,2.570424973964691162e-01,-4.118863642215728760e-01,-2.179502993822097778e-01,5.803376436233520508e-02,3.919395506381988525e-01,-9.017585217952728271e-02,2.608192563056945801e-01,-8.771100640296936035e-02,1.335467249155044556e-01,1.021648272871971130e-01,-2.879292517900466919e-02
-4.212350845336914062e+00,-1.275970220565795898e+00,1.003213047981262207e+00,5.066076666116714478e-02,3.835767507553100586e-03,9.987066388130187988e-01,1.950315898284316063e-03,-1.039486005902290344e-01,6.865523010492324829e-02,1.416471302509307861e-01,9.338130950927734375e-01,-6.180774071253836155e-04,-7.077697664499282837e-02,-3.365065753459930420e-01,1.077090576291084290e-02,-8.498267084360122681e-02,4.012177586555480957e-01,1.824662787839770317e-03,-6.871443986892700195e-02,-2.521348744630813599e-02,-5.482287406921386719e-01,2.506434917449951172e-01,-4.136835038661956787e-01,-2.011544704437255859e-01,5.971811711788177490e-02,3.863839507102966309e-01,-9.471952915191650391e-02,2.569938302040100098e-01,-1.037697643041610718e-01,1.329029053449630737e-01,1.031898707151412964e-01,-3.023708611726760864e-02
-4.219562053680419922e+00,-1.274625062942504883e+00,1.004076242446899414e+00,5.022342875599861145e-02,3.125393297523260117e-03,9.987311959266662598e-01,-1.964734867215156555e-03,-1.260257512331008911e-01,8.369396626949310303e-02,1.430481672286987305e-01,9.654164314270019531e-01,4.197098780423402786e-03,-6.035584211349487305e-02,-3.303910493850708008e-01,9.306202642619609833e-03,-9.581079334020614624e-02,4.058763682842254639e-01,-8.355630561709403992e-03,-7.031785696744918823e-02,-2.704552933573722839e-02,-5.395529866218566895e-01,2.440764904022216797e-01,-4.161224663257598877e-01,-1.851151585578918457e-01,6.068486347794532776e-02,3.799938857555389404e-01,-9.920230507850646973e-02,2.526394724845886230e-01,-1.198350712656974792e-01,1.307133585214614868e-01,1.039766818284988403e-01,-3.186836838722229004e-02
-4.226655960083007812e+00,-1.273380398750305176e+00,1.004953861236572266e+00,4.972067847847938538e-02,2.372656948864459991e-03,9.987452030181884766e-01,-5.499764345586299896e-03,-1.473600566387176514e-01,1.009141206741333008e-01,1.488177329301834106e-01,9.932758212089538574e-01,-3.148370189592242241e-03,-4.112454876303672791e-02,-3.239797055721282959e-01,8.426938205957412720e-03,-1.057981625199317932e-01,4.095619320869445801e-01,-1.777974888682365417e-02,-7.226923853158950806e-02,-2.896824106574058533e-02,-5.302337408065795898e-01,2.376235425472259521e-01,-4.190797209739685059e-01,-1.699611544609069824e-01,6.089665368199348450e-02,3.729192912578582764e-01,-1.037162989377975464e-01,2.482465356588363647e-01,-1.347821056842803955e-01,1.277784258127212524e-01,1.046384125947952271e-01,-3.342803195118904114e-02
-4.233659267425537109e+00,-1.272178888320922852e+00,1.005885720252990723e+00,4.933997243642807007e-02,1.634486485272645950e-03,9.987478852272033691e-01,-8.099898695945739746e-03,-1.679422110319137573e-01,1.192509382963180542e-01,1.574607789516448975e-01,1.017502069473266602e+00,-1.112647261470556259e-02,-1.566651090979576111e-02,-3.172475397586822510e-01,8.366391062736511230e-03,-1.140656769275665283e-01,4.121367633342742920e-01,-2.674043923616409302e-02,-7.342310249805450439e-02,-3.022703155875205994e-02,-5.203526616096496582e-01,2.314972132444381714e-01,-4.222228229045867920e-01,-1.558547616004943848e-01,6.097855046391487122e-02,3.652198314666748047e-01,-1.082847490906715393e-01,2.444665729999542236e-01,-1.482123732566833496e-01,1.251570135354995728e-01,1.053464710712432861e-01,-3.494289144873619080e-02
-4.240586757659912109e+00,-1.271152615547180176e+00,1.006821751594543457e+00,4.890725761651992798e-02,9.627772960811853409e-04,9.987539052963256836e-01,-9.889670647680759430e-03,-1.876301318407058716e-01,1.367348432540893555e-01,1.665551811456680298e-01,1.036735177040100098e+00,-2.210472337901592255e-02,7.327700033783912659e-03,-3.100113272666931152e-01,9.266335517168045044e-03,-1.193958148360252380e-01,4.130132198333740234e-01,-3.405444696545600891e-02,-7.523424923419952393e-02,-3.041557036340236664e-02,-5.099475383758544922e-01,2.258726358413696289e-01,-4.254837930202484131e-01,-1.423052549362182617e-01,6.055359914898872375e-02,3.569631576538085938e-01,-1.131233349442481995e-01,2.418818920850753784e-01,-1.607415676116943359e-01,1.232520267367362976e-01,1.061127036809921265e-01,-3.625240921974182129e-02
-4.247430324554443359e+00,-1.270124554634094238e+00,1.007944703102111816e+00,4.859153926372528076e-02,2.971219073515385389e-04,9.987651705741882324e-01,-1.034227292984724045e-02,-2.059902995824813843e-01,1.519718617200851440e-01,1.750144660472869873e-01,1.050112605094909668e+00,-3.477116301655769348e-02,3.380383923649787903e-02,-3.021436929702758789e-01,1.116652414202690125e-02,-1.230865120887756348e-01,4.123954474925994873e-01,-4.151094704866409302e-02,-7.612968236207962036e-02,-2.882670424878597260e-02,-4.990031719207763672e-01,2.206589579582214355e-01,-4.285534322261810303e-01,-1.294678151607513428e-01,6.019116565585136414e-02,3.481119573116302490e-01,-1.182347908616065979e-01,2.407443821430206299e-01,-1.722520589828491211e-01,1.222691312432289124e-01,1.070666760206222534e-01,-3.708558529615402222e-02
-4.254174709320068359e+00,-1.269177317619323730e+00,1.009039521217346191e+00,4.862818121910095215e-02,-1.874170993687584996e-04,9.987658858299255371e-01,-1.009688060730695724e-02,-2.222128361463546753e-01,1.630392372608184814e-01,1.806124746799468994e-01,1.058174014091491699e+00,-5.333261564373970032e-02,5.341676995158195496e-02,-2.932978570461273193e-01,1.343929581344127655e-02,-1.248085722327232361e-01,4.105062782764434814e-01,-4.692595452070236206e-02,-7.947400957345962524e-02,-2.606715448200702667e-02,-4.872949719429016113e-01,2.158256471157073975e-01,-4.316051602363586426e-01,-1.167339310050010681e-01,5.966242030262947083e-02,3.386458754539489746e-01,-1.237998977303504944e-01,2.410786598920822144e-01,-1.829621046781539917e-01,1.227678805589675903e-01,1.082901731133460999e-01,-3.784770518541336060e-02
-4.260946750640869141e+00,-1.268424630165100098e+00,1.010158300399780273e+00,4.822925850749015808e-02,-8.492639171890914440e-04,9.987984895706176758e-01,-8.647853508591651917e-03,-2.393044829368591309e-01,1.706951707601547241e-01,1.827221363782882690e-01,1.063281774520874023e+00,-7.462162524461746216e-02,7.351884990930557251e-02,-2.844316959381103516e-01,1.680284552276134491e-02,-1.251730471849441528e-01,4.065242409706115723e-01,-5.249590799212455750e-02,-8.070231974124908447e-02,-2.092606574296951294e-02,-4.717851579189300537e-01,2.095545977354049683e-01,-4.354710280895233154e-01,-9.405353665351867676e-02,5.813786759972572327e-02,3.259297311305999756e-01,-1.320008635520935059e-01,2.438863664865493774e-01,-2.018825560808181763e-01,1.270998865365982056e-01,1.110481321811676025e-01,-3.898720815777778625e-02
-4.267476081848144531e+00,-1.267678618431091309e+00,1.011233210563659668e+00,4.812860861420631409e-02,-1.156174927018582821e-03,9.988129138946533203e-01,-7.421796210110187531e-03,-2.550665736198425293e-01,1.732902526855468750e-01,1.803004890680313110e-01,1.061708807945251465e+00,-8.812110126018524170e-02,8.434294909238815308e-02,-2.756546735763549805e-01,1.940037310123443604e-02,-1.245251670479774475e-01,4.032854437828063965e-01,-5.714208632707595825e-02,-8.244038373231887817e-02,-1.635322906076908112e-02,-4.566482901573181152e-01,2.034110873937606812e-01,-4.386954307556152344e-01,-7.555997371673583984e-02,5.692206695675849915e-02,3.132573962211608887e-01,-1.407108902931213379e-01,2.485012263059616089e-01,-2.173236161470413208e-01,1.341038495302200317e-01,1.139758452773094177e-01,-3.977382928133010864e-02
-4.274270534515380859e+00,-1.267110943794250488e+00,1.012351036071777344e+00,4.770862311124801636e-02,-1.226525753736495972e-03,9.988412261009216309e-01,-6.214174907654523849e-03,-2.705141007900238037e-01,1.718606352806091309e-01,1.739202439785003662e-01,1.055136919021606445e+00,-9.933090209960937500e-02,9.043397009372711182e-02,-2.674247026443481445e-01,2.113372832536697388e-02,-1.241958066821098328e-01,4.002612233161926270e-01,-6.229085475206375122e-02,-8.342798799276351929e-02,-1.189928315579891205e-02,-4.415136873722076416e-01,1.974065452814102173e-01,-4.412283003330230713e-01,-5.988516658544540405e-02,5.618323385715484619e-02,3.001260161399841309e-01,-1.498533934354782104e-01,2.543907165527343750e-01,-2.310739159584045410e-01,1.431964933872222900e-01,1.169257834553718567e-01,-4.031734541058540344e-02
-4.280843734741210938e+00,-1.266598224639892578e+00,1.013396143913269043e+00,4.720301553606987000e-02,-1.312402193434536457e-03,9.988673925399780273e-01,-5.841708742082118988e-03,-2.852664291858673096e-01,1.685227602720260620e-01,1.662020683288574219e-01,1.044290065765380859e+00,-1.096887364983558655e-01,8.857115358114242554e-02,-2.592964470386505127e-01,2.238764986395835876e-02,-1.246412172913551331e-01,3.970496654510498047e-01,-6.743825227022171021e-02,-8.430370688438415527e-02,-9.186232462525367737e-03,-4.260868728160858154e-01,1.915929466485977173e-01,-4.428123235702514648e-01,-4.621954634785652161e-02,5.562782660126686096e-02,2.863689959049224854e-01,-1.592631489038467407e-01,2.610141336917877197e-01,-2.438110709190368652e-01,1.533150225877761841e-01,1.197768300771713257e-01,-4.044361039996147156e-02
-4.287488937377929688e+00,-1.266122698783874512e+00,1.014453649520874023e+00,4.651683941483497620e-02,-1.378115499392151833e-03,9.988977909088134766e-01,-6.126756314188241959e-03,-2.998731136322021484e-01,1.639890670776367188e-01,1.574445217847824097e-01,1.028717756271362305e+00,-1.176510825753211975e-01,8.222666382789611816e-02,-2.513943016529083252e-01,2.321785129606723785e-02,-1.258580386638641357e-01,3.937573432922363281e-01,-7.277989387512207031e-02,-8.429907262325286865e-02,-7.576212286949157715e-03,-4.098207950592041016e-01,1.854745894670486450e-01,-4.429614543914794922e-01,-3.027521446347236633e-02,5.568214878439903259e-02,2.713991999626159668e-01,-1.694788634777069092e-01,2.681240737438201904e-01,-2.598465383052825928e-01,1.672410219907760620e-01,1.233477443456649780e-01,-4.072136059403419495e-02
-4.294083118438720703e+00,-1.265765428543090820e+00,1.015496969223022461e+00,4.569896310567855835e-02,-1.473256386816501617e-03,9.989328980445861816e-01,-6.518142297863960266e-03,-3.129776716232299805e-01,1.579689532518386841e-01,1.476010382175445557e-01,1.008706450462341309e+00,-1.253407597541809082e-01,7.612807303667068481e-02,-2.435194849967956543e-01,2.381769940257072449e-02,-1.278424710035324097e-01,3.901916146278381348e-01,-7.816906273365020752e-02,-8.425280451774597168e-02,-5.925796926021575928e-03,-3.935125172138214111e-01,1.796660870313644409e-01,-4.418771862983703613e-01,-1.671661809086799622e-02,5.661382526159286499e-02,2.559537589550018311e-01,-1.796407401561737061e-01,2.747915387153625488e-01,-2.737047672271728516e-01,1.785219013690948486e-01,1.261177510023117065e-01,-4.055483266711235046e-02
-4.300509452819824219e+00,-1.265498876571655273e+00,1.016419529914855957e+00,4.507368803024291992e-02,-1.621937146410346031e-03,9.989579319953918457e-01,-6.984032224863767624e-03,-3.244121968746185303e-01,1.508065313100814819e-01,1.371234655380249023e-01,9.842743873596191406e-01,-1.320541799068450928e-01,7.056099176406860352e-02,-2.356519699096679688e-01,2.426863647997379303e-02,-1.304212808609008789e-01,3.868190050125122070e-01,-8.334957063198089600e-02,-8.435157686471939087e-02,-4.626154899597167969e-03,-3.769157230854034424e-01,1.741198897361755371e-01,-4.393169879913330078e-01,-4.331421572715044022e-03,5.938380211591720581e-02,2.400255948305130005e-01,-1.896034032106399536e-01,2.806657850742340088e-01,-2.860204875469207764e-01,1.865449100732803345e-01,1.284293830394744873e-01,-3.985299170017242432e-02
-4.306872367858886719e+00,-1.265169501304626465e+00,1.017413973808288574e+00,4.417476058006286621e-02,-1.690636388957500458e-03,9.989921450614929199e-01,-7.774512749165296555e-03,-3.353896439075469971e-01,1.431376039981842041e-01,1.258678734302520752e-01,9.563280940055847168e-01,-1.351464986801147461e-01,6.313102692365646362e-02,-2.276512682437896729e-01,2.465690113604068756e-02,-1.331976503133773804e-01,3.821253478527069092e-01,-8.759351819753646851e-02,-8.429297804832458496e-02,-3.595317248255014420e-03,-3.597819805145263672e-01,1.689145117998123169e-01,-4.358639121055603027e-01,6.551966071128845215e-03,6.201217323541641235e-02,2.235361486673355103e-01,-1.992767304182052612e-01,2.853637933731079102e-01,-2.983286976814270020e-01,1.902313381433486938e-01,1.303433477878570557e-01,-3.910638391971588135e-02
-4.313465595245361328e+00,-1.264915227890014648e+00,1.018327593803405762e+00,4.292026534676551819e-02,-1.826362102292478085e-03,9.990388154983520508e-01,-8.718055672943592072e-03,-3.452152013778686523e-01,1.349903196096420288e-01,1.138828471302986145e-01,9.241715073585510254e-01,-1.376619935035705566e-01,5.515915900468826294e-02,-2.200091332197189331e-01,2.499684505164623260e-02,-1.367098540067672729e-01,3.773684203624725342e-01,-9.257250279188156128e-02,-8.423624187707901001e-02,-2.665616571903228760e-03,-3.422687649726867676e-01,1.640031486749649048e-01,-4.313543140888214111e-01,1.698161102831363678e-02,6.626903265714645386e-02,2.065479159355163574e-01,-2.087537199258804321e-01,2.891065180301666260e-01,-3.097483813762664795e-01,1.907966136932373047e-01,1.313582807779312134e-01,-3.874996677041053772e-02
-4.319743633270263672e+00,-1.264710545539855957e+00,1.019225120544433594e+00,4.191616550087928772e-02,-2.028539543971419334e-03,9.990691542625427246e-01,-9.985749609768390656e-03,-3.533516228199005127e-01,1.274745315313339233e-01,1.026629135012626648e-01,8.884801268577575684e-01,-1.377377510070800781e-01,4.676547646522521973e-02,-2.118708789348602295e-01,2.538360655307769775e-02,-1.403876841068267822e-01,3.719362020492553711e-01,-9.703609347343444824e-02,-8.371971547603607178e-02,-2.794992411509156227e-03,-3.242433667182922363e-01,1.596158742904663086e-01,-4.263560175895690918e-01,2.657693251967430115e-02,7.077120244503021240e-02,1.892628520727157593e-01,-2.180479466915130615e-01,2.921428382396697998e-01,-3.205066621303558350e-01,1.887574642896652222e-01,1.320483833551406860e-01,-3.921418264508247375e-02
-4.326184749603271484e+00,-1.264591336250305176e+00,1.019976139068603516e+00,4.081709682941436768e-02,-2.260862849652767181e-03,9.991002082824707031e-01,-1.129764411598443985e-02,-3.597688078880310059e-01,1.207907199859619141e-01,9.305092692375183105e-02,8.491714596748352051e-01,-1.361470669507980347e-01,3.892821446061134338e-02,-2.043327540159225464e-01,2.559985406696796417e-02,-1.445654779672622681e-01,3.677574396133422852e-01,-1.023103818297386169e-01,-8.312945067882537842e-02,-2.906081732362508774e-03,-3.058469891548156738e-01,1.556684076786041260e-01,-4.208456575870513916e-01,3.567677736282348633e-02,7.609398663043975830e-02,1.717506200075149536e-01,-2.272223830223083496e-01,2.946494221687316895e-01,-3.304779529571533203e-01,1.851015537977218628e-01,1.322369277477264404e-01,-3.933975100517272949e-02
-4.332531929016113281e+00,-1.264447331428527832e+00,1.020704388618469238e+00,3.974707424640655518e-02,-2.455139765515923500e-03,9.991301298141479492e-01,-1.237658970057964325e-02,-3.647246360778808594e-01,1.149338185787200928e-01,8.530160039663314819e-02,8.072415590286254883e-01,-1.321069747209548950e-01,3.300062939524650574e-02,-1.967790275812149048e-01,2.593841217458248138e-02,-1.484308540821075439e-01,3.632123768329620361e-01,-1.072784513235092163e-01,-8.258058130741119385e-02,-3.216819372028112411e-03,-2.868996262550354004e-01,1.519557237625122070e-01,-4.155875742435455322e-01,4.444053396582603455e-02,7.998558878898620605e-02,1.539705097675323486e-01,-2.362459897994995117e-01,2.967967689037322998e-01,-3.394588828086853027e-01,1.804102063179016113e-01,1.322354227304458618e-01,-3.821408376097679138e-02
-4.338729381561279297e+00,-1.264348864555358887e+00,1.020866751670837402e+00,3.915411606431007385e-02,-2.653186907991766930e-03,9.991339445114135742e-01,-1.382959168404340744e-02,-3.683753311634063721e-01,1.103195920586585999e-01,7.987604290246963501e-02,7.645372748374938965e-01,-1.289851367473602295e-01,2.960742078721523285e-02,-1.913046687841415405e-01,2.517667971551418304e-02,-1.542790681123733521e-01,3.648681342601776123e-01,-1.152591779828071594e-01,-8.192733675241470337e-02,-3.208368085324764252e-03,-2.672779858112335205e-01,1.484693437814712524e-01,-4.111460447311401367e-01,5.263161286711692810e-02,8.282946050167083740e-02,1.363045275211334229e-01,-2.453202903270721436e-01,2.989904880523681641e-01,-3.470443487167358398e-01,1.767054200172424316e-01,1.321943700313568115e-01,-3.702335432171821594e-02
-4.345054626464843750e+00,-1.264276623725891113e+00,1.021660923957824707e+00,3.771184757351875305e-02,-2.915151650086045265e-03,9.991716146469116211e-01,-1.501173246651887894e-02,-3.707163631916046143e-01,1.057028695940971375e-01,7.570000737905502319e-02,7.167214751243591309e-01,-1.224235296249389648e-01,2.751700207591056824e-02,-1.835657805204391479e-01,2.602148056030273438e-02,-1.574970930814743042e-01,3.583476245403289795e-01,-1.191084831953048706e-01,-8.125797659158706665e-02,-4.073536954820156097e-03,-2.472603768110275269e-01,1.452336460351943970e-01,-4.074003994464874268e-01,5.978200584650039673e-02,8.273325860500335693e-02,1.185020357370376587e-01,-2.544363141059875488e-01,3.015799820423126221e-01,-3.541764616966247559e-01,1.741109192371368408e-01,1.316136717796325684e-01,-3.605578839778900146e-02
-4.351389408111572266e+00,-1.264343380928039551e+00,1.022077560424804688e+00,3.634958714246749878e-02,-3.133164020255208015e-03,9.992137551307678223e-01,-1.551756728440523148e-02,-3.725183308124542236e-01,1.014645472168922424e-01,7.285144925117492676e-02,6.697317361831665039e-01,-1.187546253204345703e-01,2.564301341772079468e-02,-1.773742288351058960e-01,2.640751004219055176e-02,-1.603695601224899292e-01,3.551123440265655518e-01,-1.243219599127769470e-01,-8.049619942903518677e-02,-3.883810713887214661e-03,-2.268225103616714478e-01,1.422241181135177612e-01,-4.045179486274719238e-01,6.692831218242645264e-02,8.061908185482025146e-02,1.006489321589469910e-01,-2.636354863643646240e-01,3.047579824924468994e-01,-3.611920177936553955e-01,1.731943786144256592e-01,1.306979358196258545e-01,-3.459054604172706604e-02
-4.357719421386718750e+00,-1.264472246170043945e+00,1.022103786468505859e+00,3.568538278341293335e-02,-3.272045170888304710e-03,9.992383718490600586e-01,-1.544558070600032806e-02,-3.727489411830902100e-01,9.756466001272201538e-02,7.094953209161758423e-02,6.243671774864196777e-01,-1.146188676357269287e-01,2.519709244370460510e-02,-1.724234223365783691e-01,2.583878859877586365e-02,-1.640877574682235718e-01,3.571946918964385986e-01,-1.321289837360382080e-01,-7.956534624099731445e-02,-2.751245629042387009e-03,-2.057934254407882690e-01,1.391901671886444092e-01,-4.022930264472961426e-01,7.409726828336715698e-02,7.772134989500045776e-02,8.295174688100814819e-02,-2.729329168796539307e-01,3.086806237697601318e-01,-3.676587045192718506e-01,1.741992980241775513e-01,1.297493129968643188e-01,-3.264382854104042053e-02
-4.363855361938476562e+00,-1.264644622802734375e+00,1.022056221961975098e+00,3.506761789321899414e-02,-3.256181953474879265e-03,9.992598891258239746e-01,-1.547112595289945602e-02,-3.726018071174621582e-01,9.294126927852630615e-02,6.782784312963485718e-02,5.790702700614929199e-01,-1.076676473021507263e-01,2.419613860547542572e-02,-1.681910753250122070e-01,2.512989193201065063e-02,-1.661138087511062622e-01,3.603913187980651855e-01,-1.403352171182632446e-01,-7.863081246614456177e-02,-1.753277727402746677e-03,-1.841293275356292725e-01,1.361587196588516235e-01,-4.012978374958038330e-01,8.035188913345336914e-02,7.243083417415618896e-02,6.537645310163497925e-02,-2.821678519248962402e-01,3.130724132061004639e-01,-3.729411065578460693e-01,1.763313561677932739e-01,1.287329941987991333e-01,-3.060758300125598907e-02
-4.369940757751464844e+00,-1.264741539955139160e+00,1.022096991539001465e+00,3.430130332708358765e-02,-3.257966367527842522e-03,9.992949962615966797e-01,-1.491045486181974411e-02,-3.726254701614379883e-01,8.872099220752716064e-02,6.406581401824951172e-02,5.359042286872863770e-01,-9.814433008432388306e-02,2.403189986944198608e-02,-1.638112068176269531e-01,2.513224631547927856e-02,-1.661605238914489746e-01,3.621835708618164062e-01,-1.476650685071945190e-01,-7.772608101367950439e-02,-1.065227203071117401e-03,-1.621987670660018921e-01,1.331454366445541382e-01,-3.998888731002807617e-01,8.682617545127868652e-02,6.815571337938308716e-02,4.771988838911056519e-02,-2.913107573986053467e-01,3.179335892200469971e-01,-3.777346611022949219e-01,1.793018877506256104e-01,1.275911182165145874e-01,-2.803745679557323456e-02
-4.375905513763427734e+00,-1.265148997306823730e+00,1.021930217742919922e+00,3.345125913619995117e-02,-3.240450052544474602e-03,9.993348121643066406e-01,-1.415763888508081436e-02,-3.728032410144805908e-01,8.416981995105743408e-02,6.038297712802886963e-02,4.940462410449981689e-01,-8.790918439626693726e-02,2.424022182822227478e-02,-1.608656346797943115e-01,2.440003491938114166e-02,-1.665440648794174194e-01,3.662120997905731201e-01,-1.558923274278640747e-01,-7.648470252752304077e-02,5.892080371268093586e-04,-1.400629729032516479e-01,1.300029158592224121e-01,-3.987538516521453857e-01,9.237164258956909180e-02,6.370934844017028809e-02,3.013786301016807556e-02,-3.003275096416473389e-01,3.232364058494567871e-01,-3.822686374187469482e-01,1.827695816755294800e-01,1.262964606285095215e-01,-2.531003765761852264e-02
-4.382105350494384766e+00,-1.265601396560668945e+00,1.021656870841979980e+00,3.274387493729591370e-02,-3.041174961254000664e-03,9.993783235549926758e-01,-1.271245442330837250e-02,-3.720675706863403320e-01,7.975240051746368408e-02,5.407055467367172241e-02,4.547822177410125732e-01,-7.626644521951675415e-02,2.676817215979099274e-02,-1.583971232175827026e-01,2.320810407400131226e-02,-1.659401804208755493e-01,3.720213174819946289e-01,-1.649960130453109741e-01,-7.525520771741867065e-02,3.022145712748169899e-03,-1.174921691417694092e-01,1.267670542001724243e-01,-3.975740671157836914e-01,9.829548746347427368e-02,6.000608578324317932e-02,1.259992923587560654e-02,-3.091593086719512939e-01,3.290046155452728271e-01,-3.861522674560546875e-01,1.862934976816177368e-01,1.249497011303901672e-01,-2.196881547570228577e-02
-4.388063430786132812e+00,-1.265922307968139648e+00,1.021463632583618164e+00,3.204073011875152588e-02,-2.832444850355386734e-03,9.994090795516967773e-01,-1.212096028029918671e-02,-3.717824816703796387e-01,7.542081177234649658e-02,4.748582839965820312e-02,4.179967343807220459e-01,-6.445436179637908936e-02,3.204260021448135376e-02,-1.552316397428512573e-01,2.207905612885951996e-02,-1.663229465484619141e-01,3.762625157833099365e-01,-1.733228415250778198e-01,-7.414935529232025146e-02,4.554860293865203857e-03,-9.478882700204849243e-02,1.234451010823249817e-01,-3.964454531669616699e-01,1.037170663475990295e-01,5.724693462252616882e-02,-4.829661455005407333e-03,-3.177123963832855225e-01,3.350324332714080811e-01,-3.891556560993194580e-01,1.898755729198455811e-01,1.238503828644752502e-01,-1.881512627005577087e-02
-4.393980979919433594e+00,-1.266489386558532715e+00,1.021283984184265137e+00,3.144942224025726318e-02,-2.680305857211351395e-03,9.994344711303710938e-01,-1.159739773720502853e-02,-3.717877566814422607e-01,7.131481915712356567e-02,4.076731950044631958e-02,3.847631514072418213e-01,-5.390475317835807800e-02,3.366188332438468933e-02,-1.514084935188293457e-01,2.090932056307792664e-02,-1.665387600660324097e-01,3.795352280139923096e-01,-1.809898465871810913e-01,-7.305867224931716919e-02,5.309971980750560760e-03,-7.208282500505447388e-02,1.200221255421638489e-01,-3.946640491485595703e-01,1.090513616800308228e-01,5.635028705000877380e-02,-2.207838185131549835e-02,-3.260481059551239014e-01,3.413910865783691406e-01,-3.914378881454467773e-01,1.929249167442321777e-01,1.230722591280937195e-01,-1.595314405858516693e-02
-4.399858951568603516e+00,-1.266961216926574707e+00,1.021261572837829590e+00,3.049810230731964111e-02,-2.518035005778074265e-03,9.994682073593139648e-01,-1.126179099082946777e-02,-3.719434738159179688e-01,6.752807646989822388e-02,3.477579355239868164e-02,3.534932136535644531e-01,-4.211422055959701538e-02,3.595558553934097290e-02,-1.471205055713653564e-01,2.017682231962680817e-02,-1.663986593484878540e-01,3.803620934486389160e-01,-1.876209825277328491e-01,-7.182026654481887817e-02,5.342003423720598221e-03,-4.934135451912879944e-02,1.166306063532829285e-01,-3.928910791873931885e-01,1.129598766565322876e-01,5.642136558890342712e-02,-3.933176398277282715e-02,-3.339461386203765869e-01,3.477530479431152344e-01,-3.935717344284057617e-01,1.947501003742218018e-01,1.226570978760719299e-01,-1.306821778416633606e-02
-4.405834197998046875e+00,-1.267576813697814941e+00,1.020968079566955566e+00,3.002843074500560760e-02,-2.333053387701511383e-03,9.994825124740600586e-01,-1.129446644335985184e-02,-3.719913363456726074e-01,6.379577517509460449e-02,3.035081736743450165e-02,3.273619413375854492e-01,-3.337472304701805115e-02,3.510071337223052979e-02,-1.430111825466156006e-01,1.860818825662136078e-02,-1.677148193120956421e-01,3.839018642902374268e-01,-1.957035362720489502e-01,-7.023257017135620117e-02,5.475477781146764755e-03,-2.643824182450771332e-02,1.132176816463470459e-01,-3.909845054149627686e-01,1.163780614733695984e-01,5.761128664016723633e-02,-5.648304149508476257e-02,-3.412926793098449707e-01,3.537565469741821289e-01,-3.943004012107849121e-01,1.949701756238937378e-01,1.225141361355781555e-01,-1.039260718971490860e-02
-4.411671638488769531e+00,-1.268040895462036133e+00,1.020798563957214355e+00,2.966793812811374664e-02,-2.252292586490511894e-03,9.994865059852600098e-01,-1.189458463340997696e-02,-3.721723854541778564e-01,6.055686995387077332e-02,2.858501300215721130e-02,3.041585683822631836e-01,-2.102848328649997711e-02,2.665889821946620941e-02,-1.376222074031829834e-01,1.755240932106971741e-02,-1.698399037122726440e-01,3.853889405727386475e-01,-2.028270512819290161e-01,-6.892277300357818604e-02,4.630138631910085678e-03,-3.600474447011947632e-03,1.096005514264106750e-01,-3.890565633773803711e-01,1.197940558195114136e-01,5.877426639199256897e-02,-7.331202179193496704e-02,-3.481543958187103271e-01,3.595599234104156494e-01,-3.942449092864990234e-01,1.949322223663330078e-01,1.228290274739265442e-01,-8.024944923818111420e-03
-4.417332172393798828e+00,-1.268639326095581055e+00,1.020624637603759766e+00,2.907014451920986176e-02,-2.229277044534683228e-03,9.994990825653076172e-01,-1.231189258396625519e-02,-3.730011284351348877e-01,5.778187885880470276e-02,3.012780472636222839e-02,2.846371829509735107e-01,-7.085456047207117081e-03,1.476571336388587952e-02,-1.326947361230850220e-01,1.658947765827178955e-02,-1.716699749231338501e-01,3.862579166889190674e-01,-2.093663811683654785e-01,-6.723378598690032959e-02,2.884446876123547554e-03,1.920073665678501129e-02,1.059056818485260010e-01,-3.873643279075622559e-01,1.224966123700141907e-01,5.943058803677558899e-02,-8.993592113256454468e-02,-3.543067276477813721e-01,3.648991286754608154e-01,-3.945277035236358643e-01,1.932280212640762329e-01,1.230063959956169128e-01,-6.417654920369386673e-03
-4.423079490661621094e+00,-1.269187569618225098e+00,1.020428299903869629e+00,2.881910093128681183e-02,-2.169070299714803696e-03,9.994975328445434570e-01,-1.301659736782312393e-02,-3.735481500625610352e-01,5.519879981875419617e-02,3.275479003787040710e-02,2.691948413848876953e-01,4.727847874164581299e-03,2.763306489214301109e-03,-1.269028037786483765e-01,1.550250221043825150e-02,-1.741813421249389648e-01,3.871882557868957520e-01,-2.160656601190567017e-01,-6.551010161638259888e-02,2.046338049694895744e-03,4.193140566349029541e-02,1.020736545324325562e-01,-3.863145112991333008e-01,1.241126805543899536e-01,5.874397978186607361e-02,-1.061337143182754517e-01,-3.599594831466674805e-01,3.697850406169891357e-01,-3.940470814704895020e-01,1.900231242179870605e-01,1.232454553246498108e-01,-5.539511330425739288e-03
-4.428759574890136719e+00,-1.269924044609069824e+00,1.020200967788696289e+00,2.863733097910881042e-02,-2.150683430954813957e-03,9.994952082633972168e-01,-1.358917541801929474e-02,-3.738555312156677246e-01,5.285966023802757263e-02,3.608472272753715515e-02,2.570652663707733154e-01,1.488670613616704941e-02,-7.012094836682081223e-03,-1.209643557667732239e-01,1.436103507876396179e-02,-1.765164583921432495e-01,3.878918588161468506e-01,-2.224422097206115723e-01,-6.363831460475921631e-02,9.865592001006007195e-04,6.449470669031143188e-02,9.820269793272018433e-02,-3.859089910984039307e-01,1.249972581863403320e-01,5.690632387995719910e-02,-1.220157295465469360e-01,-3.649696111679077148e-01,3.739142715930938721e-01,-3.929076194763183594e-01,1.854453384876251221e-01,1.234097480773925781e-01,-5.134518258273601532e-03
-4.434430599212646484e+00,-1.270604372024536133e+00,1.019914388656616211e+00,2.885512262582778931e-02,-2.141591859981417656e-03,9.994806051254272461e-01,-1.419036928564310074e-02,-3.732305765151977539e-01,5.079802498221397400e-02,3.973471373319625854e-02,2.483838498592376709e-01,2.399685420095920563e-02,-1.656681299209594727e-02,-1.140998229384422302e-01,1.325807720422744751e-02,-1.793162971735000610e-01,3.885267376899719238e-01,-2.289298027753829956e-01,-6.170799955725669861e-02,3.697483916766941547e-04,8.690390735864639282e-02,9.434972703456878662e-02,-3.859685361385345459e-01,1.258919984102249146e-01,5.534243583679199219e-02,-1.374644786119461060e-01,-3.694065809249877930e-01,3.774135708808898926e-01,-3.905138969421386719e-01,1.808992177248001099e-01,1.238837689161300659e-01,-5.176664330065250397e-03
-4.440093040466308594e+00,-1.271395564079284668e+00,1.019574522972106934e+00,2.872649580240249634e-02,-2.169692656025290489e-03,9.994804263114929199e-01,-1.445592381060123444e-02,-3.738236129283905029e-01,4.895065352320671082e-02,4.266003891825675964e-02,2.437144666910171509e-01,3.046464174985885620e-02,-2.078791148960590363e-02,-1.082754284143447876e-01,1.218819618225097656e-02,-1.812583059072494507e-01,3.894827663898468018e-01,-2.351407855749130249e-01,-5.976577848196029663e-02,2.584061876405030489e-04,1.058237254619598389e-01,9.108094125986099243e-02,-3.863296508789062500e-01,1.266918778419494629e-01,5.456552654504776001e-02,-1.503484398126602173e-01,-3.727964460849761963e-01,3.796351552009582520e-01,-3.895427584648132324e-01,1.780961900949478149e-01,1.239618062973022461e-01,-5.418437067419290543e-03
-4.445645332336425781e+00,-1.272256731986999512e+00,1.019084811210632324e+00,2.904554270207881927e-02,-2.225260715931653976e-03,9.994708895683288574e-01,-1.446799375116825104e-02,-3.733303546905517578e-01,4.748519882559776306e-02,4.500624537467956543e-02,2.422683387994766235e-01,3.686401993036270142e-02,-2.398188598453998566e-02,-1.023285090923309326e-01,1.097968965768814087e-02,-1.830108761787414551e-01,3.917987346649169922e-01,-2.418162822723388672e-01,-5.749762430787086487e-02,3.680086228996515274e-04,1.250179708003997803e-01,8.767614513635635376e-02,-3.870431780815124512e-01,1.276879310607910156e-01,5.290637910366058350e-02,-1.629466563463211060e-01,-3.756830692291259766e-01,3.812787234783172607e-01,-3.883705735206604004e-01,1.746725440025329590e-01,1.240668445825576782e-01,-5.688599310815334320e-03
-4.451269149780273438e+00,-1.273243784904479980e+00,1.018540024757385254e+00,2.938673272728919983e-02,-2.293967641890048981e-03,9.994634389877319336e-01,-1.428392436355352402e-02,-3.719129264354705811e-01,4.599282890558242798e-02,4.746967926621437073e-02,2.422361522912979126e-01,4.067935794591903687e-02,-2.519641630351543427e-02,-9.650395065546035767e-02,9.605519473552703857e-03,-1.846195012331008911e-01,3.944351375102996826e-01,-2.485691159963607788e-01,-5.513791367411613464e-02,3.002427401952445507e-04,1.442261338233947754e-01,8.415984362363815308e-02,-3.881282508373260498e-01,1.284259259700775146e-01,5.084769055247306824e-02,-1.751547455787658691e-01,-3.779979348182678223e-01,3.825187981128692627e-01,-3.868855535984039307e-01,1.706251502037048340e-01,1.242320314049720764e-01,-6.021453067660331726e-03
-4.456744194030761719e+00,-1.274281978607177734e+00,1.017954230308532715e+00,2.970603108406066895e-02,-2.329695969820022583e-03,9.994599223136901855e-01,-1.385526731610298157e-02,-3.700150549411773682e-01,4.450430721044540405e-02,5.022154003381729126e-02,2.442658692598342896e-01,4.159546643495559692e-02,-2.660299092531204224e-02,-9.106260538101196289e-02,8.096043951809406281e-03,-1.858492195606231689e-01,3.973510563373565674e-01,-2.550215125083923340e-01,-5.240606889128684998e-02,1.647962199058383703e-05,1.632074564695358276e-01,8.052490651607513428e-02,-3.893940150737762451e-01,1.292687058448791504e-01,4.843768477439880371e-02,-1.869497597217559814e-01,-3.797705173492431641e-01,3.832074701786041260e-01,-3.851895034313201904e-01,1.657320708036422729e-01,1.242972984910011292e-01,-6.180921569466590881e-03
-4.462240219116210938e+00,-1.275399446487426758e+00,1.017287611961364746e+00,3.015245124697685242e-02,-2.350582974031567574e-03,9.994562268257141113e-01,-1.313423924148082733e-02,-3.674119412899017334e-01,4.317283630371093750e-02,5.214112624526023865e-02,2.479678839445114136e-01,4.099380597472190857e-02,-2.940709330141544342e-02,-8.595030754804611206e-02,6.557878572493791580e-03,-1.858783662319183350e-01,4.012785851955413818e-01,-2.619292438030242920e-01,-4.981706291437149048e-02,3.554087015800178051e-05,1.818517893552780151e-01,7.686667889356613159e-02,-3.907748460769653320e-01,1.288449913263320923e-01,4.591723531484603882e-02,-1.981268972158432007e-01,-3.811582624912261963e-01,3.838073611259460449e-01,-3.826761245727539062e-01,1.613111943006515503e-01,1.243815496563911438e-01,-6.171341519802808762e-03
-4.467777729034423828e+00,-1.276556968688964844e+00,1.016579508781433105e+00,3.071069903671741486e-02,-2.378913573920726776e-03,9.994529485702514648e-01,-1.204226538538932800e-02,-3.636329472064971924e-01,4.195975139737129211e-02,5.440756678581237793e-02,2.525073885917663574e-01,4.046537727117538452e-02,-3.244530409574508667e-02,-8.083713799715042114e-02,4.880486056208610535e-03,-1.857035458087921143e-01,4.058129787445068359e-01,-2.686648666858673096e-01,-4.665466398000717163e-02,2.960007113870233297e-04,2.001491487026214600e-01,7.325127720832824707e-02,-3.919905722141265869e-01,1.273334026336669922e-01,4.387752711772918701e-02,-2.086475044488906860e-01,-3.821126222610473633e-01,3.845459818840026855e-01,-3.800589740276336670e-01,1.570722311735153198e-01,1.245965585112571716e-01,-5.972361657768487930e-03
-4.473460674285888672e+00,-1.277969479560852051e+00,1.015964984893798828e+00,3.115844726562500000e-02,-2.295338548719882965e-03,9.994632601737976074e-01,-9.855237789452075958e-03,-3.594313263893127441e-01,4.083250835537910461e-02,5.390787869691848755e-02,2.578264176845550537e-01,4.491253197193145752e-02,-2.867924608290195465e-02,-7.586568593978881836e-02,3.018650226294994354e-03,-1.831358522176742554e-01,4.096092879772186279e-01,-2.749345302581787109e-01,-4.316804558038711548e-02,1.691517885774374008e-03,2.179578393697738647e-01,6.970869749784469604e-02,-3.927943408489227295e-01,1.252055317163467407e-01,4.271590709686279297e-02,-2.185479104518890381e-01,-3.826075196266174316e-01,3.856253623962402344e-01,-3.771556913852691650e-01,1.533048003911972046e-01,1.248071119189262390e-01,-5.358619615435600281e-03
-4.479044914245605469e+00,-1.279470920562744141e+00,1.015353560447692871e+00,3.178382664918899536e-02,-2.243509748950600624e-03,9.994681477546691895e-01,-6.940744351595640182e-03,-3.541569113731384277e-01,3.961537405848503113e-02,5.083849653601646423e-02,2.629926204681396484e-01,5.342099070549011230e-02,-1.721811108291149139e-02,-7.061409205198287964e-02,1.213520416058599949e-03,-1.792220324277877808e-01,4.132136404514312744e-01,-2.808559238910675049e-01,-4.016518220305442810e-02,4.034545738250017166e-03,2.353558391332626343e-01,6.624031066894531250e-02,-3.932276964187622070e-01,1.225806474685668945e-01,4.205652698874473572e-02,-2.276497036218643188e-01,-3.827206492424011230e-01,3.874280452728271484e-01,-3.740241825580596924e-01,1.506974250078201294e-01,1.252715587615966797e-01,-4.136172123253345490e-03
-4.484777450561523438e+00,-1.280946850776672363e+00,1.014674544334411621e+00,3.195915371179580688e-02,-2.147354418411850929e-03,9.994774460792541504e-01,-4.344549961388111115e-03,-3.491398990154266357e-01,3.773833438754081726e-02,4.697128757834434509e-02,2.661526501178741455e-01,6.160022690892219543e-02,-9.569600224494934082e-03,-6.601262837648391724e-02,-6.317401421256363392e-04,-1.756085157394409180e-01,4.164802134037017822e-01,-2.867639660835266113e-01,-3.665264323353767395e-02,5.978068336844444275e-03,2.520317733287811279e-01,6.281149387359619141e-02,-3.932519853115081787e-01,1.187660768628120422e-01,4.206414893269538879e-02,-2.363091856241226196e-01,-3.825064301490783691e-01,3.894652128219604492e-01,-3.706479370594024658e-01,1.485478430986404419e-01,1.256611496210098267e-01,-2.559255808591842651e-03
-4.490649700164794922e+00,-1.282561182975769043e+00,1.014053583145141602e+00,3.213715553283691406e-02,-2.133992034941911697e-03,9.994799494743347168e-01,-1.567446044646203518e-03,-3.440008461475372314e-01,3.591603785753250122e-02,4.345505312085151672e-02,2.677550911903381348e-01,7.124724239110946655e-02,-9.293453185819089413e-04,-6.132964044809341431e-02,-2.502272604033350945e-03,-1.714915484189987183e-01,4.195960462093353271e-01,-2.924546301364898682e-01,-3.341382741928100586e-02,7.156033534556627274e-03,2.680052518844604492e-01,5.948348715901374817e-02,-3.926730751991271973e-01,1.145632565021514893e-01,4.274880886077880859e-02,-2.442916035652160645e-01,-3.819279670715332031e-01,3.920743167400360107e-01,-3.674484789371490479e-01,1.473948210477828979e-01,1.258131861686706543e-01,-5.653233965858817101e-04
-4.496617794036865234e+00,-1.284090518951416016e+00,1.013469099998474121e+00,3.236877173185348511e-02,-2.159841824322938919e-03,9.994733929634094238e-01,7.372047984972596169e-04,-3.386123478412628174e-01,3.446334972977638245e-02,4.131026193499565125e-02,2.684683203697204590e-01,8.006449043750762939e-02,1.168613601475954056e-02,-5.545450001955032349e-02,-4.136347677558660507e-03,-1.686774045228958130e-01,4.214068949222564697e-01,-2.974724471569061279e-01,-2.965217642486095428e-02,8.302642032504081726e-03,2.833136916160583496e-01,5.629841238260269165e-02,-3.917704820632934570e-01,1.095008030533790588e-01,4.385957494378089905e-02,-2.515994012355804443e-01,-3.810053467750549316e-01,3.949908018112182617e-01,-3.638683259487152100e-01,1.466617584228515625e-01,1.259528696537017822e-01,1.398637425154447556e-03
-4.502591609954833984e+00,-1.285733699798583984e+00,1.012944221496582031e+00,3.246399760246276855e-02,-2.211274113506078720e-03,9.994666576385498047e-01,2.747794147580862045e-03,-3.337496221065521240e-01,3.358634188771247864e-02,4.152687266469001770e-02,2.691800594329833984e-01,9.137987345457077026e-02,2.460067160427570343e-02,-4.913071915507316589e-02,-5.771385971456766129e-03,-1.664305180311203003e-01,4.218049049377441406e-01,-3.023059964179992676e-01,-2.642637304961681366e-02,8.270300924777984619e-03,2.977600097656250000e-01,5.333998054265975952e-02,-3.905135691165924072e-01,1.039112284779548645e-01,4.553335905075073242e-02,-2.582559883594512939e-01,-3.797864019870758057e-01,3.982209265232086182e-01,-3.598552346229553223e-01,1.464291214942932129e-01,1.259753108024597168e-01,3.559607546776533127e-03
-4.508698940277099609e+00,-1.287348031997680664e+00,1.012581586837768555e+00,3.239656612277030945e-02,-2.264263806864619255e-03,9.994648098945617676e-01,3.923651762306690216e-03,-3.283999264240264893e-01,3.315082937479019165e-02,4.438634961843490601e-02,2.693516314029693604e-01,9.702520072460174561e-02,3.205410763621330261e-02,-4.218632727861404419e-02,-7.314414717257022858e-03,-1.650553494691848755e-01,4.206346273422241211e-01,-3.061636984348297119e-01,-2.330169267952442169e-02,7.567346561700105667e-03,3.112345337867736816e-01,5.066363513469696045e-02,-3.890563547611236572e-01,9.771525859832763672e-02,4.736698418855667114e-02,-2.642434537410736084e-01,-3.781950473785400391e-01,4.014630019664764404e-01,-3.554180562496185303e-01,1.462757438421249390e-01,1.259277611970901489e-01,5.526710767298936844e-03
-4.514525890350341797e+00,-1.288849592208862305e+00,1.012361288070678711e+00,3.266509249806404114e-02,-2.248850651085376740e-03,9.994524121284484863e-01,4.772651940584182739e-03,-3.232957720756530762e-01,3.306706994771957397e-02,4.863093420863151550e-02,2.728231847286224365e-01,8.898231387138366699e-02,3.468697145581245422e-02,-3.406835347414016724e-02,-8.561949245631694794e-03,-1.640048921108245850e-01,4.180671870708465576e-01,-3.089742660522460938e-01,-2.051872760057449341e-02,6.181792356073856354e-03,3.237405121326446533e-01,4.825322702527046204e-02,-3.872930705547332764e-01,9.111864864826202393e-02,4.924163594841957092e-02,-2.696284949779510498e-01,-3.763993680477142334e-01,4.046969115734100342e-01,-3.502135872840881348e-01,1.463680565357208252e-01,1.258979290723800659e-01,7.047453895211219788e-03
-4.520150661468505859e+00,-1.290502429008483887e+00,1.012247204780578613e+00,3.297155350446701050e-02,-2.159365685656666756e-03,9.994374513626098633e-01,5.742854438722133636e-03,-3.182567954063415527e-01,3.262092545628547668e-02,5.222520604729652405e-02,2.786729037761688232e-01,7.709158957004547119e-02,3.827051818370819092e-02,-2.586778625845909119e-02,-1.013309974223375320e-02,-1.629483550786972046e-01,4.148847162723541260e-01,-3.106724321842193604e-01,-1.753336004912853241e-02,5.256116390228271484e-03,3.353590369224548340e-01,4.612611234188079834e-02,-3.860214948654174805e-01,8.396375179290771484e-02,5.055141076445579529e-02,-2.741480767726898193e-01,-3.742561936378479004e-01,4.079598486423492432e-01,-3.443444073200225830e-01,1.466751694679260254e-01,1.258902251720428467e-01,8.680244907736778259e-03
-4.525686740875244141e+00,-1.291940331459045410e+00,1.012257099151611328e+00,3.327262029051780701e-02,-2.064659725874662399e-03,9.994247555732727051e-01,6.227961741387844086e-03,-3.148341476917266846e-01,3.218827396631240845e-02,5.529940873384475708e-02,2.863136529922485352e-01,6.356930732727050781e-02,4.003074020147323608e-02,-1.746218651533126831e-02,-1.130346674472093582e-02,-1.620222032070159912e-01,4.112574458122253418e-01,-3.111903667449951172e-01,-1.479258202016353607e-02,4.400763660669326782e-03,3.458448946475982666e-01,4.436387121677398682e-02,-3.852084577083587646e-01,7.653953135013580322e-02,5.120784416794776917e-02,-2.779444456100463867e-01,-3.718959093093872070e-01,4.109229743480682373e-01,-3.385757803916931152e-01,1.468743383884429932e-01,1.258636713027954102e-01,9.622593410313129425e-03
-4.531145572662353516e+00,-1.293320775032043457e+00,1.012539982795715332e+00,3.353375196456909180e-02,-2.057986101135611534e-03,9.994142055511474609e-01,6.517550908029079437e-03,-3.115072250366210938e-01,3.195570409297943115e-02,5.827784165740013123e-02,2.941473722457885742e-01,5.147667229175567627e-02,4.196062684059143066e-02,-9.441376663744449615e-03,-1.252948772162199020e-02,-1.622568666934967041e-01,4.086096882820129395e-01,-3.092612326145172119e-01,-1.167576573789119720e-02,3.151493379846215248e-03,3.552017509937286377e-01,4.301989451050758362e-02,-3.851803541183471680e-01,6.854922324419021606e-02,5.039794370532035828e-02,-2.811057567596435547e-01,-3.691110312938690186e-01,4.131559133529663086e-01,-3.324594199657440186e-01,1.470662504434585571e-01,1.258506625890731812e-01,1.038480922579765320e-02
-4.536290168762207031e+00,-1.294808626174926758e+00,1.012943625450134277e+00,3.422491252422332764e-02,-2.137100091204047203e-03,9.993903636932373047e-01,6.556975655257701874e-03,-3.083880841732025146e-01,3.173611685633659363e-02,6.075977161526679993e-02,3.029350936412811279e-01,3.988247364759445190e-02,4.250654578208923340e-02,-2.708572661504149437e-03,-1.392391789704561234e-02,-1.623210757970809937e-01,4.080493152141571045e-01,-3.050898313522338867e-01,-8.221782743930816650e-03,1.555072725750505924e-03,3.653951287269592285e-01,4.241775721311569214e-02,-3.856548964977264404e-01,5.322355404496192932e-02,4.781700670719146729e-02,-2.842223644256591797e-01,-3.649800717830657959e-01,4.146443903446197510e-01,-3.187133967876434326e-01,1.452371180057525635e-01,1.261475980281829834e-01,1.134550943970680237e-02
-4.541353225708007812e+00,-1.296419382095336914e+00,1.013427734375000000e+00,3.485090658068656921e-02,-2.237106906250119209e-03,9.993695020675659180e-01,6.407496053725481033e-03,-3.038792610168457031e-01,3.100608102977275848e-02,6.263105571269989014e-02,3.093062639236450195e-01,2.967090532183647156e-02,4.355395957827568054e-02,6.747726001776754856e-04,-1.578009501099586487e-02,-1.615532487630844116e-01,4.120210111141204834e-01,-3.003436625003814697e-01,-4.943844396620988846e-03,-1.096832274924963713e-04,3.741842210292816162e-01,4.265406727790832520e-02,-3.869028985500335693e-01,4.082621261477470398e-02,4.427148401737213135e-02,-2.863722443580627441e-01,-3.600004613399505615e-01,4.147695899009704590e-01,-3.040735423564910889e-01,1.367275565862655640e-01,1.265480965375900269e-01,1.193761359900236130e-02
-4.546172142028808594e+00,-1.297914624214172363e+00,1.014001488685607910e+00,3.533715382218360901e-02,-2.162353368476033211e-03,9.993540048599243164e-01,6.178873591125011444e-03,-3.002864718437194824e-01,2.979859337210655212e-02,6.364152580499649048e-02,3.148847818374633789e-01,2.138631977140903473e-02,4.392853751778602600e-02,4.413536284118890762e-03,-1.769915595650672913e-02,-1.599703878164291382e-01,4.167034029960632324e-01,-2.949871420860290527e-01,-1.529768342152237892e-03,-1.716304454021155834e-03,3.812550604343414307e-01,4.360360279679298401e-02,-3.887390792369842529e-01,2.876651100814342499e-02,3.954253718256950378e-02,-2.875875234603881836e-01,-3.544451594352722168e-01,4.141483008861541748e-01,-2.916153669357299805e-01,1.280958354473114014e-01,1.267061978578567505e-01,1.166916638612747192e-02
-4.550822257995605469e+00,-1.299519538879394531e+00,1.014485120773315430e+00,3.560473397374153137e-02,-2.124354243278503418e-03,9.993458390235900879e-01,5.976256448775529861e-03,-2.968589067459106445e-01,2.852743677794933319e-02,6.536417454481124878e-02,3.204595446586608887e-01,1.294818893074989319e-02,4.444709792733192444e-02,5.852997303009033203e-03,-2.002539671957492828e-02,-1.585426777601242065e-01,4.235798716545104980e-01,-2.895984947681427002e-01,2.397297183051705360e-03,-3.704573260620236397e-03,3.867741525173187256e-01,4.531404376029968262e-02,-3.909459710121154785e-01,1.537405699491500854e-02,3.498712554574012756e-02,-2.877799570560455322e-01,-3.483542501926422119e-01,4.130973219871520996e-01,-2.803301215171813965e-01,1.209729835391044617e-01,1.266405880451202393e-01,1.178477238863706589e-02
-4.555273056030273438e+00,-1.301337957382202148e+00,1.015044927597045898e+00,3.611943125724792480e-02,-2.135575283318758011e-03,9.993251562118530273e-01,6.327403243631124496e-03,-2.931360602378845215e-01,2.741634845733642578e-02,6.795711815357208252e-02,3.252743780612945557e-01,5.557991098612546921e-03,4.552866891026496887e-02,4.742288962006568909e-03,-2.321310527622699738e-02,-1.555353403091430664e-01,4.352535009384155273e-01,-2.826368808746337891e-01,7.662599440664052963e-03,-5.674575921148061752e-03,3.904510736465454102e-01,4.758732765913009644e-02,-3.930614590644836426e-01,3.824650077149271965e-03,3.211991488933563232e-02,-2.865970730781555176e-01,-3.418174386024475098e-01,4.116537868976593018e-01,-2.707924246788024902e-01,1.150652766227722168e-01,1.265037506818771362e-01,1.193663291633129120e-02
-4.559695243835449219e+00,-1.303121328353881836e+00,1.015557289123535156e+00,3.616362065076828003e-02,-1.937333610840141773e-03,9.993205666542053223e-01,6.842179223895072937e-03,-2.888782024383544922e-01,2.593038231134414673e-02,7.107286900281906128e-02,3.284127712249755859e-01,-1.644960953854024410e-03,4.675861448049545288e-02,6.115559022873640060e-03,-2.623317390680313110e-02,-1.517821252346038818e-01,4.434656500816345215e-01,-2.768388390541076660e-01,1.324168778955936432e-02,-6.717567797750234604e-03,3.927356302738189697e-01,5.061597004532814026e-02,-3.952023386955261230e-01,-1.193406619131565094e-02,2.901828102767467499e-02,-2.844120562076568604e-01,-3.347309827804565430e-01,4.102074801921844482e-01,-2.589004933834075928e-01,1.088788807392120361e-01,1.259542107582092285e-01,1.207721326500177383e-02
-4.563819408416748047e+00,-1.304921746253967285e+00,1.015979409217834473e+00,3.673533350229263306e-02,-1.835097908042371273e-03,9.992955923080444336e-01,7.451596669852733612e-03,-2.858522236347198486e-01,2.472786977887153625e-02,7.407475262880325317e-02,3.333782553672790527e-01,-8.230144158005714417e-03,4.829268902540206909e-02,2.289057942107319832e-03,-2.995062619447708130e-02,-1.481461673974990845e-01,4.583337604999542236e-01,-2.709442079067230225e-01,2.003227546811103821e-02,-8.233765140175819397e-03,3.928165733814239502e-01,5.363000184297561646e-02,-3.966828584671020508e-01,-2.042672969400882721e-02,2.847848087549209595e-02,-2.811965346336364746e-01,-3.283306360244750977e-01,4.087387025356292725e-01,-2.522424161434173584e-01,1.061942726373672485e-01,1.259149909019470215e-01,1.248496398329734802e-02
-4.567754745483398438e+00,-1.306781291961669922e+00,1.016247272491455078e+00,3.693838417530059814e-02,-1.387270051054656506e-03,9.992809295654296875e-01,8.441218174993991852e-03,-2.815644443035125732e-01,2.301126904785633087e-02,7.846838235855102539e-02,3.370841145515441895e-01,-1.634815521538257599e-02,4.997862130403518677e-02,-3.890738589689135551e-03,-3.462129458785057068e-02,-1.425771713256835938e-01,4.757490754127502441e-01,-2.651382386684417725e-01,2.665396407246589661e-02,-9.474050253629684448e-03,3.916785418987274170e-01,5.763118341565132141e-02,-3.977630436420440674e-01,-3.732937946915626526e-02,2.806870080530643463e-02,-2.766366600990295410e-01,-3.206964135169982910e-01,4.074472784996032715e-01,-2.403466701507568359e-01,1.029032096266746521e-01,1.255609542131423950e-01,1.349217258393764496e-02
-4.571712493896484375e+00,-1.308642625808715820e+00,1.016667723655700684e+00,3.691136464476585388e-02,-1.173856318928301334e-03,9.992765784263610840e-01,9.083759039640426636e-03,-2.777044475078582764e-01,2.140263654291629791e-02,8.183226734399795532e-02,3.392112553119659424e-01,-2.253170870244503021e-02,5.083110928535461426e-02,-1.187942642718553543e-02,-3.939063474535942078e-02,-1.379829943180084229e-01,4.962247014045715332e-01,-2.572869062423706055e-01,3.366477042436599731e-02,-1.064637489616870880e-02,3.888959884643554688e-01,6.135682761669158936e-02,-3.981838524341583252e-01,-4.856370389461517334e-02,2.867532148957252502e-02,-2.718837857246398926e-01,-3.140908777713775635e-01,4.065284430980682373e-01,-2.331174910068511963e-01,1.015187650918960571e-01,1.254268586635589600e-01,1.405084319412708282e-02
-4.575615882873535156e+00,-1.310520648956298828e+00,1.016793727874755859e+00,3.676506876945495605e-02,-6.450435612350702286e-04,9.992718696594238281e-01,1.018017623573541641e-02,-2.751846313476562500e-01,1.947283931076526642e-02,8.608122915029525757e-02,3.436526358127593994e-01,-2.986425161361694336e-02,5.218013003468513489e-02,-1.935778744518756866e-02,-4.461277648806571960e-02,-1.329306811094284058e-01,5.154454112052917480e-01,-2.508543133735656738e-01,3.965482115745544434e-02,-1.143038459122180939e-02,3.846437335014343262e-01,6.544920802116394043e-02,-3.982765972614288330e-01,-6.168012693524360657e-02,2.944217994809150696e-02,-2.663030624389648438e-01,-3.075653910636901855e-01,4.060814380645751953e-01,-2.251717895269393921e-01,1.013134345412254333e-01,1.253592073917388916e-01,1.483546476811170578e-02
-4.579447269439697266e+00,-1.312359213829040527e+00,1.016919493675231934e+00,3.668396547436714172e-02,-1.491348375566303730e-04,9.992645382881164551e-01,1.116434670984745026e-02,-2.727339565753936768e-01,1.752224378287792206e-02,8.975767344236373901e-02,3.482440114021301270e-01,-3.730491176247596741e-02,5.369359254837036133e-02,-2.844513207674026489e-02,-5.026117712259292603e-02,-1.286818683147430420e-01,5.378757119178771973e-01,-2.448081523180007935e-01,5.234550684690475464e-02,-1.179098710417747498e-02,3.790529370307922363e-01,6.995534896850585938e-02,-3.982142508029937744e-01,-7.597298175096511841e-02,3.032012470066547394e-02,-2.599648535251617432e-01,-3.012898266315460205e-01,4.060065746307373047e-01,-2.166239470243453979e-01,1.023096218705177307e-01,1.254160702228546143e-01,1.569323800504207611e-02
-4.583124160766601562e+00,-1.314125657081604004e+00,1.016872048377990723e+00,3.702269122004508972e-02,3.290674358140677214e-04,9.992475509643554688e-01,1.155757345259189606e-02,-2.702036499977111816e-01,1.543622557073831558e-02,9.259954839944839478e-02,3.537235558032989502e-01,-4.513470828533172607e-02,5.520493164658546448e-02,-3.760711848735809326e-02,-5.578896403312683105e-02,-1.229271069169044495e-01,5.614397525787353516e-01,-2.378349006175994873e-01,6.325159221887588501e-02,-1.310928910970687866e-02,3.724273443222045898e-01,7.489777356386184692e-02,-3.980659246444702148e-01,-9.074336290359497070e-02,3.096229210495948792e-02,-2.529346346855163574e-01,-2.952108979225158691e-01,4.062928259372711182e-01,-2.078723162412643433e-01,1.042462661862373352e-01,1.256775110960006714e-01,1.676352694630622864e-02
-4.586661815643310547e+00,-1.315856456756591797e+00,1.016800165176391602e+00,3.704052790999412537e-02,8.189306827262043953e-04,9.992413520812988281e-01,1.200161781162023544e-02,-2.682070136070251465e-01,1.313468068838119507e-02,9.444586187601089478e-02,3.584719598293304443e-01,-5.278371274471282959e-02,5.661225318908691406e-02,-4.672529175877571106e-02,-6.108730658888816833e-02,-1.176828965544700623e-01,5.838283300399780273e-01,-2.312577664852142334e-01,7.500209659337997437e-02,-1.326362416148185730e-02,3.645553290843963623e-01,8.030898869037628174e-02,-3.978614509105682373e-01,-1.058108285069465637e-01,3.146227076649665833e-02,-2.455615848302841187e-01,-2.895801961421966553e-01,4.065949618816375732e-01,-1.991229951381683350e-01,1.068341955542564392e-01,1.261361986398696899e-01,1.764485426247119904e-02
-4.590232849121093750e+00,-1.317578077316284180e+00,1.016695976257324219e+00,3.738900274038314819e-02,9.741389076225459576e-04,9.992280602455139160e-01,1.201881095767021179e-02,-2.643392086029052734e-01,1.142561063170433044e-02,9.603521227836608887e-02,3.629418909549713135e-01,-6.087562441825866699e-02,5.776579305529594421e-02,-5.877747759222984314e-02,-6.710485368967056274e-02,-1.139154806733131409e-01,6.127823591232299805e-01,-2.236915975809097290e-01,9.590090066194534302e-02,-1.404209062457084656e-02,3.557204008102416992e-01,8.622741699218750000e-02,-3.977370560169219971e-01,-1.206506341695785522e-01,3.150994330644607544e-02,-2.376168668270111084e-01,-2.841600775718688965e-01,4.066521823406219482e-01,-1.903564929962158203e-01,1.093358322978019714e-01,1.268422901630401611e-01,1.811382919549942017e-02
-4.593582630157470703e+00,-1.319196462631225586e+00,1.016462445259094238e+00,3.760443255305290222e-02,1.376119442284107208e-03,9.992240667343139648e-01,1.163217518478631973e-02,-2.633974552154541016e-01,9.087754413485527039e-03,9.666879475116729736e-02,3.692590594291687012e-01,-6.817554682493209839e-02,5.920130014419555664e-02,-7.137666642665863037e-02,-7.293663918972015381e-02,-1.083947047591209412e-01,6.411705613136291504e-01,-2.134874016046524048e-01,1.113479360938072205e-01,-1.559801585972309113e-02,3.457467257976531982e-01,9.248429536819458008e-02,-3.975666463375091553e-01,-1.356884390115737915e-01,3.152959048748016357e-02,-2.293138206005096436e-01,-2.791201770305633545e-01,4.064960777759552002e-01,-1.814383864402770996e-01,1.119131967425346375e-01,1.279326975345611572e-01,1.866036280989646912e-02
-4.596924781799316406e+00,-1.320959687232971191e+00,1.016152143478393555e+00,3.765457868576049805e-02,1.784495427273213863e-03,9.992175698280334473e-01,1.196677517145872116e-02,-2.640910446643829346e-01,6.999036297202110291e-03,9.787627309560775757e-02,3.775135576725006104e-01,-7.620000839233398438e-02,6.079448387026786804e-02,-8.596731722354888916e-02,-7.982810586690902710e-02,-1.047429591417312622e-01,6.710245609283447266e-01,-2.009507566690444946e-01,1.272636204957962036e-01,-1.635656878352165222e-02,3.347873985767364502e-01,9.902629256248474121e-02,-3.975599706172943115e-01,-1.505211889743804932e-01,3.129709511995315552e-02,-2.208452522754669189e-01,-2.743570208549499512e-01,4.060531258583068848e-01,-1.732673346996307373e-01,1.141031309962272644e-01,1.291209161281585693e-01,1.914694719016551971e-02
-4.599989414215087891e+00,-1.322384357452392578e+00,1.015775680541992188e+00,3.787749633193016052e-02,2.060411032289266586e-03,9.992176890373229980e-01,1.118306536227464676e-02,-2.639886736869812012e-01,4.902468994259834290e-03,9.698848426342010498e-02,3.849585950374603271e-01,-8.393161743879318237e-02,6.239269301295280457e-02,-1.012666523456573486e-01,-8.560364693403244019e-02,-9.814910590648651123e-02,7.003930807113647461e-01,-1.847346872091293335e-01,1.423407346010208130e-01,-1.811788231134414673e-02,3.228560984134674072e-01,1.061000749468803406e-01,-3.978576660156250000e-01,-1.651763319969177246e-01,3.083606623113155365e-02,-2.120321691036224365e-01,-2.696838974952697754e-01,4.046395123004913330e-01,-1.647150814533233643e-01,1.149857565760612488e-01,1.306374818086624146e-01,1.944436691701412201e-02
-4.603178024291992188e+00,-1.323888301849365234e+00,1.015446543693542480e+00,3.779018670320510864e-02,2.334581455215811729e-03,9.992293715476989746e-01,1.035070605576038361e-02,-2.634554505348205566e-01,2.680102828890085220e-03,9.680151194334030151e-02,3.913253843784332275e-01,-9.133799374103546143e-02,6.391000747680664062e-02,-1.170358583331108093e-01,-9.090320765972137451e-02,-8.936049789190292358e-02,7.293992638587951660e-01,-1.674878597259521484e-01,1.549914926290512085e-01,-2.107240445911884308e-02,3.100015819072723389e-01,1.134402379393577576e-01,-3.981261551380157471e-01,-1.797606796026229858e-01,3.055291809141635895e-02,-2.029575556516647339e-01,-2.651030123233795166e-01,4.026813805103302002e-01,-1.561358571052551270e-01,1.154090389609336853e-01,1.319941133260726929e-01,2.003646641969680786e-02
-4.606247901916503906e+00,-1.325312972068786621e+00,1.015230894088745117e+00,3.800126910209655762e-02,2.695610048249363899e-03,9.992236495018005371e-01,1.003413647413253784e-02,-2.623546123504638672e-01,7.660454721190035343e-04,9.798277169466018677e-02,3.967390954494476318e-01,-9.753905981779098511e-02,6.431435793638229370e-02,-1.339630186557769775e-01,-9.597760438919067383e-02,-7.964279502630233765e-02,7.607939243316650391e-01,-1.495848894119262695e-01,1.648572832345962524e-01,-2.356125973165035248e-02,2.963065803050994873e-01,1.210161894559860229e-01,-3.983958959579467773e-01,-1.937695145606994629e-01,3.015155903995037079e-02,-1.937950551509857178e-01,-2.604952156543731689e-01,4.001129567623138428e-01,-1.480483114719390869e-01,1.151275634765625000e-01,1.336820125579833984e-01,2.061985805630683899e-02
-4.609155654907226562e+00,-1.326660990715026855e+00,1.015039324760437012e+00,3.806834295392036438e-02,2.965096617117524147e-03,9.992226958274841309e-01,9.795953519642353058e-03,-2.608783245086669922e-01,-8.007858414202928543e-04,9.930147975683212280e-02,4.009465873241424561e-01,-1.028578057885169983e-01,6.421897560358047485e-02,-1.525240391492843628e-01,-1.006631106138229370e-01,-6.951399147510528564e-02,7.933809757232666016e-01,-1.306294649839401245e-01,1.755755990743637085e-01,-2.527351304888725281e-02,2.817124724388122559e-01,1.289152652025222778e-01,-3.988667130470275879e-01,-2.070627212524414062e-01,2.924614772200584412e-02,-1.842610388994216919e-01,-2.558655440807342529e-01,3.969580829143524170e-01,-1.396779417991638184e-01,1.140364035964012146e-01,1.355026066303253174e-01,2.095077186822891235e-02
-4.612149238586425781e+00,-1.327938318252563477e+00,1.014984250068664551e+00,3.796850517392158508e-02,3.254607319831848145e-03,9.992244839668273926e-01,9.913736954331398010e-03,-2.592452764511108398e-01,-2.329143928363919258e-03,1.010329574346542358e-01,4.039896726608276367e-01,-1.076820269227027893e-01,6.436637043952941895e-02,-1.720090657472610474e-01,-1.047950237989425659e-01,-5.811902880668640137e-02,8.262158632278442383e-01,-1.099094003438949585e-01,1.872201561927795410e-01,-2.701013721525669098e-02,2.662606835365295410e-01,1.369882822036743164e-01,-3.994333148002624512e-01,-2.200591415166854858e-01,2.806344814598560333e-02,-1.744610220193862915e-01,-2.512159049510955811e-01,3.934144079685211182e-01,-1.319270282983779907e-01,1.131300553679466248e-01,1.373250782489776611e-01,2.126153185963630676e-02
-4.615007400512695312e+00,-1.329019188880920410e+00,1.015045404434204102e+00,3.799710050225257874e-02,3.585991449654102325e-03,9.992168545722961426e-01,1.044365111738443375e-02,-2.565608918666839600e-01,-3.476586891338229179e-03,1.038600429892539978e-01,4.056733250617980957e-01,-1.118262857198715210e-01,6.475592404603958130e-02,-1.914495974779129028e-01,-1.084518358111381531e-01,-4.629541188478469849e-02,8.583441972732543945e-01,-9.322346001863479614e-02,1.953596025705337524e-01,-2.820465713739395142e-02,2.499622702598571777e-01,1.453384310007095337e-01,-3.999922275543212891e-01,-2.327243536710739136e-01,2.634132280945777893e-02,-1.644078493118286133e-01,-2.464066594839096069e-01,3.892873525619506836e-01,-1.244007796049118042e-01,1.115101203322410583e-01,1.393637657165527344e-01,2.190742827951908112e-02
-4.617895603179931641e+00,-1.330076217651367188e+00,1.015195965766906738e+00,3.795747831463813782e-02,3.933792468160390854e-03,9.992098212242126465e-01,1.111121755093336105e-02,-2.528836429119110107e-01,-4.620036575943231583e-03,1.073012128472328186e-01,4.057894945144653320e-01,-1.157747879624366760e-01,6.573715060949325562e-02,-2.104021906852722168e-01,-1.112570613622665405e-01,-3.377533704042434692e-02,8.892374038696289062e-01,-7.720410823822021484e-02,2.035325169563293457e-01,-2.895298972725868225e-02,2.329223006963729858e-01,1.536902189254760742e-01,-4.001194834709167480e-01,-2.446690946817398071e-01,2.506149560213088989e-02,-1.542095094919204712e-01,-2.415174394845962524e-01,3.846105933189392090e-01,-1.169040873646736145e-01,1.091852709650993347e-01,1.414607167243957520e-01,2.241233736276626587e-02
-4.620733261108398438e+00,-1.330907583236694336e+00,1.015514969825744629e+00,3.787853568792343140e-02,4.390973132103681564e-03,9.991959333419799805e-01,1.238760072737932205e-02,-2.485096454620361328e-01,-5.608327686786651611e-03,1.115173399448394775e-01,4.040474593639373779e-01,-1.184402331709861755e-01,6.665585935115814209e-02,-2.285589128732681274e-01,-1.145047321915626526e-01,-2.292597480118274689e-02,9.169235825538635254e-01,-6.411306560039520264e-02,2.152369916439056396e-01,-2.861340530216693878e-02,2.152429223060607910e-01,1.620471924543380737e-01,-3.998222053050994873e-01,-2.562088370323181152e-01,2.436001785099506378e-02,-1.437352597713470459e-01,-2.366492152214050293e-01,3.800465166568756104e-01,-1.094297468662261963e-01,1.076320856809616089e-01,1.437027752399444580e-01,2.298757806420326233e-02
-4.623543262481689453e+00,-1.331688165664672852e+00,1.015860438346862793e+00,3.795325011014938354e-02,4.739677999168634415e-03,9.991754293441772461e-01,1.362040359526872635e-02,-2.436138689517974854e-01,-6.384171079844236374e-03,1.157569810748100281e-01,4.018333554267883301e-01,-1.208522543311119080e-01,6.730999052524566650e-02,-2.451376467943191528e-01,-1.178862899541854858e-01,-1.395769696682691574e-02,9.414691329002380371e-01,-5.608448013663291931e-02,2.261904627084732056e-01,-2.780135162174701691e-02,1.970021724700927734e-01,1.702403426170349121e-01,-3.990335762500762939e-01,-2.673166692256927490e-01,2.423785813152790070e-02,-1.329841017723083496e-01,-2.317773997783660889e-01,3.752583861351013184e-01,-1.023306623101234436e-01,1.061938777565956116e-01,1.460028737783432007e-01,2.313332445919513702e-02
-4.626352310180664062e+00,-1.332373023033142090e+00,1.016160249710083008e+00,3.814088553190231323e-02,4.974966403096914291e-03,9.991460442543029785e-01,1.509153656661510468e-02,-2.384943366050720215e-01,-6.743194069713354111e-03,1.201009079813957214e-01,3.998680710792541504e-01,-1.234469264745712280e-01,6.790016591548919678e-02,-2.596521675586700439e-01,-1.224210336804389954e-01,-8.272316306829452515e-03,9.616433382034301758e-01,-5.561075359582901001e-02,2.286299467086791992e-01,-2.626242488622665405e-02,1.783662736415863037e-01,1.783518791198730469e-01,-3.978090286254882812e-01,-2.773634195327758789e-01,2.513592131435871124e-02,-1.220019161701202393e-01,-2.268275618553161621e-01,3.701967298984527588e-01,-9.513057768344879150e-02,1.047320514917373657e-01,1.484479159116744995e-01,2.275806292891502380e-02
-4.629158973693847656e+00,-1.332904815673828125e+00,1.016473889350891113e+00,3.837409615516662598e-02,5.222132895141839981e-03,9.991120100021362305e-01,1.659221202135086060e-02,-2.333028912544250488e-01,-7.086434867233037949e-03,1.240849643945693970e-01,3.977188467979431152e-01,-1.258502006530761719e-01,6.836637109518051147e-02,-2.729244530200958252e-01,-1.286670118570327759e-01,-6.206361576914787292e-03,9.785473942756652832e-01,-5.998127162456512451e-02,2.236864566802978516e-01,-2.453971467912197113e-02,1.593956798315048218e-01,1.863934993743896484e-01,-3.961816430091857910e-01,-2.864123284816741943e-01,2.584763430058956146e-02,-1.108643412590026855e-01,-2.218417674303054810e-01,3.651952147483825684e-01,-8.833746612071990967e-02,1.037520840764045715e-01,1.508908718824386597e-01,2.231669239699840546e-02
-4.631857872009277344e+00,-1.333452343940734863e+00,1.016778588294982910e+00,3.865390270948410034e-02,5.360625684261322021e-03,9.990825653076171875e-01,1.763987727463245392e-02,-2.283596545457839966e-01,-7.363236043602228165e-03,1.276812106370925903e-01,3.957966864109039307e-01,-1.281914561986923218e-01,6.878314167261123657e-02,-2.846091389656066895e-01,-1.361080557107925415e-01,-6.511939689517021179e-03,9.916969537734985352e-01,-6.772657483816146851e-02,2.157521843910217285e-01,-2.365139871835708618e-02,1.403063684701919556e-01,1.940526217222213745e-01,-3.943382799625396729e-01,-2.950395643711090088e-01,2.733023464679718018e-02,-9.970182925462722778e-02,-2.168220579624176025e-01,3.598915338516235352e-01,-8.186221867799758911e-02,1.024639159440994263e-01,1.534775495529174805e-01,2.166085876524448395e-02
-4.634630680084228516e+00,-1.333928108215332031e+00,1.017082333564758301e+00,3.878689929842948914e-02,5.565706174820661545e-03,9.990616440773010254e-01,1.845189742743968964e-02,-2.234111875295639038e-01,-7.898215204477310181e-03,1.309662014245986938e-01,3.933998644351959229e-01,-1.303349435329437256e-01,6.914767622947692871e-02,-2.952749431133270264e-01,-1.444535851478576660e-01,-8.756062947213649750e-03,1.000787734985351562e+00,-7.587622851133346558e-02,2.053786516189575195e-01,-2.318547852337360382e-02,1.189821586012840271e-01,2.025737315416336060e-01,-3.920040726661682129e-01,-3.065033555030822754e-01,3.063095733523368835e-02,-8.739029616117477417e-02,-2.110447585582733154e-01,3.536176085472106934e-01,-7.343866676092147827e-02,1.015061214566230774e-01,1.571063250303268433e-01,1.992705091834068298e-02
-4.637495994567871094e+00,-1.334165811538696289e+00,1.017459750175476074e+00,3.906859830021858215e-02,5.545171443372964859e-03,9.990485906600952148e-01,1.856946386396884918e-02,-2.182372063398361206e-01,-8.236358873546123505e-03,1.322165876626968384e-01,3.909863233566284180e-01,-1.322941929101943970e-01,6.949032098054885864e-02,-3.034193813800811768e-01,-1.523365974426269531e-01,-1.263357792049646378e-02,1.004770040512084961e+00,-8.352512121200561523e-02,1.941019147634506226e-01,-2.292161993682384491e-02,9.797405451536178589e-02,2.107290327548980713e-01,-3.898348808288574219e-01,-3.150523304939270020e-01,3.314363583922386169e-02,-7.516194134950637817e-02,-2.054211199283599854e-01,3.471111059188842773e-01,-6.676234304904937744e-02,1.014153361320495605e-01,1.599345505237579346e-01,1.791832037270069122e-02
-4.640276432037353516e+00,-1.334336757659912109e+00,1.017834186553955078e+00,3.940521180629730225e-02,5.550384521484375000e-03,9.990357160568237305e-01,1.854823343455791473e-02,-2.132637202739715576e-01,-8.722957223653793335e-03,1.327761113643646240e-01,3.886196911334991455e-01,-1.338932812213897705e-01,6.984216719865798950e-02,-3.102352619171142578e-01,-1.602160781621932983e-01,-1.786986738443374634e-02,1.004964351654052734e+00,-9.348124265670776367e-02,1.836491674184799194e-01,-2.345278486609458923e-02,7.711172103881835938e-02,2.182490229606628418e-01,-3.874774575233459473e-01,-3.221117556095123291e-01,3.589083254337310791e-02,-6.290499866008758545e-02,-1.999808698892593384e-01,3.405210971832275391e-01,-6.172758713364601135e-02,1.011815816164016724e-01,1.622495800256729126e-01,1.587350852787494659e-02
-4.643103122711181641e+00,-1.334431409835815430e+00,1.018193960189819336e+00,3.972788527607917786e-02,5.466919392347335815e-03,9.990318417549133301e-01,1.808832213282585144e-02,-2.084394097328186035e-01,-9.173957630991935730e-03,1.324887424707412720e-01,3.864981532096862793e-01,-1.355203092098236084e-01,7.030224800109863281e-02,-3.150223493576049805e-01,-1.661923080682754517e-01,-2.146911248564720154e-02,1.000873208045959473e+00,-1.069991886615753174e-01,1.700573563575744629e-01,-2.538129314780235291e-02,5.641169100999832153e-02,2.251819521188735962e-01,-3.846515119075775146e-01,-3.285160660743713379e-01,3.870737925171852112e-02,-5.062666162848472595e-02,-1.947530061006546021e-01,3.335560560226440430e-01,-5.782548710703849792e-02,1.008145734667778015e-01,1.644236147403717041e-01,1.369948312640190125e-02
-4.645783901214599609e+00,-1.334547877311706543e+00,1.018694639205932617e+00,3.993004187941551208e-02,5.378780886530876160e-03,9.990311861038208008e-01,1.770250871777534485e-02,-2.032601833343505859e-01,-9.842051193118095398e-03,1.319230496883392334e-01,3.828478753566741943e-01,-1.359722912311553955e-01,7.114376127719879150e-02,-3.193068504333496094e-01,-1.708044707775115967e-01,-2.416633255779743195e-02,9.929890632629394531e-01,-1.190771535038948059e-01,1.591664105653762817e-01,-2.740789391100406647e-02,3.595904260873794556e-02,2.314763069152832031e-01,-3.817599713802337646e-01,-3.341113626956939697e-01,4.128709062933921814e-02,-3.849831223487854004e-02,-1.898660361766815186e-01,3.263663649559020996e-01,-5.485523119568824768e-02,1.007436737418174744e-01,1.662429422140121460e-01,1.179020479321479797e-02
-4.648540496826171875e+00,-1.334502696990966797e+00,1.019021868705749512e+00,4.037605971097946167e-02,5.282866302877664566e-03,9.990260004997253418e-01,1.699737645685672760e-02,-1.981827169656753540e-01,-1.022116094827651978e-02,1.312146037817001343e-01,3.806520700454711914e-01,-1.372985392808914185e-01,7.188470661640167236e-02,-3.220047950744628906e-01,-1.737008541822433472e-01,-2.528141625225543976e-02,9.821758866310119629e-01,-1.313632130622863770e-01,1.485535204410552979e-01,-2.953700162470340729e-02,1.574410684406757355e-02,2.370194494724273682e-01,-3.784009516239166260e-01,-3.395280539989471436e-01,4.488627612590789795e-02,-2.627998217940330505e-02,-1.852958649396896362e-01,3.193584084510803223e-01,-5.216371640563011169e-02,1.007464453577995300e-01,1.678476333618164062e-01,9.276939556002616882e-03
-4.651368141174316406e+00,-1.334525346755981445e+00,1.019344210624694824e+00,4.051275551319122314e-02,5.195832811295986176e-03,9.990260601043701172e-01,1.669229567050933838e-02,-1.936541199684143066e-01,-1.063701696693897247e-02,1.306656450033187866e-01,3.783227503299713135e-01,-1.386234313249588013e-01,7.249420136213302612e-02,-3.240194022655487061e-01,-1.752454489469528198e-01,-2.515739016234874725e-02,9.670005440711975098e-01,-1.427032798528671265e-01,1.373616009950637817e-01,-3.101033158600330353e-02,-4.237337037920951843e-03,2.419739961624145508e-01,-3.748329579830169678e-01,-3.445262908935546875e-01,4.803574830293655396e-02,-1.420431490987539291e-02,-1.810858696699142456e-01,3.126373589038848877e-01,-5.027190223336219788e-02,1.011255979537963867e-01,1.690730005502700806e-01,7.035974413156509399e-03
-4.654165267944335938e+00,-1.334376931190490723e+00,1.019664287567138672e+00,4.037928581237792969e-02,5.118272267282009125e-03,9.990332126617431641e-01,1.661069877445697784e-02,-1.896645277738571167e-01,-1.083587948232889175e-02,1.300711482763290405e-01,3.758755326271057129e-01,-1.395342946052551270e-01,7.319726794958114624e-02,-3.257088065147399902e-01,-1.755302697420120239e-01,-2.471229620277881622e-02,9.489077329635620117e-01,-1.521833389997482300e-01,1.303877085447311401e-01,-3.183428943157196045e-02,-2.386591210961341858e-02,2.464590966701507568e-01,-3.709918558597564697e-01,-3.505296707153320312e-01,5.137504264712333679e-02,-2.240455942228436470e-03,-1.773184686899185181e-01,3.059689700603485107e-01,-4.931467399001121521e-02,1.016513630747795105e-01,1.698085069656372070e-01,4.437807481735944748e-03
-4.656921863555908203e+00,-1.334205746650695801e+00,1.019841074943542480e+00,4.036138206720352173e-02,4.984602797776460648e-03,9.990365505218505859e-01,1.649387553334236145e-02,-1.861059069633483887e-01,-1.098399143666028976e-02,1.287458240985870361e-01,3.744292557239532471e-01,-1.403023004531860352e-01,7.512633502483367920e-02,-3.265691399574279785e-01,-1.742208898067474365e-01,-2.188997901976108551e-02,9.287754893302917480e-01,-1.624388694763183594e-01,1.236427128314971924e-01,-3.287621587514877319e-02,-4.317108541727066040e-02,2.503739595413208008e-01,-3.670737147331237793e-01,-3.543101251125335693e-01,5.442183092236518860e-02,9.730154648423194885e-03,-1.738118678331375122e-01,2.993407845497131348e-01,-4.845867678523063660e-02,1.019707247614860535e-01,1.702909469604492188e-01,2.775828819721937180e-03
-4.659524440765380859e+00,-1.333965539932250977e+00,1.019864559173583984e+00,4.074693843722343445e-02,4.842635709792375565e-03,9.990283846855163574e-01,1.607840135693550110e-02,-1.831093579530715942e-01,-1.081766560673713684e-02,1.274579614400863647e-01,3.754717707633972168e-01,-1.428633928298950195e-01,7.545203715562820435e-02,-3.253792524337768555e-01,-1.720044612884521484e-01,-1.914701610803604126e-02,9.064046144485473633e-01,-1.729853004217147827e-01,1.207017451524734497e-01,-3.332126885652542114e-02,-6.229064613580703735e-02,2.537001967430114746e-01,-3.631130456924438477e-01,-3.582141995429992676e-01,5.744769051671028137e-02,2.176204510033130646e-02,-1.706756502389907837e-01,2.926216423511505127e-01,-4.779280722141265869e-02,1.027873530983924866e-01,1.707580983638763428e-01,8.348325500264763832e-04
-4.662322521209716797e+00,-1.333624482154846191e+00,1.019923210144042969e+00,4.073935002088546753e-02,4.661967046558856964e-03,9.990287423133850098e-01,1.612907275557518005e-02,-1.804913878440856934e-01,-1.020564232021570206e-02,1.270856261253356934e-01,3.764953613281250000e-01,-1.456755399703979492e-01,7.547242939472198486e-02,-3.244995772838592529e-01,-1.684149056673049927e-01,-1.509966701269149780e-02,8.818767666816711426e-01,-1.814384758472442627e-01,1.175369396805763245e-01,-3.454209491610527039e-02,-8.091297000646591187e-02,2.565413415431976318e-01,-3.593669831752777100e-01,-3.621045649051666260e-01,5.960011482238769531e-02,3.367509320378303528e-02,-1.678216606378555298e-01,2.863589227199554443e-01,-4.732224345207214355e-02,1.042459160089492798e-01,1.711104214191436768e-01,-8.040005341172218323e-04
-4.665117263793945312e+00,-1.333280205726623535e+00,1.019939184188842773e+00,4.083313420414924622e-02,4.525207914412021637e-03,9.990242719650268555e-01,1.620629243552684784e-02,-1.778819561004638672e-01,-9.656404145061969757e-03,1.266873776912689209e-01,3.778335452079772949e-01,-1.487811952829360962e-01,7.532461732625961304e-02,-3.223740160465240479e-01,-1.639609187841415405e-01,-9.114217013120651245e-03,8.555219769477844238e-01,-1.902368217706680298e-01,1.155017837882041931e-01,-3.537395969033241272e-02,-9.907516092061996460e-02,2.591296136379241943e-01,-3.556931018829345703e-01,-3.656840324401855469e-01,6.132582575082778931e-02,4.558303579688072205e-02,-1.652688235044479370e-01,2.806295752525329590e-01,-4.742560908198356628e-02,1.066605970263481140e-01,1.712529063224792480e-01,-2.210273640230298042e-03
-4.667843818664550781e+00,-1.332834959030151367e+00,1.019927144050598145e+00,4.089266806840896606e-02,4.441847093403339386e-03,9.990180134773254395e-01,1.646564528346061707e-02,-1.754722744226455688e-01,-8.844731375575065613e-03,1.272613108158111572e-01,3.792579472064971924e-01,-1.517683118581771851e-01,7.416446506977081299e-02,-3.193672001361846924e-01,-1.583169251680374146e-01,-1.270104432478547096e-03,8.272100687026977539e-01,-2.010610848665237427e-01,1.171743050217628479e-01,-3.634662181138992310e-02,-1.168419122695922852e-01,2.614158689975738525e-01,-3.519648015499114990e-01,-3.680250048637390137e-01,6.250476092100143433e-02,5.735627934336662292e-02,-1.630746275186538696e-01,2.755990922451019287e-01,-4.816241189837455750e-02,1.096703484654426575e-01,1.713881045579910278e-01,-3.613697364926338196e-03
-4.670580863952636719e+00,-1.332352161407470703e+00,1.019876241683959961e+00,4.086543619632720947e-02,4.300638567656278610e-03,9.990118741989135742e-01,1.693532243371009827e-02,-1.732511371374130249e-01,-7.825588807463645935e-03,1.277878880500793457e-01,3.811451196670532227e-01,-1.549149602651596069e-01,7.385501265525817871e-02,-3.160572648048400879e-01,-1.522976905107498169e-01,7.108026184141635895e-03,7.977281808853149414e-01,-2.111591249704360962e-01,1.205637902021408081e-01,-3.653419762849807739e-02,-1.340919435024261475e-01,2.634317874908447266e-01,-3.484397530555725098e-01,-3.707715868949890137e-01,6.256576627492904663e-02,6.886139512062072754e-02,-1.610273867845535278e-01,2.707736492156982422e-01,-4.874177649617195129e-02,1.122717261314392090e-01,1.714751124382019043e-01,-4.928875248879194260e-03
-4.673418045043945312e+00,-1.331660747528076172e+00,1.019848465919494629e+00,4.078898206353187561e-02,4.184197168797254562e-03,9.990065097808837891e-01,1.745828613638877869e-02,-1.710108518600463867e-01,-6.362278945744037628e-03,1.295477151870727539e-01,3.827890455722808838e-01,-1.581155508756637573e-01,7.214596867561340332e-02,-3.112466037273406982e-01,-1.460194885730743408e-01,1.540217921137809753e-02,7.663869261741638184e-01,-2.201449871063232422e-01,1.220080256462097168e-01,-3.641261160373687744e-02,-1.512168496847152710e-01,2.652325034141540527e-01,-3.451075255870819092e-01,-3.727570474147796631e-01,6.136331707239151001e-02,8.036214113235473633e-02,-1.591800600290298462e-01,2.659769654273986816e-01,-5.014803260564804077e-02,1.155254319310188293e-01,1.714790016412734985e-01,-6.304937880486249924e-03
-4.676198005676269531e+00,-1.331012368202209473e+00,1.019814968109130859e+00,4.058170318603515625e-02,4.044916946440935135e-03,9.989981651306152344e-01,1.842263340950012207e-02,-1.688672602176666260e-01,-4.728156607598066330e-03,1.319342702627182007e-01,3.843037486076354980e-01,-1.610616296529769897e-01,7.138859480619430542e-02,-3.064853549003601074e-01,-1.402953416109085083e-01,2.264915034174919128e-02,7.343392372131347656e-01,-2.296733111143112183e-01,1.242032200098037720e-01,-3.546987473964691162e-02,-1.677098870277404785e-01,2.669888138771057129e-01,-3.422621786594390869e-01,-3.746617734432220459e-01,5.896148085594177246e-02,9.168425202369689941e-02,-1.573987454175949097e-01,2.616532146930694580e-01,-5.162997543811798096e-02,1.189006939530372620e-01,1.713106632232666016e-01,-7.226927205920219421e-03
-4.678937911987304688e+00,-1.330217957496643066e+00,1.019759058952331543e+00,4.041608795523643494e-02,4.032817203551530838e-03,9.989857077598571777e-01,1.943746395409107208e-02,-1.662399917840957642e-01,-3.252050839364528656e-03,1.343185305595397949e-01,3.852142989635467529e-01,-1.645490229129791260e-01,7.125122100114822388e-02,-3.009898960590362549e-01,-1.354806125164031982e-01,2.753096260130405426e-02,7.019658684730529785e-01,-2.387530505657196045e-01,1.271088123321533203e-01,-3.407336398959159851e-02,-1.832256019115447998e-01,2.685184478759765625e-01,-3.396230340003967285e-01,-3.770095407962799072e-01,5.710189044475555420e-02,1.022849753499031067e-01,-1.559443324804306030e-01,2.579984664916992188e-01,-5.282687023282051086e-02,1.223148331046104431e-01,1.712228059768676758e-01,-7.784656248986721039e-03
-4.681722164154052734e+00,-1.329591393470764160e+00,1.019894123077392578e+00,3.986930474638938904e-02,4.172570537775754929e-03,9.989883303642272949e-01,2.037979476153850555e-02,-1.631624251604080200e-01,-2.541299676522612572e-03,1.367882490158081055e-01,3.835640251636505127e-01,-1.664814651012420654e-01,7.012809067964553833e-02,-2.949319183826446533e-01,-1.319388896226882935e-01,3.066745214164257050e-02,6.676305532455444336e-01,-2.448284626007080078e-01,1.283800601959228516e-01,-3.239028528332710266e-02,-1.985963135957717896e-01,2.697406113147735596e-01,-3.368718326091766357e-01,-3.789522349834442139e-01,5.395132675766944885e-02,1.127840578556060791e-01,-1.547338664531707764e-01,2.548137009143829346e-01,-5.503740161657333374e-02,1.272675842046737671e-01,1.708237975835800171e-01,-8.418449200689792633e-03
-4.684406757354736328e+00,-1.328584194183349609e+00,1.019930958747863770e+00,3.954793512821197510e-02,4.351834300905466080e-03,9.989826083183288574e-01,2.123099006712436676e-02,-1.604293584823608398e-01,-1.236912445165216923e-03,1.397774964570999146e-01,3.833355307579040527e-01,-1.690604537725448608e-01,6.847511231899261475e-02,-2.884498834609985352e-01,-1.290076225996017456e-01,3.061261959373950958e-02,6.347277760505676270e-01,-2.518953979015350342e-01,1.278920918703079224e-01,-3.092394396662712097e-02,-2.132078260183334351e-01,2.707379758358001709e-01,-3.344849646091461182e-01,-3.804662525653839111e-01,4.992809891700744629e-02,1.229680553078651428e-01,-1.536790728569030762e-01,2.514646947383880615e-01,-5.746818706393241882e-02,1.304591745138168335e-01,1.702610403299331665e-01,-8.946323767304420471e-03
-4.687202930450439453e+00,-1.327950954437255859e+00,1.020137548446655273e+00,3.898625075817108154e-02,4.536935128271579742e-03,9.989838004112243652e-01,2.215482294559478760e-02,-1.569179892539978027e-01,-7.563697872683405876e-04,1.421851068735122681e-01,3.807014822959899902e-01,-1.705491989850997925e-01,6.712545454502105713e-02,-2.809183001518249512e-01,-1.268918067216873169e-01,2.806624956429004669e-02,6.000559926033020020e-01,-2.551865279674530029e-01,1.298214793205261230e-01,-2.891822904348373413e-02,-2.271597534418106079e-01,2.715694010257720947e-01,-3.322328329086303711e-01,-3.807139992713928223e-01,4.664611443877220154e-02,1.327713578939437866e-01,-1.528201550245285034e-01,2.486462891101837158e-01,-6.049658358097076416e-02,1.335708945989608765e-01,1.695178747177124023e-01,-9.782962501049041748e-03
-4.689941406250000000e+00,-1.326756954193115234e+00,1.020288705825805664e+00,3.846705332398414612e-02,4.634299781173467636e-03,9.989909529685974121e-01,2.271232008934020996e-02,-1.539114415645599365e-01,6.796428933739662170e-04,1.445107012987136841e-01,3.790370225906372070e-01,-1.723636239767074585e-01,6.527672708034515381e-02,-2.733534574508666992e-01,-1.244104728102684021e-01,2.322202920913696289e-02,5.673094987869262695e-01,-2.576629519462585449e-01,1.289262175559997559e-01,-2.763387374579906464e-02,-2.404732704162597656e-01,2.721834778785705566e-01,-3.302618265151977539e-01,-3.808129131793975830e-01,4.331067577004432678e-02,1.421129107475280762e-01,-1.521470099687576294e-01,2.458256334066390991e-01,-6.389174610376358032e-02,1.360430419445037842e-01,1.688581109046936035e-01,-1.066458784043788910e-02
-4.692500591278076172e+00,-1.325791239738464355e+00,1.020430684089660645e+00,3.794593364000320435e-02,4.786670673638582230e-03,9.989983439445495605e-01,2.322783879935741425e-02,-1.505529135465621948e-01,1.621638657525181770e-03,1.467888802289962769e-01,3.766271471977233887e-01,-1.739110797643661499e-01,6.365979462862014771e-02,-2.656062245368957520e-01,-1.225034967064857483e-01,1.576605252921581268e-02,5.347353219985961914e-01,-2.562595605850219727e-01,1.330908089876174927e-01,-2.612320333719253540e-02,-2.531453967094421387e-01,2.725968956947326660e-01,-3.285593688488006592e-01,-3.802970051765441895e-01,3.991437703371047974e-02,1.510826200246810913e-01,-1.517014503479003906e-01,2.431068867444992065e-01,-6.771832704544067383e-02,1.381173282861709595e-01,1.680080294609069824e-01,-1.131412666290998459e-02
-4.695100307464599609e+00,-1.324747920036315918e+00,1.020577907562255859e+00,3.783066943287849426e-02,4.725722130388021469e-03,9.990202784538269043e-01,2.247331291437149048e-02,-1.473805010318756104e-01,2.905100351199507713e-03,1.475819200277328491e-01,3.753043413162231445e-01,-1.755996942520141602e-01,6.220705434679985046e-02,-2.616369724273681641e-01,-1.203295662999153137e-01,9.935877285897731781e-03,5.135563015937805176e-01,-2.402457892894744873e-01,1.304796040058135986e-01,-2.711994946002960205e-02,-2.650282084941864014e-01,2.728032767772674561e-01,-3.270227015018463135e-01,-3.790013194084167480e-01,3.703257068991661072e-02,1.596137732267379761e-01,-1.512939929962158203e-01,2.402425259351730347e-01,-7.145474106073379517e-02,1.391760408878326416e-01,1.675139069557189941e-01,-1.203329861164093018e-02
-4.697631835937500000e+00,-1.323830246925354004e+00,1.020766258239746094e+00,3.709749877452850342e-02,4.691434558480978012e-03,9.990796446800231934e-01,2.101403102278709412e-02,-1.450394392013549805e-01,3.507505171000957489e-03,1.463970839977264404e-01,3.728945553302764893e-01,-1.767143905162811279e-01,6.097388640046119690e-02,-2.587893605232238770e-01,-1.176501214504241943e-01,8.103493601083755493e-03,4.964354038238525391e-01,-2.090979069471359253e-01,1.274448782205581665e-01,-2.871694415807723999e-02,-2.763606011867523193e-01,2.728861272335052490e-01,-3.256730437278747559e-01,-3.775046467781066895e-01,3.560397773981094360e-02,1.677448451519012451e-01,-1.508708894252777100e-01,2.372408807277679443e-01,-7.663503289222717285e-02,1.394455134868621826e-01,1.667885035276412964e-01,-1.266096159815788269e-02
-4.699881553649902344e+00,-1.322488546371459961e+00,1.020885825157165527e+00,3.638331592082977295e-02,4.701691679656505585e-03,9.991358518600463867e-01,1.953701302409172058e-02,-1.435881257057189941e-01,4.561635665595531464e-03,1.448116600513458252e-01,3.713634908199310303e-01,-1.776089668273925781e-01,5.910301581025123596e-02,-2.552117705345153809e-01,-1.136619672179222107e-01,9.988194331526756287e-03,4.824245274066925049e-01,-1.655092239379882812e-01,1.124378293752670288e-01,-3.103443607687950134e-02,-2.869843542575836182e-01,2.729224264621734619e-01,-3.245609998703002930e-01,-3.755372166633605957e-01,3.387095779180526733e-02,1.756242960691452026e-01,-1.506633162498474121e-01,2.347066998481750488e-01,-8.231847733259201050e-02,1.413240134716033936e-01,1.658266484737396240e-01,-1.302314642816781998e-02
-4.702042579650878906e+00,-1.320853233337402344e+00,1.020901679992675781e+00,3.559441491961479187e-02,4.761987831443548203e-03,9.991800785064697266e-01,1.869496330618858337e-02,-1.427810937166213989e-01,6.150651723146438599e-03,1.440729349851608276e-01,3.711117506027221680e-01,-1.791059523820877075e-01,5.677941814064979553e-02,-2.524653077125549316e-01,-1.095851734280586243e-01,1.261094398796558380e-02,4.743328690528869629e-01,-1.347567439079284668e-01,8.954867720603942871e-02,-3.197186812758445740e-02,-2.969862222671508789e-01,2.727132737636566162e-01,-3.232926428318023682e-01,-3.720646798610687256e-01,3.253668546676635742e-02,1.829969584941864014e-01,-1.507010310888290405e-01,2.325579375028610229e-01,-8.886614441871643066e-02,1.429889202117919922e-01,1.647535860538482666e-01,-1.370022166520357132e-02
-4.704072475433349609e+00,-1.319255471229553223e+00,1.020774126052856445e+00,3.533906862139701843e-02,4.626419860869646072e-03,9.991840124130249023e-01,1.900099217891693115e-02,-1.418796032667160034e-01,8.939273655414581299e-03,1.460769921541213989e-01,3.732247054576873779e-01,-1.820385605096817017e-01,5.474720150232315063e-02,-2.508046030998229980e-01,-1.072655320167541504e-01,1.223741658031940460e-02,4.749217033386230469e-01,-1.368843466043472290e-01,8.272806555032730103e-02,-3.103266470134258270e-02,-3.049106299877166748e-01,2.724424302577972412e-01,-3.219217956066131592e-01,-3.694397807121276855e-01,3.246820345520973206e-02,1.891744732856750488e-01,-1.506779640913009644e-01,2.308804988861083984e-01,-9.207523614168167114e-02,1.438995003700256348e-01,1.642342209815979004e-01,-1.353904232382774353e-02
-4.706019401550292969e+00,-1.317809700965881348e+00,1.020892143249511719e+00,3.501072153449058533e-02,4.234932828694581985e-03,9.991892576217651367e-01,1.942068152129650116e-02,-1.401992142200469971e-01,1.180161535739898682e-02,1.475508660078048706e-01,3.733487129211425781e-01,-1.838483363389968872e-01,5.297460407018661499e-02,-2.489656209945678711e-01,-1.054192408919334412e-01,1.137252617627382278e-02,4.751828014850616455e-01,-1.404377967119216919e-01,8.650303632020950317e-02,-2.965775132179260254e-02,-3.121791779994964600e-01,2.721535861492156982e-01,-3.207001090049743652e-01,-3.661116957664489746e-01,3.225057199597358704e-02,1.948194652795791626e-01,-1.505808532238006592e-01,2.297601401805877686e-01,-9.546447545289993286e-02,1.452952623367309570e-01,1.639059036970138550e-01,-1.361117791384458542e-02
-4.707904338836669922e+00,-1.316577911376953125e+00,1.021043181419372559e+00,3.421723097562789917e-02,3.871946362778544426e-03,9.992141127586364746e-01,1.963078230619430542e-02,-1.394974440336227417e-01,1.406695693731307983e-02,1.477975696325302124e-01,3.731543421745300293e-01,-1.854818612337112427e-01,5.118289589881896973e-02,-2.467205822467803955e-01,-1.033702716231346130e-01,1.102147903293371201e-02,4.720392823219299316e-01,-1.384000331163406372e-01,8.855991810560226440e-02,-2.844955585896968842e-02,-3.188565969467163086e-01,2.719295322895050049e-01,-3.194706439971923828e-01,-3.625341951847076416e-01,3.176758065819740295e-02,2.001019865274429321e-01,-1.505353897809982300e-01,2.295379638671875000e-01,-9.946258366107940674e-02,1.480989903211593628e-01,1.632772684097290039e-01,-1.322889886796474457e-02
-4.709862709045410156e+00,-1.315168499946594238e+00,1.021186113357543945e+00,3.420696035027503967e-02,3.690600162371993065e-03,9.992075562477111816e-01,2.001187764108181000e-02,-1.376375108957290649e-01,1.644905097782611847e-02,1.495795696973800659e-01,3.733673691749572754e-01,-1.866782009601593018e-01,4.947068914771080017e-02,-2.414490580558776855e-01,-1.011719554662704468e-01,1.062316726893186569e-02,4.660597741603851318e-01,-1.385302841663360596e-01,8.365216851234436035e-02,-2.796206809580326080e-02,-3.255079388618469238e-01,2.715805768966674805e-01,-3.180824518203735352e-01,-3.553911745548248291e-01,3.138098865747451782e-02,2.059377878904342651e-01,-1.505509018898010254e-01,2.298385947942733765e-01,-1.056906804442405701e-01,1.531517356634140015e-01,1.627882421016693115e-01,-1.157319825142621994e-02
-4.711844921112060547e+00,-1.313804984092712402e+00,1.021284222602844238e+00,3.405378386378288269e-02,3.546132706105709076e-03,9.992077946662902832e-01,2.028572186827659607e-02,-1.336179077625274658e-01,1.845037005841732025e-02,1.514707505702972412e-01,3.717901706695556641e-01,-1.881130635738372803e-01,4.757058992981910706e-02,-2.363118082284927368e-01,-9.947697073221206665e-02,9.365713223814964294e-03,4.601590633392333984e-01,-1.385884284973144531e-01,8.311996608972549438e-02,-2.719805575907230377e-02,-3.312821090221405029e-01,2.709079086780548096e-01,-3.164981901645660400e-01,-3.484201133251190186e-01,3.197956085205078125e-02,2.115033864974975586e-01,-1.508539319038391113e-01,2.309920936822891235e-01,-1.118185818195343018e-01,1.591413468122482300e-01,1.619866192340850830e-01,-1.067333575338125229e-02
-4.713741779327392578e+00,-1.312297105789184570e+00,1.021501064300537109e+00,3.426701948046684265e-02,3.680547000840306282e-03,9.991940259933471680e-01,2.057948894798755646e-02,-1.315732002258300781e-01,1.992597989737987518e-02,1.525676250457763672e-01,3.711056709289550781e-01,-1.879012286663055420e-01,4.607871919870376587e-02,-2.328441292047500610e-01,-9.876544773578643799e-02,7.622167468070983887e-03,4.587567150592803955e-01,-1.401123255491256714e-01,8.486210554838180542e-02,-2.623343281447887421e-02,-3.351253569126129150e-01,2.701053917407989502e-01,-3.155030012130737305e-01,-3.433509469032287598e-01,3.116319887340068817e-02,2.158495187759399414e-01,-1.514284461736679077e-01,2.323158383369445801e-01,-1.154612675309181213e-01,1.630042046308517456e-01,1.618838757276535034e-01,-1.006531063467264175e-02
-4.715595722198486328e+00,-1.310979127883911133e+00,1.021709322929382324e+00,3.397934883832931519e-02,3.563978010788559914e-03,9.992007017135620117e-01,2.075259201228618622e-02,-1.287788301706314087e-01,2.149252034723758698e-02,1.532877534627914429e-01,3.688824772834777832e-01,-1.880334168672561646e-01,4.456502571702003479e-02,-2.296820878982543945e-01,-9.770866483449935913e-02,5.312342662364244461e-03,4.561702311038970947e-01,-1.411193013191223145e-01,8.622846752405166626e-02,-2.512580156326293945e-02,-3.388098180294036865e-01,2.688843607902526855e-01,-3.146362602710723877e-01,-3.355056047439575195e-01,2.865176461637020111e-02,2.204575836658477783e-01,-1.523274332284927368e-01,2.339216023683547974e-01,-1.220953315496444702e-01,1.684093922376632690e-01,1.613184660673141479e-01,-9.040375240147113800e-03
-4.717589378356933594e+00,-1.309108853340148926e+00,1.021946072578430176e+00,3.394013643264770508e-02,3.647500416263937950e-03,9.992063045501708984e-01,2.053220197558403015e-02,-1.266052573919296265e-01,2.343592792749404907e-02,1.539458781480789185e-01,3.676859736442565918e-01,-1.875439137220382690e-01,4.266137257218360901e-02,-2.258740216493606567e-01,-9.655653685331344604e-02,2.419029362499713898e-03,4.540086090564727783e-01,-1.430688351392745972e-01,8.604052662849426270e-02,-2.453721873462200165e-02,-3.415980637073516846e-01,2.672021389007568359e-01,-3.138833940029144287e-01,-3.278453052043914795e-01,2.675320580601692200e-02,2.245727032423019409e-01,-1.535407602787017822e-01,2.356333136558532715e-01,-1.285769641399383545e-01,1.728854477405548096e-01,1.608614623546600342e-01,-8.039784617722034454e-03
-4.719472408294677734e+00,-1.307853341102600098e+00,1.022185325622558594e+00,3.335862979292869568e-02,3.469137707725167274e-03,9.992301464080810547e-01,2.035255543887615204e-02,-1.249450370669364929e-01,2.511980198323726654e-02,1.543429642915725708e-01,3.659932613372802734e-01,-1.876667588949203491e-01,4.124787822365760803e-02,-2.213053703308105469e-01,-9.533766657114028931e-02,-7.667792378924787045e-04,4.480610787868499756e-01,-1.445018351078033447e-01,8.509184420108795166e-02,-2.395884878933429718e-02,-3.435422778129577637e-01,2.654168009757995605e-01,-3.133724331855773926e-01,-3.208680450916290283e-01,2.528944239020347595e-02,2.280117124319076538e-01,-1.549246162176132202e-01,2.368252128362655640e-01,-1.356546878814697266e-01,1.750009506940841675e-01,1.598351895809173584e-01,-7.710921112447977066e-03
-4.721284389495849609e+00,-1.306479096412658691e+00,1.022424697875976562e+00,3.310037404298782349e-02,3.184028435498476028e-03,9.992464184761047363e-01,2.002103440463542938e-02,-1.223519220948219299e-01,2.690592035651206970e-02,1.539363563060760498e-01,3.635713458061218262e-01,-1.878618896007537842e-01,3.967725485563278198e-02,-2.161405831575393677e-01,-9.379184991121292114e-02,-4.405284766107797623e-03,4.423269927501678467e-01,-1.460354775190353394e-01,8.280123025178909302e-02,-2.313116565346717834e-02,-3.444564640522003174e-01,2.634524703025817871e-01,-3.129872977733612061e-01,-3.126965761184692383e-01,2.428384311497211456e-02,2.310260534286499023e-01,-1.565134972333908081e-01,2.379007786512374878e-01,-1.427745521068572998e-01,1.761433035135269165e-01,1.590184420347213745e-01,-7.114409003406763077e-03
-4.723071575164794922e+00,-1.305203437805175781e+00,1.022774219512939453e+00,3.236143290996551514e-02,2.878879662603139877e-03,9.992826581001281738e-01,1.945947483181953430e-02,-1.206878200173377991e-01,2.867386117577552795e-02,1.534890681505203247e-01,3.607304394245147705e-01,-1.871060132980346680e-01,3.818935155868530273e-02,-2.114792615175247192e-01,-9.209454804658889771e-02,-7.874172180891036987e-03,4.356067776679992676e-01,-1.464650034904479980e-01,8.032283931970596313e-02,-2.302040904760360718e-02,-3.445369303226470947e-01,2.609955072402954102e-01,-3.131696879863739014e-01,-3.006975650787353516e-01,2.335797809064388275e-02,2.336497753858566284e-01,-1.583733111619949341e-01,2.387544512748718262e-01,-1.511914432048797607e-01,1.759510487318038940e-01,1.578151434659957886e-01,-6.617811974138021469e-03
-4.724802970886230469e+00,-1.303659081459045410e+00,1.023025393486022949e+00,3.164971992373466492e-02,2.567730844020843506e-03,9.993120431900024414e-01,1.916033402085304260e-02,-1.168081909418106079e-01,3.060405887663364410e-02,1.532415747642517090e-01,3.563084602355957031e-01,-1.871635317802429199e-01,3.647230193018913269e-02,-2.072323560714721680e-01,-8.997353911399841309e-02,-1.090747863054275513e-02,4.296261966228485107e-01,-1.476808339357376099e-01,7.731282711029052734e-02,-2.310878597199916840e-02,-3.438279628753662109e-01,2.582796514034271240e-01,-3.133113086223602295e-01,-2.894231975078582764e-01,2.274243347346782684e-02,2.358559966087341309e-01,-1.605235189199447632e-01,2.394637316465377808e-01,-1.592976599931716919e-01,1.743355095386505127e-01,1.565394699573516846e-01,-6.002245470881462097e-03
-4.726482868194580078e+00,-1.302239179611206055e+00,1.023468017578125000e+00,3.082629479467868805e-02,2.417501062154769897e-03,9.993385672569274902e-01,1.914030499756336212e-02,-1.151221096515655518e-01,3.194588795304298401e-02,1.527522653341293335e-01,3.518230915069580078e-01,-1.851064413785934448e-01,3.506534174084663391e-02,-2.031574994325637817e-01,-8.796294033527374268e-02,-1.268355268985033035e-02,4.230107963085174561e-01,-1.480251848697662354e-01,7.512217760086059570e-02,-2.289054729044437408e-02,-3.422256410121917725e-01,2.555363476276397705e-01,-3.138733804225921631e-01,-2.801858484745025635e-01,2.165920101106166840e-02,2.372057437896728516e-01,-1.629360169172286987e-01,2.400821596384048462e-01,-1.663989573717117310e-01,1.734385937452316284e-01,1.555406451225280762e-01,-5.541210528463125229e-03
-4.728155612945556641e+00,-1.300801515579223633e+00,1.023697733879089355e+00,3.014199808239936829e-02,2.238933462649583817e-03,9.993605613708496094e-01,1.910228841006755829e-02,-1.140506193041801453e-01,3.364721685647964478e-02,1.522596478462219238e-01,3.498659729957580566e-01,-1.847760081291198730e-01,3.375719115138053894e-02,-1.995480805635452271e-01,-8.604808151721954346e-02,-1.490911096334457397e-02,4.180948138236999512e-01,-1.495650708675384521e-01,7.263631373643875122e-02,-2.211737260222434998e-02,-3.399437367916107178e-01,2.525769472122192383e-01,-3.144817054271697998e-01,-2.707375586032867432e-01,2.101622708141803741e-02,2.382635474205017090e-01,-1.654990911483764648e-01,2.403820008039474487e-01,-1.723202466964721680e-01,1.715328097343444824e-01,1.541516929864883423e-01,-5.188114009797573090e-03
-4.729787349700927734e+00,-1.299243330955505371e+00,1.023922204971313477e+00,2.968502603471279144e-02,2.045566681772470474e-03,9.993746280670166016e-01,1.910321041941642761e-02,-1.131358593702316284e-01,3.562828898429870605e-02,1.520664691925048828e-01,3.485403954982757568e-01,-1.843847632408142090e-01,3.228832408785820007e-02,-1.956960409879684448e-01,-8.404381573200225830e-02,-1.748069189488887787e-02,4.136224389076232910e-01,-1.512020081281661987e-01,6.992194056510925293e-02,-2.149085700511932373e-02,-3.369746208190917969e-01,2.495106011629104614e-01,-3.151261210441589355e-01,-2.604601681232452393e-01,2.053980156779289246e-02,2.388493120670318604e-01,-1.683409363031387329e-01,2.405156791210174561e-01,-1.788524985313415527e-01,1.695701777935028076e-01,1.528009027242660522e-01,-4.926966503262519836e-03
-4.731272220611572266e+00,-1.297938942909240723e+00,1.024197578430175781e+00,2.872057445347309113e-02,1.614730339497327805e-03,9.994031190872192383e-01,1.912992633879184723e-02,-1.120411381125450134e-01,3.756220266222953796e-02,1.513002663850784302e-01,3.456498384475708008e-01,-1.839969605207443237e-01,3.105744905769824982e-02,-1.929166018962860107e-01,-8.159705996513366699e-02,-1.927754841744899750e-02,4.083476960659027100e-01,-1.510594636201858521e-01,6.814406812191009521e-02,-2.115640416741371155e-02,-3.334344327449798584e-01,2.463897019624710083e-01,-3.157118558883666992e-01,-2.498139292001724243e-01,2.059255540370941162e-02,2.388225644826889038e-01,-1.714711934328079224e-01,2.408175021409988403e-01,-1.861953139305114746e-01,1.678759604692459106e-01,1.511885225772857666e-01,-4.672716837376356125e-03
-4.732843875885009766e+00,-1.296664834022521973e+00,1.024502873420715332e+00,2.742219343781471252e-02,1.318366499617695808e-03,9.994324445724487305e-01,1.952173747122287750e-02,-1.106766387820243835e-01,3.917304798960685730e-02,1.509927064180374146e-01,3.416953384876251221e-01,-1.833547502756118774e-01,2.952727302908897400e-02,-1.913965493440628052e-01,-7.925116270780563354e-02,-2.000005170702934265e-02,4.038489758968353271e-01,-1.509338468313217163e-01,6.640914827585220337e-02,-2.102897875010967255e-02,-3.293071687221527100e-01,2.435108870267868042e-01,-3.162857592105865479e-01,-2.396928220987319946e-01,1.950834877789020538e-02,2.383362352848052979e-01,-1.748206764459609985e-01,2.410536855459213257e-01,-1.946050971746444702e-01,1.655391752719879150e-01,1.493152081966400146e-01,-3.634055145084857941e-03
-4.734265804290771484e+00,-1.295600533485412598e+00,1.024661660194396973e+00,2.626448683440685272e-02,1.174384029582142830e-03,9.994513392448425293e-01,2.014550566673278809e-02,-1.098398715257644653e-01,4.049549251794815063e-02,1.517208516597747803e-01,3.390077948570251465e-01,-1.832461208105087280e-01,2.828881703317165375e-02,-1.910131722688674927e-01,-7.755067199468612671e-02,-2.022453211247920990e-02,4.014349877834320068e-01,-1.514562964439392090e-01,6.500391662120819092e-02,-2.077931724488735199e-02,-3.246236145496368408e-01,2.406334280967712402e-01,-3.165643215179443359e-01,-2.295753955841064453e-01,1.926066726446151733e-02,2.372044771909713745e-01,-1.783847212791442871e-01,2.413503378629684448e-01,-2.010778039693832397e-01,1.641695648431777954e-01,1.469670981168746948e-01,-2.336680190637707710e-03
-4.735656738281250000e+00,-1.294388055801391602e+00,1.024882435798645020e+00,2.511518076062202454e-02,1.027749269269406796e-03,9.994691610336303711e-01,2.072600089013576508e-02,-1.096133142709732056e-01,4.189444705843925476e-02,1.517516225576400757e-01,3.364735543727874756e-01,-1.826557070016860962e-01,2.698543481528759003e-02,-1.905491799116134644e-01,-7.566451281309127808e-02,-2.054806798696517944e-02,3.989068269729614258e-01,-1.519169360399246216e-01,6.363487988710403442e-02,-1.968714036047458649e-02,-3.193108141422271729e-01,2.377524375915527344e-01,-3.166732490062713623e-01,-2.189106643199920654e-01,1.900267042219638824e-02,2.356613874435424805e-01,-1.819291412830352783e-01,2.413562983274459839e-01,-2.065871953964233398e-01,1.626084595918655396e-01,1.444971114397048950e-01,-1.877765986137092113e-03
-4.737183570861816406e+00,-1.293375372886657715e+00,1.025123596191406250e+00,2.419591508805751801e-02,7.315553375519812107e-04,9.994813799858093262e-01,2.123644761741161346e-02,-1.081789880990982056e-01,4.351407662034034729e-02,1.525594443082809448e-01,3.337380290031433105e-01,-1.823963820934295654e-01,2.594261243939399719e-02,-1.889723092317581177e-01,-7.368868589401245117e-02,-2.103780955076217651e-02,3.954704701900482178e-01,-1.520897299051284790e-01,6.231493875384330750e-02,-1.907620579004287720e-02,-3.133642375469207764e-01,2.349848151206970215e-01,-3.167645335197448730e-01,-2.085355371236801147e-01,1.976188272237777710e-02,2.338683307170867920e-01,-1.855159848928451538e-01,2.414588481187820435e-01,-2.119455188512802124e-01,1.618473529815673828e-01,1.419780552387237549e-01,-1.371841528452932835e-03
-4.738515853881835938e+00,-1.292191267013549805e+00,1.025327205657958984e+00,2.343096584081649780e-02,6.021575536578893661e-04,9.994907975196838379e-01,2.165186591446399689e-02,-1.067443266510963440e-01,4.493179544806480408e-02,1.533751636743545532e-01,3.308948576450347900e-01,-1.817513555288314819e-01,2.470363490283489227e-02,-1.876972317695617676e-01,-7.208009064197540283e-02,-2.207023091614246368e-02,3.929609060287475586e-01,-1.525335758924484253e-01,6.100988760590553284e-02,-1.812978275120258331e-02,-3.067847192287445068e-01,2.321421802043914795e-01,-3.168080449104309082e-01,-1.975214779376983643e-01,2.077064663171768188e-02,2.318189740180969238e-01,-1.891764253377914429e-01,2.416970878839492798e-01,-2.170319855213165283e-01,1.607032418251037598e-01,1.395968794822692871e-01,-8.570334175601601601e-04
-4.739906311035156250e+00,-1.291019082069396973e+00,1.025518536567687988e+00,2.285402826964855194e-02,4.937825142405927181e-04,9.994928836822509766e-01,2.216894365847110748e-02,-1.049520000815391541e-01,4.637274891138076782e-02,1.546519696712493896e-01,3.283149898052215576e-01,-1.811939924955368042e-01,2.361246570944786072e-02,-1.861982643604278564e-01,-7.060293853282928467e-02,-2.322622388601303101e-02,3.908207118511199951e-01,-1.532746404409408569e-01,5.980315431952476501e-02,-1.751499995589256287e-02,-2.995366454124450684e-01,2.292670309543609619e-01,-3.168755471706390381e-01,-1.864050626754760742e-01,2.149646729230880737e-02,2.294568568468093872e-01,-1.926953196525573730e-01,2.413077801465988159e-01,-2.224680632352828979e-01,1.581884920597076416e-01,1.374414116144180298e-01,-2.381264202995225787e-04
-4.741437911987304688e+00,-1.289954543113708496e+00,1.025664567947387695e+00,2.194726094603538513e-02,5.424073315225541592e-04,9.995042085647583008e-01,2.257005684077739716e-02,-1.033379659056663513e-01,4.735023528337478638e-02,1.562144011259078979e-01,3.250805437564849854e-01,-1.806136965751647949e-01,2.270228415727615356e-02,-1.854863017797470093e-01,-6.960104405879974365e-02,-2.421507425606250763e-02,3.891777098178863525e-01,-1.544000059366226196e-01,5.884630605578422546e-02,-1.738234981894493103e-02,-2.915790975093841553e-01,2.265230864286422729e-01,-3.176455199718475342e-01,-1.759321093559265137e-01,2.167111821472644806e-02,2.267003655433654785e-01,-1.964045464992523193e-01,2.414098381996154785e-01,-2.277597934007644653e-01,1.566548496484756470e-01,1.353888809680938721e-01,2.225040079792961478e-04
-4.742749691009521484e+00,-1.288882017135620117e+00,1.025806665420532227e+00,2.143546380102634430e-02,5.525939632207155228e-04,9.995037317276000977e-01,2.307549118995666504e-02,-1.015420854091644287e-01,4.848420992493629456e-02,1.579087078571319580e-01,3.223697245121002197e-01,-1.800096780061721802e-01,2.161626145243644714e-02,-1.843400746583938599e-01,-6.852436065673828125e-02,-2.515720017254352570e-02,3.877049982547760010e-01,-1.552317291498184204e-01,5.789843201637268066e-02,-1.680234447121620178e-02,-2.831734120845794678e-01,2.236332744359970093e-01,-3.187206685543060303e-01,-1.635293960571289062e-01,2.150745876133441925e-02,2.239664644002914429e-01,-2.001504898071289062e-01,2.415036112070083618e-01,-2.327720820903778076e-01,1.540418267250061035e-01,1.336608380079269409e-01,5.632374086417257786e-04
-4.744191169738769531e+00,-1.287839889526367188e+00,1.026008486747741699e+00,2.039589546620845795e-02,4.320121370255947113e-04,9.995172619819641113e-01,2.343290857970714569e-02,-1.003360822796821594e-01,4.983230307698249817e-02,1.592676490545272827e-01,3.191703557968139648e-01,-1.791279166936874390e-01,2.036730945110321045e-02,-1.832627356052398682e-01,-6.721825152635574341e-02,-2.669873647391796112e-02,3.846902847290039062e-01,-1.554138362407684326e-01,5.696880072355270386e-02,-1.557580847293138504e-02,-2.742937803268432617e-01,2.206578850746154785e-01,-3.202224373817443848e-01,-1.530119180679321289e-01,2.087802998721599579e-02,2.209500372409820557e-01,-2.037540227174758911e-01,2.413610219955444336e-01,-2.369525581598281860e-01,1.514386385679244995e-01,1.317722946405410767e-01,9.991577826440334320e-04
-4.745701313018798828e+00,-1.286923170089721680e+00,1.026170969009399414e+00,1.930764317512512207e-02,4.615881189238280058e-04,9.995383620262145996e-01,2.345447242259979248e-02,-9.901766479015350342e-02,5.049730464816093445e-02,1.598883122205734253e-01,3.155193924903869629e-01,-1.782831400632858276e-01,1.933860778808593750e-02,-1.826548278331756592e-01,-6.668553501367568970e-02,-2.907836437225341797e-02,3.826514482498168945e-01,-1.561295837163925171e-01,5.613040924072265625e-02,-1.460396312177181244e-02,-2.651326656341552734e-01,2.174806892871856689e-01,-3.216992020606994629e-01,-1.427352577447891235e-01,2.077669836580753326e-02,2.176359295845031738e-01,-2.072379142045974731e-01,2.408511191606521606e-01,-2.416038811206817627e-01,1.488290280103683472e-01,1.300110071897506714e-01,6.686609121970832348e-04
-4.747042179107666016e+00,-1.286218285560607910e+00,1.026314496994018555e+00,1.831987500190734863e-02,4.856627201661467552e-04,9.995556473731994629e-01,2.350868657231330872e-02,-9.793103486299514771e-02,5.099299177527427673e-02,1.604115068912506104e-01,3.122625052928924561e-01,-1.776134073734283447e-01,1.855037547647953033e-02,-1.821730583906173706e-01,-6.630436331033706665e-02,-3.100967407226562500e-02,3.808023631572723389e-01,-1.567466408014297485e-01,5.562412738800048828e-02,-1.413199491798877716e-02,-2.555698156356811523e-01,2.141148149967193604e-01,-3.232371211051940918e-01,-1.320039778947830200e-01,2.140868641436100006e-02,2.142673730850219727e-01,-2.107904702425003052e-01,2.405622154474258423e-01,-2.462788075208663940e-01,1.465154737234115601e-01,1.280136257410049438e-01,7.003317587077617645e-04
-4.748570442199707031e+00,-1.285240173339843750e+00,1.026529312133789062e+00,1.729668676853179932e-02,2.300633059348911047e-04,9.995748996734619141e-01,2.347004599869251251e-02,-9.669378399848937988e-02,5.247560143470764160e-02,1.613058745861053467e-01,3.088923096656799316e-01,-1.770610511302947998e-01,1.734875515103340149e-02,-1.806027144193649292e-01,-6.481160968542098999e-02,-3.274605050683021545e-02,3.773243427276611328e-01,-1.568470597267150879e-01,5.498328432440757751e-02,-1.385658327490091324e-02,-2.456930875778198242e-01,2.107052206993103027e-01,-3.251177072525024414e-01,-1.219446137547492981e-01,2.188273333013057709e-02,2.108840197324752808e-01,-2.140595018863677979e-01,2.401774972677230835e-01,-2.504594624042510986e-01,1.439288854598999023e-01,1.266102641820907593e-01,4.595233476720750332e-04
-4.749961853027343750e+00,-1.284566164016723633e+00,1.026769995689392090e+00,1.625989750027656555e-02,3.785122316912747920e-05,9.995895624160766602e-01,2.358740568161010742e-02,-9.541857242584228516e-02,5.334591865539550781e-02,1.617549955844879150e-01,3.050387203693389893e-01,-1.759740263223648071e-01,1.644345372915267944e-02,-1.790504306554794312e-01,-6.372378021478652954e-02,-3.429691120982170105e-02,3.733206391334533691e-01,-1.564790010452270508e-01,5.449945479631423950e-02,-1.295225042849779129e-02,-2.356657385826110840e-01,2.072164714336395264e-01,-3.268968760967254639e-01,-1.118427813053131104e-01,2.287041582167148590e-02,2.073449343442916870e-01,-2.171824574470520020e-01,2.395062148571014404e-01,-2.551081180572509766e-01,1.413821130990982056e-01,1.252368688583374023e-01,3.885211481247097254e-04
-4.751352787017822266e+00,-1.283753633499145508e+00,1.026962399482727051e+00,1.509151514619588852e-02,-1.989488009712658823e-05,9.996134638786315918e-01,2.334958501160144806e-02,-9.425415098667144775e-02,5.405125766992568970e-02,1.621426641941070557e-01,3.009958863258361816e-01,-1.750959306955337524e-01,1.553751341998577118e-02,-1.780752986669540405e-01,-6.291512399911880493e-02,-3.619148209691047668e-02,3.701705336570739746e-01,-1.566980630159378052e-01,5.398381873965263367e-02,-1.247388869524002075e-02,-2.254588603973388672e-01,2.035823613405227661e-01,-3.284081220626831055e-01,-1.019284576177597046e-01,2.531328238546848297e-02,2.036406844854354858e-01,-2.201979756355285645e-01,2.385884821414947510e-01,-2.589612305164337158e-01,1.390623152256011963e-01,1.237570270895957947e-01,8.684760541655123234e-05
-4.752762794494628906e+00,-1.283020257949829102e+00,1.027104973793029785e+00,1.400905940681695938e-02,3.577579548164067091e-07,9.996333122253417969e-01,2.317289821803569794e-02,-9.315069764852523804e-02,5.453151836991310120e-02,1.626725792884826660e-01,2.972723245620727539e-01,-1.742170602083206177e-01,1.481611747294664383e-02,-1.774511784315109253e-01,-6.240418553352355957e-02,-3.808262571692466736e-02,3.679765462875366211e-01,-1.573224663734436035e-01,5.340070649981498718e-02,-1.192903332412242889e-02,-2.150545716285705566e-01,1.998771429061889648e-01,-3.298118412494659424e-01,-9.188139438629150391e-02,2.776663191616535187e-02,2.001059502363204956e-01,-2.231957018375396729e-01,2.377113848924636841e-01,-2.623362243175506592e-01,1.369393020868301392e-01,1.223520413041114807e-01,1.925059768836945295e-05
-4.754161834716796875e+00,-1.282408118247985840e+00,1.027243256568908691e+00,1.317186746746301651e-02,-6.178397597977891564e-05,9.996477961540222168e-01,2.303742431104183197e-02,-9.168443083763122559e-02,5.510595813393592834e-02,1.633253097534179688e-01,2.939458489418029785e-01,-1.735385060310363770e-01,1.398374419659376144e-02,-1.761811524629592896e-01,-6.190529093146324158e-02,-4.005725681781768799e-02,3.655014336109161377e-01,-1.577052325010299683e-01,5.306780338287353516e-02,-1.131450291723012924e-02,-2.044314891099929810e-01,1.961576491594314575e-01,-3.313970565795898438e-01,-8.147013187408447266e-02,3.018111176788806915e-02,1.967108249664306641e-01,-2.260788232088088989e-01,2.368049472570419312e-01,-2.648224532604217529e-01,1.346118897199630737e-01,1.212820783257484436e-01,-4.406888037919998169e-04
-4.755693435668945312e+00,-1.281886935234069824e+00,1.027433276176452637e+00,1.197346020489931107e-02,-1.372682163491845131e-04,9.996596574783325195e-01,2.317707054316997528e-02,-9.019543230533599854e-02,5.555053427815437317e-02,1.643901318311691284e-01,2.895140051841735840e-01,-1.726119518280029297e-01,1.333127915859222412e-02,-1.749168187379837036e-01,-6.116374209523200989e-02,-4.109553620219230652e-02,3.616391420364379883e-01,-1.574828326702117920e-01,5.270731821656227112e-02,-1.063635572791099548e-02,-1.938964277505874634e-01,1.924744546413421631e-01,-3.323162198066711426e-01,-7.153147459030151367e-02,3.360344469547271729e-02,1.931815296411514282e-01,-2.289076000452041626e-01,2.361259013414382935e-01,-2.677608430385589600e-01,1.331498771905899048e-01,1.199534013867378235e-01,-1.160130341304466128e-04
-4.757083892822265625e+00,-1.281265139579772949e+00,1.027555108070373535e+00,1.103573665022850037e-02,-1.753544202074408531e-04,9.996727108955383301e-01,2.307851240038871765e-02,-8.871769160032272339e-02,5.605887621641159058e-02,1.651320606470108032e-01,2.857270240783691406e-01,-1.719305813312530518e-01,1.250958628952503204e-02,-1.738081276416778564e-01,-6.061746180057525635e-02,-4.278873652219772339e-02,3.589405417442321777e-01,-1.577714383602142334e-01,5.229978635907173157e-02,-9.645582176744937897e-03,-1.833315938711166382e-01,1.886661201715469360e-01,-3.332224786281585693e-01,-6.280138343572616577e-02,3.743702545762062073e-02,1.897412091493606567e-01,-2.316429316997528076e-01,2.354142963886260986e-01,-2.695267498493194580e-01,1.317425519227981567e-01,1.188744083046913147e-01,1.493531017331406474e-04
-4.758485794067382812e+00,-1.280627131462097168e+00,1.027783274650573730e+00,9.607327170670032501e-03,-3.827621403615921736e-04,9.996934533119201660e-01,2.281511388719081879e-02,-8.769977092742919922e-02,5.673710629343986511e-02,1.650314331054687500e-01,2.806957364082336426e-01,-1.705879718065261841e-01,1.173707097768783569e-02,-1.725462079048156738e-01,-5.942245572805404663e-02,-4.425006732344627380e-02,3.542755246162414551e-01,-1.572810262441635132e-01,5.165077373385429382e-02,-8.546481840312480927e-03,-1.727917194366455078e-01,1.850726306438446045e-01,-3.339326679706573486e-01,-5.479761958122253418e-02,4.129064455628395081e-02,1.863021403551101685e-01,-2.341317981481552124e-01,2.345367074012756348e-01,-2.716095149517059326e-01,1.297485828399658203e-01,1.174515262246131897e-01,5.268452805466949940e-04
-4.759965896606445312e+00,-1.280114293098449707e+00,1.027925968170166016e+00,8.196500129997730255e-03,-4.458912299014627934e-04,9.997141361236572266e-01,2.245705761015415192e-02,-8.707685768604278564e-02,5.711822584271430969e-02,1.651909053325653076e-01,2.766918241977691650e-01,-1.698427200317382812e-01,1.098092179745435715e-02,-1.720020920038223267e-01,-5.889788269996643066e-02,-4.608204588294029236e-02,3.510421812534332275e-01,-1.574179828166961670e-01,5.144532769918441772e-02,-7.978615351021289825e-03,-1.623136848211288452e-01,1.816540360450744629e-01,-3.346512913703918457e-01,-4.814573749899864197e-02,4.399898648262023926e-02,1.828475594520568848e-01,-2.364989668130874634e-01,2.337358593940734863e-01,-2.729873359203338623e-01,1.283788532018661499e-01,1.159089803695678711e-01,1.106093288399279118e-03
-4.761215686798095703e+00,-1.279494643211364746e+00,1.028044104576110840e+00,7.240693084895610809e-03,-4.576673673000186682e-04,9.997330307960510254e-01,2.193610183894634247e-02,-8.588579297065734863e-02,5.748528614640235901e-02,1.651604622602462769e-01,2.727417945861816406e-01,-1.688459068536758423e-01,1.018992625176906586e-02,-1.710076928138732910e-01,-5.838308855891227722e-02,-4.784083366394042969e-02,3.485011160373687744e-01,-1.578087657690048218e-01,5.112267658114433289e-02,-7.641519885510206223e-03,-1.517144739627838135e-01,1.781186461448669434e-01,-3.349788188934326172e-01,-4.130890965461730957e-02,4.621025919914245605e-02,1.795369684696197510e-01,-2.387431114912033081e-01,2.329805493354797363e-01,-2.737493515014648438e-01,1.272082775831222534e-01,1.142899394035339355e-01,2.066726796329021454e-03
-4.762875080108642578e+00,-1.279016256332397461e+00,1.028191804885864258e+00,5.781504791229963303e-03,-6.572827696800231934e-04,9.997539520263671875e-01,2.140593901276588440e-02,-8.505074679851531982e-02,5.807195603847503662e-02,1.651688665151596069e-01,2.683827579021453857e-01,-1.681597977876663208e-01,9.461990557610988617e-03,-1.698518693447113037e-01,-5.760333314538002014e-02,-5.005623772740364075e-02,3.445693552494049072e-01,-1.580027490854263306e-01,5.078049004077911377e-02,-6.906341761350631714e-03,-1.412270963191986084e-01,1.747802942991256714e-01,-3.353807032108306885e-01,-3.634543344378471375e-02,4.770182445645332336e-02,1.762970238924026489e-01,-2.407860755920410156e-01,2.320815175771713257e-01,-2.745630741119384766e-01,1.260793060064315796e-01,1.123774796724319458e-01,2.925469307228922844e-03
-4.763993263244628906e+00,-1.278593420982360840e+00,1.028287291526794434e+00,5.547344218939542770e-03,-6.714200717397034168e-04,9.997716546058654785e-01,2.062484249472618103e-02,-8.272245526313781738e-02,5.814877524971961975e-02,1.646477580070495605e-01,2.647424638271331787e-01,-1.672791540622711182e-01,9.029734879732131958e-03,-1.674695014953613281e-01,-5.758774653077125549e-02,-5.292428284883499146e-02,3.422041535377502441e-01,-1.584963947534561157e-01,5.088083446025848389e-02,-6.265186704695224762e-03,-1.304195523262023926e-01,1.715677827596664429e-01,-3.355978131294250488e-01,-3.173056989908218384e-02,4.984607920050621033e-02,1.735465377569198608e-01,-2.426155954599380493e-01,2.312110662460327148e-01,-2.736933231353759766e-01,1.248261183500289917e-01,1.113143116235733032e-01,3.317469730973243713e-03
-4.765447139739990234e+00,-1.278151988983154297e+00,1.028373479843139648e+00,4.431081470102071762e-03,-6.040340522304177284e-04,9.997963309288024902e-01,1.967933587729930878e-02,-8.135598152875900269e-02,5.797563493251800537e-02,1.641014665365219116e-01,2.600548267364501953e-01,-1.662158370018005371e-01,8.476563729345798492e-03,-1.662445366382598877e-01,-5.770723521709442139e-02,-5.598616600036621094e-02,3.394033908843994141e-01,-1.592541337013244629e-01,5.090285092592239380e-02,-6.050620228052139282e-03,-1.196278706192970276e-01,1.684268712997436523e-01,-3.356099724769592285e-01,-2.882324345409870148e-02,5.097271129488945007e-02,1.706364005804061890e-01,-2.443124055862426758e-01,2.301631569862365723e-01,-2.731731235980987549e-01,1.234545186161994934e-01,1.101046949625015259e-01,3.301315009593963623e-03
-4.766878604888916016e+00,-1.277713060379028320e+00,1.028512954711914062e+00,3.067828249186277390e-03,-6.359072867780923843e-04,9.998193383216857910e-01,1.874702237546443939e-02,-8.051400631666183472e-02,5.799556896090507507e-02,1.631561368703842163e-01,2.551843822002410889e-01,-1.649923473596572876e-01,7.986847311258316040e-03,-1.650294214487075806e-01,-5.742364376783370972e-02,-5.862751975655555725e-02,3.353466987609863281e-01,-1.592544168233871460e-01,5.088257417082786560e-02,-6.215245462954044342e-03,-1.089002937078475952e-01,1.654486358165740967e-01,-3.353313803672790527e-01,-2.733573317527770996e-02,5.220174789428710938e-02,1.676808595657348633e-01,-2.458510249853134155e-01,2.290799617767333984e-01,-2.732423543930053711e-01,1.221497654914855957e-01,1.082301661372184753e-01,3.868588013574481010e-03
-4.768297672271728516e+00,-1.277192950248718262e+00,1.028629899024963379e+00,2.155944705009460449e-03,-6.121681653894484043e-04,9.998361468315124512e-01,1.796202361583709717e-02,-7.860250771045684814e-02,5.802381411194801331e-02,1.627118587493896484e-01,2.501880228519439697e-01,-1.636665761470794678e-01,7.299018558114767075e-03,-1.631289273500442505e-01,-5.720610916614532471e-02,-6.127790361642837524e-02,3.319007456302642822e-01,-1.595815420150756836e-01,5.085672065615653992e-02,-6.530810147523880005e-03,-9.812872111797332764e-02,1.624905467033386230e-01,-3.345457315444946289e-01,-2.655258961021900177e-02,5.326127260923385620e-02,1.648497581481933594e-01,-2.472740560770034790e-01,2.281464785337448120e-01,-2.723336815834045410e-01,1.210197433829307556e-01,1.065149530768394470e-01,5.028093233704566956e-03
-4.770090579986572266e+00,-1.276594400405883789e+00,1.028766036033630371e+00,1.368706289213150740e-04,-6.257133791223168373e-04,9.998519420623779297e-01,1.719414442777633667e-02,-7.784970104694366455e-02,5.803104490041732788e-02,1.616891771554946899e-01,2.438147515058517456e-01,-1.620524674654006958e-01,6.445344071835279465e-03,-1.630358397960662842e-01,-5.676088854670524597e-02,-6.379052251577377319e-02,3.280655741691589355e-01,-1.599528193473815918e-01,5.084170401096343994e-02,-6.174792535603046417e-03,-8.760309964418411255e-02,1.596519201993942261e-01,-3.333929479122161865e-01,-2.804329991340637207e-02,5.355208367109298706e-02,1.619469374418258667e-01,-2.484850287437438965e-01,2.268263846635818481e-01,-2.721697390079498291e-01,1.194325685501098633e-01,1.039449945092201233e-01,5.298879928886890411e-03
-4.771170139312744141e+00,-1.276306033134460449e+00,1.028826355934143066e+00,-9.489168878644704819e-04,-7.270622882060706615e-04,9.998632073402404785e-01,1.649832352995872498e-02,-7.725718617439270020e-02,5.820629000663757324e-02,1.611442118883132935e-01,2.400297224521636963e-01,-1.611300706863403320e-01,6.039635743945837021e-03,-1.623217612504959106e-01,-5.642126873135566711e-02,-6.584800779819488525e-02,3.251944482326507568e-01,-1.601087450981140137e-01,5.067571997642517090e-02,-5.852715577930212021e-03,-7.709236443042755127e-02,1.570266038179397583e-01,-3.313089013099670410e-01,-2.907893061637878418e-02,5.686334520578384399e-02,1.591582149267196655e-01,-2.494685798883438110e-01,2.253801375627517700e-01,-2.716805338859558105e-01,1.182370632886886597e-01,1.013155281543731689e-01,5.052468273788690567e-03
-4.772229194641113281e+00,-1.275946497917175293e+00,1.028905153274536133e+00,-1.995441969484090805e-03,-7.169863674789667130e-04,9.998728632926940918e-01,1.580482721328735352e-02,-7.645010948181152344e-02,5.818773061037063599e-02,1.606048494577407837e-01,2.359750866889953613e-01,-1.600183546543121338e-01,5.445939488708972931e-03,-1.615216732025146484e-01,-5.615511164069175720e-02,-6.752589344978332520e-02,3.223965764045715332e-01,-1.603701859712600708e-01,5.045099928975105286e-02,-5.788964219391345978e-03,-6.653506308794021606e-02,1.545946151018142700e-01,-3.286653757095336914e-01,-3.050246462225914001e-02,5.938964709639549255e-02,1.565501987934112549e-01,-2.503354847431182861e-01,2.240229249000549316e-01,-2.711888551712036133e-01,1.173340529203414917e-01,9.865278005599975586e-02,4.482971969991922379e-03
-4.773528575897216797e+00,-1.275536775588989258e+00,1.028976082801818848e+00,-3.454169956967234612e-03,-6.454128306359052658e-04,9.998846650123596191e-01,1.477550435811281204e-02,-7.635580003261566162e-02,5.805729329586029053e-02,1.594665646553039551e-01,2.318794429302215576e-01,-1.589620262384414673e-01,4.736310802400112152e-03,-1.614077687263488770e-01,-5.606603994965553284e-02,-6.960617750883102417e-02,3.198684751987457275e-01,-1.610127538442611694e-01,5.031966045498847961e-02,-5.506824702024459839e-03,-5.618045106530189514e-02,1.522282958030700684e-01,-3.255984783172607422e-01,-3.304073587059974670e-02,6.229233369231224060e-02,1.540072560310363770e-01,-2.510767579078674316e-01,2.225196808576583862e-01,-2.708287537097930908e-01,1.163570284843444824e-01,9.586966782808303833e-02,4.305325914174318314e-03
-4.774706363677978516e+00,-1.275136947631835938e+00,1.029015898704528809e+00,-4.844591487199068069e-03,-5.289430264383554459e-04,9.998929500579833984e-01,1.379809714853763580e-02,-7.625062018632888794e-02,5.782061815261840820e-02,1.583045721054077148e-01,2.278184443712234497e-01,-1.579252034425735474e-01,4.079129546880722046e-03,-1.617107242345809937e-01,-5.611375346779823303e-02,-7.165837287902832031e-02,3.181781470775604248e-01,-1.619498878717422485e-01,5.008888244628906250e-02,-5.483403336256742477e-03,-4.608924686908721924e-02,1.499564945697784424e-01,-3.217308521270751953e-01,-3.565651923418045044e-02,6.660519540309906006e-02,1.515783816576004028e-01,-2.517643272876739502e-01,2.210138887166976929e-01,-2.706094682216644287e-01,1.154198944568634033e-01,9.297832101583480835e-02,3.955550026148557663e-03
-4.775833129882812500e+00,-1.274817705154418945e+00,1.029022097587585449e+00,-5.777263548225164413e-03,-4.653673677239567041e-04,9.999014139175415039e-01,1.278876233845949173e-02,-7.564264535903930664e-02,5.765482410788536072e-02,1.570867002010345459e-01,2.245780378580093384e-01,-1.573141515254974365e-01,3.603517776355147362e-03,-1.614241600036621094e-01,-5.626346915960311890e-02,-7.399623095989227295e-02,3.170876502990722656e-01,-1.630938053131103516e-01,4.996535927057266235e-02,-5.250117741525173187e-03,-3.605839237570762634e-02,1.478663384914398193e-01,-3.176819980144500732e-01,-3.797644004225730896e-02,6.971401721239089966e-02,1.493636965751647949e-01,-2.522817552089691162e-01,2.194220274686813354e-01,-2.697170078754425049e-01,1.144044399261474609e-01,9.030996263027191162e-02,3.186417743563652039e-03
-4.776912689208984375e+00,-1.274538516998291016e+00,1.029033660888671875e+00,-6.978242192417383194e-03,-3.967766824644058943e-04,9.999056458473205566e-01,1.182755175977945328e-02,-7.579109817743301392e-02,5.743987858295440674e-02,1.556304544210433960e-01,2.215501964092254639e-01,-1.566170156002044678e-01,2.946677152067422867e-03,-1.615237444639205933e-01,-5.633212998509407043e-02,-7.593869417905807495e-02,3.155036866664886475e-01,-1.639137417078018188e-01,4.974794387817382812e-02,-5.429451353847980499e-03,-2.629085257649421692e-02,1.460148543119430542e-01,-3.133020699024200439e-01,-4.082843288779258728e-02,7.322772592306137085e-02,1.473874151706695557e-01,-2.527287304401397705e-01,2.178657054901123047e-01,-2.688203454017639160e-01,1.133667826652526855e-01,8.761951327323913574e-02,1.422316068783402443e-03
-4.777879714965820312e+00,-1.274220347404479980e+00,1.029022216796875000e+00,-7.851244881749153137e-03,-3.825800085905939341e-04,9.999096393585205078e-01,1.090585067868232727e-02,-7.548023760318756104e-02,5.741083249449729919e-02,1.542955487966537476e-01,2.187740206718444824e-01,-1.559789031744003296e-01,2.368946792557835579e-03,-1.613664627075195312e-01,-5.624788254499435425e-02,-7.771656662225723267e-02,3.145533204078674316e-01,-1.649080067873001099e-01,4.952092841267585754e-02,-5.142255220562219620e-03,-1.663806475698947906e-02,1.443240940570831299e-01,-3.087209761142730713e-01,-4.337461292743682861e-02,7.639835774898529053e-02,1.455028951168060303e-01,-2.529638409614562988e-01,2.163711488246917725e-01,-2.677745819091796875e-01,1.122437268495559692e-01,8.533549308776855469e-02,-3.530743706505745649e-04
-4.778928279876708984e+00,-1.273921608924865723e+00,1.029012680053710938e+00,-8.813198655843734741e-03,-3.947947698179632425e-04,9.999114871025085449e-01,9.956446476280689240e-03,-7.535040378570556641e-02,5.745839327573776245e-02,1.528683006763458252e-01,2.162359058856964111e-01,-1.555244922637939453e-01,1.791623421013355255e-03,-1.612807661294937134e-01,-5.609955638647079468e-02,-7.950259745121002197e-02,3.134862780570983887e-01,-1.659141331911087036e-01,4.919050633907318115e-02,-4.806515760719776154e-03,-7.166486233472824097e-03,1.428492665290832520e-01,-3.044134974479675293e-01,-4.634635150432586670e-02,7.716052979230880737e-02,1.438120901584625244e-01,-2.530535459518432617e-01,2.149209082126617432e-01,-2.667384445667266846e-01,1.111351177096366882e-01,8.313684165477752686e-02,-1.722657820209860802e-03
-4.779836654663085938e+00,-1.273631334304809570e+00,1.029010891914367676e+00,-9.610618464648723602e-03,-3.334884531795978546e-04,9.999144077301025391e-01,8.870224468410015106e-03,-7.537776231765747070e-02,5.735667422413825989e-02,1.513271033763885498e-01,2.140990197658538818e-01,-1.549341678619384766e-01,1.247921842150390148e-03,-1.609122157096862793e-01,-5.613310635089874268e-02,-8.136765658855438232e-02,3.122885525226593018e-01,-1.667477488517761230e-01,4.889314994215965271e-02,-4.726671613752841949e-03,2.055678283795714378e-03,1.415483206510543823e-01,-3.002024292945861816e-01,-4.992556571960449219e-02,7.730721682310104370e-02,1.423787474632263184e-01,-2.530279457569122314e-01,2.136251628398895264e-01,-2.654600739479064941e-01,1.101988404989242554e-01,8.118762075901031494e-02,-3.379384521394968033e-03
-4.780844688415527344e+00,-1.273321509361267090e+00,1.029008865356445312e+00,-1.018048729747533798e-02,-2.620081650093197823e-04,9.999194145202636719e-01,7.581697776913642883e-03,-7.474773377180099487e-02,5.724689736962318420e-02,1.496441215276718140e-01,2.118383944034576416e-01,-1.543382257223129272e-01,7.088477141223847866e-04,-1.600433290004730225e-01,-5.628668516874313354e-02,-8.377525210380554199e-02,3.115437626838684082e-01,-1.680141538381576538e-01,4.862059652805328369e-02,-4.489297047257423401e-03,1.122105401009321213e-02,1.404155790805816650e-01,-2.967346608638763428e-01,-5.371999740600585938e-02,7.498677819967269897e-02,1.413189619779586792e-01,-2.528818547725677490e-01,2.121684998273849487e-01,-2.636334002017974854e-01,1.093820184469223022e-01,7.955814152956008911e-02,-4.955666605383157730e-03
-4.781855106353759766e+00,-1.273091197013854980e+00,1.029020190238952637e+00,-1.095405220985412598e-02,-1.269229542231187224e-04,9.999199509620666504e-01,6.327528040856122971e-03,-7.455157488584518433e-02,5.685966834425926208e-02,1.476774960756301880e-01,2.095026522874832153e-01,-1.535977423191070557e-01,2.182975877076387405e-04,-1.595151126384735107e-01,-5.669279396533966064e-02,-8.638605475425720215e-02,3.104593157768249512e-01,-1.689696311950683594e-01,4.842466115951538086e-02,-4.450451117008924484e-03,2.005288004875183105e-02,1.393540352582931519e-01,-2.935152351856231689e-01,-5.824224278330802917e-02,7.365193217992782593e-02,1.402855068445205688e-01,-2.525048851966857910e-01,2.105883210897445679e-01,-2.619037628173828125e-01,1.087473034858703613e-01,7.773353904485702515e-02,-6.370086688548326492e-03
-4.782804489135742188e+00,-1.272842168807983398e+00,1.029029250144958496e+00,-1.158150844275951385e-02,-9.608115942683070898e-05,9.999201893806457520e-01,5.043935030698776245e-03,-7.411000132560729980e-02,5.671910569071769714e-02,1.457313895225524902e-01,2.072379291057586670e-01,-1.529656052589416504e-01,-2.324006200069561601e-04,-1.587218493223190308e-01,-5.683284252882003784e-02,-8.897191286087036133e-02,3.094307482242584229e-01,-1.698917597532272339e-01,4.824067652225494385e-02,-4.708813037723302841e-03,2.875233627855777740e-02,1.384247839450836182e-01,-2.910932302474975586e-01,-6.301771849393844604e-02,7.113746553659439087e-02,1.393634825944900513e-01,-2.519025504589080811e-01,2.091293185949325562e-01,-2.600146830081939697e-01,1.082596555352210999e-01,7.584597170352935791e-02,-7.837037555873394012e-03
-4.783634662628173828e+00,-1.272603750228881836e+00,1.029049754142761230e+00,-1.210597064346075058e-02,-1.354963751509785652e-04,9.999187588691711426e-01,3.990235272794961929e-03,-7.369419932365417480e-02,5.678423866629600525e-02,1.441323310136795044e-01,2.052469551563262939e-01,-1.522553265094757080e-01,-7.445207447744905949e-04,-1.576759368181228638e-01,-5.670721456408500671e-02,-9.116294980049133301e-02,3.078558444976806641e-01,-1.703212559223175049e-01,4.797326028347015381e-02,-5.118003580719232559e-03,3.731079772114753723e-02,1.376558542251586914e-01,-2.892130613327026367e-01,-6.813975423574447632e-02,6.653099507093429565e-02,1.386089920997619629e-01,-2.511942088603973389e-01,2.078925073146820068e-01,-2.582093477249145508e-01,1.080261990427970886e-01,7.404828816652297974e-02,-8.613861165940761566e-03
-4.784495830535888672e+00,-1.272502422332763672e+00,1.029071927070617676e+00,-1.282857637852430344e-02,-1.517172931926324964e-04,9.999138116836547852e-01,2.796846674755215645e-03,-7.377058267593383789e-02,5.658692866563796997e-02,1.423505991697311401e-01,2.033228427171707153e-01,-1.515881717205047607e-01,-6.317049846984446049e-04,-1.570875495672225952e-01,-5.684916675090789795e-02,-9.361631423234939575e-02,3.065474927425384521e-01,-1.708106249570846558e-01,4.795354232192039490e-02,-5.301476456224918365e-03,4.559141770005226135e-02,1.369546055793762207e-01,-2.877822220325469971e-01,-7.335244864225387573e-02,6.157821044325828552e-02,1.379962712526321411e-01,-2.503435313701629639e-01,2.065673768520355225e-01,-2.566633224487304688e-01,1.079676002264022827e-01,7.213360071182250977e-02,-9.584306739270687103e-03
-4.785346031188964844e+00,-1.272322297096252441e+00,1.029091358184814453e+00,-1.338556502014398575e-02,-1.526722480775788426e-04,9.999091029167175293e-01,1.616949448361992836e-03,-7.357295602560043335e-02,5.651637539267539978e-02,1.407926976680755615e-01,2.016228735446929932e-01,-1.509260982275009155e-01,-4.257221007719635963e-04,-1.561697125434875488e-01,-5.689961090683937073e-02,-9.590241312980651855e-02,3.051832616329193115e-01,-1.712311953306198120e-01,4.771980270743370056e-02,-5.725748836994171143e-03,5.361462011933326721e-02,1.363459676504135132e-01,-2.866992950439453125e-01,-7.858999818563461304e-02,5.721114203333854675e-02,1.375272423028945923e-01,-2.493522763252258301e-01,2.055341899394989014e-01,-2.555590569972991943e-01,1.081834509968757629e-01,7.030249387025833130e-02,-9.974336251616477966e-03
-4.786127567291259766e+00,-1.272221446037292480e+00,1.029102802276611328e+00,-1.392281707376241684e-02,-1.520037476439028978e-04,9.999029636383056641e-01,5.015945644117891788e-04,-7.351616770029067993e-02,5.634959787130355835e-02,1.392487436532974243e-01,2.000618129968643188e-01,-1.501789391040802002e-01,-4.347581489128060639e-05,-1.553273499011993408e-01,-5.701674520969390869e-02,-9.804602712392807007e-02,3.039206862449645996e-01,-1.716134101152420044e-01,4.757197946310043335e-02,-5.829674191772937775e-03,6.128669530153274536e-02,1.358698755502700806e-01,-2.857558131217956543e-01,-8.376400172710418701e-02,5.272381752729415894e-02,1.370866298675537109e-01,-2.482235282659530640e-01,2.043268829584121704e-01,-2.541056573390960693e-01,1.080715283751487732e-01,6.842236965894699097e-02,-1.068171020597219467e-02
-4.786758899688720703e+00,-1.272151231765747070e+00,1.029104709625244141e+00,-1.451809797435998917e-02,-1.803424820536747575e-04,9.998944401741027832e-01,-5.832770839333534241e-04,-7.380791008472442627e-02,5.621889606118202209e-02,1.374239474534988403e-01,1.985967904329299927e-01,-1.495686620473861694e-01,2.093698421958833933e-04,-1.549174487590789795e-01,-5.711024254560470581e-02,-1.001470610499382019e-01,3.028323352336883545e-01,-1.718401461839675903e-01,4.728487133979797363e-02,-5.917284637689590454e-03,6.859634071588516235e-02,1.356167793273925781e-01,-2.852565646171569824e-01,-8.909744024276733398e-02,4.844962060451507568e-02,1.367745846509933472e-01,-2.469257712364196777e-01,2.031492441892623901e-01,-2.524540126323699951e-01,1.078358367085456848e-01,6.657689064741134644e-02,-1.101233251392841339e-02
-4.787428855895996094e+00,-1.272090554237365723e+00,1.029114723205566406e+00,-1.504083722829818726e-02,-1.839932374423369765e-04,9.998854994773864746e-01,-1.641827402636408806e-03,-7.403010129928588867e-02,5.605196580290794373e-02,1.356471776962280273e-01,1.974248588085174561e-01,-1.489599347114562988e-01,3.309467283543199301e-04,-1.543993055820465088e-01,-5.726154893636703491e-02,-1.021293848752975464e-01,3.018376827239990234e-01,-1.721816211938858032e-01,4.705756530165672302e-02,-5.950044374912977219e-03,7.560057193040847778e-02,1.355148702859878540e-01,-2.848512828350067139e-01,-9.477709233760833740e-02,4.587100073695182800e-02,1.366505324840545654e-01,-2.455996572971343994e-01,2.019393146038055420e-01,-2.508139610290527344e-01,1.076456010341644287e-01,6.472862511873245239e-02,-1.101713534444570541e-02
-4.788138866424560547e+00,-1.272009611129760742e+00,1.029133319854736328e+00,-1.549805235117673874e-02,-1.768279907992109656e-04,9.998762607574462891e-01,-2.694538561627268791e-03,-7.400413602590560913e-02,5.589835345745086670e-02,1.340764760971069336e-01,1.961408108472824097e-01,-1.481678932905197144e-01,4.801498434972018003e-04,-1.534696072340011597e-01,-5.737056583166122437e-02,-1.042011454701423645e-01,3.005342483520507812e-01,-1.725325286388397217e-01,4.672095179557800293e-02,-5.947713740170001984e-03,8.217414468526840210e-02,1.355187594890594482e-01,-2.843996584415435791e-01,-1.002652943134307861e-01,4.421682283282279968e-02,1.366435140371322632e-01,-2.442403435707092285e-01,2.009121626615524292e-01,-2.491500228643417358e-01,1.074602454900741577e-01,6.296054273843765259e-02,-1.082840841263532639e-02
-4.788759231567382812e+00,-1.271958351135253906e+00,1.029123783111572266e+00,-1.589306443929672241e-02,-1.740375300869345665e-04,9.998662471771240234e-01,-3.856058930978178978e-03,-7.392359524965286255e-02,5.572729930281639099e-02,1.322935521602630615e-01,1.948811709880828857e-01,-1.477670967578887939e-01,5.619122530333697796e-04,-1.527290344238281250e-01,-5.753849819302558899e-02,-1.064045205712318420e-01,2.995754778385162354e-01,-1.728955954313278198e-01,4.640401154756546021e-02,-6.262247450649738312e-03,8.840565383434295654e-02,1.356873810291290283e-01,-2.839030027389526367e-01,-1.054859906435012817e-01,4.298727586865425110e-02,1.367688924074172974e-01,-2.428637146949768066e-01,2.000060975551605225e-01,-2.476505041122436523e-01,1.073809862136840820e-01,6.151513010263442993e-02,-1.060536038130521774e-02
-4.789411067962646484e+00,-1.271957159042358398e+00,1.029134392738342285e+00,-1.633639261126518250e-02,-1.588903105584904552e-04,9.998547434806823730e-01,-4.856724292039871216e-03,-7.399133592844009399e-02,5.548106878995895386e-02,1.307920217514038086e-01,1.936809122562408447e-01,-1.471587866544723511e-01,8.071830379776656628e-04,-1.519825905561447144e-01,-5.781895294785499573e-02,-1.087656095623970032e-01,2.985221147537231445e-01,-1.731943488121032715e-01,4.594195634126663208e-02,-6.249873433262109756e-03,9.406259655952453613e-02,1.360324919223785400e-01,-2.831962704658508301e-01,-1.108583435416221619e-01,4.162239283323287964e-02,1.370113044977188110e-01,-2.415778934955596924e-01,1.993770152330398560e-01,-2.465258836746215820e-01,1.076588407158851624e-01,5.982523038983345032e-02,-1.114611513912677765e-02
-4.790012836456298828e+00,-1.271915435791015625e+00,1.029145002365112305e+00,-1.684457436203956604e-02,-9.509812662145122886e-05,9.998404979705810547e-01,-5.932905245572328568e-03,-7.422168552875518799e-02,5.518733710050582886e-02,1.291846930980682373e-01,1.925529390573501587e-01,-1.467298567295074463e-01,7.689546910114586353e-04,-1.513700187206268311e-01,-5.806662142276763916e-02,-1.106889545917510986e-01,2.972897291183471680e-01,-1.734272837638854980e-01,4.561286047101020813e-02,-6.554852239787578583e-03,9.933952987194061279e-02,1.363917142152786255e-01,-2.823960185050964355e-01,-1.162508279085159302e-01,4.061254858970642090e-02,1.372854858636856079e-01,-2.402443438768386841e-01,1.988908946514129639e-01,-2.455969303846359253e-01,1.089206561446189880e-01,5.825920403003692627e-02,-1.096520852297544479e-02
-4.790564060211181641e+00,-1.271953701972961426e+00,1.029127597808837891e+00,-1.735639013350009918e-02,-5.484115899889729917e-05,9.998273253440856934e-01,-6.639861967414617538e-03,-7.455252856016159058e-02,5.488736927509307861e-02,1.280406564474105835e-01,1.916886419057846069e-01,-1.465200930833816528e-01,1.006045378744602203e-03,-1.513301432132720947e-01,-5.834495276212692261e-02,-1.120309233665466309e-01,2.968083620071411133e-01,-1.738733947277069092e-01,4.545054957270622253e-02,-6.738665979355573654e-03,1.036827564239501953e-01,1.367941498756408691e-01,-2.815539836883544922e-01,-1.196878403425216675e-01,4.039459303021430969e-02,1.375527083873748779e-01,-2.389644235372543335e-01,1.985823363065719604e-01,-2.451144456863403320e-01,1.103256717324256897e-01,5.727216228842735291e-02,-1.081644557416439056e-02
-4.791114330291748047e+00,-1.271983981132507324e+00,1.029096007347106934e+00,-1.784133538603782654e-02,-3.830419882433488965e-05,9.998142123222351074e-01,-7.293616887181997299e-03,-7.478105276823043823e-02,5.470122024416923523e-02,1.271114349365234375e-01,1.908684223890304565e-01,-1.463175117969512939e-01,1.293826382607221603e-03,-1.511044353246688843e-01,-5.845730751752853394e-02,-1.131436303257942200e-01,2.960830628871917725e-01,-1.741827875375747681e-01,4.495511576533317566e-02,-6.844742223620414734e-03,1.075937747955322266e-01,1.373839676380157471e-01,-2.800956666469573975e-01,-1.225273162126541138e-01,4.289355129003524780e-02,1.379203200340270996e-01,-2.377075850963592529e-01,1.986939609050750732e-01,-2.440129220485687256e-01,1.126563102006912231e-01,5.634141713380813599e-02,-1.045280136168003082e-02
-4.791565418243408203e+00,-1.272032380104064941e+00,1.029067754745483398e+00,-1.840834133327007294e-02,9.898812095343600959e-06,9.997985959053039551e-01,-7.991584949195384979e-03,-7.538983970880508423e-02,5.436533689498901367e-02,1.258219927549362183e-01,1.901081353425979614e-01,-1.460238695144653320e-01,1.319081755355000496e-03,-1.512932181358337402e-01,-5.869621410965919495e-02,-1.141842529177665710e-01,2.955445051193237305e-01,-1.744927763938903809e-01,4.452827572822570801e-02,-6.622851826250553131e-03,1.110621541738510132e-01,1.381112486124038696e-01,-2.786422371864318848e-01,-1.254269480705261230e-01,4.641224071383476257e-02,1.380970329046249390e-01,-2.364515811204910278e-01,1.987995803356170654e-01,-2.433709204196929932e-01,1.144638657569885254e-01,5.531432107090950012e-02,-1.035618316382169724e-02
-4.792083263397216797e+00,-1.272111177444458008e+00,1.029054403305053711e+00,-1.867332682013511658e-02,5.572058580582961440e-05,9.997884035110473633e-01,-8.627914823591709137e-03,-7.538431137800216675e-02,5.407327041029930115e-02,1.249264776706695557e-01,1.896051913499832153e-01,-1.458846628665924072e-01,1.449347008019685745e-03,-1.509011983871459961e-01,-5.901044607162475586e-02,-1.154214143753051758e-01,2.952654957771301270e-01,-1.749781519174575806e-01,4.435133561491966248e-02,-6.738542579114437103e-03,1.141718477010726929e-01,1.389587968587875366e-01,-2.773303985595703125e-01,-1.283922493457794189e-01,4.925359785556793213e-02,1.382870823144912720e-01,-2.352217137813568115e-01,1.990785002708435059e-01,-2.428197264671325684e-01,1.164779663085937500e-01,5.446272343397140503e-02,-1.017103809863328934e-02
-4.792444229125976562e+00,-1.272179722785949707e+00,1.029053092002868652e+00,-1.889517903327941895e-02,1.462594809709116817e-04,9.997776150703430176e-01,-9.361869655549526215e-03,-7.542065531015396118e-02,5.368091166019439697e-02,1.238045245409011841e-01,1.890796422958374023e-01,-1.456895023584365845e-01,1.541543402709066868e-03,-1.503924876451492310e-01,-5.941726267337799072e-02,-1.167618408799171448e-01,2.946757674217224121e-01,-1.752203553915023804e-01,4.422359168529510498e-02,-6.500582676380872726e-03,1.169669628143310547e-01,1.398586332798004150e-01,-2.760314941406250000e-01,-1.313414126634597778e-01,5.143142491579055786e-02,1.384277641773223877e-01,-2.340407371520996094e-01,1.991008222103118896e-01,-2.422899901866912842e-01,1.179409772157669067e-01,5.383462458848953247e-02,-9.894484654068946838e-03
-4.792884349822998047e+00,-1.272288441658020020e+00,1.029051661491394043e+00,-1.904236711561679840e-02,2.160666044801473618e-04,9.997673034667968750e-01,-1.013045012950897217e-02,-7.531435042619705200e-02,5.328204855322837830e-02,1.226939409971237183e-01,1.886159479618072510e-01,-1.455705612897872925e-01,1.734068733640015125e-03,-1.496453285217285156e-01,-5.982895940542221069e-02,-1.181698739528656006e-01,2.941385805606842041e-01,-1.755357086658477783e-01,4.411355406045913696e-02,-6.553692743182182312e-03,1.194549500942230225e-01,1.408306360244750977e-01,-2.750463187694549561e-01,-1.341757327318191528e-01,5.304148420691490173e-02,1.385664939880371094e-01,-2.329105883836746216e-01,1.991314142942428589e-01,-2.416604310274124146e-01,1.190594881772994995e-01,5.335332080721855164e-02,-9.796700440347194672e-03
-4.793225765228271484e+00,-1.272358417510986328e+00,1.029051661491394043e+00,-1.918504759669303894e-02,2.482593990862369537e-04,9.997564554214477539e-01,-1.090278569608926773e-02,-7.538817077875137329e-02,5.306434258818626404e-02,1.216772422194480896e-01,1.883419156074523926e-01,-1.454844772815704346e-01,1.861819415353238583e-03,-1.488357782363891602e-01,-6.003965437412261963e-02,-1.194193512201309204e-01,2.932067811489105225e-01,-1.756801158189773560e-01,4.401693865656852722e-02,-6.998101714998483658e-03,1.216179952025413513e-01,1.419010013341903687e-01,-2.743290364742279053e-01,-1.376701295375823975e-01,5.440356209874153137e-02,1.387670338153839111e-01,-2.318167686462402344e-01,1.990844011306762695e-01,-2.413058429956436157e-01,1.198939234018325806e-01,5.306568741798400879e-02,-9.795840829610824585e-03
-4.793557167053222656e+00,-1.272466540336608887e+00,1.029032588005065918e+00,-1.936607249081134796e-02,3.138486645184457302e-04,9.997454881668090820e-01,-1.156813092529773712e-02,-7.549102604389190674e-02,5.270291119813919067e-02,1.206757798790931702e-01,1.880746483802795410e-01,-1.454693526029586792e-01,2.056411700323224068e-03,-1.482435464859008789e-01,-6.046134233474731445e-02,-1.209011226892471313e-01,2.925710678100585938e-01,-1.759165823459625244e-01,4.393639042973518372e-02,-7.108728401362895966e-03,1.235476210713386536e-01,1.429634988307952881e-01,-2.739439606666564941e-01,-1.410242766141891479e-01,5.442575365304946899e-02,1.388818472623825073e-01,-2.308387905359268188e-01,1.987415403127670288e-01,-2.409395426511764526e-01,1.201041936874389648e-01,5.283447727560997009e-02,-9.680253453552722931e-03
-4.793839454650878906e+00,-1.272605299949645996e+00,1.029015421867370605e+00,-1.959111168980598450e-02,4.230576159898191690e-04,9.997327327728271484e-01,-1.226474903523921967e-02,-7.575891911983489990e-02,5.219055339694023132e-02,1.195032224059104919e-01,1.877715438604354858e-01,-1.453468501567840576e-01,2.283657435327768326e-03,-1.480356603860855103e-01,-6.099165230989456177e-02,-1.220510154962539673e-01,2.923298776149749756e-01,-1.762869060039520264e-01,4.390225559473037720e-02,-7.239581085741519928e-03,1.252264678478240967e-01,1.440211832523345947e-01,-2.737372517585754395e-01,-1.444615125656127930e-01,5.385753512382507324e-02,1.389674395322799683e-01,-2.299598306417465210e-01,1.985834091901779175e-01,-2.406847029924392700e-01,1.203711405396461487e-01,5.251332372426986694e-02,-9.773450903594493866e-03
-4.794149398803710938e+00,-1.272694349288940430e+00,1.028975725173950195e+00,-1.972355693578720093e-02,5.172025994397699833e-04,9.997221231460571289e-01,-1.289854012429714203e-02,-7.603930681943893433e-02,5.185366049408912659e-02,1.186676472425460815e-01,1.879304945468902588e-01,-1.454943716526031494e-01,2.394753275439143181e-03,-1.477975994348526001e-01,-6.145231798291206360e-02,-1.231318265199661255e-01,2.924381494522094727e-01,-1.768112033605575562e-01,4.380337148904800415e-02,-7.727851159870624542e-03,1.266058534383773804e-01,1.451384574174880981e-01,-2.735376358032226562e-01,-1.480384916067123413e-01,5.308315157890319824e-02,1.389929801225662231e-01,-2.292384356260299683e-01,1.984302252531051636e-01,-2.402749061584472656e-01,1.205910444259643555e-01,5.232163146138191223e-02,-9.645702317357063293e-03
-4.794460296630859375e+00,-1.272882580757141113e+00,1.028955340385437012e+00,-1.999076828360557556e-02,6.015823455527424812e-04,9.997092485427856445e-01,-1.346831675618886948e-02,-7.633112370967864990e-02,5.140930041670799255e-02,1.179384738206863403e-01,1.877467483282089233e-01,-1.455229222774505615e-01,2.536815823987126350e-03,-1.476975381374359131e-01,-6.194239109754562378e-02,-1.240031197667121887e-01,2.922297418117523193e-01,-1.771218776702880859e-01,4.381385073065757751e-02,-7.956838235259056091e-03,1.277139186859130859e-01,1.462871283292770386e-01,-2.734504938125610352e-01,-1.515853554010391235e-01,5.237074196338653564e-02,1.389899700880050659e-01,-2.286376059055328369e-01,1.984945386648178101e-01,-2.401107847690582275e-01,1.208279728889465332e-01,5.210926011204719543e-02,-9.748423472046852112e-03
-4.794670581817626953e+00,-1.273002147674560547e+00,1.028924584388732910e+00,-2.022756636142730713e-02,6.628372357226908207e-04,9.996964931488037109e-01,-1.404589880257844925e-02,-7.686515897512435913e-02,5.110079422593116760e-02,1.170940697193145752e-01,1.878707557916641235e-01,-1.456902623176574707e-01,2.709440421313047409e-03,-1.474673449993133545e-01,-6.225657463073730469e-02,-1.247542649507522583e-01,2.917187511920928955e-01,-1.773803830146789551e-01,4.367519170045852661e-02,-8.004454895853996277e-03,1.286524236202239990e-01,1.475260406732559204e-01,-2.735308706760406494e-01,-1.551641374826431274e-01,5.185053870081901550e-02,1.389883607625961304e-01,-2.280917018651962280e-01,1.984984129667282104e-01,-2.401135712862014771e-01,1.209741681814193726e-01,5.201434716582298279e-02,-9.969214908778667450e-03
-4.794950485229492188e+00,-1.273210644721984863e+00,1.028903484344482422e+00,-2.038543298840522766e-02,7.278057164512574673e-04,9.996872544288635254e-01,-1.446715928614139557e-02,-7.696480304002761841e-02,5.068365484476089478e-02,1.164940595626831055e-01,1.877759993076324463e-01,-1.458359211683273315e-01,2.982062287628650665e-03,-1.472237706184387207e-01,-6.270935386419296265e-02,-1.254119575023651123e-01,2.915454506874084473e-01,-1.776844710111618042e-01,4.378211498260498047e-02,-8.240797556936740875e-03,1.293037384748458862e-01,1.487902402877807617e-01,-2.734206914901733398e-01,-1.586443185806274414e-01,5.148059874773025513e-02,1.388656646013259888e-01,-2.275062650442123413e-01,1.984550207853317261e-01,-2.401361018419265747e-01,1.212199851870536804e-01,5.188114196062088013e-02,-1.008716132491827011e-02
-4.795120716094970703e+00,-1.273339867591857910e+00,1.028873205184936523e+00,-2.044402807950973511e-02,8.293460705317556858e-04,9.996803998947143555e-01,-1.484819408506155014e-02,-7.703536748886108398e-02,5.026981979608535767e-02,1.159127131104469299e-01,1.877020001411437988e-01,-1.458974480628967285e-01,3.234949661418795586e-03,-1.469887346029281616e-01,-6.308521330356597900e-02,-1.257756650447845459e-01,2.914005815982818604e-01,-1.779501736164093018e-01,4.363897815346717834e-02,-8.372609503567218781e-03,1.297556906938552856e-01,1.501435190439224243e-01,-2.732142806053161621e-01,-1.620285511016845703e-01,5.066410824656486511e-02,1.387903988361358643e-01,-2.270524948835372925e-01,1.984516829252243042e-01,-2.402199208736419678e-01,1.215065866708755493e-01,5.182037502527236938e-02,-1.031516678631305695e-02
-4.795361518859863281e+00,-1.273537993431091309e+00,1.028853058815002441e+00,-2.060757577419281006e-02,9.367357124574482441e-04,9.996719360351562500e-01,-1.518299337476491928e-02,-7.707501202821731567e-02,4.974444210529327393e-02,1.153886243700981140e-01,1.874566078186035156e-01,-1.460122466087341309e-01,3.492721123620867729e-03,-1.469283550977706909e-01,-6.364087760448455811e-02,-1.264080256223678589e-01,2.913950979709625244e-01,-1.783231347799301147e-01,4.378861933946609497e-02,-8.298541419208049774e-03,1.300264000892639160e-01,1.515275537967681885e-01,-2.731665372848510742e-01,-1.654576808214187622e-01,4.986729472875595093e-02,1.385901421308517456e-01,-2.266302704811096191e-01,1.983022391796112061e-01,-2.400752305984497070e-01,1.217999160289764404e-01,5.176854506134986877e-02,-1.037873607128858566e-02
-4.795560836791992188e+00,-1.273676991462707520e+00,1.028811335563659668e+00,-2.058976143598556519e-02,1.028461265377700329e-03,9.996649026870727539e-01,-1.565652526915073395e-02,-7.704922556877136230e-02,4.941156506538391113e-02,1.150260195136070251e-01,1.876965463161468506e-01,-1.463064402341842651e-01,3.586125792935490608e-03,-1.464385539293289185e-01,-6.408479064702987671e-02,-1.271041333675384521e-01,2.913813292980194092e-01,-1.788203120231628418e-01,4.378146305680274963e-02,-8.438643068075180054e-03,1.300882399082183838e-01,1.528934985399246216e-01,-2.731027007102966309e-01,-1.688356399536132812e-01,4.916348680853843689e-02,1.384416222572326660e-01,-2.262413203716278076e-01,1.980900317430496216e-01,-2.396010011434555054e-01,1.221447288990020752e-01,5.178903043270111084e-02,-1.059528253972530365e-02
-4.795801639556884766e+00,-1.273925423622131348e+00,1.028791546821594238e+00,-2.065388485789299011e-02,1.197810168378055096e-03,9.996597766876220703e-01,-1.588389463722705841e-02,-7.683660089969635010e-02,4.872738942503929138e-02,1.148306056857109070e-01,1.874603182077407837e-01,-1.464013308286666870e-01,3.828910645097494125e-03,-1.462592035531997681e-01,-6.485313177108764648e-02,-1.276993304491043091e-01,2.914710938930511475e-01,-1.792470067739486694e-01,4.397933930158615112e-02,-8.709251880645751953e-03,1.299136430025100708e-01,1.543457955121994019e-01,-2.729206085205078125e-01,-1.724130809307098389e-01,4.878885298967361450e-02,1.383042335510253906e-01,-2.259284853935241699e-01,1.979412287473678589e-01,-2.393209338188171387e-01,1.226660534739494324e-01,5.174737051129341125e-02,-1.062109135091304779e-02
-4.795942306518554688e+00,-1.274134397506713867e+00,1.028743147850036621e+00,-2.065256610512733459e-02,1.341875409707427025e-03,9.996553063392639160e-01,-1.615467853844165802e-02,-7.676371932029724121e-02,4.815693199634552002e-02,1.145682632923126221e-01,1.874032914638519287e-01,-1.465059965848922729e-01,4.085776396095752716e-03,-1.462480276823043823e-01,-6.556228548288345337e-02,-1.283514350652694702e-01,2.919710278511047363e-01,-1.798163056373596191e-01,4.413593187928199768e-02,-8.601880632340908051e-03,1.296814084053039551e-01,1.558544337749481201e-01,-2.728159427642822266e-01,-1.759817600250244141e-01,4.890375584363937378e-02,1.381380110979080200e-01,-2.257256954908370972e-01,1.980059593915939331e-01,-2.392364740371704102e-01,1.231293529272079468e-01,5.178728327155113220e-02,-1.080632768571376801e-02
-4.796163082122802734e+00,-1.274332761764526367e+00,1.028704285621643066e+00,-2.084262110292911530e-02,1.502550090663135052e-03,9.996489882469177246e-01,-1.628642342984676361e-02,-7.666753232479095459e-02,4.749165102839469910e-02,1.143500208854675293e-01,1.868690252304077148e-01,-1.465821862220764160e-01,4.426244646310806274e-03,-1.466290801763534546e-01,-6.624569743871688843e-02,-1.285573393106460571e-01,2.925760447978973389e-01,-1.804040223360061646e-01,4.436701163649559021e-02,-8.881279267370700836e-03,1.293433457612991333e-01,1.572238951921463013e-01,-2.725232243537902832e-01,-1.790299415588378906e-01,4.925982654094696045e-02,1.378760933876037598e-01,-2.256167083978652954e-01,1.980916857719421387e-01,-2.394964247941970825e-01,1.236496791243553162e-01,5.159992352128028870e-02,-1.104797329753637314e-02
-4.796302318572998047e+00,-1.274492502212524414e+00,1.028642654418945312e+00,-2.097883261740207672e-02,1.640071044676005840e-03,9.996439814567565918e-01,-1.640283316373825073e-02,-7.672129571437835693e-02,4.702825099229812622e-02,1.144645884633064270e-01,1.867960989475250244e-01,-1.468580067157745361e-01,4.629874136298894882e-03,-1.468270123004913330e-01,-6.674303114414215088e-02,-1.285595446825027466e-01,2.927896678447723389e-01,-1.808656454086303711e-01,4.428501054644584656e-02,-9.209932759404182434e-03,1.289008408784866333e-01,1.586203277111053467e-01,-2.721570134162902832e-01,-1.819695383310317993e-01,4.992818832397460938e-02,1.376484781503677368e-01,-2.255982160568237305e-01,1.982005983591079712e-01,-2.397904694080352783e-01,1.241562739014625549e-01,5.141155794262886047e-02,-1.122730411589145660e-02
-4.796552181243896484e+00,-1.274761199951171875e+00,1.028611779212951660e+00,-2.115992829203605652e-02,1.755998004227876663e-03,9.996400475502014160e-01,-1.639909856021404266e-02,-7.669837027788162231e-02,4.644099622964859009e-02,1.146250739693641663e-01,1.865358203649520874e-01,-1.470973193645477295e-01,5.013269372284412384e-03,-1.471119523048400879e-01,-6.736057251691818237e-02,-1.285477429628372192e-01,2.931745350360870361e-01,-1.813118010759353638e-01,4.453934356570243835e-02,-9.238142520189285278e-03,1.283629089593887329e-01,1.599322855472564697e-01,-2.715190052986145020e-01,-1.846816241741180420e-01,5.052328854799270630e-02,1.373085081577301025e-01,-2.256364822387695312e-01,1.982961744070053101e-01,-2.401602417230606079e-01,1.245778128504753113e-01,5.115621164441108704e-02,-1.134091895073652267e-02
-4.796721458435058594e+00,-1.274920701980590820e+00,1.028588771820068359e+00,-2.122152596712112427e-02,1.873413682915270329e-03,9.996369481086730957e-01,-1.649446040391921997e-02,-7.642043381929397583e-02,4.598421230912208557e-02,1.146499365568161011e-01,1.861470341682434082e-01,-1.471562832593917847e-01,5.179789848625659943e-03,-1.469851583242416382e-01,-6.773170828819274902e-02,-1.283059120178222656e-01,2.931247651576995850e-01,-1.815932542085647583e-01,4.454252123832702637e-02,-9.376584552228450775e-03,1.276644766330718994e-01,1.613288372755050659e-01,-2.708940804004669189e-01,-1.877672672271728516e-01,5.129997804760932922e-02,1.369654089212417603e-01,-2.257157117128372192e-01,1.983661055564880371e-01,-2.403440624475479126e-01,1.248833686113357544e-01,5.095629021525382996e-02,-1.142793241888284683e-02
-4.796811103820800781e+00,-1.275119781494140625e+00,1.028558135032653809e+00,-2.115578390657901764e-02,1.943111652508378029e-03,9.996374845504760742e-01,-1.654131710529327393e-02,-7.618336379528045654e-02,4.564660787582397461e-02,1.149685606360435486e-01,1.861464977264404297e-01,-1.473478525876998901e-01,5.409645847976207733e-03,-1.467738151550292969e-01,-6.813699752092361450e-02,-1.284021139144897461e-01,2.932194471359252930e-01,-1.818214952945709229e-01,4.460534453392028809e-02,-9.380540810525417328e-03,1.269831210374832153e-01,1.627459079027175903e-01,-2.705251872539520264e-01,-1.904168725013732910e-01,5.267455056309700012e-02,1.366700381040573120e-01,-2.258191406726837158e-01,1.984631419181823730e-01,-2.403415292501449585e-01,1.250806897878646851e-01,5.085740610957145691e-02,-1.152835227549076080e-02
-4.796951293945312500e+00,-1.275308132171630859e+00,1.028547048568725586e+00,-2.117349579930305481e-02,2.056842669844627380e-03,9.996363520622253418e-01,-1.657327637076377869e-02,-7.583191990852355957e-02,4.520083218812942505e-02,1.152618899941444397e-01,1.857935190200805664e-01,-1.474187374114990234e-01,5.544353742152452469e-03,-1.465637534856796265e-01,-6.856381893157958984e-02,-1.283503025770187378e-01,2.930788397789001465e-01,-1.820120960474014282e-01,4.455345496535301208e-02,-9.477918036282062531e-03,1.263675540685653687e-01,1.640915572643280029e-01,-2.703108787536621094e-01,-1.922898292541503906e-01,5.400491505861282349e-02,1.364299207925796509e-01,-2.259792536497116089e-01,1.984810829162597656e-01,-2.403785139322280884e-01,1.252273470163345337e-01,5.074510723352432251e-02,-1.153488084673881531e-02
-4.797091484069824219e+00,-1.275506734848022461e+00,1.028507590293884277e+00,-2.108509279787540436e-02,2.175841713324189186e-03,9.996381998062133789e-01,-1.655824109911918640e-02,-7.541301846504211426e-02,4.479745030403137207e-02,1.158960610628128052e-01,1.857435852289199829e-01,-1.476352810859680176e-01,5.623839329928159714e-03,-1.463928520679473877e-01,-6.906546652317047119e-02,-1.282978653907775879e-01,2.933974862098693848e-01,-1.824093759059906006e-01,4.462653771042823792e-02,-9.643701836466789246e-03,1.257702410221099854e-01,1.653768420219421387e-01,-2.703018188476562500e-01,-1.941494941711425781e-01,5.539085716009140015e-02,1.361853331327438354e-01,-2.261571735143661499e-01,1.985688656568527222e-01,-2.403619438409805298e-01,1.253195405006408691e-01,5.054973810911178589e-02,-1.118671987205743790e-02
-4.797212123870849609e+00,-1.275686740875244141e+00,1.028487086296081543e+00,-2.106511406600475311e-02,2.260559238493442535e-03,9.996421337127685547e-01,-1.633214205503463745e-02,-7.504022121429443359e-02,4.448467120528221130e-02,1.168292239308357239e-01,1.855441629886627197e-01,-1.477949619293212891e-01,5.655484274029731750e-03,-1.463168859481811523e-01,-6.941572576761245728e-02,-1.279639303684234619e-01,2.934200167655944824e-01,-1.825442761182785034e-01,4.471554979681968689e-02,-9.864611551165580750e-03,1.251181960105895996e-01,1.665154099464416504e-01,-2.699607014656066895e-01,-1.956508606672286987e-01,5.672129243612289429e-02,1.359739154577255249e-01,-2.263422310352325439e-01,1.986678838729858398e-01,-2.404678761959075928e-01,1.254455745220184326e-01,5.038716271519660950e-02,-1.075987704098224640e-02
-4.797472000122070312e+00,-1.275916576385498047e+00,1.028457164764404297e+00,-2.108033746480941772e-02,2.294180449098348618e-03,9.996463656425476074e-01,-1.604821905493736267e-02,-7.438443601131439209e-02,4.420287534594535828e-02,1.178495064377784729e-01,1.850121915340423584e-01,-1.479662805795669556e-01,5.687823519110679626e-03,-1.462231427431106567e-01,-6.969748437404632568e-02,-1.275462210178375244e-01,2.935092151165008545e-01,-1.827852725982666016e-01,4.492141306400299072e-02,-9.854186326265335083e-03,1.245707049965858459e-01,1.676874905824661255e-01,-2.697499692440032959e-01,-1.970841437578201294e-01,5.786487832665443420e-02,1.357256770133972168e-01,-2.264925688505172729e-01,1.987061649560928345e-01,-2.405325621366500854e-01,1.255209296941757202e-01,5.020562931895256042e-02,-1.042687427252531052e-02
-4.797623157501220703e+00,-1.276116847991943359e+00,1.028427839279174805e+00,-2.123108506202697754e-02,2.345865592360496521e-03,9.996466040611267090e-01,-1.582390442490577698e-02,-7.412355393171310425e-02,4.387338086962699890e-02,1.185308918356895447e-01,1.844616681337356567e-01,-1.480381637811660767e-01,5.744898226112127304e-03,-1.463954895734786987e-01,-7.000415772199630737e-02,-1.272594928741455078e-01,2.933875918388366699e-01,-1.828734576702117920e-01,4.505178704857826233e-02,-9.609050117433071136e-03,1.239567399024963379e-01,1.689762026071548462e-01,-2.699213922023773193e-01,-1.981225758790969849e-01,5.850036442279815674e-02,1.354590356349945068e-01,-2.266635000705718994e-01,1.987701654434204102e-01,-2.406320124864578247e-01,1.254740655422210693e-01,4.985591024160385132e-02,-1.028036419302225113e-02
-4.797694206237792969e+00,-1.276206254959106445e+00,1.028427004814147949e+00,-2.129824273288249969e-02,2.418379066511988640e-03,9.996452331542968750e-01,-1.581091433763504028e-02,-7.407070696353912354e-02,4.363465309143066406e-02,1.187909469008445740e-01,1.842062324285507202e-01,-1.480331867933273315e-01,5.624903831630945206e-03,-1.463080048561096191e-01,-7.016446441411972046e-02,-1.269265562295913696e-01,2.931366264820098877e-01,-1.829347014427185059e-01,4.500160738825798035e-02,-9.425142779946327209e-03,1.232670471072196960e-01,1.701359301805496216e-01,-2.702157795429229736e-01,-1.993478536605834961e-01,5.888592824339866638e-02,1.351971477270126343e-01,-2.268232256174087524e-01,1.987456977367401123e-01,-2.406570464372634888e-01,1.252676844596862793e-01,4.951009899377822876e-02,-1.022652629762887955e-02
-4.797783374786376953e+00,-1.276355862617492676e+00,1.028406739234924316e+00,-2.135746739804744720e-02,2.453680383041501045e-03,9.996454119682312012e-01,-1.571128703653812408e-02,-7.386894524097442627e-02,4.341635107994079590e-02,1.192752420902252197e-01,1.839875578880310059e-01,-1.481943726539611816e-01,5.605576094239950180e-03,-1.462959349155426025e-01,-7.036737352609634399e-02,-1.266908943653106689e-01,2.929883301258087158e-01,-1.830274164676666260e-01,4.499114304780960083e-02,-9.508313611149787903e-03,1.226190850138664246e-01,1.712887883186340332e-01,-2.705521285533905029e-01,-2.004983872175216675e-01,5.921114981174468994e-02,1.349635422229766846e-01,-2.269661724567413330e-01,1.987286806106567383e-01,-2.406427711248397827e-01,1.250736564397811890e-01,4.913664981722831726e-02,-1.010722573846578598e-02
-4.797873973846435547e+00,-1.276535034179687500e+00,1.028376817703247070e+00,-2.144480682909488678e-02,2.487490419298410416e-03,9.996451139450073242e-01,-1.560683082789182663e-02,-7.383181899785995483e-02,4.315174743533134460e-02,1.195978000760078430e-01,1.837534755468368530e-01,-1.483462601900100708e-01,5.661542993038892746e-03,-1.463323086500167847e-01,-7.058238238096237183e-02,-1.263678818941116333e-01,2.928271889686584473e-01,-1.831588596105575562e-01,4.494417458772659302e-02,-9.512981399893760681e-03,1.219374388456344604e-01,1.723161935806274414e-01,-2.708493471145629883e-01,-2.015863806009292603e-01,5.942195281386375427e-02,1.347274333238601685e-01,-2.270951271057128906e-01,1.987058967351913452e-01,-2.406145036220550537e-01,1.249240711331367493e-01,4.868580028414726257e-02,-1.003573834896087646e-02
-4.797983169555664062e+00,-1.276674628257751465e+00,1.028356313705444336e+00,-2.157499082386493683e-02,2.522822702303528786e-03,9.996436834335327148e-01,-1.551242545247077942e-02,-7.373654842376708984e-02,4.290696606040000916e-02,1.198405846953392029e-01,1.834702342748641968e-01,-1.485843807458877563e-01,5.748418159782886505e-03,-1.465006619691848755e-01,-7.078192383050918579e-02,-1.261324137449264526e-01,2.927581071853637695e-01,-1.833162903785705566e-01,4.490474611520767212e-02,-9.714436717331409454e-03,1.212075129151344299e-01,1.732987016439437866e-01,-2.711918950080871582e-01,-2.027412503957748413e-01,5.951146036386489868e-02,1.344679296016693115e-01,-2.271803319454193115e-01,1.986097246408462524e-01,-2.406286001205444336e-01,1.248553618788719177e-01,4.818515852093696594e-02,-9.934505447745323181e-03
-4.798022747039794922e+00,-1.276735305786132812e+00,1.028325796127319336e+00,-2.164007350802421570e-02,2.524453215301036835e-03,9.996430873870849609e-01,-1.545904204249382019e-02,-7.373386621475219727e-02,4.284433275461196899e-02,1.199970692396163940e-01,1.833786219358444214e-01,-1.488156765699386597e-01,5.722203757613897324e-03,-1.466354578733444214e-01,-7.084564119577407837e-02,-1.260509490966796875e-01,2.928130328655242920e-01,-1.835098415613174438e-01,4.481872543692588806e-02,-9.656115435063838959e-03,1.205137521028518677e-01,1.741620153188705444e-01,-2.714417576789855957e-01,-2.034490257501602173e-01,5.989204719662666321e-02,1.342382580041885376e-01,-2.272419184446334839e-01,1.985227465629577637e-01,-2.405438423156738281e-01,1.247813254594802856e-01,4.757251590490341187e-02,-9.976240806281566620e-03
-4.798182487487792969e+00,-1.276875495910644531e+00,1.028285264968872070e+00,-2.186239324510097504e-02,2.463588723912835121e-03,9.996409416198730469e-01,-1.529465615749359131e-02,-7.392576336860656738e-02,4.282928630709648132e-02,1.202101707458496094e-01,1.832255870103836060e-01,-1.491824239492416382e-01,5.843421444296836853e-03,-1.468698680400848389e-01,-7.082208245992660522e-02,-1.258332133293151855e-01,2.926166653633117676e-01,-1.836545616388320923e-01,4.484835639595985413e-02,-9.723830036818981171e-03,1.197884231805801392e-01,1.750542074441909790e-01,-2.717469036579132080e-01,-2.042226344347000122e-01,6.019027158617973328e-02,1.339669227600097656e-01,-2.272672057151794434e-01,1.984728425741195679e-01,-2.406415641307830811e-01,1.247439533472061157e-01,4.675799608230590820e-02,-1.014563813805580139e-02
-4.798280715942382812e+00,-1.276985168457031250e+00,1.028243899345397949e+00,-2.190247364342212677e-02,2.466443926095962524e-03,9.996427893638610840e-01,-1.511712279170751572e-02,-7.365680485963821411e-02,4.270469397306442261e-02,1.204820722341537476e-01,1.830513179302215576e-01,-1.495002806186676025e-01,5.916143301874399185e-03,-1.469488739967346191e-01,-7.092345505952835083e-02,-1.255858242511749268e-01,2.927054762840270996e-01,-1.838963776826858521e-01,4.486816003918647766e-02,-9.758708067238330841e-03,1.191518381237983704e-01,1.758756041526794434e-01,-2.719954550266265869e-01,-2.044943571090698242e-01,6.043310835957527161e-02,1.337208449840545654e-01,-2.272623330354690552e-01,1.983910948038101196e-01,-2.406467348337173462e-01,1.247240528464317322e-01,4.577336460351943970e-02,-1.025681849569082260e-02
-4.798400402069091797e+00,-1.277105331420898438e+00,1.028213500976562500e+00,-2.195443958044052124e-02,2.437485381960868835e-03,9.996451139450073242e-01,-1.488869637250900269e-02,-7.347548753023147583e-02,4.264958202838897705e-02,1.208824515342712402e-01,1.828721165657043457e-01,-1.497722119092941284e-01,5.987727083265781403e-03,-1.469762027263641357e-01,-7.093936204910278320e-02,-1.252294927835464478e-01,2.926676571369171143e-01,-1.840891242027282715e-01,4.491722583770751953e-02,-9.809445589780807495e-03,1.186130866408348083e-01,1.766120493412017822e-01,-2.723584771156311035e-01,-2.044695317745208740e-01,6.076969578862190247e-02,1.334674060344696045e-01,-2.272551804780960083e-01,1.982705146074295044e-01,-2.406690567731857300e-01,1.247882470488548279e-01,4.466872289776802063e-02,-1.035289932042360306e-02
-4.798480033874511719e+00,-1.277156114578247070e+00,1.028163313865661621e+00,-2.200592681765556335e-02,2.344547305256128311e-03,9.996470808982849121e-01,-1.469704695045948029e-02,-7.347729802131652832e-02,4.284280911087989807e-02,1.213177964091300964e-01,1.829859912395477295e-01,-1.502390950918197632e-01,6.071232259273529053e-03,-1.469880789518356323e-01,-7.072296738624572754e-02,-1.248732879757881165e-01,2.925463914871215820e-01,-1.842189133167266846e-01,4.485496506094932556e-02,-9.934836998581886292e-03,1.180865913629531860e-01,1.772737056016921997e-01,-2.726350128650665283e-01,-2.047277241945266724e-01,6.129469722509384155e-02,1.332367807626724243e-01,-2.271903753280639648e-01,1.981343179941177368e-01,-2.406868189573287964e-01,1.249139383435249329e-01,4.356688633561134338e-02,-1.058200839906930923e-02
-4.798599720001220703e+00,-1.277295708656311035e+00,1.028132438659667969e+00,-2.204020693898200989e-02,2.291676821187138557e-03,9.996516704559326172e-01,-1.433705724775791168e-02,-7.312425225973129272e-02,4.281152412295341492e-02,1.218683198094367981e-01,1.827256530523300171e-01,-1.505433022975921631e-01,6.233022548258304596e-03,-1.469991207122802734e-01,-7.068501412868499756e-02,-1.243561580777168274e-01,2.924368381500244141e-01,-1.842689961194992065e-01,4.488963633775711060e-02,-1.001602131873369217e-02,1.176179647445678711e-01,1.779411137104034424e-01,-2.731240093708038330e-01,-2.048380225896835327e-01,6.205130368471145630e-02,1.330097466707229614e-01,-2.271054387092590332e-01,1.980535984039306641e-01,-2.407066673040390015e-01,1.251078099012374878e-01,4.248923435807228088e-02,-1.067439839243888855e-02
-4.798698902130126953e+00,-1.277316093444824219e+00,1.028111577033996582e+00,-2.206665091216564178e-02,2.244827570393681526e-03,9.996536374092102051e-01,-1.416433975100517273e-02,-7.290831208229064941e-02,4.291914403438568115e-02,1.222757771611213684e-01,1.825334876775741577e-01,-1.508006602525711060e-01,6.213824264705181122e-03,-1.469361335039138794e-01,-7.053417712450027466e-02,-1.240191757678985596e-01,2.922990620136260986e-01,-1.843394190073013306e-01,4.479568824172019958e-02,-9.884446859359741211e-03,1.171493306756019592e-01,1.785212755203247070e-01,-2.734666764736175537e-01,-2.050026208162307739e-01,6.283339858055114746e-02,1.328462660312652588e-01,-2.270198464393615723e-01,1.979469954967498779e-01,-2.407310456037521362e-01,1.251595914363861084e-01,4.161776229739189148e-02,-1.068855077028274536e-02
-4.798818111419677734e+00,-1.277395963668823242e+00,1.028080821037292480e+00,-2.199295721948146820e-02,2.226978773251175880e-03,9.996603131294250488e-01,-1.380778383463621140e-02,-7.230371236801147461e-02,4.290589317679405212e-02,1.230249032378196716e-01,1.822657287120819092e-01,-1.510311216115951538e-01,6.267324090003967285e-03,-1.467520743608474731e-01,-7.052098959684371948e-02,-1.235838979482650757e-01,2.922637462615966797e-01,-1.844728589057922363e-01,4.479705169796943665e-02,-1.004043594002723694e-02,1.167707890272140503e-01,1.790117323398590088e-01,-2.736669778823852539e-01,-2.050863206386566162e-01,6.382486224174499512e-02,1.327379941940307617e-01,-2.269251048564910889e-01,1.978701800107955933e-01,-2.405095100402832031e-01,1.252736896276473999e-01,4.081367328763008118e-02,-1.055780518800020218e-02
-4.798908710479736328e+00,-1.277446627616882324e+00,1.028071641921997070e+00,-2.192242443561553955e-02,2.193559193983674049e-03,9.996665120124816895e-01,-1.347095053642988205e-02,-7.185342162847518921e-02,4.295232519507408142e-02,1.236975118517875671e-01,1.819937080144882202e-01,-1.511175781488418579e-01,6.234141066670417786e-03,-1.465401798486709595e-01,-7.041861861944198608e-02,-1.231342628598213196e-01,2.921291291713714600e-01,-1.845696270465850830e-01,4.482133686542510986e-02,-9.911416098475456238e-03,1.164241880178451538e-01,1.793994307518005371e-01,-2.736899256706237793e-01,-2.050606310367584229e-01,6.480193138122558594e-02,1.326517909765243530e-01,-2.268352806568145752e-01,1.979007422924041748e-01,-2.403214275836944580e-01,1.253428757190704346e-01,4.014197736978530884e-02,-1.049756072461605072e-02
-4.798998832702636719e+00,-1.277487397193908691e+00,1.028061985969543457e+00,-2.190347947180271149e-02,2.117359777912497520e-03,9.996711611747741699e-01,-1.316711399704217911e-02,-7.136429101228713989e-02,4.309754818677902222e-02,1.243733242154121399e-01,1.816606372594833374e-01,-1.512915939092636108e-01,6.209911778569221497e-03,-1.463562101125717163e-01,-7.021524757146835327e-02,-1.227264702320098877e-01,2.918840348720550537e-01,-1.846362203359603882e-01,4.492994397878646851e-02,-9.919422678649425507e-03,1.161329373717308044e-01,1.797482371330261230e-01,-2.736141085624694824e-01,-2.049650996923446655e-01,6.569443643093109131e-02,1.326013952493667603e-01,-2.267137318849563599e-01,1.979724615812301636e-01,-2.400903552770614624e-01,1.253759413957595825e-01,3.961009159684181213e-02,-1.022529136389493942e-02
-4.799079895019531250e+00,-1.277517557144165039e+00,1.028042793273925781e+00,-2.188322134315967560e-02,2.035986399278044701e-03,9.996752142906188965e-01,-1.290098764002323151e-02,-7.097940146923065186e-02,4.327201098203659058e-02,1.249791979789733887e-01,1.813957542181015015e-01,-1.514709889888763428e-01,6.241421680897474289e-03,-1.462016403675079346e-01,-6.997626274824142456e-02,-1.222750246524810791e-01,2.916583716869354248e-01,-1.846503466367721558e-01,4.486521705985069275e-02,-9.784138761460781097e-03,1.158632859587669373e-01,1.800365746021270752e-01,-2.735728919506072998e-01,-2.046528607606887817e-01,6.645815074443817139e-02,1.325559020042419434e-01,-2.265804260969161987e-01,1.981612890958786011e-01,-2.397217750549316406e-01,1.253491342067718506e-01,3.896313905715942383e-02,-9.942451491951942444e-03
-4.799120426177978516e+00,-1.277547240257263184e+00,1.028023242950439453e+00,-2.189596369862556458e-02,1.986687071621417999e-03,9.996781945228576660e-01,-1.265250146389007568e-02,-7.077302783727645874e-02,4.335048794746398926e-02,1.253846436738967896e-01,1.811690926551818848e-01,-1.515534967184066772e-01,6.303090602159500122e-03,-1.461149454116821289e-01,-6.981834024190902710e-02,-1.218881383538246155e-01,2.913794219493865967e-01,-1.845714002847671509e-01,4.481520876288414001e-02,-9.824027307331562042e-03,1.156647503376007080e-01,1.802622973918914795e-01,-2.736681401729583740e-01,-2.043394744396209717e-01,6.712212413549423218e-02,1.325008422136306763e-01,-2.264167964458465576e-01,1.983474045991897583e-01,-2.394738495349884033e-01,1.252981722354888916e-01,3.838126733899116516e-02,-9.591545909643173218e-03
-4.799190521240234375e+00,-1.277567982673645020e+00,1.028004050254821777e+00,-2.196375466883182526e-02,1.892151194624602795e-03,9.996795654296875000e-01,-1.244203653186559677e-02,-7.065840065479278564e-02,4.354649409651756287e-02,1.257314234972000122e-01,1.809796988964080811e-01,-1.517412513494491577e-01,6.357728969305753708e-03,-1.461770534515380859e-01,-6.954967230558395386e-02,-1.215209290385246277e-01,2.911716103553771973e-01,-1.845214366912841797e-01,4.473042115569114685e-02,-9.767537005245685577e-03,1.154807135462760925e-01,1.804069876670837402e-01,-2.737725675106048584e-01,-2.040061801671981812e-01,6.767506897449493408e-02,1.324159801006317139e-01,-2.262361943721771240e-01,1.985547691583633423e-01,-2.393360733985900879e-01,1.251819282770156860e-01,3.773383796215057373e-02,-9.304508566856384277e-03
-4.799260139465332031e+00,-1.277578711509704590e+00,1.027984142303466797e+00,-2.205903828144073486e-02,1.773230265825986862e-03,9.996809959411621094e-01,-1.217161957174539566e-02,-7.065113633871078491e-02,4.382426291704177856e-02,1.261859685182571411e-01,1.809583753347396851e-01,-1.520286202430725098e-01,6.391051691025495529e-03,-1.461918801069259644e-01,-6.920361518859863281e-02,-1.211155056953430176e-01,2.908357381820678711e-01,-1.844605654478073120e-01,4.464962333440780640e-02,-9.853716008365154266e-03,1.153241917490959167e-01,1.804654747247695923e-01,-2.738278508186340332e-01,-2.037810683250427246e-01,6.818695366382598877e-02,1.322959214448928833e-01,-2.260013967752456665e-01,1.987515836954116821e-01,-2.392116934061050415e-01,1.251114755868911743e-01,3.711800277233123779e-02,-8.990381844341754913e-03
-4.799280166625976562e+00,-1.277579069137573242e+00,1.027974724769592285e+00,-2.205914817750453949e-02,1.670561614446341991e-03,9.996840953826904297e-01,-1.192886848002672195e-02,-7.076004147529602051e-02,4.408879578113555908e-02,1.265119165182113647e-01,1.812729537487030029e-01,-1.523007005453109741e-01,6.424253806471824646e-03,-1.461552381515502930e-01,-6.889897584915161133e-02,-1.207264587283134460e-01,2.906508445739746094e-01,-1.843889653682708740e-01,4.456455633044242859e-02,-9.834432043135166168e-03,1.152954772114753723e-01,1.804646253585815430e-01,-2.739984095096588135e-01,-2.034136503934860229e-01,6.864506006240844727e-02,1.322094798088073730e-01,-2.257726192474365234e-01,1.990136504173278809e-01,-2.390390485525131226e-01,1.250474750995635986e-01,3.648963570594787598e-02,-8.756387047469615936e-03
-4.799319744110107422e+00,-1.277588248252868652e+00,1.027964234352111816e+00,-2.204160951077938080e-02,1.643874216824769974e-03,9.996873736381530762e-01,-1.168879400938749313e-02,-7.055310159921646118e-02,4.417212307453155518e-02,1.269482225179672241e-01,1.813224107027053833e-01,-1.525400280952453613e-01,6.416870281100273132e-03,-1.461334228515625000e-01,-6.877921521663665771e-02,-1.203266531229019165e-01,2.905524373054504395e-01,-1.843686401844024658e-01,4.448258504271507263e-02,-9.914500638842582703e-03,1.153190284967422485e-01,1.803390979766845703e-01,-2.741932868957519531e-01,-2.031743526458740234e-01,6.909749656915664673e-02,1.321587264537811279e-01,-2.255627363920211792e-01,1.992076337337493896e-01,-2.388828992843627930e-01,1.250998079776763916e-01,3.592884913086891174e-02,-8.553254418075084686e-03
-4.799330234527587891e+00,-1.277589440345764160e+00,1.027945280075073242e+00,-2.201364934444427490e-02,1.549753127619624138e-03,9.996907114982604980e-01,-1.146799232810735703e-02,-7.052004337310791016e-02,4.442000761628150940e-02,1.272920221090316772e-01,1.815305799245834351e-01,-1.527396440505981445e-01,6.411633454263210297e-03,-1.461415141820907593e-01,-6.852162629365921021e-02,-1.200392469763755798e-01,2.905367910861968994e-01,-1.843451112508773804e-01,4.439918324351310730e-02,-9.883296675980091095e-03,1.154047921299934387e-01,1.801795512437820435e-01,-2.744861245155334473e-01,-2.027192562818527222e-01,6.945700198411941528e-02,1.321417093276977539e-01,-2.253675162792205811e-01,1.994732469320297241e-01,-2.386373728513717651e-01,1.251720488071441650e-01,3.531894832849502563e-02,-8.347178809344768524e-03
-4.799340248107910156e+00,-1.277569293975830078e+00,1.027935385704040527e+00,-2.200926654040813446e-02,1.493148505687713623e-03,9.996932744979858398e-01,-1.125558558851480484e-02,-7.055877894163131714e-02,4.460127279162406921e-02,1.276557892560958862e-01,1.816950440406799316e-01,-1.529063880443572998e-01,6.411043927073478699e-03,-1.461056470870971680e-01,-6.831902265548706055e-02,-1.197241246700286865e-01,2.904351651668548584e-01,-1.843420267105102539e-01,4.431727156043052673e-02,-9.880501776933670044e-03,1.155021861195564270e-01,1.799666136503219604e-01,-2.748163640499114990e-01,-2.023895233869552612e-01,6.977490335702896118e-02,1.320932209491729736e-01,-2.251369357109069824e-01,1.996218115091323853e-01,-2.383499592542648315e-01,1.252842545509338379e-01,3.478958457708358765e-02,-8.088057860732078552e-03
-4.799340248107910156e+00,-1.277559876441955566e+00,1.027925491333007812e+00,-2.204279229044914246e-02,1.394339022226631641e-03,9.996948242187500000e-01,-1.106636784970760345e-02,-7.057487964630126953e-02,4.484007880091667175e-02,1.278229653835296631e-01,1.817878335714340210e-01,-1.531459391117095947e-01,6.476104259490966797e-03,-1.461350917816162109e-01,-6.801744550466537476e-02,-1.194181367754936218e-01,2.902330160140991211e-01,-1.842546761035919189e-01,4.421575367450714111e-02,-9.833332151174545288e-03,1.156419143080711365e-01,1.796983331441879272e-01,-2.750654220581054688e-01,-2.020648121833801270e-01,6.998197734355926514e-02,1.320598423480987549e-01,-2.249123603105545044e-01,1.997866630554199219e-01,-2.380737662315368652e-01,1.254011839628219604e-01,3.428700193762779236e-02,-7.970892824232578278e-03
-4.799369812011718750e+00,-1.277570128440856934e+00,1.027905821800231934e+00,-2.212861366569995880e-02,1.275716698728501797e-03,9.996951222419738770e-01,-1.088080834597349167e-02,-7.074627280235290527e-02,4.510460793972015381e-02,1.280104666948318481e-01,1.819163560867309570e-01,-1.534553021192550659e-01,6.603609304875135422e-03,-1.463010609149932861e-01,-6.770490854978561401e-02,-1.191212534904479980e-01,2.900641262531280518e-01,-1.841465532779693604e-01,4.413866996765136719e-02,-9.964461438357830048e-03,1.158154830336570740e-01,1.793930083513259888e-01,-2.753566205501556396e-01,-2.016959786415100098e-01,7.010670751333236694e-02,1.320307403802871704e-01,-2.246936410665512085e-01,1.999099850654602051e-01,-2.378358095884323120e-01,1.255189031362533569e-01,3.385426849126815796e-02,-7.904333993792533875e-03
-4.799379348754882812e+00,-1.277570605278015137e+00,1.027884960174560547e+00,-2.216353453695774078e-02,1.171136507764458656e-03,9.996961951255798340e-01,-1.071951072663068771e-02,-7.073972374200820923e-02,4.535157233476638794e-02,1.282284557819366455e-01,1.819664090871810913e-01,-1.536664962768554688e-01,6.651158444583415985e-03,-1.462638676166534424e-01,-6.741796433925628662e-02,-1.189502403140068054e-01,2.898591756820678711e-01,-1.841134876012802124e-01,4.401307180523872375e-02,-9.786315262317657471e-03,1.159936785697937012e-01,1.790656447410583496e-01,-2.757297456264495850e-01,-2.013367712497711182e-01,7.013373821973800659e-02,1.319843530654907227e-01,-2.245094180107116699e-01,2.001661211252212524e-01,-2.374308407306671143e-01,1.255889534950256348e-01,3.332459554076194763e-02,-7.992588914930820465e-03
-4.799359321594238281e+00,-1.277570724487304688e+00,1.027875900268554688e+00,-2.212258242070674896e-02,1.096663647331297398e-03,9.996992349624633789e-01,-1.052847504615783691e-02,-7.069096714258193970e-02,4.554456099867820740e-02,1.284092515707015991e-01,1.821258813142776489e-01,-1.538590490818023682e-01,6.691772956401109695e-03,-1.462994068861007690e-01,-6.720779836177825928e-02,-1.187000274658203125e-01,2.898652851581573486e-01,-1.840692460536956787e-01,4.390059038996696472e-02,-9.771409444510936737e-03,1.162409931421279907e-01,1.786680668592453003e-01,-2.760843336582183838e-01,-2.008220702409744263e-01,7.011131197214126587e-02,1.320000439882278442e-01,-2.243961244821548462e-01,2.005672007799148560e-01,-2.370629608631134033e-01,1.256358027458190918e-01,3.289311006665229797e-02,-8.008684962987899780e-03
-4.799349784851074219e+00,-1.277570366859436035e+00,1.027865886688232422e+00,-2.212889306247234344e-02,1.053735031746327877e-03,9.997010827064514160e-01,-1.034105941653251648e-02,-7.067386060953140259e-02,4.564134776592254639e-02,1.286020129919052124e-01,1.820859462022781372e-01,-1.539537608623504639e-01,6.789954379200935364e-03,-1.463625729084014893e-01,-6.707771867513656616e-02,-1.184501275420188904e-01,2.898224592208862305e-01,-1.840349286794662476e-01,4.385606944561004639e-02,-9.794431738555431366e-03,1.165069416165351868e-01,1.782512366771697998e-01,-2.766190469264984131e-01,-2.002937197685241699e-01,7.004220783710479736e-02,1.320047080516815186e-01,-2.242850959300994873e-01,2.008723169565200806e-01,-2.367651015520095825e-01,1.256788820028305054e-01,3.257204219698905945e-02,-8.173871785402297974e-03
-4.799329757690429688e+00,-1.277571439743041992e+00,1.027845382690429688e+00,-2.212914824485778809e-02,9.493402903899550438e-04,9.997028112411499023e-01,-1.018019113689661026e-02,-7.049980759620666504e-02,4.587053880095481873e-02,1.288079470396041870e-01,1.819497942924499512e-01,-1.541223973035812378e-01,6.871729157865047455e-03,-1.463617235422134399e-01,-6.680467724800109863e-02,-1.182392537593841553e-01,2.897082865238189697e-01,-1.839572042226791382e-01,4.379629716277122498e-02,-9.774710983037948608e-03,1.167658418416976929e-01,1.778165251016616821e-01,-2.771645188331604004e-01,-1.998105347156524658e-01,6.980783492326736450e-02,1.320254504680633545e-01,-2.241936326026916504e-01,2.012162059545516968e-01,-2.363850921392440796e-01,1.256735920906066895e-01,3.234461322426795959e-02,-8.430681191384792328e-03
-4.799309730529785156e+00,-1.277561664581298828e+00,1.027835845947265625e+00,-2.210058458149433136e-02,8.633747347630560398e-04,9.997053742408752441e-01,-9.998708032071590424e-03,-7.042976468801498413e-02,4.607832804322242737e-02,1.290582716464996338e-01,1.819397211074829102e-01,-1.542292535305023193e-01,6.944354623556137085e-03,-1.463282257318496704e-01,-6.655103713274002075e-02,-1.179518625140190125e-01,2.895699143409729004e-01,-1.838512718677520752e-01,4.371599107980728149e-02,-9.815171360969543457e-03,1.170120313763618469e-01,1.773114502429962158e-01,-2.775932252407073975e-01,-1.994535773992538452e-01,6.968210637569427490e-02,1.320251673460006714e-01,-2.240445315837860107e-01,2.013223022222518921e-01,-2.359688729047775269e-01,1.257323175668716431e-01,3.211126103997230530e-02,-8.653355762362480164e-03
-4.799259662628173828e+00,-1.277571558952331543e+00,1.027825713157653809e+00,-2.205689810216426849e-02,8.129465277306735516e-04,9.997080564498901367e-01,-9.830056689679622650e-03,-7.029794901609420776e-02,4.619690775871276855e-02,1.293237656354904175e-01,1.819420754909515381e-01,-1.543900966644287109e-01,7.028940133750438690e-03,-1.463375091552734375e-01,-6.640618294477462769e-02,-1.177393496036529541e-01,2.894869446754455566e-01,-1.837405711412429810e-01,4.364325478672981262e-02,-9.787338785827159882e-03,1.172976195812225342e-01,1.767726838588714600e-01,-2.779276967048645020e-01,-1.988374888896942139e-01,6.951108574867248535e-02,1.320633441209793091e-01,-2.239688485860824585e-01,2.015284597873687744e-01,-2.354450225830078125e-01,1.257869601249694824e-01,3.194252401590347290e-02,-8.718917146325111389e-03
-4.799240112304687500e+00,-1.277572393417358398e+00,1.027815580368041992e+00,-2.200668863952159882e-02,7.306751795113086700e-04,9.997105598449707031e-01,-9.692506864666938782e-03,-7.018927484750747681e-02,4.637987166643142700e-02,1.294969916343688965e-01,1.819133162498474121e-01,-1.545072346925735474e-01,7.105837576091289520e-03,-1.462182104587554932e-01,-6.618343293666839600e-02,-1.175567507743835449e-01,2.893279790878295898e-01,-1.836719065904617310e-01,4.355279728770256042e-02,-9.603031910955905914e-03,1.175228431820869446e-01,1.762066483497619629e-01,-2.780997753143310547e-01,-1.984482705593109131e-01,6.921955198049545288e-02,1.321481466293334961e-01,-2.239117771387100220e-01,2.017628848552703857e-01,-2.350564450025558472e-01,1.257683634757995605e-01,3.177473694086074829e-02,-8.905614726245403290e-03
-4.799210071563720703e+00,-1.277572870254516602e+00,1.027795672416687012e+00,-2.197152003645896912e-02,6.499102455563843250e-04,9.997129440307617188e-01,-9.531528688967227936e-03,-6.991440802812576294e-02,4.653527587652206421e-02,1.296524554491043091e-01,1.816713064908981323e-01,-1.546167135238647461e-01,7.213066797703504562e-03,-1.461482346057891846e-01,-6.597411632537841797e-02,-1.174201890826225281e-01,2.891754806041717529e-01,-1.835891455411911011e-01,4.347855597734451294e-02,-9.499400854110717773e-03,1.177672818303108215e-01,1.756129413843154907e-01,-2.782929837703704834e-01,-1.980104595422744751e-01,6.887003034353256226e-02,1.322509795427322388e-01,-2.239181995391845703e-01,2.020699977874755859e-01,-2.346626818180084229e-01,1.256993114948272705e-01,3.162652626633644104e-02,-8.925089612603187561e-03
-4.799170494079589844e+00,-1.277592658996582031e+00,1.027785778045654297e+00,-2.191017195582389832e-02,6.083786138333380222e-04,9.997161030769348145e-01,-9.341128170490264893e-03,-6.960836797952651978e-02,4.657417535781860352e-02,1.298354864120483398e-01,1.813500225543975830e-01,-1.546355485916137695e-01,7.354283705353736877e-03,-1.460381001234054565e-01,-6.585694849491119385e-02,-1.171630546450614929e-01,2.890554666519165039e-01,-1.835148036479949951e-01,4.344319924712181091e-02,-9.454436600208282471e-03,1.180417984724044800e-01,1.749345362186431885e-01,-2.783447504043579102e-01,-1.975093334913253784e-01,6.846216320991516113e-02,1.323460489511489868e-01,-2.239932566881179810e-01,2.023441195487976074e-01,-2.343776375055313110e-01,1.256361901760101318e-01,3.148962929844856262e-02,-8.814642205834388733e-03
-4.799150943756103516e+00,-1.277593612670898438e+00,1.027776360511779785e+00,-2.186810225248336792e-02,5.516030942089855671e-04,9.997181296348571777e-01,-9.224667213857173920e-03,-6.937295943498611450e-02,4.668385908007621765e-02,1.300615519285202026e-01,1.811511367559432983e-01,-1.546983569860458374e-01,7.419333327561616898e-03,-1.459672451019287109e-01,-6.570547074079513550e-02,-1.169892251491546631e-01,2.889386117458343506e-01,-1.834378540515899658e-01,4.339478909969329834e-02,-9.382373653352260590e-03,1.183039247989654541e-01,1.742957383394241333e-01,-2.783981859683990479e-01,-1.970832198858261108e-01,6.799558550119400024e-02,1.324177682399749756e-01,-2.240618020296096802e-01,2.025440335273742676e-01,-2.340855151414871216e-01,1.255496293306350708e-01,3.128761053085327148e-02,-8.687249384820461273e-03
-4.799141407012939453e+00,-1.277603864669799805e+00,1.027766704559326172e+00,-2.186497300863265991e-02,4.967829445376992226e-04,9.997190237045288086e-01,-9.139201603829860687e-03,-6.921464204788208008e-02,4.679749161005020142e-02,1.302478462457656860e-01,1.809305995702743530e-01,-1.547270715236663818e-01,7.466482929885387421e-03,-1.458837240934371948e-01,-6.555096060037612915e-02,-1.168728768825531006e-01,2.887353599071502686e-01,-1.833703666925430298e-01,4.332554712891578674e-02,-9.244212880730628967e-03,1.185935884714126587e-01,1.736917793750762939e-01,-2.786161601543426514e-01,-1.969366818666458130e-01,6.754712760448455811e-02,1.324974447488784790e-01,-2.241739928722381592e-01,2.027468532323837280e-01,-2.338819801807403564e-01,1.254305988550186157e-01,3.129030019044876099e-02,-8.113705553114414215e-03
-4.799062252044677734e+00,-1.277614593505859375e+00,1.027758121490478516e+00,-2.179617993533611298e-02,4.160442040301859379e-04,9.997218251228332520e-01,-8.998375385999679565e-03,-6.919860094785690308e-02,4.698411747813224792e-02,1.304860562086105347e-01,1.809951812028884888e-01,-1.548115462064743042e-01,7.542185951024293900e-03,-1.458606868982315063e-01,-6.534270197153091431e-02,-1.166328713297843933e-01,2.886897027492523193e-01,-1.832832396030426025e-01,4.324258863925933838e-02,-9.376382455229759216e-03,1.188548058271408081e-01,1.730880737304687500e-01,-2.787633240222930908e-01,-1.967411488294601440e-01,6.722835451364517212e-02,1.325840502977371216e-01,-2.243413776159286499e-01,2.029939442873001099e-01,-2.336184978485107422e-01,1.254201680421829224e-01,3.127263858914375305e-02,-7.854271680116653442e-03
-4.798972129821777344e+00,-1.277624726295471191e+00,1.027737975120544434e+00,-2.170190401375293732e-02,3.608486440498381853e-04,9.997251033782958984e-01,-8.864312432706356049e-03,-6.897279620170593262e-02,4.710474610328674316e-02,1.307366788387298584e-01,1.809279024600982666e-01,-1.549423485994338989e-01,7.619756273925304413e-03,-1.458208113908767700e-01,-6.520275771617889404e-02,-1.164055392146110535e-01,2.887226939201354980e-01,-1.832360029220581055e-01,4.316867515444755554e-02,-9.251844137907028198e-03,1.191527172923088074e-01,1.724985986948013306e-01,-2.788501083850860596e-01,-1.964091211557388306e-01,6.694762408733367920e-02,1.326650381088256836e-01,-2.245201021432876587e-01,2.031552344560623169e-01,-2.334331572055816650e-01,1.254427284002304077e-01,3.130962327122688293e-02,-7.675503380596637726e-03
-4.798862934112548828e+00,-1.277645111083984375e+00,1.027729272842407227e+00,-2.162730321288108826e-02,3.183599910698831081e-04,9.997282624244689941e-01,-8.694537915289402008e-03,-6.883015483617782593e-02,4.717713966965675354e-02,1.310364156961441040e-01,1.808283776044845581e-01,-1.549742966890335083e-01,7.734223268926143646e-03,-1.459487676620483398e-01,-6.510433554649353027e-02,-1.160688400268554688e-01,2.888475656509399414e-01,-1.831531226634979248e-01,4.312338307499885559e-02,-9.148532524704933167e-03,1.194451525807380676e-01,1.719105392694473267e-01,-2.789369821548461914e-01,-1.960586309432983398e-01,6.662463396787643433e-02,1.327333748340606689e-01,-2.247336059808731079e-01,2.033351659774780273e-01,-2.332726567983627319e-01,1.255332380533218384e-01,3.133907169103622437e-02,-7.714225444942712784e-03
-4.798762798309326172e+00,-1.277675628662109375e+00,1.027718782424926758e+00,-2.155321836471557617e-02,2.714873116929084063e-04,9.997311234474182129e-01,-8.546522818505764008e-03,-6.865201890468597412e-02,4.725480452179908752e-02,1.313585340976715088e-01,1.806942522525787354e-01,-1.550327688455581665e-01,7.828108966350555420e-03,-1.459572762250900269e-01,-6.500063091516494751e-02,-1.157896593213081360e-01,2.888798415660858154e-01,-1.830927580595016479e-01,4.309670627117156982e-02,-8.993423543870449066e-03,1.197465285658836365e-01,1.713930517435073853e-01,-2.791507244110107422e-01,-1.956594884395599365e-01,6.632784008979797363e-02,1.328177899122238159e-01,-2.249623835086822510e-01,2.035528123378753662e-01,-2.331550866365432739e-01,1.256338953971862793e-01,3.139852359890937805e-02,-7.685185875743627548e-03
-4.798624038696289062e+00,-1.277735710144042969e+00,1.027700066566467285e+00,-2.150209061801433563e-02,2.617103455122560263e-04,9.997338652610778809e-01,-8.352740667760372162e-03,-6.854754686355590820e-02,4.721096903085708618e-02,1.316650807857513428e-01,1.805398315191268921e-01,-1.550817936658859253e-01,7.982312701642513275e-03,-1.461634337902069092e-01,-6.500590592622756958e-02,-1.154263913631439209e-01,2.890044450759887695e-01,-1.830199509859085083e-01,4.306737333536148071e-02,-8.927555754780769348e-03,1.200373694300651550e-01,1.708839982748031616e-01,-2.793900072574615479e-01,-1.953975856304168701e-01,6.607033312320709229e-02,1.328524351119995117e-01,-2.252189069986343384e-01,2.037396430969238281e-01,-2.330915629863739014e-01,1.258242130279541016e-01,3.138754889369010925e-02,-7.501661777496337891e-03
-4.798473834991455078e+00,-1.277806162834167480e+00,1.027689099311828613e+00,-2.145300991833209991e-02,2.313823060831055045e-04,9.997346997261047363e-01,-8.381851017475128174e-03,-6.855562329292297363e-02,4.716918617486953735e-02,1.315585076808929443e-01,1.803893297910690308e-01,-1.550710201263427734e-01,8.190675638616085052e-03,-1.463067829608917236e-01,-6.505635380744934082e-02,-1.155028194189071655e-01,2.891862392425537109e-01,-1.829858273267745972e-01,4.310296103358268738e-02,-8.497868664562702179e-03,1.203090399503707886e-01,1.703987568616867065e-01,-2.796715497970581055e-01,-1.951908916234970093e-01,6.557763367891311646e-02,1.329110264778137207e-01,-2.254702597856521606e-01,2.038485407829284668e-01,-2.329858541488647461e-01,1.258727610111236572e-01,3.143178299069404602e-02,-7.581572514027357101e-03
-4.798324584960937500e+00,-1.277886390686035156e+00,1.027669668197631836e+00,-2.154145948588848114e-02,2.177250134991481900e-04,9.997327923774719238e-01,-8.382010273635387421e-03,-6.867156922817230225e-02,4.703167453408241272e-02,1.312608271837234497e-01,1.799709051847457886e-01,-1.549772620201110840e-01,8.460303768515586853e-03,-1.466639488935470581e-01,-6.514856219291687012e-02,-1.155565902590751648e-01,2.892552912235260010e-01,-1.829241216182708740e-01,4.314203187823295593e-02,-8.404005318880081177e-03,1.205147355794906616e-01,1.699298471212387085e-01,-2.800287604331970215e-01,-1.952530443668365479e-01,6.510756164789199829e-02,1.329116523265838623e-01,-2.257169038057327271e-01,2.039298415184020996e-01,-2.330041229724884033e-01,1.259477138519287109e-01,3.130950033664703369e-02,-7.705376483500003815e-03
-4.798213481903076172e+00,-1.277936697006225586e+00,1.027648687362670898e+00,-2.150255627930164337e-02,2.228128141723573208e-04,9.997335672378540039e-01,-8.389460854232311249e-03,-6.851014494895935059e-02,4.690838605165481567e-02,1.310894489288330078e-01,1.796509921550750732e-01,-1.549813002347946167e-01,8.627531118690967560e-03,-1.468803733587265015e-01,-6.526079028844833374e-02,-1.155875921249389648e-01,2.895268201828002930e-01,-1.829680651426315308e-01,4.314884170889854431e-02,-8.394580334424972534e-03,1.207164749503135681e-01,1.694522500038146973e-01,-2.803279459476470947e-01,-1.953797936439514160e-01,6.466232985258102417e-02,1.329057514667510986e-01,-2.259734421968460083e-01,2.039973586797714233e-01,-2.329985499382019043e-01,1.260633915662765503e-01,3.115874156355857849e-02,-7.900156080722808838e-03
-4.798014163970947266e+00,-1.278037071228027344e+00,1.027628898620605469e+00,-2.146814577281475067e-02,2.198092115577310324e-04,9.997337460517883301e-01,-8.457276970148086548e-03,-6.853913515806198120e-02,4.673819243907928467e-02,1.307434886693954468e-01,1.794052720069885254e-01,-1.549334079027175903e-01,8.811217732727527618e-03,-1.471142172813415527e-01,-6.543149799108505249e-02,-1.157555729150772095e-01,2.897575199604034424e-01,-1.829648017883300781e-01,4.319746419787406921e-02,-8.232650347054004669e-03,1.208478212356567383e-01,1.689567714929580688e-01,-2.804301083087921143e-01,-1.955243200063705444e-01,6.413660198450088501e-02,1.329219937324523926e-01,-2.262367308139801025e-01,2.040524929761886597e-01,-2.329622805118560791e-01,1.261406093835830688e-01,3.101203218102455139e-02,-8.255072869360446930e-03
-4.797883510589599609e+00,-1.278107404708862305e+00,1.027626991271972656e+00,-2.140148915350437164e-02,1.932511659106239676e-04,9.997343420982360840e-01,-8.553810417652130127e-03,-6.852241605520248413e-02,4.668048396706581116e-02,1.304805874824523926e-01,1.792296618223190308e-01,-1.549050658941268921e-01,8.948029018938541412e-03,-1.470255255699157715e-01,-6.547652930021286011e-02,-1.159397736191749573e-01,2.895980775356292725e-01,-1.828499585390090942e-01,4.319214820861816406e-02,-8.235588669776916504e-03,1.209380924701690674e-01,1.684635281562805176e-01,-2.804802358150482178e-01,-1.955647021532058716e-01,6.356911361217498779e-02,1.329546123743057251e-01,-2.265049517154693604e-01,2.041198611259460449e-01,-2.328813374042510986e-01,1.261999756097793579e-01,3.107207268476486206e-02,-8.517258800566196442e-03
-4.797694206237792969e+00,-1.278187513351440430e+00,1.027617454528808594e+00,-2.140580117702484131e-02,1.794140407582744956e-04,9.997336268424987793e-01,-8.630961179733276367e-03,-6.861619651317596436e-02,4.659611359238624573e-02,1.303060650825500488e-01,1.790246814489364624e-01,-1.549130529165267944e-01,8.974215947091579437e-03,-1.469637304544448853e-01,-6.551855057477951050e-02,-1.160614192485809326e-01,2.891918122768402100e-01,-1.827088445425033569e-01,4.316790774464607239e-02,-8.245411328971385956e-03,1.210223659873008728e-01,1.680558025836944580e-01,-2.805522084236145020e-01,-1.958605200052261353e-01,6.298863142728805542e-02,1.329674124717712402e-01,-2.267577350139617920e-01,2.041968703269958496e-01,-2.328581213951110840e-01,1.262592226266860962e-01,3.090743161737918854e-02,-8.750895038247108459e-03
-4.797534942626953125e+00,-1.278207898139953613e+00,1.027598381042480469e+00,-2.135359309613704681e-02,1.591479085618630052e-04,9.997339844703674316e-01,-8.712675422430038452e-03,-6.862808763980865479e-02,4.660297557711601257e-02,1.302206516265869141e-01,1.789204478263854980e-01,-1.549287736415863037e-01,9.005644358694553375e-03,-1.469927281141281128e-01,-6.553743034601211548e-02,-1.162368208169937134e-01,2.891856133937835693e-01,-1.826834231615066528e-01,4.312152415513992310e-02,-8.254135027527809143e-03,1.210720390081405640e-01,1.676553189754486084e-01,-2.805424630641937256e-01,-1.960570216178894043e-01,6.244014203548431396e-02,1.329638212919235229e-01,-2.269872725009918213e-01,2.042628079652786255e-01,-2.328129112720489502e-01,1.263099610805511475e-01,3.073745407164096832e-02,-8.910276927053928375e-03
-4.797404766082763672e+00,-1.278287529945373535e+00,1.027588129043579102e+00,-2.135462313890457153e-02,1.403866335749626160e-04,9.997328519821166992e-01,-8.841989561915397644e-03,-6.860987097024917603e-02,4.651750251650810242e-02,1.299931406974792480e-01,1.785091608762741089e-01,-1.548373103141784668e-01,9.101059287786483765e-03,-1.470847725868225098e-01,-6.562857329845428467e-02,-1.165291070938110352e-01,2.891484797000885010e-01,-1.826384514570236206e-01,4.314296692609786987e-02,-8.150346577167510986e-03,1.211028173565864563e-01,1.672978997230529785e-01,-2.805635333061218262e-01,-1.964197307825088501e-01,6.184613704681396484e-02,1.329578310251235962e-01,-2.271977365016937256e-01,2.042959332466125488e-01,-2.327772080898284912e-01,1.263137161731719971e-01,3.058749064803123474e-02,-9.112661704421043396e-03
-4.797254562377929688e+00,-1.278347373008728027e+00,1.027568578720092773e+00,-2.124710939824581146e-02,1.610308390809223056e-04,9.997347593307495117e-01,-8.884169161319732666e-03,-6.840138137340545654e-02,4.638207331299781799e-02,1.299214363098144531e-01,1.782555878162384033e-01,-1.547838449478149414e-01,9.147454053163528442e-03,-1.471370458602905273e-01,-6.576162576675415039e-02,-1.165157854557037354e-01,2.893580794334411621e-01,-1.826681941747665405e-01,4.312904179096221924e-02,-8.339503780007362366e-03,1.212082579731941223e-01,1.669720858335494995e-01,-2.805653810501098633e-01,-1.967175453901290894e-01,6.134636327624320984e-02,1.329598873853683472e-01,-2.274353504180908203e-01,2.043803334236145020e-01,-2.327468693256378174e-01,1.264165192842483521e-01,3.055747784674167633e-02,-9.062683209776878357e-03
-4.797134876251220703e+00,-1.278377413749694824e+00,1.027557849884033203e+00,-2.126620151102542877e-02,1.636336528463289142e-04,9.997329711914062500e-01,-9.040813893079757690e-03,-6.853233277797698975e-02,4.634853824973106384e-02,1.297863274812698364e-01,1.781535893678665161e-01,-1.548177599906921387e-01,9.076138027012348175e-03,-1.471521109342575073e-01,-6.584765762090682983e-02,-1.168651878833770752e-01,2.892043292522430420e-01,-1.826361715793609619e-01,4.305376112461090088e-02,-8.149431087076663971e-03,1.212633848190307617e-01,1.666742414236068726e-01,-2.805645167827606201e-01,-1.971197724342346191e-01,6.082731857895851135e-02,1.329348087310791016e-01,-2.276660054922103882e-01,2.044699639081954956e-01,-2.327416688203811646e-01,1.264319270849227905e-01,3.057716228067874908e-02,-8.914440870285034180e-03
-4.796925067901611328e+00,-1.278457403182983398e+00,1.027548670768737793e+00,-2.114633657038211823e-02,1.562253019073978066e-04,9.997349977493286133e-01,-9.098058566451072693e-03,-6.852708011865615845e-02,4.626249521970748901e-02,1.295424103736877441e-01,1.781209111213684082e-01,-1.548317819833755493e-01,9.171271696686744690e-03,-1.471634656190872192e-01,-6.593023240566253662e-02,-1.168680861592292786e-01,2.893275320529937744e-01,-1.825963258743286133e-01,4.305398464202880859e-02,-8.171482011675834656e-03,1.213365569710731506e-01,1.664061397314071655e-01,-2.805561423301696777e-01,-1.974670290946960449e-01,6.045345962047576904e-02,1.329164505004882812e-01,-2.278928011655807495e-01,2.046005427837371826e-01,-2.327685803174972534e-01,1.264833509922027588e-01,3.057474084198474884e-02,-8.715621195733547211e-03
-4.796865463256835938e+00,-1.278527498245239258e+00,1.027548551559448242e+00,-2.119184657931327820e-02,1.635201042518019676e-04,9.997331500053405762e-01,-9.194650687277317047e-03,-6.854266673326492310e-02,4.612648487091064453e-02,1.294429600238800049e-01,1.777510344982147217e-01,-1.547216773033142090e-01,9.155657142400741577e-03,-1.472387462854385376e-01,-6.605223566293716431e-02,-1.170288473367691040e-01,2.892305254936218262e-01,-1.825757175683975220e-01,4.313412308692932129e-02,-8.151804096996784210e-03,1.213818937540054321e-01,1.661781966686248779e-01,-2.805262207984924316e-01,-1.979074031114578247e-01,6.017997860908508301e-02,1.328572630882263184e-01,-2.281163036823272705e-01,2.047891169786453247e-01,-2.329220473766326904e-01,1.264810860157012939e-01,3.053813055157661438e-02,-8.470188826322555542e-03
-4.796715736389160156e+00,-1.278597235679626465e+00,1.027538657188415527e+00,-2.113784290850162506e-02,1.959100336534902453e-04,9.997339248657226562e-01,-9.229857474565505981e-03,-6.844320893287658691e-02,4.596994444727897644e-02,1.294351816177368164e-01,1.775703430175781250e-01,-1.547111421823501587e-01,9.211283177137374878e-03,-1.473251879215240479e-01,-6.624414771795272827e-02,-1.171602755784988403e-01,2.893120944499969482e-01,-1.825523227453231812e-01,4.318059608340263367e-02,-8.148401044309139252e-03,1.214450076222419739e-01,1.659623980522155762e-01,-2.804802358150482178e-01,-1.982599794864654541e-01,6.002575531601905823e-02,1.327784657478332520e-01,-2.283330410718917847e-01,2.049437463283538818e-01,-2.330970913171768188e-01,1.265103965997695923e-01,3.050972707569599152e-02,-8.181279525160789490e-03
-4.796606063842773438e+00,-1.278647661209106445e+00,1.027528405189514160e+00,-2.111430279910564423e-02,2.109924535034224391e-04,9.997337460517883301e-01,-9.307432919740676880e-03,-6.828334927558898926e-02,4.585345834493637085e-02,1.294792592525482178e-01,1.770423352718353271e-01,-1.545123159885406494e-01,9.187198244035243988e-03,-1.473812758922576904e-01,-6.637831032276153564e-02,-1.173220276832580566e-01,2.893702685832977295e-01,-1.825493127107620239e-01,4.323715344071388245e-02,-8.154282346367835999e-03,1.214892715215682983e-01,1.657888144254684448e-01,-2.804457545280456543e-01,-1.986206322908401489e-01,5.996188893914222717e-02,1.325753629207611084e-01,-2.284926623106002808e-01,2.050461620092391968e-01,-2.333538532257080078e-01,1.265454590320587158e-01,3.060841560363769531e-02,-8.052426390349864960e-03
-4.796466350555419922e+00,-1.278697371482849121e+00,1.027528166770935059e+00,-2.106464840471744537e-02,2.520164125598967075e-04,9.997335672378540039e-01,-9.435330517590045929e-03,-6.814362853765487671e-02,4.566765204071998596e-02,1.293193548917770386e-01,1.765891611576080322e-01,-1.542897969484329224e-01,9.196658618748188019e-03,-1.473894268274307251e-01,-6.655769795179367065e-02,-1.175061091780662537e-01,2.893589138984680176e-01,-1.825250089168548584e-01,4.329637438058853149e-02,-7.961395196616649628e-03,1.215514838695526123e-01,1.656336635351181030e-01,-2.803558111190795898e-01,-1.989171802997589111e-01,5.992234498262405396e-02,1.324212700128555298e-01,-2.286670207977294922e-01,2.052493244409561157e-01,-2.334638088941574097e-01,1.265141516923904419e-01,3.061784058809280396e-02,-7.980959489941596985e-03
-4.796336650848388672e+00,-1.278787374496459961e+00,1.027518749237060547e+00,-2.099104598164558411e-02,3.105620271526277065e-04,9.997349977493286133e-01,-9.448019787669181824e-03,-6.793372333049774170e-02,4.541710019111633301e-02,1.293419301509857178e-01,1.762235164642333984e-01,-1.542045176029205322e-01,9.148427285254001617e-03,-1.474554389715194702e-01,-6.683780997991561890e-02,-1.176294833421707153e-01,2.895143330097198486e-01,-1.825879812240600586e-01,4.339900240302085876e-02,-8.015546016395092010e-03,1.215966567397117615e-01,1.654932498931884766e-01,-2.801784574985504150e-01,-1.989875435829162598e-01,5.998386815190315247e-02,1.322800219058990479e-01,-2.288400977849960327e-01,2.055273056030273438e-01,-2.334924936294555664e-01,1.265454590320587158e-01,3.066175617277622223e-02,-8.030109107494354248e-03
-4.796196937561035156e+00,-1.278817534446716309e+00,1.027518033981323242e+00,-2.088459022343158722e-02,3.543498460203409195e-04,9.997365474700927734e-01,-9.515793994069099426e-03,-6.748663634061813354e-02,4.526709020137786865e-02,1.294297277927398682e-01,1.756305098533630371e-01,-1.540259420871734619e-01,9.021346457302570343e-03,-1.473725587129592896e-01,-6.700517237186431885e-02,-1.177801936864852905e-01,2.895805537700653076e-01,-1.826578676700592041e-01,4.346638917922973633e-02,-7.983491756021976471e-03,1.216926649212837219e-01,1.654048562049865723e-01,-2.799814045429229736e-01,-1.988827288150787354e-01,6.002446636557579041e-02,1.321645826101303101e-01,-2.289994359016418457e-01,2.058688551187515259e-01,-2.334935367107391357e-01,1.265529692173004150e-01,3.069456480443477631e-02,-7.841331884264945984e-03
-4.796107769012451172e+00,-1.278867959976196289e+00,1.027518510818481445e+00,-2.085740491747856140e-02,3.512128896545618773e-04,9.997361898422241211e-01,-9.613645263016223907e-03,-6.730742007493972778e-02,4.518868774175643921e-02,1.294575482606887817e-01,1.751182079315185547e-01,-1.538280099630355835e-01,9.018604643642902374e-03,-1.472961455583572388e-01,-6.708570569753646851e-02,-1.179967895150184631e-01,2.894383966922760010e-01,-1.826128512620925903e-01,4.348951205611228943e-02,-7.869263179600238800e-03,1.217349842190742493e-01,1.653822660446166992e-01,-2.798500955104827881e-01,-1.989749968051910400e-01,6.003737077116966248e-02,1.320173740386962891e-01,-2.291224896907806396e-01,2.062154114246368408e-01,-2.335237562656402588e-01,1.264972835779190063e-01,3.068979270756244659e-02,-7.694610860198736191e-03
-4.796028614044189453e+00,-1.278927445411682129e+00,1.027508974075317383e+00,-2.083484455943107605e-02,3.713676414918154478e-04,9.997360110282897949e-01,-9.676142595708370209e-03,-6.713700294494628906e-02,4.503930732607841492e-02,1.294386833906173706e-01,1.746321320533752441e-01,-1.536738425493240356e-01,9.071443229913711548e-03,-1.472795605659484863e-01,-6.720306724309921265e-02,-1.180583760142326355e-01,2.893429994583129883e-01,-1.825660914182662964e-01,4.350128769874572754e-02,-7.815659977495670319e-03,1.217973828315734863e-01,1.654481589794158936e-01,-2.797501981258392334e-01,-1.989205032587051392e-01,6.007655709981918335e-02,1.318576484918594360e-01,-2.292409837245941162e-01,2.065901905298233032e-01,-2.336077243089675903e-01,1.264495104551315308e-01,3.067844919860363007e-02,-7.614552509039640427e-03
-4.795898914337158203e+00,-1.278977870941162109e+00,1.027499079704284668e+00,-2.080629765987396240e-02,3.785078588407486677e-04,9.997359514236450195e-01,-9.747631847858428955e-03,-6.703501939773559570e-02,4.496422037482261658e-02,1.294454038143157959e-01,1.743091195821762085e-01,-1.535710394382476807e-01,9.048778563737869263e-03,-1.472485661506652832e-01,-6.727401167154312134e-02,-1.181110814213752747e-01,2.892151474952697754e-01,-1.825141906738281250e-01,4.345404729247093201e-02,-7.779742125421762466e-03,1.218327283859252930e-01,1.655206233263015747e-01,-2.795561552047729492e-01,-1.988658607006072998e-01,6.011501327157020569e-02,1.316710859537124634e-01,-2.293212264776229858e-01,2.069542557001113892e-01,-2.336875647306442261e-01,1.264052391052246094e-01,3.064517304301261902e-02,-7.412055972963571548e-03
-4.795748710632324219e+00,-1.278997898101806641e+00,1.027498483657836914e+00,-2.067452482879161835e-02,3.981327754445374012e-04,9.997383356094360352e-01,-9.781101718544960022e-03,-6.664724647998809814e-02,4.487212002277374268e-02,1.295069307088851929e-01,1.737871319055557251e-01,-1.533545404672622681e-01,8.995805867016315460e-03,-1.470006406307220459e-01,-6.729307025671005249e-02,-1.179740652441978455e-01,2.889860272407531738e-01,-1.824584454298019409e-01,4.330480098724365234e-02,-7.743665948510169983e-03,1.218794435262680054e-01,1.655873954296112061e-01,-2.792128920555114746e-01,-1.987581551074981689e-01,6.016405299305915833e-02,1.315119415521621704e-01,-2.293943464756011963e-01,2.073464542627334595e-01,-2.337116748094558716e-01,1.264054179191589355e-01,3.077897801995277405e-02,-7.531263399869203568e-03
-4.795629978179931641e+00,-1.279017806053161621e+00,1.027489662170410156e+00,-2.056403644382953644e-02,4.029073461424559355e-04,9.997397065162658691e-01,-9.870043955743312836e-03,-6.653956323862075806e-02,4.486088454723358154e-02,1.295320987701416016e-01,1.736867278814315796e-01,-1.533568650484085083e-01,8.738052099943161011e-03,-1.468535214662551880e-01,-6.732663512229919434e-02,-1.180714815855026245e-01,2.889599800109863281e-01,-1.824612468481063843e-01,4.329144582152366638e-02,-7.560419850051403046e-03,1.219454184174537659e-01,1.656959056854248047e-01,-2.787816524505615234e-01,-1.985792964696884155e-01,6.016460806131362915e-02,1.313296556472778320e-01,-2.294155210256576538e-01,2.076397985219955444e-01,-2.337759435176849365e-01,1.263954192399978638e-01,3.088160231709480286e-02,-7.485442794859409332e-03
-4.795470237731933594e+00,-1.279047608375549316e+00,1.027480006217956543e+00,-2.045864984393119812e-02,4.278737178537994623e-04,9.997408390045166016e-01,-9.977936744689941406e-03,-6.636428087949752808e-02,4.475992545485496521e-02,1.294711381196975708e-01,1.734587550163269043e-01,-1.533701568841934204e-01,8.504983969032764435e-03,-1.467934250831604004e-01,-6.745449453592300415e-02,-1.182591319084167480e-01,2.890306711196899414e-01,-1.825606375932693481e-01,4.339589178562164307e-02,-7.540993858128786087e-03,1.220252141356468201e-01,1.658767759799957275e-01,-2.784605324268341064e-01,-1.983180642127990723e-01,6.019895523786544800e-02,1.311501264572143555e-01,-2.294041216373443604e-01,2.078627943992614746e-01,-2.337741553783416748e-01,1.263976246118545532e-01,3.086574003100395203e-02,-7.600300945341587067e-03
-4.795380115509033203e+00,-1.279087305068969727e+00,1.027479887008666992e+00,-2.040665037930011749e-02,4.555358027573674917e-04,9.997407793998718262e-01,-1.008616201579570770e-02,-6.620568037033081055e-02,4.463429003953933716e-02,1.293714344501495361e-01,1.731598228216171265e-01,-1.533647477626800537e-01,8.325859904289245605e-03,-1.467393934726715088e-01,-6.760584563016891479e-02,-1.185146048665046692e-01,2.890520691871643066e-01,-1.826668083667755127e-01,4.344273731112480164e-02,-7.559732999652624130e-03,1.221164837479591370e-01,1.660495847463607788e-01,-2.781773507595062256e-01,-1.981022208929061890e-01,6.020949780941009521e-02,1.309864073991775513e-01,-2.293930798768997192e-01,2.080881297588348389e-01,-2.337273210287094116e-01,1.264004111289978027e-01,3.082079812884330750e-02,-7.600730750709772110e-03
-4.795289993286132812e+00,-1.279097318649291992e+00,1.027469515800476074e+00,-2.031828276813030243e-02,4.757424758281558752e-04,9.997418522834777832e-01,-1.015700772404670715e-02,-6.592567265033721924e-02,4.455195739865303040e-02,1.293154358863830566e-01,1.728281825780868530e-01,-1.533437073230743408e-01,8.240378461778163910e-03,-1.466124951839447021e-01,-6.769201904535293579e-02,-1.186742261052131653e-01,2.890495955944061279e-01,-1.827985793352127075e-01,4.347215220332145691e-02,-7.652158383280038834e-03,1.222396790981292725e-01,1.662954539060592651e-01,-2.779905200004577637e-01,-1.977096796035766602e-01,6.022155657410621643e-02,1.308337599039077759e-01,-2.293786555528640747e-01,2.083392292261123657e-01,-2.336027473211288452e-01,1.264069825410842896e-01,3.064008802175521851e-02,-7.586528547108173370e-03
-4.795150756835937500e+00,-1.279127478599548340e+00,1.027459740638732910e+00,-2.024790272116661072e-02,4.776405985467135906e-04,9.997417926788330078e-01,-1.030373480170965195e-02,-6.574504822492599487e-02,4.447318613529205322e-02,1.290608346462249756e-01,1.723639518022537231e-01,-1.531921923160552979e-01,8.220337331295013428e-03,-1.465345472097396851e-01,-6.778205186128616333e-02,-1.189800575375556946e-01,2.890656590461730957e-01,-1.828202903270721436e-01,4.343973472714424133e-02,-7.518600206822156906e-03,1.223731413483619690e-01,1.665684133768081665e-01,-2.777815163135528564e-01,-1.975443214178085327e-01,6.020770594477653503e-02,1.307128369808197021e-01,-2.293568849563598633e-01,2.086184024810791016e-01,-2.334486693143844604e-01,1.263037770986557007e-01,3.059533238410949707e-02,-7.797638420015573502e-03
-4.794971466064453125e+00,-1.279137730598449707e+00,1.027440786361694336e+00,-2.016483806073665619e-02,4.597792576532810926e-04,9.997414350509643555e-01,-1.050030905753374100e-02,-6.592751294374465942e-02,4.450432583689689636e-02,1.286513358354568481e-01,1.725612580776214600e-01,-1.532817631959915161e-01,8.212591521441936493e-03,-1.464640647172927856e-01,-6.779377162456512451e-02,-1.193026751279830933e-01,2.890385091304779053e-01,-1.828092336654663086e-01,4.332551732659339905e-02,-7.507425267249345779e-03,1.225352287292480469e-01,1.669311821460723877e-01,-2.777872681617736816e-01,-1.972001492977142334e-01,6.020825356245040894e-02,1.306140571832656860e-01,-2.293038964271545410e-01,2.088505774736404419e-01,-2.332536578178405762e-01,1.261408030986785889e-01,3.050418570637702942e-02,-7.904558442533016205e-03
-4.794930934906005859e+00,-1.279147148132324219e+00,1.027429103851318359e+00,-2.012135460972785950e-02,4.716066468972712755e-04,9.997404217720031738e-01,-1.067446172237396240e-02,-6.575126200914382935e-02,4.442734271287918091e-02,1.283289045095443726e-01,1.722676753997802734e-01,-1.532232612371444702e-01,8.133410476148128510e-03,-1.462796926498413086e-01,-6.787420064210891724e-02,-1.196779459714889526e-01,2.888886034488677979e-01,-1.828276216983795166e-01,4.328302666544914246e-02,-7.570170797407627106e-03,1.226743906736373901e-01,1.673208475112915039e-01,-2.778299450874328613e-01,-1.967812031507492065e-01,6.037567555904388428e-02,1.305207461118698120e-01,-2.292343080043792725e-01,2.090715169906616211e-01,-2.330615669488906860e-01,1.259514838457107544e-01,3.040101751685142517e-02,-7.929155603051185608e-03
-4.794831752777099609e+00,-1.279157042503356934e+00,1.027420163154602051e+00,-2.009212039411067963e-02,4.761783638969063759e-04,9.997398853302001953e-01,-1.077936030924320221e-02,-6.570009142160415649e-02,4.437755793333053589e-02,1.280978322029113770e-01,1.719928383827209473e-01,-1.530969589948654175e-01,8.064818568527698517e-03,-1.462076008319854736e-01,-6.791973859071731567e-02,-1.199094355106353760e-01,2.887598574161529541e-01,-1.827800124883651733e-01,4.323134198784828186e-02,-7.591614965349435806e-03,1.228276863694190979e-01,1.676995903253555298e-01,-2.779467105865478516e-01,-1.964017003774642944e-01,6.073965877294540405e-02,1.304060667753219604e-01,-2.291377931833267212e-01,2.092863917350769043e-01,-2.329036742448806763e-01,1.257846653461456299e-01,3.020622394979000092e-02,-7.765869610011577606e-03
-4.794711589813232422e+00,-1.279146790504455566e+00,1.027420043945312500e+00,-1.990009844303131104e-02,5.111760692670941353e-04,9.997420907020568848e-01,-1.092876680195331573e-02,-6.560471653938293457e-02,4.431326314806938171e-02,1.278681010007858276e-01,1.721468567848205566e-01,-1.530555486679077148e-01,7.964184507727622986e-03,-1.458924263715744019e-01,-6.804756820201873779e-02,-1.202680692076683044e-01,2.888345420360565186e-01,-1.828808188438415527e-01,4.317033290863037109e-02,-7.550444919615983963e-03,1.229610219597816467e-01,1.680365502834320068e-01,-2.781006097793579102e-01,-1.960734575986862183e-01,6.122667342424392700e-02,1.303506940603256226e-01,-2.290451526641845703e-01,2.094895541667938232e-01,-2.325958311557769775e-01,1.256315410137176514e-01,3.009556420147418976e-02,-7.537059020251035690e-03
-4.794601917266845703e+00,-1.279136538505554199e+00,1.027420520782470703e+00,-1.979359611868858337e-02,5.495304940268397331e-04,9.997426867485046387e-01,-1.106858439743518829e-02,-6.547112017869949341e-02,4.424764215946197510e-02,1.277992129325866699e-01,1.721530109643936157e-01,-1.531668752431869507e-01,7.750019431114196777e-03,-1.457898318767547607e-01,-6.816407293081283569e-02,-1.205232813954353333e-01,2.889026403427124023e-01,-1.829758882522583008e-01,4.325749725103378296e-02,-7.740682456642389297e-03,1.231263130903244019e-01,1.684538573026657104e-01,-2.781670987606048584e-01,-1.956511735916137695e-01,6.170011311769485474e-02,1.302682161331176758e-01,-2.289461195468902588e-01,2.097232490777969360e-01,-2.323180139064788818e-01,1.255323737859725952e-01,3.000349737703800201e-02,-7.704196497797966003e-03
-4.794522285461425781e+00,-1.279136538505554199e+00,1.027420163154602051e+00,-1.970429159700870514e-02,5.661046016030013561e-04,9.997431635856628418e-01,-1.117961015552282333e-02,-6.542327255010604858e-02,4.420767351984977722e-02,1.276666820049285889e-01,1.721323579549789429e-01,-1.531993895769119263e-01,7.556669879704713821e-03,-1.456029713153839111e-01,-6.822644174098968506e-02,-1.207566633820533752e-01,2.888355553150177002e-01,-1.829876750707626343e-01,4.321712255477905273e-02,-7.689287420362234116e-03,1.232676059007644653e-01,1.688313633203506470e-01,-2.782717049121856689e-01,-1.952440589666366577e-01,6.209997087717056274e-02,1.302094012498855591e-01,-2.288619875907897949e-01,2.099665552377700806e-01,-2.320886552333831787e-01,1.254556626081466675e-01,2.983572147786617279e-02,-7.585322950035333633e-03
-4.794412612915039062e+00,-1.279126167297363281e+00,1.027410149574279785e+00,-1.962166838347911835e-02,5.989703931845724583e-04,9.997437000274658203e-01,-1.127931568771600723e-02,-6.530058383941650391e-02,4.413815960288047791e-02,1.275084018707275391e-01,1.720577180385589600e-01,-1.532338559627532959e-01,7.406922057271003723e-03,-1.454354077577590942e-01,-6.831450015306472778e-02,-1.209762468934059143e-01,2.887572646141052246e-01,-1.830165833234786987e-01,4.313533008098602295e-02,-7.643460761755704880e-03,1.233425065875053406e-01,1.691889464855194092e-01,-2.782827615737915039e-01,-1.949612200260162354e-01,6.244425103068351746e-02,1.301377266645431519e-01,-2.287732958793640137e-01,2.101828604936599731e-01,-2.318737357854843140e-01,1.253989636898040771e-01,2.959045395255088806e-02,-7.395369932055473328e-03
-4.794283390045166016e+00,-1.279105901718139648e+00,1.027410507202148438e+00,-1.948737166821956635e-02,6.398000987246632576e-04,9.997450113296508789e-01,-1.138842664659023285e-02,-6.526976078748703003e-02,4.407222196459770203e-02,1.273014992475509644e-01,1.721775084733963013e-01,-1.532328873872756958e-01,7.351633626967668533e-03,-1.452798247337341309e-01,-6.841691583395004272e-02,-1.211751177906990051e-01,2.887978851795196533e-01,-1.830369681119918823e-01,4.302435368299484253e-02,-7.698372472077608109e-03,1.234641522169113159e-01,1.695455014705657959e-01,-2.782377302646636963e-01,-1.944227516651153564e-01,6.274198740720748901e-02,1.300872564315795898e-01,-2.287031710147857666e-01,2.104239761829376221e-01,-2.316916435956954956e-01,1.253916025161743164e-01,2.950169518589973450e-02,-7.487104274332523346e-03
-4.794203281402587891e+00,-1.279056072235107422e+00,1.027400135993957520e+00,-1.942591555416584015e-02,6.414840463548898697e-04,9.997437596321105957e-01,-1.160136330872774124e-02,-6.546270102262496948e-02,4.413666576147079468e-02,1.269104480743408203e-01,1.724036782979965210e-01,-1.532480269670486450e-01,7.292224094271659851e-03,-1.451040804386138916e-01,-6.838721781969070435e-02,-1.214967444539070129e-01,2.886829078197479248e-01,-1.830510795116424561e-01,4.288880154490470886e-02,-7.633385714143514633e-03,1.236206293106079102e-01,1.699659824371337891e-01,-2.783945202827453613e-01,-1.941204667091369629e-01,6.293670833110809326e-02,1.300400942564010620e-01,-2.285871654748916626e-01,2.106037586927413940e-01,-2.314679920673370361e-01,1.253439933061599731e-01,2.919314801692962646e-02,-7.778205443173646927e-03
-4.794153213500976562e+00,-1.279055714607238770e+00,1.027390003204345703e+00,-1.936931349337100983e-02,6.533827981911599636e-04,9.997438788414001465e-01,-1.168683823198080063e-02,-6.539914011955261230e-02,4.410761594772338867e-02,1.267804652452468872e-01,1.724573671817779541e-01,-1.532863825559616089e-01,7.261956110596656799e-03,-1.448967009782791138e-01,-6.845036894083023071e-02,-1.217774152755737305e-01,2.885397970676422119e-01,-1.830891221761703491e-01,4.282000288367271423e-02,-7.655360270291566849e-03,1.236883252859115601e-01,1.703420430421829224e-01,-2.783554494380950928e-01,-1.936394125223159790e-01,6.311323493719100952e-02,1.299861669540405273e-01,-2.284780740737915039e-01,2.107814103364944458e-01,-2.314301580190658569e-01,1.253331452608108521e-01,2.895005978643894196e-02,-7.951173000037670135e-03
-4.794033527374267578e+00,-1.279045224189758301e+00,1.027370333671569824e+00,-1.925036124885082245e-02,6.799593102186918259e-04,9.997445344924926758e-01,-1.182273309677839279e-02,-6.540916115045547485e-02,4.406926408410072327e-02,1.265178024768829346e-01,1.726140528917312622e-01,-1.533480435609817505e-01,7.281276397407054901e-03,-1.447407454252243042e-01,-6.853093951940536499e-02,-1.220282018184661865e-01,2.885681688785552979e-01,-1.831337809562683105e-01,4.270326346158981323e-02,-7.711707614362239838e-03,1.237806379795074463e-01,1.707153171300888062e-01,-2.785095870494842529e-01,-1.931854188442230225e-01,6.321387737989425659e-02,1.299603134393692017e-01,-2.283717244863510132e-01,2.109491080045700073e-01,-2.312728762626647949e-01,1.253259330987930298e-01,2.871388942003250122e-02,-8.163748309016227722e-03
-4.793893814086914062e+00,-1.279005050659179688e+00,1.027360558509826660e+00,-1.913076825439929962e-02,6.944858469069004059e-04,9.997446537017822266e-01,-1.200847141444683075e-02,-6.558118760585784912e-02,4.408748447895050049e-02,1.261445730924606323e-01,1.729529798030853271e-01,-1.534101068973541260e-01,7.257262244820594788e-03,-1.446062177419662476e-01,-6.856867671012878418e-02,-1.223333999514579773e-01,2.886214256286621094e-01,-1.831587255001068115e-01,4.258034378290176392e-02,-7.625248283147811890e-03,1.238987892866134644e-01,1.710605919361114502e-01,-2.786085605621337891e-01,-1.928810030221939087e-01,6.313253194093704224e-02,1.299709230661392212e-01,-2.282613962888717651e-01,2.110915631055831909e-01,-2.310742586851119995e-01,1.252432316541671753e-01,2.854988537728786469e-02,-8.461859077215194702e-03
-4.793833732604980469e+00,-1.278994679450988770e+00,1.027360439300537109e+00,-1.908125914633274078e-02,7.260576239787042141e-04,9.997444748878479004e-01,-1.209752168506383896e-02,-6.558669358491897583e-02,4.403013736009597778e-02,1.259576827287673950e-01,1.730382591485977173e-01,-1.534367799758911133e-01,7.168509997427463531e-03,-1.444807946681976318e-01,-6.865286827087402344e-02,-1.225538551807403564e-01,2.885738313198089600e-01,-1.832187771797180176e-01,4.250332713127136230e-02,-7.836931385099887848e-03,1.239755377173423767e-01,1.713432073593139648e-01,-2.786797285079956055e-01,-1.924416720867156982e-01,6.295822560787200928e-02,1.299685239791870117e-01,-2.281561791896820068e-01,2.112216204404830933e-01,-2.309727668762207031e-01,1.252198517322540283e-01,2.819179743528366089e-02,-8.571550250053405762e-03
-4.793753147125244141e+00,-1.278975009918212891e+00,1.027339935302734375e+00,-1.894586160778999329e-02,7.214511861093342304e-04,9.997451305389404297e-01,-1.225417107343673706e-02,-6.557504087686538696e-02,4.406359419226646423e-02,1.256644278764724731e-01,1.732981801033020020e-01,-1.535705327987670898e-01,7.145977579057216644e-03,-1.442506015300750732e-01,-6.868118792772293091e-02,-1.229043155908584595e-01,2.886086404323577881e-01,-1.833015084266662598e-01,4.241473600268363953e-02,-7.723029702901840210e-03,1.240628436207771301e-01,1.716340333223342896e-01,-2.787189483642578125e-01,-1.919209510087966919e-01,6.267519295215606689e-02,1.299585402011871338e-01,-2.280055284500122070e-01,2.113149315118789673e-01,-2.307632416486740112e-01,1.251257508993148804e-01,2.796647325158119202e-02,-9.001551195979118347e-03
-4.793704509735107422e+00,-1.278954505920410156e+00,1.027340412139892578e+00,-1.890364661812782288e-02,7.426446536555886269e-04,9.997445344924926758e-01,-1.236933469772338867e-02,-6.566508114337921143e-02,4.404220357537269592e-02,1.254697442054748535e-01,1.734379380941390991e-01,-1.536360532045364380e-01,7.072328124195337296e-03,-1.441095024347305298e-01,-6.873214989900588989e-02,-1.231651306152343750e-01,2.884889245033264160e-01,-1.833081394433975220e-01,4.234776273369789124e-02,-7.800321094691753387e-03,1.241630911827087402e-01,1.719263792037963867e-01,-2.788066267967224121e-01,-1.916942447423934937e-01,6.238778680562973022e-02,1.299308836460113525e-01,-2.278576791286468506e-01,2.114406526088714600e-01,-2.305443584918975830e-01,1.250293254852294922e-01,2.760169655084609985e-02,-9.076588787138462067e-03
-4.793604373931884766e+00,-1.278934359550476074e+00,1.027320265769958496e+00,-1.879593171179294586e-02,7.554931216873228550e-04,9.997453689575195312e-01,-1.246563624590635300e-02,-6.567623466253280640e-02,4.406369477510452271e-02,1.253173202276229858e-01,1.736783832311630249e-01,-1.537862718105316162e-01,6.994286086410284042e-03,-1.439507752656936646e-01,-6.877016276121139526e-02,-1.234184950590133667e-01,2.885031998157501221e-01,-1.833518445491790771e-01,4.223279282450675964e-02,-7.850207388401031494e-03,1.243002191185951233e-01,1.722250878810882568e-01,-2.789520621299743652e-01,-1.915009468793869019e-01,6.208808720111846924e-02,1.299028694629669189e-01,-2.277127951383590698e-01,2.115740180015563965e-01,-2.302939146757125854e-01,1.249418556690216064e-01,2.729792147874832153e-02,-9.381925687193870544e-03
-4.793573379516601562e+00,-1.278904080390930176e+00,1.027299642562866211e+00,-1.860256120562553406e-02,7.995392661541700363e-04,9.997488260269165039e-01,-1.247275341302156448e-02,-6.531305611133575439e-02,4.403183981776237488e-02,1.254398077726364136e-01,1.738073676824569702e-01,-1.539553850889205933e-01,6.954663898795843124e-03,-1.436443328857421875e-01,-6.887453049421310425e-02,-1.235709115862846375e-01,2.886464595794677734e-01,-1.835659146308898926e-01,4.209554567933082581e-02,-7.954269647598266602e-03,1.244826614856719971e-01,1.724989265203475952e-01,-2.790200710296630859e-01,-1.912918239831924438e-01,6.186892837285995483e-02,1.299113035202026367e-01,-2.275836467742919922e-01,2.117678225040435791e-01,-2.300125509500503540e-01,1.249109953641891479e-01,2.706698141992092133e-02,-9.372138418257236481e-03
-4.793534278869628906e+00,-1.278874397277832031e+00,1.027280092239379883e+00,-1.849392242729663849e-02,7.997490465641021729e-04,9.997509121894836426e-01,-1.246932148933410645e-02,-6.512065976858139038e-02,4.408695548772811890e-02,1.255548298358917236e-01,1.738275289535522461e-01,-1.540450155735015869e-01,6.956745404750108719e-03,-1.433914154767990112e-01,-6.884769350290298462e-02,-1.236555650830268860e-01,2.885861098766326904e-01,-1.836375296115875244e-01,4.198583588004112244e-02,-8.013302460312843323e-03,1.246716007590293884e-01,1.727651208639144897e-01,-2.790988683700561523e-01,-1.910850107669830322e-01,6.172389909625053406e-02,1.299123466014862061e-01,-2.274439781904220581e-01,2.120169848203659058e-01,-2.298270165920257568e-01,1.248915567994117737e-01,2.681015990674495697e-02,-9.398373775184154510e-03
-4.793465137481689453e+00,-1.278833866119384766e+00,1.027260780334472656e+00,-1.837470754981040955e-02,8.339713094756007195e-04,9.997531175613403320e-01,-1.246592216193675995e-02,-6.500797718763351440e-02,4.408163577318191528e-02,1.256155222654342651e-01,1.739275753498077393e-01,-1.540684849023818970e-01,6.912577897310256958e-03,-1.432169377803802490e-01,-6.888758391141891479e-02,-1.237002089619636536e-01,2.886215448379516602e-01,-1.837116628885269165e-01,4.186308383941650391e-02,-7.989617064595222473e-03,1.248709335923194885e-01,1.729966700077056885e-01,-2.791718542575836182e-01,-1.910038292407989502e-01,6.161384284496307373e-02,1.299258768558502197e-01,-2.273232042789459229e-01,2.122630476951599121e-01,-2.296317964792251587e-01,1.248750090599060059e-01,2.638742141425609589e-02,-9.611170738935470581e-03
-4.793415546417236328e+00,-1.278793573379516602e+00,1.027251005172729492e+00,-1.827288046479225159e-02,8.790356223471462727e-04,9.997550249099731445e-01,-1.245892792940139771e-02,-6.485656648874282837e-02,4.404128715395927429e-02,1.256884783506393433e-01,1.739964336156845093e-01,-1.541051715612411499e-01,6.825427990406751633e-03,-1.431154757738113403e-01,-6.896398961544036865e-02,-1.237429082393646240e-01,2.886914610862731934e-01,-1.837793141603469849e-01,4.174722731113433838e-02,-7.932250387966632843e-03,1.250650286674499512e-01,1.732049882411956787e-01,-2.792795300483703613e-01,-1.909485012292861938e-01,6.150417029857635498e-02,1.299188137054443359e-01,-2.272232472896575928e-01,2.124904692173004150e-01,-2.294453829526901245e-01,1.248671635985374451e-01,2.598898857831954956e-02,-9.503586217761039734e-03
-4.793345928192138672e+00,-1.278744101524353027e+00,1.027251124382019043e+00,-1.813109777867794037e-02,8.828169666230678558e-04,9.997575283050537109e-01,-1.246275287121534348e-02,-6.479682773351669312e-02,4.412241280078887939e-02,1.257331520318984985e-01,1.742463111877441406e-01,-1.541426777839660645e-01,6.748709362000226974e-03,-1.428929716348648071e-01,-6.891787052154541016e-02,-1.237562671303749084e-01,2.887196242809295654e-01,-1.838293075561523438e-01,4.161464050412178040e-02,-7.816668599843978882e-03,1.252702623605728149e-01,1.733607351779937744e-01,-2.793035805225372314e-01,-1.909182816743850708e-01,6.139210984110832214e-02,1.299136430025100708e-01,-2.271158248186111450e-01,2.126979976892471313e-01,-2.292130440473556519e-01,1.248531714081764221e-01,2.562340348958969116e-02,-9.338278323411941528e-03
-4.793315887451171875e+00,-1.278723239898681641e+00,1.027240991592407227e+00,-1.803062111139297485e-02,9.250229923054575920e-04,9.997590780258178711e-01,-1.248218864202499390e-02,-6.473087519407272339e-02,4.408738017082214355e-02,1.257530897855758667e-01,1.744365394115447998e-01,-1.542195230722427368e-01,6.686274893581867218e-03,-1.427318453788757324e-01,-6.899522989988327026e-02,-1.238522976636886597e-01,2.887593805789947510e-01,-1.838908940553665161e-01,4.154590144753456116e-02,-7.792947348207235336e-03,1.254346221685409546e-01,1.734479665756225586e-01,-2.791705429553985596e-01,-1.909829080104827881e-01,6.128997728228569031e-02,1.299213916063308716e-01,-2.270269840955734253e-01,2.128630876541137695e-01,-2.290039062500000000e-01,1.248640418052673340e-01,2.515395358204841614e-02,-9.282538667321205139e-03
-4.793275356292724609e+00,-1.278663158416748047e+00,1.027240276336669922e+00,-1.783145032823085785e-02,9.762952104210853577e-04,9.997621774673461914e-01,-1.251477375626564026e-02,-6.455937772989273071e-02,4.408486187458038330e-02,1.257828623056411743e-01,1.747691035270690918e-01,-1.542798429727554321e-01,6.565960589796304703e-03,-1.423652768135070801e-01,-6.906694173812866211e-02,-1.239907890558242798e-01,2.888255119323730469e-01,-1.839985698461532593e-01,4.141804948449134827e-02,-7.779266685247421265e-03,1.256285309791564941e-01,1.735118627548217773e-01,-2.791141867637634277e-01,-1.908840090036392212e-01,6.125285476446151733e-02,1.300458014011383057e-01,-2.269593924283981323e-01,2.129735797643661499e-01,-2.287473827600479126e-01,1.249065175652503967e-01,2.482941560447216034e-02,-9.003336541354656219e-03
-4.793246269226074219e+00,-1.278633952140808105e+00,1.027230858802795410e+00,-1.773599162697792053e-02,9.491423261351883411e-04,9.997636079788208008e-01,-1.254154648631811142e-02,-6.442034244537353516e-02,4.418753460049629211e-02,1.257717609405517578e-01,1.748774200677871704e-01,-1.543566435575485229e-01,6.533405743539333344e-03,-1.421155035495758057e-01,-6.899034231901168823e-02,-1.241406500339508057e-01,2.887216210365295410e-01,-1.840143054723739624e-01,4.132109507918357849e-02,-7.683685049414634705e-03,1.258058398962020874e-01,1.735738664865493774e-01,-2.790608704090118408e-01,-1.907775104045867920e-01,6.127318367362022400e-02,1.300487965345382690e-01,-2.268447726964950562e-01,2.130913436412811279e-01,-2.285350561141967773e-01,1.249439418315887451e-01,2.446278370916843414e-02,-8.978029713034629822e-03
-4.793176651000976562e+00,-1.278563261032104492e+00,1.027221202850341797e+00,-1.757316105067729950e-02,9.775488870218396187e-04,9.997650980949401855e-01,-1.264983974397182465e-02,-6.437824666500091553e-02,4.424305260181427002e-02,1.256336718797683716e-01,1.752110719680786133e-01,-1.544377803802490234e-01,6.482609547674655914e-03,-1.418344825506210327e-01,-6.899002194404602051e-02,-1.243375688791275024e-01,2.887600362300872803e-01,-1.840979307889938354e-01,4.114963114261627197e-02,-7.730732671916484833e-03,1.260184496641159058e-01,1.736285239458084106e-01,-2.791135013103485107e-01,-1.908630281686782837e-01,6.137269362807273865e-02,1.301453262567520142e-01,-2.267731130123138428e-01,2.131884247064590454e-01,-2.282856553792953491e-01,1.249811798334121704e-01,2.412140555679798126e-02,-8.613396435976028442e-03
-4.793157100677490234e+00,-1.278542876243591309e+00,1.027211308479309082e+00,-1.752341352403163910e-02,9.895677212625741959e-04,9.997653961181640625e-01,-1.269060838967561722e-02,-6.428113579750061035e-02,4.424611851572990417e-02,1.255464553833007812e-01,1.752966046333312988e-01,-1.545475274324417114e-01,6.487202364951372147e-03,-1.416794359683990479e-01,-6.900517642498016357e-02,-1.244693547487258911e-01,2.886781394481658936e-01,-1.841244399547576904e-01,4.107854142785072327e-02,-7.786326110363006592e-03,1.261829584836959839e-01,1.736379563808441162e-01,-2.792106270790100098e-01,-1.910234540700912476e-01,6.165236234664916992e-02,1.301982998847961426e-01,-2.267341017723083496e-01,2.132890671491622925e-01,-2.281229645013809204e-01,1.250298321247100830e-01,2.380382455885410309e-02,-8.289034478366374969e-03
-4.793107032775878906e+00,-1.278483033180236816e+00,1.027191281318664551e+00,-1.739267632365226746e-02,9.896307019516825676e-04,9.997664093971252441e-01,-1.279272045940160751e-02,-6.427644193172454834e-02,4.433465376496315002e-02,1.253884732723236084e-01,1.756111681461334229e-01,-1.546659469604492188e-01,6.463869474828243256e-03,-1.414206624031066895e-01,-6.896889209747314453e-02,-1.246882900595664978e-01,2.886936664581298828e-01,-1.842102557420730591e-01,4.093785956501960754e-02,-7.727119605988264084e-03,1.263360083103179932e-01,1.736890822649002075e-01,-2.793263196945190430e-01,-1.911622583866119385e-01,6.190667301416397095e-02,1.302830576896667480e-01,-2.266956269741058350e-01,2.133655250072479248e-01,-2.279290258884429932e-01,1.250335127115249634e-01,2.356371097266674042e-02,-7.976024411618709564e-03
-4.793067455291748047e+00,-1.278443098068237305e+00,1.027181506156921387e+00,-1.729831658303737640e-02,9.591071866452693939e-04,9.997670054435729980e-01,-1.287553645670413971e-02,-6.433418393135070801e-02,4.447226598858833313e-02,1.252152770757675171e-01,1.759278178215026855e-01,-1.547857075929641724e-01,6.434658542275428772e-03,-1.411677896976470947e-01,-6.887026876211166382e-02,-1.248924285173416138e-01,2.885912954807281494e-01,-1.842424720525741577e-01,4.082160443067550659e-02,-7.754319347441196442e-03,1.264573037624359131e-01,1.736597716808319092e-01,-2.794122099876403809e-01,-1.913808882236480713e-01,6.224092096090316772e-02,1.303682178258895874e-01,-2.267004847526550293e-01,2.135115414857864380e-01,-2.277665883302688599e-01,1.250333487987518311e-01,2.332961186766624451e-02,-7.831355556845664978e-03
-4.793047904968261719e+00,-1.278422236442565918e+00,1.027171730995178223e+00,-1.723293215036392212e-02,9.813309879973530769e-04,9.997673034667968750e-01,-1.293849293142557144e-02,-6.440251320600509644e-02,4.447229951620101929e-02,1.250846236944198608e-01,1.762039363384246826e-01,-1.549121290445327759e-01,6.434618495404720306e-03,-1.409891545772552490e-01,-6.891264766454696655e-02,-1.250753998756408691e-01,2.885409891605377197e-01,-1.843070983886718750e-01,4.074094071984291077e-02,-7.823576219379901886e-03,1.265940070152282715e-01,1.736063212156295776e-01,-2.794804275035858154e-01,-1.916279047727584839e-01,6.264275312423706055e-02,1.305099129676818848e-01,-2.267613410949707031e-01,2.136431038379669189e-01,-2.276915162801742554e-01,1.250701695680618286e-01,2.301820553839206696e-02,-7.833050563931465149e-03
-4.793007373809814453e+00,-1.278362512588500977e+00,1.027161359786987305e+00,-1.710837334394454956e-02,9.886343032121658325e-04,9.997683167457580566e-01,-1.302272360771894455e-02,-6.436823308467864990e-02,4.454786702990531921e-02,1.249656453728675842e-01,1.765183359384536743e-01,-1.550339311361312866e-01,6.375811528414487839e-03,-1.407441198825836182e-01,-6.888092309236526489e-02,-1.252424120903015137e-01,2.885537445545196533e-01,-1.843991726636886597e-01,4.059527441859245300e-02,-7.917963899672031403e-03,1.267675012350082397e-01,1.735655963420867920e-01,-2.796451747417449951e-01,-1.918236762285232544e-01,6.302953511476516724e-02,1.306237876415252686e-01,-2.268212735652923584e-01,2.137751877307891846e-01,-2.276036590337753296e-01,1.251157671213150024e-01,2.280884236097335815e-02,-7.766917813569307327e-03
-4.792967796325683594e+00,-1.278312206268310547e+00,1.027141571044921875e+00,-1.700642332434654236e-02,1.008223742246627808e-03,9.997687339782714844e-01,-1.312303356826305389e-02,-6.432068347930908203e-02,4.458728805184364319e-02,1.248185858130455017e-01,1.767805665731430054e-01,-1.552018672227859497e-01,6.331895943731069565e-03,-1.405396461486816406e-01,-6.890067458152770996e-02,-1.254677474498748779e-01,2.885991036891937256e-01,-1.845366358757019043e-01,4.046065732836723328e-02,-7.895774208009243011e-03,1.269337385892868042e-01,1.735133975744247437e-01,-2.798620462417602539e-01,-1.921159178018569946e-01,6.336604803800582886e-02,1.307528018951416016e-01,-2.268933504819869995e-01,2.138596773147583008e-01,-2.275183051824569702e-01,1.251224428415298462e-01,2.253932133316993713e-02,-7.938952185213565826e-03
-4.792917728424072266e+00,-1.278242349624633789e+00,1.027121424674987793e+00,-1.685587503015995026e-02,9.960192255675792694e-04,9.997691512107849121e-01,-1.328833121806383133e-02,-6.428132206201553345e-02,4.471779242157936096e-02,1.245817244052886963e-01,1.770928055047988892e-01,-1.553444713354110718e-01,6.268069148063659668e-03,-1.402378827333450317e-01,-6.883227080106735229e-02,-1.257585585117340088e-01,2.886563837528228760e-01,-1.846718341112136841e-01,4.029460251331329346e-02,-7.822818122804164886e-03,1.270845085382461548e-01,1.734320372343063354e-01,-2.799903750419616699e-01,-1.924442648887634277e-01,6.362273544073104858e-02,1.308917552232742310e-01,-2.269594818353652954e-01,2.139323800802230835e-01,-2.273856997489929199e-01,1.250639408826828003e-01,2.223332412540912628e-02,-8.245709352195262909e-03
-4.792889118194580078e+00,-1.278211474418640137e+00,1.027111887931823730e+00,-1.679443567991256714e-02,1.014652312733232975e-03,9.997686147689819336e-01,-1.340095885097980499e-02,-6.428097933530807495e-02,4.471504315733909607e-02,1.243918538093566895e-01,1.772206425666809082e-01,-1.554417163133621216e-01,6.272371858358383179e-03,-1.401286572217941284e-01,-6.886701285839080811e-02,-1.259704381227493286e-01,2.886891067028045654e-01,-1.847368031740188599e-01,4.020146280527114868e-02,-8.036444894969463348e-03,1.271808743476867676e-01,1.733328700065612793e-01,-2.800638079643249512e-01,-1.928506344556808472e-01,6.389504671096801758e-02,1.309835463762283325e-01,-2.270320951938629150e-01,2.140125036239624023e-01,-2.273107469081878662e-01,1.250441670417785645e-01,2.197993174195289612e-02,-8.457253687083721161e-03
-4.792868614196777344e+00,-1.278171777725219727e+00,1.027081131935119629e+00,-1.666123420000076294e-02,9.993496350944042206e-04,9.997694492340087891e-01,-1.350589748471975327e-02,-6.418351829051971436e-02,4.482467100024223328e-02,1.242688894271850586e-01,1.774868965148925781e-01,-1.556602418422698975e-01,6.304816808551549911e-03,-1.398291587829589844e-01,-6.881564110517501831e-02,-1.261899173259735107e-01,2.887720167636871338e-01,-1.849020272493362427e-01,4.009768739342689514e-02,-7.996262982487678528e-03,1.272957921028137207e-01,1.732529401779174805e-01,-2.801329493522644043e-01,-1.931690126657485962e-01,6.408937275409698486e-02,1.310877948999404907e-01,-2.270929366350173950e-01,2.140881121158599854e-01,-2.271999716758728027e-01,1.249919533729553223e-01,2.158818021416664124e-02,-8.558250032365322113e-03
-4.792789459228515625e+00,-1.278070688247680664e+00,1.027061820030212402e+00,-1.649641804397106171e-02,1.062750001437962055e-03,9.997695088386535645e-01,-1.370126195251941681e-02,-6.418774276971817017e-02,4.482382163405418396e-02,1.239862963557243347e-01,1.778313964605331421e-01,-1.557313203811645508e-01,6.239645648747682571e-03,-1.396109014749526978e-01,-6.889248639345169067e-02,-1.265026479959487915e-01,2.889734208583831787e-01,-1.851271986961364746e-01,3.986030444502830505e-02,-8.043198846280574799e-03,1.273908466100692749e-01,1.731298118829727173e-01,-2.802236974239349365e-01,-1.934469789266586304e-01,6.418380886316299438e-02,1.311994045972824097e-01,-2.272181510925292969e-01,2.141181379556655884e-01,-2.269806712865829468e-01,1.249696612358093262e-01,2.128565311431884766e-02,-8.758191950619220734e-03
-4.792778968811035156e+00,-1.278050899505615234e+00,1.027031421661376953e+00,-1.634069718420505524e-02,1.076341723091900349e-03,9.997706413269042969e-01,-1.380073837935924530e-02,-6.390940397977828979e-02,4.483004286885261536e-02,1.238425821065902710e-01,1.779610067605972290e-01,-1.559015214443206787e-01,6.259448360651731491e-03,-1.393404901027679443e-01,-6.895796209573745728e-02,-1.268047392368316650e-01,2.892151474952697754e-01,-1.854070574045181274e-01,3.975673392415046692e-02,-8.031232282519340515e-03,1.275153756141662598e-01,1.729917824268341064e-01,-2.804041206836700439e-01,-1.936569213867187500e-01,6.431581825017929077e-02,1.313129365444183350e-01,-2.273513972759246826e-01,2.141944766044616699e-01,-2.267960160970687866e-01,1.250112354755401611e-01,2.108132652938365936e-02,-8.935819379985332489e-03
-4.792769908905029297e+00,-1.278020977973937988e+00,1.027022242546081543e+00,-1.623745076358318329e-02,1.097186817787587643e-03,9.997712373733520508e-01,-1.387959718704223633e-02,-6.380917131900787354e-02,4.481397569179534912e-02,1.237113028764724731e-01,1.780252009630203247e-01,-1.559067815542221069e-01,6.290082354098558426e-03,-1.391975581645965576e-01,-6.901735812425613403e-02,-1.270289570093154907e-01,2.893644273281097412e-01,-1.855287700891494751e-01,3.968426585197448730e-02,-8.037490770220756531e-03,1.276215612888336182e-01,1.728574037551879883e-01,-2.805109918117523193e-01,-1.938817650079727173e-01,6.444023549556732178e-02,1.314091831445693970e-01,-2.274818420410156250e-01,2.142749130725860596e-01,-2.266768813133239746e-01,1.250802874565124512e-01,2.083909511566162109e-02,-9.042761288583278656e-03
-4.792759895324707031e+00,-1.277970910072326660e+00,1.027011871337890625e+00,-1.613202877342700958e-02,1.126696355640888214e-03,9.997714757919311523e-01,-1.398177444934844971e-02,-6.368041783571243286e-02,4.481187462806701660e-02,1.236010789871215820e-01,1.781311631202697754e-01,-1.559497267007827759e-01,6.251253653317689896e-03,-1.389516443014144897e-01,-6.906098872423171997e-02,-1.272470057010650635e-01,2.894251644611358643e-01,-1.856724470853805542e-01,3.958711400628089905e-02,-8.035195991396903992e-03,1.277107000350952148e-01,1.727180480957031250e-01,-2.805631458759307861e-01,-1.940864026546478271e-01,6.446016579866409302e-02,1.314934045076370239e-01,-2.276102900505065918e-01,2.143460810184478760e-01,-2.265898883342742920e-01,1.251268684864044189e-01,2.063520252704620361e-02,-9.117376059293746948e-03
-4.792730331420898438e+00,-1.277921199798583984e+00,1.026991963386535645e+00,-1.599463634192943573e-02,1.127614756114780903e-03,9.997720122337341309e-01,-1.409881561994552612e-02,-6.353767216205596924e-02,4.488477110862731934e-02,1.234667971730232239e-01,1.782772392034530640e-01,-1.559976190328598022e-01,6.218797527253627777e-03,-1.386616230010986328e-01,-6.903748214244842529e-02,-1.274987161159515381e-01,2.894773781299591064e-01,-1.857891976833343506e-01,3.945939242839813232e-02,-8.074843324720859528e-03,1.277860403060913086e-01,1.725577414035797119e-01,-2.805891335010528564e-01,-1.942379921674728394e-01,6.446231901645660400e-02,1.315766423940658569e-01,-2.277424037456512451e-01,2.144135236740112305e-01,-2.265021353960037231e-01,1.251890063285827637e-01,2.057980932295322418e-02,-8.974255062639713287e-03
-4.792681694030761719e+00,-1.277871131896972656e+00,1.026983499526977539e+00,-1.591665111482143402e-02,1.118873828090727329e-03,9.997711181640625000e-01,-1.425144169479608536e-02,-6.353511661291122437e-02,4.497344791889190674e-02,1.232389435172080994e-01,1.784214824438095093e-01,-1.560589373111724854e-01,6.187268998473882675e-03,-1.385787427425384521e-01,-6.900056451559066772e-02,-1.277699917554855347e-01,2.896248102188110352e-01,-1.858776956796646118e-01,3.937101736664772034e-02,-8.034137077629566193e-03,1.278195679187774658e-01,1.724124252796173096e-01,-2.806375920772552490e-01,-1.944195777177810669e-01,6.439786404371261597e-02,1.316488832235336304e-01,-2.278589606285095215e-01,2.144871503114700317e-01,-2.264713197946548462e-01,1.252581179141998291e-01,2.040663920342922211e-02,-8.970499038696289062e-03
-4.792631149291992188e+00,-1.277801036834716797e+00,1.026952624320983887e+00,-1.575968787074089050e-02,1.110612298361957073e-03,9.997708797454833984e-01,-1.444189902395009995e-02,-6.342887878417968750e-02,4.509816691279411316e-02,1.229820102453231812e-01,1.786997318267822266e-01,-1.562352925539016724e-01,6.183323450386524200e-03,-1.382544636726379395e-01,-6.895870715379714966e-02,-1.281665861606597900e-01,2.897397279739379883e-01,-1.860771030187606812e-01,3.921501338481903076e-02,-7.922310382127761841e-03,1.278437077999114990e-01,1.722794473171234131e-01,-2.807156443595886230e-01,-1.944696158170700073e-01,6.416460126638412476e-02,1.317452192306518555e-01,-2.279544919729232788e-01,2.145303487777709961e-01,-2.263741195201873779e-01,1.252989023923873901e-01,2.029004879295825958e-02,-8.982887491583824158e-03
-4.792622089385986328e+00,-1.277770757675170898e+00,1.026933193206787109e+00,-1.565695367753505707e-02,1.103667658753693104e-03,9.997709989547729492e-01,-1.454784162342548370e-02,-6.337179988622665405e-02,4.514792189002037048e-02,1.227995604276657104e-01,1.788689196109771729e-01,-1.563542634248733521e-01,6.247999146580696106e-03,-1.380593776702880859e-01,-6.896340101957321167e-02,-1.284677982330322266e-01,2.898078560829162598e-01,-1.861793249845504761e-01,3.913847729563713074e-02,-7.960873655974864960e-03,1.278664916753768921e-01,1.721385568380355835e-01,-2.807862758636474609e-01,-1.944885402917861938e-01,6.389372050762176514e-02,1.318206489086151123e-01,-2.280431836843490601e-01,2.145410478115081787e-01,-2.263258695602416992e-01,1.254356652498245239e-01,2.015419118106365204e-02,-9.175395593047142029e-03
-4.792602539062500000e+00,-1.277750492095947266e+00,1.026923656463623047e+00,-1.558905187994241714e-02,1.126752817071974277e-03,9.997708201408386230e-01,-1.462908647954463959e-02,-6.336838752031326294e-02,4.513018950819969177e-02,1.226478517055511475e-01,1.789932847023010254e-01,-1.563977450132369995e-01,6.279895547777414322e-03,-1.379456818103790283e-01,-6.903676688671112061e-02,-1.287316083908081055e-01,2.899361848831176758e-01,-1.863038539886474609e-01,3.908881545066833496e-02,-7.932281121611595154e-03,1.278710216283798218e-01,1.719850748777389526e-01,-2.809007167816162109e-01,-1.945293247699737549e-01,6.360042840242385864e-02,1.318896859884262085e-01,-2.281682789325714111e-01,2.146373540163040161e-01,-2.263164371252059937e-01,1.256471127271652222e-01,1.995851285755634308e-02,-9.339870885014533997e-03
-4.792582035064697266e+00,-1.277700901031494141e+00,1.026903152465820312e+00,-1.549748424440622330e-02,1.127272611483931541e-03,9.997702836990356445e-01,-1.476225350052118301e-02,-6.322707235813140869e-02,4.519227519631385803e-02,1.224818155169487000e-01,1.790899038314819336e-01,-1.565311253070831299e-01,6.284536328166723251e-03,-1.378018856048583984e-01,-6.903167814016342163e-02,-1.290384382009506226e-01,2.900577783584594727e-01,-1.864280700683593750e-01,3.897188603878021240e-02,-7.931138388812541962e-03,1.278850585222244263e-01,1.718458682298660278e-01,-2.809704840183258057e-01,-1.945573240518569946e-01,6.324909627437591553e-02,1.319515109062194824e-01,-2.282568812370300293e-01,2.146972268819808960e-01,-2.263185828924179077e-01,1.258590668439865112e-01,1.978392712771892548e-02,-9.617607109248638153e-03
-4.792562007904052734e+00,-1.277650833129882812e+00,1.026883244514465332e+00,-1.536307856440544128e-02,1.134371268562972546e-03,9.997707009315490723e-01,-1.487437076866626740e-02,-6.315174698829650879e-02,4.523922875523567200e-02,1.223110556602478027e-01,1.792866736650466919e-01,-1.566057056188583374e-01,6.301373708993196487e-03,-1.375797837972640991e-01,-6.905146688222885132e-02,-1.293221116065979004e-01,2.902288734912872314e-01,-1.865945905447006226e-01,3.887294977903366089e-02,-7.769600953906774521e-03,1.279700398445129395e-01,1.717357039451599121e-01,-2.810248434543609619e-01,-1.946962624788284302e-01,6.282787024974822998e-02,1.320142000913619995e-01,-2.283077090978622437e-01,2.147180140018463135e-01,-2.263478338718414307e-01,1.260244548320770264e-01,1.965133287012577057e-02,-9.787158109247684479e-03
-4.792552947998046875e+00,-1.277621746063232422e+00,1.026874184608459473e+00,-1.532122120261192322e-02,1.086000236682593822e-03,9.997701644897460938e-01,-1.495693996548652649e-02,-6.309246271848678589e-02,4.538968577980995178e-02,1.221928969025611877e-01,1.793430298566818237e-01,-1.566866338253021240e-01,6.282728631049394608e-03,-1.374736279249191284e-01,-6.894405931234359741e-02,-1.295580714941024780e-01,2.902679741382598877e-01,-1.866779327392578125e-01,3.880599141120910645e-02,-7.776397280395030975e-03,1.280276775360107422e-01,1.716739088296890259e-01,-2.811093032360076904e-01,-1.947256922721862793e-01,6.245322152972221375e-02,1.320564001798629761e-01,-2.283230423927307129e-01,2.147323936223983765e-01,-2.264799177646636963e-01,1.262104511260986328e-01,1.949567534029483795e-02,-9.915106929838657379e-03
-4.792542934417724609e+00,-1.277591347694396973e+00,1.026864171028137207e+00,-1.524067949503660202e-02,1.080233138054609299e-03,9.997704029083251953e-01,-1.502476539462804794e-02,-6.302661448717117310e-02,4.544977471232414246e-02,1.221012398600578308e-01,1.794591397047042847e-01,-1.567502319812774658e-01,6.288602482527494431e-03,-1.373014748096466064e-01,-6.892971694469451904e-02,-1.297680884599685669e-01,2.903278172016143799e-01,-1.867732256650924683e-01,3.874535113573074341e-02,-7.755509112030267715e-03,1.281056404113769531e-01,1.716300845146179199e-01,-2.812322378158569336e-01,-1.947539597749710083e-01,6.216364726424217224e-02,1.320954114198684692e-01,-2.283302098512649536e-01,2.147333621978759766e-01,-2.265926152467727661e-01,1.264512240886688232e-01,1.933406107127666473e-02,-1.002688519656658173e-02
-4.792523384094238281e+00,-1.277551531791687012e+00,1.026854634284973145e+00,-1.519259531050920486e-02,1.076710294000804424e-03,9.997698664665222168e-01,-1.510901283472776413e-02,-6.301902979612350464e-02,4.551518335938453674e-02,1.220142096281051636e-01,1.795593500137329102e-01,-1.567980945110321045e-01,6.275220308452844620e-03,-1.371727287769317627e-01,-6.889835000038146973e-02,-1.299592256546020508e-01,2.903103530406951904e-01,-1.868363320827484131e-01,3.865870460867881775e-02,-7.811184972524642944e-03,1.281851679086685181e-01,1.715801954269409180e-01,-2.812946140766143799e-01,-1.947653740644454956e-01,6.193430349230766296e-02,1.321146488189697266e-01,-2.283157408237457275e-01,2.147110551595687866e-01,-2.267614752054214478e-01,1.267321705818176270e-01,1.910504512488842010e-02,-1.021630223840475082e-02
-4.792493343353271484e+00,-1.277491569519042969e+00,1.026844382286071777e+00,-1.511460542678833008e-02,1.062125782482326031e-03,9.997692108154296875e-01,-1.522794272750616074e-02,-6.302478164434432983e-02,4.563792422413825989e-02,1.218648031353950500e-01,1.797432750463485718e-01,-1.568877398967742920e-01,6.254969164729118347e-03,-1.369669735431671143e-01,-6.881736963987350464e-02,-1.301982700824737549e-01,2.902805805206298828e-01,-1.869060099124908447e-01,3.852976858615875244e-02,-7.748940028250217438e-03,1.282589584589004517e-01,1.715096682310104370e-01,-2.813031077384948730e-01,-1.946442872285842896e-01,6.167826801538467407e-02,1.321376711130142212e-01,-2.282906323671340942e-01,2.146754860877990723e-01,-2.269238829612731934e-01,1.269798427820205688e-01,1.887198351323604584e-02,-1.036821492016315460e-02
-4.792473793029785156e+00,-1.277441143989562988e+00,1.026834607124328613e+00,-1.506527699530124664e-02,1.064390642568469048e-03,9.997684359550476074e-01,-1.532907411456108093e-02,-6.307657808065414429e-02,4.568966478109359741e-02,1.216735541820526123e-01,1.798835098743438721e-01,-1.569331884384155273e-01,6.258901208639144897e-03,-1.368472278118133545e-01,-6.879287958145141602e-02,-1.304080188274383545e-01,2.902678549289703369e-01,-1.869508326053619385e-01,3.843134269118309021e-02,-7.678133435547351837e-03,1.283197551965713501e-01,1.714561134576797485e-01,-2.814392149448394775e-01,-1.946157962083816528e-01,6.143414229154586792e-02,1.321504712104797363e-01,-2.282702624797821045e-01,2.146396636962890625e-01,-2.270537614822387695e-01,1.272151172161102295e-01,1.855548657476902008e-02,-1.040570251643657684e-02
-4.792463779449462891e+00,-1.277401328086853027e+00,1.026824474334716797e+00,-1.501011010259389877e-02,1.049834885634481907e-03,9.997681379318237305e-01,-1.540276315063238144e-02,-6.298980116844177246e-02,4.577739909291267395e-02,1.215759068727493286e-01,1.799615323543548584e-01,-1.570174694061279297e-01,6.235362961888313293e-03,-1.367271542549133301e-01,-6.873670965433120728e-02,-1.306035816669464111e-01,2.902873456478118896e-01,-1.870009750127792358e-01,3.832900524139404297e-02,-7.716782391071319580e-03,1.283963620662689209e-01,1.714204102754592896e-01,-2.815752327442169189e-01,-1.945699900388717651e-01,6.126751750707626343e-02,1.321556717157363892e-01,-2.282395809888839722e-01,2.146304696798324585e-01,-2.272522300481796265e-01,1.274692565202713013e-01,1.827790029346942902e-02,-1.054432429373264313e-02
-4.792453765869140625e+00,-1.277361512184143066e+00,1.026814699172973633e+00,-1.495078671723604202e-02,1.034370856359601021e-03,9.997680783271789551e-01,-1.546711288392543793e-02,-6.301730126142501831e-02,4.586227610707283020e-02,1.214797794818878174e-01,1.800943315029144287e-01,-1.570520550012588501e-01,6.246524862945079803e-03,-1.365401744842529297e-01,-6.868223100900650024e-02,-1.307909637689590454e-01,2.902339100837707520e-01,-1.870583295822143555e-01,3.820887207984924316e-02,-7.701054215431213379e-03,1.284734308719635010e-01,1.713889539241790771e-01,-2.816895544528961182e-01,-1.944385170936584473e-01,6.114662811160087585e-02,1.321568340063095093e-01,-2.282017171382904053e-01,2.146138697862625122e-01,-2.274598777294158936e-01,1.276939809322357178e-01,1.812916621565818787e-02,-1.065470185130834579e-02
-4.792424678802490234e+00,-1.277331709861755371e+00,1.026805400848388672e+00,-1.492406334728002548e-02,1.006485428661108017e-03,9.997674226760864258e-01,-1.553425099700689316e-02,-6.308256089687347412e-02,4.596962034702301025e-02,1.213716492056846619e-01,1.802117675542831421e-01,-1.570797264575958252e-01,6.232716608792543411e-03,-1.364623606204986572e-01,-6.860216706991195679e-02,-1.309751123189926147e-01,2.901765704154968262e-01,-1.870462596416473389e-01,3.813225030899047852e-02,-7.684832438826560974e-03,1.285470426082611084e-01,1.713967472314834595e-01,-2.818696796894073486e-01,-1.943691223859786987e-01,6.108123809099197388e-02,1.321410238742828369e-01,-2.281520068645477295e-01,2.145945429801940918e-01,-2.276756912469863892e-01,1.278884410858154297e-01,1.798862777650356293e-02,-1.063095685094594955e-02
-4.792374610900878906e+00,-1.277271270751953125e+00,1.026795148849487305e+00,-1.485592778772115707e-02,1.012716093100607395e-03,9.997664690017700195e-01,-1.566176675260066986e-02,-6.312660127878189087e-02,4.604729637503623962e-02,1.212044507265090942e-01,1.804088205099105835e-01,-1.571331173181533813e-01,6.180798169225454330e-03,-1.363323926925659180e-01,-6.856329739093780518e-02,-1.311740428209304810e-01,2.901812195777893066e-01,-1.870785653591156006e-01,3.800159692764282227e-02,-7.656363304704427719e-03,1.286233365535736084e-01,1.714137643575668335e-01,-2.820494472980499268e-01,-1.943450421094894409e-01,6.100089102983474731e-02,1.321338266134262085e-01,-2.280977964401245117e-01,2.145464569330215454e-01,-2.278305888175964355e-01,1.280380189418792725e-01,1.776207052171230316e-02,-1.054532919079065323e-02
-4.792334556579589844e+00,-1.277221083641052246e+00,1.026785135269165039e+00,-1.478796638548374176e-02,1.010318170301616192e-03,9.997662901878356934e-01,-1.573617011308670044e-02,-6.316427886486053467e-02,4.612444341182708740e-02,1.210890039801597595e-01,1.805903911590576172e-01,-1.571780592203140259e-01,6.151386536657810211e-03,-1.361806392669677734e-01,-6.852447241544723511e-02,-1.313595771789550781e-01,2.901885807514190674e-01,-1.871379762887954712e-01,3.790898993611335754e-02,-7.666498422622680664e-03,1.286744028329849243e-01,1.714071482419967651e-01,-2.821540236473083496e-01,-1.941782087087631226e-01,6.093056872487068176e-02,1.321275681257247925e-01,-2.280691117048263550e-01,2.145852148532867432e-01,-2.280316948890686035e-01,1.281683295965194702e-01,1.751459576189517975e-02,-1.060200855135917664e-02
-4.792304992675781250e+00,-1.277181267738342285e+00,1.026785254478454590e+00,-1.473638135939836502e-02,9.983630152419209480e-04,9.997664093971252441e-01,-1.577976532280445099e-02,-6.308166682720184326e-02,4.619647935032844543e-02,1.210385784506797791e-01,1.806384772062301636e-01,-1.572224497795104980e-01,6.130692083388566971e-03,-1.360674798488616943e-01,-6.846652925014495850e-02,-1.314665973186492920e-01,2.901516854763031006e-01,-1.871406584978103638e-01,3.781951963901519775e-02,-7.721197325736284256e-03,1.287335902452468872e-01,1.714150160551071167e-01,-2.822323739528656006e-01,-1.940390020608901978e-01,6.087710708379745483e-02,1.321138739585876465e-01,-2.280479371547698975e-01,2.146705389022827148e-01,-2.282503098249435425e-01,1.282896995544433594e-01,1.727879792451858521e-02,-1.051814202219247818e-02
-4.792275428771972656e+00,-1.277140974998474121e+00,1.026775717735290527e+00,-1.466377917677164078e-02,1.014206092804670334e-03,9.997673630714416504e-01,-1.578328758478164673e-02,-6.298097223043441772e-02,4.622543230652809143e-02,1.211068034172058105e-01,1.806680411100387573e-01,-1.572009623050689697e-01,6.095916032791137695e-03,-1.359610408544540405e-01,-6.845262646675109863e-02,-1.314858645200729370e-01,2.901708483695983887e-01,-1.871706098318099976e-01,3.771129250526428223e-02,-7.769041229039430618e-03,1.287986636161804199e-01,1.714015007019042969e-01,-2.822885513305664062e-01,-1.938060522079467773e-01,6.084090098738670349e-02,1.320705711841583252e-01,-2.280201315879821777e-01,2.147060036659240723e-01,-2.285472005605697632e-01,1.284504830837249756e-01,1.704230532050132751e-02,-1.035207696259021759e-02
-4.792255401611328125e+00,-1.277111172676086426e+00,1.026775836944580078e+00,-1.460752170532941818e-02,1.024237368255853653e-03,9.997687339782714844e-01,-1.575056090950965881e-02,-6.283957511186599731e-02,4.625913500785827637e-02,1.212713718414306641e-01,1.806292384862899780e-01,-1.571701467037200928e-01,6.053889635950326920e-03,-1.358452588319778442e-01,-6.842903047800064087e-02,-1.314731985330581665e-01,2.901312112808227539e-01,-1.871792823076248169e-01,3.763348981738090515e-02,-7.688225712627172470e-03,1.288617253303527832e-01,1.713564842939376831e-01,-2.822013497352600098e-01,-1.936270147562026978e-01,6.076485291123390198e-02,1.320108920335769653e-01,-2.279795408248901367e-01,2.147393375635147095e-01,-2.287603467702865601e-01,1.286301165819168091e-01,1.676592975854873657e-02,-1.025793328881263733e-02
-4.792205810546875000e+00,-1.277071356773376465e+00,1.026766657829284668e+00,-1.451936643570661545e-02,1.025914214551448822e-03,9.997705817222595215e-01,-1.571186073124408722e-02,-6.279691308736801147e-02,4.631127789616584778e-02,1.213976070284843445e-01,1.807211637496948242e-01,-1.571381539106369019e-01,6.050674244761466980e-03,-1.357361525297164917e-01,-6.839624047279357910e-02,-1.314553469419479370e-01,2.901797294616699219e-01,-1.872116178274154663e-01,3.753056377172470093e-02,-7.605796679854393005e-03,1.289137303829193115e-01,1.713107526302337646e-01,-2.821254432201385498e-01,-1.934340298175811768e-01,6.069155037403106689e-02,1.319680213928222656e-01,-2.279454022645950317e-01,2.148138731718063354e-01,-2.289090007543563843e-01,1.288059204816818237e-01,1.650602743029594421e-02,-1.015370711684226990e-02
-4.792206287384033203e+00,-1.277051687240600586e+00,1.026766896247863770e+00,-1.447530090808868408e-02,1.017284812405705452e-03,9.997719526290893555e-01,-1.566873677074909210e-02,-6.257651746273040771e-02,4.637418687343597412e-02,1.215810850262641907e-01,1.806184202432632446e-01,-1.571658849716186523e-01,6.018750369548797607e-03,-1.356676667928695679e-01,-6.832952797412872314e-02,-1.313949972391128540e-01,2.901429235935211182e-01,-1.872296333312988281e-01,3.742779418826103210e-02,-7.534791715443134308e-03,1.289580166339874268e-01,1.712888479232788086e-01,-2.820344269275665283e-01,-1.933508515357971191e-01,6.062293797731399536e-02,1.319153308868408203e-01,-2.279108017683029175e-01,2.149362862110137939e-01,-2.290932536125183105e-01,1.289633512496948242e-01,1.637694053351879120e-02,-9.921288117766380310e-03
-4.792186737060546875e+00,-1.277021527290344238e+00,1.026757121086120605e+00,-1.440185960382223129e-02,1.026943791657686234e-03,9.997739791870117188e-01,-1.560568436980247498e-02,-6.247118860483169556e-02,4.639967903494834900e-02,1.217631101608276367e-01,1.806216090917587280e-01,-1.571472883224487305e-01,6.024723406881093979e-03,-1.355703026056289673e-01,-6.830831617116928101e-02,-1.313072741031646729e-01,2.901621162891387939e-01,-1.872466951608657837e-01,3.733385726809501648e-02,-7.406034506857395172e-03,1.290073394775390625e-01,1.712643504142761230e-01,-2.819506525993347168e-01,-1.933043748140335083e-01,6.057082489132881165e-02,1.318816095590591431e-01,-2.278883159160614014e-01,2.151006162166595459e-01,-2.292174547910690308e-01,1.290945112705230713e-01,1.621515303850173950e-02,-9.654278866946697235e-03
-4.792176723480224609e+00,-1.276991605758666992e+00,1.026746988296508789e+00,-1.434072013944387436e-02,1.036551897414028645e-03,9.997760057449340820e-01,-1.553176157176494598e-02,-6.226382777094841003e-02,4.642351716756820679e-02,1.219881772994995117e-01,1.805485785007476807e-01,-1.571639478206634521e-01,6.014522630721330643e-03,-1.354679614305496216e-01,-6.829101592302322388e-02,-1.312301009893417358e-01,2.901614010334014893e-01,-1.872625499963760376e-01,3.723756968975067139e-02,-7.274359930306673050e-03,1.290487796068191528e-01,1.712324768304824829e-01,-2.817971110343933105e-01,-1.932425200939178467e-01,6.052833050489425659e-02,1.318557113409042358e-01,-2.278678268194198608e-01,2.152832895517349243e-01,-2.292744368314743042e-01,1.292052417993545532e-01,1.610875688493251801e-02,-9.288871660828590393e-03
-4.792156696319580078e+00,-1.276971936225891113e+00,1.026747226715087891e+00,-1.426731701940298080e-02,1.029587700031697750e-03,9.997779130935668945e-01,-1.547777652740478516e-02,-6.208322569727897644e-02,4.648400843143463135e-02,1.221704706549644470e-01,1.804930716753005981e-01,-1.571511626243591309e-01,6.001600064337253571e-03,-1.353265494108200073e-01,-6.823430955410003662e-02,-1.311807632446289062e-01,2.901282608509063721e-01,-1.872806847095489502e-01,3.715174645185470581e-02,-7.112524937838315964e-03,1.290541738271713257e-01,1.711856424808502197e-01,-2.815991342067718506e-01,-1.931379288434982300e-01,6.046423316001892090e-02,1.318475157022476196e-01,-2.278472036123275757e-01,2.154827713966369629e-01,-2.292834520339965820e-01,1.292773783206939697e-01,1.603844203054904938e-02,-9.017838165163993835e-03
-4.792107105255126953e+00,-1.276942253112792969e+00,1.026737809181213379e+00,-1.417599804699420929e-02,1.018275623209774494e-03,9.997797608375549316e-01,-1.544149965047836304e-02,-6.193001568317413330e-02,4.655738547444343567e-02,1.223051846027374268e-01,1.805014163255691528e-01,-1.571527719497680664e-01,5.999805871397256851e-03,-1.352484077215194702e-01,-6.818194687366485596e-02,-1.311779320240020752e-01,2.901874482631683350e-01,-1.872729659080505371e-01,3.708013147115707397e-02,-6.969365756958723068e-03,1.290490627288818359e-01,1.711472421884536743e-01,-2.812320888042449951e-01,-1.930809319019317627e-01,6.034454330801963806e-02,1.318535357713699341e-01,-2.278239130973815918e-01,2.156744450330734253e-01,-2.292824834585189819e-01,1.293220371007919312e-01,1.600218750536441803e-02,-8.815263397991657257e-03
-4.792097568511962891e+00,-1.276922106742858887e+00,1.026738047599792480e+00,-1.414014957845211029e-02,1.018424052745103836e-03,9.997808337211608887e-01,-1.540600880980491638e-02,-6.185457110404968262e-02,4.658189043402671814e-02,1.224147602915763855e-01,1.804435551166534424e-01,-1.571154594421386719e-01,6.018328946083784103e-03,-1.351868957281112671e-01,-6.816930323839187622e-02,-1.312019079923629761e-01,2.901900112628936768e-01,-1.872874647378921509e-01,3.703148663043975830e-02,-6.825787480920553207e-03,1.290259212255477905e-01,1.710772067308425903e-01,-2.808278501033782959e-01,-1.930988729000091553e-01,6.020675972104072571e-02,1.318368166685104370e-01,-2.277896553277969360e-01,2.158358395099639893e-01,-2.292980849742889404e-01,1.293340176343917847e-01,1.603598892688751221e-02,-8.517695590853691101e-03
-4.792077541351318359e+00,-1.276902198791503906e+00,1.026727676391601562e+00,-1.408951636403799057e-02,1.025657053105533123e-03,9.997816085815429688e-01,-1.539981644600629807e-02,-6.163590773940086365e-02,4.658456891775131226e-02,1.224818006157875061e-01,1.802996993064880371e-01,-1.571127474308013916e-01,6.035503000020980835e-03,-1.351056098937988281e-01,-6.816586852073669434e-02,-1.312438100576400757e-01,2.901781201362609863e-01,-1.872980296611785889e-01,3.696811944246292114e-02,-6.798705551773309708e-03,1.289956420660018921e-01,1.710037589073181152e-01,-2.804954051971435547e-01,-1.931048482656478882e-01,6.017323210835456848e-02,1.318237334489822388e-01,-2.277661263942718506e-01,2.160084247589111328e-01,-2.292805165052413940e-01,1.293290108442306519e-01,1.606303267180919647e-02,-8.284112438559532166e-03
-4.792047500610351562e+00,-1.276882171630859375e+00,1.026727676391601562e+00,-1.401659473776817322e-02,1.039719558320939541e-03,9.997825622558593750e-01,-1.540342345833778381e-02,-6.147546693682670593e-02,4.656957462430000305e-02,1.224981918931007385e-01,1.801428645849227905e-01,-1.570236682891845703e-01,6.082630250602960587e-03,-1.350173354148864746e-01,-6.818201392889022827e-02,-1.313020139932632446e-01,2.902199923992156982e-01,-1.873248517513275146e-01,3.689613565802574158e-02,-6.731172557920217514e-03,1.289470791816711426e-01,1.709346324205398560e-01,-2.802011370658874512e-01,-1.930982023477554321e-01,6.021814420819282532e-02,1.318085044622421265e-01,-2.277416586875915527e-01,2.161607146263122559e-01,-2.292194962501525879e-01,1.292863488197326660e-01,1.623824983835220337e-02,-7.861402817070484161e-03
-4.791997909545898438e+00,-1.276842236518859863e+00,1.026717782020568848e+00,-1.396513357758522034e-02,1.055735512636601925e-03,9.997830390930175781e-01,-1.541881449520587921e-02,-6.137302517890930176e-02,4.656294733285903931e-02,1.224910244345664978e-01,1.800379157066345215e-01,-1.569693386554718018e-01,6.126860622316598892e-03,-1.349150240421295166e-01,-6.819332391023635864e-02,-1.313781589269638062e-01,2.902098298072814941e-01,-1.873655319213867188e-01,3.680054470896720886e-02,-6.690398324280977249e-03,1.289020180702209473e-01,1.708708703517913818e-01,-2.799335420131683350e-01,-1.931696981191635132e-01,6.033942103385925293e-02,1.317821443080902100e-01,-2.277206629514694214e-01,2.162789702415466309e-01,-2.291475534439086914e-01,1.292052417993545532e-01,1.636074110865592957e-02,-7.548321969807147980e-03
-4.791967868804931641e+00,-1.276832342147827148e+00,1.026707649230957031e+00,-1.391411200165748596e-02,1.059461268596351147e-03,9.997833967208862305e-01,-1.544073689728975296e-02,-6.119504943490028381e-02,4.655929654836654663e-02,1.224483177065849304e-01,1.798613816499710083e-01,-1.569204181432723999e-01,6.187487859278917313e-03,-1.348225921392440796e-01,-6.818515807390213013e-02,-1.314471811056137085e-01,2.901723384857177734e-01,-1.873753815889358521e-01,3.671360015869140625e-02,-6.661535706371068954e-03,1.288337260484695435e-01,1.708085983991622925e-01,-2.797153890132904053e-01,-1.931986808776855469e-01,6.053800880908966064e-02,1.317487210035324097e-01,-2.276947051286697388e-01,2.163691222667694092e-01,-2.290636897087097168e-01,1.290860325098037720e-01,1.644042693078517914e-02,-7.356405258178710938e-03
-4.791898250579833984e+00,-1.276782274246215820e+00,1.026697874069213867e+00,-1.385359745472669601e-02,1.065682619810104370e-03,9.997823238372802734e-01,-1.556385494768619537e-02,-6.121251732110977173e-02,4.659342765808105469e-02,1.222530975937843323e-01,1.798874139785766602e-01,-1.568833440542221069e-01,6.209396291524171829e-03,-1.347319781780242920e-01,-6.816869974136352539e-02,-1.316417604684829712e-01,2.901709675788879395e-01,-1.874050050973892212e-01,3.658655285835266113e-02,-6.580765824764966965e-03,1.287462860345840454e-01,1.707536876201629639e-01,-2.794470489025115967e-01,-1.932541579008102417e-01,6.069219857454299927e-02,1.317110508680343628e-01,-2.276616543531417847e-01,2.164091616868972778e-01,-2.289239317178726196e-01,1.288740336894989014e-01,1.651934534311294556e-02,-7.309840060770511627e-03
-4.791868209838867188e+00,-1.276762485504150391e+00,1.026687741279602051e+00,-1.383831910789012909e-02,1.045126235112547874e-03,9.997813105583190918e-01,-1.564446464180946350e-02,-6.120296195149421692e-02,4.664767533540725708e-02,1.221093684434890747e-01,1.797839850187301636e-01,-1.568281948566436768e-01,6.253313738852739334e-03,-1.346573233604431152e-01,-6.811913847923278809e-02,-1.318373531103134155e-01,2.900786697864532471e-01,-1.874054819345474243e-01,3.651682659983634949e-02,-6.558703258633613586e-03,1.286432594060897827e-01,1.707147061824798584e-01,-2.791566252708435059e-01,-1.933900266885757446e-01,6.085671856999397278e-02,1.316644251346588135e-01,-2.276253104209899902e-01,2.164291739463806152e-01,-2.288289666175842285e-01,1.286125928163528442e-01,1.655540987849235535e-02,-7.196579594165086746e-03
-4.791828155517578125e+00,-1.276732325553894043e+00,1.026687383651733398e+00,-1.380911841988563538e-02,1.049057696945965290e-03,9.997801780700683594e-01,-1.574220508337020874e-02,-6.111102551221847534e-02,4.665371030569076538e-02,1.219435259699821472e-01,1.796282082796096802e-01,-1.567749828100204468e-01,6.286477204412221909e-03,-1.345545202493667603e-01,-6.811800599098205566e-02,-1.320580840110778809e-01,2.900032103061676025e-01,-1.874060928821563721e-01,3.645189851522445679e-02,-6.615554448217153549e-03,1.285277456045150757e-01,1.706726849079132080e-01,-2.788971960544586182e-01,-1.934897601604461670e-01,6.105550378561019897e-02,1.315934360027313232e-01,-2.275917381048202515e-01,2.164153158664703369e-01,-2.287345230579376221e-01,1.283242851495742798e-01,1.653783395886421204e-02,-7.043524645268917084e-03
-4.791768074035644531e+00,-1.276692032814025879e+00,1.026687383651733398e+00,-1.374751608818769455e-02,1.062455703504383564e-03,9.997791647911071777e-01,-1.585945673286914825e-02,-6.107896938920021057e-02,4.666029661893844604e-02,1.217912808060646057e-01,1.795733124017715454e-01,-1.566942036151885986e-01,6.303320173174142838e-03,-1.344500780105590820e-01,-6.814047694206237793e-02,-1.323232203722000122e-01,2.899894118309020996e-01,-1.874085664749145508e-01,3.636880218982696533e-02,-6.694815121591091156e-03,1.284379661083221436e-01,1.706441193819046021e-01,-2.786870598793029785e-01,-1.936206966638565063e-01,6.128869950771331787e-02,1.315257102251052856e-01,-2.275552451610565186e-01,2.163338363170623779e-01,-2.286011576652526855e-01,1.280169188976287842e-01,1.645499654114246368e-02,-7.091604638844728470e-03
-4.791698455810546875e+00,-1.276652097702026367e+00,1.026677250862121582e+00,-1.374103128910064697e-02,1.061877701431512833e-03,9.997767210006713867e-01,-1.601736806333065033e-02,-6.121232733130455017e-02,4.670426622033119202e-02,1.215832978487014771e-01,1.795910000801086426e-01,-1.566340923309326172e-01,6.317869760096073151e-03,-1.343388408422470093e-01,-6.811818480491638184e-02,-1.326194405555725098e-01,2.898277640342712402e-01,-1.873885989189147949e-01,3.627626225352287292e-02,-6.755771581083536148e-03,1.283283084630966187e-01,1.706237643957138062e-01,-2.784267663955688477e-01,-1.937819421291351318e-01,6.149771809577941895e-02,1.314482986927032471e-01,-2.275003343820571899e-01,2.161506563425064087e-01,-2.284792810678482056e-01,1.276852339506149292e-01,1.632001809775829315e-02,-7.250294089317321777e-03
-4.791598320007324219e+00,-1.276612043380737305e+00,1.026677370071411133e+00,-1.373697444796562195e-02,1.048757694661617279e-03,9.997735023498535156e-01,-1.621995307505130768e-02,-6.141851469874382019e-02,4.676086828112602234e-02,1.211277395486831665e-01,1.797040551900863647e-01,-1.566292643547058105e-01,6.350087467581033707e-03,-1.342813074588775635e-01,-6.807556748390197754e-02,-1.329662054777145386e-01,2.896873056888580322e-01,-1.873450130224227905e-01,3.615727648138999939e-02,-6.739705335348844528e-03,1.281926780939102173e-01,1.706092804670333862e-01,-2.781835794448852539e-01,-1.938942223787307739e-01,6.157099083065986633e-02,1.314094513654708862e-01,-2.274506390094757080e-01,2.159619480371475220e-01,-2.283373773097991943e-01,1.272846311330795288e-01,1.619385927915573120e-02,-7.618918549269437790e-03
-4.791547775268554688e+00,-1.276571631431579590e+00,1.026666879653930664e+00,-1.370251644402742386e-02,1.053612097166478634e-03,9.997711181640625000e-01,-1.639464870095252991e-02,-6.151178106665611267e-02,4.678857326507568359e-02,1.207838580012321472e-01,1.797938048839569092e-01,-1.566219925880432129e-01,6.360717117786407471e-03,-1.341529488563537598e-01,-6.806917488574981689e-02,-1.332904696464538574e-01,2.895948588848114014e-01,-1.873621493577957153e-01,3.604962304234504700e-02,-6.905461195856332779e-03,1.280817091464996338e-01,1.706112027168273926e-01,-2.779852151870727539e-01,-1.939410865306854248e-01,6.163590028882026672e-02,1.313951015472412109e-01,-2.273928821086883545e-01,2.157450616359710693e-01,-2.281764447689056396e-01,1.269044578075408936e-01,1.588139496743679047e-02,-7.790492847561836243e-03
-4.791538238525390625e+00,-1.276541471481323242e+00,1.026666998863220215e+00,-1.370104309171438217e-02,1.057818299159407616e-03,9.997696280479431152e-01,-1.648675464093685150e-02,-6.164420768618583679e-02,4.680241271853446960e-02,1.206254661083221436e-01,1.798636764287948608e-01,-1.565873175859451294e-01,6.369854323565959930e-03,-1.340813636779785156e-01,-6.807120889425277710e-02,-1.335100829601287842e-01,2.894586622714996338e-01,-1.873335391283035278e-01,3.598747774958610535e-02,-7.088778540492057800e-03,1.279849112033843994e-01,1.706190854310989380e-01,-2.777959406375885010e-01,-1.939666569232940674e-01,6.172952428460121155e-02,1.313880383968353271e-01,-2.273423969745635986e-01,2.155748009681701660e-01,-2.279931604862213135e-01,1.265733987092971802e-01,1.544257439672946930e-02,-7.944317534565925598e-03
-4.791537761688232422e+00,-1.276531457901000977e+00,1.026666283607482910e+00,-1.371815335005521774e-02,1.067131757736206055e-03,9.997687339782714844e-01,-1.652592606842517853e-02,-6.157348677515983582e-02,4.678262025117874146e-02,1.205441653728485107e-01,1.796910166740417480e-01,-1.565370708703994751e-01,6.353328935801982880e-03,-1.339594572782516479e-01,-6.807769089937210083e-02,-1.336720138788223267e-01,2.892206311225891113e-01,-1.872959882020950317e-01,3.593538329005241394e-02,-7.229063659906387329e-03,1.278907209634780884e-01,1.706051826477050781e-01,-2.774785459041595459e-01,-1.939769983291625977e-01,6.180363148450851440e-02,1.313751339912414551e-01,-2.272855788469314575e-01,2.154043167829513550e-01,-2.278269827365875244e-01,1.263016909360885620e-01,1.483333110809326172e-02,-8.137006312608718872e-03
-4.791458129882812500e+00,-1.276491641998291016e+00,1.026666998863220215e+00,-1.370724570006132126e-02,1.072337036021053791e-03,9.997678399085998535e-01,-1.659086160361766815e-02,-6.165572255849838257e-02,4.679525271058082581e-02,1.203736513853073120e-01,1.796024590730667114e-01,-1.563950777053833008e-01,6.339619401842355728e-03,-1.339180618524551392e-01,-6.804193556308746338e-02,-1.337632387876510620e-01,2.890555858612060547e-01,-1.872071176767349243e-01,3.582012653350830078e-02,-7.279749028384685516e-03,1.278163194656372070e-01,1.706129461526870728e-01,-2.772006988525390625e-01,-1.939709037542343140e-01,6.181411817669868469e-02,1.313958466053009033e-01,-2.272397577762603760e-01,2.153027057647705078e-01,-2.276572287082672119e-01,1.260268390178680420e-01,1.447190158069133759e-02,-8.298774249851703644e-03
-4.791388034820556641e+00,-1.276451349258422852e+00,1.026666760444641113e+00,-1.369459275156259537e-02,1.087659969925880432e-03,9.997669458389282227e-01,-1.665481552481651306e-02,-6.169095635414123535e-02,4.679381847381591797e-02,1.202552914619445801e-01,1.795701086521148682e-01,-1.563281565904617310e-01,6.316896528005599976e-03,-1.338532119989395142e-01,-6.803601980209350586e-02,-1.338712871074676514e-01,2.888975441455841064e-01,-1.871337592601776123e-01,3.571983799338340759e-02,-7.359870709478855133e-03,1.277719885110855103e-01,1.706404983997344971e-01,-2.770104408264160156e-01,-1.940322220325469971e-01,6.178481876850128174e-02,1.315072327852249146e-01,-2.272644191980361938e-01,2.153753042221069336e-01,-2.274642139673233032e-01,1.257082521915435791e-01,1.390200760215520859e-02,-8.505533449351787567e-03
-4.791347980499267578e+00,-1.276441216468811035e+00,1.026666760444641113e+00,-1.371058821678161621e-02,1.102673704735934734e-03,9.997664093971252441e-01,-1.667042821645736694e-02,-6.170701608061790466e-02,4.675931110978126526e-02,1.202433183789253235e-01,1.794569641351699829e-01,-1.562418490648269653e-01,6.328126415610313416e-03,-1.338428407907485962e-01,-6.805945932865142822e-02,-1.339428573846817017e-01,2.887301146984100342e-01,-1.870492994785308838e-01,3.567116707563400269e-02,-7.542673498392105103e-03,1.277388930320739746e-01,1.706798821687698364e-01,-2.768529355525970459e-01,-1.940748989582061768e-01,6.175718829035758972e-02,1.315526664257049561e-01,-2.272426486015319824e-01,2.153359502553939819e-01,-2.273565083742141724e-01,1.254466474056243896e-01,1.329382043331861496e-02,-8.588640950620174408e-03
-4.791238307952880859e+00,-1.276421189308166504e+00,1.026677131652832031e+00,-1.372075453400611877e-02,1.110237324610352516e-03,9.997648596763610840e-01,-1.675630360841751099e-02,-6.189134344458580017e-02,4.674961045384407043e-02,1.200082823634147644e-01,1.794659197330474854e-01,-1.561522036790847778e-01,6.361201405525207520e-03,-1.339418143033981323e-01,-6.805980205535888672e-02,-1.340522021055221558e-01,2.886525988578796387e-01,-1.869346201419830322e-01,3.559405356645584106e-02,-7.539849728345870972e-03,1.276982277631759644e-01,1.707331091165542603e-01,-2.767225205898284912e-01,-1.941008567810058594e-01,6.161963567137718201e-02,1.315983086824417114e-01,-2.272208780050277710e-01,2.152939438819885254e-01,-2.272479981184005737e-01,1.251437216997146606e-01,1.275529712438583374e-02,-8.657217025756835938e-03
-4.791197776794433594e+00,-1.276411056518554688e+00,1.026676535606384277e+00,-1.375898439437150955e-02,1.138422754593193531e-03,9.997629523277282715e-01,-1.683675497770309448e-02,-6.205978617072105408e-02,4.667691513895988464e-02,1.197747066617012024e-01,1.793994307518005371e-01,-1.559948921203613281e-01,6.344573106616735458e-03,-1.339742243289947510e-01,-6.811634451150894165e-02,-1.341963410377502441e-01,2.885076701641082764e-01,-1.868686676025390625e-01,3.552572429180145264e-02,-7.629359140992164612e-03,1.276498585939407349e-01,1.707829982042312622e-01,-2.765371799468994141e-01,-1.940734684467315674e-01,6.137420237064361572e-02,1.316570043563842773e-01,-2.272114306688308716e-01,2.152485102415084839e-01,-2.271814346313476562e-01,1.248336657881736755e-01,1.229227054864168167e-02,-8.820698596537113190e-03
-4.791127681732177734e+00,-1.276401042938232422e+00,1.026686549186706543e+00,-1.379483845084905624e-02,1.168285380117595196e-03,9.997631311416625977e-01,-1.679167896509170532e-02,-6.209304928779602051e-02,4.659708216786384583e-02,1.197914555668830872e-01,1.792754828929901123e-01,-1.558908969163894653e-01,6.342579610645771027e-03,-1.340634822845458984e-01,-6.817863881587982178e-02,-1.341930627822875977e-01,2.883800864219665527e-01,-1.867692619562149048e-01,3.549661859869956970e-02,-7.864380255341529846e-03,1.276097744703292847e-01,1.708477884531021118e-01,-2.763542532920837402e-01,-1.940161138772964478e-01,6.108374148607254028e-02,1.316794455051422119e-01,-2.272244691848754883e-01,2.153511494398117065e-01,-2.271237820386886597e-01,1.246121823787689209e-01,1.187274605035781860e-02,-8.877398446202278137e-03
